"","Field_Name","frozen","storm","unique_storm_number","Q_start","Q_end","runoff_volume","peak_discharge","rain_in","duration","Ievent","I5","I10","I30","I60","ARFdays1","ARFdays2","ARFdays7","ARFdays14","BasinArea_ac","area_ft2","runoff_in"
"1","AO1","Frozen","Storm","2019-1","12/27/2018 16:51","12/28/2018 18:15",3000,0.0506,0.35,19.17,0.01826,0.24,0.12,0.1,0.08,0,0,0,0,22.2,967032,0.0372273099545827
"2","AO1","Frozen","Storm","2019-2","1/7/2019 14:27","1/8/2019 16:45",1030,0.0244,0.26,7.683,0.03384,0.24,0.12,0.12,0.1,0,0,0,0.35,22.2,967032,0.0127813764177401
"3","AO1","Frozen","Storm","2019-3","3/13/2019 0:30","3/28/2019 22:00",785700,3.145,1.23,51.87,0.02371,0.6,0.42,0.24,0.2,0,0,0,0,22.2,967032,9.7498324771052
"4","AO1","Frozen","Storm","2019-4","4/17/2019 20:54","4/18/2019 4:45",58920,4.81,1.44,8.883,0.1621,0.84,0.72,0.54,0.43,0,0,0,0.57,22.2,967032,0.731144367508004
"5","AO1","Non-Frozen","Storm","2019-5","6/15/2019 2:54","6/15/2019 4:00",946.4,0.7981,0.91,1.417,0.6424,2.52,2.28,1.5,0.9,0.97,0.97,2.15,2.2,22.2,967032,0.011743975380339
"6","AO1","Non-Frozen","Storm","2019-6","7/15/2019 21:50","7/15/2019 22:15",38.3,0.0631,0.68,2.2,0.3091,3,2.4,0.82,0.41,0.82,0.82,0.92,1.74,22.2,967032,0.000475268657086839
"7","AO1","Non-Frozen","Storm","2019-7","7/20/2019 1:34","7/20/2019 2:30",149.4,0.0938,1.03,0.8833,1.166,3.6,2.4,1.6,1.03,0.01,0.25,2.03,2.48,22.2,967032,0.00185392003573822
"8","AO1","Non-Frozen","Storm","2019-8","8/5/2019 22:50","8/5/2019 23:07",15.1,0.0303,0.46,0.75,0.6133,2.16,1.62,0.8,0.46,0.58,0.58,0.6,1.02,22.2,967032,0.000187377460104733
"9","AO1","Non-Frozen","Storm","2019-9","9/3/2019 11:16","9/3/2019 11:53",121.1,0.1119,0.81,1.983,0.4084,3.6,2.94,1.52,0.77,0.65,0.65,0.94,1.16,22.2,967032,0.00150274241183332
"10","AO1","Non-Frozen","Storm","2019-10","9/13/2019 2:56","9/13/2019 3:37",37.5,0.0267,0.63,4.617,0.1365,0.96,0.72,0.48,0.37,0.12,1.09,2.15,3.83,22.2,967032,0.000465341374432283
"11","AO1","Non-Frozen","Storm","2019-11","9/15/2019 4:25","9/15/2019 5:00",112.8,0.111,0.77,3.583,0.2149,1.92,1.62,1.02,0.56,0,0.7,2.93,4.62,22.2,967032,0.00139974685429231
"12","AO1","Frozen","Storm","2020-1","3/26/2020 19:15","3/30/2020 4:30",308900,3.709,0.83,38.82,0.02138,0.84,0.48,0.22,0.15,0,0,0.59,1.57,22.2,967032,3.8331720149902
"13","AO1","Frozen","Storm","2020-2","3/30/2020 16:15","3/31/2020 23:00",108800,6.622,0,NA,NA,NA,NA,NA,NA,0.02,0.48,1.42,2.4,22.2,967032,1.35011044101953
"14","AO1","Non-Frozen","Storm","2020-3","5/26/2020 20:30","5/26/2020 21:45",3021,1.685,1.13,2.233,0.506,4.32,3.18,1.1,0.57,0,0.03,0.1,0.99,22.2,967032,0.0374879011242648
"15","AO1","Non-Frozen","Storm","2020-4","6/10/2020 5:30","6/10/2020 8:15",3715,0.679,1.85,7.117,0.26,0.72,0.66,0.54,0.45,0,0,0.26,1.38,22.2,967032,0.0460998188270916
"16","AO1","Non-Frozen","Storm","2020-5","6/20/2020 10:51","6/20/2020 22:00",20930,2.662,2.77,13.42,0.2065,1.32,1.14,0.84,0.76,0.48,0.48,0.48,2.4,22.2,967032,0.259722532449805
"17","AO1","Non-Frozen","Storm","2020-6","7/14/2020 17:30","7/14/2020 18:15",327.4,0.3399,1.53,7.417,0.2063,3.84,3.6,1.76,0.95,0,0,1.08,2.28,22.2,967032,0.00406274042637679
"18","AO1","Non-Frozen","Storm","2020-7","7/18/2020 10:49","7/18/2020 11:45",741.3,0.5574,1.09,0.5667,1.924,6.24,4.86,2.14,1.09,0,0,1.74,3.84,22.2,967032,0.00919886828977738
"19","AO1","Non-Frozen","Storm","2020-8","7/26/2020 11:28","7/26/2020 22:45",135700,9.82,4.58,6.633,0.6905,4.8,4.62,3.06,1.84,0.07,0.07,0.46,3.77,22.2,967032,1.68391532027896
"20","AO1","Frozen","Storm","2021-1","3/9/2021","3/11/2021 11:00",261400,4.504,0.86,15.97,0.05386,0.6,0.48,0.36,0.26,0,0,0,0.04,22.2,967032,3.24373960737597
"21","AO1","Frozen","Storm","2022-1","12/16/2021 4:30","12/16/2021 8:15",5300,0.91,0.54,2.133,0.2531,2.4,1.32,0.58,0.51,0.06,0.06,0.06,0.06,22.2,967032,0.0657682475864294
"22","AO1","Frozen","Storm","2022-2","3/6/2022 5:01","3/6/2022 21:44",1524,0.0453,0.89,19.9,0.04472,0.96,0.66,0.36,0.32,0,0,0,0,22.2,967032,0.018911473456928
"23","AO1","Frozen","Storm","2022-3","3/16/2022 20:45","3/20/2022 21:15",272700,1.995,0,NA,NA,NA,NA,NA,NA,0,0,0,0.89,22.2,967032,3.38396247487157
"24","AO1","Frozen","Storm","2022-4","3/23/2022 6:45","3/23/2022 13:30",6481,0.6326,0,NA,NA,NA,NA,NA,NA,0.07,0.37,0.37,0.37,22.2,967032,0.0804233986052168
"25","AO1","Frozen","Storm","2022-5","4/1/2022 19:15","4/2/2022 7:15",5562,0.531,0,NA,NA,NA,NA,NA,NA,0,0.03,0.06,1.7,22.2,967032,0.0690194326557963
"26","AO1","Frozen","Storm","2022-6","4/2/2022 17:15","4/3/2022 3:30",1204,0.0741,0.07,11.2,0.00625,0.12,0.06,0.02,0.02,0,0,0.06,1.7,22.2,967032,0.0149405603951058
"27","AO1","Frozen","Storm","2022-7","4/3/2022 16:45","4/3/2022 19:45",177.8,0.0262,0,NA,NA,NA,NA,NA,NA,0.05,0.07,0.13,1.77,22.2,967032,0.00220633856997493
"28","AO1","Frozen","Storm","2022-8","4/4/2022 22:00","4/5/2022",216.9,0.0582,0,NA,NA,NA,NA,NA,NA,0.04,0.08,0.17,1.52,22.2,967032,0.00269153450971633
"29","AO1","Frozen","Storm","2022-9","4/6/2022 8:45","4/6/2022 12:00",133.1,0.0228,0.38,8.233,0.04615,0.24,0.18,0.14,0.11,0.01,0.05,0.18,1.45,22.2,967032,0.00165165165165165
"30","AO1","Frozen","Storm","2023-1","2/15/2023 6:45","2/17/2023 0:36",26930,1.024,0.67,15.12,0.04432,0.48,0.42,0.22,0.15,0,0,0,0,22.2,967032,0.334177152358971
"31","AO1","Frozen","Storm","2023-2","3/27/2023 18:45","3/28/2023 0:56",280.5,0.0228,0,NA,NA,NA,NA,NA,NA,0,0,0,0.18,22.2,967032,0.00348075348075348
"32","AO1","Frozen","Storm","2023-3","3/31/2023 11:22","4/1/2023 8:59",3083,0.0773,1.57,19.83,0.07916,0.48,0.42,0.36,0.33,0,0,0,0,22.2,967032,0.0382572655299928
"33","AO1","Frozen","Storm","2023-4","4/3/2023 15:56","4/11/2023 23:30",892400,11.34,0.51,22.05,0.02313,0.96,0.54,0.34,0.28,0,0,1.57,1.57,22.2,967032,11.0738838011565
"34","AO1","Non-Frozen","Storm","2023-5","6/3/2023 20:48","6/3/2023 21:11",34.5,0.0588,0.81,0.7167,1.13,4.44,3.6,1.54,0.81,0,0,0,0,22.2,967032,0.000428114064477701
"35","AO1","Non-Frozen","Storm","2023-6","7/29/2023 0:56","7/29/2023 2:00",1165,0.6054,1.41,1.083,1.302,2.64,2.46,1.38,1.34,0.7,0.7,1.47,2.29,22.2,967032,0.0144566053656963
"36","AO3","Frozen","Storm","2021-1","3/11/2021 2:15","3/12/2021 3:04",158800,5.964,0.19,1.933,0.09828,0.48,0.36,0.24,0.14,0.62,0.62,0.62,0.64,22.4,975744,1.95297127115309
"37","AO3","Non-Frozen","Storm","2021-2","4/7/2021 3:58","4/7/2021 4:42",94,0.09639,0.8,2.25,0.3556,2.64,1.74,0.82,0.7,0.5,0.5,0.5,1.17,22.4,975744,0.0011560409287682
"38","AO3","Non-Frozen","Storm","2021-3","5/25/2021 1:24","5/26/2021 2:08",16760,12.89,1.11,24.23,0.0458,3.36,1.86,0.82,0.5,0.02,0.04,0.86,1.02,22.4,975744,0.20611963793782
"39","AO3","Non-Frozen","Storm","2021-4","5/27/2021 21:55","5/28/2021 2:45",93.2,0.01161,0.49,9.083,0.05394,0.12,0.12,0.1,0.08,0,0.64,1.36,2.13,22.4,975744,0.00114620228256592
"40","AO3","Non-Frozen","Storm","2021-5","5/31/2021 21:30","6/1/2021 1:37",15350,6.924,0.66,2.383,0.2769,1.68,1.26,0.78,0.41,0,0.02,1.62,2.48,22.4,975744,0.188779024006297
"41","AO3","Non-Frozen","Storm","2021-6","6/9/2021 1:15","6/9/2021 3:18",14810,10.71,0.79,2.533,0.3118,1.44,1.26,0.94,0.63,0,0,0.04,1.25,22.4,975744,0.182137937819756
"42","AO3","Non-Frozen","Storm","2021-7","6/10/2021 23:57","6/11/2021 20:57",24040,14.42,0.33,20.55,0.01606,0.48,0.3,0.16,0.11,0,0.8,0.8,1.59,22.4,975744,0.295651318378591
"43","AO3","Non-Frozen","Storm","2021-8","6/21/2021 2:11","6/21/2021 6:00",14640,6.433,1.01,8.317,0.1214,0.96,0.72,0.62,0.44,0,0.02,0.1,1.23,22.4,975744,0.180047225501771
"44","AO3","Non-Frozen","Storm","2021-9","6/27/2021 7:11","6/27/2021 9:15",180,0.05117,0.58,9.1,0.06374,0.36,0.36,0.2,0.15,0.12,0.12,1.45,1.55,22.4,975744,0.00221369539551358
"45","AO3","Non-Frozen","Storm","2021-10","6/29/2021 20:18","6/29/2021 22:25",4385,3.643,0.93,1.85,0.5027,3.96,3.18,1.58,0.86,0.16,0.16,1.21,2.3,22.4,975744,0.0539280794962613
"46","AO3","Non-Frozen","Storm","2021-11","7/5/2021 19:54","7/5/2021 21:07",1003,1.594,0.37,0.2333,1.586,2.4,1.98,0.74,0.37,0,0,1.1,2.15,22.4,975744,0.0123352026761118
"47","AO3","Non-Frozen","Storm","2021-12","7/6/2021 20:50","7/7/2021 17:00",7483,3.867,1.54,19.33,0.07966,4.2,2.88,1,0.5,0.06,0.43,0.55,2.58,22.4,975744,0.0920282369146006
"48","AO3","Non-Frozen","Storm","2021-13","7/14/2021 20:50","7/15/2021 2:45",298.8,0.09417,0.63,6.467,0.09742,0.84,0.6,0.44,0.28,0,0,0,1.97,22.4,975744,0.00367473435655254
"49","AO3","Non-Frozen","Storm","2021-14","7/20/2021 8:15","7/24/2021 15:00",6758,2.775,1.03,31.62,0.03258,1.68,1.56,0.94,0.65,0,0,0,0.66,22.4,975744,0.083111963793782
"50","AO3","Non-Frozen","Storm","2021-15","7/27/2021 7:48","7/27/2021 13:30",2591,0.8418,0.9,7.1,0.1268,1.08,1.02,0.6,0.37,0,0,1.03,1.69,22.4,975744,0.0318649153876427
"51","AO3","Non-Frozen","Storm","2021-16","7/29/2021 1:53","7/29/2021 4:45",423,0.3547,0.25,1.817,0.1376,0.84,0.6,0.34,0.21,0.05,0.95,1.98,2.14,22.4,975744,0.00520218417945691
"52","AO3","Non-Frozen","Storm","2021-17","8/8/2021 2:06","8/9/2021 10:45",14440,5.649,2.63,37.42,0.07029,4.44,3.3,1.3,0.8,0,0.04,0.1,1.31,22.4,975744,0.1775875639512
"53","AO3","Non-Frozen","Storm","2021-18","8/11/2021 18:20","8/11/2021 21:45",4327,3.316,0.63,1.6,0.3938,3.12,2.52,1.22,0.61,0,0,2.67,3.04,22.4,975744,0.0532147776465958
"54","AO3","Non-Frozen","Storm","2021-19","8/24/2021 15:59","8/24/2021 20:00",915,0.2588,0.67,3.817,0.1755,1.08,0.66,0.34,0.29,0,0,0,0.65,22.4,975744,0.0112529515938607
"55","AO3","Non-Frozen","Storm","2021-20","8/27/2021 6:43","8/27/2021 20:45",412.4,0.09207,0.64,16.35,0.03914,0.36,0.3,0.24,0.22,0,0,0.67,0.67,22.4,975744,0.00507182211727666
"56","AO3","Non-Frozen","Storm","2021-21","8/29/2021 6:21","8/29/2021 12:00",5523,3.109,0.68,4.167,0.1632,2.64,2.04,0.98,0.55,0,0.64,1.46,1.46,22.4,975744,0.0679235537190083
"57","AO3","Non-Frozen","Storm","2021-22","9/7/2021 10:23","9/7/2021 12:30",1282,0.8109,0.36,0.5833,0.6171,1.68,1.26,0.68,0.36,0,0.02,0.14,2.28,22.4,975744,0.0157664305391578
"58","AO3","Non-Frozen","Storm","2021-23","9/14/2021 8:45","9/14/2021 10:30",122.2,0.08048,0.22,1.083,0.2031,0.72,0.48,0.3,0.19,0,0,0.37,0.51,22.4,975744,0.00150285320739866
"59","AO3","Non-Frozen","Storm","2021-24","9/21/2021 1:55","9/21/2021 5:15",14520,6.473,1.01,3.283,0.3076,3,2.52,1.6,0.92,0,0,0.22,0.59,22.4,975744,0.178571428571429
"60","AO3","Non-Frozen","Storm","2021-25","9/24/2021 23:53","9/25/2021 2:45",209,0.0553,0.39,3.1,0.1258,0.36,0.3,0.26,0.21,0,0,1.01,1.23,22.4,975744,0.00257034632034632
"61","AO3","Non-Frozen","Storm","2022-1","10/3/2021 22:04","10/3/2021 23:15",316.4,0.2405,0.29,1.133,0.2559,1.68,0.96,0.54,0.28,0.01,0.29,0.29,1.69,22.4,975744,0.00389118457300276
"62","AO3","Non-Frozen","Storm","2022-2","10/12/2021 6:49","10/12/2021 9:30",266.1,0.1024,0.59,6.917,0.0853,0.72,0.72,0.54,0.36,0.02,0.05,0.06,0.65,22.4,975744,0.00327257969303424
"63","AO3","Non-Frozen","Storm","2022-3","11/11/2021 16:30","11/11/2021 19:15",124.3,0.0273,0.48,3.5,0.1371,0.36,0.3,0.22,0.19,0.29,0.29,0.29,0.34,22.4,975744,0.00152867965367965
"64","AO3","Frozen","Storm","2022-4","12/16/2021 4:56","12/16/2021 20:52",6319,0.3702,0.51,3.15,0.1619,2.4,1.32,0.54,0.47,0.05,0.05,0.05,0.05,22.4,975744,0.0777130066902794
"65","AO3","Frozen","Storm","2022-5","3/8/2022 22:15","3/9/2022 5:45",322.7,0.0166,0,NA,NA,NA,NA,NA,NA,0,0,0.7,0.7,22.4,975744,0.00396866391184573
"66","AO3","Frozen","Storm","2022-6","3/17/2022 8:15","3/26/2022 13:08",136900,1.354,1.36,106,0.01284,0.6,0.6,0.48,0.36,0,0,0,0,22.4,975744,1.6836383313656
"67","AO3","Frozen","Storm","2022-7","3/31/2022 1:00","4/12/2022 3:09",209400,2.911,0.88,131.3,0.006702,0.36,0.18,0.16,0.13,0,0,0.4,1.76,22.4,975744,2.57526564344746
"68","AO3","Frozen","Storm","2022-8","4/12/2022 15:00","4/14/2022 5:41",34390,4.719,0.88,29.45,0.02988,1.8,1.2,0.68,0.39,0,0,0.72,1.28,22.4,975744,0.422938803620622
"69","AO3","Frozen","Storm","2022-9","4/15/2022 21:00","4/16/2022 4:15",474.1,0.0862,0,NA,NA,NA,NA,NA,NA,0.03,0.27,0.96,1.84,22.4,975744,0.00583062770562771
"70","AO3","Non-Frozen","Storm","2022-10","4/19/2022 18:15","4/19/2022 22:45",492.6,0.1306,0,NA,NA,NA,NA,NA,NA,0.1,0.12,1.08,1.8,22.4,975744,0.00605814639905549
"71","AO3","Non-Frozen","Storm","2022-11","4/20/2022 23:06","4/21/2022 10:30",10880,1.602,0.42,5.817,0.07221,0.48,0.36,0.24,0.18,0,0,0.33,1.25,22.4,975744,0.133805588351043
"72","AO3","Non-Frozen","Storm","2022-12","4/24/2022 6:30","4/24/2022 7:46",219.3,0.1017,0.14,1.3,0.1077,0.96,0.6,0.26,0.13,0.02,0.04,0.58,1.54,22.4,975744,0.00269701889020071
"73","AO3","Non-Frozen","Storm","2022-13","4/30/2022 19:30","5/1/2022 4:05",2623,0.6086,1.06,8.317,0.1275,1.2,1.02,0.68,0.43,0.01,0.01,0.2,0.77,22.4,975744,0.032258461235734
"74","AO3","Non-Frozen","Storm","2022-14","5/12/2022 8:08","5/13/2022 1:00",2924,1.36,1.14,17.6,0.06477,2.4,1.74,0.7,0.43,0,0.02,0.02,1.3,22.4,975744,0.0359602518693428
"75","AO3","Non-Frozen","Storm","2022-15","5/19/2022 2:37","5/19/2022 3:45",307.5,0.1419,0.44,1.733,0.2538,0.72,0.48,0.28,0.27,0.02,0.02,1.21,1.23,22.4,975744,0.00378172963400236
"76","AO3","Non-Frozen","Storm","2022-16","5/20/2022 0:15","5/20/2022 15:00",23600,6.58,1.47,17.9,0.08212,2.4,1.86,0.92,0.66,0.45,0.47,1.01,1.68,22.4,975744,0.290240062967336
"77","AO3","Non-Frozen","Storm","2022-17","6/15/2022 22:57","6/16/2022 1:45",5535,2.665,0.53,2.183,0.2427,3.12,1.98,0.94,0.52,0.02,0.16,0.72,0.88,22.4,975744,0.0680711334120425
"78","AO3","Non-Frozen","Storm","2022-18","7/4/2022 18:36","7/5/2022 1:15",3934,1.542,0.57,5.183,0.11,2.16,1.92,0.8,0.45,0,0,0.32,0.36,22.4,975744,0.0483815426997245
"79","AO3","Non-Frozen","Non-storm","2022-19","7/28/2022 7:00","7/28/2022 16:00",6222,0.2875,0,NA,NA,NA,NA,NA,NA,0,0.08,0.7,1.07,22.4,975744,0.0765200708382527
"80","AO3","Non-Frozen","Storm","2022-20","8/1/2022 6:00","8/1/2022 6:30",32.8,0.036,0.22,0.2833,0.7765,1.32,0.78,0.44,0.22,0,0,0.08,0.93,22.4,975744,0.000403384494293585
"81","AO3","Non-Frozen","Storm","2022-21","8/3/2022 9:00","8/3/2022 11:00",1688,0.7924,0.38,4.283,0.08872,2.16,1.38,0.58,0.31,0.01,0.15,0.24,1.01,22.4,975744,0.0207595434868162
"82","AO3","Non-Frozen","Non-storm","2022-22","8/4/2022 3:15","8/4/2022 7:30",4891,0.6011,0,NA,NA,NA,NA,NA,NA,0.4,0.41,0.64,1.34,22.4,975744,0.060151023219205
"83","AO3","Non-Frozen","Storm","2022-23","8/5/2022 5:45","8/5/2022 10:45",2566,0.4026,0,NA,NA,NA,NA,NA,NA,0,0.38,0.64,1.34,22.4,975744,0.0315574576938213
"84","AO3","Non-Frozen","Storm","2022-24","8/7/2022 3:22","8/8/2022 12:30",33800,9.316,1.53,31.75,0.04819,2.04,1.44,1.04,0.86,0,0,0.64,1.09,22.4,975744,0.415682802046438
"85","AO3","Non-Frozen","Storm","2022-25","8/13/2022 8:16","8/13/2022 16:45",5875,2.226,0.99,8.7,0.1138,2.28,1.5,0.62,0.36,0,0,1.53,2.17,22.4,975744,0.0722525580480126
"86","AO3","Non-Frozen","Storm","2022-26","8/28/2022 19:43","8/28/2022 21:00",747.3,0.4855,0.76,3.767,0.2018,1.44,1.08,0.86,0.56,0.28,0.36,0.49,0.75,22.4,975744,0.0091905253837072
"87","AO3","Non-Frozen","Storm","2022-27","8/29/2022 9:35","8/29/2022 11:00",819.3,0.5814,0.24,0.1667,1.44,2.28,1.38,0.48,0.24,0.79,1.12,1.25,1.51,22.4,975744,0.0100760035419126
"88","AO3","Non-Frozen","Storm","2023-1","11/5/2022 14:36","11/5/2022 20:11",1379,0.2635,1.6,19.62,0.08156,0.72,0.66,0.4,0.32,0.08,0.08,0.08,0.68,22.4,975744,0.0169593663911846
"89","AO3","Non-Frozen","Storm","2023-2","11/9/2022 11:48","11/9/2022 12:45",170.1,0.1119,0.35,5.1,0.06863,1.2,0.66,0.36,0.21,0,0,1.77,1.77,22.4,975744,0.00209194214876033
"90","AO3","Non-Frozen","Storm","2023-3","11/10/2022 22:48","11/11/2022 1:30",3722,0.9588,0.78,1.65,0.4727,1.44,1.14,0.78,0.57,0,0.35,2.12,2.12,22.4,975744,0.0457743014561196
"91","AO3","Frozen","Storm","2023-4","2/15/2023 10:24","2/17/2023 3:27",104600,2.779,0.77,16.77,0.04592,0.36,0.36,0.2,0.17,0,0,0,0,22.4,975744,1.28640299094845
"92","AO3","Frozen","Storm","2023-5","3/31/2023 17:45","4/1/2023 10:46",3764,0.0947,1.48,20.43,0.07243,0.48,0.48,0.34,0.27,0,0,0,0,22.4,975744,0.0462908303817395
"93","AO3","Frozen","Storm","2023-6","4/3/2023 19:34","4/13/2023 5:15",371600,6.117,0.48,19.28,0.02489,0.84,0.6,0.36,0.27,0,0,1.48,1.48,22.4,975744,4.57005116096025
"94","AO3","Frozen","Storm","2023-7","4/13/2023 15:15","4/14/2023 0:15",3398,0.1986,0,NA,NA,NA,NA,NA,NA,0,0,0,1.96,22.4,975744,0.0417896497441952
"95","AO3","Non-Frozen","Storm","2023-8","4/14/2023 16:30","4/15/2023 1:30",404,0.02,0,NA,NA,NA,NA,NA,NA,0,0,0,1.21,22.4,975744,0.0049685163321527
"96","AO3","Non-Frozen","Storm","2023-9","4/15/2023 16:30","4/16/2023 0:45",242.6,0.0143,0.24,1.4,0.1714,1.8,1.2,0.4,0.2,0,0,0,0.48,22.4,975744,0.00298356946084219
"97","AO3","Non-Frozen","Storm","2023-10","4/16/2023 8:09","4/16/2023 13:00",167.4,0.0298,0.49,3.783,0.1295,0.84,0.72,0.5,0.34,0.25,0.25,0.25,0.73,22.4,975744,0.00205873671782763
"98","AO3","Non-Frozen","Storm","2023-11","7/5/2023 8:56","7/5/2023 10:53",3369,2.175,0.72,2.017,0.357,3.6,2.58,1.04,0.58,0,0,0,0.75,22.4,975744,0.0414329988193625
"99","AO3","Non-Frozen","Storm","2023-12","7/11/2023 2:27","7/11/2023 3:30",985.1,0.8924,0.44,1.217,0.3616,1.8,1.32,0.76,0.43,0.01,0.01,0.78,0.78,22.4,975744,0.0121150629673357
"100","AO3","Non-Frozen","Storm","2023-13","7/24/2023 19:46","7/24/2023 23:15",15930,3.916,0.02,2.1,0.009524,0.12,0.06,0.02,0.01,0,0.7,1.25,2.1,22.4,975744,0.195912042502952
"101","AO3","Non-Frozen","Storm","2023-14","7/28/2023 0:55","7/28/2023 5:25",23310,8.058,0.7,4.067,0.1721,2.28,1.62,0.88,0.49,0,0.06,0.97,1.4,22.4,975744,0.286673553719008
"102","AO3","Non-Frozen","Storm","2023-15","7/29/2023 0:45","7/29/2023 5:15",16930,4.646,1.42,1.45,0.9793,2.64,2.46,1.38,1.34,0.7,0.7,1.61,2.1,22.4,975744,0.208210350255805
"103","AO3","Non-Frozen","Storm","2023-16","8/17/2023 5:25","8/17/2023 8:45",15410,4.261,0.88,1.683,0.5228,1.56,1.2,0.84,0.83,0,0,0.5,0.79,22.4,975744,0.189516922471468
"104","AO3","Non-Frozen","Storm","2023-17","9/6/2023 18:57","9/6/2023 20:09",597.9,0.3564,0.5,3.85,0.1299,0.72,0.6,0.52,0.33,0.46,0.46,0.47,0.54,22.4,975744,0.00735315820543093
"105","AO3","Non-Frozen","Storm","2023-18","9/10/2023 10:47","9/10/2023 11:55",479.3,0.2195,0.72,5.533,0.1301,0.72,0.6,0.48,0.36,0,0,1.03,1.11,22.4,975744,0.00589457890594254
"106","AR1","Non-Frozen","Storm","2017-1","10/26/2016 12:23","10/26/2016 14:45",224.7,0.04591,1.4,8.95,0.1564,0.6,0.54,0.46,0.41,0,0,0,0,18.5,805860,0.00334599061871789
"107","AR1","Non-Frozen","Storm","2017-2","11/2/2016 13:13","11/2/2016 14:45",290.6,0.1655,1.01,5.783,0.1746,2.64,2.1,1.02,0.6,0,0,1.15,1.61,18.5,805860,0.00432730250912069
"108","AR1","Frozen","Storm","2017-3","1/16/2017 17:45","1/17/2017 22:30",3368,0.3365,0.21,14.67,0.01432,0.24,0.24,0.18,0.14,0.01,0.01,0.47,0.47,18.5,805860,0.0501526319708138
"109","AR1","Frozen","Storm","2017-4","1/19/2017 23:30","1/20/2017 15:15",6440,0.8096,0.25,11.98,0.02086,0.24,0.18,0.12,0.09,0,0,0.22,0.68,18.5,805860,0.095897550443005
"110","AR1","Non-Frozen","Storm","2017-5","5/1/2017 3:21","5/1/2017 6:45",955.1,0.3756,0.85,6.517,0.1304,1.32,0.9,0.58,0.52,0.29,0.49,1.57,1.81,18.5,805860,0.0142223214950488
"111","AR1","Non-Frozen","Storm","2017-6","5/17/2017 23:33","5/18/2017 1:15",3398,1.586,0.83,0.35,2.371,5.16,4.38,1.66,0.83,0,0.6,0.73,1.54,18.5,805860,0.0505993596902688
"112","AR1","Non-Frozen","Storm","2017-7","5/18/2017 3:20","5/18/2017 4:15",75.1,0.0465,0.25,0.5167,0.4839,1.08,0.78,0.48,0.25,0.83,0.98,1.43,2.37,18.5,805860,0.00111830839103566
"113","AR1","Non-Frozen","Storm","2017-8","5/20/2017 16:03","5/20/2017 17:04",103.2,0.04776,0.44,2.567,0.1714,0.6,0.6,0.46,0.33,0.23,0.23,1.91,2.64,18.5,805860,0.00153674335492517
"114","AR1","Non-Frozen","Storm","2017-9","5/21/2017 7:41","5/21/2017 9:15",1292,0.5709,0.37,0.2667,1.388,2.76,1.86,0.74,0.37,0.62,0.85,2.53,3.26,18.5,805860,0.0192390737845283
"115","AR1","Non-Frozen","Storm","2017-10","5/23/2017 0:19","5/23/2017 2:00",1370,0.5847,0.45,0.6333,0.7105,2.28,1.92,0.84,0.45,0,0.37,2.9,3.63,18.5,805860,0.0204005658551113
"116","AR1","Non-Frozen","Storm","2017-11","5/23/2017 19:24","5/23/2017 22:10",21280,5.544,1.16,2.683,0.4323,3.24,2.28,1.26,1.02,0.45,0.45,2.75,3.76,18.5,805860,0.316878862333408
"117","AR1","Non-Frozen","Storm","2017-12","5/28/2017 11:34","5/28/2017 13:45",687.5,0.3416,0.63,2,0.315,3.24,1.98,0.78,0.45,0,0.26,1.98,4.88,18.5,805860,0.0102375102375102
"118","AR1","Non-Frozen","Storm","2017-13","6/23/2017 8:08","6/23/2017 8:41",109.6,0.09291,0.96,0.95,1.011,2.52,1.98,1.54,0.96,0,0,1.3,1.51,18.5,805860,0.0016320452684089
"119","AR1","Non-Frozen","Storm","2017-14","6/29/2017 6:01","6/29/2017 7:30",2774,1.165,1.44,5.55,0.2595,3.96,2.46,1.04,0.73,0.13,0.13,1.36,2.67,18.5,805860,0.0413074231256049
"120","AR1","Non-Frozen","Storm","2017-15","7/12/2017 11:15","7/12/2017 14:45",6510,2.475,1.84,7.25,0.2538,4.92,3.24,1.96,1.14,0.1,1.46,1.48,3.73,18.5,805860,0.0969399151217333
"121","AR1","Non-Frozen","Storm","2017-16","7/16/2017 6:52","7/16/2017 8:30",6341,2.868,1.12,0.8333,1.344,4.08,3.72,2.16,1.12,0,0,3.37,3.93,18.5,805860,0.0944233489688035
"122","AR1","Non-Frozen","Storm","2017-17","7/20/2017 8:52","7/20/2017 12:45",12920,4.354,2.64,10.3,0.2563,3.72,3.06,1.28,0.69,0,0,1.12,4.49,18.5,805860,0.192390737845283
"123","AR1","Non-Frozen","Storm","2017-18","7/21/2017 23:32","7/22/2017 1:15",17030,7.01,1.36,1.783,0.7626,5.76,5.34,2.66,1.35,0.02,2.66,3.78,7.15,18.5,805860,0.253592435410617
"124","AR1","Non-Frozen","Storm","2017-19","7/27/2017 2:17","7/27/2017 4:00",9629,4.283,1.63,1.767,0.9226,4.08,3.96,2.42,1.52,0,0,4.8,5.92,18.5,805860,0.143384707021071
"125","AR1","Non-Frozen","Storm","2017-20","8/10/2017 20:33","8/10/2017 22:15",2130,0.71,0.61,0.3667,1.664,3.48,3.06,1.22,0.61,0.05,0.05,0.26,0.26,18.5,805860,0.0317176680813044
"126","AR1","Frozen","Storm","2018-1","1/20/2018 22:45","1/21/2018 10:45",1223,0.04839,0,NA,NA,NA,NA,NA,NA,0,0,0,0.22,18.5,805860,0.0182116000297818
"127","AR1","Frozen","Storm","2018-2","1/21/2018 23:30","1/25/2018 7:45",109900,4.322,1.64,25.67,0.0639,0.84,0.48,0.34,0.32,0,0,0,0.22,18.5,805860,1.63651254560345
"128","AR1","Frozen","Storm","2018-3","1/25/2018 18:30","1/28/2018 4:30",16060,0.7414,0.02,0.1833,0.1091,0.12,0.06,0.04,0.02,0,0,1.64,1.64,18.5,805860,0.239148239148239
"129","AR1","Frozen","Storm","2018-4","2/15/2018 3:45","2/17/2018 9:45",28610,0.5596,0,NA,NA,NA,NA,NA,NA,0,0,0,0,18.5,805860,0.426029335120244
"130","AR1","Frozen","Storm","2018-5","2/19/2018 17:45","2/21/2018 17:30",165200,6.36,1.63,29.08,0.05605,0.72,0.48,0.32,0.31,0,0,0,0,18.5,805860,2.45998064179882
"131","AR1","Frozen","Storm","2018-6","2/22/2018 21:15","2/26/2018 3:30",37340,1.76,0.31,43.78,0.00708,0.72,0.42,0.22,0.15,0,0,1.63,1.63,18.5,805860,0.556027101481647
"132","AR1","Non-Frozen","Storm","2018-7","4/15/2018","4/15/2018 0:45",100.2,0.08333,0,NA,NA,NA,NA,NA,NA,0.24,0.3,0.49,0.56,18.5,805860,0.00149207058297967
"133","AR1","Non-Frozen","Storm","2018-8","6/16/2018 6:18","6/16/2018 7:01",130.3,0.1054,1.09,0.95,1.147,2.88,2.58,1.76,1.09,0.32,0.32,1.73,2.08,18.5,805860,0.00194028739483285
"134","AR1","Non-Frozen","Storm","2018-9","6/19/2018 13:20","6/19/2018 13:54",67.7,0.05749,0.5,0.8,0.625,2.04,1.56,0.86,0.5,0.91,0.91,2.39,3.84,18.5,805860,0.0010081155535701
"135","AR1","Non-Frozen","Storm","2018-10","7/1/2018 20:30","7/1/2018 22:30",1495,0.4822,0.66,2.583,0.2555,1.44,1.02,0.66,0.48,0.22,0.22,1.27,3.57,18.5,805860,0.0222619313528404
"136","AR1","Non-Frozen","Storm","2018-11","7/20/2018 4:47","7/20/2018 5:15",38.1,0.0406,1.22,2.75,0.4436,1.92,1.38,0.86,0.59,0,0,0.75,0.75,18.5,805860,0.00056734420370784
"137","AR1","Non-Frozen","Storm","2018-12","8/9/2018 22:51","8/10/2018 1:00",5981,1.94,1.13,1.15,0.9826,3.12,2.76,1.66,1.12,0,0,0.84,1.18,18.5,805860,0.0890626163353436
"138","AR1","Non-Frozen","Storm","2018-13","8/17/2018 4:03","8/17/2018 7:00",31610,10.19,1.45,2.383,0.6084,3.48,2.82,2.16,1.35,0.37,0.56,0.56,2.53,18.5,805860,0.470702107065743
"139","AR1","Non-Frozen","Storm","2018-14","8/20/2018 19:12","8/20/2018 19:45",46,0.03556,0.56,0.8667,0.6462,2.64,1.98,1.02,0.56,0,0,2.09,3.24,18.5,805860,0.000684982503164321
"140","AR1","Non-Frozen","Storm","2018-15","9/1/2018 14:06","9/1/2018 17:30",297.6,0.04119,0.62,3.883,0.1597,0.48,0.36,0.22,0.2,0,0,1.23,2.33,18.5,805860,0.00443153897699352
"141","AR1","Non-Frozen","Storm","2018-16","9/2/2018 6:35","9/2/2018 11:30",3037,0.372,0.4,2.4,0.1667,0.84,0.66,0.42,0.25,0.62,0.62,1.85,2.95,18.5,805860,0.045223736132827
"142","AR1","Non-Frozen","Storm","2018-17","9/2/2018 23:43","9/3/2018 5:30",23200,6.514,0.89,5.183,0.1717,2.28,1.86,1.22,0.69,0.4,1.02,2.25,3.35,18.5,805860,0.345469436378527
"143","AR1","Non-Frozen","Storm","2018-18","9/3/2018 14:53","9/4/2018 2:00",39860,8.518,1.1,8.233,0.1336,1.44,1.38,0.88,0.49,0.89,1.77,2.87,4.24,18.5,805860,0.593552229915866
"144","AR1","Non-Frozen","Storm","2018-19","9/5/2018 17:30","9/6/2018 0:15",381,0.03556,0.47,6.55,0.07176,1.32,1.02,0.38,0.19,0.01,0.37,3.02,4.32,18.5,805860,0.0056734420370784
"145","AR1","Non-Frozen","Storm","2018-20","9/20/2018 8:53","9/20/2018 13:30",22620,6.65,1.69,3.917,0.4315,3.12,2.34,1.32,0.82,0.16,0.54,0.54,0.54,18.5,805860,0.336832700469064
"146","AR1","Non-Frozen","Storm","2018-21","10/1/2018 3:07","10/1/2018 8:05",954.1,0.1655,0.84,8.183,0.1026,1.08,0.78,0.4,0.27,0.44,0.47,1.83,4.13,18.5,805860,0.0142074305710669
"147","AR1","Non-Frozen","Storm","2019-1","10/2/2018 0:39","10/2/2018 6:15",24300,4.412,0.85,3.883,0.2189,3,1.98,0.86,0.51,1.04,1.47,2.88,5.18,18.5,805860,0.361849452758544
"148","AR1","Non-Frozen","Storm","2019-2","10/6/2018 5:58","10/6/2018 11:45",25990,3.881,1.05,8.667,0.1212,1.2,0.96,0.58,0.48,0.28,0.36,2.74,4.1,18.5,805860,0.387015114287842
"149","AR1","Frozen","Storm","2019-3","12/27/2018 14:32","12/28/2018 0:45",11140,1.328,0.59,15.95,0.03699,0.24,0.24,0.14,0.14,0,0,0.22,0.23,18.5,805860,0.16588489315762
"150","AR1","Frozen","Storm","2019-4","12/28/2018 5:37","12/28/2018 6:45",105,0.03836,0.18,0.8667,0.2077,0.84,0.48,0.22,0.18,0.59,0.59,0.59,0.81,18.5,805860,0.00156354701809247
"151","AR1","Frozen","Storm","2019-5","12/31/2018 19:06","1/1/2019 0:08",1369,0.1737,0.48,6.233,0.07701,0.24,0.24,0.18,0.15,0,0,0.78,1,18.5,805860,0.0203856749311295
"152","AR1","Frozen","Storm","2019-6","1/7/2019 10:30","1/7/2019 20:15",10930,0.8152,0.75,9.75,0.07692,0.24,0.18,0.16,0.14,0.02,0.02,0.52,1.3,18.5,805860,0.162757799121435
"153","AR1","Frozen","Storm","2019-7","2/3/2019 9:00","2/5/2019 4:20",104700,1.995,0.08,6.267,0.01277,0.24,0.12,0.1,0.07,0,0,0,0,18.5,805860,1.55907974089792
"154","AR1","Frozen","Storm","2019-8","2/6/2019 20:45","2/8/2019 8:45",30040,2.994,0,NA,NA,NA,NA,NA,NA,0.01,0.01,0.09,0.09,18.5,805860,0.447323356414266
"155","AR1","Frozen","Storm","2019-9","2/23/2019 16:34","2/25/2019 7:15",90590,4.972,1.29,21.93,0.05881,1.2,1.2,0.92,0.52,0,0,0.17,0.48,18.5,805860,1.34896880351426
"156","AR1","Frozen","Storm","2019-10","3/9/2019 20:50","3/14/2019 18:15",162800,2.255,1.03,102.7,0.01003,0.48,0.36,0.24,0.19,0,0,0,0.71,18.5,805860,2.42424242424242
"157","AR1","Non-Frozen","Storm","2019-11","6/25/2019 19:03","6/25/2019 20:00",138.3,0.09639,0.61,1.4,0.4357,3.24,2.4,0.86,0.58,0.23,0.71,1,1.38,18.5,805860,0.00205941478668751
"158","AR1","Non-Frozen","Storm","2019-12","6/28/2019 14:20","6/28/2019 16:15",2576,0.8721,0.87,0.4,2.175,4.08,3.3,1.74,0.87,0.09,0.09,1.44,1.82,18.5,805860,0.038359020177202
"159","AR1","Non-Frozen","Storm","2019-13","8/18/2019 12:13","8/18/2019 14:15",1264,0.381,1.19,2,0.595,2.76,1.98,1.62,1.02,0.02,0.11,0.43,2.01,18.5,805860,0.018822127913037
"160","AR1","Non-Frozen","Storm","2019-14","8/26/2019 19:45","8/26/2019 21:15",112.6,0.0324,0.26,0.8,0.325,1.08,0.72,0.48,0.26,1.08,1.08,1.22,2.82,18.5,805860,0.0016767180403544
"161","AR1","Non-Frozen","Storm","2019-15","9/10/2019 8:15","9/10/2019 11:15",5271,1.194,2.11,2.767,0.7627,3.12,2.4,1.9,1.39,0.14,0.16,0.39,0.4,18.5,805860,0.0784900603082421
"162","AR1","Non-Frozen","Storm","2019-16","9/12/2019 1:48","9/12/2019 5:27",3438,0.7522,1.29,3.583,0.36,2.76,2.22,1.12,0.87,0,2.22,2.38,2.62,18.5,805860,0.0511949966495421
"163","AR1","Non-Frozen","Storm","2019-17","9/13/2019 3:22","9/13/2019 10:30",102600,18.87,3.12,6.033,0.5171,4.56,3.48,1.76,1.64,0.66,1.62,4,4.24,18.5,805860,1.52780880053607
"164","AR1","Non-Frozen","Storm","2019-18","9/22/2019 14:06","9/22/2019 19:00",16080,3.688,0.75,6.9,0.1087,0.84,0.66,0.54,0.41,0.33,0.35,0.75,8.05,18.5,805860,0.239446057627876
"165","AR1","Non-Frozen","Storm","2019-19","9/29/2019 7:43","9/29/2019 18:45",48850,9.558,1.94,12.4,0.1565,1.8,1.38,1.1,0.83,0,0.38,1.27,2.2,18.5,805860,0.727421636512546
"166","AR1","Non-Frozen","Storm","2020-1","10/2/2019 2:54","10/2/2019 16:30",65980,7.16,2.15,13.08,0.1643,3.12,2.28,1.1,0.83,0.12,0.12,2.44,4.04,18.5,805860,0.982503164321346
"167","AR1","Non-Frozen","Storm","2020-2","10/3/2019 3:42","10/3/2019 8:30",6470,1.344,0.37,6.417,0.05766,0.72,0.42,0.26,0.23,2.19,2.31,4.63,6.23,18.5,805860,0.09634427816246
"168","AR1","Non-Frozen","Storm","2020-3","10/5/2019 20:15","10/6/2019 0:45",11000,1.875,0.69,2.55,0.2706,1.08,0.84,0.48,0.42,0,0,4.63,5.95,18.5,805860,0.163800163800164
"169","AR1","Non-Frozen","Storm","2020-4","10/27/2019 2:42","10/27/2019 4:25",178.2,0.0389,0.9,6.55,0.1374,0.36,0.36,0.28,0.28,0,0,0.5,0.5,18.5,805860,0.00265356265356265
"170","AR1","Non-Frozen","Storm","2020-5","11/27/2019 6:45","11/27/2019 9:00",911.4,0.2332,0.64,10.63,0.06019,2.16,1.32,0.56,0.35,0,0,0.52,0.69,18.5,805860,0.0135715881170427
"171","AR1","Frozen","Storm","2020-6","2/2/2020 19:15","2/4/2020 12:00",48210,1.932,0,NA,NA,NA,NA,NA,NA,0,0.01,0.01,0.84,18.5,805860,0.717891445164172
"172","AR1","Frozen","Storm","2020-7","2/6/2020 22:00","2/7/2020 2:30",392.3,0.0329,0,NA,NA,NA,NA,NA,NA,0,0,0.01,0.77,18.5,805860,0.00584170947807311
"173","AR1","Frozen","Storm","2020-8","2/7/2020 20:00","2/8/2020 4:45",1944,0.1369,0,NA,NA,NA,NA,NA,NA,0,0,0.01,0.29,18.5,805860,0.0289479562206835
"174","AR1","Frozen","Storm","2020-9","2/8/2020 20:15","2/9/2020 4:00",1089,0.0765,0,NA,NA,NA,NA,NA,NA,0,0,0,0.22,18.5,805860,0.0162162162162162
"175","AR1","Frozen","Storm","2020-10","2/17/2020 23:15","2/18/2020 1:15",117.9,0.0238,0.04,3.85,0.01039,0.12,0.06,0.02,0.01,0,0,0,0,18.5,805860,0.00175563993745812
"176","AR1","Frozen","Storm","2020-11","2/23/2020 21:30","2/26/2020 12:15",22720,0.3738,0,NA,NA,NA,NA,NA,NA,0,0,0.3,0.3,18.5,805860,0.338321792867247
"177","AR1","Frozen","Storm","2020-12","3/1/2020 17:00","3/2/2020 5:30",28000,2.43,0,NA,NA,NA,NA,NA,NA,0,0,0,0.3,18.5,805860,0.416945871491326
"178","AR1","Frozen","Storm","2020-13","3/2/2020 17:15","3/3/2020 2:00",3373,0.2194,0,NA,NA,NA,NA,NA,NA,0,0,0,0.3,18.5,805860,0.0502270865907229
"179","AR1","Frozen","Storm","2020-14","3/3/2020 17:30","3/3/2020 23:45",2464,0.2181,0.02,0.1,0.2,0.12,0.12,0.04,0.02,0,0,0,0,18.5,805860,0.0366912366912367
"180","AR1","Non-Frozen","Storm","2020-15","5/23/2020 22:11","5/24/2020 0:15",6801,2.045,2.87,2.85,1.007,4.68,3.84,2.44,1.45,0,0,1.61,3.33,18.5,805860,0.101273174000447
"181","AR1","Non-Frozen","Storm","2020-16","5/28/2020 18:40","5/28/2020 20:15",1092,0.4591,1.21,1.817,0.6661,3.96,3.6,1.98,1.19,0.06,0.06,2.95,5.02,18.5,805860,0.0162608889881617
"182","AR1","Non-Frozen","Storm","2020-17","6/29/2020 20:24","6/29/2020 22:00",7229,2.976,1.91,3.217,0.5938,3.36,3.12,2.36,1.43,0,0,1.99,2.05,18.5,805860,0.107646489464671
"183","AR1","Non-Frozen","Storm","2020-18","7/7/2020 23:05","7/8/2020 1:02",3268,1.446,1.65,1.9,0.8684,3.96,3.6,2.62,1.51,0.06,0.06,0.06,2.74,18.5,805860,0.0486635395726305
"184","AR1","Non-Frozen","Storm","2020-19","7/8/2020 11:07","7/8/2020 12:45",453.6,0.1749,0.51,0.6333,0.8053,2.4,1.86,0.9,0.51,1.82,1.82,1.82,4.39,18.5,805860,0.00675452311815948
"185","AR1","Non-Frozen","Storm","2020-20","8/2/2020 14:25","8/2/2020 15:00",92.3,0.0804,0,NA,NA,NA,NA,NA,NA,0,0,0.64,0.65,18.5,805860,0.00137443228352319
"186","AR1","Non-Frozen","Storm","2020-21","8/10/2020 2:11","8/10/2020 2:45",33.7,0.0252,0,NA,NA,NA,NA,NA,NA,0.31,0.31,0.34,0.38,18.5,805860,0.000501824138187775
"187","AR1","Non-Frozen","Storm","2020-22","8/10/2020 19:42","8/10/2020 22:15",56100,28.32,2.13,2.683,0.7938,4.56,4.38,3.04,1.81,0.32,0.32,0.32,0.37,18.5,805860,0.835380835380835
"188","AR1","Non-Frozen","Storm","2021-1","7/28/2021 7:53","7/28/2021 8:45",38.2,0.02744,2.15,0.7167,3,5.88,4.5,3.54,2.15,0,0,0,1.79,18.5,805860,0.000568833296106023
"189","AR1","Non-Frozen","Storm","2021-2","8/30/2021 6:13","8/30/2021 7:00",85.1,0.0555,0,NA,NA,NA,NA,NA,NA,0.25,0.25,1.1,1.14,18.5,805860,0.00126721763085399
"190","AR2","Non-Frozen","Storm","2017-1","11/2/2016 13:11","11/2/2016 13:30",18,0.03061,0.83,4.683,0.1772,2.64,2.1,0.98,0.58,0,0,1.15,1.61,5.8,252648,0.00085494442861214
"191","AR2","Frozen","Storm","2017-2","1/10/2017 17:55","1/10/2017 22:30",75.5,0.0131,0.46,8.683,0.05298,0.36,0.3,0.22,0.2,0,0,0,0,5.8,252648,0.00358601690890092
"192","AR2","Frozen","Storm","2017-3","1/16/2017 17:45","1/21/2017 13:45",17370,0.3596,0.5,114.4,0.004369,0.24,0.24,0.18,0.14,0.01,0.01,0.47,0.47,5.8,252648,0.825021373610715
"193","AR2","Non-Frozen","Storm","2017-4","5/17/2017 23:36","5/18/2017 0:30",1437,2.46,0.83,0.35,2.371,5.16,4.38,1.66,0.83,0,0.6,0.73,1.54,5.8,252648,0.0682530635508692
"194","AR2","Non-Frozen","Storm","2017-5","5/18/2017 3:00","5/18/2017 4:00",116.1,0.0766,0.25,0.5167,0.4839,1.08,0.78,0.48,0.25,0.83,0.98,1.43,2.37,5.8,252648,0.0055143915645483
"195","AR2","Non-Frozen","Storm","2017-6","5/19/2017 16:30","5/19/2017 17:00",10.7,0.01376,0.14,1.917,0.07304,0.24,0.18,0.14,0.09,0,1.08,1.68,2.62,5.8,252648,0.000508216965897217
"196","AR2","Non-Frozen","Storm","2017-7","5/20/2017 15:42","5/20/2017 16:46",254.7,0.1297,0.41,2.25,0.1822,0.6,0.6,0.46,0.33,0.23,0.23,1.91,2.64,5.8,252648,0.0120974636648618
"197","AR2","Non-Frozen","Storm","2017-8","5/21/2017 7:30","5/21/2017 8:30",2038,2.735,0.37,0.2667,1.388,2.76,1.86,0.74,0.37,0.62,0.85,2.53,3.26,5.8,252648,0.0967987080839745
"198","AR2","Non-Frozen","Storm","2017-9","5/23/2017 0:14","5/23/2017 1:11",3686,4.434,0.45,0.6333,0.7105,2.28,1.92,0.84,0.45,0,0.37,2.9,3.63,5.8,252648,0.175073620214686
"199","AR2","Non-Frozen","Storm","2017-10","5/23/2017 19:21","5/23/2017 21:05",8591,4.289,1.13,1.65,0.6848,3.24,2.28,1.26,1.02,0.45,0.45,2.75,3.76,5.8,252648,0.408045977011494
"200","AR2","Non-Frozen","Storm","2017-11","5/28/2017 11:30","5/28/2017 13:45",2305,2.942,0.63,2,0.315,3.24,1.98,0.78,0.45,0,0.26,1.98,4.88,5.8,252648,0.109480383775055
"201","AR2","Non-Frozen","Storm","2017-12","6/18/2017 0:45","6/18/2017 1:10",153.1,0.3732,0.25,0.2667,0.9375,1.8,1.38,0.5,0.25,0.72,0.72,0.92,1.07,5.8,252648,0.00727177733447326
"202","AR2","Non-Frozen","Storm","2017-13","6/23/2017 7:47","6/23/2017 9:34",5310,5.176,1.19,1.8,0.6611,2.52,1.98,1.54,0.96,0,0,1.3,1.51,5.8,252648,0.252208606440581
"203","AR2","Non-Frozen","Storm","2017-14","6/29/2017 0:47","6/29/2017 1:15",82.1,0.1994,0.44,0.5167,0.8516,5.76,4.32,1.72,0.88,0.13,0.13,1.36,2.67,5.8,252648,0.00389949653272537
"204","AR2","Non-Frozen","Storm","2017-15","6/29/2017 5:19","6/29/2017 6:45",3072,3.604,1.44,5.55,0.2595,5.76,4.32,1.72,0.9,0.13,0.13,1.36,2.67,5.8,252648,0.145910515816472
"205","AR2","Non-Frozen","Storm","2017-16","7/3/2017 13:21","7/3/2017 13:45",65.7,0.155,0.55,2.733,0.2012,1.56,1.08,0.54,0.28,0,0,1.69,3.25,5.8,252648,0.00312054716443431
"206","AR2","Non-Frozen","Storm","2017-17","7/10/2017 7:43","7/10/2017 8:53",1240,1.765,1.11,2.467,0.45,2.52,1.92,1.08,0.97,0,0,0.56,2.25,5.8,252648,0.0588961717488363
"207","AR2","Non-Frozen","Storm","2017-18","7/12/2017 11:05","7/12/2017 14:15",6263,2.966,1.82,6.8,0.2676,4.92,3.24,1.96,1.14,0.1,1.46,1.48,3.73,5.8,252648,0.297473164244324
"208","AR2","Non-Frozen","Storm","2017-19","7/16/2017 6:45","7/16/2017 7:30",4442,6.076,1.12,0.8333,1.344,4.08,3.72,2.16,1.12,0,0,3.37,3.93,5.8,252648,0.210981286216396
"209","AR2","Non-Frozen","Storm","2017-20","7/20/2017 1:20","7/20/2017 4:30",379.7,0.118,0.94,2.967,0.3169,5.28,4.08,1.76,1.04,0,0,1.12,4.49,5.8,252648,0.0180345777524461
"210","AR2","Non-Frozen","Storm","2017-21","7/20/2017 7:18","7/20/2017 11:45",6162,5.47,2.64,10.3,0.2563,5.28,4.08,1.76,1.04,0,0,1.12,4.49,5.8,252648,0.292675976061556
"211","AR2","Non-Frozen","Storm","2017-22","7/21/2017 23:30","7/22/2017 0:15",4426,4.608,1.35,0.8167,1.653,11.52,10.68,5.32,2.7,0.02,2.66,3.78,7.15,5.8,252648,0.210221335613185
"212","AR2","Non-Frozen","Storm","2017-23","7/22/2017 2:20","7/22/2017 8:00",105.6,0.04091,1.74,8.5,0.2047,11.52,10.68,5.32,2.7,0.02,2.66,3.78,7.15,5.8,252648,0.00501567398119122
"213","AR2","Non-Frozen","Storm","2017-24","7/23/2017 18:51","7/23/2017 20:15",903.7,1.002,0.38,1.333,0.285,2.04,1.5,0.66,0.35,0,1.78,4.42,8.91,5.8,252648,0.0429229600075995
"214","AR2","Non-Frozen","Storm","2017-25","7/27/2017 2:04","7/27/2017 3:15",4769,4.378,1.63,1.767,0.9226,4.08,3.96,2.42,1.52,0,0,4.8,5.92,5.8,252648,0.226512776669516
"215","AR2","Non-Frozen","Storm","2017-26","7/30/2017 4:15","7/30/2017 4:49",34.5,0.03944,0,NA,NA,NA,NA,NA,NA,0,0,2.02,7.56,5.8,252648,0.00163864348817327
"216","AR2","Non-Frozen","Storm","2017-27","8/6/2017 11:15","8/6/2017 12:30",42,0.01856,0,NA,NA,NA,NA,NA,NA,0,0.02,0.02,2.04,5.8,252648,0.00199487033342833
"217","AR2","Non-Frozen","Storm","2017-28","8/10/2017 20:23","8/10/2017 21:00",45.8,0.0971,0.61,0.3667,1.664,3.48,3.06,1.22,0.61,0.05,0.05,0.26,0.26,5.8,252648,0.00217535860169089
"218","AR2","Non-Frozen","Storm","2017-29","8/13/2017 10:30","8/13/2017 12:30",506,0.1814,0,NA,NA,NA,NA,NA,NA,0,0.01,0.86,0.88,5.8,252648,0.0240334378265413
"219","AR2","Non-Frozen","Storm","2017-30","8/27/2017 14:09","8/27/2017 15:00",51.7,0.05118,0.57,4,0.1425,0.96,0.6,0.44,0.28,0.01,0.01,0.01,0.62,5.8,252648,0.00245559038662487
"220","AR2","Frozen","Storm","2018-1","1/8/2018 18:45","1/8/2018 20:15",43.3,0.02074,0,NA,NA,NA,NA,NA,NA,0,0,0,0,5.8,252648,0.0020566163199392
"221","AR2","Frozen","Storm","2018-2","1/9/2018 18:15","1/9/2018 20:45",30,0.01086,0,NA,NA,NA,NA,NA,NA,0,0,0,0,5.8,252648,0.00142490738102023
"222","AR2","Frozen","Storm","2018-3","1/10/2018 11:15","1/10/2018 16:30",91.7,0.01442,0,NA,NA,NA,NA,NA,NA,0,0,0,0,5.8,252648,0.00435546689465185
"223","AR2","Frozen","Storm","2018-4","1/11/2018 21:05","1/11/2018 22:54",83.2,0.03466,0.18,3.05,0.05902,0.24,0.18,0.12,0.11,0.04,0.04,0.04,0.04,5.8,252648,0.00395174313669612
"224","AR2","Frozen","Storm","2018-5","1/19/2018 20:00","1/20/2018 11:59",4223,0.298,0,NA,NA,NA,NA,NA,NA,0,0,0,0.22,5.8,252648,0.200579462334948
"225","AR2","Frozen","Storm","2018-6","1/21/2018 18:00","1/27/2018 22:30",15020,0.8095,1.64,25.67,0.0639,0.84,0.48,0.34,0.32,0,0,0,0.22,5.8,252648,0.71340362876413
"226","AR2","Frozen","Storm","2018-7","2/14/2018 20:15","2/17/2018 17:00",3075,0.03895,0,NA,NA,NA,NA,NA,NA,0,0,0,0,5.8,252648,0.146053006554574
"227","AR2","Frozen","Storm","2018-8","2/19/2018 19:00","2/21/2018 10:15",42460,2.015,1.63,29.08,0.05605,0.72,0.48,0.32,0.31,0,0,0,0,5.8,252648,2.01671891327064
"228","AR2","Frozen","Storm","2018-9","2/21/2018 20:00","2/21/2018 23:15",31,0.00568,0,NA,NA,NA,NA,NA,NA,0.08,1.46,1.63,1.63,5.8,252648,0.00147240429372091
"229","AR2","Frozen","Storm","2018-10","2/22/2018 20:00","2/23/2018 1:15",70.6,0.00702,0,NA,NA,NA,NA,NA,NA,0,0.08,1.63,1.63,5.8,252648,0.00335328203666762
"230","AR2","Frozen","Storm","2018-11","2/23/2018 5:15","2/24/2018 2:45",2195,0.08094,0.04,1.033,0.03871,0.12,0.06,0.04,0.03,0,0,1.63,1.63,5.8,252648,0.10425572337798
"231","AR2","Frozen","Storm","2018-12","2/24/2018 18:00","2/26/2018 4:59",7444,0.736,0.27,5.2,0.05192,0.72,0.42,0.22,0.15,0,0.04,1.67,1.67,5.8,252648,0.353567018143821
"232","AR2","Frozen","Storm","2018-13","2/26/2018 17:30","2/27/2018 3:31",135.7,0.0057,0,NA,NA,NA,NA,NA,NA,0,0.27,1.92,1.94,5.8,252648,0.00644533105348152
"233","AR2","Frozen","Storm","2018-14","2/27/2018 15:30","2/27/2018 23:30",110.8,0.00738,0,NA,NA,NA,NA,NA,NA,0,0,0.95,1.94,5.8,252648,0.00526265792723473
"234","AR2","Frozen","Storm","2019-1","2/3/2019 14:00","2/5/2019 2:10",15490,0.5416,0.08,6.267,0.01277,0.24,0.12,0.1,0.07,0,0,0,0,5.8,252648,0.735727177733447
"235","AR2","Frozen","Storm","2019-2","2/6/2019 23:00","2/8/2019 2:30",12300,0.4445,0,NA,NA,NA,NA,NA,NA,0.01,0.01,0.09,0.09,5.8,252648,0.584212026218296
"236","AR2","Frozen","Storm","2019-3","2/23/2019 12:35","2/24/2019 23:45",28490,0.9656,1.29,21.93,0.05881,1.2,1.2,0.92,0.52,0,0,0.17,0.48,5.8,252648,1.35318704284222
"237","AR2","Frozen","Storm","2019-4","3/9/2019 20:59","3/11/2019 5:54",9945,0.3962,0.47,8.333,0.0564,0.48,0.36,0.24,0.19,0,0,0,0.71,5.8,252648,0.472356796808207
"238","AR2","Frozen","Storm","2019-5","3/11/2019 17:15","3/14/2019 14:45",43030,0.7626,0.56,21.95,0.02551,0.48,0.3,0.2,0.14,0,0,0.47,0.47,5.8,252648,2.04379215351002
"239","AR2","Non-Frozen","Storm","2019-6","5/24/2019 16:10","5/24/2019 16:44",778.7,1.419,1.28,7.983,0.1603,1.44,1.26,0.74,0.5,0,0.16,1.14,1.48,5.8,252648,0.0369858459200152
"240","AR2","Non-Frozen","Storm","2019-7","5/30/2019 6:58","5/30/2019 7:29",31.3,0.06169,0.78,0.8667,0.9,3.12,2.64,1.4,0.78,0,0.09,1.76,3.24,5.8,252648,0.00148665336753111
"241","AR2","Non-Frozen","Storm","2019-8","6/4/2019 16:20","6/4/2019 16:35",8,0.02296,0.64,0.5833,1.097,2.4,2.04,1.24,0.64,0,0,1.55,3.99,5.8,252648,0.000379975301605396
"242","AR2","Non-Frozen","Storm","2019-9","6/5/2019 4:46","6/5/2019 5:45",1603,1.735,0.5,0.6333,0.7895,3.84,2.34,0.96,0.5,0.74,0.74,2.22,4.43,5.8,252648,0.0761375510591812
"243","AR2","Non-Frozen","Storm","2019-10","6/25/2019 19:00","6/25/2019 19:15",10.6,0.05118,0.46,0.8167,0.5633,3.24,2.4,0.86,0.46,0.23,0.71,1,1.38,5.8,252648,0.000503467274627149
"244","AR2","Non-Frozen","Storm","2019-11","6/28/2019 14:11","6/28/2019 14:45",1016,1.586,0.87,0.4,2.175,4.08,3.3,1.74,0.87,0.09,0.09,1.44,1.82,5.8,252648,0.0482568633038852
"245","AR2","Non-Frozen","Storm","2019-12","7/18/2019 14:30","7/18/2019 15:00",113.9,0.2788,1.53,5.067,0.302,2.16,1.56,0.94,0.58,0,0.02,0.02,0.62,5.8,252648,0.00540989835660682
"246","AR2","Non-Frozen","Storm","2019-13","9/13/2019 3:13","9/13/2019 7:01",826.2,0.5812,2.92,3.8,0.7684,4.56,3.48,1.76,1.64,0.66,1.62,4,4.24,5.8,252648,0.0392419492732972
"247","AR2","Non-Frozen","Storm","2019-14","9/29/2019 8:54","9/29/2019 9:30",24.8,0.03846,1.47,3.767,0.3903,1.8,1.38,1.1,0.83,0,0.38,1.27,2.2,5.8,252648,0.00117792343497673
"248","AR2","Non-Frozen","Storm","2020-1","10/2/2019 2:54","10/2/2019 4:30",511.7,0.7395,1.3,1.783,0.729,3.12,2.28,1.1,0.83,0.12,0.12,2.44,4.04,5.8,252648,0.0243041702289351
"249","AR2","Frozen","Storm","2020-2","2/18/2020 7:45","2/18/2020 12:45",27.4,0.00294,0.26,7.833,0.03319,0.12,0.12,0.08,0.07,0.04,0.04,0.04,0.04,5.8,252648,0.00130141540799848
"250","AR2","Frozen","Storm","2020-3","2/22/2020 19:15","2/23/2020 0:18",2.3,4e-04,0,NA,NA,NA,NA,NA,NA,0,0,0.3,0.3,5.8,252648,0.000109242899211551
"251","AR2","Frozen","Storm","2020-4","2/23/2020 15:45","2/24/2020 0:45",14.2,0.0011,0,NA,NA,NA,NA,NA,NA,0,0,0.3,0.3,5.8,252648,0.000674456160349577
"252","AR2","Frozen","Storm","2020-5","2/24/2020 17:00","2/25/2020 10:45",10.3,0.00122,0,NA,NA,NA,NA,NA,NA,0,0,0.3,0.3,5.8,252648,0.000489218200816947
"253","AR2","Frozen","Storm","2020-6","3/1/2020 16:00","3/1/2020 22:15",251.8,0.04299,0,NA,NA,NA,NA,NA,NA,0,0,0,0.3,5.8,252648,0.0119597226180298
"254","AR2","Frozen","Storm","2020-7","3/2/2020 20:45","3/2/2020 23:00",0.5,2e-04,0,NA,NA,NA,NA,NA,NA,0,0,0,0.27,5.8,252648,2.37484563503372e-05
"255","AR2","Frozen","Storm","2020-8","3/3/2020 16:45","3/4/2020 11:00",8.1,0.001,0.03,16.1,0.001863,0.12,0.12,0.04,0.02,0,0,0,0,5.8,252648,0.000384724992875463
"256","AR2","Non-Frozen","Storm","2020-9","5/23/2020 21:45","5/23/2020 23:45",2030,1.542,2.87,2.85,1.007,4.68,3.84,2.44,1.45,0,0,1.61,3.33,5.8,252648,0.0964187327823691
"257","AR2","Non-Frozen","Storm","2020-10","7/6/2020 17:23","7/6/2020 18:00",4,0.00426,0,NA,NA,NA,NA,NA,NA,0,0,1.91,3.9,5.8,252648,0.000189987650802698
"258","AR2","Non-Frozen","Storm","2021-1","10/12/2020 15:47","10/12/2020 19:15",80.7,0.00876,0.3,3.4,0.08824,1.32,0.78,0.3,0.17,0,0,0,0.14,5.8,252648,0.00383300085494443
"259","AR2","Non-Frozen","Storm","2021-2","10/22/2020 11:45","10/22/2020 11:59",4.3,0.00955,1.47,12.7,0.1157,0.72,0.54,0.38,0.35,0.05,0.05,0.3,0.61,5.8,252648,0.0002042367246129
"260","AR2","Frozen","Storm","2021-3","2/24/2021 18:15","2/25/2021 3:15",9.8,0.00146,0,NA,NA,NA,NA,NA,NA,0,0,0,0,5.8,252648,0.00046546974446661
"261","AR2","Frozen","Storm","2021-4","2/26/2021 19:45","2/26/2021 22:15",41.6,0.02448,0,NA,NA,NA,NA,NA,NA,0,0,0,0,5.8,252648,0.00197587156834806
"262","AR2","Frozen","Storm","2021-5","2/27/2021 16:45","2/27/2021 19:00",28.5,0.0078,0,NA,NA,NA,NA,NA,NA,0,0,0,0,5.8,252648,0.00135366201196922
"263","AR2","Frozen","Storm","2021-6","3/7/2021 19:45","3/8/2021 2:00",84.6,0.00955,0,NA,NA,NA,NA,NA,NA,0,0,0,0,5.8,252648,0.00401823881447706
"264","AR2","Frozen","Storm","2021-7","3/8/2021 15:30","3/9/2021 0:15",1222,0.122,0,NA,NA,NA,NA,NA,NA,0,0,0,0,5.8,252648,0.0580412273202242
"265","AR2","Frozen","Storm","2021-8","3/9/2021 16:30","3/9/2021 21:15",43,0.00654,0,NA,NA,NA,NA,NA,NA,0,0,0,0,5.8,252648,0.002042367246129
"266","DK1A","Non-Frozen","Non-storm","2018-1","10/1/2017 5:00","10/14/2017 19:00",3592,0.00905,1.82,235.8,0.00772,1.68,1.26,0.64,0.49,0,0,0.24,0.31,19.4,845064,0.0510067876515862
"267","DK1A","Non-Frozen","Storm","2018-2","10/14/2017 19:00","10/16/2017 17:00",3810,0.05588,1.54,20.5,0.07512,1.44,1.08,0.96,0.68,0.02,0.02,0.06,1.82,19.4,845064,0.054102411178325
"268","DK1A","Non-Frozen","Non-storm","2018-3","10/16/2017 17:00","10/24/2017 14:00",7043,0.01983,0.74,45.75,0.01617,0.96,0.84,0.48,0.3,0,0,0.01,1.57,19.4,845064,0.100011360086337
"269","DK1A","Non-Frozen","Storm","2018-4","10/24/2017 14:00","10/24/2017 23:00",606.8,0.02774,0.88,12.83,0.06857,0.96,0.84,0.48,0.3,0,0.39,0.39,1.96,19.4,845064,0.0086166254863537
"270","DK1A","Non-Frozen","Non-storm","2018-5","10/24/2017 23:00","10/26/2017 5:00",2114,0.02715,0.01,NA,NA,NA,NA,NA,NA,0.88,0.9,1.27,2.84,19.4,845064,0.0300190281446139
"271","DK1A","Non-Frozen","Non-storm","2018-6","10/26/2017 5:00","11/17/2017 22:10",14380,0.01791,0.48,515.6,0.000931,0.24,0.18,0.14,0.12,0,0,1.28,2.84,19.4,845064,0.204197551901394
"272","DK1A","Non-Frozen","Non-storm","2018-7","11/17/2017 22:10","12/26/2017 4:02",15700,0.0109,1.08,758.3,0.001424,0.48,0.42,0.28,0.22,0,0.03,0.32,0.36,19.4,845064,0.222941694356877
"273","DK1A","Frozen","Non-storm","2018-8","12/26/2017 4:02","1/11/2018 6:35",2473,0.00475,0,NA,NA,NA,NA,NA,NA,0,0,0.24,0.25,19.4,845064,0.0351168668881884
"274","DK1A","Frozen","Storm","2018-9","1/11/2018 6:35","1/12/2018 22:00",4892,0.06768,0.22,5.667,0.03882,0.24,0.18,0.1,0.1,0,0,0,0,19.4,845064,0.0694669279486524
"275","DK1A","Frozen","Non-storm","2018-10","1/12/2018 22:00","1/15/2018 17:40",2682,0.02481,0,NA,NA,NA,NA,NA,NA,0.08,0.22,0.22,0.22,19.4,845064,0.0380846894436398
"276","DK1A","Frozen","Non-storm","2018-11","1/15/2018 17:40","1/22/2018 14:30",2772,0.00831,0.07,1.167,0.06,0.24,0.24,0.16,0.12,0,0,0,0.22,19.4,845064,0.0393626991565136
"277","DK1A","Frozen","Storm","2018-12","1/22/2018 14:30","1/24/2018 21:00",5534,0.05204,0.57,10,0.057,0.24,0.24,0.18,0.17,0,0,0,0.22,19.4,845064,0.078583397233819
"278","DK1A","Frozen","Non-storm","2018-13","1/24/2018 21:00","1/26/2018 17:40",1480,0.01494,0,NA,NA,NA,NA,NA,NA,0,0.06,0.57,0.79,19.4,845064,0.0210161597228139
"279","DK1A","Frozen","Storm","2018-14","1/26/2018 17:40","1/28/2018 6:00",3904,0.04008,0.01,NA,NA,NA,NA,NA,NA,0,0,0.57,0.57,19.4,845064,0.0554372213228821
"280","DK1A","Frozen","Non-storm","2018-15","1/28/2018 6:00","2/15/2018 18:50",8451,0.02452,0,NA,NA,NA,NA,NA,NA,0,0.01,0.58,0.58,19.4,845064,0.120005112038852
"281","DK1A","Frozen","Non-storm","2018-16","2/15/2018 18:50","2/26/2018 19:30",7120,0.01685,0.81,129.1,0.006275,0.36,0.24,0.18,0.15,0,0,0,0,19.4,845064,0.10110476839624
"282","DK1A","Frozen","Storm","2018-17","2/26/2018 19:30","3/1/2018 17:00",6280,0.04494,0.02,1.583,0.01263,0.12,0.06,0.02,0.01,0,0,0.51,0.81,19.4,845064,0.0891766777427509
"283","DK1A","Frozen","Non-storm","2018-18","3/1/2018 17:00","3/17/2018 17:45",9556,0.01961,0,NA,NA,NA,NA,NA,NA,0,0.02,0.53,0.83,19.4,845064,0.135696231291358
"284","DK1A","Frozen","Storm","2018-19","3/17/2018 17:45","3/19/2018 17:30",5444,0.06723,0,NA,NA,NA,NA,NA,NA,0,0,0,0,19.4,845064,0.0773053875209452
"285","DK1A","Frozen","Non-storm","2018-20","3/19/2018 17:30","4/8/2018 1:00",14820,0.01727,0.46,110,0.004182,0.24,0.18,0.12,0.1,0,0,0,0,19.4,845064,0.210445599386555
"286","DK1A","Non-Frozen","Non-storm","2018-21","4/8/2018 1:00","4/11/2018 18:00",2823,0.01323,0,NA,NA,NA,NA,NA,NA,0,0,0,0.46,19.4,845064,0.0400869046604754
"287","DK1A","Non-Frozen","Storm","2018-22","4/11/2018 18:00","4/15/2018 15:00",12520,0.07359,0.7,42.58,0.01644,0.36,0.36,0.24,0.17,0,0,0,0.18,19.4,845064,0.177785351168669
"288","DK1A","Non-Frozen","Non-storm","2018-24","4/15/2018 15:00","4/19/2018 21:00",8770,0.03301,0,NA,NA,NA,NA,NA,NA,0,0.42,0.7,0.7,19.4,845064,0.124534946465593
"289","DK1A","Non-Frozen","Storm","2018-25","4/19/2018 21:00","4/25/2018 2:35",37710,0.1974,0,NA,NA,NA,NA,NA,NA,0,0,0.42,0.7,19.4,845064,0.53548606969413
"290","DK1A","Non-Frozen","Non-storm","2018-29","4/25/2018 2:35","4/29/2018 13:15",7273,0.03038,0.01,NA,NA,NA,NA,NA,NA,0,0,0,0.42,19.4,845064,0.103277384908125
"291","DK1A","Non-Frozen","Non-storm","2018-30","4/29/2018 13:15","5/2/2018 8:05",3103,0.03419,0.58,3.083,0.1881,0.96,0.84,0.8,0.6,0,0,0.01,0.01,19.4,845064,0.0440629348783051
"292","DK1A","Non-Frozen","Storm","2018-31","5/2/2018 8:05","5/4/2018 4:35",4374,0.06405,1.22,47.58,0.02564,1.2,0.96,0.8,0.61,0,0,0.01,0.01,19.4,845064,0.0621112720456675
"293","DK1A","Non-Frozen","Storm","2018-32","5/4/2018 4:35","5/6/2018 4:05",18290,0.2019,2.23,11.58,0.1925,1.2,0.96,0.64,0.57,0.02,0.9,0.91,0.91,19.4,845064,0.259719973871801
"294","DK1A","Non-Frozen","Non-storm","2018-34","5/6/2018 4:05","5/9/2018 17:45",6470,0.03155,0.39,80.17,0.004865,0.48,0.36,0.28,0.22,0,0.43,3.13,3.14,19.4,845064,0.0918746982477067
"295","DK1A","Non-Frozen","Non-storm","2018-35","5/9/2018 17:45","5/12/2018 10:55",4164,0.02246,0.4,54.33,0.007362,0.48,0.36,0.28,0.22,0,0,2.42,3.31,19.4,845064,0.0591292493822953
"296","DK1A","Non-Frozen","Non-storm","2018-36","5/12/2018 10:55","5/20/2018 6:00",7420,0.01961,0.33,103.1,0.003201,0.24,0.24,0.18,0.14,0,0,0.4,3.7,19.4,845064,0.105364800772486
"297","DK1A","Non-Frozen","Non-storm","2018-37","5/20/2018 6:00","5/31/2018 6:00",6124,0.01217,0.29,222.3,0.001304,0.96,0.72,0.48,0.3,0,0,0.33,0.73,19.4,845064,0.0869614609071029
"298","DK1A","Non-Frozen","Non-storm","2018-38","5/31/2018 6:00","6/8/2018 6:00",2923,0.01153,0.9,124.8,0.00721,1.08,0.72,0.48,0.3,0,0,0.01,0.25,19.4,845064,0.0415069154525574
"299","DK1A","Non-Frozen","Non-storm","2018-39","6/8/2018 6:00","6/24/2018 18:00",3375,0.00421,2.56,94.42,0.02711,1.8,1.56,1.04,0.68,0,0,0,0.72,19.4,845064,0.0479253642327682
"300","DK1A","Non-Frozen","Storm","2018-40","8/27/2018 14:50","8/28/2018 20:00",6096,0.181,4.33,25.5,0.1698,6,4.44,3.08,2.54,0.47,0.54,0.88,0.88,19.4,845064,0.0865638578853199
"301","DK1A","Non-Frozen","Storm","2018-41","8/28/2018 20:00","8/30/2018 4:40",13300,0.1941,2.59,15.33,0.1689,5.76,5.16,2.84,1.71,0.47,4.8,4.96,5.21,19.4,845064,0.188861435346909
"302","DK1A","Non-Frozen","Non-storm","2018-42","8/30/2018 4:40","9/4/2018 7:40",7574,0.0412,0.55,33.58,0.01638,1.44,1.2,0.8,0.62,0,0,7.39,7.8,19.4,845064,0.107551617392292
"303","DK1A","Non-Frozen","Storm","2018-43","9/4/2018 7:40","9/4/2018 22:15",7345,0.2052,1.59,11.67,0.1363,1.68,1.44,1.02,0.71,0,0.03,3.09,7.83,19.4,845064,0.104299792678424
"304","DK1A","Non-Frozen","Non-storm","2018-44","9/4/2018 22:15","9/6/2018 18:00",6986,0.0695,0.24,17,0.01412,0.48,0.3,0.12,0.08,1.59,1.61,1.93,9.17,19.4,845064,0.0992019539348499
"305","DK1A","Non-Frozen","Non-storm","2018-45","9/6/2018 18:00","9/9/2018 3:00",4035,0.03008,0,NA,NA,NA,NA,NA,NA,0,0.24,1.86,9.41,19.4,845064,0.0572974354605095
"306","DK1A","Non-Frozen","Non-storm","2018-46","9/9/2018 3:00","9/18/2018 2:05",6915,0.01642,0.17,1.833,0.09273,0.96,0.72,0.44,0.32,0,0,0,1.83,19.4,845064,0.0981937462724717
"307","DK1A","Non-Frozen","Non-storm","2018-47","9/18/2018 2:05","9/20/2018 20:45",1755,0.00962,0.34,69.17,0.004916,0.96,0.72,0.44,0.32,0,0,0,1.83,19.4,845064,0.0249211894010395
"308","DK1A","Non-Frozen","Storm","2018-48","9/20/2018 20:45","9/21/2018 6:05",1279,0.0789,0.75,0.5833,1.286,4.56,3.6,1.5,0.78,0.08,0.09,0.31,0.31,19.4,845064,0.018161938030729
"309","DK1A","Non-Frozen","Non-storm","2018-49","9/21/2018 6:05","10/1/2018 4:59",13520,0.03389,0.68,119.8,0.005675,1.68,1.38,0.6,0.37,0.79,0.84,1.06,1.06,19.4,845064,0.191985459089489
"310","DK1A","Non-Frozen","Non-storm","2019-1","10/1/2018 5:00","10/1/2018 23:20",678.7,0.01217,0.33,2.417,0.1366,0.96,0.84,0.64,0.44,0,0,0.49,1.74,19.4,845064,0.00963761324586067
"311","DK1A","Non-Frozen","Storm","2019-2","10/1/2018 23:20","10/2/2018 16:15",2757,0.0856,0.82,17.67,0.04642,0.96,0.84,0.64,0.49,0,0,0.49,1.74,19.4,845064,0.0391496975377013
"312","DK1A","Non-Frozen","Non-storm","2019-3","10/2/2018 16:15","10/8/2018 8:05",9329,0.03155,0.45,137.5,0.003273,0.72,0.6,0.36,0.3,0.81,0.81,1.28,2.33,19.4,845064,0.132472806793332
"313","DK1A","Non-Frozen","Storm","2019-4","10/8/2018 8:05","10/9/2018 21:10",7916,0.138,1.11,41.67,0.02664,1.92,1.44,0.64,0.32,0,0.06,0.93,1.42,19.4,845064,0.112408054301213
"314","DK1A","Non-Frozen","Storm","2019-5","10/9/2018 21:10","10/13/2018 3:15",15780,0.1479,0.75,29.08,0.02579,1.92,1.44,0.66,0.42,0.01,0.95,1.06,2.35,19.4,845064,0.224077702990543
"315","DK1A","Non-Frozen","Non-storm","2019-6","10/13/2018 3:15","10/27/2018 17:25",20800,0.02803,0.59,139.1,0.004242,0.24,0.18,0.1,0.09,0,0,1.7,2.63,19.4,845064,0.29536224475306
"316","DK1A","Non-Frozen","Storm","2019-7","10/27/2018 17:25","10/31/2018 12:35",9254,0.05316,0.56,4.333,0.1292,0.36,0.3,0.24,0.22,0,0,0,0.59,19.4,845064,0.13140779869927
"317","DK1A","Non-Frozen","Non-storm","2019-8","10/31/2018 12:35","11/4/2018 16:00",6743,0.0251,0.07,2.5,0.028,0.24,0.12,0.08,0.08,0,0,0.42,0.56,19.4,845064,0.0957513277100906
"318","DK1A","Non-Frozen","Storm","2019-9","11/4/2018 16:00","11/9/2018 1:30",13840,0.09352,0.87,58.83,0.01479,0.24,0.18,0.14,0.12,0,0,0.42,0.56,19.4,845064,0.196529493624152
"319","DK1A","Non-Frozen","Non-storm","2019-10","11/9/2018 1:30","11/22/2018 18:10",19240,0.02657,0,NA,NA,NA,NA,NA,NA,0,0,0.87,1.43,19.4,845064,0.273210076396581
"320","DK1A","Non-Frozen","Non-storm","2019-11","11/22/2018 18:10","11/27/2018 19:25",6103,0.021,0.19,14.25,0.01333,0.12,0.06,0.04,0.04,0,0,0,0,19.4,845064,0.0866632586407657
"321","DK1A","Non-Frozen","Non-storm","2019-12","11/27/2018 19:25","12/2/2018 2:05",3982,0.01472,0.19,53.83,0.003529,0.48,0.48,0.28,0.28,0,0,0.19,0.19,19.4,845064,0.056544829740706
"322","DK1A","Non-Frozen","Storm","2019-13","12/2/2018 2:05","12/5/2018 9:05",9447,0.08256,0.69,19.83,0.03479,0.48,0.48,0.3,0.28,0,0,0.01,0.2,19.4,845064,0.134148419527988
"323","DK1A","Non-Frozen","Non-storm","2019-14","12/5/2018 9:05","12/10/2018 13:10",6658,0.02305,0,NA,NA,NA,NA,NA,NA,0,0,0.7,0.89,19.4,845064,0.0945443185368209
"324","DK1A","Non-Frozen","Non-storm","2019-15","12/10/2018 13:10","12/27/2018 16:40",11980,0.01111,0.12,5.167,0.02323,0.12,0.06,0.06,0.05,0,0,0,0,19.4,845064,0.170117292891426
"325","DK1A","Non-Frozen","Non-storm","2019-16","12/27/2018 16:40","1/7/2019 14:35",10250,0.02422,0.81,261.8,0.003095,0.48,0.24,0.24,0.24,0,0,0.01,0.12,19.4,845064,0.145551106188407
"326","DK1A","Non-Frozen","Storm","2019-17","1/7/2019 14:35","1/10/2019 19:25",13560,0.1387,0.63,11.83,0.05324,0.48,0.24,0.24,0.24,0,0.31,0.39,0.65,19.4,845064,0.192553463406322
"327","DK1A","Frozen","Non-storm","2019-21","2/16/2019 5:00","2/26/2019 12:00",2432,0.00638,0.35,23.67,0.01479,0.36,0.3,0.26,0.18,0,0,0,0.14,19.4,845064,0.0345346624634347
"328","DK1A","Frozen","Non-storm","2019-22","2/26/2019 12:00","3/12/2019 14:15",3728,0.00564,0.06,6.75,0.008889,0.12,0.12,0.08,0.05,0,0,0,0.32,19.4,845064,0.0529380023288177
"329","DK1A","Frozen","Storm","2019-23","3/12/2019 14:15","3/31/2019 15:30",42250,0.05815,0.77,192.5,0.004,0.36,0.24,0.18,0.14,0,0,0.06,0.06,19.4,845064,0.599954559654653
"330","DK1A","Frozen","Non-storm","2019-26","3/31/2019 15:30","4/6/2019 16:15",7048,0.01919,0.1,59.17,0.00169,0.36,0.24,0.1,0.05,0,0,0,0.12,19.4,845064,0.100082360625941
"331","DK1A","Non-Frozen","Storm","2019-27","4/6/2019 16:15","4/12/2019 4:00",10190,0.05054,0.57,55.83,0.01021,0.36,0.36,0.24,0.15,0,0.04,0.1,0.1,19.4,845064,0.144699099713158
"332","DK1A","Non-Frozen","Storm","2019-28","4/12/2019 4:00","4/14/2019 0:55",10870,0.1737,0,NA,NA,NA,NA,NA,NA,0,0,0.61,0.67,19.4,845064,0.154355173099316
"333","DK1A","Non-Frozen","Non-storm","2019-29","4/14/2019 0:55","4/17/2019 21:05",6997,0.0336,0.5,37.5,0.01333,0.96,0.96,0.72,0.56,0,0,0,0.67,19.4,845064,0.0993581551219789
"334","DK1A","Non-Frozen","Storm","2019-30","4/17/2019 21:05","4/20/2019 0:25",17000,0.203,1.58,8.667,0.1823,1.8,1.2,0.74,0.58,0,0.11,0.11,0.72,19.4,845064,0.241401834653943
"335","DK1A","Non-Frozen","Non-storm","2019-31","4/20/2019 0:25","4/23/2019 1:55",4982,0.0295,0.42,3.417,0.1229,3.12,2.52,1.44,0.72,0,0,1.69,1.74,19.4,845064,0.0707449376615262
"336","DK1A","Non-Frozen","Storm","2019-32","4/23/2019 1:55","4/24/2019 16:45",10840,0.1897,1.21,5.333,0.2269,3.12,2.52,1.44,0.85,0.06,0.06,1.75,1.75,19.4,845064,0.153929169861691
"337","DK1A","Non-Frozen","Non-storm","2019-33","4/24/2019 16:45","5/1/2019 10:20",10750,0.03126,0.41,133.2,0.003077,0.24,0.24,0.16,0.1,0,0,1.27,2.96,19.4,845064,0.152651160148817
"338","DK1A","Non-Frozen","Storm","2019-34","5/1/2019 10:20","5/2/2019 1:05",1816,0.05278,0.31,8.417,0.03683,0.24,0.24,0.16,0.1,0.02,0.13,0.33,3.18,19.4,845064,0.0257873959842095
"339","DK1A","Non-Frozen","Non-storm","2019-35","5/2/2019 1:05","5/9/2019 4:00",10200,0.03214,0.46,62.67,0.00734,1.2,0.84,0.4,0.3,0,0,0.44,1.91,19.4,845064,0.144841100792366
"340","DK1A","Non-Frozen","Storm","2019-36","5/9/2019 4:00","5/11/2019 10:00",4330,0.03822,0.67,14.92,0.04492,1.2,0.84,0.4,0.3,0.12,0.12,0.18,0.82,19.4,845064,0.0614864672971515
"341","DK1A","Non-Frozen","Non-storm","2019-37","5/11/2019 10:00","5/25/2019 6:15",15820,0.02891,1.81,208.7,0.008674,5.52,4.44,2.2,1.1,0,0,0.22,0.85,19.4,845064,0.224645707307376
"342","DK1A","Non-Frozen","Storm","2019-38","5/25/2019 6:15","5/28/2019 0:30",8137,0.1141,1.54,66.67,0.0231,5.52,4.44,2.32,1.52,0,0,1.21,1.26,19.4,845064,0.115546278151714
"343","DK1A","Non-Frozen","Storm","2019-39","5/28/2019 0:30","5/29/2019 16:25",11880,0.1865,1.02,9.167,0.1113,0.72,0.6,0.44,0.36,0,0,1.45,2.45,19.4,845064,0.168697282099344
"344","DK1A","Non-Frozen","Non-storm","2019-40","5/29/2019 16:25","6/25/2019 18:05",19160,0.03709,2.43,582.8,0.00417,2.4,2.4,1.04,0.55,0,0,2.21,3.42,19.4,845064,0.272074067762915
"345","DK1A","Non-Frozen","Non-storm","2019-41","6/25/2019 18:05","7/20/2019 17:10",10600,0.05997,3.74,544.9,0.006863,3.84,2.46,1.38,0.77,0,0,0.71,1.02,19.4,845064,0.150521143960694
"346","DK1A","Non-Frozen","Storm","2019-42","7/20/2019 17:10","7/21/2019 21:00",9237,0.158,1.88,2.5,0.752,4.92,4.38,2.3,1.86,0.57,0.99,2.54,2.59,19.4,845064,0.131166396864616
"347","DK1A","Non-Frozen","Non-storm","2019-43","7/21/2019 21:00","7/27/2019 2:20",5783,0.03635,0.7,50.33,0.01391,4.56,3.48,1.72,0.86,0,0,3.21,4.42,19.4,845064,0.0821192241061032
"348","DK1A","Non-Frozen","Storm","2019-44","7/27/2019 2:20","7/27/2019 21:00",1881,0.05997,0.69,0.6667,1.035,4.56,3.48,1.94,1.12,0.01,0.01,2.72,4.69,19.4,845064,0.0267104029990628
"349","DK1A","Non-Frozen","Non-storm","2019-45","7/27/2019 21:00","8/7/2019 22:15",5433,0.01706,1.63,229.2,0.007113,10.32,9.12,4.64,2.32,0,0,0.96,5.38,19.4,845064,0.0771491863338161
"350","DK1A","Non-Frozen","Storm","2019-46","8/7/2019 22:15","8/8/2019 18:00",5426,0.1408,2.49,12.83,0.194,10.32,9.12,4.94,2.74,0,0.28,0.41,1.43,19.4,845064,0.0770497855783704
"351","DK1A","Non-Frozen","Non-storm","2019-47","8/8/2019 18:00","8/27/2019 1:00",9127,0.03709,1.49,241.5,0.00617,1.92,1.32,0.96,0.8,0,0,0,2.9,19.4,845064,0.129604384993326
"352","DK1A","Non-Frozen","Storm","2019-48","8/27/2019 1:00","8/28/2019 1:00",4590,0.1324,3.03,33,0.09182,1.92,1.32,0.96,0.85,0,0,0,0.14,19.4,845064,0.0651784953565647
"353","DK1A","Non-Frozen","Non-storm","2019-49","8/28/2019 1:00","9/3/2019 8:05",6331,0.03096,0.81,110.5,0.00733,6,5.52,2.88,1.44,0,0.1,3.03,3.17,19.4,845064,0.0899008832467127
"354","DK1A","Non-Frozen","Storm","2019-50","9/3/2019 8:05","9/4/2019 19:00",7647,0.1338,1.88,6.333,0.2968,6,5.52,3.22,1.7,0,0,0.19,3.12,19.4,845064,0.108588225270512
"355","DK1A","Non-Frozen","Non-storm","2019-51","9/4/2019 19:00","9/6/2019 9:40",3489,0.03272,0.37,12.17,0.03041,2.4,1.56,0.52,0.26,0,0,1.88,5,19.4,845064,0.0495441765357417
"356","DK1A","Non-Frozen","Storm","2019-52","9/6/2019 9:40","9/7/2019 14:30",4179,0.06269,0.42,1.583,0.2653,2.4,1.8,0.8,0.44,0.24,0.24,2.12,5.24,19.4,845064,0.0593422510011076
"357","DK1A","Non-Frozen","Non-storm","2019-53","9/7/2019 14:30","9/10/2019 6:40",4267,0.03008,0.25,8.417,0.0297,1.44,0.96,0.56,0.4,0,0,2.54,5.05,19.4,845064,0.0605918604981398
"358","DK1A","Non-Frozen","Storm","2019-54","9/10/2019 6:40","9/11/2019 15:30",6469,0.1051,0.98,33.83,0.02897,1.44,0.96,0.56,0.4,0.04,0.04,2.58,2.77,19.4,845064,0.0918604981397859
"359","DK1A","Non-Frozen","Storm","2019-55","9/11/2019 15:30","9/12/2019 13:45",10600,0.1636,2.21,6.5,0.34,4.8,3.24,1.86,1.5,0,0.95,1.61,3.58,19.4,845064,0.150521143960694
"360","DK1A","Non-Frozen","Non-storm","2019-56","9/12/2019 13:45","9/13/2019 6:10",3799,0.09961,0.51,3.167,0.1611,4.32,2.52,1.56,0.86,0,2.21,3.58,5.7,19.4,845064,0.0539462099911959
"361","DK1A","Non-Frozen","Storm","2019-57","9/13/2019 6:10","9/14/2019 21:00",10150,0.1317,0.6,9.083,0.06606,4.32,2.52,1.56,0.87,0,2.21,3.58,5.7,19.4,845064,0.144131095396325
"362","DK1A","Non-Frozen","Non-storm","2019-58","9/14/2019 21:00","9/20/2019 0:15",9262,0.03485,0.47,113.4,0.004144,1.08,0.96,0.44,0.23,0,0.58,3.76,6.3,19.4,845064,0.131521399562637
"363","DK1A","Non-Frozen","Storm","2019-59","9/20/2019 0:15","9/22/2019 13:25",12050,0.147,0.94,61.08,0.01539,4.44,3.06,1.18,0.59,0.42,0.42,1.07,4.81,19.4,845064,0.171111300445883
"364","DK1A","Non-Frozen","Storm","2019-60","9/22/2019 13:25","9/24/2019 7:30",12510,0.1387,1.12,17.83,0.0628,1.44,1.32,0.88,0.5,0,0,1.27,5.08,19.4,845064,0.177643350089461
"365","DK1A","Non-Frozen","Non-storm","2019-61","9/24/2019 7:30","9/27/2019 13:25",7166,0.04494,0.46,70.75,0.006502,3.6,3.24,1.28,0.72,0,0.81,2.39,5.26,19.4,845064,0.101757973360598
"366","DK1A","Non-Frozen","Storm","2019-62","9/27/2019 13:25","9/28/2019 12:00",4040,0.07086,0.71,9.25,0.07676,3.6,3.24,1.4,0.82,0,0,1.2,2.52,19.4,845064,0.0573684360001136
"367","DK1A","Non-Frozen","Non-storm","2019-63","9/28/2019 12:00","10/1/2019 4:59",6241,0.0356,0.24,32.33,0.007423,0.24,0.18,0.12,0.1,0,0.7,1.91,3.18,19.4,845064,0.0886228735338389
"368","DK1A","Non-Frozen","Non-storm","2020-1","10/1/2019 5:00","10/1/2019 15:15",975,0.0364,0.21,1.333,0.1575,0.72,0.72,0.52,0.38,0.04,0.17,1.03,3.42,19.4,845064,0.0138451052227997
"369","DK1A","Non-Frozen","Storm","2020-2","10/1/2019 15:15","10/2/2019 18:00",7263,0.1324,0.87,27.17,0.03202,0.72,0.72,0.52,0.38,0.04,0.17,1.03,3.42,19.4,845064,0.103135383828917
"370","DK1A","Non-Frozen","Non-storm","2020-3","10/2/2019 18:00","10/4/2019 1:30",5126,0.0595,0.13,21.17,0.006142,0.24,0.18,0.1,0.06,0.63,0.9,1.81,4.28,19.4,845064,0.0727897532021243
"371","DK1A","Non-Frozen","Non-storm","2020-4","10/4/2019 1:30","10/5/2019 18:00",3799,0.0375,0,NA,NA,NA,NA,NA,NA,0.1,0.54,1.94,3.39,19.4,845064,0.0539462099911959
"372","DK1A","Non-Frozen","Non-storm","2020-5","10/5/2019 18:00","10/11/2019 15:00",9606,0.0386,0.55,139.3,0.003947,1.68,1.32,0.64,0.38,0,0,1.23,3.14,19.4,845064,0.136406236687399
"373","DK1A","Non-Frozen","Storm","2020-6","10/11/2019 15:00","10/13/2019 8:00",10360,0.1516,1.05,10.92,0.09618,1.68,1.32,0.64,0.39,0.06,0.06,0.3,2.24,19.4,845064,0.147113118059697
"374","DK1A","Non-Frozen","Non-storm","2020-7","10/13/2019 8:00","10/15/2019 15:30",4667,0.0339,0.11,45.42,0.002422,0.24,0.24,0.16,0.08,0,0.19,1.11,2.4,19.4,845064,0.0662719036664679
"375","DK1A","Non-Frozen","Storm","2020-8","10/15/2019 15:30","10/17/2019 11:00",5592,0.06,0.62,22.5,0.02756,0.72,0.36,0.16,0.1,0,0.03,1.14,2.37,19.4,845064,0.0794070034932266
"376","DK1A","Non-Frozen","Non-storm","2020-9","10/17/2019 11:00","10/27/2019 4:50",14790,0.0298,0.51,171.6,0.002972,1.92,1.56,0.88,0.54,0,0,0.65,1.81,19.4,845064,0.210019596148931
"377","DK1A","Non-Frozen","Storm","2020-10","10/27/2019 4:50","10/29/2019 7:00",4945,0.0401,0.69,5.917,0.1166,1.92,1.56,0.88,0.57,0,0,0.21,0.88,19.4,845064,0.0702195336684559
"378","DK1A","Non-Frozen","Non-storm","2020-11","10/29/2019 7:00","11/16/2019 6:00",17460,0.0216,0.21,63.67,0.003298,0.12,0.12,0.08,0.06,0,0,0.69,0.92,19.4,845064,0.247933884297521
"379","DK1A","Non-Frozen","Non-storm","2020-12","11/16/2019 6:00","11/21/2019 12:00",3610,0.013,0.23,89.25,0.002577,0.48,0.36,0.36,0.24,0,0,0,0.05,19.4,845064,0.0512623895941609
"380","DK1A","Non-Frozen","Storm","2020-13","11/21/2019 12:00","11/22/2019 18:00",2967,0.0431,0.56,9.5,0.05895,0.48,0.36,0.36,0.27,0,0,0.02,0.02,19.4,845064,0.0421317202010735
"381","DK1A","Non-Frozen","Non-storm","2020-14","11/22/2019 18:00","11/27/2019 7:00",5558,0.0216,0.17,2.75,0.06182,0.48,0.48,0.4,0.3,0,0,0.56,0.58,19.4,845064,0.0789241998239187
"382","DK1A","Non-Frozen","Storm","2020-15","11/27/2019 7:00","11/30/2019 23:00",11890,0.0801,1.61,90.75,0.01774,0.48,0.48,0.4,0.33,0,0,0.56,0.58,19.4,845064,0.168839283178552
"383","DK1A","Non-Frozen","Storm","2020-16","11/30/2019 23:00","12/3/2019 15:00",8252,0.0505,0.22,7.75,0.02839,0.24,0.18,0.12,0.09,0,0,1.57,2.15,19.4,845064,0.117179290562608
"384","DK1A","Non-Frozen","Non-storm","2020-17","12/3/2019 15:00","12/16/2019 18:00",18260,0.0277,0.04,5.667,0.007059,0.12,0.06,0.04,0.02,0,0,0,1.79,19.4,845064,0.259293970634177
"385","DK1A","Non-Frozen","Non-storm","2020-18","12/16/2019 18:00","12/24/2019 16:00",4996,0.0098,0,NA,NA,NA,NA,NA,NA,0,0,0.02,0.04,19.4,845064,0.0709437391724177
"386","DK1A","Non-Frozen","Storm","2020-19","12/24/2019 16:00","12/29/2019 7:30",9125,0.0352,0.08,6.917,0.01157,0.24,0.24,0.12,0.1,0,0,0,0,19.4,845064,0.129575984777484
"387","DK1A","Non-Frozen","Storm","2020-20","12/29/2019 7:30","1/2/2020 17:00",19250,0.0984,1.96,98.5,0.0199,0.36,0.36,0.34,0.3,0.03,0.03,0.03,0.03,19.4,845064,0.273352077475789
"388","DK1A","Non-Frozen","Storm","2020-21","1/2/2020 17:00","1/3/2020 20:00",3696,0.0528,0,NA,NA,NA,NA,NA,NA,0.08,0.08,1.99,1.99,19.4,845064,0.0524835988753515
"389","DK1A","Frozen","Non-storm","2020-22","1/3/2020 20:00","1/9/2020 6:00",6421,0.0295,0,NA,NA,NA,NA,NA,NA,0,0.08,1.99,1.99,19.4,845064,0.0911788929595865
"390","DK1A","Frozen","Non-storm","2020-23","1/9/2020 6:00","1/24/2020 19:00",8102,0.0091,0.16,341.2,0.0004689,0.24,0.12,0.1,0.07,0,0,0,1.99,19.4,845064,0.115049274374485
"391","DK1A","Frozen","Storm","2020-24","1/24/2020 19:00","2/2/2020 20:00",9740,0.0171,0.17,29.42,0.005779,0.12,0.12,0.08,0.05,0.02,0.11,0.12,0.12,19.4,845064,0.138309051148789
"392","DK1A","Frozen","Storm","2020-25","2/2/2020 20:00","2/4/2020 18:00",3238,0.0277,0,NA,NA,NA,NA,NA,NA,0,0,0,0.29,19.4,845064,0.0459799494476158
"393","DK1A","Frozen","Non-storm","2020-26","2/4/2020 18:00","3/2/2020 19:00",12320,0.0152,0,NA,NA,NA,NA,NA,NA,0,0,0,0.29,19.4,845064,0.174945329584505
"394","DK1A","Frozen","Storm","2020-27","3/2/2020 19:00","3/5/2020 18:00",1848,0.0109,0.02,0.4167,0.048,0.12,0.06,0.04,0.02,0,0,0,0,19.4,845064,0.0262417994376757
"395","DK1A","Frozen","Storm","2020-28","3/5/2020 18:00","3/8/2020 11:00",5526,0.0349,0.01,NA,NA,NA,NA,NA,NA,0.02,0.02,0.02,0.02,19.4,845064,0.0784697963704524
"396","DK1A","Non-Frozen","Storm","2020-29","3/8/2020 11:00","3/10/2020 12:30",8481,0.0754,0.64,14.75,0.04339,0.12,0.12,0.12,0.12,0,0,0.03,0.03,19.4,845064,0.120431115276476
"397","DK1A","Non-Frozen","Storm","2020-30","3/10/2020 12:30","3/12/2020 5:00",8282,0.0838,0.01,NA,NA,NA,NA,NA,NA,0.62,0.64,0.67,0.67,19.4,845064,0.117605293800233
"398","DK1A","Non-Frozen","Storm","2020-31","3/12/2020 5:00","3/15/2020 5:00",11430,0.0783,0.13,9.5,0.01368,0.24,0.12,0.08,0.06,0,0.01,0.66,0.68,19.4,845064,0.162307233534975
"399","DK1A","Non-Frozen","Non-storm","2020-32","3/15/2020 5:00","3/19/2020 20:30",7555,0.0236,0.09,0.3333,0.27,0.72,0.6,0.36,0.18,0,0,0.04,0.79,19.4,845064,0.107281815341797
"400","DK1A","Non-Frozen","Storm","2020-33","3/19/2020 20:30","3/22/2020 1:00",11790,0.119,1.64,13.83,0.1186,0.72,0.6,0.42,0.36,0,0,0.04,0.79,19.4,845064,0.16741927238647
"401","DK1A","Non-Frozen","Non-storm","2020-34","3/22/2020 1:00","3/26/2020 0:15",6456,0.0277,0.13,2.083,0.0624,0.48,0.36,0.32,0.18,0,0,1.64,1.77,19.4,845064,0.0916758967368152
"402","DK1A","Non-Frozen","Storm","2020-35","3/26/2020 0:15","3/26/2020 12:00",2228,0.0771,0.61,9.25,0.06595,0.48,0.36,0.32,0.25,0,0,1.64,1.77,19.4,845064,0.0316378404475874
"403","DK1A","Non-Frozen","Non-storm","2020-36","3/26/2020 12:00","3/28/2020 22:00",6347,0.0487,0.23,14.58,0.01577,0.24,0.24,0.18,0.14,0,0.01,0.61,2.25,19.4,845064,0.0901280849734458
"404","DK1A","Non-Frozen","Storm","2020-37","3/28/2020 22:00","3/30/2020 7:30",9270,0.119,0.79,31.5,0.02508,0.84,0.6,0.34,0.26,0.22,0.22,0.83,2.47,19.4,845064,0.131635000426003
"405","DK1A","Non-Frozen","Non-storm","2020-38","3/30/2020 7:30","4/7/2020 20:20",12850,0.0494,0.22,88.25,0.002493,0.72,0.36,0.16,0.1,0,0,1.01,1.62,19.4,845064,0.18247138678254
"406","DK1A","Non-Frozen","Storm","2020-39","4/7/2020 20:20","4/8/2020 11:00",1528,0.0509,0.4,13.75,0.02909,2.64,2.04,0.82,0.42,0.01,0.01,0.19,1.81,19.4,845064,0.0216977649030133
"407","DK1A","Non-Frozen","Non-storm","2020-40","4/8/2020 11:00","4/18/2020 5:00",10250,0.026,0.4,117.8,0.003395,0.6,0.48,0.26,0.17,0.4,0.4,0.58,2.2,19.4,845064,0.145551106188407
"408","DK1A","Non-Frozen","Non-storm","2020-41","4/18/2020 5:00","4/29/2020 21:25",6440,0.0098,0.93,259,0.003591,0.24,0.24,0.2,0.16,0,0,0.38,0.8,19.4,845064,0.0914486950100821
"409","DK1A","Non-Frozen","Storm","2020-42","4/29/2020 21:25","5/1/2020 17:00",5363,0.0731,1.19,20.67,0.05758,0.24,0.24,0.2,0.17,0,0.24,0.42,0.75,19.4,845064,0.0761551787793587
"410","DK1A","Non-Frozen","Non-storm","2020-43","5/1/2020 17:00","5/18/2020 1:00",9869,0.0236,1.18,384.7,0.003068,0.72,0.6,0.4,0.3,0,0.67,1.61,1.94,19.4,845064,0.140140865070575
"411","DK1A","Non-Frozen","Storm","2020-44","5/18/2020 1:00","5/20/2020 2:30",14310,0.1148,2.86,45.08,0.06344,0.72,0.6,0.4,0.3,0,0,0.25,0.25,19.4,845064,0.203203544346937
"412","DK1A","Non-Frozen","Non-storm","2020-45","5/20/2020 2:30","5/22/2020 2:00",4552,0.0468,0,NA,NA,NA,NA,NA,NA,0.05,1.79,3.11,3.11,19.4,845064,0.0646388912555736
"413","DK1A","Non-Frozen","Non-storm","2020-46","5/22/2020 2:00","5/28/2020 19:00",6330,0.0183,1.07,108.5,0.009862,3.36,2.76,1.84,1.4,0,0,2.86,3.11,19.4,845064,0.0898866831387919
"414","DK1A","Non-Frozen","Storm","2020-47","5/28/2020 19:00","5/29/2020 11:00",2832,0.075,1.54,9.167,0.168,3.36,2.76,1.84,1.4,0.01,0.01,0.14,3,19.4,845064,0.0402147056317628
"415","DK1A","Non-Frozen","Non-storm","2020-48","5/29/2020 11:00","6/11/2020",11760,0.039,1.31,219.4,0.00597,1.92,1.68,1.24,0.78,0,0,1.55,1.79,19.4,845064,0.166993269148846
"416","DK1A","Non-Frozen","Non-storm","2020-49","6/11/2020","6/23/2020 4:30",9057,0.0295,2.02,293.3,0.006886,1.92,1.68,1.24,0.9,0.61,0.61,0.7,2.47,19.4,845064,0.128610377438869
"417","DK1A","Non-Frozen","Storm","2020-50","6/23/2020 4:30","6/23/2020 21:00",4895,0.1169,2.23,11,0.2027,2.04,1.68,1.2,0.9,0.06,0.2,0.71,2.06,19.4,845064,0.0695095282724149
"418","DK1A","Non-Frozen","Non-storm","2020-51","6/23/2020 21:00","6/25/2020 14:00",4786,0.0577,0.01,NA,NA,NA,NA,NA,NA,0,2.29,2.94,3.68,19.4,845064,0.0679617165090455
"419","DK1A","Non-Frozen","Non-storm","2020-52","6/25/2020 14:00","7/19/2020 9:15",16420,0.0434,4.58,537.8,0.008517,4.44,3.72,1.72,1.06,0,0,2.95,2.95,19.4,845064,0.233165772059868
"420","DK1A","Non-Frozen","Storm","2020-53","7/19/2020 9:15","7/19/2020 17:00",1122,0.0554,0.23,2.267,0.1015,1.2,0.9,0.36,0.2,0,0,0.94,4.54,19.4,845064,0.0159325210871603
"421","DK1A","Non-Frozen","Non-storm","2020-54","7/19/2020 17:00","7/27/2020 11:00",6934,0.0324,0.7,12.6,0.05556,2.16,2.04,1.04,0.54,0,0,0.23,1.17,19.4,845064,0.0984635483229673
"422","DK1A","Non-Frozen","Non-storm","2020-55","7/27/2020 11:00","8/10/2020 23:00",6020,0.0092,2.68,192.2,0.01394,10.56,8.28,3.6,1.8,0,0,0,0.7,19.4,845064,0.0854846496833376
"423","DK1A","Non-Frozen","Non-storm","2020-56","8/10/2020 23:00","8/25/2020 7:00",8886,0.039,1.19,318.2,0.003739,10.56,8.28,3.68,1.85,0.01,0.08,1.73,1.78,19.4,845064,0.126182158984408
"424","DK1A","Non-Frozen","Non-storm","2020-57","8/25/2020 7:00","9/12/2020 9:00",6043,0.0173,2.48,411.1,0.006033,1.68,1.44,1.12,0.88,0,0,0.16,0.2,19.4,845064,0.0858112521655165
"425","DK1A","Non-Frozen","Non-storm","2020-58","9/12/2020 9:00","9/17/2020 9:00",5745,0.0371,1.08,22.5,0.048,0.72,0.6,0.52,0.46,0,0.02,0.52,0.68,19.4,845064,0.081579620005112
"426","DK1A","Non-Frozen","Non-storm","2020-59","9/17/2020 9:00","10/1/2020 4:59",5680,0.0085,0.28,207.8,0.001348,0.48,0.36,0.12,0.06,0,0,0,1.56,19.4,845064,0.0806566129902587
"427","H3","Non-Frozen","Storm","2004-1","7/16/2004 18:57","7/16/2004 19:20",714.8,1.622,1.03,2.333,0.4414,5.64,2.94,1.04,0.53,0,0,0.2,2.51,15.8,688248,0.0124629494019598
"428","H3","Non-Frozen","Storm","2004-2","7/16/2004 22:25","7/16/2004 23:15",1861,3.386,0.83,0.7,1.186,4.08,3.12,1.44,0.83,1.03,1.03,1.22,3.54,15.8,688248,0.0324476060954772
"429","H3","Frozen","Storm","2005-1","1/2/2005 1:20","1/3/2005 0:20",8829,0.6866,0.62,17.08,0.03629,1.56,1.44,0.78,0.47,0,0.02,0.03,0.03,15.8,688248,0.153938696516372
"430","H3","Frozen","Storm","2005-2","1/12/2005 20:33","1/14/2005 0:01",8212,0.196,0.29,7.7,0.03766,0.36,0.24,0.16,0.11,0.05,0.05,0.05,0.7,15.8,688248,0.143180946403041
"431","H3","Frozen","Storm","2005-3","2/6/2005 2:00","2/8/2005 14:28",50040,0.7204,0.252,15.73,0.01602,0.108,0.108,0.072,0.063,0,0,0,0,15.8,688248,0.872476200439377
"432","H3","Frozen","Storm","2005-4","2/13/2005 0:07","2/16/2005 9:34",63560,0.7603,0.486,42.75,0.01137,0.108,0.108,0.108,0.09,0,0,0.252,0.252,15.8,688248,1.10820518185305
"433","H3","Frozen","Storm","2005-5","2/16/2005 16:00","2/17/2005 0:18",1078,0.06092,0,NA,NA,NA,NA,NA,NA,0,0.126,0.486,0.738,15.8,688248,0.0187955504411201
"434","H3","Frozen","Storm","2005-6","2/25/2005 19:25","2/26/2005 4:58",4216,0.2374,0,NA,NA,NA,NA,NA,NA,0,0,0,0.486,15.8,688248,0.0735083865118388
"435","H3","Frozen","Storm","2005-7","2/27/2005 21:33","2/28/2005 2:38",3460,0.3558,0,NA,NA,NA,NA,NA,NA,0,0,0,0.306,15.8,688248,0.060327091397287
"436","H3","Frozen","Storm","2005-8","3/4/2005 19:29","3/5/2005 2:43",5703,0.478,0,NA,NA,NA,NA,NA,NA,0,0,0,0,15.8,688248,0.0994350873522335
"437","H3","Frozen","Storm","2005-9","3/5/2005 14:16","3/7/2005 21:25",48620,1.27,0.171,1.583,0.108,0.324,0.324,0.198,0.135,0,0,0,0,15.8,688248,0.847717683160721
"438","H3","Frozen","Storm","2005-10","3/11/2005 19:32","3/12/2005 0:12",853.2,0.07489,0,NA,NA,NA,NA,NA,NA,0.02,0.03,0.21,0.21,15.8,688248,0.0148760330578512
"439","H3","Frozen","Storm","2005-11","3/15/2005 18:00","3/16/2005 0:18",2205,0.1597,0,NA,NA,NA,NA,NA,NA,0,0,0.03,0.21,15.8,688248,0.0384454440841092
"440","H3","Frozen","Storm","2005-12","3/16/2005 17:46","3/17/2005 0:09",1841,0.1358,0,NA,NA,NA,NA,NA,NA,0,0,0.03,0.21,15.8,688248,0.0320988945845102
"441","H3","Frozen","Storm","2005-13","3/18/2005 17:30","3/19/2005 4:12",6317,0.3558,0,NA,NA,NA,NA,NA,NA,0,0,0,0.21,15.8,688248,0.11014053073892
"442","H3","Frozen","Storm","2005-14","3/20/2005 16:05","3/20/2005 22:50",5302,0.647,0,NA,NA,NA,NA,NA,NA,0,0,0,0.21,15.8,688248,0.0924434215573456
"443","H3","Non-Frozen","Storm","2005-15","4/20/2005 3:53","4/20/2005 4:11",264.2,0.5966,0.7,0.4333,1.615,3.276,3.036,1.4,0.7,0,0,0.054,0.976,15.8,688248,0.00460647905987377
"444","H3","Non-Frozen","Storm","2005-16","5/9/2005 17:45","5/9/2005 17:55",119.4,0.4085,0.369,0.1333,2.768,4.212,2.214,0.738,0.369,0.762,0.762,1.078,1.114,15.8,688248,0.00208180772047285
"445","H3","Non-Frozen","Storm","2005-17","6/25/2005 6:56","6/25/2005 7:22",649.9,1.092,1.37,3.783,0.3621,4.056,2.826,1.254,0.69,0.62,0.62,0.62,1.704,15.8,688248,0.0113313805488719
"446","H3","Non-Frozen","Storm","2005-18","6/26/2005 3:06","6/26/2005 3:40",952,1.21,0.887,0.8333,1.064,2.16,2.1,1.54,0.887,1.705,2.325,2.325,2.442,15.8,688248,0.0165986679220281
"447","H3","Non-Frozen","Storm","2005-19","7/23/2005 14:48","7/23/2005 15:04",51.4,0.09204,0.874,3.367,0.2596,2.4,2.04,1.532,0.838,0,0.216,0.645,0.789,15.8,688248,0.000896188583185131
"448","H3","Non-Frozen","Storm","2005-20","7/26/2005 0:21","7/26/2005 0:45",297,0.5486,0.772,0.5,1.544,4.476,3.648,1.526,0.772,0.018,0.018,1.7,1.844,15.8,688248,0.00517836593785961
"449","H3","Non-Frozen","Storm","2005-21","7/26/2005 4:20","7/26/2005 4:37",46.3,0.06589,0.395,0.5,0.79,1.332,0.996,0.772,0.395,0.799,0.799,2.481,2.625,15.8,688248,0.000807267147888552
"450","H3","Frozen","Storm","2006-1","3/8/2006 17:34","3/9/2006 7:00",5886,0.443,0.54,5.033,0.1073,0.324,0.27,0.198,0.18,0.081,0.252,0.252,0.252,15.8,688248,0.102625797677581
"451","H3","Frozen","Storm","2007-1","12/21/2006 14:37","12/21/2006 17:20",176.5,0.05816,0.342,5.167,0.06619,0.216,0.162,0.144,0.117,0.252,0.252,0.261,0.297,15.8,688248,0.00307737908428357
"452","H3","Frozen","Storm","2007-2","2/21/2007 18:00","2/22/2007 9:33",851.3,0.03292,0,NA,NA,NA,NA,NA,NA,0,0,0,0,15.8,688248,0.0148429054643094
"453","H3","Frozen","Storm","2007-3","2/22/2007 17:30","2/23/2007 0:15",748.9,0.06021,0,NA,NA,NA,NA,NA,NA,0,0,0,0,15.8,688248,0.0130575025281585
"454","H3","Frozen","Storm","2007-4","3/10/2007","3/13/2007 2:46",45430,1.83,0.153,4.233,0.03614,0.108,0.108,0.072,0.063,0,0,0,0.144,15.8,688248,0.792098197161488
"455","H3","Frozen","Storm","2007-5","3/13/2007 14:45","3/13/2007 19:31",1388,0.1701,0,NA,NA,NA,NA,NA,NA,0.009,0.009,0.162,0.306,15.8,688248,0.0242005788611082
"456","JF2","Frozen","Storm","2011-1","12/31/2010 1:30","12/31/2010 9:15",396.2,0.03136,0.01,NA,NA,NA,NA,NA,NA,0.03,0.03,0.03,0.03,16,696960,0.00682162534435262
"457","JF2","Frozen","Storm","2011-2","2/14/2011 20:45","2/15/2011 1:05",84.1,0.0089,0,NA,NA,NA,NA,NA,NA,0,0,0,0,16,696960,0.00144800275482094
"458","JF2","Frozen","Storm","2011-3","2/15/2011 21:45","2/16/2011 0:15",61.9,0.00986,0,NA,NA,NA,NA,NA,NA,0,0,0,0,16,696960,0.00106577134986226
"459","JF2","Frozen","Storm","2011-4","2/16/2011 19:30","2/17/2011 23:30",1138,0.02674,0.02,3.333,0.006,0.12,0.06,0.02,0.01,0,0,0,0,16,696960,0.0195936639118457
"460","JF2","Frozen","Storm","2011-5","3/15/2011 20:45","3/16/2011 0:30",140.6,0.01664,0,NA,NA,NA,NA,NA,NA,0,0,0,0.15,16,696960,0.00242079889807162
"461","JF2","Frozen","Storm","2011-6","3/16/2011 18:15","3/17/2011 0:15",398,0.03396,0,NA,NA,NA,NA,NA,NA,0,0,0,0.15,16,696960,0.00685261707988981
"462","JF2","Frozen","Storm","2011-7","3/17/2011 18:45","3/18/2011 3:30",1187,0.082,0.01,NA,NA,NA,NA,NA,NA,0,0,0,0.15,16,696960,0.0204373278236915
"463","JF2","Non-Frozen","Storm","2011-8","3/20/2011 13:30","3/20/2011 21:15",2255,0.2234,0.94,11,0.08545,0.36,0.36,0.3,0.22,0.02,0.02,0.03,0.03,16,696960,0.0388257575757576
"464","JF2","Non-Frozen","Storm","2011-9","3/22/2011 15:30","3/23/2011 13:15",5598,0.6278,1.49,20.92,0.07124,0.84,0.6,0.32,0.24,0,0.94,0.97,0.97,16,696960,0.0963842975206612
"465","JF2","Frozen","Storm","2012-1","1/31/2012 23:45","2/1/2012 3:45",138.2,0.0151,0,NA,NA,NA,NA,NA,NA,0,0,0,0,16,696960,0.00237947658402204
"466","JF2","Frozen","Storm","2012-2","2/4/2012 20:30","2/5/2012",34.6,0.0069,0,NA,NA,NA,NA,NA,NA,0,0,0,0,16,696960,0.000595730027548209
"467","JF2","Frozen","Storm","2012-3","2/21/2012 20:45","2/22/2012 5:55",924.5,0.0638,0,NA,NA,NA,NA,NA,NA,0,0,0,0,16,696960,0.0159176997245179
"468","JF2","Frozen","Storm","2012-4","2/22/2012 22:15","2/23/2012 3:30",164.2,0.0192,0,NA,NA,NA,NA,NA,NA,0,0,0,0,16,696960,0.0028271349862259
"469","JF2","Frozen","Storm","2012-5","2/26/2012 21:15","2/27/2012 4:15",414.7,0.0314,0,NA,NA,NA,NA,NA,NA,0,0,0,0,16,696960,0.00714015151515152
"470","JF2","Frozen","Storm","2012-6","2/29/2012 1:34","3/1/2012 0:45",18870,1.574,0,NA,NA,NA,NA,NA,NA,0,0,0,0,16,696960,0.324896694214876
"471","JF2","Frozen","Storm","2012-7","3/2/2012 0:15","3/2/2012 1:30",17.3,0.0081,0,NA,NA,NA,NA,NA,NA,0,0,0,0,16,696960,0.000297865013774105
"472","JF2","Frozen","Storm","2012-8","3/6/2012 17:00","3/7/2012 2:15",13400,1.34,0,NA,NA,NA,NA,NA,NA,0,0,0,0,16,696960,0.230716253443526
"473","JF2","Non-Frozen","Storm","2012-9","3/7/2012 8:30","3/7/2012 23:00",224.7,0.0118,0.06,1,0.06,0.24,0.18,0.1,0.05,0,0,0,0,16,696960,0.00386880165289256
"474","JF2","Frozen","Storm","2013-1","1/29/2013 8:30","1/30/2013 11:15",6601,0.2416,0.17,5.583,0.03045,0.48,0.36,0.14,0.08,0.21,0.21,0.21,0.21,16,696960,0.113653581267218
"475","JF2","Frozen","Storm","2013-2","2/10/2013 17:30","2/12/2013 5:30",15050,0.4246,0.77,11.33,0.06794,0.6,0.6,0.44,0.29,0,0,0.03,0.41,16,696960,0.259125344352617
"476","JF2","Frozen","Storm","2013-3","3/9/2013 22:15","3/12/2013 14:00",29020,0.8866,0.64,28.83,0.0222,0.24,0.18,0.16,0.14,0.08,0.08,0.08,0.08,16,696960,0.49965564738292
"477","JF2","Frozen","Storm","2013-4","3/28/2013 17:15","4/5/2013 7:15",58250,1.273,0.21,19.33,0.01086,0.36,0.3,0.2,0.16,0,0,0,0,16,696960,1.00292699724518
"478","JF2","Non-Frozen","Storm","2013-5","4/5/2013 14:30","4/5/2013 22:45",267.8,0.0278,0,NA,NA,NA,NA,NA,NA,0,0,0.21,0.21,16,696960,0.00461088154269972
"479","JF2","Non-Frozen","Storm","2013-6","4/6/2013 16:30","4/7/2013 3:00",138.2,0.0092,0.23,4,0.0575,0.24,0.24,0.2,0.14,0,0,0.03,0.21,16,696960,0.00237947658402204
"480","JF2","Non-Frozen","Storm","2013-7","4/7/2013 18:15","4/7/2013 22:15",17.3,0.0036,0,NA,NA,NA,NA,NA,NA,0.23,0.23,0.23,0.44,16,696960,0.000297865013774105
"481","JF2","Non-Frozen","Storm","2013-8","4/9/2013 16:30","4/9/2013 18:00",17.3,0.0081,0.79,5.5,0.1436,0.48,0.48,0.44,0.37,0,0.07,0.3,0.51,16,696960,0.000297865013774105
"482","JF2","Non-Frozen","Storm","2013-9","4/10/2013 3:45","4/10/2013 10:00",5694,1.858,1.26,6.583,0.1914,1.56,1.02,0.64,0.5,0.81,0.88,1.11,1.32,16,696960,0.0980371900826446
"483","JF2","Non-Frozen","Storm","2013-10","4/15/2013 4:15","4/15/2013 6:30",699.8,0.28,0.53,3.5,0.1514,0.36,0.3,0.3,0.25,0.42,0.42,2.67,2.9,16,696960,0.0120488980716253
"484","JF2","Non-Frozen","Storm","2013-11","6/23/2013 2:45","6/23/2013 7:15",146.9,0.082,1.34,6,0.2233,1.92,1.68,1.18,0.89,0.52,1.55,1.57,3.75,16,696960,0.00252926997245179
"485","JF2","Non-Frozen","Storm","2014-1","10/5/2013 7:15","10/5/2013 8:00",46.4,0.03948,1.52,1.917,0.793,3.6,3.36,2.72,1.51,0.07,1.36,1.95,1.95,16,696960,0.000798898071625344
"486","JF2","Frozen","Storm","2014-2","3/10/2014 23:45","3/16/2014 3:00",32100,0.5158,0.13,3,0.04333,0.12,0.06,0.06,0.06,0,0,0,0,16,696960,0.552685950413223
"487","JF2","Frozen","Storm","2014-3","3/18/2014 17:00","3/20/2014 15:45",9547,0.3684,0.01,NA,NA,NA,NA,NA,NA,0,0,0,0.13,16,696960,0.164376721763085
"488","JF2","Frozen","Storm","2014-4","3/20/2014 18:30","3/23/2014 0:05",21080,0.9526,0,NA,NA,NA,NA,NA,NA,0,0.01,0.01,0.14,16,696960,0.362947658402204
"489","JF2","Frozen","Storm","2014-5","3/27/2014 16:30","3/29/2014 2:45",32390,2.05,0.9,10.75,0.08372,0.48,0.36,0.3,0.24,0,0,0,0.01,16,696960,0.557679063360882
"490","JF2","Frozen","Storm","2014-6","3/29/2014 15:45","3/30/2014 2:30",153.9,0.0075,0,NA,NA,NA,NA,NA,NA,0,0.9,0.9,0.91,16,696960,0.00264979338842975
"491","JF2","Frozen","Storm","2014-7","3/30/2014 15:45","3/31/2014 1:45",466,0.03292,0,NA,NA,NA,NA,NA,NA,0,0,0.9,0.91,16,696960,0.00802341597796143
"492","JF2","Frozen","Storm","2014-8","3/31/2014 14:45","3/31/2014 21:00",31.8,0.00426,0,NA,NA,NA,NA,NA,NA,0,0,0.9,0.91,16,696960,0.000547520661157025
"493","JF2","Non-Frozen","Storm","2014-9","6/18/2014 11:00","6/18/2014 12:15",766.1,0.7282,1.22,1.167,1.046,6,5.34,2.28,1.2,0.01,1.62,1.63,2.53,16,696960,0.0131904269972452
"494","JF2","Non-Frozen","Storm","2014-10","6/19/2014 6:00","6/19/2014 12:30",29620,11.43,2.16,6.583,0.3281,2.52,2.46,1.86,1.39,1.39,1.55,3.01,3.9,16,696960,0.509986225895317
"495","JF2","Frozen","Storm","2015-1","3/8/2015 17:45","3/10/2015 23:30",27430,1.458,0,NA,NA,NA,NA,NA,NA,0,0,0,0,16,696960,0.472279614325069
"496","JF2","Frozen","Storm","2015-2","3/11/2015 17:15","3/11/2015 22:00",24.5,0.00541,0,NA,NA,NA,NA,NA,NA,0,0,0,0,16,696960,0.000421831955922865
"497","JF2","Non-Frozen","Storm","2015-3","4/9/2015 17:15","4/9/2015 18:15",69,0.03188,0.79,3.25,0.2431,0.84,0.78,0.6,0.39,0.36,1.78,1.8,2.05,16,696960,0.00118801652892562
"498","JF2","Non-Frozen","Storm","2015-4","7/13/2015 21:45","7/13/2015 22:15",95,0.2,1.11,0.75,1.48,5.28,4.08,2.2,1.11,0.91,0.91,1.05,1.55,16,696960,0.00163567493112948
"499","JF2","Non-Frozen","Storm","2016-1","12/14/2015 10:00","12/14/2015 16:30",12900,2.802,4.15,32.33,0.1284,0.96,0.84,0.52,0.5,0,0,0.05,0.57,16,696960,0.222107438016529
"500","JF2","Non-Frozen","Storm","2016-2","3/31/2016 3:15","3/31/2016 10:15",6902,1.254,1.48,6.833,0.2166,1.92,1.74,1.02,0.71,0.32,0.32,0.37,0.37,16,696960,0.11883608815427
"501","JF2","Non-Frozen","Storm","2016-3","5/26/2016 11:00","5/26/2016 11:30",109.3,0.181,1.46,0.75,1.947,4.44,3.18,2.42,1.46,0.11,0.11,0.11,0.55,16,696960,0.0018818870523416
"502","JF2","Non-Frozen","Storm","2016-4","6/1/2016 0:15","6/1/2016 1:30",82.4,0.0595,1.25,1.667,0.75,2.28,1.8,1.06,0.97,0.17,0.17,3.2,3.2,16,696960,0.00141873278236915
"503","JF2","Non-Frozen","Storm","2016-5","6/11/2016 0:15","6/11/2016 1:15",81.6,0.1575,0.65,0.75,0.8667,1.68,1.32,0.94,0.65,0,0.53,1.31,4.01,16,696960,0.00140495867768595
"504","JF2","Non-Frozen","Storm","2016-6","6/12/2016 10:30","6/12/2016 11:00",42.7,0.1081,0.2,0.25,0.8,1.32,1.02,0.4,0.2,0,0.69,1.22,3.62,16,696960,0.000735192837465565
"505","JF2","Non-Frozen","Storm","2016-7","6/13/2016 15:15","6/13/2016 16:00",78.2,0.06234,0.64,0.75,0.8533,1.92,1.74,1.2,0.64,0,0.29,1.51,3.87,16,696960,0.00134641873278237
"506","JF2","Non-Frozen","Storm","2016-8","6/15/2016 2:15","6/15/2016 5:15",9527,4.844,1.57,3,0.5233,4.08,3.96,2.06,1.21,0.02,0.67,2.18,3.34,16,696960,0.164032369146006
"507","JF2","Non-Frozen","Storm","2016-9","6/30/2016 20:15","6/30/2016 21:00",420.3,0.5179,1.31,0.6667,1.965,7.08,6.06,2.54,1.31,0,0,0.62,0.67,16,696960,0.00723657024793388
"508","JF2","Non-Frozen","Storm","2016-10","7/6/2016 3:30","7/6/2016 4:15",92.1,0.1081,0.73,0.9167,0.7964,3.24,2.88,1.38,0.73,0,0,1.35,1.97,16,696960,0.00158574380165289
"509","JF2","Non-Frozen","Storm","2016-11","7/17/2016 9:00","7/17/2016 9:45",84.3,0.099,0.47,2.417,0.1945,1.44,1.02,0.58,0.36,0,0.07,0.38,1.8,16,696960,0.00145144628099174
"510","JF2","Non-Frozen","Storm","2016-12","8/17/2016 3:45","8/17/2016 4:15",45,0.04713,0.81,1.75,0.4629,1.92,1.56,0.98,0.49,0,0,0.58,2.02,16,696960,0.000774793388429752
"511","JF2","Non-Frozen","Storm","2016-13","8/24/2016 6:15","8/24/2016 7:00",68.7,0.1036,1.4,3.833,0.3652,2.64,2.58,1.14,0.73,0,0,1.89,2.96,16,696960,0.00118285123966942
"512","JF2","Non-Frozen","Storm","2016-14","9/7/2016 11:45","9/7/2016 13:30",2918,1.92,2.51,12.5,0.2008,3.36,2.4,1.5,0.8,0.08,0.21,0.21,2.19,16,696960,0.0502410468319559
"513","JF2","Non-Frozen","Storm","2016-15","9/9/2016 18:00","9/9/2016 19:15",67.5,0.02929,1.47,5.667,0.2594,1.08,0.9,0.76,0.63,0,0.34,3.06,3.28,16,696960,0.00116219008264463
"514","JF2","Non-Frozen","Storm","2016-16","9/21/2016 13:45","9/21/2016 15:45",206.5,0.06589,1.52,7.583,0.2004,1.32,0.78,0.5,0.43,0.01,0.18,1.22,5.52,16,696960,0.00355544077134986
"515","JF2","Non-Frozen","Storm","2016-17","9/22/2016 6:00","9/22/2016 22:15",50540,9.304,3.43,12.17,0.2819,2.04,2.04,1.58,1.12,1.56,1.57,2.78,5.08,16,696960,0.870179063360881
"516","JF2","Frozen","Storm","2017-1","1/10/2017 15:00","1/10/2017 20:00",211.2,0.03292,0.29,3.167,0.09158,0.24,0.24,0.2,0.18,0,0,0,0.05,16,696960,0.00363636363636364
"517","JF2","Frozen","Storm","2017-2","1/20/2017 5:30","1/25/2017 1:00",13900,0.1553,0.21,84.17,0.002495,0.12,0.12,0.1,0.08,0.07,0.11,0.45,0.74,16,696960,0.239325068870523
"518","JF2","Frozen","Storm","2017-3","2/11/2017 20:30","2/13/2017 1:30",1096,0.01506,0.01,NA,NA,NA,NA,NA,NA,0,0,0,0,16,696960,0.018870523415978
"519","JF2","Frozen","Storm","2017-4","2/13/2017 16:00","2/14/2017 4:30",432,0.01543,0,NA,NA,NA,NA,NA,NA,0,0.01,0.01,0.01,16,696960,0.00743801652892562
"520","JF2","Frozen","Storm","2017-5","2/17/2017 18:30","2/18/2017 23:45",1462,0.01664,0,NA,NA,NA,NA,NA,NA,0,0,0.01,0.01,16,696960,0.0251721763085399
"521","JF2","Frozen","Storm","2017-6","2/19/2017 19:00","2/20/2017",231.3,0.0158,0,NA,NA,NA,NA,NA,NA,0,0,0,0.01,16,696960,0.00398243801652893
"522","JF2","Non-Frozen","Storm","2017-7","3/7/2017 3:45","3/7/2017 5:30",385.3,0.1369,0.64,1.25,0.512,2.64,1.86,0.92,0.6,0.03,0.03,0.2,0.25,16,696960,0.00663395316804408
"523","JF2","Non-Frozen","Storm","2017-8","5/16/2017 7:00","5/16/2017 8:00",67.3,0.04178,2.73,2.583,1.057,3.84,3.54,2.7,1.97,0.05,0.05,0.35,0.67,16,696960,0.00115874655647383
"524","JF2","Non-Frozen","Storm","2017-9","5/17/2017 22:30","5/18/2017 0:15",843.8,0.5966,0.61,0.25,2.44,3.36,3.12,1.22,0.61,0.09,2.94,2.99,3.59,16,696960,0.0145282369146006
"525","JF2","Non-Frozen","Storm","2017-10","7/12/2017 8:45","7/12/2017 13:00",8325,5.528,1.93,6.333,0.3047,2.52,2.22,1.12,0.74,0,0.69,1.1,2.34,16,696960,0.143336776859504
"526","JF2","Non-Frozen","Storm","2017-11","7/20/2017","7/20/2017 0:45",82.9,0.08864,0.46,0.8333,0.552,1.92,1.32,0.8,0.46,0,0,0.21,3.27,16,696960,0.00142734159779614
"527","JF2","Non-Frozen","Storm","2017-12","7/20/2017 4:45","7/20/2017 11:45",101000,31.66,3.47,6.333,0.5479,5.28,3.96,2.38,1.43,0.47,0.47,0.68,3.36,16,696960,1.73898071625344
"528","JF2","Non-Frozen","Storm","2017-13","7/22/2017 1:30","7/22/2017 4:30",11360,6.826,0.4,1.667,0.24,1.08,0.78,0.54,0.39,0.71,4.18,4.86,7.53,16,696960,0.195592286501377
"529","JF4","Frozen","Storm","2011-1","11/29/2010 23:45","11/30/2010 0:05",111.1,0.1317,0.1,1.367,0.07317,0.24,0.12,0.1,0.08,0,0,0,0.28,14,609840,0.00218614718614719
"530","JF4","Frozen","Storm","2011-2","2/17/2011 12:00","2/18/2011 19:30",28490,0.928,0.01,NA,NA,NA,NA,NA,NA,0,0,0,0,14,609840,0.560606060606061
"531","JF4","Frozen","Storm","2011-3","3/15/2011 19:45","3/16/2011 2:15",484.1,0.04839,0,NA,NA,NA,NA,NA,NA,0,0,0,0.15,14,609840,0.00952577725304998
"532","JF4","Frozen","Storm","2011-4","3/16/2011 4:45","3/16/2011 14:15",927.2,0.05682,0,NA,NA,NA,NA,NA,NA,0,0,0,0.15,14,609840,0.0182447855175128
"533","JF4","Frozen","Storm","2011-5","3/16/2011 18:00","3/18/2011 8:45",18660,0.3314,0.01,NA,NA,NA,NA,NA,NA,0,0,0,0.15,14,609840,0.367178276269185
"534","JF4","Frozen","Storm","2011-6","3/18/2011 20:30","3/19/2011 3:15",643.4,0.06092,0,NA,NA,NA,NA,NA,NA,0,0.01,0.01,0.01,14,609840,0.0126603699330972
"535","JF4","Non-Frozen","Storm","2011-7","3/20/2011 11:15","3/20/2011 23:45",6848,0.5354,0.86,7.55,0.1139,0.36,0.36,0.28,0.22,0.02,0.02,0.03,0.03,14,609840,0.134750098386462
"536","JF4","Non-Frozen","Storm","2011-8","3/22/2011 9:45","3/23/2011 8:00",20260,1.282,1.64,18.72,0.08762,1.2,0.78,0.42,0.28,0,0.86,0.89,0.89,14,609840,0.39866194411649
"537","JF4","Non-Frozen","Storm","2011-9","4/26/2011 12:00","4/26/2011 18:00",5223,0.723,1.22,14.27,0.08551,0.48,0.42,0.3,0.29,0,0,0.47,1.11,14,609840,0.102774498229044
"538","JF4","Frozen","Storm","2012-1","2/21/2012 20:00","2/22/2012 2:15",250.6,0.0205,0,NA,NA,NA,NA,NA,NA,0,0,0,0,14,609840,0.00493112947658402
"539","JF4","Frozen","Storm","2012-2","2/22/2012 16:45","2/23/2012 4:15",345.6,0.0118,0,NA,NA,NA,NA,NA,NA,0,0,0,0,14,609840,0.00680047225501771
"540","JF4","Frozen","Storm","2012-3","2/26/2012 21:00","2/27/2012 4:10",527,0.035,0,NA,NA,NA,NA,NA,NA,0,0,0,0,14,609840,0.0103699330972058
"541","JF4","Frozen","Storm","2012-4","2/28/2012 23:15","3/1/2012 9:30",28680,1.952,0,NA,NA,NA,NA,NA,NA,0,0,0,0,14,609840,0.564344746162928
"542","JF4","Frozen","Storm","2012-5","3/6/2012 16:30","3/7/2012 13:15",16280,1.542,0,NA,NA,NA,NA,NA,NA,0,0,0,0,14,609840,0.32034632034632
"543","JF4","Non-Frozen","Storm","2012-6","4/15/2012 11:30","4/15/2012 12:45",449.3,0.2012,1.89,8.283,0.2282,1.92,1.56,1.26,1.08,0.03,0.03,0.03,0.04,14,609840,0.00884100747737111
"544","JF4","Non-Frozen","Storm","2012-7","4/20/2012 1:30","4/20/2012 6:30",2341,0.3468,1.61,13.5,0.1193,0.6,0.48,0.32,0.24,0,0.08,2,2.01,14,609840,0.046064541519087
"545","JF4","Non-Frozen","Storm","2012-8","5/3/2012 7:45","5/3/2012 10:00",846.7,0.2928,0.73,5.417,0.1348,2.76,1.56,0.56,0.29,0.44,0.44,1.07,2.93,14,609840,0.0166607634789453
"546","JF4","Non-Frozen","Storm","2012-9","5/3/2012 12:45","5/3/2012 16:00",9858,3.618,0.49,4.217,0.1162,2.88,1.92,0.84,0.44,0.73,1.17,1.8,3.66,14,609840,0.193978748524203
"547","JF4","Non-Frozen","Storm","2012-10","5/6/2012 14:00","5/6/2012 16:30",924.5,0.2248,0.35,2.717,0.1288,0.84,0.48,0.34,0.21,0.04,0.41,2.55,2.93,14,609840,0.0181916568280205
"548","JF4","Frozen","Storm","2013-1","1/29/2013 6:30","1/30/2013 20:15",13190,0.4123,0.21,6.583,0.0319,1.32,0.72,0.24,0.14,0.03,0.03,0.03,0.03,14,609840,0.259543486816214
"549","JF4","Frozen","Storm","2013-2","2/10/2013 18:15","2/13/2013 4:00",47120,1.088,0.68,11.47,0.0593,0.6,0.6,0.44,0.36,0,0,0.01,0.25,14,609840,0.927194018103109
"550","JF4","Frozen","Storm","2013-3","3/9/2013 18:00","3/14/2013 8:30",37680,0.4864,0.62,28.78,0.02154,0.36,0.24,0.18,0.14,0.07,0.07,0.07,0.07,14,609840,0.741440377804014
"551","JF4","Frozen","Storm","2013-4","3/27/2013 22:30","4/5/2013 22:30",125700,1.905,0.17,4.567,0.03723,0.24,0.24,0.16,0.13,0,0,0,0,14,609840,2.47343565525384
"552","JF4","Frozen","Storm","2013-5","4/6/2013 16:45","4/6/2013 20:30",61.9,0.00778,0,NA,NA,NA,NA,NA,NA,0,0,0.17,0.17,14,609840,0.00121802439984258
"553","JF4","Non-Frozen","Storm","2013-6","4/9/2013 17:00","4/9/2013 19:00",556.4,0.1519,0.84,6.683,0.1257,0.72,0.6,0.46,0.4,0,0.15,0.31,0.48,14,609840,0.0109484454939
"554","JF4","Non-Frozen","Storm","2013-7","4/10/2013 4:15","4/10/2013 12:00",8864,1.41,1.26,6.833,0.1844,1.56,1.08,0.66,0.52,0.86,1.01,1.17,1.34,14,609840,0.174419519874065
"555","JF4","Non-Frozen","Storm","2013-8","4/14/2013 20:15","4/15/2013 1:30",257.1,0.03188,0.43,4.067,0.1057,0.84,0.72,0.4,0.21,0,0,2.36,2.52,14,609840,0.0050590318772137
"556","JF4","Non-Frozen","Storm","2013-9","4/15/2013 3:45","4/15/2013 8:45",4503,0.664,0.51,3.333,0.153,0.36,0.3,0.26,0.24,0.43,0.43,2.79,2.95,14,609840,0.0886068476977568
"557","JF4","Non-Frozen","Storm","2013-10","5/21/2013 6:00","5/21/2013 9:15",3959,0.934,1.6,4.533,0.3529,3.48,2.34,1.2,0.86,0.42,0.42,1.45,2.45,14,609840,0.0779024006296734
"558","JF4","Non-Frozen","Storm","2013-11","5/30/2013 0:15","5/30/2013 7:30",19280,1.356,1.65,5.233,0.3153,3.72,2.82,1.26,0.76,0,0.06,1.05,4.44,14,609840,0.379378197560016
"559","JF4","Non-Frozen","Storm","2013-12","6/6/2013 1:45","6/6/2013 7:30",3199,0.531,0.43,5.033,0.08543,0.72,0.54,0.42,0.27,0.53,0.98,2.06,3.82,14,609840,0.0629476584022039
"560","JF4","Non-Frozen","Storm","2013-13","6/9/2013 20:30","6/10/2013 0:15",1005,0.1186,0.47,3.567,0.1318,1.8,1.38,0.5,0.3,0.05,0.05,1.48,3.89,14,609840,0.019775678866588
"561","JF4","Non-Frozen","Storm","2013-14","6/10/2013 2:30","6/10/2013 4:00",147.6,0.04902,0.09,2.3,0.03913,0.24,0.18,0.1,0.07,0.52,0.52,1.95,4.25,14,609840,0.00290436835891381
"562","JF4","Non-Frozen","Storm","2013-15","6/13/2013 2:15","6/13/2013 4:30",1992,0.71,0.59,5.533,0.1066,1.56,1.44,0.78,0.42,0.2,0.21,1.35,4.09,14,609840,0.0391971664698937
"563","JF4","Non-Frozen","Storm","2013-16","6/23/2013 1:45","6/23/2013 11:00",22270,5.06,1.42,8.55,0.1661,2.76,1.56,0.9,0.67,0.4,1.08,1.08,3.13,14,609840,0.438213301849665
"564","JF4","Non-Frozen","Storm","2013-17","6/25/2013 8:00","6/25/2013 12:30",7634,1.45,0.75,5.533,0.1355,1.08,0.9,0.44,0.37,0,0.44,2.5,3.93,14,609840,0.15021645021645
"565","JF4","Frozen","Storm","2014-1","3/10/2014 19:30","3/16/2014 15:30",49820,0.6038,0.15,18.65,0.008043,0.12,0.12,0.08,0.07,0,0,0,0,14,609840,0.980322707595435
"566","JF4","Frozen","Storm","2014-2","3/18/2014 16:30","3/23/2014 3:15",24960,0.3846,0,NA,NA,NA,NA,NA,NA,0,0,0.03,0.15,14,609840,0.491145218417946
"567","JF4","Frozen","Storm","2014-3","3/23/2014 15:15","3/24/2014 15:00",20,0.0018,0,NA,NA,NA,NA,NA,NA,0,0,0,0.15,14,609840,0.000393545848091303
"568","JF4","Frozen","Storm","2014-4","3/27/2014 13:30","3/29/2014 1:45",30730,2.17,0.88,10.88,0.08086,0.36,0.36,0.28,0.23,0,0,0,0,14,609840,0.604683195592286
"569","JF4","Non-Frozen","Storm","2014-5","4/13/2014 22:45","4/14/2014 6:45",7502,0.916,1.51,11.55,0.1307,0.48,0.42,0.4,0.36,0.84,1.23,1.23,1.43,14,609840,0.147619047619048
"570","JF4","Non-Frozen","Storm","2014-6","4/24/2014 14:30","4/25/2014 1:00",4411,0.4104,1.17,18.18,0.06434,0.36,0.3,0.22,0.18,0.2,0.2,0.92,3.66,14,609840,0.0867965367965368
"571","JF4","Non-Frozen","Storm","2014-7","4/28/2014 13:15","4/28/2014 22:00",5148,0.5894,0.8,9.95,0.0804,0.48,0.42,0.32,0.19,0.42,0.42,1.8,2.52,14,609840,0.101298701298701
"572","JF4","Non-Frozen","Storm","2014-8","4/29/2014 10:00","4/29/2014 14:00",1551,0.262,0.19,2.95,0.06441,0.24,0.12,0.12,0.1,0.88,1.3,2.68,3.4,14,609840,0.0305194805194805
"573","JF4","Non-Frozen","Storm","2014-9","6/1/2014 21:30","6/2/2014 1:45",8377,1.956,1.89,6.283,0.3008,2.88,2.1,1.26,0.7,0.51,0.51,0.86,1,14,609840,0.164836678473042
"574","JF4","Non-Frozen","Storm","2014-10","6/7/2014 18:45","6/7/2014 21:00",4978,2.38,1.43,2.783,0.5138,5.88,5.04,2.46,1.27,0,0,2.62,2.97,14,609840,0.0979535615899252
"575","JF4","Non-Frozen","Storm","2014-11","6/17/2014 2:45","6/17/2014 5:15",7122,2.475,1.56,3.267,0.4776,4.92,4.5,2.42,1.3,0,0.01,0.01,1.47,14,609840,0.140141676505313
"576","JF4","Non-Frozen","Storm","2014-12","6/18/2014 11:00","6/18/2014 15:15",15840,5.426,1.11,2.433,0.4562,5.52,4.62,1.92,0.99,0.03,1.74,1.75,3.21,14,609840,0.311688311688312
"577","JF4","Non-Frozen","Storm","2014-13","6/19/2014 6:30","6/19/2014 13:15",60780,16.62,1.85,6.2,0.2984,3.36,3.12,2.1,1.36,1.14,1.25,2.86,4.31,14,609840,1.19598583234947
"578","JF4","Frozen","Storm","2015-1","3/7/2015 22:00","3/10/2015 23:45",46500,1.69,0,NA,NA,NA,NA,NA,NA,0,0,0,0,14,609840,0.914994096812279
"579","JF4","Frozen","Storm","2015-2","3/11/2015 16:45","3/11/2015 19:00",30.9,0.00518,0,NA,NA,NA,NA,NA,NA,0,0,0,0,14,609840,0.000608028335301063
"580","JF4","Non-Frozen","Storm","2015-3","4/7/2015 23:00","4/7/2015 23:30",5.5,0.00541,0.29,0.5667,0.5118,2.4,2.04,1.12,0.58,0.02,0.02,0.13,0.2,14,609840,0.000108225108225108
"581","JF4","Non-Frozen","Storm","2015-4","4/8/2015 3:00","4/8/2015 6:15",838,0.153,1.62,5.417,0.2991,2.4,2.04,1.12,0.67,0.02,0.02,0.13,0.2,14,609840,0.0164895710350256
"582","JF4","Non-Frozen","Storm","2015-5","4/9/2015 16:00","4/9/2015 21:30",8599,1.16,0.9,3.183,0.2827,1.2,1.02,0.82,0.49,0.27,1.9,1.92,2.1,14,609840,0.169205037386856
"583","JF4","Non-Frozen","Storm","2015-6","4/10/2015 0:45","4/10/2015 7:30",6754,0.71,0.53,5.067,0.1046,1.92,1.44,0.52,0.29,1.17,2.44,2.82,3,14,609840,0.132900432900433
"584","JF4","Non-Frozen","Storm","2015-7","4/10/2015 14:30","4/10/2015 18:30",1060,0.1597,0,NA,NA,NA,NA,NA,NA,1.41,1.7,3.35,3.53,14,609840,0.020857929948839
"585","JF4","Non-Frozen","Storm","2015-8","6/12/2015 2:15","6/12/2015 6:15",1536,0.2194,1.73,15.25,0.1134,1.08,0.72,0.38,0.27,0,0,0.36,1.32,14,609840,0.030224321133412
"586","JF4","Non-Frozen","Storm","2015-9","7/13/2015 21:45","7/13/2015 23:30",766,0.3399,1.1,0.9167,1.2,4.44,3.24,2,1.1,0.86,0.86,1.14,1.84,14,609840,0.0150728059818969
"587","JF4","Non-Frozen","Storm","2016-1","12/13/2015 10:00","12/13/2015 13:15",758.8,0.1369,1.31,4.683,0.2797,3.6,2.88,1.92,1.65,0,0,0.04,0.55,14,609840,0.014931129476584
"588","JF4","Non-Frozen","Storm","2016-2","12/13/2015 16:00","12/13/2015 20:00",3114,0.674,1.92,12.42,0.1546,3.6,2.88,1.92,1.65,0,0,0.04,0.55,14,609840,0.0612750885478158
"589","JF4","Non-Frozen","Storm","2016-3","12/14/2015","12/14/2015 17:30",47150,4.171,4.18,31.12,0.1343,3.6,2.88,1.92,1.65,0,0,0.04,0.55,14,609840,0.927784336875246
"590","JF4","Non-Frozen","Storm","2016-4","12/24/2015 1:15","12/24/2015 4:00",1524,0.478,0.7,5.267,0.1329,0.96,0.84,0.56,0.35,0.14,0.15,0.18,4.44,14,609840,0.0299881936245573
"591","JF4","Frozen","Storm","2016-5","2/19/2016 23:30","2/20/2016 10:45",438.9,0.01748,0,NA,NA,NA,NA,NA,NA,0.01,0.01,0.01,0.01,14,609840,0.00863636363636364
"592","JF4","Frozen","Storm","2016-6","2/20/2016 19:00","2/21/2016 16:00",6408,0.2725,0,NA,NA,NA,NA,NA,NA,0.01,0.01,0.01,0.01,14,609840,0.126092089728453
"593","JF4","Frozen","Storm","2016-7","2/21/2016 19:30","2/22/2016 10:00",1881,0.07963,0,NA,NA,NA,NA,NA,NA,0,0.01,0.01,0.01,14,609840,0.037012987012987
"594","JF4","Frozen","Storm","2016-8","2/27/2016 19:00","2/28/2016 11:30",6564,0.451,0,NA,NA,NA,NA,NA,NA,0,0,0,0.01,14,609840,0.129161747343566
"595","JF4","Frozen","Storm","2016-9","2/28/2016 16:00","2/29/2016 2:45",3130,0.2665,0,NA,NA,NA,NA,NA,NA,0,0,0,0.01,14,609840,0.0615899252262889
"596","JF4","Frozen","Storm","2016-10","3/6/2016 20:15","3/7/2016 11:15",3218,0.2402,0,NA,NA,NA,NA,NA,NA,0,0,0,0,14,609840,0.0633215269578906
"597","JF4","Frozen","Storm","2016-11","3/7/2016 17:15","3/7/2016 19:15",70.7,0.02047,0,NA,NA,NA,NA,NA,NA,0,0,0,0,14,609840,0.00139118457300276
"598","JF4","Non-Frozen","Storm","2016-12","3/16/2016 2:15","3/16/2016 7:00",5453,1.072,0.6,6.433,0.09326,0.48,0.42,0.32,0.23,0.57,0.6,0.78,0.81,14,609840,0.107300275482094
"599","JF4","Non-Frozen","Storm","2016-13","3/26/2016 21:00","3/27/2016 0:15",410.4,0.09639,0,NA,NA,NA,NA,NA,NA,0,0,0,1.38,14,609840,0.00807556080283353
"600","JF4","Non-Frozen","Storm","2016-14","3/31/2016 3:00","3/31/2016 11:45",32010,5.623,1.7,7.767,0.2189,2.4,2.04,1.38,0.91,0.32,0.32,0.35,0.35,14,609840,0.62987012987013
"601","JF4","Non-Frozen","Storm","2016-15","6/1/2016 1:15","6/1/2016 3:30",2266,0.679,1.49,3.6,0.4139,3.24,1.92,1.28,1.07,0.16,0.16,2.82,2.82,14,609840,0.0445887445887446
"602","JF4","Non-Frozen","Storm","2016-16","6/13/2016 15:00","6/13/2016 17:15",82.7,0.03724,0.66,1.3,0.5077,1.68,1.38,1,0.65,0,0.51,2.05,4.2,14,609840,0.00162731208185754
"603","JF4","Non-Frozen","Storm","2016-17","6/15/2016 2:15","6/15/2016 6:45",16910,5.105,1.52,3.767,0.4035,3.96,3.12,1.96,1.14,0.07,0.73,2.75,3.72,14,609840,0.332743014561196
"604","JF4","Non-Frozen","Storm","2016-18","8/24/2016 6:30","8/24/2016 10:15",4314,1.506,1.7,6.467,0.2629,3.84,2.46,1.12,0.73,0,0,1.84,3.27,14,609840,0.084887839433294
"605","JF4","Non-Frozen","Storm","2016-19","9/7/2016 9:00","9/7/2016 14:45",12010,3.765,2.41,13.98,0.1723,6,4.8,2.72,1.46,0.22,0.25,0.25,2.27,14,609840,0.236324281778827
"606","JF4","Non-Frozen","Storm","2016-20","9/7/2016 17:15","9/7/2016 18:15",80.4,0.04839,2.59,16.42,0.1578,6,4.8,2.72,1.46,0.22,0.25,0.25,2.27,14,609840,0.00158205430932704
"607","JF4","Non-Frozen","Storm","2016-21","9/9/2016 15:00","9/9/2016 21:30",9462,0.925,1.38,5.767,0.2393,1.32,0.96,0.68,0.59,0,0.29,2.88,3.18,14,609840,0.186186540731995
"608","JF4","Non-Frozen","Storm","2016-22","9/10/2016 8:30","9/10/2016 12:45",3067,0.6542,0.38,5.65,0.06726,0.84,0.48,0.36,0.25,1.41,1.41,4.29,4.46,14,609840,0.0603502558048013
"609","JF4","Non-Frozen","Storm","2016-23","9/21/2016 12:15","9/21/2016 18:15",19070,2.802,1.69,8.583,0.1969,1.68,1.26,0.56,0.51,0.01,0.24,1.22,5.3,14,609840,0.375245966155057
"610","JF4","Non-Frozen","Storm","2016-24","9/22/2016 3:15","9/22/2016 16:30",75950,6.532,3.03,12.02,0.2521,1.44,1.32,1.12,0.82,1.76,1.77,2.98,5.25,14,609840,1.49449035812672
"611","JF4","Non-Frozen","Storm","2017-1","10/26/2016 9:15","10/26/2016 12:15",1305,0.2472,1.94,8.45,0.2296,0.6,0.6,0.52,0.45,0.05,0.05,0.05,0.15,14,609840,0.0256788665879575
"612","JF4","Frozen","Storm","2017-2","1/18/2017 18:00","1/24/2017 12:00",15910,0.162,0.37,109.7,0.003374,0.24,0.18,0.12,0.09,0.11,0.34,0.34,0.64,14,609840,0.313065722156631
"613","JF4","Frozen","Storm","2017-3","2/18/2017 19:30","2/19/2017 2:15",3443,0.3684,0,NA,NA,NA,NA,NA,NA,0,0,0,0,14,609840,0.0677489177489178
"614","JF4","Frozen","Storm","2017-4","2/19/2017 19:45","2/19/2017 23:00",541.7,0.07647,0,NA,NA,NA,NA,NA,NA,0,0,0,0,14,609840,0.0106591892955529
"615","JF4","Non-Frozen","Storm","2017-5","2/20/2017 21:45","2/21/2017 5:00",7462,0.7204,0.65,6.85,0.09489,0.36,0.36,0.24,0.18,0,0,0,0,14,609840,0.146831955922865
"616","JF4","Non-Frozen","Storm","2017-6","3/7/2017 3:30","3/7/2017 7:15",6254,1.328,0.56,1.3,0.4308,2.16,1.62,0.84,0.52,0.01,0.01,0.17,0.21,14,609840,0.12306178669815
"617","JF4","Non-Frozen","Storm","2017-7","4/4/2017 8:15","4/4/2017 16:45",3752,0.2976,0.74,12.85,0.05759,0.24,0.18,0.12,0.11,0.63,0.63,0.81,1.66,14,609840,0.0738292011019284
"618","JF4","Non-Frozen","Storm","2017-8","4/20/2017 5:00","4/20/2017 10:00",4749,0.6665,1.22,7.033,0.1735,2.16,1.62,0.98,0.69,0.01,0.01,1.27,1.43,14,609840,0.0934474616292798
"619","JF4","Non-Frozen","Storm","2017-9","5/1/2017 13:45","5/1/2017 16:15",911,0.209,0.39,2.383,0.1636,0.36,0.36,0.3,0.26,0.55,0.55,1.18,2.42,14,609840,0.0179260133805588
"620","JF4","Non-Frozen","Storm","2017-10","5/16/2017 6:15","5/16/2017 10:15",9056,1.506,2.03,4.9,0.4143,3.6,3.12,2,1.42,0.07,0.07,0.35,0.65,14,609840,0.178197560015742
"621","JF4","Non-Frozen","Storm","2017-11","5/17/2017 22:45","5/18/2017 4:30",8656,2.43,0.95,4.967,0.1913,4.8,3.78,1.52,0.76,0.08,2.14,2.26,2.78,14,609840,0.170326643053916
"622","JF4","Non-Frozen","Storm","2017-12","5/20/2017 20:15","5/20/2017 21:30",40.9,0.0179,0.54,6.117,0.08828,0.36,0.3,0.2,0.16,0.03,0.03,3.24,3.79,14,609840,0.000804801259346714
"623","JF4","Non-Frozen","Storm","2017-13","6/23/2017 2:15","6/23/2017 7:15",2672,0.8292,0.8,14.67,0.05455,1.56,1.2,0.56,0.29,0.72,0.72,2.19,3.54,14,609840,0.052577725304998
"624","JF4","Non-Frozen","Storm","2017-14","7/12/2017 8:15","7/12/2017 14:00",36410,11.48,2.97,5.817,0.5106,5.64,4.5,2.06,1.04,0,0.66,1.18,2.25,14,609840,0.716450216450216
"625","JF4","Non-Frozen","Storm","2017-15","7/20/2017 5:00","7/20/2017 12:15",137300,30.27,5.09,6.5,0.7831,6.12,5.16,3.22,2.33,0.97,0.98,1.27,5.22,14,609840,2.70169224714679
"626","JF4","Non-Frozen","Storm","2017-16","7/21/2017 21:15","7/22/2017 5:45",20200,8.481,1.52,10.62,0.1432,3.6,3.3,1.72,0.89,0,6.06,6.36,10.31,14,609840,0.397481306572216
"627","JF5","Non-Frozen","Storm","2011-1","11/13/2010 13:30","11/13/2010 19:00",139,0.06092,0.93,14.93,0.06228,0.36,0.3,0.24,0.21,0.13,0.14,0.14,0.14,33.4,1454904,0.00114646739578694
"628","JF5","Non-Frozen","Storm","2011-2","11/22/2010 17:00","11/22/2010 18:45",24.5,0.02623,0.22,2.217,0.09925,1.44,0.96,0.42,0.21,0.03,0.03,0.06,1.2,33.4,1454904,0.000202075188466043
"629","JF5","Frozen","Storm","2011-3","11/29/2010 21:15","11/30/2010 6:45",1445,0.312,0.17,5.283,0.03218,0.24,0.12,0.1,0.08,0,0,0,0.28,33.4,1454904,0.0119183121360585
"630","JF5","Frozen","Storm","2011-4","12/30/2010 21:00","1/1/2011 10:25",39320,1.246,0.02,28.87,0.0006928,0.12,0.06,0.02,0.01,0.02,0.02,0.02,0.02,33.4,1454904,0.324310057570809
"631","JF5","Frozen","Storm","2011-5","2/14/2011 10:45","2/20/2011 3:15",140700,3.379,0.01,NA,NA,NA,NA,NA,NA,0,0,0,0,33.4,1454904,1.16048893947642
"632","JF5","Frozen","Storm","2011-6","3/4/2011 6:15","3/5/2011 4:15",674.6,0.03612,0.15,4.75,0.03158,0.12,0.12,0.12,0.1,0,0,0,0.01,33.4,1454904,0.00556407845466093
"633","JF5","Frozen","Storm","2011-7","3/13/2011 22:15","3/14/2011 2:15",40.5,0.00564,0,NA,NA,NA,NA,NA,NA,0,0,0,0.15,33.4,1454904,0.000334042658484684
"634","JF5","Frozen","Storm","2011-8","3/14/2011 20:00","3/15/2011 0:05",189,0.02047,0,NA,NA,NA,NA,NA,NA,0,0,0,0.15,33.4,1454904,0.00155886573959519
"635","JF5","Frozen","Storm","2011-9","3/15/2011 18:00","3/21/2011 1:00",107700,2.465,0.89,70.03,0.01271,0.36,0.36,0.28,0.22,0,0,0,0.15,33.4,1454904,0.888306032562973
"636","JF5","Non-Frozen","Storm","2011-10","3/22/2011 9:45","3/23/2011 9:30",46180,4.314,1.64,18.72,0.08762,1.2,0.78,0.42,0.28,0,0.86,0.89,0.89,33.4,1454904,0.380891110341301
"637","JF5","Frozen","Storm","2011-11","3/24/2011 21:30","3/25/2011 1:00",347.7,0.05682,0,NA,NA,NA,NA,NA,NA,0,0.68,2.52,2.53,33.4,1454904,0.00286781808284258
"638","JF5","Non-Frozen","Storm","2011-12","4/26/2011 12:15","4/26/2011 17:00",2036,0.2785,1.2,13.28,0.09034,0.48,0.42,0.3,0.29,0,0,0.47,1.11,33.4,1454904,0.016792860559872
"639","JF5","Non-Frozen","Storm","2011-13","5/9/2011 16:15","5/9/2011 17:30",79.2,0.0465,1.06,1.783,0.5944,3,2.4,1.28,0.86,0,0,0,1.33,33.4,1454904,0.00065323897659227
"640","JF5","Non-Frozen","Storm","2011-14","6/21/2011 10:15","6/21/2011 11:15",562.9,0.5574,0.49,0.5333,0.9188,1.68,1.44,0.96,0.49,0.09,0.1,2.73,3.54,33.4,1454904,0.00464278055459329
"641","JF5","Non-Frozen","Storm","2011-15","7/11/2011 7:30","7/11/2011 8:45",2376,2.15,0.88,0.45,1.956,4.32,3.42,1.76,0.88,0.98,0.98,0.98,0.99,33.4,1454904,0.0195971692977681
"642","JF5","Non-Frozen","Storm","2011-16","9/2/2011 12:45","9/2/2011 14:00",1049,0.6302,1.15,1.167,0.9857,6,4.56,2.2,1.13,0,0,0.33,0.64,33.4,1454904,0.00865211725309711
"643","JF5","Frozen","Storm","2012-1","1/31/2012 21:45","2/1/2012 6:30",492.5,0.0324,0,NA,NA,NA,NA,NA,NA,0,0,0,0,33.4,1454904,0.00406212368651127
"644","JF5","Frozen","Storm","2012-2","2/4/2012 16:00","2/5/2012 4:05",993.6,0.0616,0,NA,NA,NA,NA,NA,NA,0,0,0,0,33.4,1454904,0.00819517988815757
"645","JF5","Frozen","Storm","2012-3","2/15/2012 19:30","2/16/2012 13:45",1529,0.0447,0,NA,NA,NA,NA,NA,NA,0,0,0,0,33.4,1454904,0.0126111413536563
"646","JF5","Frozen","Storm","2012-4","2/16/2012 17:00","2/17/2012 4:00",570.2,0.0356,0,NA,NA,NA,NA,NA,NA,0,0,0,0,33.4,1454904,0.0047029907127893
"647","JF5","Frozen","Storm","2012-5","2/17/2012 17:00","2/19/2012 7:00",9107,0.256,0,NA,NA,NA,NA,NA,NA,0,0,0,0,33.4,1454904,0.0751142343412349
"648","JF5","Frozen","Storm","2012-6","2/19/2012 16:00","2/20/2012 2:30",1529,0.0973,0,NA,NA,NA,NA,NA,NA,0,0,0,0,33.4,1454904,0.0126111413536563
"649","JF5","Frozen","Storm","2012-7","2/20/2012 16:30","2/22/2012 14:00",9685,0.3264,0,NA,NA,NA,NA,NA,NA,0,0,0,0,33.4,1454904,0.0798815591956583
"650","JF5","Frozen","Storm","2012-8","2/22/2012 17:00","2/23/2012 12:00",1460,0.0704,0,NA,NA,NA,NA,NA,NA,0,0,0,0,33.4,1454904,0.0120420316392009
"651","JF5","Frozen","Storm","2012-9","2/26/2012 17:45","2/27/2012 5:00",2056,0.14,0,NA,NA,NA,NA,NA,NA,0,0,0,0,33.4,1454904,0.0169578198973953
"652","JF5","Frozen","Storm","2012-10","2/28/2012 18:45","3/2/2012 10:45",59180,3.3,0,NA,NA,NA,NA,NA,NA,0,0,0,0,33.4,1454904,0.488114679731446
"653","JF5","Frozen","Storm","2012-11","3/4/2012 20:30","3/5/2012 5:20",1011,0.0696,0,NA,NA,NA,NA,NA,NA,0,0,0,0,33.4,1454904,0.00833869451180284
"654","JF5","Frozen","Storm","2012-12","3/5/2012 18:15","3/6/2012 9:00",2704,0.1553,0,NA,NA,NA,NA,NA,NA,0,0,0,0,33.4,1454904,0.0223025024331502
"655","JF5","Frozen","Storm","2012-13","3/6/2012 15:45","3/7/2012 19:00",24580,1.932,0,NA,NA,NA,NA,NA,NA,0,0,0,0,33.4,1454904,0.202735025816136
"656","JF5","Non-Frozen","Storm","2012-14","4/20/2012 2:15","4/20/2012 3:30",328.3,0.1897,1.51,10.4,0.1452,0.6,0.48,0.32,0.24,0,0.08,2,2.01,33.4,1454904,0.00270780752544498
"657","JF5","Non-Frozen","Storm","2012-15","5/3/2012 6:00","5/3/2012 9:00",1080,0.5942,0.73,5.417,0.1348,2.76,1.56,0.56,0.29,0.44,0.44,1.07,2.93,33.4,1454904,0.00890780422625823
"658","JF5","Non-Frozen","Storm","2012-16","5/3/2012 13:00","5/3/2012 15:15",10620,5.883,0.49,4.217,0.1162,2.88,1.92,0.84,0.44,0.73,1.17,1.8,3.66,33.4,1454904,0.0875934082248726
"659","JF5","Frozen","Storm","2013-1","1/29/2013 5:15","1/30/2013 21:30",24250,0.906,0.21,6.583,0.0319,1.32,0.72,0.24,0.14,0.03,0.03,0.03,0.03,33.4,1454904,0.200013196747002
"660","JF5","Frozen","Storm","2013-2","2/10/2013 16:45","2/13/2013 14:15",70390,1.347,0.68,11.47,0.0593,0.6,0.6,0.44,0.36,0,0,0.01,0.25,33.4,1454904,0.580574388413256
"661","JF5","Frozen","Storm","2013-3","3/9/2013 21:45","3/13/2013 13:10",71240,1.107,0.62,28.78,0.02154,0.36,0.24,0.18,0.14,0.07,0.07,0.07,0.07,33.4,1454904,0.587585160257996
"662","JF5","Frozen","Storm","2013-4","3/27/2013 20:00","4/5/2013 23:45",255000,4.678,0.17,4.567,0.03723,0.24,0.24,0.16,0.13,0,0,0,0,33.4,1454904,2.10323155342208
"663","JF5","Frozen","Storm","2013-5","4/6/2013 16:30","4/6/2013 19:15",90.6,0.01916,0,NA,NA,NA,NA,NA,NA,0,0,0.17,0.17,33.4,1454904,0.000747265798980551
"664","JF5","Non-Frozen","Storm","2013-6","4/9/2013 16:00","4/9/2013 19:30",3636,0.832,0.85,7.217,0.1178,0.72,0.6,0.46,0.4,0,0.15,0.31,0.48,33.4,1454904,0.029989607561736
"665","JF5","Non-Frozen","Storm","2013-7","4/10/2013 2:15","4/10/2013 12:45",38880,7.583,1.26,6.833,0.1844,1.56,1.08,0.66,0.52,0.86,1.01,1.17,1.34,33.4,1454904,0.320680952145296
"666","JF5","Non-Frozen","Storm","2013-8","4/14/2013 13:45","4/15/2013 8:30",14740,1.89,0.94,10.82,0.0869,0.84,0.72,0.4,0.24,0,0,2.36,2.52,33.4,1454904,0.121575031754672
"667","JF5","Non-Frozen","Storm","2013-9","5/21/2013 6:00","5/21/2013 7:30",1719,0.7022,1.58,3.55,0.4451,3.48,2.34,1.2,0.86,0.42,0.42,1.45,2.45,33.4,1454904,0.0141782550601277
"668","JF5","Non-Frozen","Storm","2013-10","5/29/2013 23:45","5/30/2013 6:15",9906,1.222,1.65,5.233,0.3153,3.72,2.82,1.26,0.76,0,0.06,1.05,4.44,33.4,1454904,0.0817043598752907
"669","JF5","Non-Frozen","Storm","2013-11","6/13/2013 2:00","6/13/2013 4:15",4121,2.638,0.59,5.533,0.1066,1.56,1.44,0.78,0.42,0.2,0.21,1.35,4.09,33.4,1454904,0.0339898714966761
"670","JF5","Non-Frozen","Storm","2013-12","6/23/2013 2:30","6/23/2013 10:30",25170,7.583,1.42,8.55,0.1661,2.76,1.56,0.9,0.67,0.4,1.08,1.08,3.13,33.4,1454904,0.207601326273074
"671","JF5","Non-Frozen","Storm","2013-13","6/25/2013 8:00","6/25/2013 11:30",5038,1.99,0.75,5.533,0.1355,1.08,0.9,0.44,0.37,0,0.44,2.5,3.93,33.4,1454904,0.0415532571221194
"672","JF5","Non-Frozen","Storm","2014-1","10/3/2013 20:30","10/3/2013 21:45",3014,2.42,1.11,2.083,0.5328,4.8,3.9,1.76,0.97,0.17,0.17,0.53,0.71,33.4,1454904,0.0248593721647614
"673","JF5","Non-Frozen","Storm","2014-2","10/5/2013 7:30","10/5/2013 9:45",81240,59.76,1.68,3.083,0.5449,4.08,3.6,2.9,1.57,0.1,1.39,1.75,1.75,33.4,1454904,0.670064829019647
"674","JF5","Frozen","Storm","2014-3","3/10/2014 20:30","3/16/2014 14:00",115400,1.594,0.15,18.65,0.008043,0.12,0.12,0.08,0.07,0,0,0,0,33.4,1454904,0.951815377509444
"675","JF5","Frozen","Storm","2014-4","3/18/2014 17:15","3/22/2014 13:30",59720,1.008,0,NA,NA,NA,NA,NA,NA,0,0,0.01,0.15,33.4,1454904,0.492568581844575
"676","JF5","Frozen","Storm","2014-5","3/22/2014 17:30","3/22/2014 21:45",246.9,0.02521,0,NA,NA,NA,NA,NA,NA,0,0,0,0.15,33.4,1454904,0.00203642302172514
"677","JF5","Frozen","Storm","2014-6","3/23/2014 19:45","3/24/2014 14:15",258.3,0.00564,0,NA,NA,NA,NA,NA,NA,0,0,0,0.15,33.4,1454904,0.00213044984411343
"678","JF5","Frozen","Storm","2014-7","3/27/2014 16:15","3/28/2014 20:45",62520,4.94,0.88,10.88,0.08086,0.36,0.36,0.28,0.23,0,0,0,0,33.4,1454904,0.515662889097837
"679","JF5","Non-Frozen","Storm","2014-8","4/13/2014 22:30","4/14/2014 4:30",5337,0.8012,1.5,11.1,0.1351,0.48,0.42,0.4,0.36,0.84,1.23,1.23,1.43,33.4,1454904,0.0440193992180927
"680","JF5","Non-Frozen","Storm","2014-9","6/1/2014 18:00","6/2/2014 1:15",32720,14.9,1.89,6.283,0.3008,2.88,2.1,1.26,0.7,0.51,0.51,0.86,1,33.4,1454904,0.26987347618812
"681","JF5","Non-Frozen","Storm","2014-10","6/7/2014 18:30","6/7/2014 20:30",45820,34.6,1.41,2.367,0.5958,5.88,5.04,2.46,1.27,0,0,2.62,2.97,33.4,1454904,0.377921842265881
"682","JF5","Non-Frozen","Storm","2014-11","6/17/2014 2:45","6/17/2014 4:30",42600,27.14,1.51,2.583,0.5845,4.92,4.5,2.42,1.3,0,0.01,0.01,1.47,33.4,1454904,0.35136338892463
"683","JF5","Non-Frozen","Storm","2014-12","6/18/2014 11:00","6/18/2014 13:00",39230,23.47,1.07,1.967,0.5441,5.52,4.62,1.92,0.99,0.03,1.74,1.75,3.21,33.4,1454904,0.323567740551954
"684","JF5","Non-Frozen","Storm","2014-13","6/19/2014 6:15","6/19/2014 12:15",76160,31.58,1.84,4.317,0.4263,3.36,3.12,2.1,1.36,1.14,1.25,2.86,4.31,33.4,1454904,0.628165157288728
"685","JF5","Non-Frozen","Storm","2014-14","8/25/2014 9:45","8/25/2014 12:30",2569,2.856,1.27,2.6,0.4885,3.12,2.52,1.62,0.89,0,0.02,0.97,1.11,33.4,1454904,0.021189026904868
"686","JF5","Non-Frozen","Storm","2015-1","10/14/2014 19:00","10/14/2014 23:30",560.1,0.1036,2.19,27.17,0.08061,0.48,0.42,0.3,0.25,0.06,0.06,0.06,0.89,33.4,1454904,0.00461968624734003
"687","JF5","Frozen","Storm","2015-2","3/7/2015 17:45","3/10/2015 23:15",58210,2.704,0,NA,NA,NA,NA,NA,NA,0,0,0,0,33.4,1454904,0.480114151861566
"688","JF5","Frozen","Storm","2015-3","3/11/2015 16:30","3/11/2015 20:00",79.2,0.0089,0,NA,NA,NA,NA,NA,NA,0,0,0,0,33.4,1454904,0.00065323897659227
"689","JF5","Non-Frozen","Storm","2015-4","4/8/2015 1:45","4/8/2015 5:30",229.5,0.04004,1.62,5.417,0.2991,1.2,1.02,0.56,0.48,0.02,0.02,0.13,0.2,33.4,1454904,0.00189290839807987
"690","JF5","Non-Frozen","Storm","2015-5","4/9/2015 15:30","4/9/2015 20:45",8281,1.304,0.9,3.183,0.2827,1.2,1.02,0.82,0.49,0.27,1.9,1.92,2.1,33.4,1454904,0.0683014137015226
"691","JF5","Non-Frozen","Storm","2015-6","4/10/2015 0:30","4/10/2015 7:15",9612,1.386,0.53,5.067,0.1046,1.92,1.44,0.52,0.29,1.17,2.44,2.82,3,33.4,1454904,0.0792794576136982
"692","JF5","Non-Frozen","Storm","2015-7","4/10/2015 14:45","4/10/2015 17:15",559.6,0.1306,0,NA,NA,NA,NA,NA,NA,1.37,1.7,3.35,3.53,33.4,1454904,0.00461556226390195
"693","JF5","Non-Frozen","Storm","2015-8","7/13/2015 21:45","7/13/2015 22:45",853,0.6398,1.1,0.9167,1.2,4.44,3.24,2,1.1,0.86,0.86,1.14,1.84,33.4,1454904,0.00703551574536877
"694","JF5","Non-Frozen","Storm","2015-9","7/18/2015 9:00","7/18/2015 10:00",298,0.3365,0.94,0.8333,1.128,2.52,2.22,1.78,0.94,0,0.07,2.03,2.79,33.4,1454904,0.00245789412909718
"695","JF5","Non-Frozen","Storm","2016-1","12/13/2015 10:30","12/13/2015 12:45",856.3,0.2194,1.31,4.683,0.2797,3.6,2.88,1.92,1.65,0,0,0.04,0.55,33.4,1454904,0.00706273403606011
"696","JF5","Non-Frozen","Storm","2016-2","12/13/2015 16:00","12/13/2015 19:30",7231,2.38,1.9,12.13,0.1566,3.6,2.88,1.92,1.65,0,0,0.04,0.55,33.4,1454904,0.0596410484815493
"697","JF5","Non-Frozen","Storm","2016-3","12/14/2015 1:00","12/14/2015 17:45",111700,12.26,4.18,31.12,0.1343,3.6,2.88,1.92,1.65,0,0,0.04,0.55,33.4,1454904,0.921297900067633
"698","JF5","Non-Frozen","Storm","2016-4","12/24/2015 1:30","12/24/2015 3:30",3348,1.72,0.7,5.267,0.1329,0.96,0.84,0.56,0.35,0.14,0.15,0.18,4.44,33.4,1454904,0.0276141931014005
"699","JF5","Frozen","Storm","2016-5","2/19/2016 18:15","2/20/2016 7:00",429.5,0.0179,0.01,NA,NA,NA,NA,NA,NA,0,0,0,0,33.4,1454904,0.00354250177331288
"700","JF5","Frozen","Storm","2016-6","2/20/2016 13:30","2/22/2016 13:00",7063,0.2051,0,NA,NA,NA,NA,NA,NA,0.01,0.01,0.01,0.01,33.4,1454904,0.0582553900463536
"701","JF5","Frozen","Storm","2016-7","2/22/2016 18:45","2/23/2016 1:00",73.4,0.00638,0,NA,NA,NA,NA,NA,NA,0,0,0.01,0.01,33.4,1454904,0.000605400768710513
"702","JF5","Frozen","Storm","2016-8","2/23/2016 18:45","2/24/2016 2:00",124.9,0.00666,0,NA,NA,NA,NA,NA,NA,0,0,0.01,0.01,33.4,1454904,0.00103017106283301
"703","JF5","Frozen","Storm","2016-9","2/24/2016 18:45","2/24/2016 23:30",59.9,0.00472,0,NA,NA,NA,NA,NA,NA,0,0,0.01,0.01,33.4,1454904,0.000494053215882285
"704","JF5","Frozen","Storm","2016-10","2/27/2016 17:15","2/28/2016 4:45",7961,0.8489,0,NA,NA,NA,NA,NA,NA,0,0,0,0.01,33.4,1454904,0.0656620643011498
"705","JF5","Frozen","Storm","2016-11","2/28/2016 18:15","2/28/2016 21:15",146.5,0.02141,0,NA,NA,NA,NA,NA,NA,0,0,0,0.01,33.4,1454904,0.00120832714735818
"706","JF5","Frozen","Storm","2016-12","3/6/2016 19:00","3/7/2016 4:15",2551,0.3468,0,NA,NA,NA,NA,NA,NA,0,0,0,0,33.4,1454904,0.021040563501097
"707","JF5","Non-Frozen","Storm","2016-13","3/16/2016 2:30","3/16/2016 5:45",4534,1.404,0.58,4.75,0.1221,0.48,0.42,0.32,0.23,0.57,0.6,0.78,0.81,33.4,1454904,0.0373962818165322
"708","JF5","Non-Frozen","Storm","2016-14","3/31/2016 3:00","3/31/2016 11:30",60810,13.64,1.7,7.767,0.2189,2.4,2.04,1.38,0.91,0.32,0.32,0.35,0.35,33.4,1454904,0.501558865739595
"709","JF5","Non-Frozen","Storm","2016-15","5/26/2016 11:00","5/26/2016 12:30",467.6,0.2038,1.73,1.867,0.9268,4.8,3.96,2.5,1.59,0.05,0.05,0.05,0.6,33.4,1454904,0.00385674931129477
"710","JF5","Non-Frozen","Storm","2016-16","6/1/2016 0:45","6/1/2016 3:30",8521,3.646,1.49,3.6,0.4139,3.24,1.92,1.28,1.07,0.16,0.16,2.82,2.82,33.4,1454904,0.0702809257518022
"711","JF5","Non-Frozen","Storm","2016-17","6/11/2016 0:30","6/11/2016 2:00",1113,0.9588,1.04,1.783,0.5832,3.6,2.76,1.62,1.02,0,0.46,0.99,3.34,33.4,1454904,0.00917998713317167
"712","JF5","Non-Frozen","Storm","2016-18","6/12/2016 11:00","6/12/2016 12:00",1365,1.184,0.48,1.483,0.3236,2.88,2.34,0.84,0.47,0,1.05,1.55,3.72,33.4,1454904,0.0112584747859653
"713","JF5","Non-Frozen","Storm","2016-19","6/13/2016 16:00","6/13/2016 17:00",527.6,0.3864,0.66,1.3,0.5077,1.68,1.38,1,0.65,0,0.51,2.05,4.2,33.4,1454904,0.00435162732386467
"714","JF5","Non-Frozen","Storm","2016-20","6/15/2016 2:30","6/15/2016 6:15",45270,19.28,1.52,3.767,0.4035,3.96,3.12,1.96,1.14,0.07,0.73,2.75,3.72,33.4,1454904,0.373385460483991
"715","JF5","Non-Frozen","Storm","2016-21","6/30/2016 20:30","6/30/2016 21:45",455.1,0.354,0.94,0.9,1.044,3.6,2.88,1.72,0.94,0,0,0.54,0.54,33.4,1454904,0.0037536497253427
"716","JF5","Non-Frozen","Storm","2016-22","8/24/2016 6:15","8/24/2016 8:45",15200,9.439,1.58,5.5,0.2873,3.84,2.46,1.12,0.73,0,0,1.84,3.27,33.4,1454904,0.125369096517708
"717","JF5","Non-Frozen","Storm","2016-23","9/7/2016 8:45","9/7/2016 14:30",38320,16.09,2.41,13.98,0.1723,6,4.8,2.72,1.46,0.22,0.25,0.25,2.27,33.4,1454904,0.316062090694644
"718","JF5","Non-Frozen","Storm","2016-24","9/7/2016 17:30","9/7/2016 18:30",221.4,0.1216,2.59,16.42,0.1578,6,4.8,2.72,1.46,0.22,0.25,0.25,2.27,33.4,1454904,0.00182609986638294
"719","JF5","Non-Frozen","Storm","2016-25","9/9/2016 14:30","9/9/2016 20:30",12330,1.69,1.38,5.767,0.2393,1.32,0.96,0.68,0.59,0,0.29,2.88,3.18,33.4,1454904,0.101697431583115
"720","JF5","Non-Frozen","Storm","2016-26","9/10/2016 8:30","9/10/2016 11:30",2489,0.8348,0.37,5.033,0.07351,0.84,0.48,0.36,0.25,1.41,1.41,4.29,4.46,33.4,1454904,0.0205291895547747
"721","JF5","Non-Frozen","Storm","2016-27","9/16/2016 7:15","9/16/2016 8:30",207,0.08532,0.77,4.25,0.1812,0.96,0.78,0.46,0.39,0,0,2.27,5.15,33.4,1454904,0.00170732914336616
"722","JF5","Non-Frozen","Storm","2016-28","9/16/2016 16:45","9/16/2016 18:00",488.3,0.2665,0.17,2.267,0.075,0.84,0.6,0.24,0.14,0.81,0.81,2.45,5.96,33.4,1454904,0.00402748222563138
"723","JF5","Non-Frozen","Storm","2016-29","9/21/2016 11:45","9/21/2016 21:30",49520,7.31,1.76,11.92,0.1477,1.68,1.26,0.56,0.51,0.01,0.24,1.22,5.3,33.4,1454904,0.408439319707692
"724","JF5","Non-Frozen","Storm","2016-30","9/22/2016 3:15","9/22/2016 17:00",224800,21.5,3.03,12.02,0.2521,1.44,1.32,1.12,0.82,1.76,1.77,2.98,5.25,33.4,1454904,1.8541429537619
"725","JF5","Non-Frozen","Storm","2017-1","10/26/2016 9:45","10/26/2016 12:45",1654,0.3612,1.96,8.9,0.2202,0.6,0.6,0.52,0.45,0.05,0.05,0.05,0.15,33.4,1454904,0.013642137213177
"726","JF5","Frozen","Storm","2017-2","1/18/2017 4:15","1/24/2017 13:00",30320,0.2747,0.37,109.7,0.003374,0.24,0.18,0.12,0.09,0.11,0.34,0.34,0.64,33.4,1454904,0.250078355685324
"727","JF5","Frozen","Storm","2017-3","2/12/2017 15:30","2/13/2017 6:45",243.3,0.00694,0,NA,NA,NA,NA,NA,NA,0,0,0,0,33.4,1454904,0.00200673034097095
"728","JF5","Frozen","Storm","2017-4","2/13/2017 19:45","2/14/2017 2:00",147.8,0.00954,0,NA,NA,NA,NA,NA,NA,0,0,0,0,33.4,1454904,0.00121904950429719
"729","JF5","Frozen","Storm","2017-5","2/14/2017 17:15","2/15/2017 0:45",193.2,0.01321,0,NA,NA,NA,NA,NA,NA,0,0,0,0,33.4,1454904,0.00159350720047508
"730","JF5","Frozen","Storm","2017-6","2/17/2017 17:15","2/18/2017 7:00",1482,0.1226,0,NA,NA,NA,NA,NA,NA,0,0,0,0,33.4,1454904,0.0122234869104766
"731","JF5","Frozen","Storm","2017-7","2/18/2017 15:45","2/19/2017 0:45",2425,0.2304,0,NA,NA,NA,NA,NA,NA,0,0,0,0,33.4,1454904,0.0200013196747002
"732","JF5","Frozen","Storm","2017-8","2/19/2017 21:00","2/19/2017 22:00",38,0.01632,0,NA,NA,NA,NA,NA,NA,0,0,0,0,33.4,1454904,0.000313422741294271
"733","JF5","Non-Frozen","Storm","2017-9","2/20/2017 22:00","2/21/2017 4:45",11100,1.424,0.65,6.85,0.09489,0.36,0.36,0.24,0.18,0,0,0,0,33.4,1454904,0.0915524323254318
"734","JF5","Non-Frozen","Storm","2017-10","3/7/2017 3:30","3/7/2017 7:00",8790,2.383,0.56,1.3,0.4308,2.16,1.62,0.84,0.52,0.01,0.01,0.17,0.21,33.4,1454904,0.0724996288414906
"735","JF5","Non-Frozen","Storm","2017-11","4/4/2017 9:30","4/4/2017 16:00",1484,0.2077,0.74,12.85,0.05759,0.24,0.18,0.12,0.11,0.63,0.63,0.81,1.66,33.4,1454904,0.0122399828442289
"736","JF5","Non-Frozen","Storm","2017-12","4/20/2017 5:45","4/20/2017 9:45",1785,0.2635,1.22,7.033,0.1735,2.16,1.62,0.98,0.69,0.01,0.01,1.27,1.43,33.4,1454904,0.0147226208739546
"737","JF5","Non-Frozen","Storm","2017-13","5/1/2017 14:30","5/1/2017 16:00",155.2,0.0595,0.39,2.383,0.1636,0.36,0.36,0.3,0.26,0.55,0.55,1.18,2.42,33.4,1454904,0.00128008445918081
"738","JF5","Non-Frozen","Storm","2017-14","5/16/2017 6:00","5/16/2017 10:30",25500,5.012,2.04,4.983,0.4094,3.6,3.12,2,1.42,0.07,0.07,0.35,0.65,33.4,1454904,0.210323155342208
"739","JF5","Non-Frozen","Storm","2017-15","5/17/2017 22:30","5/18/2017 4:30",20110,7.73,0.95,4.967,0.1913,4.8,3.78,1.52,0.76,0.08,2.14,2.26,2.78,33.4,1454904,0.165866613879679
"740","JF5","Non-Frozen","Storm","2017-16","5/20/2017 19:15","5/20/2017 22:40",1161,0.1786,0.55,7.917,0.06947,0.36,0.3,0.2,0.16,0.03,0.03,3.24,3.79,33.4,1454904,0.00957588954322759
"741","JF5","Non-Frozen","Storm","2017-17","6/22/2017 9:00","6/22/2017 10:30",553.8,0.2262,0.72,2.033,0.3541,3.48,2.16,0.88,0.7,0,0.39,1.47,2.83,33.4,1454904,0.00456772405602019
"742","JF5","Non-Frozen","Storm","2017-18","6/23/2017 2:30","6/23/2017 8:00",3750,1.297,0.8,14.67,0.05455,1.56,1.2,0.56,0.29,0.72,0.72,2.19,3.54,33.4,1454904,0.0309298757856188
"743","JF5","Non-Frozen","Storm","2017-19","7/12/2017 8:45","7/12/2017 14:15",88640,39.13,2.97,5.817,0.5106,5.64,4.5,2.06,1.04,0,0.66,1.18,2.25,33.4,1454904,0.731099783903268
"744","JF5","Non-Frozen","Storm","2017-20","7/20/2017 5:00","7/20/2017 12:15",332100,76.8,5.09,6.5,0.7831,6.12,5.16,3.22,2.33,0.97,0.98,1.27,5.22,33.4,1454904,2.73914979957441
"745","JF5","Non-Frozen","Storm","2017-21","7/21/2017 21:15","7/21/2017 23:30",758.6,0.2155,0.62,7.233,0.08571,2.4,1.56,0.76,0.44,0,6.06,6.36,10.31,33.4,1454904,0.00625690767225879
"746","JF5","Non-Frozen","Storm","2017-22","7/22/2017 1:45","7/22/2017 5:15",49490,25.63,1.52,10.62,0.1432,3.6,3.3,1.72,0.89,0,6.06,6.36,10.31,33.4,1454904,0.408191880701407
"747","K5","Non-Frozen","Storm","2007-1","11/28/2006 4:56","11/28/2006 14:31",4639,0.742,1.256,10.42,0.1206,1.464,1.164,0.604,0.473,0.189,0.189,0.198,0.216,15.2,662112,0.0840764100333478
"748","K5","Non-Frozen","Storm","2007-2","12/22/2006 14:00","12/23/2006 13:00",29360,1.678,1.224,22.3,0.05489,0.432,0.378,0.234,0.18,0.243,0.243,0.243,0.261,15.2,662112,0.532115412498188
"749","K5","Frozen","Storm","2007-3","2/21/2007 18:45","2/21/2007 22:00",150.4,0.02565,0,NA,NA,NA,NA,NA,NA,0,0,0,0,15.2,662112,0.0027258228215166
"750","K5","Frozen","Storm","2007-4","3/2/2007 8:50","3/2/2007 16:22",454.5,0.02889,0,NA,NA,NA,NA,NA,NA,0.585,0.585,0.585,0.585,15.2,662112,0.00823727707699
"751","K5","Frozen","Storm","2007-5","3/10/2007 6:15","3/13/2007 18:45",108100,2.288,0.126,2.183,0.05771,0.216,0.162,0.108,0.081,0,0,0.135,0.72,15.2,662112,1.95918515296506
"752","K5","Non-Frozen","Storm","2007-6","4/1/2007 6:15","4/1/2007 7:30",32.9,0.01508,0.558,6.4,0.08719,0.864,0.81,0.45,0.27,0.054,0.054,0.369,0.657,15.2,662112,0.000596273742206757
"753","K5","Non-Frozen","Storm","2007-7","4/3/2007 11:55","4/3/2007 16:30",107.2,0.01928,0.414,6.483,0.06386,0.324,0.27,0.234,0.207,0.009,0.063,0.756,1.278,15.2,662112,0.00194287371320864
"754","K5","Frozen","Storm","2008-1","1/6/2008 13:00","1/6/2008 21:00",97.8,0.0098,0,NA,NA,NA,NA,NA,NA,0,0,0,0.036,15.2,662112,0.00177250978686385
"755","K5","Frozen","Storm","2008-2","1/7/2008 15:14","1/8/2008",1197,0.1361,0.708,9.183,0.0771,1.692,0.954,0.354,0.24,0,0,0,0.036,15.2,662112,0.0216942148760331
"756","K5","Frozen","Storm","2008-3","1/8/2008 15:34","1/8/2008 22:01",39.5,0.0053,0.612,8.45,0.07243,0.432,0.324,0.252,0.189,0.708,0.708,0.708,0.744,15.2,662112,0.000715890967087139
"757","K5","Frozen","Storm","2008-4","1/29/2008 21:30","1/30/2008 3:00",206.9,0.0337,0,NA,NA,NA,NA,NA,NA,0,0,0,0,15.2,662112,0.00374981876178048
"758","K5","Frozen","Storm","2008-5","2/17/2008 19:14","2/21/2008 7:55",7443,0.062,0.927,NA,NA,NA,NA,NA,NA,0,0,0,0.153,15.2,662112,0.134895606785559
"759","K5","Frozen","Storm","2008-6","3/3/2008 4:59","3/5/2008 8:26",11590,0.475,0.243,2.383,0.102,0.324,0.216,0.162,0.135,0,0,0,0,15.2,662112,0.210055096418733
"760","K5","Frozen","Storm","2008-7","3/11/2008 22:00","3/12/2008 10:00",281.5,0.0182,0,NA,NA,NA,NA,NA,NA,0,0,0,0.243,15.2,662112,0.00510185587936784
"761","K5","Frozen","Storm","2008-8","3/12/2008 15:00","3/15/2008 13:00",63990,1.965,0,NA,NA,NA,NA,NA,NA,0,0,0,0.243,15.2,662112,1.15974336668117
"762","K5","Frozen","Storm","2008-9","3/15/2008 18:00","3/16/2008 9:00",791.9,0.0512,0,NA,NA,NA,NA,NA,NA,0,0,0,0.243,15.2,662112,0.0143522546034508
"763","K5","Frozen","Storm","2008-10","3/16/2008 20:00","3/17/2008 6:00",177.2,0.0141,0,NA,NA,NA,NA,NA,NA,0,0,0,0.243,15.2,662112,0.00321154124981876
"764","K5","Frozen","Storm","2008-11","3/18/2008 18:00","3/19/2008 11:00",4004,0.3156,0,NA,NA,NA,NA,NA,NA,0.099,0.099,0.099,0.099,15.2,662112,0.0725677830940989
"765","K5","Frozen","Storm","2008-12","3/19/2008 16:00","3/20/2008 4:00",1198,0.078,0,NA,NA,NA,NA,NA,NA,0,0.099,0.099,0.099,15.2,662112,0.0217123386979846
"766","K5","Frozen","Storm","2008-13","3/20/2008 18:00","3/21/2008 2:00",125.1,0.0131,0,NA,NA,NA,NA,NA,NA,0,0,0.099,0.099,15.2,662112,0.0022672901261418
"767","K5","Frozen","Storm","2008-14","3/24/2008 19:00","3/25/2008",38.5,0.0052,0,NA,NA,NA,NA,NA,NA,0,0,0.099,0.099,15.2,662112,0.000697767145135566
"768","K5","Frozen","Storm","2008-15","3/25/2008 16:00","3/26/2008",270.8,0.0257,0,NA,NA,NA,NA,NA,NA,0.009,0.009,0.009,0.108,15.2,662112,0.00490793098448601
"769","K5","Frozen","Storm","2008-16","3/26/2008 16:00","3/26/2008 22:00",11.1,0.0015,0,NA,NA,NA,NA,NA,NA,0,0.009,0.009,0.108,15.2,662112,0.000201174423662462
"770","K5","Non-Frozen","Storm","2008-17","4/9/2008 2:28","4/9/2008 9:00",1128,0.148,0.873,12.37,0.07059,0.216,0.216,0.18,0.162,0,0,0,0.478,15.2,662112,0.0204436711613745
"771","K5","Non-Frozen","Storm","2008-18","4/10/2008 22:30","4/11/2008 19:00",19620,1.156,1.053,22.48,0.04683,0.432,0.27,0.216,0.162,0,0.873,0.873,1.351,15.2,662112,0.355589386689865
"772","K5","Non-Frozen","Storm","2008-19","4/25/2008 23:12","4/26/2008 8:00",23880,4.752,1.079,4.85,0.2225,2.556,1.386,0.866,0.698,0.567,0.567,0.738,0.855,15.2,662112,0.432796868203567
"773","K5","Non-Frozen","Storm","2008-20","6/8/2008 17:43","6/8/2008 19:45",663,0.2522,1.001,4.617,0.2168,1.08,0.972,0.702,0.486,0.339,0.554,1.752,2.22,15.2,662112,0.012016093953893
"774","K5","Non-Frozen","Storm","2008-21","6/8/2008 23:45","6/9/2008 12:00",23000,2.7,1.238,6.833,0.1812,1.68,1.446,1.09,0.734,1.34,1.34,2.753,3.221,15.2,662112,0.416847904886182
"775","K5","Non-Frozen","Storm","2008-22","6/12/2008 23:57","6/13/2008 14:00",132500,22.54,2.908,13.3,0.2186,3.816,2.826,1.448,0.926,0,0,2.793,4.432,15.2,662112,2.40140640858344
"776","K5","Non-Frozen","Storm","2008-23","7/16/2008 20:38","7/17/2008 3:12",26790,10.65,2.635,2.683,0.982,5.112,4.83,3.962,2.32,0,0,0.66,1.371,15.2,662112,0.485537190082645
"777","K5","Frozen","Storm","2009-1","2/7/2009 19:45","2/11/2009 9:01",62230,1.173,0.252,2.55,0.09882,0.324,0.27,0.216,0.162,0,0,0,0,15.2,662112,1.1278454400464
"778","K5","Frozen","Storm","2009-2","2/11/2009 16:00","2/12/2009 3:00",981.7,0.0711,0.027,2.55,0.01059,0.108,0.054,0.018,0.018,0,0.252,0.252,0.252,15.2,662112,0.0177921560098594
"779","K5","Frozen","Storm","2009-3","2/26/2009 17:00","2/27/2009 15:40",5188,0.2332,0.342,3.617,0.09456,0.324,0.27,0.216,0.198,0,0.252,0.252,0.261,15.2,662112,0.0940263882847615
"780","K5","Frozen","Storm","2009-4","3/4/2009 22:00","3/5/2009 5:00",560.2,0.04511,0,NA,NA,NA,NA,NA,NA,0,0,0.342,0.594,15.2,662112,0.0101529650572713
"781","K5","Frozen","Storm","2009-5","3/5/2009 17:00","3/7/2009 4:00",31660,1.068,0,NA,NA,NA,NA,NA,NA,0,0,0.342,0.594,15.2,662112,0.573800202986806
"782","K5","Frozen","Storm","2009-6","3/7/2009 17:00","3/8/2009 1:00",636.3,0.04246,0.009,NA,NA,NA,NA,NA,NA,0,0,0,0.594,15.2,662112,0.011532187907786
"783","K5","Frozen","Storm","2009-7","3/10/2009 8:33","3/11/2009 12:31",40670,0.7919,0.513,21.92,0.02341,0.216,0.108,0.09,0.081,0,0.063,0.072,0.666,15.2,662112,0.73709583877048
"784","K5","Frozen","Storm","2009-8","3/12/2009 19:00","3/13/2009 1:00",1184,0.1095,0,NA,NA,NA,NA,NA,NA,0,0.027,0.585,0.927,15.2,662112,0.0214586051906626
"785","K5","Frozen","Storm","2009-9","3/13/2009 17:00","3/14/2009 3:00",1931,0.1313,0,NA,NA,NA,NA,NA,NA,0,0,0.585,0.585,15.2,662112,0.0349971001884877
"786","K5","Frozen","Storm","2009-10","3/14/2009 16:00","3/14/2009 21:00",1145,0.146,0,NA,NA,NA,NA,NA,NA,0,0,0.585,0.585,15.2,662112,0.0207517761345513
"787","K5","Non-Frozen","Storm","2009-11","4/26/2009 7:03","4/27/2009 2:44",15690,1.078,1.26,22.52,0.05596,0.54,0.378,0.288,0.252,0.594,0.594,1.674,1.701,15.2,662112,0.284362766420183
"788","K5","Non-Frozen","Storm","2010-1","12/25/2009 22:51","12/26/2009 11:00",3194,0.1994,0.036,1.017,0.03541,0.108,0.054,0.036,0.027,1.26,1.269,1.269,1.269,15.2,662112,0.0578874873133246
"789","K5","Frozen","Storm","2010-2","1/24/2010 6:00","1/25/2010 6:01",43210,1.78,0.324,6.067,0.05341,0.216,0.162,0.108,0.099,0,0,0,0,15.2,662112,0.783130346527476
"790","K5","Frozen","Storm","2010-3","3/6/2010 20:00","3/7/2010 5:00",1922,0.197,0,NA,NA,NA,NA,NA,NA,0,0,0,0,15.2,662112,0.0348339857909236
"791","K5","Frozen","Storm","2010-4","3/7/2010 18:00","3/8/2010 7:00",6573,0.5768,0,NA,NA,NA,NA,NA,NA,0,0,0,0,15.2,662112,0.11912788168769
"792","K5","Frozen","Storm","2010-5","3/8/2010 17:00","3/9/2010 3:00",2941,0.2241,0,NA,NA,NA,NA,NA,NA,0,0,0,0,15.2,662112,0.0533021603595766
"793","K5","Frozen","Storm","2010-6","3/9/2010 19:00","3/10/2010 3:00",616.5,0.05289,0,NA,NA,NA,NA,NA,NA,0,0,0,0,15.2,662112,0.0111733362331448
"794","K5","Frozen","Storm","2010-7","3/10/2010 8:52","3/11/2010 1:00",3084,0.1647,0.054,2.183,0.02473,0.108,0.108,0.036,0.036,0.027,0.027,0.027,0.027,15.2,662112,0.0558938668986516
"795","K5","Non-Frozen","Storm","2010-8","4/7/2010 4:00","4/7/2010 7:51",1078,0.241,0.513,3.783,0.1356,0.756,0.648,0.378,0.297,0.585,0.585,0.621,0.621,15.2,662112,0.0195374800637959
"796","K5","Non-Frozen","Storm","2010-9","4/8/2010 14:00","4/8/2010 18:00",1149,0.179,0.144,4.117,0.03498,0.108,0.108,0.09,0.081,0.162,0.837,1.296,1.296,15.2,662112,0.0208242714223575
"797","K5","Non-Frozen","Storm","2010-10","4/25/2010 9:00","4/25/2010 18:00",16670,3.765,1.332,11.13,0.1196,1.08,0.756,0.486,0.396,0.756,0.756,0.756,0.801,15.2,662112,0.302124111932724
"798","K5","Non-Frozen","Storm","2010-11","5/13/2010 10:00","5/13/2010 17:00",2612,0.3156,0.522,8.633,0.06046,0.324,0.27,0.216,0.171,0.009,0.531,1.161,1.647,15.2,662112,0.0473394229375091
"799","K5","Non-Frozen","Storm","2010-12","6/15/2010 23:30","6/16/2010 8:00",5951,0.7838,0.477,7,0.06814,0.432,0.324,0.198,0.144,0.308,0.338,1.638,2.712,15.2,662112,0.107854864433812
"800","K5","Non-Frozen","Storm","2010-13","7/15/2010 5:40","7/15/2010 12:00",2102,0.3444,1.908,8.45,0.2258,4.32,2.832,1.432,0.86,0,0,0.225,0.605,15.2,662112,0.0380962737422068
"801","K5","Non-Frozen","Storm","2010-14","7/22/2010 19:00","7/23/2010 2:00",53310,20.28,1.72,7.55,0.2278,2.58,2.19,1.362,0.982,0,0.695,0.948,3.072,15.2,662112,0.966180948238365
"802","K5","Non-Frozen","Storm","2010-15","7/24/2010 9:00","7/24/2010 15:00",4057,1.078,0.455,3.25,0.14,1.56,0.888,0.35,0.211,0,1.72,2.668,4.792,15.2,662112,0.0735283456575323
"803","K5","Non-Frozen","Storm","2010-16","8/11/2010 11:00","8/11/2010 18:00",9409,5.619,1.205,5.05,0.2386,2.28,1.98,1.244,0.721,0,0.009,0.369,0.711,15.2,662112,0.170527040742352
"804","K5","Frozen","Storm","2011-0","12/31/2010 19:00","1/1/2011 10:42",1589,0.04617,0,NA,NA,NA,NA,NA,NA,0.009,0.072,0.072,0.09,15.2,662112,0.0287987530810497
"805","K5","Frozen","Storm","2011-1","2/15/2011 14:00","2/16/2011 10:15",1004,0.01928,0,NA,NA,NA,NA,NA,NA,0,0,0,0,15.2,662112,0.0181963172393794
"806","K5","Frozen","Storm","2011-2","2/16/2011 18:15","2/19/2011 2:28",37170,0.6456,0,NA,NA,NA,NA,NA,NA,0,0,0,0,15.2,662112,0.673662461939974
"807","K5","Frozen","Storm","2011-3","3/8/2011 21:31","3/9/2011 9:45",1693,0.07386,0,NA,NA,NA,NA,NA,NA,0,0,0.243,0.243,15.2,662112,0.0306836305640133
"808","K5","Frozen","Storm","2011-4","3/15/2011 19:15","3/16/2011 11:30",5923,0.3715,0,NA,NA,NA,NA,NA,NA,0,0,0.198,0.441,15.2,662112,0.107347397419168
"809","K5","Frozen","Storm","2011-5","3/16/2011 16:15","3/17/2011 5:00",13410,0.978,0,NA,NA,NA,NA,NA,NA,0,0,0.198,0.441,15.2,662112,0.243040452370596
"810","K5","Frozen","Storm","2011-6","3/17/2011 14:30","3/18/2011 6:15",11590,0.6456,0,NA,NA,NA,NA,NA,NA,0,0,0,0.441,15.2,662112,0.210055096418733
"811","K5","Frozen","Storm","2011-7","3/18/2011 16:15","3/19/2011 0:30",989.3,0.06009,0,NA,NA,NA,NA,NA,NA,0,0,0,0.207,15.2,662112,0.0179298970566913
"812","K5","Frozen","Storm","2011-8","3/19/2011 18:45","3/19/2011 22:45",256.6,0.02565,0,NA,NA,NA,NA,NA,NA,0,0,0,0.198,15.2,662112,0.00465057271277367
"813","K5","Frozen","Storm","2011-9","3/20/2011 18:15","3/20/2011 23:26",922.1,0.1826,0.387,3.2,0.1209,0.324,0.27,0.252,0.198,0,0,0,0.198,15.2,662112,0.0167119762215456
"814","K5","Non-Frozen","Storm","2011-10","3/21/2011 16:45","3/21/2011 19:15",109.7,0.02037,0,NA,NA,NA,NA,NA,NA,0.414,0.423,0.423,0.621,15.2,662112,0.00198818326808757
"815","K5","Frozen","Storm","2011-11","4/1/2011 18:15","4/2/2011 0:45",2084,0.179,0,NA,NA,NA,NA,NA,NA,0,0,0,0.72,15.2,662112,0.0377700449470784
"816","K5","Frozen","Storm","2011-12","4/2/2011 16:00","4/2/2011 23:30",2220,0.146,0,NA,NA,NA,NA,NA,NA,0,0,0,0.72,15.2,662112,0.0402348847324924
"817","K5","Frozen","Storm","2011-13","4/3/2011 13:00","4/3/2011 23:15",12400,1.104,0.558,7.8,0.07154,0.54,0.54,0.252,0.171,0,0,0,0.72,15.2,662112,0.224735392199507
"818","K5","Non-Frozen","Storm","2011-14","4/16/2011 3:45","4/16/2011 17:32",6214,0.568,1.226,16.8,0.07298,1.32,0.768,0.432,0.306,0,0.018,0.273,0.84,15.2,662112,0.112621429607076
"819","K5","Non-Frozen","Storm","2011-15","4/16/2011 21:30","4/17/2011 0:30",453.5,0.07386,0.072,2.183,0.03298,0.108,0.054,0.054,0.036,1.226,1.226,1.499,2.066,15.2,662112,0.00821915325503842
"820","K5","Non-Frozen","Storm","2011-16","4/21/2011 16:00","4/22/2011 1:00",15230,1.194,0,NA,NA,NA,NA,NA,NA,0.009,0.369,1.667,1.94,15.2,662112,0.276025808322459
"821","K5","Non-Frozen","Storm","2011-17","4/23/2011 1:45","4/23/2011 9:30",5513,0.4502,0.279,4.7,0.05936,0.54,0.324,0.162,0.135,0.027,0.027,1.514,1.967,15.2,662112,0.0999166304190228
"822","K5","Non-Frozen","Storm","2011-18","4/26/2011 10:45","4/26/2011 21:45",32140,3.14,1.179,13.53,0.08712,0.54,0.378,0.324,0.297,0,0,0.675,1.991,15.2,662112,0.582499637523561
"823","K5","Non-Frozen","Storm","2011-19","4/27/2011 16:00","4/27/2011 18:30",334.6,0.07179,0.09,1.733,0.05192,0.108,0.108,0.072,0.063,0.108,1.215,1.611,3.206,15.2,662112,0.00606423082499638
"824","K5","Non-Frozen","Storm","2011-20","6/22/2011 4:15","6/22/2011 5:30",62.9,0.03328,0.996,4.1,0.2429,2.304,1.422,0.748,0.536,0.072,0.072,0.747,1.139,15.2,662112,0.00113998840075395
"825","K5","Non-Frozen","Storm","2011-21","6/24/2011 2:15","6/24/2011 5:15",960.3,0.2066,1.109,12.43,0.0892,0.996,0.768,0.598,0.389,0.072,1.296,1.611,2.291,15.2,662112,0.0174043062200957
"826","K6","Non-Frozen","Non-storm","2007-1","11/9/2006 1:50","11/10/2006 23:00",239.8,0.0023,0.216,1.667,0.1296,0.648,0.54,0.468,0.36,0,0,0.009,0.099,15.2,662112,0.00434609250398724
"827","K6","Non-Frozen","Storm","2007-2","11/10/2006 23:00","11/13/2006 17:22",1937,0.0224,0.234,9.183,0.02548,0.648,0.54,0.468,0.36,0,0,0.009,0.099,15.2,662112,0.0351058431201972
"828","K6","Non-Frozen","Non-storm","2007-3","11/13/2006 17:22","11/28/2006 2:45",6322,0.01462,0.423,306.3,0.001381,0.648,0.648,0.54,0.378,0,0,0.243,0.243,15.2,662112,0.114578802377845
"829","K6","Non-Frozen","Storm","2007-4","11/28/2006 2:45","11/30/2006 5:30",16150,0.1616,1.346,51.12,0.02633,1.464,1.164,0.604,0.473,0.189,0.189,0.198,0.216,15.2,662112,0.292699724517906
"830","K6","Non-Frozen","Non-storm","2007-6","11/30/2006 5:30","12/11/2006 21:10",22540,0.05066,0.036,2.5,0.0144,0.216,0.108,0.072,0.036,0.045,1.256,1.508,1.517,15.2,662112,0.408510946788459
"831","K6","Non-Frozen","Storm","2007-7","12/11/2006 21:10","12/14/2006 6:50",8769,0.07788,0.009,NA,NA,NA,NA,NA,NA,0,0,0,0.207,15.2,662112,0.158927794693345
"832","K6","Non-Frozen","Non-storm","2007-8","12/14/2006 6:50","12/22/2006 12:20",15140,0.03499,0.36,188.7,0.001908,0.864,0.756,0.432,0.216,0,0,0.009,0.009,15.2,662112,0.274394664346817
"833","K6","Non-Frozen","Storm","2007-9","12/22/2006 12:20","12/24/2006 17:25",23470,0.1618,1.224,22.3,0.05489,0.864,0.756,0.45,0.288,0.243,0.243,0.243,0.261,15.2,662112,0.425366101203422
"834","K6","Non-Frozen","Non-storm","2007-10","12/24/2006 17:25","12/27/2006 14:55",9978,0.05818,0,NA,NA,NA,NA,NA,NA,0,0.468,1.467,1.485,15.2,662112,0.180839495432797
"835","K6","Non-Frozen","Non-storm","2007-11","12/27/2006 14:55","12/31/2006 16:15",9248,0.0295,0.207,83,0.002494,0.432,0.324,0.288,0.216,0,0,1.467,1.476,15.2,662112,0.167609105408148
"836","K6","Non-Frozen","Storm","2007-12","12/31/2006 16:15","1/3/2007 15:20",13850,0.1141,0.288,20.57,0.014,0.432,0.324,0.288,0.216,0.009,0.009,0.081,1.548,15.2,662112,0.251014934029288
"837","K6","Non-Frozen","Non-storm","2007-14","1/3/2007 15:20","1/13/2007 10:05",16340,0.03349,0.045,43.42,0.001036,0.108,0.108,0.054,0.036,0,0,0.297,0.405,15.2,662112,0.296143250688705
"838","K6","Frozen","Non-storm","2007-15","1/13/2007 10:05","2/21/2007 18:00",13330,0.01244,0,NA,NA,NA,NA,NA,NA,0,0,0.036,0.342,15.2,662112,0.24159054661447
"839","K6","Frozen","Storm","2007-16","2/21/2007 18:00","2/23/2007 13:50",1686,0.03055,0,NA,NA,NA,NA,NA,NA,0,0,0,0,15.2,662112,0.0305567638103523
"840","K6","Frozen","Non-storm","2007-17","2/23/2007 13:50","3/11/2007 18:00",4952,0.00772,0.72,199.5,0.003609,0.756,0.648,0.504,0.369,0,0,0,0,15.2,662112,0.0897491663041902
"841","K6","Frozen","Non-storm","2007-18","3/11/2007 18:00","3/12/2007 14:25",713,0.01416,0.126,2.183,0.05771,0.216,0.162,0.108,0.081,0,0,0.135,0.72,15.2,662112,0.0129222850514717
"842","K6","Frozen","Storm","2007-19","3/12/2007 14:25","3/15/2007 14:00",17290,0.1612,0.144,4.95,0.02909,0.216,0.162,0.09,0.081,0,0,0.261,0.846,15.2,662112,0.3133608815427
"843","K6","Frozen","Non-storm","2007-21","3/15/2007 14:00","3/25/2007 7:15",10350,0.02093,0.468,87.23,0.005365,0.864,0.756,0.576,0.36,0,0,0.144,0.405,15.2,662112,0.187581557198782
"844","K6","Non-Frozen","Storm","2007-22","3/25/2007 7:15","3/29/2007 1:40",8852,0.03694,0.315,74.67,0.004219,0.864,0.756,0.576,0.369,0,0.027,0.288,0.558,15.2,662112,0.160432071915326
"845","K6","Non-Frozen","Non-storm","2007-23","3/29/2007 1:40","4/1/2007 4:35",5063,0.0233,0.432,27.08,0.01595,1.728,1.62,0.756,0.432,0,0,0.324,0.603,15.2,662112,0.0917609105408148
"846","K6","Non-Frozen","Storm","2007-24","4/1/2007 4:35","4/3/2007 10:00",10900,0.161,0.837,58.63,0.01428,1.728,1.62,0.756,0.432,0.054,0.054,0.369,0.657,15.2,662112,0.197549659272147
"847","K6","Non-Frozen","Storm","2007-25","4/3/2007 10:00","4/4/2007 15:10",11020,0.161,0.414,6.483,0.06386,0.648,0.54,0.468,0.378,0.009,0.063,0.756,1.278,15.2,662112,0.199724517906336
"848","K6","Non-Frozen","Non-storm","2007-26","4/4/2007 15:10","4/12/2007 16:30",16910,0.06592,0,NA,NA,NA,NA,NA,NA,0,0.423,1.089,1.692,15.2,662112,0.306473829201102
"849","K6","Non-Frozen","Storm","2007-27","4/12/2007 16:30","4/14/2007 16:15",7117,0.1149,0,NA,NA,NA,NA,NA,NA,0,0,0,1.089,15.2,662112,0.128987240829346
"850","K6","Non-Frozen","Non-storm","2007-28","4/14/2007 16:15","4/17/2007 3:05",7340,0.05114,0,NA,NA,NA,NA,NA,NA,0,0,0,1.035,15.2,662112,0.133028853124547
"851","K6","Non-Frozen","Non-storm","2007-29","4/17/2007 3:05","5/1/2007 6:45",19630,0.03733,0.909,328.8,0.002764,0.432,0.432,0.324,0.27,0,0,0,0.018,15.2,662112,0.355770624909381
"852","K6","Non-Frozen","Storm","2007-30","5/1/2007 6:45","5/2/2007 10:45",8479,0.161,0.864,9.217,0.09374,0.54,0.486,0.36,0.27,0.234,0.234,0.423,0.666,15.2,662112,0.153671886327389
"853","K6","Non-Frozen","Non-storm","2007-31","5/2/2007 10:45","5/9/2007 7:00",10800,0.0473,0.34,0.1833,1.855,4.848,3.648,1.36,0.68,0,0,0,1.278,15.2,662112,0.19573727707699
"854","K6","Non-Frozen","Storm","2007-32","5/9/2007 7:00","5/10/2007 6:50",4256,0.1078,1.087,10.17,0.1069,5.16,4.188,2.274,1.137,0,0,0,1.278,15.2,662112,0.0771349862258953
"855","K6","Non-Frozen","Non-storm","2007-34","5/10/2007 6:50","5/15/2007 21:10",7480,0.03655,0.459,12.82,0.03581,0.864,0.864,0.468,0.252,0,0,1.087,1.555,15.2,662112,0.135566188197767
"856","K6","Non-Frozen","Storm","2007-35","5/15/2007 21:10","5/17/2007 15:05",3809,0.0428,0.513,8.3,0.06181,0.864,0.864,0.504,0.396,0.333,0.333,1.42,1.42,15.2,662112,0.0690336378135421
"857","K6","Non-Frozen","Non-storm","2007-36","5/17/2007 15:05","5/28/2007 18:00",6131,0.01825,0.054,122.3,0.0004415,0.324,0.162,0.054,0.036,0,0,0.846,1.933,15.2,662112,0.111117152385095
"858","K6","Non-Frozen","Non-storm","2007-37","5/28/2007 18:00","6/3/2007 21:30",1093,0.01008,0.748,73.62,0.01016,2.4,1.956,1.336,0.776,0,0,0.045,0.054,15.2,662112,0.0198093373930694
"859","K6","Non-Frozen","Storm","2007-38","6/3/2007 21:30","6/4/2007 4:00",59.8,0.00688,0.406,6.95,0.05842,2.4,1.956,1.336,0.785,0,0.297,0.36,0.405,15.2,662112,0.00108380455270407
"860","K6","Non-Frozen","Non-storm","2007-39","6/4/2007 4:00","6/11/2007 20:44",778.8,0.0032,0.279,71.02,0.003929,0.324,0.27,0.144,0.117,0.397,0.586,0.757,0.802,15.2,662112,0.0141148325358852
"861","K6","Non-Frozen","Storm","2007-40","8/20/2007 11:30","8/20/2007 14:30",29.2,0.01027,1.144,11.15,0.1026,1.2,1.032,0.596,0.397,0.621,0.954,1.08,2.153,15.2,662112,0.000529215600985936
"862","K6","Non-Frozen","Non-storm","2007-41","8/21/2007 8:00","8/21/2007 8:45",1.1,0.00086,0.162,3.617,0.04479,0.216,0.162,0.126,0.099,1.126,1.765,2.233,3.306,15.2,662112,1.99362041467305e-05
"863","K6","Non-Frozen","Storm","2007-42","8/24/2007 21:30","8/24/2007 23:30",30.8,0.01008,0.202,0.6,0.3367,1.56,1.05,0.386,0.202,0.09,0.153,2.566,2.836,15.2,662112,0.000558213716108453
"864","K6","Non-Frozen","Storm","2008-1","10/16/2007 11:45","10/16/2007 16:15",187.3,0.03312,0.775,8.483,0.09136,0.768,0.492,0.308,0.235,0.009,0.117,0.261,0.36,15.2,662112,0.00339459185152965
"865","K6","Non-Frozen","Storm","2008-2","10/18/2007 6:00","10/19/2007 7:00",880.7,0.08172,0.649,9.767,0.06645,0.876,0.81,0.56,0.37,0,0.784,0.91,1.045,15.2,662112,0.0159616499927505
"866","K6","Frozen","Storm","2008-3","12/22/2007 21:30","1/1/2008 16:00",5034,0.161,0.432,101.8,0.004244,0.324,0.27,0.162,0.153,0.009,0.009,0.009,0.009,15.2,662112,0.0912353197042192
"867","K6","Frozen","Non-storm","2008-4","1/3/2008 19:15","1/6/2008 2:45",84.8,0.00082,0,NA,NA,NA,NA,NA,NA,0,0,0,0.441,15.2,662112,0.0015369001014934
"868","K6","Frozen","Storm","2008-5","1/6/2008 2:45","1/7/2008 15:05",4286,0.07851,0.072,0.5833,0.1234,0.432,0.324,0.252,0.144,0,0,0,0.036,15.2,662112,0.0776787008844425
"869","K6","Frozen","Storm","2008-6","1/7/2008 15:05","1/8/2008 14:40",8553,0.161,0.789,24.07,0.03278,1.692,0.954,0.354,0.24,0,0,0,0.036,15.2,662112,0.155013049151805
"870","K6","Frozen","Storm","2008-7","1/8/2008 14:40","1/10/2008 23:05",13740,0.161,0.702,14.7,0.04776,0.432,0.324,0.252,0.189,0.708,0.708,0.708,0.744,15.2,662112,0.249021313614615
"871","K6","Frozen","Non-storm","2008-8","1/10/2008 23:05","1/17/2008",7610,0.023,0.009,NA,NA,NA,NA,NA,NA,0,0,1.41,1.41,15.2,662112,0.137922285051472
"872","K6","Frozen","Non-storm","2008-9","1/17/2008","1/29/2008 7:15",5451,0.01181,0,NA,NA,NA,NA,NA,NA,0,0,0.009,1.419,15.2,662112,0.0987929534580252
"873","K6","Frozen","Storm","2008-10","1/29/2008 7:15","1/30/2008 22:00",4988,0.1056,0,NA,NA,NA,NA,NA,NA,0,0,0,0,15.2,662112,0.0904016238944469
"874","K6","Frozen","Non-storm","2008-11","1/30/2008 22:00","2/17/2008 15:25",4988,0.01286,0.153,16.45,0.009301,0.324,0.216,0.162,0.108,0,0,0,0,15.2,662112,0.0904016238944469
"875","K6","Frozen","Storm","2008-12","2/17/2008 15:25","2/22/2008 18:50",6114,0.0212,0.927,NA,NA,NA,NA,NA,NA,0,0,0,0.153,15.2,662112,0.110809047411918
"876","K6","Frozen","Non-storm","2008-14","2/22/2008 18:50","3/2/2008 23:00",2080,0.00758,0,NA,NA,NA,NA,NA,NA,0,0,0.927,0.927,15.2,662112,0.0376975496592721
"877","K6","Frozen","Storm","2008-15","3/2/2008 23:00","3/8/2008",4184,0.01904,0.243,2.383,0.102,0.324,0.216,0.162,0.135,0,0,0,0,15.2,662112,0.0758300710453821
"878","K6","Frozen","Non-storm","2008-16","3/8/2008","3/12/2008 17:00",1836,0.01307,0,NA,NA,NA,NA,NA,NA,0,0,0.243,0.243,15.2,662112,0.0332753371030883
"879","K6","Frozen","Storm","2008-17","3/12/2008 17:00","3/18/2008 15:20",14140,0.06706,0.09,4.117,0.02186,0.216,0.216,0.144,0.108,0,0,0,0,15.2,662112,0.256270842395244
"880","K6","Frozen","Storm","2008-21","3/18/2008 15:20","3/20/2008 17:55",10160,0.1611,0.099,5.533,0.01789,0.216,0.216,0.144,0.108,0,0,0,0,15.2,662112,0.184138031027983
"881","K6","Frozen","Storm","2008-22","3/20/2008 17:55","3/24/2008 18:15",7402,0.06592,0,NA,NA,NA,NA,NA,NA,0,0,0.099,0.099,15.2,662112,0.134152530085544
"882","K6","Frozen","Storm","2008-23","3/24/2008 18:15","3/25/2008 15:50",1842,0.04108,0.009,NA,NA,NA,NA,NA,NA,0,0,0.018,0.099,15.2,662112,0.0333840800347977
"883","K6","Frozen","Storm","2008-24","3/25/2008 15:50","3/27/2008 15:00",7627,0.1486,0,NA,NA,NA,NA,NA,NA,0.009,0.009,0.009,0.108,15.2,662112,0.138230390024648
"884","K6","Frozen","Non-storm","2008-25","3/27/2008 15:00","3/31/2008 18:40",5589,0.02039,0.216,8.967,0.02409,0.648,0.648,0.54,0.36,0,0,0.009,0.108,15.2,662112,0.101294040887342
"885","K6","Frozen","Storm","2008-26","3/31/2008 18:40","4/1/2008 16:40",3859,0.07851,0.451,17.33,0.02602,0.648,0.648,0.54,0.36,0.027,0.027,0.036,0.135,15.2,662112,0.0699398289111208
"886","K6","Frozen","Non-storm","2008-27","4/1/2008 16:40","4/8/2008 21:35",12230,0.03655,0.261,2.133,0.1223,0.432,0.432,0.36,0.324,0,0,0,0.478,15.2,662112,0.22165434246774
"887","K6","Non-Frozen","Storm","2008-28","4/8/2008 21:35","4/10/2008 21:25",15050,0.1616,1.098,49.97,0.02197,0.432,0.432,0.396,0.324,0,0,0,0.478,15.2,662112,0.272763520371176
"888","K6","Non-Frozen","Storm","2008-29","4/10/2008 21:25","4/14/2008 18:30",38400,0.1616,1.17,51.75,0.02261,0.432,0.432,0.396,0.297,0,0.873,0.873,1.351,15.2,662112,0.695954762940409
"889","K6","Non-Frozen","Non-storm","2008-30","4/14/2008 18:30","4/25/2008 10:00",14540,0.0428,0.522,172.4,0.003027,0.648,0.648,0.504,0.378,0,0,0.288,2.043,15.2,662112,0.263520371175874
"890","K6","Non-Frozen","Storm","2008-31","4/25/2008 10:00","4/29/2008 14:45",20120,0.1617,1.511,77.33,0.01954,2.556,1.386,0.866,0.698,0.144,0.144,0.315,0.522,15.2,662112,0.364651297665652
"891","K6","Non-Frozen","Non-storm","2008-32","4/29/2008 14:45","5/26/2008 17:15",10070,0.0218,0.369,571.7,0.0006455,0.324,0.162,0.09,0.063,0,0,1.511,1.826,15.2,662112,0.182506887052342
"892","K6","Non-Frozen","Non-storm","2008-33","5/30/2008 9:45","5/30/2008 15:15",9,9e-04,0.315,4.517,0.06974,0.324,0.27,0.252,0.189,0,0,0.027,0.027,15.2,662112,0.000163114397564158
"893","K6","Non-Frozen","Non-storm","2008-34","5/31/2008 11:45","5/31/2008 14:00",9,0.00038,0.126,2.1,0.06,0.756,0.432,0.18,0.099,0.099,0.315,0.342,0.342,15.2,662112,0.000163114397564158
"894","K6","Non-Frozen","Non-storm","2008-35","6/3/2008 8:30","6/3/2008 22:00",26.4,0.00102,0.405,11.8,0.03432,0.324,0.27,0.162,0.144,0,0,0.441,0.468,15.2,662112,0.000478468899521531
"895","K6","Non-Frozen","Storm","2008-36","6/5/2008 11:45","6/8/2008 14:15",1453,0.0556,1.401,75.48,0.01856,2.064,1.278,0.588,0.451,0.009,0.063,0.855,0.882,15.2,662112,0.0263339132956358
"896","K6","Non-Frozen","Storm","2008-37","6/8/2008 14:15","6/9/2008 18:10",14900,0.1617,2.239,17.38,0.1288,1.68,1.446,1.09,0.734,0.339,0.554,1.752,2.22,15.2,662112,0.27004494707844
"897","K6","Non-Frozen","Non-storm","2008-38","6/9/2008 18:10","6/12/2008 23:20",10560,0.1133,0.384,4.767,0.08056,3.6,2.34,1.176,0.642,0,0,2.793,4.432,15.2,662112,0.191387559808612
"898","K6","Non-Frozen","Storm","2008-39","6/12/2008 23:20","6/14/2008 5:35",14630,0.1618,2.908,13.3,0.2186,3.816,2.826,1.448,1.136,0,0,2.793,4.432,15.2,662112,0.265151515151515
"899","K6","Non-Frozen","Non-storm","2008-40","6/14/2008 5:35","6/16/2008 21:55",7532,0.07292,0,NA,NA,NA,NA,NA,NA,0.207,2.908,5.486,7.025,15.2,662112,0.136508626939249
"900","K6","Non-Frozen","Non-storm","2008-41","6/16/2008 21:55","7/16/2008 20:35",10680,0.03893,3.164,620.7,0.005097,4.848,3.042,1.05,0.597,0,0,0,5.486,15.2,662112,0.193562418442801
"901","K6","Non-Frozen","Storm","2008-42","7/16/2008 20:35","7/18/2008 8:55",13640,0.1618,2.635,2.683,0.982,5.112,4.83,3.998,2.523,0,0,0.66,1.371,15.2,662112,0.247208931419458
"902","K6","Non-Frozen","Non-storm","2008-43","7/18/2008 8:55","8/10/2008 0:15",16690,0.07056,1.432,389.2,0.003679,2.544,1.938,0.754,0.386,0,0,2.635,3.97,15.2,662112,0.302486588371756
"903","K6","Non-Frozen","Non-storm","2008-44","9/13/2008 13:15","9/13/2008 15:15",10.9,0.0038,0.459,4.867,0.09432,0.648,0.54,0.36,0.306,0,0.36,0.378,0.945,15.2,662112,0.000197549659272147
"904","K6","Non-Frozen","Non-storm","2008-45","9/13/2008 17:00","9/13/2008 19:00",6,0.002,0.585,6.917,0.08458,0.648,0.54,0.36,0.306,0,0.36,0.378,0.945,15.2,662112,0.000108742931709439
"905","K6","Non-Frozen","Non-storm","2008-46","9/14/2008 17:45","9/14/2008 20:45",16.4,0.0031,0.288,3.967,0.07261,0.216,0.162,0.126,0.117,0.162,0.603,0.981,1.548,15.2,662112,0.0002972306800058
"906","K6","Non-Frozen","Storm","2010-1","10/23/2009 9:30","10/24/2009 18:00",4091,0.1612,1.503,26.87,0.05594,0.324,0.324,0.234,0.171,0.198,0.306,0.477,0.648,15.2,662112,0.0741445556038857
"907","K6","Non-Frozen","Non-storm","2010-2","10/24/2009 18:00","10/26/2009 21:50",438.8,0.00534,0.18,15.03,0.01197,0.216,0.216,0.108,0.072,0,0,1.818,2.151,15.2,662112,0.0079527330723503
"908","K6","Non-Frozen","Non-storm","2010-3","10/26/2009 21:50","10/30/2009 7:00",858.5,0.01046,0.27,83.22,0.003245,0.216,0.216,0.108,0.072,0.117,0.117,1.935,2.268,15.2,662112,0.0155593011454255
"909","K6","Non-Frozen","Storm","2010-4","10/30/2009 7:00","10/31/2009 22:00",1533,0.0309,0.441,34.75,0.01269,0.216,0.108,0.072,0.072,0,0,1.773,2.241,15.2,662112,0.0277838190517616
"910","K6","Non-Frozen","Non-storm","2010-5","10/31/2009 22:00","11/15/2009 2:30",1577,0.0052,0.009,NA,NA,NA,NA,NA,NA,0,0,0.441,2.457,15.2,662112,0.0285812672176309
"911","K6","Non-Frozen","Storm","2010-6","11/24/2009 17:45","11/27/2009 4:30",1481,0.03499,0.747,40.85,0.01829,0.108,0.108,0.09,0.072,0,0,0.225,0.225,15.2,662112,0.0268413803102798
"912","K6","Non-Frozen","Non-storm","2010-7","11/27/2009 4:30","12/25/2009 1:45",5594,0.01046,0.108,4.383,0.02464,0.216,0.216,0.216,0.144,0,0,0,0,15.2,662112,0.1013846599971
"913","K6","Non-Frozen","Storm","2010-8","12/25/2009 1:45","12/31/2009 0:25",32120,0.1617,1.296,23.67,0.05476,0.54,0.432,0.234,0.189,0.009,0.009,0.009,0.009,15.2,662112,0.58213716108453
"914","K6","Frozen","Non-storm","2010-10","12/31/2009 0:25","1/24/2010 1:00",12430,0.0212,0,NA,NA,NA,NA,NA,NA,0,0,1.305,1.305,15.2,662112,0.225279106858054
"915","K6","Frozen","Storm","2010-11","1/24/2010 1:00","1/28/2010 12:05",24690,0.1614,0.324,6.067,0.05341,0.216,0.162,0.108,0.099,0,0,0,0,15.2,662112,0.447477163984341
"916","K6","Frozen","Non-storm","2010-13","1/28/2010 12:05","3/5/2010 18:30",8402,0.01775,0,NA,NA,NA,NA,NA,NA,0,0,0.324,0.324,15.2,662112,0.152276352037118
"917","K6","Frozen","Storm","2010-14","3/5/2010 18:30","3/15/2010 17:25",50100,0.1613,0.171,80.38,0.002127,0.324,0.324,0.144,0.072,0,0,0,0,15.2,662112,0.908003479773815
"918","K6","Non-Frozen","Non-storm","2010-17","3/15/2010 17:25","4/7/2010 1:45",22890,0.023,0.738,435.4,0.001695,0.432,0.324,0.306,0.225,0,0,0.018,0.171,15.2,662112,0.414854284471509
"919","K6","Non-Frozen","Storm","2010-18","4/7/2010 1:45","4/9/2010 13:50",17900,0.1614,0.819,40.07,0.02044,0.756,0.648,0.378,0.297,0.585,0.585,0.621,0.621,15.2,662112,0.324416412933159
"920","K6","Non-Frozen","Non-storm","2010-21","4/9/2010 13:50","4/12/2010 14:45",7476,0.04874,0.009,NA,NA,NA,NA,NA,NA,0,0,1.404,1.44,15.2,662112,0.135493692909961
"921","K6","Non-Frozen","Non-storm","2010-22","4/12/2010 14:45","4/25/2010 6:30",8709,0.01877,0.927,296.4,0.003128,0.648,0.432,0.288,0.234,0,0,1.413,1.449,15.2,662112,0.157840365376251
"922","K6","Non-Frozen","Storm","2010-23","4/25/2010 6:30","4/26/2010 20:30",14610,0.1616,1.332,11.13,0.1196,1.08,0.756,0.486,0.396,0.756,0.756,0.756,0.801,15.2,662112,0.264789038712484
"923","K6","Non-Frozen","Non-storm","2010-24","4/26/2010 20:30","4/30/2010 23:55",8999,0.0546,0.009,NA,NA,NA,NA,NA,NA,0,0,2.088,2.088,15.2,662112,0.163096273742207
"924","K6","Non-Frozen","Non-storm","2010-25","4/30/2010 23:55","5/13/2010 7:00",12350,0.02548,1.791,295.1,0.006068,3.12,1.776,0.774,0.432,0,0,2.088,2.088,15.2,662112,0.223829201101928
"925","K6","Non-Frozen","Storm","2010-26","5/13/2010 7:00","5/14/2010 14:40",12250,0.1615,0.522,8.633,0.06046,0.648,0.54,0.432,0.315,0.009,0.531,1.161,1.647,15.2,662112,0.222016818906771
"926","K6","Non-Frozen","Non-storm","2010-27","5/14/2010 14:40","5/17/2010 12:50",8311,0.06421,0,NA,NA,NA,NA,NA,NA,0.009,0.522,1.638,2.169,15.2,662112,0.150627084239524
"927","K6","Non-Frozen","Non-storm","2010-28","5/17/2010 12:50","6/11/2010 11:45",12400,0.04415,2.679,504.8,0.005307,1.68,1.326,1.112,0.673,0,0,0,1.683,15.2,662112,0.224735392199507
"928","K6","Non-Frozen","Storm","2010-29","6/11/2010 11:45","6/11/2010 23:55",1801,0.1247,0.82,7.833,0.1047,1.68,1.32,0.7,0.48,0.03,0.03,1.536,1.563,15.2,662112,0.0326410033347832
"929","K6","Non-Frozen","Non-storm","2010-30","6/11/2010 23:55","6/15/2010 15:55",2690,0.01625,0.275,38.03,0.00723,3.888,2.376,0.9,0.45,0,0,1.39,2.383,15.2,662112,0.0487530810497318
"930","K6","Non-Frozen","Storm","2010-31","6/15/2010 15:55","6/16/2010 16:25",10580,0.1616,0.765,10.87,0.0704,3.888,2.376,0.972,0.504,0.02,0.05,1.44,2.424,15.2,662112,0.191750036247644
"931","K6","Non-Frozen","Non-storm","2010-32","6/16/2010 16:25","6/20/2010 12:55",11970,0.1064,0.009,NA,NA,NA,NA,NA,NA,0,0,1.635,3.171,15.2,662112,0.216942148760331
"932","K6","Non-Frozen","Non-storm","2010-33","6/20/2010 12:55","6/24/2010 2:00",2463,0.0137,0.884,47.17,0.01874,8.448,4.668,1.556,0.778,0,0,0.774,2.214,15.2,662112,0.0446389734667247
"933","K6","Non-Frozen","Storm","2010-34","6/24/2010 2:00","6/24/2010 15:00",2130,0.1018,0.697,0.4833,1.442,8.448,5.868,2.172,1.086,0.288,0.495,0.504,2.169,15.2,662112,0.0386037407568508
"934","K6","Non-Frozen","Non-storm","2010-35","6/24/2010 15:00","7/15/2010 2:25",11420,0.0242,1.79,452.7,0.003954,4.32,3.84,2.684,1.45,0,0,1.192,2.016,15.2,662112,0.206974046686965
"935","K6","Non-Frozen","Storm","2010-36","7/15/2010 2:25","7/16/2010 18:15",11350,0.1615,1.908,8.45,0.2258,4.32,3.84,2.684,1.585,0,0,0.225,0.605,15.2,662112,0.205705379150355
"936","K6","Non-Frozen","Non-storm","2010-37","7/16/2010 18:15","7/21/2010 1:40",6146,0.03538,0.298,66.55,0.004478,0.876,0.6,0.272,0.172,0,0,1.953,2.513,15.2,662112,0.111389009714369
"937","K6","Non-Frozen","Storm","2010-38","7/21/2010 1:40","7/22/2010 17:00",3518,0.08172,0.866,39.98,0.02166,4.44,3.072,1.336,0.731,0.054,0.054,2.161,2.757,15.2,662112,0.0637596056256343
"938","K6","Non-Frozen","Storm","2010-39","7/22/2010 17:00","7/24/2010 9:20",14040,0.1618,1.901,42.87,0.04435,2.58,2.19,1.362,0.982,0,0.695,0.948,3.072,15.2,662112,0.254458460200087
"939","K6","Non-Frozen","Storm","2010-40","7/24/2010 9:20","7/26/2010 17:00",13450,0.1616,0.455,3.25,0.14,1.56,1.2,0.562,0.362,0,1.72,2.668,4.792,15.2,662112,0.243765405248659
"940","K6","Non-Frozen","Non-storm","2010-41","7/26/2010 17:00","8/11/2010 12:00",9082,0.02845,1.048,341.2,0.003072,2.88,1.656,0.688,0.344,0,0,2.175,5.031,15.2,662112,0.164600550964187
"941","K6","Non-Frozen","Storm","2010-42","8/11/2010 12:00","8/12/2010 15:00",5030,0.1614,1.214,8.533,0.1423,2.88,1.986,1.244,0.721,0,0.009,0.369,0.711,15.2,662112,0.0911628244164129
"942","K6","Non-Frozen","Non-storm","2010-43","8/12/2010 15:00","9/3/2010 1:15",8784,0.02676,1.909,479.3,0.003983,4.608,4.476,2.032,1.052,0,0,1.583,1.916,15.2,662112,0.159199652022619
"943","K6","Non-Frozen","Non-storm","2010-44","9/3/2010 1:15","9/26/2010 3:30",4408,0.08238,1.3,508.4,0.002557,4.608,4.476,2.104,1.16,0.054,0.733,0.733,1.374,15.2,662112,0.0798898071625344
"944","K6","Frozen","Storm","2011-1","12/30/2010 21:45","1/3/2011 23:00",12270,0.07788,0.009,NA,NA,NA,NA,NA,NA,0,0.063,0.063,0.081,15.2,662112,0.222379295345803
"945","K6","Frozen","Non-storm","2011-2","1/3/2011 23:00","2/14/2011 19:30",3986,0.00646,0,NA,NA,NA,NA,NA,NA,0,0,0.072,0.09,15.2,662112,0.0722415542989706
"946","K6","Frozen","Storm","2011-3","2/14/2011 19:30","2/19/2011 11:30",21500,0.1611,0,NA,NA,NA,NA,NA,NA,0,0,0,0,15.2,662112,0.389662171958823
"947","K6","Frozen","Non-storm","2011-5","2/19/2011 11:30","2/23/2011 20:45",4447,0.02612,0,NA,NA,NA,NA,NA,NA,0,0,0,0,15.2,662112,0.0805966362186458
"948","K6","Frozen","Non-storm","2011-6","2/23/2011 20:45","3/5/2011 1:00",4451,0.00772,0.243,7.583,0.03204,0.216,0.162,0.144,0.108,0,0,0,0,15.2,662112,0.0806691315064521
"949","K6","Frozen","Storm","2011-7","3/5/2011 1:00","3/10/2011 18:00",7866,0.04595,0.198,4.4,0.045,0.108,0.108,0.108,0.09,0,0,0.243,0.243,15.2,662112,0.142561983471074
"950","K6","Frozen","Non-storm","2011-8","3/10/2011 18:00","3/13/2011 20:35",2691,0.01725,0,NA,NA,NA,NA,NA,NA,0.198,0.198,0.441,0.441,15.2,662112,0.0487712048716833
"951","K6","Frozen","Storm","2011-9","3/13/2011 20:35","3/20/2011 17:05",41570,0.1614,0.027,0.2667,0.1012,0.216,0.216,0.108,0.054,0,0,0,0.198,15.2,662112,0.753407278526896
"952","K6","Frozen","Storm","2011-12","3/20/2011 17:05","3/21/2011 11:40",7115,0.1611,0.423,8.7,0.04862,0.324,0.27,0.252,0.198,0,0,0,0.198,15.2,662112,0.128950993185443
"953","K6","Non-Frozen","Storm","2011-13","3/21/2011 11:40","3/25/2011 5:00",18490,0.09183,0.297,12.22,0.02431,0.324,0.216,0.144,0.108,0,0.423,0.423,0.621,15.2,662112,0.335109467884588
"954","K6","Frozen","Non-storm","2011-14","3/25/2011 5:00","3/29/2011 19:15",9040,0.03733,0,NA,NA,NA,NA,NA,NA,0,0,0.72,0.72,15.2,662112,0.163839350442221
"955","K6","Frozen","Storm","2011-15","3/29/2011 19:15","4/3/2011 11:30",31320,0.1614,NA,NA,NA,NA,NA,NA,NA,NA,NA,NA,NA,15.2,662112,0.567638103523271
"956","K6","Frozen","Storm","2011-17","4/3/2011 11:30","4/6/2011 23:30",26110,0.1616,0.567,17.38,0.03262,0.54,0.54,0.252,0.171,0,0,0,0.72,15.2,662112,0.473212991155575
"957","K6","Non-Frozen","Non-storm","2011-19","4/6/2011 23:30","4/16/2011 1:25",15750,0.0346,0.651,138.9,0.004687,1.332,0.99,0.612,0.45,0,0,0.567,0.567,15.2,662112,0.285450195737277
"958","K6","Non-Frozen","Storm","2011-20","4/16/2011 1:25","4/17/2011 7:10",15680,0.1615,1.298,22.9,0.05668,1.32,0.864,0.648,0.486,0,0.018,0.273,0.84,15.2,662112,0.284181528200667
"959","K6","Non-Frozen","Non-storm","2011-21","4/17/2011 7:10","4/18/2011 18:00",7148,0.1041,0,NA,NA,NA,NA,NA,NA,0.342,1.298,1.562,2.138,15.2,662112,0.129549079309845
"960","K6","Non-Frozen","Non-storm","2011-22","4/18/2011 18:00","4/20/2011 20:30",5597,0.04237,0.369,20.58,0.01793,0.108,0.108,0.108,0.081,0,0,1.316,1.571,15.2,662112,0.101439031462955
"961","K6","Non-Frozen","Storm","2011-23","4/20/2011 20:30","4/23/2011 1:00",24960,0.1616,0.045,16.98,0.00265,0.216,0.108,0.072,0.036,0,0.27,1.667,1.94,15.2,662112,0.452370595911266
"962","K6","Non-Frozen","Storm","2011-24","4/23/2011 1:00","4/26/2011 10:00",20810,0.1616,0.513,81.15,0.006322,0.54,0.432,0.288,0.252,0.027,0.027,1.514,1.967,15.2,662112,0.377156734812237
"963","K6","Non-Frozen","Storm","2011-25","4/26/2011 10:00","4/28/2011 17:30",22810,0.1616,1.305,33.47,0.03899,0.54,0.432,0.324,0.297,0,0,0.675,1.991,15.2,662112,0.413404378715383
"964","K6","Non-Frozen","Non-storm","2011-26","4/28/2011 17:30","5/3/2011 17:55",14570,0.06938,0.234,56.93,0.00411,0.216,0.162,0.09,0.063,0,0.126,1.611,3.278,15.2,662112,0.264064085834421
"965","K6","Non-Frozen","Non-storm","2011-27","5/3/2011 17:55","6/13/2011 17:31",17380,0.01958,2.282,898.5,0.00254,1.68,1.164,0.504,0.389,0,0,0.135,1.845,15.2,662112,0.314992025518341
"966","K6","Non-Frozen","Storm","2011-28","6/22/2011 2:15","6/22/2011 13:40",1384,0.08634,1.152,7.133,0.1615,2.304,1.422,0.748,0.536,0.072,0.072,0.747,1.139,15.2,662112,0.0250833695809772
"967","K6","Non-Frozen","Non-storm","2011-29","6/22/2011 13:40","6/23/2011 16:45",656,0.016,0.243,17.73,0.0137,1.08,0.972,0.684,0.342,1.152,1.224,1.845,2.219,15.2,662112,0.011889227200232
"968","K6","Non-Frozen","Storm","2011-30","6/23/2011 16:45","6/24/2011 18:30",7121,0.1614,1.109,12.43,0.0892,1.08,0.972,0.702,0.45,0.072,1.296,1.611,2.291,15.2,662112,0.129059736117152
"969","K6","Non-Frozen","Non-storm","2011-31","6/24/2011 18:30","7/8/2011 19:30",6504,0.03979,0.009,NA,NA,NA,NA,NA,NA,0,0,2.405,3.08,15.2,662112,0.117877337973032
"970","K6","Non-Frozen","Non-storm","2011-32","7/11/2011 10:00","7/21/2011 19:15",1337,0.01223,1.82,215,0.008466,3.768,2.97,1.046,1.036,0.009,0.009,0.009,0.018,15.2,662112,0.0242315499492533
"971","K6","Non-Frozen","Non-storm","2011-33","7/23/2011 12:15","7/23/2011 17:15",10.6,0.00152,0.414,2.467,0.1678,0.54,0.432,0.288,0.207,0.018,0.018,0.694,1.847,15.2,662112,0.000192112512686675
"972","K6","Non-Frozen","Non-storm","2011-34","7/24/2011 9:45","7/25/2011 21:30",88.7,0.00902,0.377,0.6833,0.5517,1.92,1.506,0.718,0.377,0.414,0.432,1.108,2.261,15.2,662112,0.00160758300710454
"973","K6","Non-Frozen","Non-storm","2011-35","7/27/2011 17:15","7/27/2011 22:45",8.2,0.00146,0.396,9.917,0.03993,0.324,0.27,0.18,0.135,0,0,0.809,1.485,15.2,662112,0.0001486153400029
"974","K6","Non-Frozen","Non-storm","2011-36","7/28/2011 6:00","7/28/2011 12:30",4.3,0.00024,0.027,2,0.0135,0.108,0.054,0.018,0.018,0.396,0.396,1.205,1.881,15.2,662112,7.79324343917645e-05
"975","K6","Non-Frozen","Non-storm","2011-37","7/29/2011 6:15","7/29/2011 16:45",6.4,2e-04,0,NA,NA,NA,NA,NA,NA,0.018,0.432,1.241,1.917,15.2,662112,0.000115992460490068
"976","K7","Non-Frozen","Storm","2007-1","11/28/2006 4:54","12/23/2006 15:00",28940,0.1592,2.831,608.7,0.004651,1.464,1.164,0.604,0.473,0.189,0.189,0.198,0.216,12,522720,0.664370982552801
"977","K7","Frozen","Storm","2007-2","3/2/2007 4:00","3/2/2007 13:35",494.9,0.1592,0.585,6.667,0.08775,0.756,0.648,0.504,0.369,0,0,0,0,12,522720,0.0113613406795225
"978","K7","Frozen","Storm","2007-3","3/10/2007 4:45","3/13/2007 22:45",104200,0.1592,0.261,58.57,0.004456,0.216,0.162,0.108,0.081,0,0,0,0.585,12,522720,2.3921028466483
"979","K7","Frozen","Storm","2008-1","2/17/2008 20:45","3/4/2008 22:45",6332,0.1592,1.17,342,0.003421,11.12,5.562,1.854,0.927,0,0,0,0.153,12,522720,0.145362718089991
"980","K7","Frozen","Storm","2008-2","3/13/2008","3/13/2008 11:45",241.7,0.1592,0,NA,NA,NA,NA,NA,NA,0,0,0,0.243,12,522720,0.00554866850321396
"981","K7","Frozen","Storm","2008-3","3/13/2008 17:30","3/15/2008 7:30",35670,0.1592,0,NA,NA,NA,NA,NA,NA,0,0,0,0.243,12,522720,0.818870523415978
"982","K7","Frozen","Storm","2008-4","3/18/2008 20:15","3/19/2008 2:15",210.3,0.1592,0,NA,NA,NA,NA,NA,NA,0.099,0.099,0.099,0.099,12,522720,0.00482782369146006
"983","K7","Frozen","Storm","2008-5","3/19/2008 19:30","3/19/2008 23:30",52.4,0.1592,0,NA,NA,NA,NA,NA,NA,0,0.099,0.099,0.099,12,522720,0.00120293847566575
"984","K7","Non-Frozen","Storm","2008-6","4/10/2008 23:45","4/11/2008 21:15",17940,0.1592,1.062,27.23,0.039,0.432,0.27,0.216,0.162,0,0.873,0.873,1.351,12,522720,0.411845730027548
"985","K7","Non-Frozen","Storm","2008-7","4/25/2008 23:45","4/26/2008 10:00",10130,0.1592,1.079,4.85,0.2225,2.556,1.386,0.866,0.698,0.567,0.567,0.738,0.855,12,522720,0.232552800734619
"986","K7","Non-Frozen","Storm","2008-8","6/8/2008 15:23","6/8/2008 21:00",9895,0.1592,1.001,4.617,0.2168,1.08,0.972,0.702,0.486,0.339,0.554,1.752,2.22,12,522720,0.227157943067034
"987","K7","Non-Frozen","Storm","2008-9","6/8/2008 23:37","6/9/2008 13:15",40650,0.1592,1.238,6.833,0.1812,1.68,1.446,1.09,0.734,1.34,1.34,2.753,3.221,12,522720,0.933195592286501
"988","K7","Non-Frozen","Storm","2008-10","6/12/2008 23:43","6/13/2008 14:30",115900,0.1592,2.908,13.3,0.2186,3.816,2.826,1.448,0.926,0,0,2.793,4.432,12,522720,2.66069788797062
"989","K7","Non-Frozen","Storm","2008-11","7/16/2008 20:45","7/17/2008 0:30",17560,0.1592,2.635,2.683,0.982,5.112,4.83,3.962,2.32,0,0,0.66,1.371,12,522720,0.403122130394858
"990","K7","Frozen","Storm","2009-0","2/7/2009 19:45","2/8/2009 4:59",629.1,0.03466,0,NA,NA,NA,NA,NA,NA,0,0,0,0,12,522720,0.0144421487603306
"991","K7","Frozen","Storm","2009-1","2/8/2009 10:00","2/8/2009 13:45",17.4,0.00194,0,NA,NA,NA,NA,NA,NA,0,0,0,0,12,522720,0.000399449035812672
"992","K7","Frozen","Storm","2009-2","2/8/2009 21:00","2/9/2009 0:45",38.9,0.0057,0,NA,NA,NA,NA,NA,NA,0,0,0,0,12,522720,0.000893021120293848
"993","K7","Frozen","Storm","2009-3","2/10/2009 2:15","2/11/2009 9:00",54750,1.976,0.252,2.55,0.09882,0.324,0.27,0.216,0.162,0,0,0,0,12,522720,1.2568870523416
"994","K7","Frozen","Storm","2009-4","2/11/2009 19:00","2/12/2009 4:00",451.6,0.03512,0.027,2.55,0.01059,0.108,0.054,0.018,0.018,0,0.252,0.252,0.252,12,522720,0.0103673094582185
"995","K7","Frozen","Storm","2009-5","2/25/2009 21:45","2/26/2009 7:15",219.3,0.01712,0,NA,NA,NA,NA,NA,NA,0.252,0.252,0.252,0.261,12,522720,0.00503443526170799
"996","K7","Frozen","Storm","2009-6","2/26/2009 22:15","2/27/2009 11:32",3967,0.3528,0.342,3.617,0.09456,0.324,0.27,0.216,0.198,0,0.252,0.252,0.261,12,522720,0.0910697887970615
"997","K7","Frozen","Storm","2009-7","3/5/2009 0:30","3/5/2009 3:15",36.7,0.00654,0,NA,NA,NA,NA,NA,NA,0,0,0.342,0.594,12,522720,0.000842516069788797
"998","K7","Frozen","Storm","2009-8","3/5/2009 17:45","3/7/2009 7:00",38560,1.47,0,NA,NA,NA,NA,NA,NA,0,0,0.342,0.594,12,522720,0.885215794306703
"999","K7","Frozen","Storm","2009-9","3/7/2009 18:00","3/8/2009 1:15",986.8,0.08848,0.009,NA,NA,NA,NA,NA,NA,0,0,0,0.594,12,522720,0.022653810835629
"1000","K7","Frozen","Storm","2009-10","3/10/2009 6:30","3/11/2009 14:45",43860,0.9176,0.513,21.92,0.02341,0.216,0.108,0.09,0.081,0,0.063,0.072,0.666,12,522720,1.0068870523416
"1001","K7","Frozen","Storm","2009-11","3/13/2009 18:45","3/14/2009 5:01",2474,0.1886,0,NA,NA,NA,NA,NA,NA,0,0,0.585,0.585,12,522720,0.0567952249770432
"1002","K7","Frozen","Storm","2009-12","3/14/2009 17:00","3/14/2009 22:46",4102,0.4464,0,NA,NA,NA,NA,NA,NA,0,0,0.585,0.585,12,522720,0.0941689623507805
"1003","K7","Non-Frozen","Storm","2009-13","4/26/2009 7:30","4/26/2009 18:46",6100,0.4654,1.152,14.85,0.07758,0.324,0.324,0.288,0.252,0.594,0.594,1.674,1.701,12,522720,0.140036730945822
"1004","K7","Non-Frozen","Storm","2009-14","4/26/2009 20:55","4/26/2009 23:46",167.7,0.03846,0.099,1.583,0.06253,0.54,0.378,0.144,0.09,1.161,1.746,2.817,2.853,12,522720,0.00384986225895317
"1005","K7","Frozen","Storm","2010-0","1/24/2010 10:00","1/25/2010 4:15",19730,1.2,0.324,6.067,0.05341,0.216,0.162,0.108,0.099,0,0,0,0,12,522720,0.452938475665748
"1006","K7","Frozen","Storm","2010-1","3/8/2010 0:45","3/8/2010 6:45",203.7,0.02296,0,NA,NA,NA,NA,NA,NA,0,0,0,0,12,522720,0.0046763085399449
"1007","K7","Frozen","Storm","2010-2","3/8/2010 18:30","3/9/2010 5:45",2892,0.2564,0,NA,NA,NA,NA,NA,NA,0,0,0,0,12,522720,0.0663911845730027
"1008","K7","Frozen","Storm","2010-3","3/9/2010 18:45","3/10/2010 21:00",1769,0.0711,0.081,15.45,0.005243,0.108,0.108,0.036,0.036,0,0,0,0,12,522720,0.0406106519742883
"1009","K7","Non-Frozen","Storm","2010-4","4/25/2010 8:45","4/25/2010 16:45",12770,1.875,1.332,11.13,0.1196,1.08,0.756,0.486,0.396,0.756,0.756,0.756,0.801,12,522720,0.293158861340679
"1010","K7","Non-Frozen","Storm","2010-5","6/15/2010 21:45","6/16/2010 6:45",9842,0.9288,0.477,7,0.06814,0.432,0.324,0.198,0.144,0.308,0.338,1.638,2.712,12,522720,0.225941230486685
"1011","K7","Non-Frozen","Storm","2010-6","7/22/2010 21:00","7/23/2010 2:45",31440,6.747,1.72,7.55,0.2278,2.58,2.19,1.362,0.982,0,0.695,0.948,3.072,12,522720,0.721763085399449
"1012","K7","Non-Frozen","Storm","2010-7","7/24/2010 11:15","7/24/2010 15:00",1926,0.4312,0.455,3.25,0.14,1.56,0.888,0.35,0.211,0,1.72,2.668,4.792,12,522720,0.0442148760330579
"1013","K7","Frozen","Storm","2011-1","2/17/2011 16:45","2/18/2011 11:30",2513,0.07593,0,NA,NA,NA,NA,NA,NA,0,0,0,0,12,522720,0.0576905417814509
"1014","K7","Frozen","Storm","2011-2","3/15/2011 22:45","3/16/2011 4:00",402.4,0.04564,0,NA,NA,NA,NA,NA,NA,0,0,0.198,0.441,12,522720,0.00923783287419651
"1015","K7","Frozen","Storm","2011-3","3/16/2011 19:00","3/17/2011 4:15",3268,0.228,0,NA,NA,NA,NA,NA,NA,0,0,0.108,0.441,12,522720,0.0750229568411387
"1016","K7","Frozen","Storm","2011-4","3/17/2011 16:15","3/18/2011 7:30",17460,0.6795,0,NA,NA,NA,NA,NA,NA,0,0,0,0.441,12,522720,0.400826446280992
"1017","K7","Frozen","Storm","2011-5","3/20/2011 18:45","3/20/2011 22:30",925,0.276,0.387,3.2,0.1209,0.324,0.27,0.252,0.198,0,0,0,0.198,12,522720,0.0212350780532599
"1018","K7","Frozen","Storm","2011-6","4/1/2011 18:45","4/1/2011 23:45",1265,0.147,0,NA,NA,NA,NA,NA,NA,0,0,0,0.72,12,522720,0.029040404040404
"1019","K7","Frozen","Storm","2011-7","4/2/2011 17:15","4/2/2011 20:15",17.3,0.00426,0,NA,NA,NA,NA,NA,NA,0,0,0,0.72,12,522720,0.000397153351698806
"1020","K7","Frozen","Storm","2011-8","4/3/2011 13:30","4/4/2011 1:15",7583,0.579,0.558,7.8,0.07154,0.54,0.54,0.252,0.171,0,0,0,0.72,12,522720,0.174081726354454
"1021","K7","Non-Frozen","Storm","2011-9","4/16/2011 4:30","4/16/2011 17:15",2197,0.152,1.226,16.8,0.07298,1.32,0.768,0.432,0.306,0,0.018,0.273,0.84,12,522720,0.0504361799816345
"1022","K7","Non-Frozen","Storm","2011-10","4/21/2011 16:15","4/22/2011 1:00",9780,0.975,0,NA,NA,NA,NA,NA,NA,0,0.369,1.667,1.94,12,522720,0.224517906336088
"1023","K7","Non-Frozen","Storm","2011-11","4/23/2011 2:30","4/23/2011 10:00",1899,0.2102,0.279,4.7,0.05936,0.54,0.324,0.162,0.135,0.027,0.027,1.514,1.967,12,522720,0.0435950413223141
"1024","K7","Non-Frozen","Storm","2011-12","4/26/2011 11:15","4/26/2011 22:30",26110,2.691,1.188,15.32,0.07756,0.54,0.378,0.324,0.297,0,0,0.675,1.991,12,522720,0.599403122130395
"1025","K7","Non-Frozen","Storm","2011-13","6/24/2011 3:15","6/24/2011 4:30",29.5,0.01254,1.1,11.18,0.09836,0.996,0.768,0.598,0.389,0.072,1.296,1.611,2.291,12,522720,0.00067722681359045
"1026","K8","Frozen","Storm","2008-0","1/8/2008 19:10","1/8/2008 21:19",48.4,0.0098,0.567,7.9,0.07177,0.432,0.324,0.252,0.189,0.708,0.708,0.708,0.744,5,217800,0.00266666666666667
"1027","K8","Frozen","Storm","2008-1","3/3/2008 9:29","3/4/2008 11:13",4108,0.0854,0.243,2.383,0.102,0.324,0.216,0.162,0.135,0,0,0,0,5,217800,0.22633608815427
"1028","K8","Frozen","Storm","2008-2","3/13/2008 23:00","3/15/2008 14:00",8505,0.1958,0,NA,NA,NA,NA,NA,NA,0,0,0,0.243,5,217800,0.468595041322314
"1029","K8","Frozen","Storm","2008-3","3/15/2008 19:00","3/16/2008 8:21",784.4,0.0425,0,NA,NA,NA,NA,NA,NA,0,0,0,0.243,5,217800,0.0432176308539945
"1030","K8","Frozen","Storm","2008-4","3/18/2008 19:00","3/19/2008 11:00",1518,0.0685,0,NA,NA,NA,NA,NA,NA,0.099,0.099,0.099,0.099,5,217800,0.0836363636363636
"1031","K8","Frozen","Storm","2008-5","3/19/2008 17:00","3/20/2008 5:00",1400,0.0759,0,NA,NA,NA,NA,NA,NA,0,0.099,0.099,0.099,5,217800,0.0771349862258953
"1032","K8","Frozen","Storm","2008-6","3/20/2008 18:00","3/21/2008 4:00",379.4,0.023,0,NA,NA,NA,NA,NA,NA,0,0,0.099,0.099,5,217800,0.0209035812672176
"1033","K8","Frozen","Storm","2008-7","3/24/2008 18:00","3/25/2008 0:55",222.7,0.0154,0,NA,NA,NA,NA,NA,NA,0,0,0.099,0.099,5,217800,0.0122699724517906
"1034","K8","Frozen","Storm","2008-8","3/25/2008 16:00","3/26/2008 3:00",1133,0.0652,0,NA,NA,NA,NA,NA,NA,0.009,0.009,0.009,0.108,5,217800,0.0624242424242424
"1035","K8","Frozen","Storm","2008-9","3/26/2008 17:18","3/26/2008 23:02",247.3,0.0189,0,NA,NA,NA,NA,NA,NA,0,0.009,0.009,0.108,5,217800,0.0136253443526171
"1036","K8","Frozen","Storm","2008-10","3/31/2008 18:00","4/1/2008 10:07",450,0.0233,0.451,17.33,0.02602,0.552,0.324,0.27,0.18,0.027,0.027,0.036,0.135,5,217800,0.0247933884297521
"1037","K8","Non-Frozen","Storm","2008-11","4/8/2008 22:33","4/9/2008 12:00",1699,0.157,0.873,12.37,0.07059,0.216,0.216,0.18,0.162,0,0,0,0.478,5,217800,0.0936088154269973
"1038","K8","Non-Frozen","Storm","2008-12","4/10/2008 20:51","4/11/2008 23:00",5973,0.2746,1.062,27.23,0.039,0.432,0.27,0.216,0.162,0,0.873,0.873,1.351,5,217800,0.329090909090909
"1039","K8","Non-Frozen","Storm","2008-13","4/12/2008 9:43","4/13/2008 2:00",763.9,0.0264,0.09,12.35,0.007287,0.108,0.054,0.018,0.018,0.108,1.08,1.953,2.431,5,217800,0.0420881542699724
"1040","K8","Non-Frozen","Storm","2008-14","4/25/2008 16:56","4/25/2008 19:38",76.8,0.0182,0.216,0.85,0.2541,0.648,0.432,0.288,0.216,0.351,0.351,0.522,0.648,5,217800,0.00423140495867769
"1041","K8","Non-Frozen","Storm","2008-15","4/25/2008 22:00","4/26/2008 9:00",7321,1.486,1.079,4.85,0.2225,2.556,1.386,0.866,0.698,0.567,0.567,0.738,0.855,5,217800,0.4033608815427
"1042","K8","Non-Frozen","Storm","2008-16","6/8/2008 16:30","6/8/2008 18:30",242.8,0.1113,1.001,4.617,0.2168,1.08,0.972,0.702,0.486,0.339,0.554,1.752,2.22,5,217800,0.0133774104683196
"1043","K8","Non-Frozen","Storm","2008-17","6/8/2008 23:42","6/9/2008 12:45",4941,0.5724,1.238,6.833,0.1812,1.68,1.446,1.09,0.734,1.34,1.34,2.753,3.221,5,217800,0.272231404958678
"1044","K8","Non-Frozen","Storm","2008-18","6/12/2008 23:00","6/13/2008 15:00",35990,5.072,2.908,13.3,0.2186,3.816,2.826,1.448,0.926,0,0,2.793,4.432,5,217800,1.98292011019284
"1045","K8","Non-Frozen","Storm","2008-19","7/16/2008 20:00","7/17/2008 2:06",6993,2.1,2.635,2.683,0.982,5.112,4.83,3.962,2.32,0,0,0.66,1.371,5,217800,0.385289256198347
"1046","K8","Non-Frozen","Storm","2008-20","7/20/2008 9:45","7/20/2008 12:00",80.7,0.02,0.368,1.833,0.2007,1.932,1.398,0.574,0.341,0.135,0.135,2.77,4.105,5,217800,0.00444628099173554
"1047","K8","Frozen","Storm","2009-0","2/10/2009 3:06","2/10/2009 15:00",5323,0.1581,0.252,2.55,0.09882,0.324,0.27,0.216,0.162,0,0,0,0,5,217800,0.293278236914601
"1048","K8","Frozen","Storm","2009-1","2/10/2009 15:00","2/11/2009 8:00",9476,0.5203,0,NA,NA,NA,NA,NA,NA,0.252,0.252,0.252,0.252,5,217800,0.522093663911846
"1049","K8","Frozen","Storm","2009-2","2/11/2009 18:00","2/12/2009 6:00",381,0.01574,0.027,2.55,0.01059,0.108,0.054,0.018,0.018,0,0.252,0.252,0.252,5,217800,0.0209917355371901
"1050","K8","Frozen","Storm","2009-3","2/26/2009 20:00","2/27/2009 9:28",3168,0.1724,0.342,3.617,0.09456,0.324,0.27,0.216,0.198,0,0.252,0.252,0.261,5,217800,0.174545454545455
"1051","K8","Frozen","Storm","2009-4","3/5/2009 21:00","3/7/2009 4:00",14000,0.6056,0,NA,NA,NA,NA,NA,NA,0,0,0.342,0.594,5,217800,0.771349862258953
"1052","K8","Frozen","Storm","2009-5","3/7/2009 18:00","3/8/2009 2:01",760.9,0.0365,0.009,NA,NA,NA,NA,NA,NA,0,0,0,0.594,5,217800,0.0419228650137741
"1053","K8","Frozen","Storm","2009-6","3/10/2009 5:56","3/11/2009 14:11",25100,0.4993,0.513,21.92,0.02341,0.216,0.108,0.09,0.081,0,0.063,0.072,0.666,5,217800,1.38292011019284
"1054","K8","Frozen","Storm","2009-7","3/13/2009 19:00","3/14/2009 2:01",1193,0.0955,0,NA,NA,NA,NA,NA,NA,0,0,0.585,0.585,5,217800,0.0657300275482094
"1055","K8","Frozen","Storm","2009-8","3/14/2009 16:50","3/15/2009 1:01",3465,0.2564,0,NA,NA,NA,NA,NA,NA,0,0,0.585,0.585,5,217800,0.190909090909091
"1056","K8","Frozen","Storm","2009-9","3/15/2009 15:00","3/15/2009 22:01",579.7,0.03993,0,NA,NA,NA,NA,NA,NA,0,0,0.576,0.585,5,217800,0.0319393939393939
"1057","K8","Non-Frozen","Storm","2009-10","4/25/2009 16:40","4/25/2009 19:01",354.4,0.07593,0.585,5.333,0.1097,0.648,0.378,0.27,0.243,0,0.009,1.08,1.107,5,217800,0.0195261707988981
"1058","K8","Non-Frozen","Storm","2009-11","4/26/2009 3:15","4/27/2009 4:01",6233,0.3204,1.26,22.52,0.05596,0.54,0.378,0.288,0.252,0.594,0.594,1.674,1.701,5,217800,0.343415977961433
"1059","K8","Non-Frozen","Storm","2010-1","12/25/2009 12:00","12/26/2009 4:03",1879,0.0678,1.296,23.67,0.05476,0.54,0.432,0.234,0.189,0.009,0.009,0.009,0.009,5,217800,0.103526170798898
"1060","K8","Frozen","Storm","2010-2","1/24/2010 6:00","1/25/2010 13:00",6807,0.2508,0.324,6.067,0.05341,0.216,0.162,0.108,0.099,0,0,0,0,5,217800,0.37504132231405
"1061","K8","Frozen","Storm","2010-3","3/8/2010 19:00","3/9/2010 16:00",1232,0.0495,0,NA,NA,NA,NA,NA,NA,0,0,0,0,5,217800,0.0678787878787879
"1062","K8","Frozen","Storm","2010-4","3/9/2010 20:00","3/12/2010 9:45",6639,0.0955,0.153,40.02,0.003823,0.324,0.324,0.144,0.072,0,0,0,0,5,217800,0.365785123966942
"1063","K8","Frozen","Storm","2010-5","3/12/2010 14:15","3/13/2010 2:45",803.5,0.02604,0.009,NA,NA,NA,NA,NA,NA,0,0.072,0.153,0.153,5,217800,0.0442699724517906
"1064","K8","Non-Frozen","Storm","2010-6","4/7/2010 4:00","4/7/2010 6:45",324.8,0.06072,0.513,3.783,0.1356,0.756,0.648,0.378,0.297,0.585,0.585,0.621,0.621,5,217800,0.0178953168044077
"1065","K8","Non-Frozen","Storm","2010-7","4/8/2010 13:45","4/8/2010 20:45",539.8,0.0414,0.144,4.117,0.03498,0.108,0.108,0.09,0.081,0.162,0.837,1.296,1.296,5,217800,0.0297410468319559
"1066","K8","Non-Frozen","Storm","2010-8","4/25/2010 7:00","4/25/2010 17:45",8555,0.975,1.332,11.13,0.1196,1.08,0.756,0.486,0.396,0.756,0.756,0.756,0.801,5,217800,0.471349862258953
"1067","K8","Non-Frozen","Storm","2010-9","5/13/2010 7:30","5/13/2010 17:30",1181,0.1045,0.522,8.633,0.06046,0.324,0.27,0.216,0.171,0.009,0.531,1.161,1.647,5,217800,0.065068870523416
"1068","K8","Non-Frozen","Storm","2010-10","5/26/2010 23:30","5/27/2010 1:15",512.2,0.3836,0.727,1.733,0.4194,1.68,1.326,1.112,0.673,0,0,0.234,0.756,5,217800,0.0282203856749311
"1069","K8","Non-Frozen","Storm","2010-11","6/11/2010 12:45","6/11/2010 14:15",322,0.2006,0.72,2.083,0.3456,1.68,1.32,0.7,0.48,0.03,0.03,1.536,1.563,5,217800,0.0177410468319559
"1070","K8","Non-Frozen","Storm","2010-12","6/15/2010 20:45","6/16/2010 6:30",8562,0.6795,0.477,7,0.06814,0.432,0.324,0.198,0.144,0.308,0.338,1.638,2.712,5,217800,0.471735537190083
"1071","K8","Non-Frozen","Storm","2010-13","6/24/2010 1:45","6/24/2010 3:45",693.2,0.5592,0.697,0.4833,1.442,4.62,3.588,1.394,0.697,0.288,0.495,0.504,2.169,5,217800,0.0381928374655647
"1072","K8","Non-Frozen","Storm","2010-14","6/27/2010 8:30","6/27/2010 10:30",255.7,0.1257,0.415,2.833,0.1465,1.08,0.978,0.596,0.334,0,0.009,1.201,2.025,5,217800,0.0140881542699725
"1073","K8","Non-Frozen","Storm","2010-15","7/15/2010 5:45","7/15/2010 13:15",3000,0.3528,1.003,4.333,0.2315,4.32,2.832,1.07,0.58,0.905,0.905,1.13,1.51,5,217800,0.165289256198347
"1074","K8","Non-Frozen","Storm","2010-16","7/21/2010 1:45","7/21/2010 2:45",150.2,0.1391,0.695,1.017,0.6836,4.44,3.072,1.318,0.686,0.054,0.054,2.161,2.757,5,217800,0.00827548209366391
"1075","K8","Non-Frozen","Storm","2010-17","7/22/2010 18:00","7/23/2010 2:00",13640,3.541,1.72,7.55,0.2278,2.58,2.19,1.362,0.982,0,0.695,0.948,3.072,5,217800,0.751515151515151
"1076","K8","Non-Frozen","Storm","2010-18","7/24/2010 9:15","7/24/2010 15:30",1286,0.2345,0.455,3.25,0.14,1.56,0.888,0.35,0.211,0,1.72,2.668,4.792,5,217800,0.0708539944903581
"1077","K8","Non-Frozen","Storm","2010-19","8/11/2010 15:00","8/11/2010 18:15",2573,0.7522,1.205,5.05,0.2386,2.28,1.98,1.244,0.721,0,0.009,0.369,0.711,5,217800,0.141763085399449
"1078","K8","Frozen","Storm","2011-1","2/18/2011 5:15","2/18/2011 12:00",571.9,0.03374,0,NA,NA,NA,NA,NA,NA,0,0,0,0,5,217800,0.0315096418732782
"1079","K8","Frozen","Storm","2011-2","3/15/2011 20:00","3/16/2011 6:30",1650,0.08022,0,NA,NA,NA,NA,NA,NA,0,0,0.198,0.441,5,217800,0.0909090909090909
"1080","K8","Frozen","Storm","2011-3","3/16/2011 17:45","3/17/2011 5:00",3710,0.1898,0,NA,NA,NA,NA,NA,NA,0,0,0.198,0.441,5,217800,0.204407713498623
"1081","K8","Frozen","Storm","2011-4","3/17/2011 14:45","3/18/2011 6:15",5279,0.2634,0,NA,NA,NA,NA,NA,NA,0,0,0,0.441,5,217800,0.290853994490358
"1082","K8","Frozen","Storm","2011-5","3/18/2011 16:45","3/18/2011 23:15",477.4,0.03061,0,NA,NA,NA,NA,NA,NA,0,0,0,0.207,5,217800,0.0263030303030303
"1083","K8","Frozen","Storm","2011-6","3/20/2011 18:00","3/21/2011 4:00",1754,0.1958,0.423,8.7,0.04862,0.324,0.27,0.252,0.198,0,0,0,0.198,5,217800,0.0966391184573003
"1084","K8","Frozen","Storm","2011-7","3/30/2011 21:30","3/31/2011 2:15",366.2,0.0319,0,NA,NA,NA,NA,NA,NA,0,0,0,0.72,5,217800,0.0201763085399449
"1085","K8","Frozen","Storm","2011-8","3/31/2011 17:30","4/1/2011 3:30",2230,0.1294,0,NA,NA,NA,NA,NA,NA,0,0,0,0.72,5,217800,0.122865013774105
"1086","K8","Frozen","Storm","2011-9","4/1/2011 16:00","4/2/2011 2:15",2248,0.185,0,NA,NA,NA,NA,NA,NA,0,0,0,0.72,5,217800,0.123856749311295
"1087","K8","Frozen","Storm","2011-10","4/2/2011 15:45","4/2/2011 18:45",138.1,0.01541,0,NA,NA,NA,NA,NA,NA,0,0,0,0.72,5,217800,0.00760881542699725
"1088","K8","Frozen","Storm","2011-11","4/3/2011 12:15","4/3/2011 23:15",4548,0.4142,0.558,7.8,0.07154,0.54,0.54,0.252,0.171,0,0,0,0.72,5,217800,0.250578512396694
"1089","K8","Non-Frozen","Storm","2011-12","4/16/2011 1:15","4/16/2011 18:00",4542,0.4052,1.226,16.8,0.07298,1.32,0.768,0.432,0.306,0,0.018,0.273,0.84,5,217800,0.250247933884298
"1090","K8","Non-Frozen","Storm","2011-13","4/16/2011 20:45","4/17/2011 0:30",279.3,0.03018,0.072,2.183,0.03298,0.108,0.054,0.054,0.036,1.226,1.226,1.499,2.066,5,217800,0.0153884297520661
"1091","K8","Non-Frozen","Storm","2011-14","4/20/2011 21:30","4/21/2011 5:00",814.1,0.05006,0,NA,NA,NA,NA,NA,NA,0.36,0.369,1.685,1.94,5,217800,0.0448539944903581
"1092","K8","Non-Frozen","Storm","2011-15","4/21/2011 15:15","4/22/2011 2:15",4989,0.3494,0,NA,NA,NA,NA,NA,NA,0.063,0.369,1.667,1.94,5,217800,0.274876033057851
"1093","K8","Non-Frozen","Storm","2011-16","4/23/2011 0:45","4/23/2011 11:00",1945,0.15,0.279,4.7,0.05936,0.54,0.324,0.162,0.135,0.027,0.027,1.514,1.967,5,217800,0.107162534435262
"1094","K8","Non-Frozen","Storm","2011-17","4/26/2011 9:30","4/26/2011 21:00",11120,0.9344,1.179,13.53,0.08712,0.54,0.378,0.324,0.297,0,0,0.675,1.991,5,217800,0.61267217630854
"1095","K8","Non-Frozen","Storm","2011-18","4/27/2011 15:45","4/27/2011 18:15",194.8,0.03374,0.09,1.733,0.05192,0.108,0.108,0.072,0.063,0.108,1.215,1.611,3.206,5,217800,0.010732782369146
"1096","K8","Non-Frozen","Storm","2011-19","5/12/2011 1:00","5/12/2011 2:15",73.6,0.03236,0.176,0.2167,0.8123,1.464,0.84,0.352,0.176,0.416,0.416,0.569,0.803,5,217800,0.00405509641873278
"1097","K8","Non-Frozen","Storm","2011-20","6/24/2011 2:00","6/24/2011 5:30",847.3,0.1814,1.109,12.43,0.0892,0.996,0.768,0.598,0.389,0.072,1.296,1.611,2.291,5,217800,0.0466831955922865
"1098","KD1","Non-Frozen","Storm","2019-2","10/28/2018 12:15","10/28/2018 16:30",808.5,0.1609,0.56,4.333,0.1292,0.36,0.3,0.24,0.22,0,0,0,0.59,2.63,114562.8,0.0846871759419288
"1099","KD1","Non-Frozen","Storm","2019-3","11/4/2018 17:00","11/5/2018 10:30",1585,0.1119,0.24,20.67,0.01161,0.12,0.06,0.04,0.04,0,0,0.42,0.56,2.63,114562.8,0.166022478500875
"1100","KD1","Non-Frozen","Storm","2019-4","11/6/2018 2:00","11/7/2018 2:45",2700,0.2416,0.63,20.58,0.03061,0.24,0.18,0.14,0.12,0.02,0.24,0.24,0.8,2.63,114562.8,0.282814316689187
"1101","KD1","Frozen","Storm","2019-5","12/1/2018 21:30","12/2/2018 21:58",5381,0.2992,0.77,24.37,0.0316,0.24,0.24,0.2,0.16,0,0,0,0.16,2.63,114562.8,0.563638458557228
"1102","KD1","Frozen","Storm","2019-6","12/19/2018 20:45","12/21/2018 5:00",3694,0.1206,0.08,3.183,0.02513,0.12,0.12,0.06,0.04,0,0,0,0,2.63,114562.8,0.386931883648095
"1103","KD1","Frozen","Storm","2019-7","12/27/2018 14:31","12/28/2018 19:00",5552,0.2606,0.36,26.23,0.01372,0.24,0.12,0.1,0.1,0.03,0.03,0.07,0.11,2.63,114562.8,0.581550031947543
"1104","KD1","Frozen","Storm","2019-8","1/7/2019 13:06","1/9/2019 6:39",16650,0.5053,0.29,2.067,0.1403,0.36,0.3,0.22,0.2,0,0,0.01,0.41,2.63,114562.8,1.74402161958332
"1105","KD1","Frozen","Storm","2019-9","2/3/2019 11:45","2/5/2019 12:57",11390,0.2877,0.27,28.92,0.009337,0.36,0.3,0.22,0.17,0.03,0.03,0.03,0.03,2.63,114562.8,1.1930574322555
"1106","KD1","Frozen","Storm","2019-10","3/12/2019 20:30","3/20/2019 15:30",57030,0.9557,0.83,62.18,0.01335,0.48,0.36,0.2,0.15,0,0,0.07,0.07,2.63,114562.8,5.97366684473494
"1107","KD1","Non-Frozen","Storm","2019-11","4/7/2019 20:30","4/8/2019 21:00",261.6,0.0298,0.27,3.4,0.07941,0.36,0.36,0.26,0.18,0.01,0.03,0.11,0.11,2.63,114562.8,0.0274015649058857
"1108","KD1","Non-Frozen","Storm","2019-12","4/12/2019 10:31","4/13/2019 22:00",1467,0.0912,0,NA,NA,NA,NA,NA,NA,0,0,0.34,0.41,2.63,114562.8,0.153662445401125
"1109","KD1","Non-Frozen","Storm","2019-13","4/17/2019 18:25","4/19/2019 17:00",3602,0.4009,0.88,19.82,0.04441,1.2,0.72,0.36,0.3,0,0.16,0.16,0.53,2.63,114562.8,0.377295247672019
"1110","KD1","Non-Frozen","Storm","2019-14","4/23/2019 2:21","4/23/2019 14:46",365.5,0.092,0.55,8.5,0.06471,1.08,0.66,0.36,0.21,0,0,1.04,1.07,2.63,114562.8,0.0382846787962585
"1111","KD1","Non-Frozen","Storm","2019-15","4/26/2019","4/26/2019 18:30",63,0.0162,0.34,15.23,0.02232,0.24,0.18,0.18,0.14,0,0,0.55,1.59,2.63,114562.8,0.0065990007227477
"1112","KD1","Non-Frozen","Storm","2019-16","5/1/2019 7:15","5/3/2019 22:00",385.6,0.034,0.34,33.42,0.01017,0.24,0.18,0.12,0.1,0.02,0.28,0.62,2.05,2.63,114562.8,0.0403900742649446
"1113","KD1","Non-Frozen","Storm","2019-17","5/9/2019 1:45","5/10/2019 14:40",170.2,0.0238,0.46,21.5,0.0214,0.36,0.3,0.16,0.12,0.16,0.16,0.19,1.14,2.63,114562.8,0.0178277765557406
"1114","KD1","Non-Frozen","Storm","2019-18","5/19/2019 10:15","5/20/2019 23:00",415.4,0.2515,0.9,24.05,0.03742,2.76,1.5,0.76,0.39,0.01,0.06,0.15,0.79,2.63,114562.8,0.0435115063528475
"1115","KD1","Non-Frozen","Storm","2019-19","5/22/2019 8:02","5/23/2019 0:30",32.4,0.0121,0.26,2.55,0.102,0.24,0.24,0.14,0.13,0,0.01,1.05,1.67,2.63,114562.8,0.00339377180027024
"1116","KD1","Non-Frozen","Storm","2019-20","5/25/2019 5:21","5/25/2019 22:45",301.5,0.1045,0.45,4.383,0.1027,1.2,0.78,0.44,0.28,0,0,1.22,1.31,2.63,114562.8,0.0315809320302926
"1117","KD1","Non-Frozen","Storm","2019-21","5/27/2019 21:36","5/29/2019 5:00",3436,0.236,1.19,13.52,0.08804,0.48,0.36,0.26,0.24,0,0,0.71,1.76,2.63,114562.8,0.359907404497795
"1118","KD1","Non-Frozen","Storm","2019-22","6/12/2019 22:00","6/13/2019 14:15",175.3,0.0262,1.02,8.75,0.1166,0.72,0.54,0.4,0.3,0.15,0.15,0.15,0.56,2.63,114562.8,0.0183619813761535
"1119","KD1","Non-Frozen","Storm","2019-23","6/14/2019 16:05","6/15/2019 7:30",64.2,0.0047,0.3,14.92,0.02011,0.24,0.24,0.14,0.12,0,1.09,1.17,1.58,2.63,114562.8,0.00672469597460956
"1120","KD1","Non-Frozen","Storm","2019-24","6/24/2019 18:00","6/25/2019 9:30",131.1,0.0602,0.78,10.57,0.07382,2.4,2.1,0.88,0.48,0,0,0.03,1.53,2.63,114562.8,0.0137322062659083
"1121","KD1","Non-Frozen","Storm","2019-25","6/28/2019 9:02","6/28/2019 17:15",57.7,0.0214,0.31,3.967,0.07815,0.48,0.36,0.28,0.21,0.2,0.2,0.98,1.34,2.63,114562.8,0.00604384669369115
"1122","KD1","Non-Frozen","Storm","2019-26","7/2/2019 12:00","7/2/2019 18:00",12.7,0.0045,0.32,4.633,0.06906,0.36,0.3,0.2,0.19,0.03,0.04,0.55,1.36,2.63,114562.8,0.00133027474887136
"1123","KD1","Non-Frozen","Storm","2019-27","7/20/2019 3:00","7/20/2019 3:45",94.6,0.0899,0.7,0.6833,1.024,2.64,2.04,1.26,0.7,0.23,0.42,0.42,0.59,2.63,114562.8,0.00990897568844337
"1124","KD1","Non-Frozen","Storm","2019-28","7/20/2019 17:13","7/20/2019 18:00",734.5,0.7431,0.68,1.767,0.3849,4.56,3.24,1.28,0.64,0.75,0.98,1.17,1.34,2.63,114562.8,0.0769359687437807
"1125","KD1","Non-Frozen","Storm","2019-29","8/6/2019 0:52","8/6/2019 1:23",28,0.0357,0.99,3.283,0.3015,2.04,1.74,0.86,0.54,0.02,0.07,0.07,0.39,2.63,114562.8,0.00293288921011009
"1126","KD1","Non-Frozen","Storm","2019-30","8/7/2019 23:19","8/8/2019 2:30",1415,0.6933,1.67,4.167,0.4008,3,2.34,1.66,0.83,0,1.08,1.15,1.47,2.63,114562.8,0.148215651153778
"1127","KD1","Non-Frozen","Storm","2019-31","8/16/2019 23:22","8/16/2019 23:45",46.5,0.1186,0.4,0.2667,1.5,3.24,2.1,0.8,0.4,0.17,0.17,0.18,3.01,2.63,114562.8,0.00487069100964711
"1128","KD1","Non-Frozen","Storm","2019-32","8/27/2019 0:01","8/27/2019 3:45",531.6,0.1905,1.57,7.45,0.2107,1.44,1.08,0.76,0.55,0.35,0.35,0.35,0.93,2.63,114562.8,0.0556829965748044
"1129","KD1","Non-Frozen","Storm","2019-33","8/29/2019 18:26","8/29/2019 19:15",214.9,0.2117,0.42,0.3167,1.326,2.88,1.98,0.84,0.42,0,0.06,1.98,2.55,2.63,114562.8,0.0225099246875949
"1130","KD1","Non-Frozen","Storm","2019-34","9/3/2019 7:43","9/3/2019 16:00",3319,1.715,1.65,7.417,0.2225,2.88,2.4,1.28,0.76,0,0,0.48,2.4,2.63,114562.8,0.347652117441264
"1131","KD1","Non-Frozen","Storm","2019-35","9/10/2019 6:00","9/10/2019 19:00",12720,8.101,2.42,8.383,0.2887,5.4,4.56,2.66,1.52,0.01,0.01,1.82,2.3,2.63,114562.8,1.33236966973573
"1132","KD1","Non-Frozen","Storm","2019-36","9/11/2019 14:15","9/12/2019 20:15",6921,1.184,1,7.55,0.1325,1.68,1.2,0.5,0.38,0,2.43,2.59,4.66,2.63,114562.8,0.724947365113283
"1133","KD1","Non-Frozen","Storm","2019-37","9/13/2019 3:00","9/13/2019 20:30",3195,0.8274,0.51,6.867,0.07427,0.96,0.78,0.44,0.29,0,1,3.44,5.24,2.63,114562.8,0.334663608082205
"1134","KD1","Non-Frozen","Storm","2019-38","9/19/2019 13:10","9/19/2019 20:30",1595,0.6071,0.72,3.95,0.1823,1.92,1.2,0.54,0.38,0,0,0.52,4.11,2.63,114562.8,0.167069938933057
"1135","KD1","Non-Frozen","Storm","2019-39","9/19/2019 23:59","9/20/2019 18:45",293.3,0.0627,0.12,15.62,0.007684,0.36,0.24,0.14,0.1,0.72,0.72,1.24,4.75,2.63,114562.8,0.0307220144759032
"1136","KD1","Non-Frozen","Storm","2019-40","9/22/2019 7:15","9/23/2019 16:15",4336,0.7572,0.84,22.5,0.03733,1.32,1.02,0.56,0.37,0,0.01,0.84,4.79,2.63,114562.8,0.454178843394191
"1137","KD1","Non-Frozen","Storm","2019-41","9/27/2019 11:44","9/27/2019 13:30",286.5,0.2007,0.31,2.167,0.1431,0.72,0.6,0.38,0.23,0,0.01,0.95,1.79,2.63,114562.8,0.0300097413820193
"1138","KD1","Non-Frozen","Storm","2019-42","9/29/2019 12:32","9/29/2019 14:45",85.9,0.0283,0.2,3,0.06667,0.24,0.18,0.14,0.13,0,0.27,1.28,2.13,2.63,114562.8,0.00899768511244488
"1139","KD1","Non-Frozen","Storm","2019-43","9/30/2019 10:28","9/30/2019 18:15",60.1,0.0159,0,NA,NA,NA,NA,NA,NA,0.25,0.25,0.7,2.38,2.63,114562.8,0.00629523719741487
"1140","KD1","Non-Frozen","Storm","2020-1","10/1/2019 13:08","10/2/2019 14:00",8498,0.8992,1.53,22.23,0.06882,1.32,1.02,0.48,0.29,0,0.22,0.7,2.38,2.63,114562.8,0.890131875268412
"1141","KD1","Non-Frozen","Storm","2020-2","10/3/2019 1:45","10/3/2019 13:00",1858,0.2539,0.36,9.217,0.03906,0.6,0.42,0.18,0.09,0.74,1.53,2.13,3.91,2.63,114562.8,0.194618148299448
"1142","KD1","Non-Frozen","Storm","2020-3","10/5/2019 19:25","10/6/2019 4:45",1383,0.1275,0.35,7.233,0.04839,0.36,0.24,0.18,0.14,0,0,2.15,3.44,2.63,114562.8,0.144863777770795
"1143","KD1","Non-Frozen","Storm","2020-4","10/11/2019 13:00","10/11/2019 21:00",4789,0.642,0.96,8.1,0.1185,1.08,0.84,0.36,0.29,0.14,0.14,0.49,2.89,2.63,114562.8,0.501628800972043
"1144","KD1","Non-Frozen","Storm","2020-5","10/16/2019 6:06","10/16/2019 12:45",486.6,0.0338,0.21,5.867,0.0358,0.12,0.12,0.06,0.05,0.16,0.16,1.3,2.26,2.63,114562.8,0.0509694246299846
"1145","KD1","Non-Frozen","Storm","2020-6","10/21/2019 17:15","10/22/2019 1:15",1775,0.3145,0.49,5.183,0.09453,0.48,0.42,0.28,0.17,0,0.01,0.38,1.52,2.63,114562.8,0.185924226712336
"1146","KD1","Non-Frozen","Storm","2020-7","10/27/2019 3:51","10/27/2019 11:15",1144,0.1379,0.41,6.467,0.0634,0.24,0.24,0.18,0.16,0,0,0.56,0.94,2.63,114562.8,0.119829473441641
"1147","KD1","Non-Frozen","Storm","2020-8","10/29/2019 8:30","10/29/2019 11:00",78.4,0.0121,0,NA,NA,NA,NA,NA,NA,0,0.02,0.48,1.35,2.63,114562.8,0.00821208978830825
"1148","KD1","Non-Frozen","Storm","2020-9","10/31/2019 17:15","11/1/2019 0:30",328.5,0.0214,0,NA,NA,NA,NA,NA,NA,0,0,0.41,0.98,2.63,114562.8,0.0344090751971844
"1149","KD1","Non-Frozen","Storm","2020-10","11/1/2019 17:45","11/1/2019 22:00",297.1,0.0503,0.05,0.7667,0.06522,0.12,0.12,0.08,0.05,0,0,0.41,0.98,2.63,114562.8,0.0311200494401324
"1150","KD1","Non-Frozen","Storm","2020-11","11/20/2019 5:45","11/20/2019 9:30",316.4,0.035,0,NA,NA,NA,NA,NA,NA,0,0,0.1,0.11,2.63,114562.8,0.033141648074244
"1151","KD1","Non-Frozen","Storm","2020-12","11/20/2019 18:15","11/20/2019 21:45",219.5,0.0228,0,NA,NA,NA,NA,NA,NA,0,0,0.1,0.11,2.63,114562.8,0.0229917564863987
"1152","KD1","Non-Frozen","Storm","2020-13","11/21/2019 8:35","11/21/2019 21:00",5460,0.3184,0.91,10.37,0.08778,0.48,0.3,0.26,0.2,0,0,0.1,0.11,2.63,114562.8,0.571913395971467
"1153","KD1","Non-Frozen","Storm","2020-14","11/27/2019 5:56","11/27/2019 22:15",7325,0.6278,1.17,15.82,0.07397,0.48,0.42,0.34,0.31,0.01,0.01,0.92,1.02,2.63,114562.8,0.767264766573443
"1154","KD1","Non-Frozen","Storm","2020-15","11/30/2019 22:15","12/1/2019 4:30",3097,0.6398,0.53,5.8,0.09138,0.48,0.36,0.36,0.32,0,0,1.18,2.12,2.63,114562.8,0.324398495846819
"1155","KD1","Non-Frozen","Storm","2020-16","12/23/2019 17:17","12/23/2019 21:30",600.5,0.0739,0,NA,NA,NA,NA,NA,NA,0,0,0,0.02,2.63,114562.8,0.0628999989525396
"1156","KD1","Non-Frozen","Storm","2020-17","12/24/2019 15:15","12/25/2019 6:15",1789,0.0503,0,NA,NA,NA,NA,NA,NA,0,0,0,0,2.63,114562.8,0.187390671317391
"1157","KD1","Non-Frozen","Storm","2020-18","12/25/2019 15:30","12/26/2019 1:45",862.1,0.0364,0,NA,NA,NA,NA,NA,NA,0,0,0,0,2.63,114562.8,0.0903015638584253
"1158","KD1","Non-Frozen","Storm","2020-19","12/26/2019 16:15","12/26/2019 21:00",318.6,0.0269,0,NA,NA,NA,NA,NA,NA,0,0,0,0,2.63,114562.8,0.0333720893693241
"1159","KD1","Non-Frozen","Storm","2020-20","12/27/2019 12:15","12/27/2019 14:45",255.6,0.0454,0,NA,NA,NA,NA,NA,NA,0,0,0,0,2.63,114562.8,0.0267730886465764
"1160","KD1","Non-Frozen","Storm","2020-21","12/29/2019 6:20","12/29/2019 21:01",5653,0.4292,0.8,9.467,0.08451,0.48,0.36,0.22,0.17,0.05,0.05,0.05,0.05,2.63,114562.8,0.592129382312583
"1161","KD1","Non-Frozen","Storm","2020-22","12/30/2019 5:29","12/30/2019 22:30",7899,0.5459,0.63,14.62,0.0431,0.48,0.36,0.24,0.18,0.8,0.85,0.85,0.85,2.63,114562.8,0.8273889953807
"1162","KD1","Non-Frozen","Storm","2020-23","1/2/2020 18:39","1/2/2020 23:24",797.9,0.1246,0,NA,NA,NA,NA,NA,NA,0,0,1.48,1.48,2.63,114562.8,0.0835768678838157
"1163","KD1","Non-Frozen","Storm","2020-24","1/3/2020 18:00","1/4/2020 1:30",413,0.0196,0,NA,NA,NA,NA,NA,NA,0,0,1.48,1.48,2.63,114562.8,0.0432601158491238
"1164","KD1","Frozen","Storm","2020-25","2/3/2020 4:00","2/3/2020 15:15",1113,0.0752,0,NA,NA,NA,NA,NA,NA,0,0,0,0.24,2.63,114562.8,0.116582346101876
"1165","KD1","Frozen","Storm","2020-26","2/4/2020 4:15","2/4/2020 11:30",1286,0.0897,0,NA,NA,NA,NA,NA,NA,0,0,0,0.24,2.63,114562.8,0.134703411578628
"1166","KD1","Frozen","Storm","2020-27","2/24/2020 1:30","2/24/2020 6:00",748.3,0.0642,0,NA,NA,NA,NA,NA,NA,0,0,0,0,2.63,114562.8,0.0783814641401921
"1167","KD1","Frozen","Storm","2020-28","3/2/2020 8:00","3/3/2020 4:05",2561,0.0947,0,NA,NA,NA,NA,NA,NA,0,0,0,0,2.63,114562.8,0.268254616681855
"1168","KD1","Frozen","Storm","2020-29","3/4/2020 20:00","3/8/2020 0:31",4694,0.1428,0.05,10.5,0.004762,0.12,0.12,0.04,0.02,0,0,0,0,2.63,114562.8,0.491677926866313
"1169","KD1","Frozen","Storm","2020-30","3/8/2020 15:15","3/10/2020 6:00",12600,0.2332,0.49,8.5,0.05765,0.12,0.12,0.12,0.1,0,0,0.05,0.05,2.63,114562.8,1.31980014454954
"1170","KD1","Non-Frozen","Storm","2020-31","3/10/2020 15:30","3/11/2020 6:15",2643,0.1285,0,NA,NA,NA,NA,NA,NA,0.49,0.49,0.54,0.54,2.63,114562.8,0.276843792225749
"1171","KD1","Non-Frozen","Storm","2020-32","3/11/2020 17:15","3/13/2020 8:00",10180,0.2025,0.19,8.283,0.02294,0.12,0.12,0.08,0.06,0,0,0.52,0.54,2.63,114562.8,1.06631471996145
"1172","KD1","Non-Frozen","Storm","2020-33","3/13/2020 16:15","3/14/2020 2:15",683.6,0.0328,0,NA,NA,NA,NA,NA,NA,0.18,0.19,0.68,0.73,2.63,114562.8,0.0716043951439734
"1173","KD1","Non-Frozen","Storm","2020-34","3/19/2020 19:15","3/20/2020 23:00",16780,1.048,1.86,15.22,0.1222,0.72,0.66,0.48,0.43,0,0,0.08,0.7,2.63,114562.8,1.75763860520169
"1174","KD1","Non-Frozen","Storm","2020-35","3/25/2020 21:46","3/26/2020 23:30",4459,0.1991,0.43,9.317,0.04615,0.24,0.24,0.16,0.14,0,0,1.86,2.05,2.63,114562.8,0.467062606710032
"1175","KD1","Non-Frozen","Storm","2020-36","3/27/2020 13:00","3/27/2020 19:45",456.5,0.0544,0,NA,NA,NA,NA,NA,NA,0,0.43,0.43,2.29,2.63,114562.8,0.0478165687291163
"1176","KD1","Non-Frozen","Storm","2020-37","3/28/2020 4:30","3/28/2020 16:00",1785,0.1364,0.32,8.2,0.03902,0.24,0.24,0.18,0.12,0,0.01,0.43,2.29,2.63,114562.8,0.186971687144518
"1177","KD1","Non-Frozen","Storm","2020-38","3/28/2020 20:00","3/29/2020 9:00",7695,0.5474,0.64,9.967,0.06421,0.96,0.6,0.26,0.17,0.32,0.32,0.75,2.61,2.63,114562.8,0.806020802564183
"1178","KD1","Non-Frozen","Storm","2020-39","3/29/2020 14:00","3/29/2020 22:00",1703,0.1399,0.11,7.367,0.01493,0.12,0.12,0.08,0.04,0.66,0.96,1.39,3.25,2.63,114562.8,0.178382511600624
"1179","KD1","Non-Frozen","Storm","2020-40","4/13/2020 13:00","4/13/2020 18:00",356.3,0.0397,0.07,2.917,0.024,0.12,0.06,0.04,0.03,0.35,0.36,0.38,0.48,2.63,114562.8,0.0373210151986509
"1180","KD1","Non-Frozen","Storm","2020-41","4/21/2020 1:15","4/21/2020 1:45",96.7,0.1761,0.15,0.55,0.2727,0.48,0.36,0.28,0.15,0.06,0.07,0.07,0.52,2.63,114562.8,0.0101289423792016
"1181","KD1","Non-Frozen","Storm","2020-42","4/29/2020 22:00","4/30/2020 16:00",1808,0.0799,0.89,21.5,0.0414,0.24,0.18,0.1,0.09,0.06,0.21,0.3,0.54,2.63,114562.8,0.189380846138537
"1182","KD1","Non-Frozen","Storm","2020-43","5/17/2020 19:44","5/19/2020 14:56",15290,0.9499,3.39,48.68,0.06963,0.96,0.72,0.58,0.42,0,0,0.13,0.13,2.63,114562.8,1.60156700080654
"1183","KD1","Non-Frozen","Storm","2020-44","5/28/2020 16:57","5/28/2020 20:45",1318,0.3807,0.96,3.9,0.2462,1.08,0.78,0.5,0.37,0,0,0.27,3.66,2.63,114562.8,0.138055284961611
"1184","KD1","Non-Frozen","Storm","2020-45","6/10/2020 2:38","6/10/2020 5:30",51.1,0.0631,0.46,5.683,0.08094,1.08,0.9,0.36,0.26,0,0,0.19,1.32,2.63,114562.8,0.00535252280845091
"1185","KD1","Non-Frozen","Storm","2020-46","6/10/2020 22:30","6/11/2020 3:50",2301,0.996,0.6,2.8,0.2143,1.8,1.44,0.86,0.48,0.46,0.46,0.57,1.78,2.63,114562.8,0.241020645445118
"1186","KD1","Non-Frozen","Storm","2020-47","6/11/2020 20:17","6/11/2020 21:15",230.3,0.2402,0.13,0.3167,0.4105,1.32,0.72,0.26,0.13,0.6,1.06,1.17,1.42,2.63,114562.8,0.0241230137531555
"1187","KD1","Non-Frozen","Storm","2020-48","6/21/2020 0:30","6/21/2020 1:30",261.4,0.1786,0.25,1.6,0.1562,0.36,0.36,0.3,0.23,0.38,0.38,0.38,1.57,2.63,114562.8,0.027380615697242
"1188","KD1","Non-Frozen","Storm","2020-49","6/23/2020 5:30","6/23/2020 13:11",2006,0.4101,0.31,11.03,0.0281,0.12,0.06,0.06,0.05,0.02,0.28,0.66,1.85,2.63,114562.8,0.210120562695744
"1189","KD1","Non-Frozen","Storm","2020-50","7/9/2020 17:26","7/9/2020 18:45",1780,1.3,1.06,0.7667,1.383,3,2.4,1.72,1.06,0.21,0.21,0.67,0.69,2.63,114562.8,0.186447956928427
"1190","KD1","Non-Frozen","Storm","2020-51","7/10/2020 3:19","7/10/2020 19:15",8962,4.836,1.94,14.23,0.1363,4.44,3.72,1.7,0.97,1.27,1.27,1.73,1.75,2.63,114562.8,0.938734039321665
"1191","KD1","Non-Frozen","Storm","2020-52","7/15/2020 20:18","7/16/2020 9:32",1029,0.3809,0.62,7.55,0.08212,1.32,1.08,0.7,0.43,0.32,0.32,3.53,3.99,2.63,114562.8,0.107783678471546
"1192","KD1","Non-Frozen","Storm","2020-53","7/29/2020 0:03","7/29/2020 1:15",155.1,0.1206,0.69,0.9167,0.7527,1.8,1.38,0.98,0.69,0,0.03,0.29,1.46,2.63,114562.8,0.0162461113031455
"1193","KD1","Non-Frozen","Storm","2020-54","9/12/2020 15:00","9/12/2020 16:45",65.1,0.0224,0.73,13.57,0.05381,0.48,0.36,0.24,0.16,0,0.05,0.67,0.74,2.63,114562.8,0.00681896741350595
"1194","KD1","Non-Frozen","Storm","2021-1","10/12/2020 17:39","10/12/2020 18:00",42.3,0.06234,0.4,0.5833,0.6857,2.04,1.5,0.74,0.4,0,0,0.07,0.44,2.63,114562.8,0.0044307576281306
"1195","KD1","Non-Frozen","Storm","2021-2","10/22/2020 18:45","10/23/2020 12:15",16670,3.386,4.65,18.3,0.2541,3.12,2.88,1.72,0.94,0,0.16,0.24,0.85,2.63,114562.8,1.74611654044768
"1196","KD1","Non-Frozen","Storm","2021-3","11/10/2020 20:24","11/11/2020 3:00",1691,0.2388,1.08,4.5,0.24,3,1.74,0.74,0.37,0.12,0.13,0.13,0.13,2.63,114562.8,0.177125559082006
"1197","KD1","Non-Frozen","Storm","2021-4","11/15/2020 5:15","11/15/2020 20:15",2842,0.222,0.74,12.58,0.05881,1.08,0.78,0.38,0.2,0.03,0.16,1.37,1.37,2.63,114562.8,0.297688254826174
"1198","KD1","Non-Frozen","Storm","2021-5","11/24/2020 23:15","11/25/2020 6:15",491.3,0.03084,0.39,11.9,0.03277,0.12,0.12,0.08,0.07,0,0,0,2.09,2.63,114562.8,0.0514617310331102
"1199","KD1","Frozen","Storm","2021-6","1/15/2021 15:15","1/16/2021 0:02",786.4,0.03892,0.54,19.32,0.02796,0.24,0.18,0.14,0.13,0,0,0,0,2.63,114562.8,0.0823722883868062
"1200","KD1","Frozen","Storm","2021-7","1/16/2021 17:45","1/16/2021 22:30",342.7,0.03032,0,NA,NA,NA,NA,NA,NA,0.24,0.66,0.66,0.66,2.63,114562.8,0.0358964690108831
"1201","KD1","Frozen","Storm","2021-8","2/23/2021 21:00","2/25/2021 7:42",3992,0.09419,0.02,0.2667,0.075,0.12,0.06,0.04,0.02,0,0,0,0,2.63,114562.8,0.418146204527124
"1202","KD1","Frozen","Storm","2021-9","2/25/2021 15:59","2/26/2021 4:04",1433,0.05926,0,NA,NA,NA,NA,NA,NA,0,0.02,0.02,0.02,2.63,114562.8,0.150101079931706
"1203","KD1","Frozen","Storm","2021-10","2/26/2021 14:51","3/1/2021 3:52",6949,0.2038,0,NA,NA,NA,NA,NA,NA,0,0,0.02,0.02,2.63,114562.8,0.727880254323393
"1204","KD1","Frozen","Storm","2021-11","3/10/2021 15:50","3/11/2021 10:01",548.8,0.1081,0.57,17.93,0.03178,0.84,0.66,0.4,0.28,0,0,0,0,2.63,114562.8,0.0574846285181577
"1205","KD1","Non-Frozen","Storm","2021-12","3/24/2021 8:51","3/24/2021 11:00",164.3,0.03892,0.51,8.383,0.06083,0.48,0.36,0.22,0.14,0,0,0.12,0.69,2.63,114562.8,0.0172097749007531
"1206","KD1","Non-Frozen","Storm","2021-13","4/11/2021 5:57","4/11/2021 11:45",740.8,0.1119,1.04,11.15,0.09327,0.84,0.66,0.54,0.45,0.01,0.07,0.31,0.38,2.63,114562.8,0.0775958688160555
"1207","KD1","Non-Frozen","Storm","2021-14","5/3/2021 5:43","5/3/2021 6:39",87.3,0.03948,0.82,3.867,0.2121,1.2,0.96,0.78,0.48,0.01,0.01,0.37,0.72,2.63,114562.8,0.00914432957295038
"1208","KD1","Non-Frozen","Storm","2021-15","6/30/2021 22:37","7/1/2021 1:54",1151,0.8982,1.4,3.017,0.4641,5.16,4.08,2.22,1.25,0.22,0.26,2.9,3.28,2.63,114562.8,0.120562695744168
"1209","KD1","Non-Frozen","Storm","2021-16","7/6/2021 20:50","7/7/2021 22:38",2264,0.09813,2.07,25.37,0.0816,3,2.34,1.42,0.79,0,0,1.63,4.31,2.63,114562.8,0.237145041846044
"1210","KD1","Non-Frozen","Storm","2021-17","7/15/2021 2:13","7/15/2021 11:32",7998,2.38,2.38,8.3,0.2867,3.36,2.52,1.6,1.3,0.41,0.41,0.43,2.64,2.63,114562.8,0.837758853659303
"1211","KD1","Non-Frozen","Storm","2021-18","8/8/2021 8:39","8/8/2021 15:13",3273,1.328,2.41,5.867,0.4108,3.48,2.7,1.16,0.78,0.48,0.48,0.5,1.52,2.63,114562.8,0.342833799453226
"1212","KD1","Non-Frozen","Storm","2021-19","8/11/2021 0:54","8/11/2021 6:04",5189,1.838,1.38,2.083,0.6624,3.12,2.64,1.66,1.35,0,0.1,3.05,3.29,2.63,114562.8,0.54352721825933
"1213","KD1","Non-Frozen","Storm","2021-20","8/28/2021 6:21","8/29/2021 13:37",4852,1.764,1.95,26.52,0.07354,3.12,2.64,1.58,0.91,1.12,1.12,1.42,1.42,2.63,114562.8,0.508227801694791
"1214","KD1","Non-Frozen","Storm","2021-21","9/7/2021 14:49","9/7/2021 17:06",502,0.1486,0.41,0.7833,0.5234,1.8,1.26,0.7,0.41,0.08,0.08,0.65,4.02,2.63,114562.8,0.0525825136955452
"1215","KD1","Non-Frozen","Storm","2022-1","10/3/2021 15:43","10/3/2021 19:48",512.1,0.0471,0.93,4.25,0.2188,1.2,1.08,0.76,0.54,0.01,0.01,0.01,0.77,2.63,114562.8,0.0536404487320492
"1216","KD1","Non-Frozen","Storm","2022-2","10/12/2021 7:35","10/12/2021 13:01",311.6,0.035,0.15,5.35,0.02804,0.24,0.12,0.1,0.08,0.33,0.35,0.56,1.51,2.63,114562.8,0.0326388670667966
"1217","KD1","Non-Frozen","Storm","2022-3","12/15/2021 6:07","12/15/2021 20:22",2348,0.0781,0.03,2.45,0.01224,0.12,0.06,0.02,0.02,0,0,0.71,0.74,2.63,114562.8,0.245943709476375
"1218","KD1","Frozen","Storm","2022-4","2/16/2022 17:08","2/17/2022 2:13",1462,0.0757,0,NA,NA,NA,NA,NA,NA,0,0,0.06,0.06,2.63,114562.8,0.153138715185034
"1219","KD1","Frozen","Storm","2022-5","3/5/2022 21:13","3/7/2022 1:15",15590,1.704,1.18,10.73,0.1099,1.8,1.2,0.56,0.41,0.08,0.08,0.08,0.08,2.63,114562.8,1.63299081377201
"1220","KD1","Frozen","Storm","2022-6","3/13/2022 21:11","3/14/2022 5:34",567,0.0324,0,NA,NA,NA,NA,NA,NA,0,0,0,1.26,2.63,114562.8,0.0593910065047293
"1221","KD1","Frozen","Storm","2022-7","3/14/2022 17:16","3/15/2022",689.6,0.0372,0,NA,NA,NA,NA,NA,NA,0,0,0,1.26,2.63,114562.8,0.0722328714032827
"1222","KD1","Frozen","Storm","2022-8","3/15/2022 16:54","3/16/2022 1:24",902.6,0.0555,0,NA,NA,NA,NA,NA,NA,0,0,0,1.26,2.63,114562.8,0.0945437786087631
"1223","KD1","Frozen","Storm","2022-9","3/16/2022 15:24","3/18/2022 6:04",2567,0.0303,0,NA,NA,NA,NA,NA,NA,0,0,0,1.26,2.63,114562.8,0.268883092941164
"1224","KD1","Frozen","Storm","2022-10","3/18/2022 17:32","3/20/2022 2:40",7766,0.1897,0.67,24.68,0.02714,0.12,0.12,0.08,0.07,0,0,0,1.26,2.63,114562.8,0.813457771632677
"1225","KD1","Frozen","Storm","2022-11","3/23/2022 4:32","3/25/2022 6:00",14090,0.5732,1.41,26.13,0.05395,0.36,0.36,0.26,0.22,0,0.01,0.68,0.68,2.63,114562.8,1.47587174894468
"1226","KD1","Frozen","Storm","2022-12","3/30/2022 10:30","3/31/2022 20:55",16900,1.414,1.72,23.45,0.07335,5.04,3,1.18,0.68,0.04,0.04,0.57,2.17,2.63,114562.8,1.77020813038787
"1227","KD1","Frozen","Storm","2022-13","4/1/2022 17:00","4/2/2022 4:15",1350,0.0484,0,NA,NA,NA,NA,NA,NA,0,0.9,1.8,3.83,2.63,114562.8,0.141407158344594
"1228","KD1","Frozen","Storm","2022-14","4/2/2022 16:45","4/8/2022 23:00",13580,0.268,1.39,138.8,0.01001,0.48,0.42,0.3,0.22,0,0,1.76,3.23,2.63,114562.8,1.42245126690339
"1229","KD1","Non-Frozen","Storm","2022-15","4/9/2022 16:15","4/9/2022 22:45",109,0.0099,0,NA,NA,NA,NA,NA,NA,0,0.07,1.34,3.15,2.63,114562.8,0.0114173187107857
"1230","KD1","Non-Frozen","Storm","2022-16","4/12/2022 23:43","4/14/2022 19:15",4392,0.1713,0.63,30.95,0.02036,0.84,0.6,0.3,0.22,0,0,0.73,3.15,2.63,114562.8,0.460044621814411
"1231","KD1","Non-Frozen","Storm","2022-17","4/21/2022 1:31","4/21/2022 17:30",2408,0.3399,0.7,10.38,0.06742,0.48,0.42,0.32,0.24,0,0.01,0.56,0.92,2.63,114562.8,0.252228472069468
"1232","KD1","Non-Frozen","Storm","2022-18","5/1/2022 0:21","5/1/2022 20:30",1735,0.3136,0.59,3.733,0.158,0.96,0.78,0.58,0.5,0.23,0.23,0.5,1.51,2.63,114562.8,0.181734384983607
"1233","KD1","Non-Frozen","Storm","2022-19","5/3/2022 19:30","5/4/2022 2:45",148,0.0121,0.12,4.367,0.02748,0.12,0.06,0.04,0.03,0,0,1.02,1.89,2.63,114562.8,0.0155024143962962
"1234","KD1","Non-Frozen","Storm","2022-20","5/25/2022 23:39","5/26/2022 8:15",220.9,0.034,1.08,12.22,0.0884,0.84,0.72,0.58,0.39,0,0,0.95,0.98,2.63,114562.8,0.0231384009469042
"1235","KD1","Non-Frozen","Storm","2022-21","8/13/2022 17:36","8/13/2022 22:45",429.1,0.111,0.88,3.283,0.268,3.36,2.52,1.1,0.6,0.91,0.91,3.09,3.55,2.63,114562.8,0.0449465271449371
"1236","KD1","Non-Frozen","Storm","2023-1","12/15/2022 7:34","12/15/2022 9:00",121,0.0361,0.94,9.783,0.09608,0.36,0.3,0.26,0.24,0.04,0.04,0.13,0.14,2.63,114562.8,0.0126742712294043
"1237","KD1","Frozen","Storm","2023-2","1/3/2023 22:15","1/4/2023 5:30",2308,0.1678,0.15,6.333,0.02368,0.36,0.24,0.1,0.06,0.03,0.03,0.07,0.07,2.63,114562.8,0.241753867747646
"1238","KD1","Frozen","Storm","2023-3","1/17/2023 3:48","1/17/2023 8:00",1401,0.2129,0.28,10.9,0.02569,0.36,0.3,0.18,0.11,0,0,0.04,0.34,2.63,114562.8,0.146749206548723
"1239","KD1","Frozen","Storm","2023-4","2/7/2023 17:43","2/7/2023 22:45",1289,0.1351,0,NA,NA,NA,NA,NA,NA,0.14,0.14,0.14,0.14,2.63,114562.8,0.135017649708282
"1240","KD1","Frozen","Storm","2023-5","2/8/2023 19:51","2/8/2023 22:24",386.2,0.0895,0,NA,NA,NA,NA,NA,NA,0,0.14,0.14,0.14,2.63,114562.8,0.0404529218908756
"1241","KD1","Frozen","Storm","2023-6","2/12/2023 18:00","2/12/2023 21:35",790.5,0.1145,0,NA,NA,NA,NA,NA,NA,0,0,0.3,0.3,2.63,114562.8,0.0828017471640009
"1242","KD1","Frozen","Storm","2023-7","2/15/2023","2/15/2023 4:45",1242,0.1045,0.15,4.467,0.03358,0.12,0.12,0.08,0.05,0,0,0.16,0.3,2.63,114562.8,0.130094585677026
"1243","KD1","Frozen","Storm","2023-8","3/17/2023","3/17/2023 22:56",4711,0.0878,0.53,15.63,0.0339,0.24,0.18,0.12,0.12,0,0,0,0.12,2.63,114562.8,0.493458609601022
"1244","KD1","Frozen","Storm","2023-9","3/22/2023 19:00","3/23/2023 7:58",2695,0.0788,0,NA,NA,NA,NA,NA,NA,0.02,0.02,0.55,0.55,2.63,114562.8,0.282290586473096
"1245","KD1","Frozen","Storm","2023-10","3/23/2023 18:15","3/24/2023 1:00",992.5,0.0638,0,NA,NA,NA,NA,NA,NA,0,0.02,0.54,0.55,2.63,114562.8,0.103960447894081
"1246","KD1","Non-Frozen","Storm","2023-11","3/30/2023 20:15","4/2/2023 4:30",33220,1.005,1.92,33.85,0.05672,1.08,0.78,0.6,0.52,0,0,0,0.3,2.63,114562.8,3.47966355570918
"1247","KD1","Non-Frozen","Storm","2023-12","4/2/2023 20:00","4/4/2023 10:00",11320,0.4256,0,NA,NA,NA,NA,NA,NA,0,1.05,1.92,1.94,2.63,114562.8,1.18572520923022
"1248","KD1","Non-Frozen","Storm","2023-13","4/4/2023 15:45","4/6/2023 2:15",9995,0.5464,0.61,18.17,0.03358,0.84,0.6,0.3,0.19,0,0,1.92,1.94,2.63,114562.8,1.04693670196608
"1249","KD1","Non-Frozen","Storm","2023-14","5/1/2023 18:09","5/2/2023 3:45",1948,0.1317,0.63,7.083,0.08894,0.24,0.18,0.14,0.14,0.14,0.25,0.36,0.98,2.63,114562.8,0.204045292189088
"1250","KD2","Non-Frozen","Storm","2019-2","11/6/2018 9:30","11/6/2018 13:45",4828,0.6182,0.49,10.33,0.04742,0.24,0.18,0.14,0.12,0.02,0.24,0.24,0.8,19.8,862488,0.0671731084954225
"1251","KD2","Frozen","Storm","2019-3","12/2/2018 11:07","12/2/2018 20:15",11830,0.7549,0.64,11.48,0.05573,0.24,0.18,0.14,0.12,0.43,0.43,0.43,0.59,19.8,862488,0.16459359434566
"1252","KD2","Frozen","Storm","2019-4","12/27/2018 20:45","12/28/2018 2:30",2182,0.4142,0.35,8.8,0.03977,0.24,0.18,0.12,0.11,0.02,0.02,0.02,0.16,19.8,862488,0.0303586832512452
"1253","KD2","Frozen","Storm","2019-5","1/7/2019 15:01","1/8/2019 6:45",69750,5.02,0.32,2.333,0.1371,0.36,0.3,0.24,0.2,0,0,0,0.47,19.8,862488,0.970448284497871
"1254","KD2","Frozen","Storm","2019-6","2/4/2019 8:30","2/6/2019 6:00",47080,1.842,0.37,12.55,0.02948,0.6,0.36,0.26,0.19,0.02,0.02,0.02,0.02,19.8,862488,0.655035200489746
"1255","KD2","Frozen","Storm","2019-7","3/13/2019 8:30","3/22/2019 0:45",430500,5.48,0.41,182.9,0.002241,0.96,0.72,0.28,0.15,0.52,0.52,0.63,0.63,19.8,862488,5.98964855163202
"1256","KD2","Frozen","Storm","2019-8","3/22/2019 4:30","3/22/2019 7:00",230.2,0.0384,0,NA,NA,NA,NA,NA,NA,0,0.1,0.12,1.04,19.8,862488,0.00320282716976932
"1257","KD2","Frozen","Storm","2019-9","3/22/2019 18:45","3/22/2019 21:15",344.6,0.0541,0,NA,NA,NA,NA,NA,NA,0,0.1,0.1,1.04,19.8,862488,0.00479450148871636
"1258","KD2","Non-Frozen","Storm","2019-10","4/12/2019 17:00","4/12/2019 17:30",32.1,0.0323,0,NA,NA,NA,NA,NA,NA,0,0.01,0.43,0.51,19.8,862488,0.000446614909424827
"1259","KD2","Non-Frozen","Storm","2019-11","4/18/2019 2:38","4/18/2019 5:15",3264,1.028,0.77,9.75,0.07897,1.2,0.66,0.38,0.24,0,0.14,0.15,0.61,19.8,862488,0.0454128057433843
"1260","KD2","Non-Frozen","Storm","2019-12","5/28/2019 1:08","5/28/2019 8:15",26330,3.178,1.35,9.867,0.1368,0.72,0.54,0.42,0.34,0,0,0.91,1.78,19.8,862488,0.366335531624788
"1261","KD2","Non-Frozen","Storm","2019-13","7/20/2019 17:15","7/20/2019 20:15",8125,2.284,1.02,2.8,0.3643,6,4.98,1.96,0.99,0.85,0.91,1.08,1.24,19.8,862488,0.11304505106158
"1262","KD2","Non-Frozen","Storm","2019-14","8/7/2019 23:30","8/8/2019 4:45",18260,3.877,2.33,3.9,0.5974,4.92,4.02,2.68,1.53,0,0.92,1.19,1.39,19.8,862488,0.254055708601163
"1263","KD2","Non-Frozen","Storm","2019-15","8/27/2019 1:56","8/27/2019 5:00",3463,0.9103,2.6,16.25,0.16,1.68,1.38,1.28,0.82,0,0,0,0.23,19.8,862488,0.0481815399170771
"1264","KD2","Non-Frozen","Storm","2019-16","8/29/2019 18:31","8/29/2019 21:15",6145,2.015,0.73,0.2667,2.738,4.08,3.84,1.46,0.73,0,0.09,2.69,2.92,19.8,862488,0.0854968416951888
"1265","KD2","Non-Frozen","Storm","2019-17","9/3/2019 8:26","9/3/2019 19:00",49550,9.203,1.99,7.567,0.263,3.24,3,1.46,0.93,0,0,0.82,3.42,19.8,862488,0.689400896012466
"1266","KD2","Non-Frozen","Storm","2019-18","9/10/2019 9:52","9/10/2019 17:30",27060,4.639,1.5,8.033,0.1867,1.68,1.32,0.82,0.52,0.03,0.03,2.19,3.01,19.8,862488,0.376492194674013
"1267","KD2","Non-Frozen","Storm","2019-19","9/11/2019 15:35","9/12/2019 3:15",75190,6.7,1.76,7.8,0.2256,2.04,1.56,0.98,0.66,0,1.53,1.7,4.42,19.8,862488,1.04613629407018
"1268","KD2","Non-Frozen","Storm","2019-20","9/13/2019 4:59","9/13/2019 13:15",10960,1.618,0.67,6.9,0.0971,1.68,1.08,0.5,0.42,0.01,1.77,3.31,5.46,19.8,862488,0.152489078108913
"1269","KD2","Non-Frozen","Storm","2019-21","9/22/2019 14:15","9/22/2019 19:00",1926,0.3652,0.95,5.683,0.1672,1.68,0.9,0.5,0.35,0,0,0.12,4.1,19.8,862488,0.0267968945654896
"1270","KD2","Non-Frozen","Storm","2019-22","9/23/2019 6:02","9/23/2019 7:45",100.1,0.0368,0.18,0.9333,0.1929,0.36,0.36,0.28,0.18,0.95,0.95,1.06,5.05,19.8,862488,0.00139271502907867
"1271","KD2","Non-Frozen","Storm","2020-1","10/1/2019 16:45","10/2/2019 12:15",53020,3.434,1.75,22.18,0.07889,2.04,1.56,0.84,0.5,0.02,0.24,0.82,2.06,19.8,862488,0.737679828588919
"1272","KD2","Non-Frozen","Storm","2020-2","10/3/2019 6:00","10/3/2019 11:30",2389,0.4622,0.43,9.117,0.04717,0.96,0.6,0.26,0.14,0.67,1.76,2.51,3.81,19.8,862488,0.0332387233213679
"1273","KD2","Non-Frozen","Storm","2020-3","10/5/2019 20:53","10/5/2019 23:15",190.5,0.0619,0.34,3.5,0.09714,0.36,0.3,0.22,0.17,0,0,2.47,4.14,19.8,862488,0.00265047165873612
"1274","KD2","Non-Frozen","Storm","2020-4","10/6/2019 1:22","10/6/2019 3:15",51.4,0.0112,0.06,1.133,0.05294,0.24,0.12,0.08,0.05,0.34,0.34,2.81,4.48,19.8,862488,0.000715140384561872
"1275","KD2","Non-Frozen","Storm","2020-5","10/11/2019 14:07","10/11/2019 23:30",29390,2.892,1.24,11.52,0.1077,1.2,0.96,0.54,0.33,0.16,0.16,0.56,3.45,19.8,862488,0.408910037009211
"1276","KD2","Non-Frozen","Storm","2020-6","10/21/2019 20:21","10/21/2019 21:45",176.2,0.101,0.37,5,0.074,0.84,0.6,0.28,0.17,0,0,0.33,1.77,19.8,862488,0.00245151236886774
"1277","KD2","Non-Frozen","Storm","2020-7","10/27/2019 4:22","10/27/2019 11:45",15130,1.266,1.05,7.933,0.1324,0.48,0.36,0.3,0.3,0,0,0.4,0.75,19.8,862488,0.210507276622979
"1278","KD2","Non-Frozen","Storm","2020-8","11/21/2019 11:31","11/22/2019 0:15",37630,2.74,1.19,10.77,0.1105,0.96,0.6,0.3,0.26,0.01,0.01,0.06,0.07,19.8,862488,0.52355511033197
"1279","KD2","Non-Frozen","Storm","2020-9","11/27/2019 8:22","11/27/2019 23:00",39650,3.536,1.27,17.25,0.07362,0.48,0.42,0.34,0.32,0,0,1.2,1.25,19.8,862488,0.55165984918051
"1280","KD2","Non-Frozen","Storm","2020-10","12/1/2019 0:30","12/1/2019 7:30",1533,0.2038,0.34,7.533,0.04513,0.24,0.24,0.14,0.12,0,0,1.27,2.48,19.8,862488,0.0213289924033726
"1281","KD2","Non-Frozen","Storm","2020-11","12/24/2019 17:30","12/25/2019 5:15",2504,0.1184,0,NA,NA,NA,NA,NA,NA,0,0,0,0.01,19.8,862488,0.0348387455825472
"1282","KD2","Non-Frozen","Storm","2020-12","12/25/2019 17:00","12/26/2019",393.8,0.0235,0,NA,NA,NA,NA,NA,NA,0,0,0,0.01,19.8,862488,0.00547903275176002
"1283","KD2","Non-Frozen","Storm","2020-13","12/29/2019 8:45","12/30/2019",51490,4.496,1.02,8.117,0.1257,0.6,0.48,0.32,0.28,0.01,0.01,0.01,0.01,19.8,862488,0.716392575896708
"1284","KD2","Non-Frozen","Storm","2020-14","12/30/2019 6:13","12/30/2019 20:45",24040,1.279,0.64,10,0.064,0.24,0.24,0.22,0.18,1.02,1.03,1.03,1.03,19.8,862488,0.334474218771739
"1285","KD2","Non-Frozen","Storm","2020-15","1/2/2020 18:30","1/2/2020 20:45",66.6,0.0105,0,NA,NA,NA,NA,NA,NA,0,0,1.67,1.67,19.8,862488,0.000926621587778612
"1286","KD2","Frozen","Storm","2020-16","1/25/2020 8:47","1/27/2020 12:01",3751,0.0503,0.24,34.22,0.007014,0.12,0.12,0.08,0.06,0,0.04,0.07,0.15,19.8,862488,0.0521885521885522
"1287","KD2","Frozen","Storm","2020-17","2/2/2020 19:00","2/3/2020 12:00",2936,0.1475,0,NA,NA,NA,NA,NA,NA,0,0,0,0.31,19.8,862488,0.0408492639897599
"1288","KD2","Frozen","Storm","2020-18","2/3/2020 19:15","2/4/2020 5:00",441,0.0298,0,NA,NA,NA,NA,NA,NA,0,0,0,0.31,19.8,862488,0.00613573754069622
"1289","KD2","Frozen","Storm","2020-19","2/23/2020 23:15","2/24/2020 2:40",47.9,0.0069,0,NA,NA,NA,NA,NA,NA,0,0,0,0,19.8,862488,0.000666444054873807
"1290","KD2","Frozen","Storm","2020-20","2/24/2020 18:00","2/25/2020 0:15",11,0.0011,0,NA,NA,NA,NA,NA,NA,0,0,0,0,19.8,862488,0.000153045607591062
"1291","KD2","Frozen","Storm","2020-21","3/1/2020 22:45","3/4/2020 2:46",6740,0.2363,0,NA,NA,NA,NA,NA,NA,0,0,0,0,19.8,862488,0.0937752177421599
"1292","KD2","Frozen","Storm","2020-22","3/4/2020 17:30","3/10/2020 8:00",50000,1.072,0.65,104.9,0.006198,0.24,0.18,0.12,0.11,0,0,0,0,19.8,862488,0.695661852686646
"1293","KD2","Non-Frozen","Storm","2020-23","3/12/2020 15:00","3/13/2020 4:30",1798,0.1348,0.12,9.25,0.01297,0.12,0.06,0.04,0.04,0,0,0.65,0.65,19.8,862488,0.0250160002226118
"1294","KD2","Non-Frozen","Storm","2020-24","3/19/2020 21:00","3/20/2020 11:15",64100,5.536,1.51,14.55,0.1038,0.84,0.54,0.4,0.35,0,0,0.06,0.76,19.8,862488,0.89183849514428
"1295","KD2","Non-Frozen","Storm","2020-25","3/28/2020 9:16","3/28/2020 11:15",235,0.0862,0.32,3.983,0.08033,0.36,0.3,0.18,0.13,0,0.02,0.38,1.9,19.8,862488,0.00326961070762724
"1296","KD2","Non-Frozen","Storm","2020-26","3/29/2020 0:34","3/29/2020 11:45",30050,2.88,0.79,13.52,0.05845,0.84,0.54,0.42,0.28,0.36,0.36,0.74,2.26,19.8,862488,0.418092773464674
"1297","KD2","Non-Frozen","Storm","2020-27","4/30/2020 8:49","4/30/2020 16:30",452,0.0252,1.35,20.85,0.06475,0.24,0.24,0.18,0.16,0.03,0.24,0.38,0.72,19.8,862488,0.00628878314828728
"1298","KD2","Non-Frozen","Storm","2020-28","5/17/2020 21:55","5/19/2020 13:45",171300,8.476,4.39,49.12,0.08938,0.96,0.84,0.5,0.48,0,0,0.13,0.13,19.8,862488,2.38333750730445
"1299","KD2","Non-Frozen","Storm","2020-29","6/10/2020 23:25","6/11/2020 5:00",7170,1.786,1.02,3.583,0.2847,1.8,1.5,1,0.86,0.7,0.7,0.92,1.9,19.8,862488,0.099757909675265
"1300","KD2","Non-Frozen","Storm","2020-30","6/23/2020 7:07","6/23/2020 14:30",11450,1.936,0.66,5.967,0.1106,0.72,0.6,0.44,0.32,0.02,0.02,0.56,2.37,19.8,862488,0.159306564265242
"1301","KD2","Non-Frozen","Storm","2021-1","10/23/2020 2:00","10/23/2020 15:15",103700,6.663,4.54,20.12,0.2257,2.52,2.16,1.46,1.04,0,0.09,0.17,0.75,19.8,862488,1.4428026824721
"1302","KD2","Non-Frozen","Storm","2021-2","11/10/2020 22:30","11/11/2020 6:30",51540,10.64,2.01,7.5,0.268,3,2.4,1.12,0.85,0.07,0.07,0.07,0.07,19.8,862488,0.717088237749395
"1303","KD2","Non-Frozen","Storm","2021-3","11/15/2020 13:45","11/15/2020 17:45",654.5,0.09689,0.56,12.3,0.04553,0.48,0.3,0.16,0.16,0.01,0.06,2.14,2.14,19.8,862488,0.0091062136516682
"1304","KD2","Frozen","Storm","2021-4","2/24/2021 1:30","2/25/2021 9:11",4051,0.08602,0.02,0.2,0.1,0.12,0.06,0.04,0.02,0,0,0,0,19.8,862488,0.0563625233046721
"1305","KD2","Frozen","Storm","2021-5","2/25/2021 16:44","2/26/2021 4:29",2093,0.108,0,NA,NA,NA,NA,NA,NA,0,0.02,0.02,0.02,19.8,862488,0.029120405153463
"1306","KD2","Frozen","Storm","2021-6","2/26/2021 18:45","3/1/2021 5:30",37230,1.049,0,NA,NA,NA,NA,NA,NA,0,0,0.02,0.02,19.8,862488,0.517989815510477
"1307","KD2","Frozen","Storm","2021-7","3/1/2021 17:15","3/1/2021 23:17",1675,0.1574,0,NA,NA,NA,NA,NA,NA,0,0,0.02,0.02,19.8,862488,0.0233046720650026
"1308","KD2","Frozen","Storm","2021-8","3/2/2021 18:00","3/3/2021 0:35",473.6,0.02925,0,NA,NA,NA,NA,NA,NA,0,0,0.02,0.02,19.8,862488,0.00658930906864791
"1309","KD2","Frozen","Storm","2021-9","3/3/2021 16:15","3/4/2021 4:15",6340,0.3247,0,NA,NA,NA,NA,NA,NA,0,0,0,0.02,19.8,862488,0.0882099229206667
"1310","KD2","Frozen","Storm","2021-10","3/5/2021 19:15","3/5/2021 23:00",270.9,0.03445,0,NA,NA,NA,NA,NA,NA,0,0,0,0.02,19.8,862488,0.00376909591785625
"1311","KD2","Frozen","Storm","2021-11","3/8/2021 15:30","3/8/2021 23:00",513.3,0.02328,0,NA,NA,NA,NA,NA,NA,0,0,0,0.02,19.8,862488,0.00714166457968111
"1312","KD2","Frozen","Storm","2021-12","3/9/2021 17:15","3/9/2021 21:45",268.6,0.01916,0,NA,NA,NA,NA,NA,NA,0,0,0,0.02,19.8,862488,0.00373709547263266
"1313","KD2","Frozen","Storm","2021-13","3/10/2021 15:28","3/10/2021 17:00",114.1,0.03448,0.33,2.9,0.1138,1.2,1.02,0.56,0.3,0,0,0,0,19.8,862488,0.00158750034783093
"1314","KD2","Non-Frozen","Storm","2021-14","7/15/2021 3:21","7/15/2021 12:15",32800,2.976,2.21,10.43,0.2118,3.84,2.88,1.62,0.99,0.29,0.29,0.35,3.13,19.8,862488,0.45635417536244
"1315","KD2","Non-Frozen","Storm","2021-15","8/8/2021 9:26","8/8/2021 17:00",33890,6.424,2.31,4.95,0.4667,3.6,3,2.24,1.69,0.51,0.72,1.2,2.44,19.8,862488,0.471519603751009
"1316","KD2","Non-Frozen","Storm","2021-16","8/11/2021 0:59","8/11/2021 9:15",45820,9.362,1.39,2.783,0.4994,3.24,2.82,1.92,1.24,0,0.12,3.22,4.24,19.8,862488,0.637504521802042
"1317","KD2","Non-Frozen","Storm","2021-17","8/29/2021 7:11","8/29/2021 13:45",29570,4.548,1.36,2.667,0.51,2.16,1.5,0.94,0.86,0.53,1.81,2.2,2.26,19.8,862488,0.411414419678882
"1318","KD2","Non-Frozen","Storm","2022-1","10/11/2021 22:14","10/12/2021 1:15",4522,1.394,0.89,3.85,0.2312,3.36,2.04,0.9,0.49,0,0.01,0.25,1.13,19.8,862488,0.0629156579569803
"1319","KD2","Non-Frozen","Storm","2022-2","10/12/2021 10:00","10/12/2021 12:00",186.2,0.0785,0.25,4.65,0.05376,0.48,0.3,0.2,0.13,0.91,0.92,1.16,2.04,19.8,862488,0.00259064473940507
"1320","KD2","Non-Frozen","Storm","2022-3","12/11/2021 12:03","12/11/2021 14:35",312.6,0.095,0.28,3.5,0.08,0.84,0.54,0.3,0.22,0.5,0.51,0.78,1.08,19.8,862488,0.00434927790299691
"1321","KD2","Frozen","Storm","2022-4","2/9/2022 19:14","2/10/2022 6:01",1814,0.0736,0,NA,NA,NA,NA,NA,NA,0,0,0,0,19.8,862488,0.0252386120154715
"1322","KD2","Frozen","Storm","2022-5","2/16/2022 17:36","2/17/2022 5:45",4482,0.181,0,NA,NA,NA,NA,NA,NA,0,0,0.07,0.07,19.8,862488,0.062359128474831
"1323","KD2","Frozen","Storm","2022-6","2/20/2022 18:00","2/21/2022 6:08",2220,0.1514,0,NA,NA,NA,NA,NA,NA,0,0,0,0.07,19.8,862488,0.0308873862592871
"1324","KD2","Frozen","Storm","2022-7","3/5/2022 19:00","3/7/2022 6:45",128500,11.17,1.29,8.65,0.1491,2.04,1.5,0.9,0.54,0.04,0.04,0.04,0.04,19.8,862488,1.78785096140468
"1325","KD2","Frozen","Storm","2022-8","3/14/2022 19:22","3/15/2022 0:44",571.7,0.0473,0,NA,NA,NA,NA,NA,NA,0,0,0,1.33,19.8,862488,0.00795419762361911
"1326","KD2","Frozen","Storm","2022-9","3/15/2022 14:48","3/17/2022 0:45",17580,0.8126,0,NA,NA,NA,NA,NA,NA,0,0,0,1.33,19.8,862488,0.244594707404625
"1327","KD2","Frozen","Storm","2022-10","3/19/2022 1:30","3/19/2022 19:45",25860,1.175,0.58,16.63,0.03487,0.12,0.12,0.1,0.08,0.16,0.16,0.16,1.49,19.8,862488,0.359796310209533
"1328","KD2","Frozen","Storm","2022-11","3/23/2022 6:15","3/24/2022 5:00",91540,5.919,1.73,25.53,0.06775,0.48,0.42,0.36,0.34,0,0,0.74,0.74,19.8,862488,1.27361771989871
"1329","KD2","Frozen","Storm","2022-12","3/30/2022 11:34","3/31/2022 21:00",40100,2.958,1.53,31.18,0.04906,0.84,0.66,0.36,0.22,0,0,1.78,2.53,19.8,862488,0.55792080585469
"1330","KD2","Frozen","Storm","2022-13","4/4/2022 13:32","4/4/2022 22:15",10760,1.3,0.5,9.483,0.05272,0.36,0.3,0.18,0.15,0,0.09,1.62,3.41,19.8,862488,0.149706430698166
"1331","KD2","Frozen","Storm","2022-14","4/6/2022 7:35","4/6/2022 17:00",7596,0.5709,0.56,8.017,0.06985,0.36,0.36,0.28,0.22,0,0.5,2.08,3.78,19.8,862488,0.105684948660155
"1332","KD2","Non-Frozen","Storm","2022-15","4/14/2022 5:44","4/14/2022 8:00",336.6,0.1296,0.44,8.25,0.05333,0.36,0.24,0.18,0.16,0.16,0.16,0.26,2.46,19.8,862488,0.0046831955922865
"1333","KD2","Non-Frozen","Storm","2022-16","4/21/2022 4:04","4/21/2022 6:30",156.7,0.0645,0.53,5.767,0.09191,0.36,0.36,0.28,0.22,0,0.01,0.64,0.88,19.8,862488,0.00218020424631995
"1334","KD2","Non-Frozen","Storm","2022-17","5/1/2022 3:27","5/1/2022 7:00",401.9,0.1285,0.48,4.017,0.1195,0.6,0.48,0.4,0.32,0.33,0.33,0.68,1.46,19.8,862488,0.00559172997189526
"1335","KD2","Non-Frozen","Storm","2022-18","8/13/2022 16:56","8/13/2022 22:45",61910,12.54,2.65,14.05,0.1886,2.76,2.4,1.6,1.2,0,0,2.15,3.4,19.8,862488,0.861368505996605
"1336","KD2","Frozen","Storm","2023-1","2/7/2023 18:30","2/8/2023 0:20",3368,0.4218,0,NA,NA,NA,NA,NA,NA,0.11,0.11,0.11,0.11,19.8,862488,0.0468597823969725
"1337","KD2","Frozen","Storm","2023-2","2/8/2023 15:45","2/9/2023 0:12",1222,0.0837,0,NA,NA,NA,NA,NA,NA,0,0.11,0.11,0.11,19.8,862488,0.0170019756796616
"1338","KD2","Frozen","Storm","2023-3","2/12/2023 20:15","2/13/2023 0:27",1290,0.1973,0,NA,NA,NA,NA,NA,NA,0,0,0.39,0.39,19.8,862488,0.0179480757993155
"1339","KD2","Frozen","Storm","2023-4","2/13/2023 20:00","2/13/2023 22:30",329.7,0.0535,0,NA,NA,NA,NA,NA,NA,0,0,0.39,0.39,19.8,862488,0.00458719425661574
"1340","KD2","Frozen","Storm","2023-5","2/15/2023 1:23","2/15/2023 5:15",579.3,0.0749,0.16,5.433,0.02945,0.12,0.12,0.08,0.06,0,0,0.28,0.39,19.8,862488,0.00805993822522748
"1341","KD2","Frozen","Storm","2023-6","3/5/2023 20:37","3/6/2023 1:01",286,0.0273,0,NA,NA,NA,NA,NA,NA,0.02,0.02,0.47,0.47,19.8,862488,0.00397918579736762
"1342","KD2","Frozen","Storm","2023-7","3/6/2023 8:37","3/7/2023 2:01",837.3,0.0233,0.21,7.6,0.02763,0.12,0.12,0.1,0.09,0,0.02,0.47,0.47,19.8,862488,0.0116495533850906
"1343","KD2","Frozen","Storm","2023-8","3/17/2023 6:59","3/17/2023 10:46",323.8,0.0278,0.3,7.433,0.04036,0.24,0.18,0.12,0.11,0.25,0.25,0.25,0.48,19.8,862488,0.00450510615799872
"1344","KD2","Frozen","Storm","2023-9","3/22/2023 20:15","3/23/2023 2:15",1317,0.1081,0,NA,NA,NA,NA,NA,NA,0.01,0.01,0.56,0.56,19.8,862488,0.0183237331997663
"1345","KD2","Frozen","Storm","2023-10","3/23/2023 18:45","3/24/2023 3:14",1643,0.1655,0,NA,NA,NA,NA,NA,NA,0,0.01,0.56,0.56,19.8,862488,0.0228594484792832
"1346","KD2","Non-Frozen","Storm","2023-11","3/31/2023 9:45","3/31/2023 16:00",17310,2.632,0.62,6.183,0.1003,0.48,0.42,0.38,0.33,0.26,0.26,0.26,0.3,19.8,862488,0.240838133400117
"1347","KD2","Non-Frozen","Storm","2023-12","4/1/2023 1:51","4/1/2023 10:00",59510,8.518,0.93,7.2,0.1292,0.72,0.6,0.54,0.48,0.94,0.94,0.94,0.95,19.8,862488,0.827976737067646
"1348","KP3","Frozen","Storm","2006-1","3/9/2006 7:30","3/10/2006 18:00",29410,0.6422,1.06,27.4,0.03869,1.08,0.78,0.52,0.41,0,0,0.22,0.22,6.1,265716,1.32818497945175
"1349","KP3","Frozen","Storm","2006-2","3/13/2006 5:50","3/13/2006 6:57",814.1,0.3985,0.72,2.767,0.2602,0.48,0.48,0.32,0.3,0.05,0.12,1.4,1.4,6.1,265716,0.0367655692543919
"1350","KP3","Frozen","Storm","2006-3","3/13/2006 10:00","3/13/2006 10:55",308.4,0.2116,0.32,1.15,0.2783,1.8,1.02,0.38,0.31,0.77,0.84,2.12,2.12,6.1,265716,0.013927652079664
"1351","KP3","Non-Frozen","Storm","2006-4","4/7/2006 6:20","4/7/2006 11:45",7079,0.9929,2.19,8.417,0.2602,2.28,1.86,1.3,1.18,0.01,0.01,1.64,1.66,6.1,265716,0.319694711647022
"1352","KP3","Non-Frozen","Storm","2007-1","10/4/2006 10:24","10/4/2006 13:31",23840,5.764,2.08,2.717,0.7656,7.8,5.52,3.28,1.97,0.01,0.57,0.74,1.3,6.1,265716,1.07663821523732
"1353","KP3","Non-Frozen","Storm","2007-2","12/22/2006 15:45","12/22/2006 18:00",76,0.01916,0.8,6.983,0.1146,0.96,0.72,0.64,0.54,0.24,0.29,0.29,0.33,6.1,265716,0.00343223592105857
"1354","KP3","Non-Frozen","Storm","2007-3","12/22/2006 20:00","12/23/2006 0:15",168.7,0.02929,1.41,12.97,0.1087,0.96,0.72,0.64,0.54,0.24,0.29,0.29,0.33,6.1,265716,0.00761866052477081
"1355","KP3","Frozen","Storm","2007-4","3/12/2007 17:30","3/13/2007 2:30",625.4,0.05347,0,NA,NA,NA,NA,NA,NA,0,0,0.3,0.5,6.1,265716,0.0282436887503952
"1356","KP3","Frozen","Storm","2007-5","3/13/2007 16:15","3/14/2007 1:45",606.4,0.0324,0,NA,NA,NA,NA,NA,NA,0,0,0.3,0.5,6.1,265716,0.0273856297701305
"1357","KP3","Non-Frozen","Storm","2007-6","3/22/2007 7:15","3/22/2007 10:45",296.3,0.06376,0.76,2.833,0.2682,1.68,1.26,0.74,0.45,0.48,0.48,0.48,0.83,6.1,265716,0.0133812039922323
"1358","KP3","Non-Frozen","Storm","2007-7","4/1/2007 3:45","4/1/2007 5:15",47.8,0.01622,0.59,2.183,0.2702,1.92,1.5,0.74,0.49,0.24,0.24,0.41,1.67,6.1,265716,0.00215869575035
"1359","KP3","Non-Frozen","Storm","2007-8","4/3/2007 7:15","4/3/2007 16:30",3450,0.3576,1.69,7.317,0.231,0.72,0.6,0.5,0.43,0,0.06,1.05,2.33,6.1,265716,0.155805446416475
"1360","KP3","Non-Frozen","Storm","2007-9","4/26/2007 17:00","4/26/2007 19:30",148.1,0.04591,0.93,9.033,0.103,0.72,0.6,0.44,0.33,0.05,0.5,0.91,0.98,6.1,265716,0.00668834394616809
"1361","KP3","Non-Frozen","Storm","2007-10","6/2/2007","6/2/2007 1:00",35.5,0.02376,0.87,1.067,0.8156,3.12,2.58,1.5,0.86,0,0.65,0.65,0.67,6.1,265716,0.00160321546312604
"1362","KP3","Non-Frozen","Storm","2007-11","8/19/2007 5:30","8/19/2007 9:45",118.6,0.01358,2.25,15.95,0.1411,1.2,1.08,0.88,0.62,0,0,1.01,3.89,6.1,265716,0.00535609447680983
"1363","KP3","Non-Frozen","Storm","2007-12","8/19/2007 13:45","8/19/2007 15:00",15.4,0.00495,2.59,20.68,0.1252,1.2,1.08,0.88,0.62,0,0,1.01,3.89,6.1,265716,0.000695479384003974
"1364","KP3","Non-Frozen","Storm","2007-13","8/20/2007 5:15","8/20/2007 11:30",329.2,0.05816,0.95,8.617,0.1103,0.84,0.72,0.38,0.32,1.91,2.72,3.34,5.39,6.1,265716,0.014867000858059
"1365","KP3","Non-Frozen","Storm","2007-14","8/20/2007 13:45","8/20/2007 16:15",69.5,0.01358,0.32,2.433,0.1315,0.6,0.54,0.32,0.21,1.21,3.67,4.29,6.34,6.1,265716,0.00313868942781014
"1366","KP3","Non-Frozen","Storm","2007-15","8/22/2007 7:30","8/22/2007 11:00",234.1,0.1369,0.93,2.617,0.3554,3.72,3,1.42,0.72,0,0.84,4.23,5.91,6.1,265716,0.0105721898568396
"1367","KP3","Non-Frozen","Storm","2007-16","8/22/2007 21:45","8/23/2007 5:00",8406,1.728,1.4,5.483,0.2553,5.64,4.32,2,1.03,0.93,0.93,4.95,6.84,6.1,265716,0.379623357268663
"1368","KP3","Non-Frozen","Storm","2007-17","8/23/2007 13:45","8/23/2007 15:45",139.3,0.04839,0.41,3.9,0.1051,1.56,1.02,0.54,0.39,1.4,2.33,6.35,8.2,6.1,265716,0.00629092715530868
"1369","KP3","Non-Frozen","Storm","2007-18","8/24/2007 7:45","8/24/2007 12:46",7413,1.846,1.04,3.05,0.341,3.12,2.76,1.84,0.92,0.44,2.08,6.79,7.8,6.1,265716,0.334778485300095
"1370","KP3","Non-Frozen","Storm","2007-19","8/24/2007 23:15","8/25/2007 2:45",92.5,0.05481,0.33,2.633,0.1253,1.32,0.96,0.56,0.3,1.06,1.84,7.84,8.85,6.1,265716,0.00417739240391997
"1371","KP3","Non-Frozen","Storm","2008-1","12/23/2007 10:30","12/23/2007 20:00",2048,0.1186,0.45,7.233,0.06221,0.48,0.3,0.24,0.22,0.05,0.05,0.05,0.05,6.1,265716,0.0924897258727363
"1372","KP3","Frozen","Storm","2008-2","1/7/2008 16:15","1/8/2008 7:15",492.5,0.0288,0.38,11.2,0.03393,0.96,0.48,0.16,0.12,0.01,0.01,0.01,0.02,6.1,265716,0.0222417919884388
"1373","KP3","Frozen","Storm","2008-3","1/8/2008 14:30","1/9/2008 0:30",345.6,0.02,0.66,10.15,0.06502,0.6,0.48,0.36,0.21,0.3,0.39,0.39,0.4,6.1,265716,0.0156076412410243
"1374","KP3","Frozen","Storm","2008-4","3/3/2008 4:15","3/3/2008 17:00",7802,0.451,0.38,5.233,0.07261,0.36,0.3,0.22,0.18,0,0,0,0,6.1,265716,0.352346113896039
"1375","KP3","Frozen","Storm","2008-5","3/13/2008 18:15","3/13/2008 21:45",440.6,0.0484,0,NA,NA,NA,NA,NA,NA,0,0,0,0.38,6.1,265716,0.0198979361423475
"1376","KP3","Frozen","Storm","2008-6","3/22/2008 20:15","3/22/2008 22:01",328.3,0.0674,0,NA,NA,NA,NA,NA,NA,0,0,0.18,0.23,6.1,265716,0.0148263559589938
"1377","KP3","Non-Frozen","Storm","2008-7","4/10/2008 23:15","4/11/2008 1:15",596.2,0.1884,0.91,10.77,0.08452,0.84,0.72,0.38,0.23,0,1.13,1.28,2.05,6.1,265716,0.0269249875807253
"1378","KP3","Non-Frozen","Storm","2008-8","4/25/2008 8:30","4/25/2008 10:00",155.5,0.0741,1.1,2.25,0.4889,1.8,1.44,0.94,0.7,0.13,0.13,0.16,0.43,6.1,265716,0.00702253533848169
"1379","KP3","Non-Frozen","Storm","2008-9","4/25/2008 15:45","4/25/2008 18:15",2462,0.659,0.71,1.233,0.5757,3.96,2.7,1.16,0.69,1.23,1.23,1.26,1.48,6.1,265716,0.111186379442713
"1380","KP3","Non-Frozen","Storm","2008-10","4/25/2008 22:45","4/26/2008 2:45",10090,2.28,0.97,3.567,0.272,3,1.98,1.34,0.86,1.94,1.94,1.97,2.09,6.1,265716,0.455674479519487
"1381","KP3","Non-Frozen","Storm","2008-11","6/5/2008 11:14","6/5/2008 15:07",1184,0.2304,1.85,4.45,0.4157,2.88,2.4,1.8,1.14,0,0,0.69,1.06,6.1,265716,0.0534706227701757
"1382","KP3","Non-Frozen","Storm","2008-12","6/7/2008 21:43","6/8/2008 8:15",26530,3.481,2.77,11.2,0.2473,2.64,2.16,1.68,1.22,0,0.28,2.17,3.19,6.1,265716,1.19812130244321
"1383","KP3","Non-Frozen","Storm","2008-13","6/8/2008 15:20","6/8/2008 19:30",8640,1.43,0.78,1.667,0.468,3.12,2.4,1,0.66,2.78,2.83,4.95,5.97,6.1,265716,0.390191031025606
"1384","KP3","Non-Frozen","Storm","2008-14","6/9/2008 0:05","6/9/2008 8:00",51480,5.114,1.93,7.733,0.2496,2.16,1.5,1.24,0.96,2.12,3.56,5.73,6.75,6.1,265716,2.32488822652757
"1385","KP3","Non-Frozen","Storm","2008-15","6/12/2008 22:00","6/13/2008 10:00",23480,2.235,2.43,12.98,0.1872,1.92,1.5,0.74,0.59,0,0,5.79,8.33,6.1,265716,1.06038025561125
"1386","MA1A","Non-Frozen","Storm","2018-1","10/15/2017 5:55","10/15/2017 14:00",259.4,0.01515,0.64,15.67,0.04085,1.2,0.96,0.5,0.39,0.28,0.31,0.52,1.56,7.1,309276,0.0100647964924533
"1387","MA1A","Non-Frozen","Non-storm","2018-2","10/15/2017 14:00","10/19/2017 3:15",752.4,0.00697,0.09,11.17,0.00806,0.24,0.12,0.08,0.05,0.83,0.93,1.14,2.18,7.1,309276,0.0291933418693982
"1388","MA1A","Non-Frozen","Storm","2018-3","10/22/2017 18:30","10/29/2017 1:00",2138,0.01047,0.84,140.5,0.005979,1.08,0.72,0.36,0.24,0,0,0.09,1.23,7.1,309276,0.0829550304582315
"1389","MA1A","Non-Frozen","Storm","2018-4","11/18/2017 5:30","11/25/2017 4:30",1907,0.00831,0.82,173,0.00474,0.84,0.6,0.36,0.28,0.02,0.02,0.23,0.32,7.1,309276,0.0739921623404338
"1390","MA1A","Non-Frozen","Non-storm","2018-5","4/10/2018 21:15","4/13/2018 16:30",564.5,0.00504,0.29,35.17,0.008246,0.72,0.72,0.44,0.3,0,0,0,0.21,7.1,309276,0.0219027664610251
"1391","MA1A","Non-Frozen","Storm","2018-6","4/13/2018 16:30","4/16/2018 8:00",3384,0.02481,0.6,19.5,0.03077,0.72,0.72,0.44,0.3,0.01,0.14,0.14,0.35,7.1,309276,0.131300197881504
"1392","MA1A","Non-Frozen","Non-storm","2018-7","4/16/2018 8:00","4/19/2018 17:00",2687,0.01281,0,NA,NA,NA,NA,NA,NA,0,0.01,0.74,0.74,7.1,309276,0.104256392348582
"1393","MA1A","Non-Frozen","Storm","2018-8","4/19/2018 17:00","4/23/2018 13:00",12110,0.07086,0,NA,NA,NA,NA,NA,NA,0,0,0.61,0.74,7.1,309276,0.46987157102394
"1394","MA1A","Non-Frozen","Non-storm","2018-11","4/23/2018 13:00","4/28/2018 15:00",5310,0.0251,0.01,NA,NA,NA,NA,NA,NA,0,0,0,0.31,7.1,309276,0.2060295658247
"1395","MA1A","Non-Frozen","Non-storm","2018-12","4/28/2018 15:00","5/2/2018 5:20",1460,0.00697,0.18,0.9167,0.1964,1.2,0.96,0.6,0.36,0,0,0.01,0.01,7.1,309276,0.056648430528072
"1396","MA1A","Non-Frozen","Storm","2018-13","5/2/2018 5:20","5/4/2018 1:20",3167,0.02979,1.82,45,0.04044,2.88,2.04,0.78,0.49,0,0,0.01,0.01,7.1,309276,0.122880533892058
"1397","MA1A","Non-Frozen","Storm","2018-14","5/4/2018 1:20","5/5/2018 12:15",9795,0.1579,2.32,12.67,0.1832,2.88,2.04,0.94,0.66,0.59,1.63,1.64,1.64,7.1,309276,0.380048888371552
"1398","MA1A","Non-Frozen","Non-storm","2018-16","5/5/2018 12:15","5/8/2018 18:15",4983,0.03126,0.03,0.1667,0.18,0.24,0.12,0.06,0.03,0,0.56,3.95,3.96,7.1,309276,0.193341869398207
"1399","MA1A","Non-Frozen","Non-storm","2018-17","5/8/2018 18:15","5/9/2018 13:50",737.9,0.01281,0.23,1.083,0.2123,0.72,0.6,0.56,0.44,0,0,2.94,3.99,7.1,309276,0.0286307375936057
"1400","MA1A","Non-Frozen","Storm","2018-18","5/9/2018 13:50","5/11/2018 17:40",4112,0.03155,1.07,51.75,0.02068,0.72,0.6,0.56,0.44,0,0,2.94,3.99,7.1,309276,0.159546812555775
"1401","MA1A","Non-Frozen","Non-storm","2018-19","5/11/2018 17:40","5/15/2018 6:45",4762,0.02129,0.49,88.25,0.005552,0.48,0.36,0.2,0.16,0,0.59,0.97,4.93,7.1,309276,0.184767004229232
"1402","MA1A","Non-Frozen","Non-storm","2018-20","5/15/2018 6:45","6/1/2018 2:30",7201,0.01579,0.44,390.9,0.001126,0.48,0.42,0.26,0.2,0.07,0.08,1.39,5.37,7.1,309276,0.279400923447018
"1403","MA1A","Non-Frozen","Non-storm","2018-21","6/3/2018 6:00","6/7/2018 4:30",430.1,0.00334,0.62,87.25,0.007106,1.2,1.08,0.66,0.37,0,0,0.04,0.22,7.1,309276,0.0166880068288519
"1404","MA1A","Non-Frozen","Storm","2018-22","6/18/2018 7:40","6/19/2018 11:50",5842,0.1809,3.07,29.42,0.1044,3,2.46,1.2,0.93,0,0.04,0.39,0.43,7.1,309276,0.226671322702053
"1405","MA1A","Non-Frozen","Non-storm","2018-25","6/19/2018 11:50","6/24/2018 18:35",7424,0.03331,0.14,14.42,0.009711,0.72,0.6,0.36,0.2,0.87,2.97,3.36,3.38,7.1,309276,0.288053389205758
"1406","MA1A","Non-Frozen","Non-storm","2018-26","6/24/2018 18:35","6/27/2018 14:25",1313,0.00941,0.03,7.583,0.003956,0.12,0.06,0.04,0.02,0,0,0,3.5,7.1,309276,0.0509447871803826
"1407","MA1A","Non-Frozen","Non-storm","2018-27","6/27/2018 14:25","6/29/2018 21:15",334.7,0.0049,0,NA,NA,NA,NA,NA,NA,0.03,0.03,0.03,3.53,7.1,309276,0.0129864586970861
"1408","MA1A","Non-Frozen","Non-storm","2018-28","7/14/2018 3:15","7/14/2018 18:00",93,0.00431,0.23,3.917,0.05872,0.24,0.18,0.16,0.15,1.31,1.53,1.53,2.26,7.1,309276,0.00360842742404842
"1409","MA1A","Non-Frozen","Non-storm","2018-29","7/14/2018 20:40","7/15/2018 21:15",222.3,0.00653,0.29,0.5,0.58,2.28,1.32,0.56,0.29,0.99,1.54,1.76,2.49,7.1,309276,0.0086253055523222
"1410","MA1A","Non-Frozen","Storm","2018-30","7/20/2018 17:20","7/24/2018 20:15",1711,0.01281,1.2,52.25,0.02297,2.28,1.68,0.96,0.7,0.29,0.29,2.12,2.34,7.1,309276,0.0663873045435145
"1411","MA1A","Non-Frozen","Storm","2018-31","7/26/2018 3:45","7/29/2018 19:45",2073,0.02803,0.95,86.33,0.011,2.64,2.22,1.4,0.81,0,0,1.49,3.54,7.1,309276,0.0804330112908858
"1412","MA1A","Non-Frozen","Storm","2018-32","8/27/2018 6:55","8/31/2018 22:05",12120,0.1394,4.58,90,0.05089,4.2,3.06,1.56,0.8,0,0.01,0.92,0.92,7.1,309276,0.470259573972762
"1413","MA1A","Non-Frozen","Non-storm","2018-36","8/31/2018 22:05","9/2/2018 8:00",1163,0.01323,NA,NA,NA,NA,NA,NA,NA,NA,NA,NA,NA,7.1,309276,0.0451247429480464
"1414","MA1A","Non-Frozen","Storm","2018-37","9/2/2018 8:00","9/8/2018 0:05",14700,0.08804,1.8,88.67,0.0203,2.28,1.5,1.08,0.69,0,0,4.58,5.5,7.1,309276,0.570364334768944
"1415","MA1A","Non-Frozen","Non-storm","2018-38","9/8/2018 0:05","9/15/2018 20:45",4168,0.01685,0,NA,NA,NA,NA,NA,NA,0,0.01,1.8,6.39,7.1,309276,0.161719629069181
"1416","MA1A","Non-Frozen","Non-storm","2018-39","9/20/2018 16:15","9/29/2018 0:45",1560,0.00593,0.39,184.9,0.002109,1.2,0.72,0.32,0.17,0.42,0.42,0.42,0.42,7.1,309276,0.0605284600162961
"1417","MA1A","Non-Frozen","Storm","2019-1","10/1/2018 21:05","10/14/2018 10:00",30130,0.08195,2.91,220.6,0.01319,1.2,0.96,0.74,0.57,0.07,0.11,0.31,0.92,7.1,309276,1.16905288480192
"1418","MA1A","Non-Frozen","Non-storm","2019-5","10/14/2018 10:00","10/24/2018 19:20",9017,0.0177,0.21,179,0.001173,0.12,0.12,0.06,0.04,0,0,0.9,2.97,7.1,309276,0.349862258953168
"1419","MA1A","Non-Frozen","Non-storm","2019-6","10/24/2018 19:20","11/4/2018 8:20",6135,0.01047,0.3,58.83,0.005099,0.36,0.3,0.16,0.11,0,0,0.01,0.21,7.1,309276,0.238039809102549
"1420","MA1A","Non-Frozen","Storm","2019-7","11/4/2018 8:20","11/10/2018 13:30",12410,0.05588,1.41,131,0.01076,0.36,0.3,0.22,0.17,0,0,0.3,0.31,7.1,309276,0.481511659488612
"1421","MA1A","Non-Frozen","Non-storm","2019-8","11/10/2018 13:30","11/22/2018 6:45",9394,0.01685,0.02,95,0.0002105,0.12,0.06,0.02,0.01,0,0.01,1.28,1.45,7.1,309276,0.364489970123773
"1422","MA1A","Non-Frozen","Non-storm","2019-9","11/22/2018 6:45","12/1/2018 15:30",4024,0.00845,0.21,15.25,0.01377,0.12,0.12,0.08,0.07,0,0,0,0.02,7.1,309276,0.156132386606138
"1423","MA1A","Non-Frozen","Storm","2019-10","12/1/2018 15:30","12/7/2018 0:55",9871,0.03859,1.36,27.42,0.0496,0.24,0.24,0.2,0.16,0,0,0.02,0.21,7.1,309276,0.382997710782602
"1424","MA1A","Non-Frozen","Non-storm","2019-11","12/7/2018 0:55","12/27/2018 15:00",12260,0.01579,0.18,357.2,0.000504,0.24,0.12,0.06,0.05,0,0,0,1.36,7.1,309276,0.475691615256276
"1425","MA1A","Non-Frozen","Storm","2019-12","12/27/2018 15:00","12/29/2018 22:00",3778,0.02803,0.44,30.33,0.01451,0.24,0.18,0.14,0.1,0,0,0.1,0.12,7.1,309276,0.146587514065107
"1426","MA1A","Non-Frozen","Non-storm","2019-13","12/29/2018 22:00","1/7/2019 10:45",7832,0.01898,0.55,160.6,0.003425,0.24,0.24,0.24,0.24,0,0,0.44,0.56,7.1,309276,0.303883909517712
"1427","MA1A","Non-Frozen","Storm","2019-14","1/7/2019 10:45","1/10/2019 16:30",13820,0.1388,1.12,13.75,0.08145,0.24,0.24,0.24,0.24,0.01,0.14,0.36,0.8,7.1,309276,0.536220075272572
"1428","MA1A","Frozen","Non-storm","2019-15","1/10/2019 16:30","2/3/2019 18:00",7550,0.021,0.27,8.75,0.03086,0.12,0.06,0.06,0.05,0,0,0,0,7.1,309276,0.29294222636092
"1429","MA1A","Frozen","Storm","2019-16","2/3/2019 18:00","2/6/2019 7:30",10430,0.1486,0.15,11.58,0.01295,0.24,0.18,0.1,0.08,0.06,0.27,0.27,0.27,7.1,309276,0.404687075621775
"1430","MA1A","Frozen","Non-storm","2019-17","2/6/2019 7:30","2/15/2019 5:45",3301,0.0143,0.4,173.2,0.002309,0.24,0.12,0.12,0.11,0,0,0.42,0.42,7.1,309276,0.128079773406278
"1431","MA1A","Frozen","Storm","2019-18","2/24/2019 7:00","3/2/2019 11:15",2544,0.01472,0.48,15.08,0.03182,0.72,0.66,0.38,0.25,0.03,0.03,0.03,0.38,7.1,309276,0.0987079501804214
"1432","MA1A","Frozen","Storm","2019-19","3/13/2019 5:45","3/15/2019 16:30",3812,0.02276,1.02,60.83,0.01677,0.84,0.6,0.28,0.21,0,0,0.15,0.15,7.1,309276,0.147906724091103
"1433","MA1A","Frozen","Storm","2019-20","3/15/2019 16:30","3/21/2019 16:20",8566,0.02774,0.09,4.5,0.02,0.12,0.12,0.1,0.07,0,0,0.5,1.17,7.1,309276,0.332363325961277
"1434","MA1A","Frozen","Storm","2019-21","3/21/2019 16:20","4/1/2019 14:10",15090,0.03008,0,NA,NA,NA,NA,NA,NA,0.09,0.09,0.37,1.26,7.1,309276,0.585496449773018
"1435","MA1A","Non-Frozen","Non-storm","2019-22","4/1/2019 14:10","4/11/2019 13:40",7940,0.0143,0.58,161.2,0.003599,0.48,0.48,0.28,0.23,0,0,0,0.09,7.1,309276,0.308074341364994
"1436","MA1A","Non-Frozen","Storm","2019-23","4/11/2019 13:40","4/13/2019 18:25",4873,0.04718,0,NA,NA,NA,NA,NA,NA,0,0,0.38,0.58,7.1,309276,0.189073836961161
"1437","MA1A","Non-Frozen","Non-storm","2019-24","4/13/2019 18:25","4/17/2019 13:40",5635,0.0292,0.21,9.167,0.02291,0.36,0.18,0.1,0.08,0,0,0,0.58,7.1,309276,0.218639661661429
"1438","MA1A","Non-Frozen","Storm","2019-25","4/17/2019 13:40","4/19/2019 18:00",4256,0.03038,0.48,31,0.01548,0.96,0.54,0.28,0.2,0,0.21,0.21,0.59,7.1,309276,0.165134055018818
"1439","MA1A","Non-Frozen","Non-storm","2019-26","4/19/2019 18:00","4/23/2019 2:25",3734,0.02188,0.07,0.6667,0.105,0.96,0.6,0.24,0.14,0,0,0.69,0.69,7.1,309276,0.144880301090288
"1440","MA1A","Non-Frozen","Storm","2019-27","4/23/2019 2:25","4/24/2019 6:55",3044,0.04344,0.94,4.833,0.1945,0.96,0.66,0.44,0.39,0,0,0.69,0.69,7.1,309276,0.118108097621542
"1441","MA1A","Non-Frozen","Storm","2019-28","4/24/2019 6:55","5/4/2019 22:50",13500,0.0251,0.94,163.4,0.005752,0.36,0.3,0.16,0.13,0,0,0.97,1.63,7.1,309276,0.523803980910255
"1442","MA1A","Non-Frozen","Non-storm","2019-29","5/4/2019 22:50","5/27/2019 21:50",18810,0.02774,2.68,460.1,0.005825,1.8,1.2,0.52,0.36,0,0,0.02,0.94,7.1,309276,0.729833546734955
"1443","MA1A","Non-Frozen","Non-storm","2019-30","5/27/2019 21:50","5/28/2019 21:30",3013,0.04979,0.87,10.67,0.08156,0.96,0.72,0.52,0.39,0,0,0.85,1.97,7.1,309276,0.116905288480192
"1444","MA1A","Non-Frozen","Non-storm","2019-31","5/28/2019 21:30","6/12/2019 23:35",14110,0.03672,1.13,283.8,0.003982,1.56,1.08,0.56,0.46,0,0,1.46,2.52,7.1,309276,0.547472160788422
"1445","MA1A","Non-Frozen","Storm","2019-32","6/12/2019 23:35","6/19/2019 6:00",10380,0.03389,1.89,145.7,0.01297,1.32,0.9,0.56,0.46,0.26,0.27,0.3,0.86,7.1,309276,0.402747060877663
"1446","MA1A","Non-Frozen","Non-storm","2019-33","6/19/2019 6:00","6/28/2019 8:45",6978,0.01642,0.84,87.92,0.009555,1.44,0.84,0.28,0.2,0,0,0.24,2.16,7.1,309276,0.270748457688278
"1447","MA1A","Non-Frozen","Storm","2019-34","6/28/2019 8:45","7/2/2019 6:30",6871,0.04457,1.57,93.83,0.01673,2.88,2.52,0.96,0.5,0.23,0.23,0.77,1.8,7.1,309276,0.266596826135879
"1448","MA1A","Non-Frozen","Non-storm","2019-35","7/2/2019 6:30","7/6/2019 15:10",8152,0.09208,1.36,72.83,0.01867,2.88,2.52,1,0.52,0.01,0.55,1.55,2.33,7.1,309276,0.316300003880029
"1449","MA1A","Non-Frozen","Non-storm","2019-36","7/6/2019 15:10","7/16/2019 13:45",3633,0.01374,0,NA,NA,NA,NA,NA,NA,0,0.36,1.91,3.45,7.1,309276,0.140961471307182
"1450","MA1A","Non-Frozen","Storm","2019-37","7/20/2019 4:10","7/26/2019 13:30",2672,0.01898,1.43,17.58,0.08133,2.04,1.86,1.52,0.93,0.02,0.31,0.31,0.31,7.1,309276,0.103674387925348
"1451","MA1A","Non-Frozen","Storm","2019-38","8/6/2019 2:20","8/6/2019 18:30",119.6,0.00905,1.15,8.417,0.1366,1.44,1.38,1.22,0.78,0,0.01,0.65,0.71,7.1,309276,0.00464051526791604
"1452","MA1A","Non-Frozen","Storm","2019-39","8/8/2019 1:15","8/13/2019 14:45",3328,0.07786,1.93,2.833,0.6812,3.6,3.48,2.78,1.86,0,1.15,1.8,1.86,7.1,309276,0.129127381368098
"1453","MA1A","Non-Frozen","Storm","2019-40","8/27/2019","8/28/2019 13:45",519.6,0.0194,1.43,31.83,0.04492,1.2,0.96,0.62,0.41,0.54,0.54,0.54,0.7,7.1,309276,0.0201606332208125
"1454","MA1A","Non-Frozen","Non-storm","2019-41","9/3/2019 14:15","9/3/2019 17:15",6.7,0.00233,0.66,6,0.11,1.68,0.96,0.38,0.27,0,0,0.29,2.25,7.1,309276,0.000259961975711015
"1455","MA1A","Non-Frozen","Storm","2019-42","9/10/2019 8:20","9/11/2019 14:45",1278,0.02745,1.18,32.83,0.03594,1.8,1.56,0.7,0.5,0,0.01,0.75,1.05,7.1,309276,0.0495867768595041
"1456","MA1A","Non-Frozen","Storm","2019-43","9/11/2019 14:45","9/14/2019 12:00",5886,0.04942,1.23,43.83,0.02806,1.68,1.2,0.52,0.32,0.01,1.15,1.24,2.18,7.1,309276,0.228378535676871
"1457","MA1A","Non-Frozen","Non-storm","2019-44","9/14/2019 12:00","9/22/2019 12:00",2748,0.01813,0.2,138.2,0.001448,1.44,0.72,0.24,0.12,0,0,2.38,3.13,7.1,309276,0.106623210336399
"1458","MA1A","Non-Frozen","Storm","2019-45","9/22/2019 12:00","9/24/2019 21:00",7165,0.07706,1.97,19.17,0.1028,2.28,1.86,1.3,1,0,0,0.13,2.52,7.1,309276,0.278004112831257
"1459","MA1A","Non-Frozen","Non-storm","2019-46","9/24/2019 21:00","9/27/2019 23:45",3137,0.0194,0.26,15.08,0.01724,0.48,0.36,0.16,0.08,0,0,1.97,2.11,7.1,309276,0.12171652504559
"1460","MA1A","Non-Frozen","Storm","2019-47","9/27/2019 23:45","10/1/2019 4:59",6488,0.03523,0.79,53.17,0.01486,1.8,1.08,0.56,0.34,0.22,0.22,2.19,2.32,7.1,309276,0.25173631319598
"1461","MA1A","Non-Frozen","Non-storm","2020-1","10/1/2019 5:00","10/1/2019 15:50",747,0.0236,0.14,4.917,0.02847,0.48,0.36,0.2,0.12,0,0.2,1.01,3.1,7.1,309276,0.0289838202770341
"1462","MA1A","Non-Frozen","Storm","2020-2","10/1/2019 15:50","10/2/2019 22:00",8322,0.1548,3.15,35.08,0.08979,5.16,3.84,1.62,0.96,0,0.2,1.01,3.1,7.1,309276,0.32289605401001
"1463","MA1A","Non-Frozen","Storm","2020-3","10/2/2019 22:00","10/3/2019 16:30",2933,0.0595,0.29,15.42,0.01881,0.36,0.3,0.16,0.08,2.52,3.12,4.13,6.22,7.1,309276,0.113801264889613
"1464","MA1A","Non-Frozen","Non-storm","2020-4","10/3/2019 16:30","10/5/2019 19:30",4691,0.0434,0.14,36.08,0.00388,0.72,0.72,0.48,0.24,0.07,0.71,4.42,6.39,7.1,309276,0.182012183292593
"1465","MA1A","Non-Frozen","Non-storm","2020-5","10/5/2019 19:30","10/11/2019 16:10",8752,0.0427,0.75,140.9,0.005322,2.16,1.56,0.76,0.42,0,0.02,3.81,6.41,7.1,309276,0.339580180809374
"1466","MA1A","Non-Frozen","Storm","2020-6","10/11/2019 16:10","10/12/2019",1353,0.082,0.91,10.58,0.08598,2.16,1.56,0.76,0.44,0.06,0.06,0.4,4.73,7.1,309276,0.0524967989756722
"1467","MA1A","Non-Frozen","Non-storm","2020-7","10/12/2019","10/21/2019 17:00",12430,0.0401,0.42,209.4,0.002006,1.2,0.84,0.52,0.3,0,0.97,0.99,5.12,7.1,309276,0.482287665386257
"1468","MA1A","Non-Frozen","Non-storm","2020-8","10/21/2019 17:00","11/6/2019 18:00",25380,0.0479,1.65,333,0.004955,1.2,0.84,0.52,0.32,0,0,0.08,1.23,7.1,309276,0.984751484111279
"1469","MA1A","Non-Frozen","Non-storm","2020-9","11/6/2019 18:00","11/17/2019 19:00",9840,0.0171,0.02,1.25,0.016,0.12,0.06,0.02,0.01,0,0,0.13,0.77,7.1,309276,0.381794901641253
"1470","MA1A","Non-Frozen","Non-storm","2020-10","11/17/2019 19:00","11/21/2019 10:00",4028,0.0196,0.21,83,0.00253,0.24,0.24,0.2,0.16,0,0,0,0.15,7.1,309276,0.156287587785667
"1471","MA1A","Non-Frozen","Storm","2020-11","11/21/2019 10:00","11/30/2019 12:00",16420,0.0695,1.73,154.8,0.01117,0.6,0.42,0.28,0.25,0,0,0.04,0.06,7.1,309276,0.637100841966399
"1472","MA1A","Non-Frozen","Non-storm","2020-12","11/30/2019 12:00","12/22/2019 19:00",25270,0.0528,0.61,223.1,0.002734,0.6,0.48,0.42,0.27,0,0,0.87,1.77,7.1,309276,0.980483451674233
"1473","MA1A","Non-Frozen","Non-storm","2020-13","12/22/2019 19:00","12/29/2019 9:00",6062,0.0171,0.38,11.92,0.03189,1.2,0.84,0.48,0.32,0,0,0,0,7.1,309276,0.235207387576146
"1474","MA1A","Non-Frozen","Storm","2020-14","12/29/2019 9:00","12/31/2019 9:00",6468,0.0627,1.14,33.17,0.03437,1.2,0.84,0.48,0.32,0.05,0.05,0.05,0.05,7.1,309276,0.250960307298335
"1475","MA1A","Non-Frozen","Non-storm","2020-15","12/31/2019 9:00","1/14/2020 18:00",16880,0.0375,0.19,183.6,0.001035,0.24,0.18,0.14,0.11,0,0,1.19,1.19,7.1,309276,0.65494897761223
"1476","MA1A","Frozen","Non-storm","2020-16","1/14/2020 18:00","1/29/2020 12:00",4781,0.0103,0.18,90.25,0.001994,0.12,0.06,0.06,0.05,0,0,0,0.07,7.1,309276,0.185504209831995
"1477","MA1A","Frozen","Non-storm","2020-17","1/29/2020 12:00","2/10/2020 2:00",4521,0.0083,0,NA,NA,NA,NA,NA,NA,0,0,0.18,0.18,7.1,309276,0.175416133162612
"1478","MA1A","Frozen","Non-storm","2020-18","2/10/2020 2:00","2/29/2020 15:00",2297,0.0042,0,NA,NA,NA,NA,NA,NA,0,0,0,0,7.1,309276,0.0891242773445078
"1479","MA1A","Frozen","Storm","2020-19","2/29/2020 15:00","3/8/2020 12:00",8608,0.0352,0.05,55.42,0.0009023,0.12,0.06,0.04,0.02,0,0,0,0,7.1,309276,0.333992938346331
"1480","MA1A","Non-Frozen","Storm","2020-20","3/8/2020 12:00","3/10/2020 17:00",7860,0.0783,0.58,11.33,0.05118,0.12,0.12,0.12,0.1,0,0,0.05,0.05,7.1,309276,0.304970317774415
"1481","MA1A","Non-Frozen","Storm","2020-21","3/10/2020 17:00","3/13/2020 14:00",9193,0.052,0.16,8.583,0.01864,0.12,0.12,0.1,0.07,0,0,0.62,0.63,7.1,309276,0.356691110852442
"1482","MA1A","Non-Frozen","Non-storm","2020-22","3/13/2020 14:00","3/15/2020 21:00",3953,0.0324,0,NA,NA,NA,NA,NA,NA,0.16,0.16,0.74,0.79,7.1,309276,0.153377565669499
"1483","MA1A","Non-Frozen","Non-storm","2020-23","3/15/2020 21:00","3/19/2020 20:00",4426,0.0275,0.26,1.083,0.24,1.2,0.84,0.52,0.48,0,0,0.08,0.77,7.1,309276,0.171730105148799
"1484","MA1A","Non-Frozen","Storm","2020-24","3/19/2020 20:00","3/21/2020 16:00",8325,0.1287,1.71,14.83,0.1153,1.2,0.84,0.56,0.49,0,0,0.08,0.77,7.1,309276,0.323012454894657
"1485","MA1A","Non-Frozen","Non-storm","2020-25","3/21/2020 16:00","3/28/2020 6:10",8347,0.0468,0.25,56.58,0.004418,0.24,0.24,0.2,0.14,0,0,1.71,1.87,7.1,309276,0.323866061382067
"1486","MA1A","Non-Frozen","Storm","2020-26","3/28/2020 6:10","3/29/2020 23:00",5157,0.055,0.87,42.5,0.02047,0.6,0.42,0.3,0.25,0,0.04,0.12,1.83,7.1,309276,0.200093120707717
"1487","MA1A","Non-Frozen","Non-storm","2020-27","3/29/2020 23:00","4/3/2020 11:00",7354,0.0378,0.05,6.333,0.007895,0.24,0.12,0.04,0.04,0.35,0.85,0.97,2.68,7.1,309276,0.285337368564001
"1488","MA1A","Non-Frozen","Non-storm","2020-28","4/3/2020 11:00","4/22/2020 17:00",8875,0.0139,0.65,437.2,0.001487,0.6,0.42,0.26,0.15,0,0,0.77,1.02,7.1,309276,0.34435261707989
"1489","MA1A","Non-Frozen","Non-storm","2020-29","4/22/2020 17:00","4/29/2020 21:00",1552,0.0055,0.65,55.25,0.01176,0.48,0.3,0.18,0.14,0,0,0.16,0.17,7.1,309276,0.0602180576572382
"1490","MA1A","Non-Frozen","Storm","2020-30","4/29/2020 21:00","5/3/2020 1:00",5074,0.0479,1.01,18.67,0.05411,0.24,0.24,0.2,0.18,0.31,0.42,0.59,0.76,7.1,309276,0.196872696232491
"1491","MA1A","Non-Frozen","Non-storm","2020-31","5/3/2020 1:00","5/17/2020 15:30",5863,0.0145,0.49,80.33,0.0061,0.48,0.48,0.36,0.3,0,0,0,0.6,7.1,309276,0.22748612889458
"1492","MA1A","Non-Frozen","Storm","2020-32","5/17/2020 15:30","5/19/2020 15:00",11930,0.1148,3.44,49.92,0.06891,0.48,0.48,0.38,0.36,0,0,0.05,0.05,7.1,309276,0.462887517945136
"1493","MA1A","Non-Frozen","Non-storm","2020-33","5/19/2020 15:00","5/21/2020 13:00",4457,0.0505,0,NA,NA,NA,NA,NA,NA,0.4,3.07,3.49,3.49,7.1,309276,0.172932914290149
"1494","MA1A","Non-Frozen","Non-storm","2020-34","5/21/2020 13:00","5/28/2020 16:10",6021,0.0201,0.37,109.3,0.003384,2.88,1.68,0.56,0.28,0,0,3.44,3.49,7.1,309276,0.233616575485974
"1495","MA1A","Non-Frozen","Storm","2020-35","5/28/2020 16:10","5/29/2020 20:00",3590,0.0745,1.43,16.25,0.088,2.88,2.22,1.66,1.07,0.03,0.03,0.15,3.59,7.1,309276,0.139293058627246
"1496","MA1A","Non-Frozen","Non-storm","2020-36","5/29/2020 20:00","6/10/2020 19:50",11940,0.0301,1.65,202,0.008168,2.04,1.86,1.18,0.68,0,0,1.46,1.88,7.1,309276,0.463275520893959
"1497","MA1A","Non-Frozen","Non-storm","2020-37","6/10/2020 19:50","6/23/2020 17:00",12390,0.0695,3.29,302.9,0.01086,1.56,1.32,0.94,0.62,0.63,0.63,0.77,3.11,7.1,309276,0.480735653590967
"1498","MA1A","Non-Frozen","Storm","2020-38","6/23/2020 17:00","6/24/2020 21:00",2397,0.0352,0.14,4.333,0.03231,1.32,0.72,0.24,0.12,1.6,1.62,2.36,3.92,7.1,309276,0.0930043068327319
"1499","MA1A","Non-Frozen","Non-storm","2020-39","6/24/2020 21:00","7/10/2020 10:05",8554,0.0442,3.36,370.8,0.009061,4.56,4.44,2.16,1.36,0.01,1.74,2.5,2.8,7.1,309276,0.33189772242269
"1500","MA1A","Non-Frozen","Storm","2020-40","7/10/2020 10:05","7/12/2020 6:00",4984,0.0977,3.37,10.92,0.3087,4.92,4.5,3.06,1.76,0.8,0.8,1.65,1.98,7.1,309276,0.19338066969309
"1501","MA1A","Non-Frozen","Non-storm","2020-41","7/12/2020 6:00","7/26/2020 11:00",8758,0.0378,1.43,174.7,0.008187,2.28,1.5,0.68,0.37,0,0,4.17,5.02,7.1,309276,0.339812982578668
"1502","MA1A","Non-Frozen","Non-storm","2020-42","7/26/2020 11:00","8/12/2020 16:30",10750,0.0386,3.89,362.1,0.01074,3.12,2.7,1.86,1.39,0,0,0.02,1.43,7.1,309276,0.417103169984092
"1503","MT1","Non-Frozen","Storm","2022-1","11/11/2021 13:46","11/11/2021 21:59",1332,0.1575,0.7,10.53,0.06646,0.6,0.48,0.3,0.23,0.6,0.6,0.6,0.79,7.7,335412,0.0476548245143286
"1504","MT1","Frozen","Storm","2022-2","12/15/2021 22:15","12/17/2021 9:40",18440,3.611,0.26,8.033,0.03237,1.44,0.96,0.42,0.22,0,0,0,0,7.7,335412,0.659725948982147
"1505","MT1","Frozen","Storm","2022-3","3/5/2022 11:47","3/7/2022 13:02",29980,1.122,1.36,17.68,0.07691,1.44,1.32,0.8,0.52,0,0,0,0,7.7,335412,1.0725913205252
"1506","MT1","Frozen","Storm","2022-4","3/8/2022 14:05","3/8/2022 20:18",185.8,0.0303,0,NA,NA,NA,NA,NA,NA,0,0,1.36,1.36,7.7,335412,0.00664734714321491
"1507","MT1","Frozen","Storm","2022-5","3/15/2022 17:45","3/15/2022 23:15",51.8,0.0047,0,NA,NA,NA,NA,NA,NA,0.03,0.03,0.03,1.39,7.7,335412,0.00185324317555723
"1508","MT1","Frozen","Storm","2022-6","3/16/2022 15:55","3/26/2022 11:45",112100,2.115,1.49,103.4,0.0144,0.48,0.36,0.26,0.24,0,0,0.03,0.03,7.7,335412,4.01058996100318
"1509","MT1","Frozen","Storm","2022-7","3/27/2022 16:45","3/28/2022",11.6,0.0064,0,NA,NA,NA,NA,NA,NA,0,0.01,1.49,1.52,7.7,335412,0.000415011985259919
"1510","MT1","Frozen","Storm","2022-8","3/28/2022 17:00","3/29/2022 2:15",116.5,0.0066,0,NA,NA,NA,NA,NA,NA,0,0,1.48,1.52,7.7,335412,0.00416800830023971
"1511","MT1","Frozen","Storm","2022-9","3/30/2022 8:15","4/1/2022 0:15",6814,0.3024,0.11,9.767,0.01126,0.12,0.06,0.04,0.03,0.02,0.02,0.21,1.51,7.7,335412,0.243783764444922
"1512","MT1","Frozen","Storm","2022-10","4/1/2022 16:15","4/9/2022 9:30",48990,0.8633,0.94,128,0.007347,0.36,0.3,0.16,0.1,0,0,0.13,1.62,7.7,335412,1.75271009981754
"1513","MT1","Frozen","Storm","2022-11","4/9/2022 15:15","4/10/2022 11:00",487.2,0.0143,0,NA,NA,NA,NA,NA,NA,0,0.2,0.9,1.07,7.7,335412,0.0174305033809166
"1514","MT1","Frozen","Storm","2022-12","4/10/2022 13:30","4/14/2022 9:17",32560,4.276,1.53,28.75,0.05322,1.68,1.5,0.66,0.49,0,0,0.7,1.07,7.7,335412,1.16489571035026
"1515","MT1","Frozen","Storm","2022-13","4/14/2022 18:30","4/15/2022 2:00",3.7,0.0014,0,NA,NA,NA,NA,NA,NA,0.25,1.53,1.72,2.47,7.7,335412,0.000132374512539802
"1516","MT1","Frozen","Storm","2022-14","4/15/2022 17:45","4/16/2022 3:30",15.3,0.0023,0,NA,NA,NA,NA,NA,NA,0,0.25,1.53,2.47,7.7,335412,0.000547386497799721
"1517","MT1","Non-Frozen","Storm","2022-15","4/20/2022 4:30","4/20/2022 19:00",314.7,0.0111,0,NA,NA,NA,NA,NA,NA,0,0.06,1.26,2.08,7.7,335412,0.0112589889449394
"1518","MT1","Non-Frozen","Storm","2022-16","4/20/2022 21:13","4/21/2022 20:00",3912,0.5137,0.57,6.3,0.09048,0.36,0.36,0.26,0.2,0,0.01,0.29,1.84,7.7,335412,0.13995921433938
"1519","MT1","Non-Frozen","Storm","2022-17","4/23/2022 3:00","4/23/2022 16:45",353.2,0.0111,0.02,0.8833,0.02264,0.12,0.06,0.02,0.02,0.02,0.05,0.65,2.18,7.7,335412,0.0126363994132589
"1520","MT1","Non-Frozen","Storm","2022-18","4/24/2022 2:00","4/24/2022 13:45",1998,0.3666,0.38,3.417,0.1112,0.84,0.6,0.3,0.17,0.02,0.04,0.67,2.2,7.7,335412,0.071482236771493
"1521","MT1","Non-Frozen","Storm","2022-19","4/30/2022 23:40","5/2/2022 12:45",3217,0.0733,0.56,32.98,0.01698,0.48,0.42,0.28,0.18,0.29,0.29,0.68,1.35,7.7,335412,0.115094272119066
"1522","MT1","Non-Frozen","Storm","2022-20","5/19/2022 22:56","5/20/2022 21:10",1172,0.0688,0.97,19.28,0.0503,4.32,2.16,0.78,0.44,0.66,0.7,0.72,1.33,7.7,335412,0.0419305212693642
"1523","MT1","Non-Frozen","Storm","2022-21","5/26/2022 10:23","5/26/2022 16:07",258.8,0.0228,0.26,7.133,0.03645,0.48,0.3,0.2,0.16,0.56,0.56,1.53,2.51,7.7,335412,0.00925906049872992
"1524","MT1","Non-Frozen","Storm","2022-22","6/15/2022 22:06","6/15/2022 22:33",21,0.0179,0.56,1.367,0.4098,1.44,1.38,0.9,0.54,0.04,0.04,0.74,1.24,7.7,335412,0.000751314800901578
"1525","MT1","Non-Frozen","Storm","2022-23","7/13/2022 1:08","7/13/2022 1:54",44.9,0.0247,0.51,0.4667,1.093,3.6,2.34,1.02,0.51,0.34,0.61,1.98,2.55,7.7,335412,0.00160638259811814
"1526","MT1","Non-Frozen","Storm","2022-24","7/15/2022 12:05","7/15/2022 14:23",146.6,0.0361,0.87,3.983,0.2184,2.64,2.04,0.92,0.48,0,0,1.28,2.93,7.7,335412,0.00524489284819863
"1527","MT1","Non-Frozen","Storm","2022-25","8/3/2022 6:19","8/3/2022 15:23",17700,8.399,3.89,7.35,0.5293,5.28,4.2,1.96,1.27,0,0.01,0.04,0.51,7.7,335412,0.633251046474187
"1528","MT1","Non-Frozen","Storm","2022-26","8/7/2022 0:24","8/8/2022 17:34",25310,6.62,2.6,32.2,0.08075,3.72,3.12,1.96,1.05,0,0,3.93,3.94,7.7,335412,0.905513219562806
"1529","MT1","Non-Frozen","Storm","2022-27","8/25/2022 9:54","8/25/2022 10:53",28.7,0.0143,0.41,1.6,0.2562,0.84,0.78,0.54,0.37,0.6,0.6,0.92,1.03,7.7,335412,0.00102679689456549
"1530","MT1","Non-Frozen","Storm","2022-28","8/28/2022 9:15","8/28/2022 20:44",310.1,0.0277,0.47,12.65,0.03715,0.6,0.54,0.34,0.21,0.34,0.34,1.35,1.67,7.7,335412,0.0110944152266466
"1531","MT2","Non-Frozen","Storm","2022-1","11/11/2021 15:30","11/11/2021 19:15",78.7,0.0211,0.69,7.733,0.08922,0.6,0.48,0.3,0.23,0.6,0.6,0.6,0.79,5.6,243936,0.00387150728059819
"1532","MT2","Frozen","Storm","2022-2","12/16/2021 0:31","12/16/2021 13:00",2024,0.2293,0.26,8.033,0.03237,1.44,0.96,0.42,0.22,0,0,0,0,5.6,243936,0.0995670995670996
"1533","MT2","Frozen","Storm","2022-3","12/24/2021 17:30","12/25/2021 13:43",487.7,0.028,0.13,9.017,0.01442,0.24,0.18,0.1,0.09,0,0,0,0.26,5.6,243936,0.023991538764266
"1534","MT2","Frozen","Storm","2022-4","3/5/2022 17:43","3/7/2022 5:11",35830,1.804,1.36,17.68,0.07691,1.44,1.32,0.8,0.52,0,0,0,0,5.6,243936,1.76259346713892
"1535","MT2","Frozen","Storm","2022-5","3/15/2022 17:30","3/16/2022 2:15",5.5,4e-04,0,NA,NA,NA,NA,NA,NA,0.03,0.03,0.03,1.39,5.6,243936,0.000270562770562771
"1536","MT2","Frozen","Storm","2022-6","3/16/2022 15:45","3/20/2022 1:34",23160,0.9688,0,NA,NA,NA,NA,NA,NA,0,0.03,0.03,1.39,5.6,243936,1.13931523022432
"1537","MT2","Frozen","Storm","2022-7","3/20/2022 14:00","3/21/2022 1:30",78.5,0.0044,0,NA,NA,NA,NA,NA,NA,0,0,0.03,0.03,5.6,243936,0.00386166863439591
"1538","MT2","Frozen","Storm","2022-8","3/21/2022 10:30","3/25/2022 5:11",17350,0.5244,1.44,76.32,0.01887,0.48,0.36,0.26,0.24,0,0,0.03,0.03,5.6,243936,0.853502558048013
"1539","MT2","Frozen","Storm","2022-9","3/25/2022 16:00","3/26/2022 3:30",565.2,0.0293,0.05,4.883,0.01024,0.12,0.12,0.06,0.03,0.02,0.14,1.44,1.47,5.6,243936,0.0278040141676505
"1540","MT2","Frozen","Storm","2022-10","3/30/2022 12:00","3/31/2022 8:30",8299,0.3599,0.11,9.767,0.01126,0.12,0.06,0.04,0.03,0.02,0.02,0.21,1.51,5.6,243936,0.408254624163715
"1541","MT2","Frozen","Storm","2022-11","3/31/2022 15:45","3/31/2022 23:15",6.8,8e-04,0,NA,NA,NA,NA,NA,NA,0.11,0.13,0.2,1.62,5.6,243936,0.000334513970877607
"1542","MT2","Frozen","Storm","2022-12","4/1/2022 15:15","4/2/2022 0:45",9.9,0.0012,0,NA,NA,NA,NA,NA,NA,0,0.11,0.15,1.62,5.6,243936,0.000487012987012987
"1543","MT2","Frozen","Storm","2022-13","4/2/2022 16:00","4/3/2022 3:00",20.5,0.0013,0.19,12.75,0.0149,0.36,0.3,0.16,0.1,0,0,0.13,1.62,5.6,243936,0.00100846123573396
"1544","MT2","Frozen","Storm","2022-14","4/3/2022 13:15","4/8/2022 13:00",13000,0.2424,0.75,91.15,0.008228,0.36,0.24,0.14,0.1,0,0.19,0.32,1.81,5.6,243936,0.639512003148367
"1545","MT2","Frozen","Storm","2022-15","4/9/2022 15:00","4/10/2022 4:45",71,0.0024,0,NA,NA,NA,NA,NA,NA,0,0.2,0.91,1.07,5.6,243936,0.00349271940181031
"1546","MT2","Frozen","Storm","2022-16","4/10/2022 13:30","4/11/2022 15:45",5.3,1e-04,0,NA,NA,NA,NA,NA,NA,0,0,0.75,1.07,5.6,243936,0.000260724124360488
"1547","MT2","Frozen","Storm","2022-17","4/13/2022 2:30","4/14/2022 8:03",10190,0.677,1.41,22.43,0.06285,1.68,1.5,0.66,0.49,0.12,0.12,0.63,1.18,5.6,243936,0.501279024006297
"1548","MT2","Non-Frozen","Storm","2022-18","4/21/2022 0:34","4/21/2022 23:00",406.2,0.0268,0.57,6.3,0.09048,0.36,0.36,0.26,0.2,0,0.01,0.29,1.84,5.6,243936,0.0199822904368359
"1549","MT2","Non-Frozen","Storm","2022-19","4/23/2022 7:15","4/25/2022 2:00",3046,0.4388,0.38,3.417,0.1112,0.84,0.6,0.3,0.17,0.02,0.04,0.67,2.2,5.6,243936,0.149842581660764
"1550","MT2","Non-Frozen","Storm","2022-20","5/1/2022 1:45","5/3/2022 21:30",1808,0.0435,0.56,32.98,0.01698,0.48,0.42,0.28,0.18,0.29,0.29,0.68,1.35,5.6,243936,0.0889413616686344
"1551","MT2","Non-Frozen","Storm","2022-21","8/3/2022 8:14","8/3/2022 10:45",977.7,0.5536,3.82,6.15,0.6211,5.28,4.2,1.96,1.27,0,0.01,0.04,0.51,5.6,243936,0.0480962219598583
"1552","MT2","Non-Frozen","Storm","2022-22","8/7/2022 0:45","8/7/2022 8:45",992.4,0.1975,1.14,2.133,0.5344,3.72,3.12,1.96,1.05,0,0,3.93,3.94,5.6,243936,0.0488193624557261
"1553","MT2","Non-Frozen","Storm","2022-23","9/20/2022 12:15","9/20/2022 14:30",15.8,0.0075,0.4,3.183,0.1257,0.48,0.42,0.36,0.27,0,0,0.02,0.58,5.6,243936,0.000777253049980323
"1554","MT2","Non-Frozen","Storm","2023-1","11/5/2022 18:30","11/6/2022 4:30",24.9,0.0039,1.61,17.95,0.08969,0.48,0.42,0.34,0.29,0.08,0.08,0.08,0.83,5.6,243936,0.00122491145218418
"1555","MT2","Frozen","Storm","2023-2","2/14/2023 23:33","2/16/2023 7:45",12270,0.3076,0.95,19.68,0.04826,0.24,0.18,0.16,0.14,0,0,0.01,0.01,5.6,243936,0.603600944510035
"1556","MT2","Frozen","Storm","2023-3","3/15/2023 19:00","3/17/2023 4:43",312.9,0.0088,0.23,8.567,0.02685,0.12,0.12,0.08,0.07,0,0,0,0,5.6,243936,0.0153925619834711
"1557","MT2","Frozen","Storm","2023-4","3/20/2023 16:47","3/21/2023 2:58",580.7,0.0228,0,NA,NA,NA,NA,NA,NA,0,0,0.23,0.23,5.6,243936,0.0285665092483274
"1558","MT2","Frozen","Storm","2023-5","3/23/2023 14:41","3/23/2023 22:56",90.5,0.0037,0,NA,NA,NA,NA,NA,NA,0,0,0.23,0.23,5.6,243936,0.00445198740653286
"1559","MT2","Frozen","Storm","2023-6","3/24/2023 15:10","3/24/2023 23:41",118.4,0.0053,0,NA,NA,NA,NA,NA,NA,0,0,0,0.23,5.6,243936,0.00582447855175128
"1560","MT2","Frozen","Storm","2023-7","3/25/2023 14:00","3/25/2023 22:18",280.8,0.0108,0,NA,NA,NA,NA,NA,NA,0,0,0,0.23,5.6,243936,0.0138134592680047
"1561","MT2","Frozen","Storm","2023-8","3/26/2023 18:00","3/27/2023 1:00",274.8,0.0131,0,NA,NA,NA,NA,NA,NA,0,0,0,0.23,5.6,243936,0.0135182998819362
"1562","MT2","Frozen","Storm","2023-9","3/27/2023 14:51","3/27/2023 23:28",389.8,0.0154,0,NA,NA,NA,NA,NA,NA,0,0,0,0.23,5.6,243936,0.0191755214482487
"1563","MT2","Frozen","Storm","2023-10","3/30/2023 18:00","4/2/2023 2:36",13660,0.6995,1.74,19.87,0.08758,0.6,0.6,0.54,0.49,0,0,0,0,5.6,243936,0.671979535615899
"1564","MT2","Frozen","Storm","2023-11","4/2/2023 15:50","4/13/2023 17:30",59140,0.6147,0.46,82.25,0.005593,0.84,0.72,0.44,0.27,0,0,1.74,1.74,5.6,243936,2.90928768201496
"1565","MT2","Non-Frozen","Storm","2023-12","4/16/2023 8:45","4/17/2023 5:53",8568,0.483,0.89,15.58,0.05711,0.84,0.6,0.42,0.3,0.15,0.15,0.15,0.61,5.6,243936,0.421487603305785
"1566","MT2","Non-Frozen","Storm","2023-13","4/17/2023 14:59","4/23/2023 23:00",18940,0.346,0.88,35.28,0.02494,0.84,0.54,0.3,0.19,0,0,1.04,1.13,5.6,243936,0.931719795356159
"1567","MT2","Non-Frozen","Storm","2023-14","4/30/2023 14:30","5/2/2023 2:15",1094,0.0264,0.06,8.983,0.006679,0.12,0.06,0.02,0.01,0.02,0.28,0.33,1.32,5.6,243936,0.0538173947264856
"1568","MT2","Non-Frozen","Storm","2023-15","5/6/2023 5:45","5/9/2023 23:45",5789,0.4142,0.87,67.37,0.01291,1.08,0.66,0.52,0.35,0.23,0.23,0.57,0.62,5.6,243936,0.284779614325069
"1569","P1","Non-Frozen","Storm","2004-1","11/23/2003 13:15","11/23/2003 15:10",569.6,0.2194,1.686,11.72,0.1439,1.212,1.044,0.636,0.432,0,0,0,0,20.5,892980,0.00765437075858362
"1570","P1","Frozen","Storm","2004-2","1/2/2004 23:52","1/3/2004 4:25",5201,0.9402,0.423,2.6,0.1627,0.756,0.594,0.378,0.279,0,0,0.252,0.252,20.5,892980,0.069891822885171
"1571","P1","Frozen","Storm","2004-3","2/29/2004 21:00","3/1/2004 1:00",65.4,0.00722,0,NA,NA,NA,NA,NA,NA,0,0,0.108,0.567,20.5,892980,0.000878855069542431
"1572","P1","Frozen","Storm","2004-4","3/1/2004 15:00","3/3/2004 10:00",82510,1.594,0.378,15.4,0.02455,0.324,0.324,0.162,0.099,0,0,0.081,0.567,20.5,892980,1.10878183161997
"1573","P1","Frozen","Storm","2004-5","3/3/2004 21:00","3/4/2004 1:00",125.4,0.01958,0,NA,NA,NA,NA,NA,NA,0,0.144,0.378,0.945,20.5,892980,0.00168514412416851
"1574","P1","Frozen","Storm","2004-6","3/4/2004 19:57","3/4/2004 23:40",563.7,0.08781,0,NA,NA,NA,NA,NA,NA,0.009,0.009,0.387,0.954,20.5,892980,0.00757508566821206
"1575","P1","Frozen","Storm","2004-7","3/5/2004 11:11","3/6/2004 1:00",65590,3.509,1.269,8.15,0.1557,0.972,0.756,0.594,0.441,0.009,0.009,0.387,0.9,20.5,892980,0.881408318215414
"1576","P1","Frozen","Storm","2004-8","3/7/2004 14:00","3/8/2004",3906,0.2444,0.027,6.733,0.00401,0.108,0.054,0.018,0.009,0.216,0.387,1.872,1.98,20.5,892980,0.052489417456158
"1577","P1","Frozen","Storm","2004-9","3/14/2004 17:21","3/14/2004 18:32",64.7,0.02878,0,NA,NA,NA,NA,NA,NA,0.225,0.225,0.324,2.214,20.5,892980,0.000869448363905127
"1578","P1","Non-Frozen","Storm","2004-10","3/29/2004 1:00","3/29/2004 2:47",55.3,0.02188,0.805,4.483,0.1796,0.54,0.486,0.4,0.31,0,0,0.261,0.441,20.5,892980,0.00074312974534704
"1579","P1","Non-Frozen","Storm","2004-11","5/8/2004 22:00","5/9/2004 3:08",12600,2.02,1.401,4.133,0.339,4.452,3.732,2.114,1.202,0.983,0.983,1.091,1.721,20.5,892980,0.169320701471478
"1580","P1","Non-Frozen","Storm","2004-12","5/13/2004 1:00","5/13/2004 2:15",59.2,0.03892,0.514,1.1,0.4673,3.288,2.208,0.938,0.496,0,0,2.537,2.636,20.5,892980,0.000795538533897736
"1581","P1","Non-Frozen","Storm","2004-13","5/13/2004 22:40","5/13/2004 23:38",88.3,0.0711,0.29,1.25,0.232,1.092,0.762,0.436,0.272,0.568,0.568,3.006,3.204,20.5,892980,0.00118658872539139
"1582","P1","Non-Frozen","Storm","2004-14","5/14/2004 16:00","5/14/2004 19:00",41.8,0.00722,0.288,6.683,0.04309,0.108,0.108,0.072,0.072,0.299,0.867,3.305,3.503,20.5,892980,0.000561714708056171
"1583","P1","Non-Frozen","Storm","2004-15","5/20/2004 6:48","5/20/2004 7:40",48.6,0.04355,0.809,1.867,0.4334,2.52,1.938,0.826,0.503,0,0.009,0.704,3.764,20.5,892980,0.000653094134247128
"1584","P1","Non-Frozen","Storm","2004-16","5/21/2004 22:40","5/21/2004 23:52",28.9,0.01114,0.252,2.4,0.105,0.324,0.216,0.18,0.144,0.189,1.07,1.142,4.735,20.5,892980,0.000388362561311563
"1585","P1","Non-Frozen","Storm","2004-17","5/22/2004 6:46","5/22/2004 7:42",10.7,0.00778,0.117,2.183,0.05359,0.216,0.216,0.144,0.099,0.441,1.322,1.394,4.987,20.5,892980,0.000143788214741652
"1586","P1","Non-Frozen","Storm","2004-18","5/23/2004 10:56","5/23/2004 17:56",33790,4.118,1.074,7.117,0.1509,1.8,1.26,0.62,0.55,0.099,0.657,1.61,2.819,20.5,892980,0.454075119263589
"1587","P1","Non-Frozen","Storm","2004-19","5/23/2004 22:25","5/24/2004 8:26",81640,17.28,1.46,8.85,0.165,3.72,3.42,1.9,1.04,1.074,1.443,2.684,3.884,20.5,892980,1.09709064032789
"1588","P1","Non-Frozen","Storm","2004-20","5/31/2004 13:06","6/1/2004 0:15",33140,3.772,1.11,7.667,0.1448,1.68,0.96,0.5,0.41,0.42,0.46,0.6,4.744,20.5,892980,0.445340321171807
"1589","P1","Non-Frozen","Storm","2004-21","6/9/2004 7:02","6/9/2004 11:11",43030,8.014,2.24,2.2,1.018,6.96,6.24,4.28,2.16,0,0,0.01,1.75,20.5,892980,0.578243633676006
"1590","P1","Non-Frozen","Storm","2004-22","6/11/2004 8:00","6/11/2004 14:55",2760,0.3104,0.53,8.45,0.06272,0.24,0.24,0.18,0.14,0.13,2.61,2.62,4.22,20.5,892980,0.0370892965127998
"1591","P1","Non-Frozen","Storm","2004-23","6/12/2004 9:31","6/12/2004 10:48",162.7,0.06092,0.2,3.433,0.05825,0.36,0.3,0.2,0.12,0.53,0.66,3.18,4.78,20.5,892980,0.00218638715312773
"1592","P1","Non-Frozen","Storm","2004-24","6/13/2004 19:00","6/13/2004 20:00",304.2,0.1884,0.24,3.1,0.07742,0.96,0.72,0.32,0.17,0,0.21,3.37,4.94,20.5,892980,0.00408788550695424
"1593","P1","Non-Frozen","Storm","2004-25","6/17/2004 5:21","6/17/2004 8:38",5898,1.079,0.92,2.633,0.3494,4.56,3.12,1.38,0.84,0,0,1.28,3.69,20.5,892980,0.079258214069744
"1594","P1","Frozen","Storm","2005-1","12/31/2004 1:56","12/31/2004 8:00",6520,0.8432,0.09,1.717,0.05243,0.24,0.18,0.1,0.06,0.2,0.2,0.2,0.2,20.5,892980,0.0876167439360344
"1595","P1","Frozen","Storm","2005-2","1/2/2005 8:42","1/2/2005 13:00",5804,1.578,0.39,4.1,0.09512,1.44,1.08,0.54,0.31,0,0,0.29,0.29,20.5,892980,0.0779950278841631
"1596","P1","Frozen","Storm","2005-3","1/2/2005 18:40","1/2/2005 22:03",1256,0.2025,0.01,NA,NA,NA,NA,NA,NA,0.39,0.39,0.68,0.68,20.5,892980,0.016878317543506
"1597","P1","Frozen","Storm","2005-4","1/12/2005 22:55","1/13/2005 9:00",9886,0.5552,0.04,3.533,0.01132,0.12,0.06,0.04,0.02,0.21,0.22,0.22,0.91,20.5,892980,0.132849559900558
"1598","P1","Frozen","Storm","2005-5","2/6/2005 20:50","2/8/2005 5:23",40480,0.8779,0.333,20.67,0.01611,0.216,0.162,0.108,0.081,0,0,0,0,20.5,892980,0.543976348854398
"1599","P1","Frozen","Storm","2005-6","3/7/2005 10:00","3/7/2005 17:34",2426,0.1475,0,NA,NA,NA,NA,NA,NA,0,0,0,0,20.5,892980,0.0326009541087146
"1600","P1","Frozen","Storm","2005-7","3/27/2005 19:20","3/28/2005 6:00",21860,1.795,0,NA,NA,NA,NA,NA,NA,0,0,0,0,20.5,892980,0.293757978902103
"1601","P1","Frozen","Storm","2005-8","3/28/2005 17:19","3/29/2005 2:20",45720,3.252,0,NA,NA,NA,NA,NA,NA,0,0,0,0,20.5,892980,0.614392259625076
"1602","P1","Frozen","Storm","2005-9","3/29/2005 15:45","3/30/2005 0:11",29160,2.16,0,NA,NA,NA,NA,NA,NA,0,0,0,0,20.5,892980,0.391856480548277
"1603","P1","Frozen","Storm","2005-10","3/30/2005 15:26","3/30/2005 17:22",311.8,0.07726,0,NA,NA,NA,NA,NA,NA,0,0,0,0,20.5,892980,0.00419001545387355
"1604","P1","Frozen","Storm","2005-11","3/31/2005 0:39","3/31/2005 2:30",171.6,0.0465,0.272,1.567,0.1736,1.104,0.768,0.436,0.254,0,0,0,0,20.5,892980,0.0023059866962306
"1605","P1","Non-Frozen","Storm","2005-12","8/19/2005 3:00","8/19/2005 4:17",1090,0.5596,4.591,3.367,1.364,7.044,6.678,5.188,4.029,0,0,0.234,0.766,20.5,892980,0.0146475844923738
"1606","P1","Frozen","Storm","2006-1","11/28/2005 14:26","11/28/2005 17:35",423.4,0.05481,0.342,3.933,0.08695,0.432,0.378,0.234,0.135,0.684,0.693,0.774,1.638,20.5,892980,0.00568971309547806
"1607","P1","Frozen","Storm","2006-2","11/28/2005 20:02","11/28/2005 21:07",123.7,0.04713,0.099,0.6,0.165,0.432,0.27,0.162,0.099,0.486,1.035,1.116,1.98,20.5,892980,0.00166229926762078
"1608","P1","Frozen","Storm","2006-3","1/29/2006 12:31","1/29/2006 16:15",364.7,0.03448,1.314,21.02,0.06252,0.324,0.27,0.216,0.162,0,0,0,0,20.5,892980,0.00490089363703554
"1609","P1","Frozen","Storm","2006-4","3/9/2006 17:00","3/9/2006 23:00",631.9,0.03612,0.036,6.083,0.005918,0.108,0.054,0.036,0.018,0.117,0.198,0.477,0.486,20.5,892980,0.0084915675603037
"1610","P1","Frozen","Storm","2006-5","3/10/2006 16:15","3/11/2006 0:41",10440,0.9991,0,NA,NA,NA,NA,NA,NA,0.027,0.171,0.513,0.54,20.5,892980,0.140294295504939
"1611","P1","Frozen","Storm","2006-6","3/11/2006 16:15","3/11/2006 22:45",3589,0.5032,0,NA,NA,NA,NA,NA,NA,0,0.027,0.513,0.54,20.5,892980,0.0482295236175502
"1612","P1","Frozen","Storm","2006-7","3/12/2006 3:47","3/12/2006 8:26",6456,1.526,0.334,0.7167,0.466,1.2,1.032,0.596,0.334,0,0.009,0.495,0.54,20.5,892980,0.0867567022777666
"1613","P1","Frozen","Storm","2006-8","3/13/2006 6:15","3/13/2006 13:30",8380,1.139,0.54,5.717,0.09446,0.432,0.378,0.288,0.279,0.018,0.352,0.793,0.892,20.5,892980,0.112611704629443
"1614","P1","Non-Frozen","Storm","2006-9","5/11/2006 14:45","5/12/2006 14:55",48980,2.175,2.673,31.73,0.08423,0.432,0.378,0.288,0.279,0.009,0.234,0.234,1.242,20.5,892980,0.658200631593093
"1615","P1","Non-Frozen","Storm","2006-10","5/14/2006 0:30","5/14/2006 3:00",352.9,0.06021,0.252,4.95,0.05091,0.432,0.432,0.252,0.234,0.099,0.855,3.024,4.032,20.5,892980,0.00474232345629241
"1616","P1","Non-Frozen","Storm","2006-11","5/14/2006 10:55","5/14/2006 15:50",2164,0.2725,0.621,16.87,0.03682,0.432,0.432,0.252,0.234,0.099,0.855,3.024,4.032,20.5,892980,0.0290801585701807
"1617","P1","Non-Frozen","Storm","2006-12","5/15/2006 12:15","5/15/2006 13:10",102.9,0.04414,0.127,2.2,0.05773,0.36,0.24,0.158,0.099,0.198,0.648,3.663,3.726,20.5,892980,0.00138278572868373
"1618","P1","Non-Frozen","Storm","2006-13","5/28/2006 7:26","5/28/2006 11:09",47280,15.5,1.794,2.35,0.7634,4.056,3.474,2.446,1.554,0.018,0.018,0.072,0.893,20.5,892980,0.635355775045354
"1619","P1","Non-Frozen","Storm","2006-14","5/30/2006 15:15","5/30/2006 17:55",3184,1.062,0.387,2.483,0.1558,2.04,1.404,0.576,0.306,0,0,1.866,2.145,20.5,892980,0.0427870724988242
"1620","P1","Non-Frozen","Storm","2006-15","5/31/2006 7:40","5/31/2006 11:09",4491,0.931,0.477,6.3,0.07571,0.864,0.81,0.576,0.351,0.396,0.396,2.262,2.541,20.5,892980,0.0603507357387623
"1621","P1","Frozen","Storm","2007-1","3/11/2007 2:30","3/11/2007 5:46",398,0.0595,0,NA,NA,NA,NA,NA,NA,0,0,0,0.261,20.5,892980,0.00534838406235302
"1622","P1","Frozen","Storm","2007-2","3/12/2007 18:00","3/14/2007 5:45",148900,6.054,0,NA,NA,NA,NA,NA,NA,0.216,0.216,0.216,0.477,20.5,892980,2.00094067056373
"1623","P1","Frozen","Storm","2007-3","3/21/2007 22:10","3/21/2007 22:45",78,0.05749,0.182,3.317,0.05487,0.996,0.66,0.292,0.155,0.009,0.009,0.009,0.225,20.5,892980,0.00104817577101391
"1624","P1","Frozen","Storm","2007-4","3/22/2007 1:31","3/22/2007 3:38",300.4,0.08615,0.099,1.683,0.05881,0.216,0.162,0.108,0.072,0.191,0.191,0.191,0.407,20.5,892980,0.00403682053349459
"1625","P1","Frozen","Storm","2007-5","3/22/2007 7:19","3/22/2007 10:57",3240,0.7738,0,NA,NA,NA,NA,NA,NA,0.29,0.29,0.29,0.506,20.5,892980,0.0435396089498085
"1626","P1","Non-Frozen","Storm","2007-6","4/1/2007 4:08","4/1/2007 6:03",97.2,0.06447,0.526,NA,NA,NA,NA,NA,NA,0.063,0.063,0.225,1.325,20.5,892980,0.00130618826849426
"1627","P1","Frozen","Storm","2008-1","1/7/2008 18:22","1/8/2008 9:00",10700,0.8292,0.749,14.87,0.05038,1.584,1.176,0.772,0.505,0.009,0.009,0.009,0.009,20.5,892980,0.143788214741652
"1628","P1","Frozen","Storm","2008-2","1/8/2008 15:05","1/9/2008 7:35",19010,1.059,0.937,12.65,0.07407,0.984,0.762,0.488,0.361,0.749,0.758,0.758,0.758,20.5,892980,0.255459248807364
"1629","P1","Frozen","Storm","2008-3","3/14/2008 20:29","3/15/2008 2:02",475.7,0.0298,0,NA,NA,NA,NA,NA,NA,0,0.027,0.027,0.371,20.5,892980,0.0063925283880938
"1630","P1","Frozen","Storm","2008-4","3/19/2008 18:00","3/20/2008 0:50",835.3,0.05414,0,NA,NA,NA,NA,NA,NA,0,0,0.027,0.027,20.5,892980,0.0112248874554861
"1631","P1","Non-Frozen","Storm","2008-5","4/9/2008 3:22","4/9/2008 4:54",178.2,0.05091,1.01,7.117,0.1419,0.48,0.42,0.26,0.23,0,0,0,0.68,20.5,892980,0.00239467849223947
"1632","P1","Non-Frozen","Storm","2008-6","4/11/2008 1:46","4/11/2008 15:00",8720,0.4313,1.24,16.52,0.07508,0.6,0.36,0.28,0.24,0,1.13,1.13,1.81,20.5,892980,0.117180675938991
"1633","P1","Non-Frozen","Storm","2008-7","4/11/2008 19:07","4/11/2008 23:00",530.1,0.1196,0.31,4.85,0.06392,0.6,0.54,0.32,0.24,1.24,1.24,2.37,3.05,20.5,892980,0.00712356379762145
"1634","P1","Non-Frozen","Storm","2008-8","6/8/2008 14:25","6/8/2008 20:15",1781,0.288,1.04,5.017,0.2073,1.2,1.02,0.54,0.41,0.28,0.28,1.09,1.2,20.5,892980,0.0239333467714842
"1635","P1","Non-Frozen","Storm","2008-9","6/8/2008 23:30","6/9/2008 9:13",32170,2.215,1.1,9.1,0.1209,1.92,1.5,0.94,0.54,1.3,1.32,2.13,2.24,20.5,892980,0.432305314788685
"1636","P1","Non-Frozen","Storm","2008-10","6/13/2008 0:23","6/13/2008 10:46",50390,15.6,2.18,10.1,0.2158,4.92,3.72,1.94,1.01,0.12,0.12,2.54,3.46,20.5,892980,0.677148424376806
"1637","P1","Non-Frozen","Storm","2010-1","10/6/2009 20:12","10/6/2009 21:46",187.1,0.09465,1.08,15.97,0.06764,0.648,0.54,0.342,0.234,0,0,0.729,2.602,20.5,892980,0.00251427803534234
"1638","P2","Non-Frozen","Storm","2004-1","11/23/2003 13:21","11/23/2003 15:40",231.4,0.09813,1.704,11.78,0.1446,1.212,1.044,0.636,0.432,0,0,0,0,22.1,962676,0.00288445956895155
"1639","P2","Frozen","Storm","2004-2","12/28/2003 10:00","12/28/2003 13:45",315.3,0.04355,0.252,5.55,0.04541,0.324,0.216,0.126,0.09,0,0,0,0.072,22.1,962676,0.00393029430462585
"1640","P2","Frozen","Storm","2004-3","1/2/2004 23:25","1/3/2004 7:00",3372,0.3792,0.432,7.95,0.05434,0.756,0.594,0.378,0.279,0,0,0.252,0.252,22.1,962676,0.0420328334766837
"1641","P2","Frozen","Storm","2004-4","2/20/2004 14:00","2/21/2004 4:04",1935,0.0903,0.45,14.17,0.03176,0.216,0.162,0.108,0.081,0,0,0,0,22.1,962676,0.024120264761976
"1642","P2","Frozen","Storm","2004-5","2/29/2004 18:00","3/4/2004 3:45",141000,2.355,0.378,15.4,0.02455,0.324,0.324,0.162,0.099,0,0,0.081,0.567,22.1,962676,1.75760068808197
"1643","P2","Frozen","Storm","2004-6","3/4/2004 17:00","3/4/2004 22:00",1061,0.07647,0.009,NA,NA,NA,NA,NA,NA,0,0,0.378,0.945,22.1,962676,0.0132256335464892
"1644","P2","Frozen","Storm","2004-7","3/5/2004 10:57","3/6/2004 5:30",36440,1.65,1.269,8.15,0.1557,0.972,0.756,0.594,0.441,0.009,0.009,0.387,0.9,22.1,962676,0.45423382321778
"1645","P2","Frozen","Storm","2004-8","3/7/2004 13:00","3/8/2004",4255,0.2038,0.027,6.733,0.00401,0.108,0.054,0.018,0.009,0.216,0.387,1.872,1.98,22.1,962676,0.0530396519701332
"1646","P2","Frozen","Storm","2004-9","3/14/2004 15:05","3/14/2004 19:20",1113,0.1306,0.009,NA,NA,NA,NA,NA,NA,0.216,0.216,0.324,2.205,22.1,962676,0.0138738267080513
"1647","P2","Frozen","Storm","2004-10","3/23/2004 2:00","3/23/2004 10:30",1375,0.05749,0,NA,NA,NA,NA,NA,NA,0,0,0.18,0.495,22.1,962676,0.017139723022076
"1648","P2","Non-Frozen","Storm","2004-11","3/29/2004 0:30","3/29/2004 5:50",4371,0.697,0.815,4.9,0.1663,0.54,0.486,0.4,0.31,0,0,0.261,0.441,22.1,962676,0.0544856213305411
"1649","P2","Non-Frozen","Storm","2004-12","3/30/2004 22:25","3/31/2004 1:40",732.4,0.09726,0.26,6.9,0.03768,0.12,0.12,0.1,0.07,0,0.815,1.076,1.256,22.1,962676,0.00912955137554068
"1650","P2","Non-Frozen","Storm","2004-13","5/8/2004 23:17","5/9/2004 4:35",4523,0.7846,1.392,1.833,0.7593,4.452,3.732,2.114,1.202,0.992,0.992,1.1,1.73,22.1,962676,0.0563803398027997
"1651","P2","Non-Frozen","Storm","2004-14","5/13/2004 2:10","5/13/2004 5:36",946.9,0.1667,0.523,4.533,0.1154,3.288,2.208,0.938,0.496,0,0,2.537,2.636,22.1,962676,0.0118033481669845
"1652","P2","Non-Frozen","Storm","2004-15","5/13/2004 22:53","5/14/2004 4:00",2991,0.679,0.29,1.25,0.232,1.092,0.762,0.436,0.272,0.568,0.568,3.006,3.204,22.1,962676,0.0372835720429303
"1653","P2","Non-Frozen","Storm","2004-16","5/14/2004 15:25","5/15/2004",4131,0.2928,0.288,6.683,0.04309,0.108,0.108,0.072,0.072,0.299,0.867,3.305,3.503,22.1,962676,0.0514939605848697
"1654","P2","Non-Frozen","Storm","2004-17","5/21/2004 23:38","5/22/2004 3:40",1303,0.1947,0.252,2.4,0.105,0.324,0.216,0.18,0.144,0.189,1.07,1.142,4.735,22.1,962676,0.0162422247983745
"1655","P2","Non-Frozen","Storm","2004-18","5/22/2004 7:07","5/22/2004 21:00",2781,0.1655,0.216,11.03,0.01958,0.216,0.216,0.144,0.099,0.441,1.322,1.394,4.987,22.1,962676,0.0346658688904678
"1656","P2","Non-Frozen","Storm","2004-19","5/23/2004 11:16","5/23/2004 20:00",21290,2.79,1.074,7.117,0.1509,1.8,1.26,0.62,0.55,0.099,0.657,1.61,2.819,22.1,962676,0.265385238647271
"1657","P2","Non-Frozen","Storm","2004-20","5/23/2004 22:27","5/24/2004 20:00",73050,11.6,1.46,8.85,0.165,3.72,3.42,1.9,1.04,1.074,1.443,2.684,3.884,22.1,962676,0.910586739463745
"1658","P2","Non-Frozen","Storm","2004-21","5/31/2004 14:03","6/1/2004",23830,2.844,1.11,7.667,0.1448,1.68,0.96,0.5,0.41,0.42,0.46,0.6,4.744,22.1,962676,0.29704698153896
"1659","P2","Non-Frozen","Storm","2004-22","6/9/2004 7:11","6/9/2004 11:30",30220,12.62,2.24,2.2,1.018,6.96,6.24,4.28,2.16,0,0,0.01,1.75,22.1,962676,0.376699948892462
"1660","P2","Non-Frozen","Storm","2004-23","6/10/2004 7:13","6/10/2004 9:00",833.8,0.1542,0.26,5.3,0.04906,0.24,0.18,0.12,0.09,2.3,2.3,2.31,4.05,22.1,962676,0.0103935280405869
"1661","P2","Non-Frozen","Storm","2004-24","6/11/2004 8:43","6/11/2004 18:34",10200,0.6014,0.56,10.23,0.05472,0.24,0.24,0.18,0.14,0.13,2.61,2.62,4.22,22.1,962676,0.127145581691036
"1662","P2","Non-Frozen","Storm","2004-25","6/12/2004 9:16","6/12/2004 12:48",3399,0.5847,0.2,3.433,0.05825,0.36,0.3,0.2,0.12,0.53,0.66,3.18,4.78,22.1,962676,0.0423693953105718
"1663","P2","Non-Frozen","Storm","2004-26","6/13/2004 19:12","6/13/2004 21:50",3205,0.8376,0.26,5.75,0.04522,0.96,0.72,0.32,0.17,0,0.21,3.37,4.94,22.1,962676,0.0399511362078207
"1664","P2","Non-Frozen","Storm","2004-27","6/17/2004 5:35","6/17/2004 9:35",7540,1.82,0.93,4.1,0.2268,4.56,3.12,1.38,0.84,0,0,1.28,3.69,22.1,962676,0.0939880084265111
"1665","P2","Frozen","Storm","2005-1","12/30/2004 18:46","12/31/2004 2:49",5834,0.265,0.26,11.58,0.02245,0.24,0.24,0.16,0.11,0,0,0,0,22.1,962676,0.0727222866260299
"1666","P2","Frozen","Storm","2005-2","1/2/2005 6:54","1/2/2005 14:07",11760,1.139,0.39,4.1,0.09512,1.44,1.08,0.54,0.31,0,0,0.29,0.29,22.1,962676,0.146591376537901
"1667","P2","Frozen","Storm","2005-3","1/2/2005 17:30","1/2/2005 23:16",3959,0.3088,0.01,NA,NA,NA,NA,NA,NA,0.39,0.39,0.68,0.68,22.1,962676,0.0493499370504718
"1668","P2","Frozen","Storm","2005-4","1/12/2005 23:30","1/13/2005 7:00",7019,0.3612,0.04,3.533,0.01132,0.12,0.06,0.04,0.02,0.21,0.22,0.22,0.91,22.1,962676,0.0874936115577827
"1669","P2","Frozen","Storm","2005-5","2/6/2005 3:11","2/8/2005 3:21",60470,0.7738,0.333,20.67,0.01611,0.216,0.162,0.108,0.081,0,0,0,0,22.1,962676,0.753773855378133
"1670","P2","Frozen","Storm","2005-6","3/6/2005 18:40","3/7/2005 16:14",28260,0.6014,0,NA,NA,NA,NA,NA,NA,0,0,0,0,22.1,962676,0.352268052802812
"1671","P2","Frozen","Storm","2005-7","3/24/2005 19:02","3/25/2005 5:00",12890,0.6302,0,NA,NA,NA,NA,NA,NA,0,0,0,0,22.1,962676,0.16067711254877
"1672","P2","Frozen","Storm","2005-8","3/25/2005 18:03","3/26/2005 2:59",12770,0.6918,0,NA,NA,NA,NA,NA,NA,0,0,0,0,22.1,962676,0.159181282175935
"1673","P2","Frozen","Storm","2005-9","3/26/2005 17:45","3/27/2005 2:55",18880,1.03,0,NA,NA,NA,NA,NA,NA,0,0,0,0,22.1,962676,0.235343978659487
"1674","P2","Frozen","Storm","2005-10","3/27/2005 16:47","3/28/2005 1:45",20280,1.163,0,NA,NA,NA,NA,NA,NA,0,0,0,0,22.1,962676,0.252795333009237
"1675","P2","Frozen","Storm","2005-11","3/28/2005 15:31","3/29/2005 1:02",14920,0.7928,0,NA,NA,NA,NA,NA,NA,0,0,0,0,22.1,962676,0.185981576355908
"1676","P2","Frozen","Storm","2005-12","3/29/2005 13:00","3/29/2005 23:32",7780,0.2864,0,NA,NA,NA,NA,NA,NA,0,0,0,0,22.1,962676,0.0969796691721825
"1677","P2","Non-Frozen","Storm","2005-13","8/19/2005 2:40","8/19/2005 3:41",2892,2.405,4.591,3.367,1.364,7.044,6.678,5.188,4.029,0,0,0.234,0.766,22.1,962676,0.0360495119853409
"1678","P2","Frozen","Storm","2006-1","11/28/2005 12:42","11/29/2005 1:00",7577,0.2545,0.441,8,0.05512,0.432,0.378,0.234,0.135,0.684,0.693,0.774,1.638,22.1,962676,0.0944492227914688
"1679","P2","Frozen","Storm","2006-2","1/2/2006 21:30","1/3/2006 11:50",7673,0.162,0.108,3.233,0.0334,0.108,0.108,0.054,0.045,0.198,0.198,0.531,0.666,22.1,962676,0.0956458870897373
"1680","P2","Frozen","Storm","2006-3","1/4/2006 14:00","1/5/2006 6:02",8486,0.1609,0.126,16.65,0.007568,0.108,0.054,0.036,0.036,0.018,0.243,0.657,0.792,22.1,962676,0.105780137865699
"1681","P2","Frozen","Storm","2006-4","1/29/2006 11:29","1/29/2006 22:00",7639,0.2605,1.341,23.12,0.05801,0.324,0.27,0.216,0.162,0,0,0,0,22.1,962676,0.0952220684841006
"1682","P2","Frozen","Storm","2006-5","3/9/2006 21:15","3/10/2006 10:15",8876,0.2486,0.027,7.65,0.003529,0.108,0.054,0.018,0.009,0.144,0.225,0.495,0.513,22.1,962676,0.110641586577415
"1683","P2","Frozen","Storm","2006-6","3/10/2006 18:00","3/11/2006 4:09",15070,1.012,0,NA,NA,NA,NA,NA,NA,0.027,0.171,0.513,0.54,22.1,962676,0.187851364321953
"1684","P2","Frozen","Storm","2006-7","3/11/2006 17:00","3/12/2006 10:45",19110,1.895,0.334,0.7167,0.466,1.2,1.032,0.596,0.334,0,0.009,0.495,0.54,22.1,962676,0.238210986874088
"1685","P2","Frozen","Storm","2006-8","3/12/2006 15:00","3/13/2006 1:15",5471,0.1597,0,NA,NA,NA,NA,NA,NA,0.334,0.334,0.829,0.874,22.1,962676,0.0681973997482019
"1686","P2","Frozen","Storm","2006-9","3/13/2006 5:45","3/14/2006 1:15",18660,1.154,0.558,17.77,0.03141,0.432,0.378,0.288,0.279,0.018,0.352,0.793,0.892,22.1,962676,0.232601622975954
"1687","P2","Non-Frozen","Storm","2006-10","5/11/2006 14:57","5/12/2006 17:15",42560,1.104,2.691,33.68,0.07989,0.432,0.378,0.288,0.279,0.009,0.234,0.234,1.242,22.1,962676,0.530521172232402
"1688","P2","Non-Frozen","Storm","2006-11","5/16/2006 8:45","5/16/2006 11:30",1418,0.1575,0.072,2.867,0.02512,0.108,0.108,0.054,0.045,0.155,0.443,3.818,3.872,22.1,962676,0.0176757289056754
"1689","P2","Non-Frozen","Storm","2006-12","5/17/2006 18:40","5/17/2006 22:15",2865,0.7048,0.153,2.017,0.07587,0.648,0.486,0.216,0.117,0.072,0.153,3.728,3.98,22.1,962676,0.0357129501514528
"1690","P2","Non-Frozen","Storm","2006-13","5/28/2006 7:33","5/28/2006 9:45",24610,15.18,1.794,2.35,0.7634,4.056,3.474,2.446,1.554,0.018,0.018,0.072,0.893,22.1,962676,0.306769878962392
"1691","P2","Non-Frozen","Storm","2006-14","5/30/2006 15:29","5/30/2006 17:30",7255,7.69,0.387,2.483,0.1558,2.04,1.404,0.576,0.306,0,0,1.866,2.145,22.1,962676,0.0904354112910263
"1692","P2","Non-Frozen","Storm","2006-15","5/31/2006 7:50","5/31/2006 11:15",4565,1.38,0.477,6.3,0.07571,0.864,0.81,0.576,0.351,0.396,0.396,2.262,2.541,22.1,962676,0.0569038804332922
"1693","P2","Non-Frozen","Storm","2007-1","10/4/2006 4:31","10/4/2006 12:45",3797,1.376,1.81,7.883,0.2296,2.64,2.28,1.4,1.09,0,0.028,0.496,0.838,22.1,962676,0.0473305660471436
"1694","P3","Non-Frozen","Storm","2004-1","11/23/2003 9:36","11/23/2003 16:16",857.6,0.2181,1.722,12.52,0.1376,1.212,1.044,0.636,0.432,0,0,0,0,13.2,574992,0.017897988145922
"1695","P3","Frozen","Storm","2004-2","2/20/2004 16:35","2/21/2004 3:46",107.7,0.0158,0.45,14.17,0.03176,0.216,0.162,0.108,0.081,0,0,0,0,13.2,574992,0.00224768344603055
"1696","P3","Frozen","Storm","2004-3","2/28/2004 19:15","2/28/2004 22:01",17.7,0.003,0,NA,NA,NA,NA,NA,NA,0,0,0.108,0.567,13.2,574992,0.000369396443776609
"1697","P3","Frozen","Storm","2004-4","2/29/2004 17:48","3/6/2004 2:36",149200,3.3,1.656,100.2,0.01652,0.972,0.756,0.594,0.441,0,0,0.081,0.567,13.2,574992,3.11378245262543
"1698","P3","Frozen","Storm","2004-5","3/7/2004 11:00","3/8/2004 7:40",8689,0.4654,0.243,12.02,0.02022,0.216,0.216,0.162,0.135,0,1.269,1.656,1.764,13.2,574992,0.181338175139828
"1699","P3","Frozen","Storm","2004-6","3/14/2004 8:50","3/15/2004 4:02",3980,0.3972,0.216,9.933,0.02174,0.108,0.108,0.072,0.063,0.009,0.009,0.342,1.998,13.2,574992,0.0830620252107855
"1700","P3","Frozen","Storm","2004-7","3/18/2004 18:11","3/18/2004 23:01",362.3,0.03448,0.054,2.733,0.01976,0.108,0.054,0.054,0.045,0,0,0.225,1.827,13.2,574992,0.00756114867685116
"1701","P3","Frozen","Storm","2004-8","3/19/2004 16:14","3/20/2004 4:25",592.4,0.03136,0.126,10.95,0.01151,0.216,0.162,0.108,0.063,0.054,0.054,0.279,0.621,13.2,574992,0.0123633024459471
"1702","P3","Frozen","Storm","2004-9","3/20/2004 14:32","3/20/2004 20:01",362.4,0.02674,0,NA,NA,NA,NA,NA,NA,0.126,0.18,0.405,0.738,13.2,574992,0.00756323566240922
"1703","P3","Non-Frozen","Storm","2004-10","3/28/2004 23:53","3/29/2004 5:01",2121,0.363,0.815,4.9,0.1663,0.54,0.486,0.4,0.31,0,0,0.261,0.441,13.2,574992,0.0442649636864513
"1704","P3","Non-Frozen","Storm","2004-11","3/30/2004 20:35","3/31/2004 1:05",361.2,0.04296,0.26,6.9,0.03768,0.12,0.12,0.1,0.07,0,0.815,1.076,1.256,13.2,574992,0.0075381918357125
"1705","P3","Non-Frozen","Storm","2004-12","5/8/2004 22:41","5/9/2004 2:57",10540,2.12,1.392,1.833,0.7593,4.452,3.732,2.114,1.202,0.992,0.992,1.1,1.73,13.2,574992,0.219968277819517
"1706","P3","Non-Frozen","Storm","2004-13","5/13/2004 1:15","5/13/2004 3:03",402.9,0.1737,0.514,1.1,0.4673,3.288,2.208,0.938,0.496,0,0,2.537,2.636,13.2,574992,0.00840846481342349
"1707","P3","Non-Frozen","Storm","2004-14","5/13/2004 23:00","5/14/2004 0:49",296.2,0.0903,0.29,1.25,0.232,1.092,0.762,0.436,0.272,0.568,0.568,3.006,3.204,13.2,574992,0.00618165122297354
"1708","P3","Non-Frozen","Storm","2004-15","5/14/2004 14:16","5/14/2004 20:51",2089,0.196,0.288,6.683,0.04309,0.108,0.108,0.072,0.072,0.299,0.867,3.305,3.503,13.2,574992,0.0435971283078721
"1709","P3","Non-Frozen","Storm","2004-16","5/20/2004 6:44","5/20/2004 9:01",461.3,0.1519,0.845,3.6,0.2347,2.52,1.938,0.826,0.503,0,0.009,0.704,3.764,13.2,574992,0.0096272643793305
"1710","P3","Non-Frozen","Storm","2004-17","5/21/2004 22:54","5/22/2004 1:31",637.7,0.1475,0.252,2.4,0.105,0.324,0.216,0.18,0.144,0.189,1.07,1.142,4.735,13.2,574992,0.0133087069037482
"1711","P3","Non-Frozen","Storm","2004-18","5/22/2004 6:33","5/22/2004 9:50",724.4,0.1497,0.117,2.183,0.05359,0.216,0.216,0.144,0.099,0.441,1.322,1.394,4.987,13.2,574992,0.0151181233825862
"1712","P3","Non-Frozen","Storm","2004-19","5/22/2004 14:19","5/22/2004 17:35",396.4,0.06589,0.099,5.467,0.01811,0.216,0.162,0.108,0.054,0.558,0.558,1.511,4.418,13.2,574992,0.00827281075214959
"1713","P3","Non-Frozen","Storm","2004-20","5/23/2004 10:47","5/23/2004 18:54",36190,5.326,1.074,7.117,0.1509,1.8,1.26,0.62,0.55,0.099,0.657,1.61,2.819,13.2,574992,0.755280073461892
"1714","P3","Non-Frozen","Storm","2004-21","5/23/2004 22:30","5/24/2004 10:00",37290,8.563,1.46,8.85,0.165,3.72,3.42,1.9,1.04,1.074,1.443,2.684,3.884,13.2,574992,0.778236914600551
"1715","P3","Non-Frozen","Storm","2004-22","5/31/2004 13:24","6/1/2004 0:45",28910,3.467,1.11,7.667,0.1448,1.68,0.96,0.5,0.41,0.42,0.46,0.6,4.744,13.2,574992,0.603347524835128
"1716","P3","Non-Frozen","Storm","2004-23","6/9/2004 7:09","6/9/2004 13:43",30430,11.43,2.28,5.533,0.412,6.96,6.24,4.28,2.16,0,0,0.01,1.75,13.2,574992,0.635069705317639
"1717","P3","Non-Frozen","Storm","2004-24","6/10/2004 5:53","6/10/2004 9:15",405.3,0.05154,0.26,5.3,0.04906,0.24,0.18,0.12,0.09,2.3,2.3,2.31,4.05,13.2,574992,0.00845855246681693
"1718","P3","Non-Frozen","Storm","2004-25","6/11/2004 8:15","6/11/2004 17:55",5490,0.5011,0.56,10.23,0.05472,0.24,0.24,0.18,0.14,0.13,2.61,2.62,4.22,13.2,574992,0.114575507137491
"1719","P3","Non-Frozen","Storm","2004-26","6/12/2004 9:28","6/12/2004 12:31",815.2,0.1725,0.2,3.433,0.05825,0.36,0.3,0.2,0.12,0.53,0.66,3.18,4.78,13.2,574992,0.0170131062693046
"1720","P3","Non-Frozen","Storm","2004-27","6/13/2004 19:00","6/13/2004 21:31",1127,0.3056,0.25,5.433,0.04601,0.96,0.72,0.32,0.17,0,0.21,3.37,4.94,13.2,574992,0.0235203272393355
"1721","P3","Non-Frozen","Storm","2004-28","6/17/2004 5:18","6/17/2004 8:47",6727,1.815,0.93,4.1,0.2268,4.56,3.12,1.38,0.84,0,0,1.28,3.69,13.2,574992,0.140391518490692
"1722","P3","Frozen","Storm","2005-1","12/30/2004 21:45","12/31/2004 12:55",4853,0.3522,0.12,5.25,0.02286,0.24,0.18,0.1,0.06,0.17,0.17,0.17,0.17,13.2,574992,0.101281409132649
"1723","P3","Frozen","Storm","2005-2","1/2/2005 6:14","1/2/2005 14:53",9394,1.578,0.39,4.1,0.09512,1.44,1.08,0.54,0.31,0,0,0.29,0.29,13.2,574992,0.196051423324151
"1724","P3","Frozen","Storm","2005-3","1/2/2005 17:52","1/2/2005 23:55",656.1,0.1119,0.01,NA,NA,NA,NA,NA,NA,0.39,0.39,0.68,0.68,13.2,574992,0.0136927122464313
"1725","P3","Frozen","Storm","2005-4","1/12/2005 15:59","1/13/2005 20:12",10020,0.4028,0.25,20.1,0.01244,0.12,0.12,0.06,0.05,0.01,0.01,0.01,0.7,13.2,574992,0.209115952917606
"1726","P3","Frozen","Storm","2005-5","2/5/2005 21:30","2/8/2005 22:01",32920,0.6715,0.333,20.67,0.01611,0.216,0.162,0.108,0.081,0,0,0,0,13.2,574992,0.687035645713332
"1727","P3","Frozen","Storm","2005-6","2/12/2005 16:00","2/16/2005 10:01",4904,0.196,0.378,43.67,0.008656,0.108,0.108,0.072,0.063,0,0,0.333,0.333,13.2,574992,0.102345771767259
"1728","P3","Frozen","Storm","2005-7","3/6/2005 18:30","3/8/2005 2:47",7423,0.2155,0,NA,NA,NA,NA,NA,NA,0,0,0,0,13.2,574992,0.154916937974789
"1729","P3","Frozen","Storm","2005-8","3/24/2005 20:15","3/25/2005 14:54",1350,0.0406,0,NA,NA,NA,NA,NA,NA,0,0,0,0,13.2,574992,0.0281743050338092
"1730","P3","Frozen","Storm","2005-9","3/25/2005 17:14","3/26/2005 4:53",289.7,0.01832,0,NA,NA,NA,NA,NA,NA,0,0,0,0,13.2,574992,0.00604599716169964
"1731","P3","Frozen","Storm","2005-10","3/26/2005 18:08","3/27/2005 10:03",2030,0.099,0,NA,NA,NA,NA,NA,NA,0,0,0,0,13.2,574992,0.0423658068286167
"1732","P3","Frozen","Storm","2005-11","3/27/2005 17:44","3/31/2005 7:56",104600,2.51,0.353,4.5,0.07844,1.104,0.768,0.436,0.254,0,0,0,0,13.2,574992,2.1829868937307
"1733","P3","Non-Frozen","Storm","2005-12","8/19/2005 2:00","8/19/2005 4:28",7831,7.46,4.591,3.367,1.364,7.044,6.678,5.188,4.029,0,0,0.234,0.766,13.2,574992,0.163431839051674
"1734","P3","Non-Frozen","Storm","2005-13","9/13/2005 23:24","9/14/2005 1:30",2024,1.336,1.422,1.117,1.273,4.884,4.74,2.646,1.413,0.018,0.018,0.713,0.713,13.2,574992,0.0422405876951331
"1735","P3","Non-Frozen","Storm","2005-14","9/25/2005 16:35","9/25/2005 16:44",8.1,0.02623,0.328,0.1333,2.46,3.288,1.968,0.656,0.328,0.117,0.117,0.504,1.944,13.2,574992,0.000169045830202855
"1736","P3","Frozen","Storm","2006-1","11/28/2005 14:00","11/29/2005 9:05",1170,0.05091,0.441,8,0.05512,0.432,0.378,0.234,0.135,0.684,0.693,0.774,1.638,13.2,574992,0.0244177310293013
"1737","P3","Frozen","Storm","2006-2","1/2/2006 15:00","1/5/2006 21:56",8803,0.05028,0.45,70.8,0.006356,0.108,0.108,0.054,0.045,0.009,0.252,0.342,0.477,13.2,574992,0.183717338676016
"1738","P3","Frozen","Storm","2006-3","1/29/2006 0:20","1/31/2006 12:06",8765,0.1157,1.377,31.72,0.04342,0.324,0.27,0.216,0.162,0,0,0,0,13.2,574992,0.182924284163954
"1739","P3","Frozen","Storm","2006-4","1/31/2006 17:00","2/1/2006 4:53",1278,0.08781,0,NA,NA,NA,NA,NA,NA,0,0.054,1.377,1.377,13.2,574992,0.026671675432006
"1740","P3","Frozen","Storm","2006-5","2/1/2006 10:52","2/4/2006 9:02",7119,0.05883,0.261,59.03,0.004421,0.216,0.162,0.126,0.099,0,0,1.377,1.377,13.2,574992,0.148572501878287
"1741","P3","Frozen","Storm","2006-6","2/4/2006 16:00","2/5/2006 1:16",470,0.02141,0,NA,NA,NA,NA,NA,NA,0.009,0.009,1.638,1.638,13.2,574992,0.00980883212288171
"1742","P3","Frozen","Storm","2006-7","2/22/2006 19:50","2/23/2006 14:12",2689,0.07963,0,NA,NA,NA,NA,NA,NA,0,0,0,0.027,13.2,574992,0.0561190416562317
"1743","P3","Frozen","Storm","2006-8","2/23/2006 16:42","2/24/2006 10:00",3026,0.09991,0,NA,NA,NA,NA,NA,NA,0,0,0,0.027,13.2,574992,0.0631521829868937
"1744","P3","Frozen","Storm","2006-9","3/7/2006 21:27","3/14/2006 4:30",47050,1.348,1.162,137.8,0.008435,1.2,1.032,0.596,0.334,0,0.189,0.288,0.288,13.2,574992,0.981926705067201
"1745","P3","Non-Frozen","Storm","2006-10","4/3/2006 7:25","4/3/2006 19:30",971.4,0.05548,0.612,16.98,0.03604,0.216,0.162,0.126,0.117,0,0.027,0.054,0.054,13.2,574992,0.0202729777109942
"1746","P3","Non-Frozen","Storm","2006-11","5/11/2006 14:25","5/12/2006 21:05",53260,2.46,2.691,33.68,0.07989,0.432,0.378,0.288,0.279,0.009,0.234,0.234,1.242,13.2,574992,1.11152850822272
"1747","P3","Non-Frozen","Storm","2006-12","5/13/2006 2:00","5/13/2006 14:00",1653,0.0726,0.099,10.83,0.009138,0.108,0.054,0.036,0.018,0.513,2.691,2.925,3.933,13.2,574992,0.0344978712747308
"1748","P3","Non-Frozen","Storm","2006-13","5/13/2006 23:51","5/14/2006 21:15",15620,0.7657,0.639,18.98,0.03366,0.216,0.216,0.126,0.117,0.099,0.855,3.024,4.032,13.2,574992,0.325987144168962
"1749","P3","Non-Frozen","Storm","2006-14","5/15/2006 11:22","5/15/2006 21:45",3314,0.3504,0.155,7.883,0.01966,0.36,0.24,0.158,0.099,0.198,0.648,3.663,3.726,13.2,574992,0.0691627013941064
"1750","P3","Non-Frozen","Storm","2006-15","5/16/2006 7:37","5/16/2006 14:37",1615,0.1245,0.072,2.867,0.02512,0.108,0.108,0.054,0.045,0.155,0.443,3.818,3.872,13.2,574992,0.033704816762668
"1751","P3","Non-Frozen","Storm","2006-16","5/17/2006 15:33","5/18/2006",2537,0.5508,0.225,5.483,0.04103,0.648,0.486,0.216,0.117,0,0.09,3.656,3.908,13.2,574992,0.0529468236079806
"1752","P3","Non-Frozen","Storm","2006-17","5/28/2006 7:25","5/28/2006 12:00",38040,9.892,1.794,2.35,0.7634,4.056,3.474,2.446,1.554,0.018,0.018,0.072,0.893,13.2,574992,0.793889306286001
"1753","P3","Non-Frozen","Storm","2006-18","5/30/2006 15:21","5/30/2006 18:00",1030,0.931,0.387,2.483,0.1558,2.04,1.404,0.576,0.306,0,0,1.866,2.145,13.2,574992,0.0214959512480174
"1754","P3","Non-Frozen","Storm","2006-19","5/31/2006 7:41","5/31/2006 12:45",11180,3.806,0.477,6.3,0.07571,0.864,0.81,0.576,0.351,0.396,0.396,2.262,2.541,13.2,574992,0.233324985391101
"1755","P3","Non-Frozen","Storm","2006-20","8/2/2006 9:30","8/2/2006 9:55",30.2,0.03188,1.01,0.9333,1.082,3.924,3.588,2.002,1.01,0,0,0.902,2.579,13.2,574992,0.000630269638534101
"1756","P3","Non-Frozen","Storm","2007-1","10/4/2006 3:45","10/4/2006 11:45",5878,3.144,1.81,7.883,0.2296,2.64,2.28,1.4,1.09,0,0.028,0.496,0.838,13.2,574992,0.122673011102763
"1757","P3","Frozen","Storm","2007-2","2/21/2007 23:00","2/22/2007 1:30",239.1,0.05816,0,NA,NA,NA,NA,NA,NA,0,0,0,0,13.2,574992,0.00498998246932131
"1758","P3","Frozen","Storm","2007-3","3/10/2007 12:30","3/10/2007 14:45",210,0.04336,0,NA,NA,NA,NA,NA,NA,0,0,0,0.261,13.2,574992,0.00438266967192587
"1759","P3","Frozen","Storm","2007-4","3/10/2007 23:30","3/11/2007 1:00",114.9,0.03084,0,NA,NA,NA,NA,NA,NA,0,0,0,0.261,13.2,574992,0.00239794640621087
"1760","P3","Frozen","Storm","2007-5","3/12/2007 0:15","3/12/2007 1:45",184.8,0.05028,0,NA,NA,NA,NA,NA,NA,0,0,0,0.261,13.2,574992,0.00385674931129477
"1761","P3","Frozen","Storm","2007-6","3/12/2007 16:30","3/15/2007 4:50",101400,4.534,0,NA,NA,NA,NA,NA,NA,0.216,0.216,0.216,0.477,13.2,574992,2.11620335587278
"1762","P3","Frozen","Storm","2007-7","3/19/2007 17:30","3/19/2007 19:29",202.8,0.06234,0,NA,NA,NA,NA,NA,NA,0,0,0,0.216,13.2,574992,0.00423240671174556
"1763","P3","Frozen","Storm","2007-8","3/21/2007 22:00","3/22/2007 14:27",9955,1.454,0.281,7.433,0.0378,0.996,0.66,0.292,0.155,0.009,0.009,0.009,0.225,13.2,574992,0.207759412304867
"1764","P3","Non-Frozen","Storm","2007-9","4/1/2007 4:18","4/1/2007 7:48",670.1,0.1822,0.526,NA,NA,NA,NA,NA,NA,0.063,0.063,0.225,1.325,13.2,574992,0.0139848902245596
"1765","P3","Frozen","Storm","2008-1","12/2/2007 6:15","12/2/2007 10:45",872.6,0.092,0,NA,NA,NA,NA,NA,NA,0,0,0.072,0.117,13.2,574992,0.018211035979631
"1766","P3","Frozen","Storm","2008-2","1/7/2008 18:15","1/8/2008 6:30",3180,0.2012,0.74,7.467,0.09911,1.584,1.176,0.772,0.505,0.009,0.009,0.009,0.009,13.2,574992,0.066366140746306
"1767","P3","Frozen","Storm","2008-3","1/8/2008 15:15","1/9/2008 9:31",20060,1.024,0.937,12.65,0.07407,0.984,0.762,0.488,0.361,0.749,0.758,0.758,0.758,13.2,574992,0.418649302946824
"1768","P3","Frozen","Storm","2008-4","3/3/2008 15:36","3/4/2008 4:00",3845,0.1947,0,NA,NA,NA,NA,NA,NA,0.344,0.344,0.344,0.344,13.2,574992,0.0802445947074046
"1769","P3","Frozen","Storm","2008-5","3/14/2008 19:38","3/15/2008 16:44",8113,0.4256,0,NA,NA,NA,NA,NA,NA,0,0.027,0.027,0.371,13.2,574992,0.169317138325403
"1770","P3","Frozen","Storm","2008-6","3/19/2008 18:40","3/20/2008 11:37",9590,0.8779,0,NA,NA,NA,NA,NA,NA,0,0,0.027,0.027,13.2,574992,0.200141915017948
"1771","P3","Frozen","Storm","2008-7","3/20/2008 21:00","3/21/2008 4:00",751.7,0.0465,0,NA,NA,NA,NA,NA,NA,0,0,0,0.027,13.2,574992,0.0156878704399366
"1772","P3","Frozen","Storm","2008-8","3/25/2008 17:45","3/26/2008 1:00",725.8,0.0478,0,NA,NA,NA,NA,NA,NA,0,0,0,0.027,13.2,574992,0.015147341180399
"1773","P3","Frozen","Storm","2008-9","3/31/2008 21:07","4/1/2008 7:30",4294,0.3248,0.68,NA,NA,NA,NA,NA,NA,0,0,0,0,13.2,574992,0.0896151598630937
"1774","P3","Non-Frozen","Storm","2008-10","4/9/2008 1:15","4/9/2008 14:15",4968,0.4654,1.13,13.87,0.08149,0.48,0.42,0.26,0.23,0,0,0,0.68,13.2,574992,0.103681442524418
"1775","P3","Non-Frozen","Storm","2008-11","4/11/2008 0:30","4/12/2008",22840,1.294,1.55,23.97,0.06467,0.6,0.54,0.32,0.24,0,1.13,1.13,1.81,13.2,574992,0.47666750146089
"1776","P3","Non-Frozen","Storm","2008-12","4/12/2008 4:30","4/12/2008 22:30",3430,0.1119,0.28,18.35,0.01526,0.12,0.12,0.08,0.06,1.09,1.55,2.68,3.36,13.2,574992,0.0715836046414559
"1777","P3","Non-Frozen","Storm","2008-13","6/8/2008 23:45","6/9/2008 9:00",18080,1.348,1.1,9.1,0.1209,1.92,1.5,0.94,0.54,1.3,1.32,2.13,2.24,13.2,574992,0.377326988897237
"1778","P3","Non-Frozen","Storm","2008-14","6/13/2008 0:30","6/13/2008 11:15",31090,9.148,2.18,10.1,0.2158,4.92,3.72,1.94,1.01,0.12,0.12,2.54,3.46,13.2,574992,0.648843810000835
"1779","P3","Non-Frozen","Storm","2010-1","10/30/2009 11:30","10/30/2009 14:15",1457,0.3972,0.766,9.367,0.08178,0.864,0.648,0.432,0.351,0.009,0.009,1.458,1.917,13.2,574992,0.0304073795809333
"1780","P4","Frozen","Storm","2005-1","12/6/2004 21:00","12/14/2004 7:00",11190,0.3032,1.57,139.6,0.01125,0.36,0.3,0.24,0.21,0.26,0.26,0.26,1.11,20.5,892980,0.150372908687765
"1781","P4","Frozen","Non-storm","2005-2","12/14/2004 7:00","12/30/2004 22:40",1908,0.00432,0.2,8.217,0.02434,0.24,0.24,0.16,0.11,0,0,0,0,20.5,892980,0.0256399919371095
"1782","P4","Frozen","Storm","2005-3","12/30/2004 22:40","1/5/2005 18:00",42260,0.3514,0.52,67.25,0.007732,1.44,1.08,0.54,0.31,0.17,0.17,0.17,0.17,20.5,892980,0.567896257474971
"1783","P4","Frozen","Non-storm","2005-4","1/5/2005 18:00","1/12/2005 14:45",1531,0.00618,0.2,17.73,0.01128,0.24,0.24,0.12,0.1,0,0,0,0.69,20.5,892980,0.0205738090438756
"1784","P4","Frozen","Storm","2005-5","1/12/2005 14:45","1/15/2005 18:15",12560,0.1932,0.25,20.1,0.01244,0.24,0.24,0.12,0.1,0.01,0.01,0.01,0.7,20.5,892980,0.16878317543506
"1785","P4","Frozen","Non-storm","2005-6","1/15/2005 18:15","1/22/2005 18:00",738,0.00674,0,NA,NA,NA,NA,NA,NA,0,0,0.26,0.66,20.5,892980,0.00991735537190083
"1786","P4","Frozen","Non-storm","2005-7","2/2/2005 14:20","2/5/2005 23:20",162.3,0.00164,0,NA,NA,NA,NA,NA,NA,0,0,0,0,20.5,892980,0.00218101189276356
"1787","P4","Frozen","Storm","2005-8","2/5/2005 23:20","2/11/2005 11:25",15640,0.1086,0.333,20.67,0.01611,0.216,0.162,0.108,0.081,0,0,0,0,20.5,892980,0.210172680239199
"1788","P4","Frozen","Non-storm","2005-9","2/11/2005 11:25","2/12/2005 18:55",188.5,0.00246,0,NA,NA,NA,NA,NA,NA,0,0,0.333,0.333,20.5,892980,0.00253309144661695
"1789","P4","Frozen","Storm","2005-10","2/12/2005 18:55","2/15/2005 11:10",4336,0.07536,0.297,34.67,0.008567,0.216,0.216,0.144,0.126,0,0,0.333,0.333,20.5,892980,0.058267822347645
"1790","P4","Frozen","Non-storm","2005-11","2/15/2005 11:10","2/25/2005 7:00",1102,0.0073,0.315,19.02,0.01656,0.216,0.216,0.144,0.126,0.054,0.063,0.063,0.396,20.5,892980,0.0148088423032991
"1791","P4","Frozen","Non-storm","2005-12","3/5/2005 21:00","3/6/2005 21:35",53.7,0.00194,0,NA,NA,NA,NA,NA,NA,0,0,0,0,20.5,892980,0.000721628703890345
"1792","P4","Frozen","Storm","2005-13","3/6/2005 21:35","3/12/2005 0:25",17090,0.1316,0,NA,NA,NA,NA,NA,NA,0,0,0,0,20.5,892980,0.229657999059329
"1793","P4","Frozen","Non-storm","2005-14","3/12/2005 0:25","3/20/2005 8:00",534.5,0.00206,0,NA,NA,NA,NA,NA,NA,0,0,0,0,20.5,892980,0.00718269166162736
"1794","P4","Frozen","Non-storm","2005-15","3/22/2005 1:00","3/25/2005 0:45",177.6,0.00176,0,NA,NA,NA,NA,NA,NA,0,0,0,0,20.5,892980,0.00238661560169321
"1795","P4","Frozen","Storm","2005-16","3/25/2005 0:45","4/4/2005 18:55",92100,0.3514,0.353,4.5,0.07844,1.104,0.768,0.436,0.254,0,0,0,0,20.5,892980,1.23765369885104
"1796","P4","Non-Frozen","Non-storm","2005-17","4/4/2005 18:55","5/12/2005 3:45",11090,0.01577,1.432,687.8,0.002082,0.984,0.924,0.704,0.451,0,0,0,0.353,20.5,892980,0.149029093596721
"1797","P4","Non-Frozen","Non-storm","2005-18","5/12/2005 3:45","7/2/2005 10:45",6540,0.0038,2.441,1155,0.002113,2.172,1.464,0.524,0.262,0,0,0.099,0.099,20.5,892980,0.0878855069542431
"1798","P4","Non-Frozen","Non-storm","2005-19","7/4/2005 10:15","7/5/2005",18.1,9e-04,0.415,4.05,0.1025,0.768,0.6,0.38,0.208,0,0,0.189,0.442,20.5,892980,0.000243230531478868
"1799","P4","Non-Frozen","Non-storm","2005-20","7/26/2005 5:45","7/27/2005 23:00",217.6,0.02676,0.801,11.73,0.06827,0.972,0.648,0.324,0.243,0,0.072,0.423,0.423,20.5,892980,0.0029241416381106
"1800","P4","Non-Frozen","Storm","2005-21","8/19/2005 2:00","8/22/2005 4:15",6319,0.3514,5.287,37.82,0.1398,7.044,6.678,5.188,4.029,0,0,0.234,0.766,20.5,892980,0.084915675603037
"1801","P4","Non-Frozen","Non-storm","2005-22","8/22/2005 4:15","8/27/2005 6:00",274.7,0.00176,0.638,1.65,0.3867,3.84,2.46,1.216,0.896,0,0,0.579,5.287,20.5,892980,0.00369146005509642
"1802","P4","Non-Frozen","Storm","2005-23","8/27/2005 6:00","8/28/2005 5:00",434.6,0.01931,0.836,5.8,0.1441,3.84,2.46,1.234,0.896,0,0,0.579,5.287,20.5,892980,0.00584022038567493
"1803","P4","Non-Frozen","Non-storm","2005-24","8/28/2005 5:00","9/3/2005 11:15",289.9,0.00182,0,NA,NA,NA,NA,NA,NA,0.646,0.836,0.836,6.123,20.5,892980,0.00389571994893503
"1804","P4","Non-Frozen","Storm","2005-25","9/7/2005 21:00","9/13/2005 23:00",410.8,0.01775,0.713,134.4,0.005307,1.2,1.038,0.454,0.227,0,0,0,0.836,20.5,892980,0.00552039239400659
"1805","P4","Non-Frozen","Storm","2005-26","9/13/2005 23:00","9/17/2005 6:10",5358,0.2501,1.422,1.117,1.273,4.884,4.74,2.646,1.413,0.018,0.018,0.713,0.713,20.5,892980,0.0720016125781092
"1806","P4","Non-Frozen","Non-storm","2005-27","9/17/2005 6:10","9/25/2005 16:30",1734,0.00454,0.504,144.4,0.003491,0.324,0.27,0.216,0.189,0,0,1.44,2.135,20.5,892980,0.0233017536786938
"1807","P4","Non-Frozen","Storm","2005-28","9/25/2005 16:30","9/28/2005 19:40",1571,0.02915,0.751,75.05,0.01001,3.288,1.968,0.728,0.468,0.117,0.117,0.504,1.944,20.5,892980,0.021111335080293
"1808","P4","Non-Frozen","Storm","2005-29","9/28/2005 19:40","10/1/2005 4:59",3001,0.03499,0.63,5.25,0.12,1.08,0.864,0.612,0.477,0,0,0.967,1.021,20.5,892980,0.0403278908822146
"1809","P4","Non-Frozen","Non-storm","2006-01","10/1/2005 5:00","10/3/2005 2:15",1021,0.008,0.027,0.4333,0.06231,0.216,0.108,0.108,0.054,0,0,0.702,1.651,20.5,892980,0.0137203520795539
"1810","P4","Non-Frozen","Non-storm","2006-02","10/3/2005 2:15","10/10/2005 22:00",2407,0.00576,0.253,84.45,0.002996,0.66,0.438,0.164,0.108,0,0,0.702,1.651,20.5,892980,0.0323456292414164
"1811","P4","Non-Frozen","Non-storm","2006-04","10/10/2005 22:00","11/6/2005 3:45",3014,0.00744,1.242,601.2,0.002066,0.864,0.864,0.54,0.45,0,0,0.091,0.883,20.5,892980,0.0405025868440503
"1812","P4","Non-Frozen","Storm","2006-05","11/6/2005 3:45","11/6/2005 22:20",8432,0.2514,1.791,18.65,0.09603,0.864,0.864,0.54,0.45,0,0,0.099,0.459,20.5,892980,0.113310488476786
"1813","P4","Non-Frozen","Non-storm","2006-06","11/6/2005 22:20","11/10/2005 8:30",12130,0.1524,0.009,NA,NA,NA,NA,NA,NA,0,0,1.791,1.899,20.5,892980,0.163004770543573
"1814","P4","Non-Frozen","Non-storm","2006-07","11/10/2005 8:30","11/15/2005 22:25",5892,0.0175,0.45,69.55,0.00647,0.54,0.378,0.216,0.162,0,0,1.746,1.899,20.5,892980,0.0791775851642814
"1815","P4","Non-Frozen","Storm","2006-08","11/15/2005 22:25","11/18/2005",18320,0.3032,0.774,12.53,0.06176,0.54,0.432,0.234,0.171,0.09,0.09,0.324,2.115,20.5,892980,0.246186924679164
"1816","P4","Non-Frozen","Non-storm","2006-09","11/18/2005","11/27/2005 14:00",17920,0.04685,0.306,91.2,0.003355,0.864,0.756,0.54,0.396,0,0,0,1.089,20.5,892980,0.24081166431499
"1817","P4","Non-Frozen","Storm","2006-10","11/27/2005 14:00","11/30/2005 23:00",49980,0.3514,1.143,45.87,0.02492,0.864,0.756,0.54,0.396,0.009,0.009,0.09,0.954,20.5,892980,0.671638782503527
"1818","P4","Frozen","Non-storm","2006-11","11/30/2005 23:00","12/12/2005 5:25",13010,0.03499,0,NA,NA,NA,NA,NA,NA,0,0.018,1.224,1.233,20.5,892980,0.174830343344756
"1819","P4","Frozen","Non-storm","2006-12","12/12/2005 5:25","12/21/2005 5:25",4203,0.00702,0.063,0.5,0.126,0.216,0.162,0.108,0.063,0,0,0,0,20.5,892980,0.0564805482765572
"1820","P4","Frozen","Non-storm","2006-13","12/21/2005 5:25","1/2/2006 8:05",6691,0.01485,0.486,235.9,0.00206,0.216,0.108,0.09,0.072,0,0,0,0.063,20.5,892980,0.0899146677417187
"1821","P4","Frozen","Storm","2006-14","1/2/2006 8:05","1/6/2006 20:40",73650,0.3514,0.45,70.8,0.006356,0.216,0.108,0.054,0.045,0.009,0.252,0.342,0.477,20.5,892980,0.989719814553517
"1822","P4","Frozen","Non-storm","2006-15","1/6/2006 20:40","1/20/2006 14:15",16680,0.03733,0,NA,NA,NA,NA,NA,NA,0,0.117,0.774,0.792,20.5,892980,0.224148357186051
"1823","P4","Frozen","Non-storm","2006-16","1/20/2006 14:15","1/28/2006 22:45",4564,0.00817,0.315,3.617,0.0871,0.648,0.54,0.432,0.324,0,0,0,0,20.5,892980,0.0613317207552241
"1824","P4","Frozen","Storm","2006-17","1/28/2006 22:45","1/31/2006 21:05",28090,0.3514,1.377,31.72,0.04342,0.648,0.54,0.432,0.324,0,0,0,0,20.5,892980,0.377477659074111
"1825","P4","Frozen","Non-storm","2006-18","1/31/2006 21:05","2/1/2006 11:00",1689,0.03811,0.054,0.9,0.06,0.216,0.216,0.144,0.108,0,0,1.377,1.377,20.5,892980,0.0226970368877243
"1826","P4","Frozen","Storm","2006-19","2/1/2006 11:00","2/4/2006 15:05",23150,0.1846,0.261,59.03,0.004421,0.216,0.216,0.144,0.108,0,0,1.377,1.377,20.5,892980,0.311093193576564
"1827","P4","Frozen","Non-storm","2006-20","2/4/2006 15:05","2/9/2006 6:05",10840,0.05926,0,NA,NA,NA,NA,NA,NA,0.009,0.009,1.638,1.638,20.5,892980,0.145669555869112
"1828","P4","Frozen","Non-storm","2006-21","2/9/2006 6:05","3/2/2006 11:30",12270,0.01462,0.036,362.8,9.924e-05,0.108,0.054,0.018,0.009,0,0,0,0.261,20.5,892980,0.164886111671034
"1829","P4","Frozen","Non-storm","2006-22","3/2/2006 11:30","3/7/2006 21:05",1446,0.004,0.279,97.72,0.002855,0.432,0.378,0.27,0.162,0.009,0.009,0.009,0.009,20.5,892980,0.0194315662164886
"1830","P4","Frozen","Storm","2006-23","3/7/2006 21:05","3/13/2006 4:35",84040,0.3514,0.604,117.5,0.00514,1.2,1.032,0.596,0.334,0,0.189,0.288,0.288,20.5,892980,1.12934220251293
"1831","P4","Frozen","Storm","2006-24","3/13/2006 4:35","3/14/2006 17:00",30480,0.3514,0.576,20.58,0.02798,0.432,0.378,0.288,0.279,0.334,0.334,0.775,0.874,20.5,892980,0.40959483975005
"1832","P4","Frozen","Non-storm","2006-25","3/14/2006 17:00","3/22/2006 7:45",13310,0.0682,0,NA,NA,NA,NA,NA,NA,0.018,0.576,1.162,1.45,20.5,892980,0.178861788617886
"1833","P4","Frozen","Non-storm","2006-26","3/22/2006 7:45","4/2/2006 19:50",12290,0.01554,0.063,59.12,0.001066,0.216,0.108,0.054,0.027,0,0,0,0,20.5,892980,0.165154874689243
"1834","P4","Non-Frozen","Storm","2006-27","4/2/2006 19:50","4/4/2006 20:10",9902,0.1889,0.612,16.98,0.03604,0.216,0.162,0.126,0.117,0,0.027,0.054,0.054,20.5,892980,0.133064570315125
"1835","P4","Non-Frozen","Non-storm","2006-28","4/4/2006 20:10","4/12/2006 12:20",8580,0.0274,0.479,128.6,0.003723,2.208,1.536,0.692,0.382,0,0,0.666,0.666,20.5,892980,0.11529933481153
"1836","P4","Non-Frozen","Storm","2006-29","4/12/2006 12:20","4/18/2006 18:50",14690,0.167,0.983,43.23,0.02274,2.208,1.536,0.692,0.396,0.009,0.009,0.09,0.756,20.5,892980,0.197406436874286
"1837","P4","Non-Frozen","Non-storm","2006-30","4/18/2006 18:50","4/30/2006 19:45",7939,0.01181,0.849,257.5,0.003297,1.332,0.774,0.366,0.198,0,0,0.135,1.073,20.5,892980,0.106685480077941
"1838","P4","Non-Frozen","Non-storm","2006-31","4/30/2006 19:45","5/11/2006 10:30",11780,0.03936,1.476,261.4,0.005647,0.648,0.54,0.396,0.342,0.018,0.018,0.036,0.561,20.5,892980,0.158301417724921
"1839","P4","Non-Frozen","Storm","2006-32","5/11/2006 10:30","5/14/2006",53970,0.3514,2.826,64.83,0.04359,0.648,0.54,0.396,0.342,0.009,0.234,0.234,1.242,20.5,892980,0.725257004636162
"1840","P4","Non-Frozen","Storm","2006-33","5/14/2006","5/19/2006 5:45",66420,0.3514,1.109,98.47,0.01126,0.648,0.486,0.216,0.117,0.099,0.855,3.024,4.032,20.5,892980,0.892561983471074
"1841","P4","Non-Frozen","Non-storm","2006-34","5/19/2006 5:45","5/28/2006 7:10",12320,0.0385,0.117,177.7,0.0006584,0.216,0.108,0.072,0.045,0,0,1.109,4.133,20.5,892980,0.165558019216556
"1842","P4","Non-Frozen","Storm","2006-35","5/28/2006 7:10","5/30/2006 15:20",17400,0.3514,1.893,56.77,0.03335,4.056,3.474,2.446,1.554,0.018,0.018,0.072,0.893,20.5,892980,0.233823825841564
"1843","P4","Non-Frozen","Storm","2006-36","5/30/2006 15:20","5/31/2006 7:35",8961,0.3514,0.468,17.33,0.027,2.04,1.404,0.666,0.351,0,0,1.866,2.145,20.5,892980,0.120419270308406
"1844","P4","Non-Frozen","Non-storm","2006-37","5/31/2006 7:35","6/2/2006 0:30",15880,0.3514,0.486,10.98,0.04425,0.864,0.81,0.594,0.396,0.396,0.396,2.262,2.541,20.5,892980,0.213397836457703
"1845","P4","Non-Frozen","Non-storm","2006-38","6/2/2006 0:30","6/10/2006 13:55",10390,0.03127,0.252,10.93,0.02305,0.324,0.216,0.126,0.099,0,0,0.828,2.748,20.5,892980,0.139622387959417
"1846","P4","Non-Frozen","Non-storm","2006-39","6/10/2006 13:55","6/16/2006 10:50",3493,0.00885,0,NA,NA,NA,NA,NA,NA,0,0,0.252,2.946,20.5,892980,0.0469394611301485
"1847","P4","Non-Frozen","Non-storm","2006-40","6/16/2006 10:50","7/18/2006 14:45",7357,0.00632,0.551,711.2,0.0007748,0.78,0.498,0.166,0.083,0,0,0,0.252,20.5,892980,0.0988644762480683
"1848","P4","Non-Frozen","Non-storm","2006-42","7/19/2006 21:00","8/2/2006 9:10",1088,0.018,3.098,312.8,0.009903,7.848,6.012,2.04,1.038,0,0,0.027,0.036,20.5,892980,0.014620708190553
"1849","P4","Non-Frozen","Storm","2006-43","8/2/2006 9:10","8/3/2006 13:35",1498,0.2066,1.091,16.15,0.06755,7.848,6.312,3.022,1.529,0,0,0.902,2.579,20.5,892980,0.0201303500638312
"1850","P4","Non-Frozen","Non-storm","2006-44","8/3/2006 13:35","8/12/2006 16:15",700.3,0.0041,0.018,0.06667,0.27,0.216,0.108,0.036,0.018,0,0,1.885,2.822,20.5,892980,0.00941073708257744
"1851","P4","Non-Frozen","Storm","2006-47","9/12/2006 5:30","9/14/2006 15:15",444.5,0.0212,0.81,41.65,0.01945,0.216,0.216,0.162,0.117,0.045,0.045,0.458,0.458,20.5,892980,0.00597325807968824
"1852","P4","Non-Frozen","Storm","2006-49","9/18/2006 0:30","9/20/2006 3:00",336.4,0.02516,0.669,30.2,0.02215,1.092,0.87,0.56,0.39,0,0,0.855,1.268,20.5,892980,0.00452059396627024
"1853","P4","Non-Frozen","Non-storm","2007-01","10/2/2006 4:30","10/2/2006 10:30",4.6,0.00043,0.018,0.08333,0.216,0.108,0.108,0.036,0.018,0,0.018,0.468,0.819,20.5,892980,6.18154941879997e-05
"1854","P4","Non-Frozen","Storm","2007-02","10/4/2006 3:15","10/5/2006 6:50",1869,0.1041,2.38,27.92,0.08525,13.44,6.72,2.24,1.12,0,0.028,0.496,0.838,20.5,892980,0.0251159040516025
"1855","P4","Non-Frozen","Non-storm","2007-03","10/5/2006 6:50","11/1/2006 1:45",2615,0.01675,2.063,552.4,0.003734,13.44,6.72,2.24,1.12,0.54,1.82,1.92,2.658,20.5,892980,0.0351407646307868
"1856","P4","Non-Frozen","Non-storm","2007-04","11/1/2006 15:45","11/10/2006 4:00",195.1,0.00082,0.027,90.4,0.0002987,0.108,0.054,0.018,0.009,0,0,0,0.378,20.5,892980,0.00262178324262581
"1857","P4","Non-Frozen","Non-storm","2007-05","11/10/2006 17:00","11/21/2006 4:15",370.8,0.00134,0,NA,NA,NA,NA,NA,NA,0,0,0.027,0.081,20.5,892980,0.0049828663575892
"1858","P4","Non-Frozen","Storm","2007-06","11/28/2006","11/28/2006 20:45",327.1,0.01958,0.558,11.22,0.04975,0.324,0.27,0.144,0.099,0.027,0.09,0.09,0.09,20.5,892980,0.0043956191628032
"1859","P4","Non-Frozen","Non-storm","2007-07","11/28/2006 20:45","12/11/2006 19:15",1338,0.0036,0.063,1.4,0.045,0.216,0.108,0.054,0.045,0,0.558,0.648,0.648,20.5,892980,0.0179802459181617
"1860","P4","Non-Frozen","Storm","2007-08","12/11/2006 19:15","12/13/2006 18:00",1007,0.01122,0.059,24,0.002458,0.6,0.3,0.1,0.05,0,0,0,0.486,20.5,892980,0.0135322179668078
"1861","P4","Non-Frozen","Non-storm","2007-09","12/13/2006 18:00","12/22/2006 13:00",2791,0.0073,0.379,175,0.002166,0.96,0.54,0.252,0.126,0,0.05,0.059,0.059,20.5,892980,0.0375058791910233
"1862","P4","Non-Frozen","Storm","2007-10","12/22/2006 13:00","12/27/2006 15:50",20240,0.1404,1.1,125.4,0.008775,0.864,0.54,0.27,0.207,0.081,0.099,0.199,0.258,20.5,892980,0.271988174427199
"1863","P4","Non-Frozen","Non-storm","2007-11","12/27/2006 15:50","12/31/2006 16:40",5517,0.02676,0.081,25.35,0.003195,0.432,0.324,0.216,0.144,0,0,0.038,1.199,20.5,892980,0.0741382785728684
"1864","P4","Non-Frozen","Storm","2007-12","12/31/2006 16:40","1/5/2007 11:30",24960,0.2218,0.468,17.07,0.02742,0.432,0.378,0.234,0.18,0,0.009,0.029,1.208,20.5,892980,0.335416246724451
"1865","P4","Frozen","Non-storm","2007-13","1/5/2007 11:30","1/16/2007 11:05",10870,0.0218,0.063,0.8,0.07875,0.216,0.162,0.108,0.063,0,0,0.099,0.497,20.5,892980,0.146072700396425
"1866","P4","Frozen","Non-storm","2007-14","1/16/2007 11:05","2/21/2007 17:30",10070,0.01202,0,NA,NA,NA,NA,NA,NA,0,0,0,0.063,20.5,892980,0.135322179668078
"1867","P4","Frozen","Storm","2007-15","2/21/2007 17:30","2/22/2007 18:00",794.5,0.02644,0,NA,NA,NA,NA,NA,NA,0,0,0,0,20.5,892980,0.0106766108983404
"1868","P4","Frozen","Non-storm","2007-16","2/22/2007 18:00","3/10/2007 19:45",2517,0.00716,0.261,7.783,0.03353,0.324,0.27,0.162,0.09,0,0,0,0,20.5,892980,0.0338238258415642
"1869","P4","Frozen","Storm","2007-17","3/10/2007 19:45","3/15/2007 15:40",39600,0.3164,0.216,1.85,0.1168,0.432,0.324,0.234,0.153,0,0,0,0.261,20.5,892980,0.532150776053215
"1870","P4","Frozen","Storm","2007-18","3/15/2007 15:40","3/20/2007 16:55",11310,0.1273,0,NA,NA,NA,NA,NA,NA,0,0,0.216,0.477,20.5,892980,0.151985486797017
"1871","P4","Frozen","Non-storm","2007-19","3/20/2007 16:55","3/21/2007 22:05",1082,0.01625,0.099,8.517,0.01162,1.08,0.54,0.216,0.144,0,0,0,0.216,20.5,892980,0.0145400792850904
"1872","P4","Frozen","Storm","2007-20","3/21/2007 22:05","3/23/2007 11:15",20500,0.3514,1.091,35.08,0.0311,9.72,4.86,1.62,0.81,0.009,0.009,0.009,0.225,20.5,892980,0.275482093663912
"1873","P4","Frozen","Storm","2007-21","3/23/2007 11:15","3/28/2007 14:50",14340,0.0497,0.144,24,0.006,1.62,0.81,0.27,0.135,0,0,1.1,1.316,20.5,892980,0.192703084055634
"1874","P4","Non-Frozen","Non-storm","2007-22","3/28/2007 14:50","4/1/2007 1:45",4041,0.01931,0.081,48,0.001688,0.756,0.378,0.126,0.063,0,0.009,0.954,1.244,20.5,892980,0.0543035678290667
"1875","P4","Non-Frozen","Storm","2007-23","4/1/2007 1:45","4/3/2007 9:35",10080,0.1004,0.724,24,0.03017,6.312,3.156,1.052,0.526,0.063,0.063,0.225,1.325,20.5,892980,0.135456561177182
"1876","P4","Non-Frozen","Non-storm","2007-24","4/3/2007 9:35","4/14/2007 16:05",12500,0.03275,0,NA,NA,NA,NA,NA,NA,0,0.198,0.805,2.049,20.5,892980,0.167976886380434
"1877","P4","Non-Frozen","Storm","2007-25","4/14/2007 16:05","4/15/2007 13:10",3631,0.0804,0,NA,NA,NA,NA,NA,NA,0,0,0,0.724,20.5,892980,0.0487939259557885
"1878","P4","Non-Frozen","Non-storm","2007-26","4/15/2007 13:10","7/5/2007 20:45",37480,0.06142,5.314,1881,0.002825,4.08,3.612,1.792,0.896,0,0,0,0,20.5,892980,0.503661896123093
"1879","P4","Non-Frozen","Storm","2007-27","7/5/2007 20:45","7/6/2007 5:30",1130,0.09606,0.839,0.85,0.9871,4.08,3.612,2.102,1.287,0.202,0.774,1.107,1.107,20.5,892980,0.0151851105287912
"1880","P4","Non-Frozen","Non-storm","2007-28","7/6/2007 5:30","7/23/2007 16:45",4504,0.0551,1.322,228.8,0.005777,1.68,1.392,0.846,0.441,0,0,1.946,1.946,20.5,892980,0.060525431700598
"1881","P4","Non-Frozen","Storm","2007-29","8/19/2007 13:15","8/27/2007 19:00",1408,0.0281,0.722,97,0.007443,4.5,2.442,0.814,0.407,0,0.009,0.009,0.328,20.5,892980,0.0189209164818921
"1882","P4","Non-Frozen","Non-storm","2007-30","8/29/2007 1:45","8/31/2007 21:30",134.8,0.0034,0.416,13.2,0.03152,1.752,1.038,0.346,0.173,0,0,0.315,0.731,20.5,892980,0.0018114627427266
"1883","P4","Non-Frozen","Non-storm","2007-31","9/7/2007 11:15","9/12/2007 11:30",564.4,0.02484,0.89,98.98,0.008991,1.812,1.404,0.468,0.372,0.154,0.154,0.154,0.714,20.5,892980,0.00758449237384936
"1884","P4","Non-Frozen","Non-storm","2007-32","9/25/2007 9:15","9/28/2007 5:30",216.7,0.018,0.544,67.33,0.008079,1.224,1.098,0.582,0.327,0,0,0.234,0.334,20.5,892980,0.0029120473022912
"1885","P4","Non-Frozen","Non-storm","2008-01","10/1/2007 7:45","10/8/2007 10:45",679.5,0.01508,0.837,121.8,0.006871,0.324,0.27,0.18,0.153,0,0,0.544,0.869,20.5,892980,0.0091312235436404
"1886","P4","Non-Frozen","Non-storm","2008-02","10/10/2007 18:15","10/16/2007 9:15",395.5,0.00744,0.774,141.6,0.005467,0.432,0.432,0.288,0.198,0,0.072,0.135,0.927,20.5,892980,0.00531478868507693
"1887","P4","Non-Frozen","Storm","2008-03","10/16/2007 9:15","10/17/2007 4:50",1555,0.04922,1.278,9.5,0.1345,0.54,0.486,0.432,0.351,0.081,0.162,0.603,0.945,20.5,892980,0.020896324665726
"1888","P4","Non-Frozen","Non-storm","2008-04","10/17/2007 4:50","10/18/2007 6:15",356.9,0.00674,0.162,21.08,0.007684,0.864,0.864,0.36,0.288,1.125,1.278,1.881,2.016,20.5,892980,0.00479607605993415
"1889","P4","Non-Frozen","Storm","2008-05","10/18/2007 6:15","10/20/2007 1:50",4125,0.07056,1.24,35.7,0.03473,1.248,0.966,0.64,0.617,0.009,1.287,1.584,2.025,20.5,892980,0.0554323725055432
"1890","P4","Non-Frozen","Non-storm","2008-06","10/20/2007 1:50","11/30/2007 23:45",5436,0.00885,0.171,886.8,0.0001928,0.108,0.054,0.054,0.045,0,0,2.527,3.202,20.5,892980,0.0730497883491232
"1891","P4","Frozen","Non-storm","2008-07","12/1/2007 18:00","12/6/2007 4:45",250.6,0.00146,0.317,NA,NA,NA,NA,NA,NA,0,0,0.072,0.117,20.5,892980,0.00336760061815494
"1892","P4","Non-Frozen","Non-storm","2008-08","12/6/2007 16:45","12/8/2007 5:45",55.3,0.00067,0,NA,NA,NA,NA,NA,NA,0,0,0.317,0.389,20.5,892980,0.00074312974534704
"1893","P4","Non-Frozen","Non-storm","2008-09","12/11/2007 1:30","12/12/2007 6:30",49,0.00067,0,NA,NA,NA,NA,NA,NA,0,0,0,0.389,20.5,892980,0.000658469394611301
"1894","P4","Non-Frozen","Non-storm","2008-10","12/13/2007 0:45","12/14/2007 5:15",59.2,0.00082,0,NA,NA,NA,NA,NA,NA,0,0,0,0.317,20.5,892980,0.000795538533897736
"1895","P4","Non-Frozen","Non-storm","2008-11","12/15/2007 14:45","12/20/2007 0:15",154.3,0.00086,0,NA,NA,NA,NA,NA,NA,0,0,0,0.317,20.5,892980,0.00207350668548008
"1896","P4","Non-Frozen","Non-storm","2008-12","12/20/2007 15:00","12/22/2007 9:30",73.7,0.00158,0,NA,NA,NA,NA,NA,NA,0,0,0,0,20.5,892980,0.000990391722099039
"1897","P4","Frozen","Storm","2008-13","12/22/2007 9:30","12/27/2007 8:00",20750,0.3514,0.531,24.87,0.02135,0.432,0.324,0.162,0.144,0,0,0,0,20.5,892980,0.278841631391521
"1898","P4","Frozen","Non-storm","2008-14","12/27/2007 8:00","1/6/2008 8:50",6972,0.01393,0,NA,NA,NA,NA,NA,NA,0,0,0.531,0.531,20.5,892980,0.0936907881475509
"1899","P4","Frozen","Storm","2008-15","1/6/2008 8:50","1/10/2008 18:00",72760,0.3514,1.695,38.3,0.04426,1.584,1.176,0.772,0.505,0,0,0,0,20.5,892980,0.97775986024323
"1900","P4","Frozen","Non-storm","2008-16","1/10/2008 18:00","1/17/2008 1:55",26820,0.07662,0,NA,NA,NA,NA,NA,NA,0,0.432,1.695,1.695,20.5,892980,0.360411207417859
"1901","P4","Frozen","Non-storm","2008-17","1/17/2008 1:55","3/3/2008 1:45",35030,0.03423,0.209,331.6,0.0006303,1.728,0.864,0.288,0.144,0,0,0,0,20.5,892980,0.470738426392528
"1902","P4","Frozen","Storm","2008-18","3/3/2008 1:45","3/7/2008 20:25",22310,0.223,0.344,9.633,0.03571,1.56,0.78,0.26,0.13,0,0,0,0.144,20.5,892980,0.299805146811799
"1903","P4","Frozen","Non-storm","2008-19","3/7/2008 20:25","3/13/2008 17:40",5200,0.01439,0.027,4.25,0.006353,0.108,0.054,0.018,0.009,0,0,0,0.344,20.5,892980,0.0698783847342606
"1904","P4","Frozen","Storm","2008-20","3/13/2008 17:40","3/15/2008 17:30",35790,0.3514,0,NA,NA,NA,NA,NA,NA,0.027,0.027,0.027,0.371,20.5,892980,0.480951421084459
"1905","P4","Frozen","Non-storm","2008-21","3/15/2008 17:30","3/18/2008 12:25",22130,0.2645,0,NA,NA,NA,NA,NA,NA,0,0,0.027,0.371,20.5,892980,0.29738627964792
"1906","P4","Frozen","Storm","2008-22","3/18/2008 12:25","3/20/2008 17:05",42220,0.3514,0,NA,NA,NA,NA,NA,NA,0,0,0.027,0.027,20.5,892980,0.567358731438554
"1907","P4","Frozen","Non-storm","2008-23","3/20/2008 17:05","3/24/2008 16:15",33210,0.3514,0,NA,NA,NA,NA,NA,NA,0,0,0,0.027,20.5,892980,0.446280991735537
"1908","P4","Frozen","Non-storm","2008-24","3/24/2008 16:15","3/25/2008 15:30",7296,0.191,0,NA,NA,NA,NA,NA,NA,0,0,0,0.027,20.5,892980,0.0980447490425317
"1909","P4","Frozen","Storm","2008-25","3/25/2008 15:30","3/27/2008 16:00",33960,0.3514,0,NA,NA,NA,NA,NA,NA,0,0,0,0.027,20.5,892980,0.456359604918363
"1910","P4","Frozen","Non-storm","2008-26","3/27/2008 16:00","3/31/2008 17:05",16210,0.07536,0,NA,NA,NA,NA,NA,NA,0,0,0,0,20.5,892980,0.217832426258147
"1911","P4","Frozen","Storm","2008-27","3/31/2008 17:05","4/3/2008 17:40",34990,0.3514,0.68,NA,NA,NA,NA,NA,NA,0,0,0,0,20.5,892980,0.470200900356111
"1912","P4","Non-Frozen","Non-storm","2008-28","4/3/2008 17:40","4/8/2008 22:00",13040,0.0561,0.09,0.4333,0.2077,0.72,0.48,0.36,0.18,0,0,0,0.68,20.5,892980,0.175233487872069
"1913","P4","Non-Frozen","Storm","2008-29","4/8/2008 22:00","4/10/2008 22:30",28600,0.3514,1.21,48.95,0.02472,0.72,0.48,0.36,0.3,0,0,0,0.68,20.5,892980,0.384331116038433
"1914","P4","Non-Frozen","Storm","2008-30","4/10/2008 22:30","4/14/2008 17:30",71400,0.3514,1.83,47.8,0.03828,0.6,0.54,0.32,0.24,0,1.13,1.13,1.81,20.5,892980,0.959483975005039
"1915","P4","Non-Frozen","Non-storm","2008-31","4/14/2008 17:30","6/8/2008 13:55",52610,0.06307,3.73,1232,0.003028,1.68,1.44,0.66,0.47,0,0,0.86,2.96,20.5,892980,0.706981119397971
"1916","P4","Non-Frozen","Storm","2008-32","6/8/2008 13:55","6/10/2008 0:20",35600,0.3514,2.14,19.47,0.1099,1.92,1.5,0.94,0.54,0.28,0.28,1.09,1.2,20.5,892980,0.478398172411476
"1917","P4","Non-Frozen","Non-storm","2008-33","6/10/2008 0:20","6/13/2008 0:20",10400,0.1126,0.77,7.067,0.109,6.96,5.52,2.44,1.26,0,0,2.42,3.34,20.5,892980,0.139756769468521
"1918","P4","Non-Frozen","Storm","2008-34","6/13/2008 0:20","6/13/2008 19:15",21280,0.3514,2.18,10.1,0.2158,7.08,5.94,3.12,1.64,0.12,0.12,2.54,3.46,20.5,892980,0.285963851374051
"1919","P4","Non-Frozen","Non-storm","2008-35","6/13/2008 19:15","6/16/2008 21:45",12040,0.1477,0,NA,NA,NA,NA,NA,NA,2.18,2.3,4.72,5.53,20.5,892980,0.161795336961634
"1920","P4","Non-Frozen","Non-storm","2008-36","6/16/2008 21:45","7/30/2008 21:15",19900,0.0227,2.48,942.4,0.002632,1.8,1.26,0.72,0.38,0,0,0,4.72,20.5,892980,0.267419203117651
"1921","P4","Non-Frozen","Non-storm","2008-37","8/6/2008 19:45","8/10/2008 2:15",245.5,0.01675,0.71,67.78,0.01047,2.64,2.16,1.18,0.68,0,0,0.41,0.46,20.5,892980,0.00329906604851172
"1922","P4","Frozen","Non-storm","2009-04","2/7/2009 16:45","3/6/2009 4:14",84180,0.3514,0.261,375.3,0.0006955,0.216,0.162,0.126,0.108,0,0,0,0,20.5,892980,1.1312235436404
"1923","P4","Frozen","Storm","2009-05","3/6/2009 4:14","3/18/2009 11:30",161200,0.3514,0.36,18.52,0.01944,0.216,0.108,0.072,0.063,0,0,0,0.063,20.5,892980,2.16622992676208
"1924","P4","Frozen","Non-storm","2009-06","3/18/2009 11:30","3/28/2009 13:52",21380,0.1431,0.18,20.32,0.00886,0.216,0.216,0.126,0.09,0,0,0,0.216,20.5,892980,0.287307666465094
"1925","P4","Non-Frozen","Non-storm","2009-07","3/28/2009 13:52","4/25/2009 14:05",26480,0.07473,2.142,594.5,0.003603,1.512,1.188,0.756,0.432,0,0,0.072,0.18,20.5,892980,0.355842236108311
"1926","P4","Non-Frozen","Storm","2009-08","4/25/2009 14:05","4/30/2009 1:00",24340,0.1581,1.134,55.72,0.02035,1.512,1.188,0.756,0.45,0.027,0.036,1.566,1.566,20.5,892980,0.327084593159981
"1927","P4","Non-Frozen","Non-storm","2009-09","4/30/2009 1:00","6/8/2009 8:30",31680,0.0497,3.297,926.9,0.003557,1.44,1.044,0.456,0.252,0,0,1.17,2.7,20.5,892980,0.425720620842572
"1928","P4","Non-Frozen","Storm","2009-10","6/8/2009 8:30","6/9/2009 11:30",20040,0.3514,1.039,13.92,0.07466,1.236,0.726,0.458,0.324,0.333,0.981,0.99,2.379,20.5,892980,0.269300544245112
"1929","P4","Non-Frozen","Non-storm","2009-11","6/9/2009 11:30","7/8/2009 19:15",25450,0.09045,0.445,510.6,0.0008715,1.332,1.05,0.458,0.238,0,1.039,2.029,3.157,20.5,892980,0.342000940670564
"1930","P4","Non-Frozen","Non-storm","2009-13","8/8/2009 8:30","8/11/2009 6:15",356.3,0.00834,1.229,62.68,0.01961,2.652,1.986,0.79,0.449,0.036,0.036,0.348,0.708,20.5,892980,0.00478801316938789
"1931","P4","Non-Frozen","Storm","2009-16","9/28/2009 10:00","9/30/2009 22:45",2363,0.1173,0.721,18.27,0.03947,0.972,0.816,0.488,0.289,0.009,0.495,1.242,1.512,20.5,892980,0.0317543506013572
"1932","P5","Non-Frozen","Storm","2005-1","12/7/2004 8:00","12/13/2004 10:00",1894,0.0295,1.52,128.2,0.01186,0.36,0.3,0.24,0.21,0.31,0.31,0.31,1.16,13.2,574992,0.0395275064696552
"1933","P5","Frozen","Non-storm","2005-2","12/13/2004 10:00","1/2/2005 8:01",8466,0.1256,0.29,12.53,0.02314,0.24,0.24,0.16,0.11,0,0,0,0,13.2,574992,0.176684197345354
"1934","P5","Frozen","Storm","2005-3","1/2/2005 8:01","1/5/2005 6:30",5870,0.111,0.4,8.083,0.04948,1.44,1.08,0.54,0.31,0,0,0.29,0.29,13.2,574992,0.122506052258118
"1935","P5","Frozen","Non-storm","2005-4","1/5/2005 6:30","1/12/2005 17:00",608.1,0.00465,0.21,19.25,0.01091,0.12,0.12,0.06,0.05,0,0,0,0.69,13.2,574992,0.0126909591785625
"1936","P5","Frozen","Storm","2005-5","1/12/2005 17:00","1/14/2005 12:45",6570,0.1231,0.05,7.933,0.006303,0.12,0.06,0.04,0.02,0.21,0.21,0.21,0.9,13.2,574992,0.137114951164538
"1937","P5","Frozen","Non-storm","2005-6","1/14/2005 12:45","1/19/2005 11:00",320.5,0.00421,0,NA,NA,NA,NA,NA,NA,0,0.08,0.26,0.66,13.2,574992,0.0066887887135821
"1938","P5","Frozen","Non-storm","2005-7","2/5/2005 19:00","2/5/2005 23:00",5.6,0.00078,0,NA,NA,NA,NA,NA,NA,0,0,0,0,13.2,574992,0.000116871191251357
"1939","P5","Frozen","Storm","2005-8","2/5/2005 23:00","2/9/2005",9766,0.1239,0.333,20.67,0.01611,0.216,0.162,0.108,0.081,0,0,0,0,13.2,574992,0.203815009600134
"1940","P5","Frozen","Storm","2005-9","2/9/2005","2/22/2005 21:30",1451,0.0682,0.378,43.67,0.008656,0.108,0.108,0.072,0.063,0,0,0.333,0.333,13.2,574992,0.0302821604474497
"1941","P5","Frozen","Non-storm","2005-10","3/6/2005 21:00","3/7/2005 22:20",1447,0.03733,0,NA,NA,NA,NA,NA,NA,0,0,0,0,13.2,574992,0.0301986810251273
"1942","P5","Frozen","Storm","2005-11","3/7/2005 22:20","3/8/2005 14:00",1543,0.03577,0,NA,NA,NA,NA,NA,NA,0,0,0,0,13.2,574992,0.0322021871608648
"1943","P5","Frozen","Non-storm","2005-12","3/8/2005 14:00","3/13/2005 21:00",941.2,0.0288,0,NA,NA,NA,NA,NA,NA,0,0,0,0,13.2,574992,0.0196427080724601
"1944","P5","Frozen","Non-storm","2005-13","3/25/2005 2:00","3/25/2005 14:00",9.1,0.00061,0,NA,NA,NA,NA,NA,NA,0,0,0,0,13.2,574992,0.000189915685783454
"1945","P5","Frozen","Non-storm","2005-14","3/25/2005 21:00","3/29/2005 16:55",128,0.0014,0,NA,NA,NA,NA,NA,NA,0,0,0,0,13.2,574992,0.00267134151431672
"1946","P5","Frozen","Storm","2005-15","3/29/2005 16:55","4/4/2005 12:45",16720,0.1413,0.353,4.5,0.07844,1.104,0.768,0.436,0.254,0,0,0,0,13.2,574992,0.348943985307622
"1947","P5","Non-Frozen","Non-storm","2005-16","4/4/2005 12:45","5/8/2005 17:00",2347,0.0031,1.423,612.6,0.002323,0.984,0.924,0.704,0.451,0,0,0,0.353,13.2,574992,0.0489815510476668
"1948","P5","Non-Frozen","Storm","2005-17","8/19/2005 2:00","8/20/2005 11:30",5844,0.3208,4.793,35.8,0.1339,7.044,6.678,5.188,4.029,0,0,0.234,0.766,13.2,574992,0.121963436013023
"1949","P5","Non-Frozen","Storm","2005-18","8/20/2005 11:30","8/22/2005 8:00",972.3,0.01307,0.579,2.083,0.2779,3.624,2.082,1.076,0.637,0,4.708,4.708,5.474,13.2,574992,0.0202917605810168
"1950","P5","Non-Frozen","Non-storm","2005-19","8/22/2005 8:00","8/24/2005 2:00",78.2,0.0011,0,NA,NA,NA,NA,NA,NA,0,0.579,5.287,6.053,13.2,574992,0.00163202270640287
"1951","P5","Non-Frozen","Storm","2005-20","8/27/2005 8:00","8/29/2005 16:30",234.7,0.0031,0.836,5.8,0.1441,1.92,1.23,0.644,0.457,0,0,0.579,5.287,13.2,574992,0.00489815510476667
"1952","P5","Non-Frozen","Storm","2005-21","9/13/2005 22:45","9/20/2005 3:30",5924,0.3208,1.476,134.5,0.01097,4.884,4.74,2.646,1.413,0.018,0.018,0.713,0.713,13.2,574992,0.123633024459471
"1953","P5","Non-Frozen","Storm","2005-22","9/25/2005 16:30","9/28/2005 20:00",786.2,0.01008,0.787,75.4,0.01044,3.288,1.968,0.728,0.486,0.117,0.117,0.504,1.944,13.2,574992,0.0164078804574672
"1954","P5","Non-Frozen","Storm","2005-23","9/28/2005 20:00","10/1/2005 4:59",1378,0.01416,0.63,5.25,0.12,1.08,0.864,0.612,0.486,0,0,0.967,1.021,13.2,574992,0.028758660990066
"1955","P5","Non-Frozen","Non-storm","2006-01","10/1/2005 5:00","10/3/2005 2:50",338.4,0.0032,0.027,0.4333,0.06231,0.216,0.108,0.108,0.054,0,0,0.702,1.651,13.2,574992,0.00706235912847483
"1956","P5","Non-Frozen","Non-storm","2006-02","10/3/2005 2:50","10/16/2005 14:46",502.8,0.00164,0.298,258.2,0.001154,0.66,0.438,0.164,0.108,0,0,0.702,1.651,13.2,574992,0.0104933633859254
"1957","P5","Non-Frozen","Storm","2006-05","11/6/2005 2:30","11/10/2005 8:30",2655,0.01825,1.8,79.52,0.02264,0.432,0.432,0.306,0.27,0,0,0.099,0.459,13.2,574992,0.0554094665664914
"1958","P5","Non-Frozen","Non-storm","2006-06","11/10/2005 8:30","11/16/2005 1:05",1377,0.00534,0.666,72.27,0.009216,0.54,0.432,0.216,0.198,0,0,1.746,1.899,13.2,574992,0.0287377911344853
"1959","P5","Non-Frozen","Storm","2006-07","11/16/2005 1:05","11/18/2005",2395,0.0221,0.774,12.53,0.06176,0.54,0.432,0.234,0.216,0.09,0.09,0.324,2.115,13.2,574992,0.0499833041155355
"1960","P5","Non-Frozen","Non-storm","2006-08","11/18/2005","11/27/2005 15:00",5697,0.01008,0.45,92,0.004891,0.864,0.756,0.54,0.45,0,0,0,1.089,13.2,574992,0.118895567242675
"1961","P5","Non-Frozen","Storm","2006-09","11/27/2005 15:00","11/30/2005 18:00",19040,0.1814,1.143,45.87,0.02492,0.864,0.756,0.54,0.45,0.009,0.009,0.09,0.954,13.2,574992,0.397362050254612
"1962","P5","Frozen","Non-storm","2006-10","11/30/2005 18:00","12/12/2005 6:15",10260,0.0288,0,NA,NA,NA,NA,NA,NA,0,0.117,1.233,1.233,13.2,574992,0.21412471825695
"1963","P5","Frozen","Non-storm","2006-11","12/12/2005 6:15","12/20/2005 6:15",2508,0.00465,0.063,0.5,0.126,0.216,0.162,0.108,0.063,0,0,0,0,13.2,574992,0.0523415977961433
"1964","P5","Frozen","Non-storm","2006-12","12/20/2005 6:15","1/2/2006 8:05",4400,0.00604,0.486,235.9,0.00206,0.216,0.108,0.09,0.072,0,0,0,0.063,13.2,574992,0.0918273645546373
"1965","P5","Frozen","Storm","2006-13","1/2/2006 8:05","1/6/2006 20:40",56560,0.2476,0.45,70.8,0.006356,0.216,0.108,0.054,0.045,0.009,0.252,0.342,0.477,13.2,574992,1.1803990316387
"1966","P5","Frozen","Non-storm","2006-14","1/6/2006 20:40","1/20/2006 14:15",15610,0.03694,0,NA,NA,NA,NA,NA,NA,0,0.117,0.774,0.792,13.2,574992,0.325778445613156
"1967","P5","Frozen","Non-storm","2006-15","1/20/2006 14:15","1/28/2006 22:25",3609,0.00744,0.252,3.25,0.07754,0.648,0.54,0.432,0.324,0,0,0,0,13.2,574992,0.0753193087903832
"1968","P5","Frozen","Storm","2006-16","1/28/2006 22:25","1/31/2006 15:15",18160,0.191,1.377,31.72,0.04342,0.648,0.54,0.432,0.324,0,0,0,0,13.2,574992,0.378996577343685
"1969","P5","Frozen","Non-storm","2006-17","1/31/2006 15:15","2/1/2006 10:30",2291,0.04065,0.045,0.5,0.09,0.216,0.216,0.144,0.09,0,0,1.377,1.377,13.2,574992,0.0478128391351532
"1970","P5","Frozen","Storm","2006-18","2/1/2006 10:30","2/4/2006 15:15",20150,0.1273,0.261,59.03,0.004421,0.216,0.216,0.144,0.099,0,0,1.377,1.377,13.2,574992,0.420527589949078
"1971","P5","Frozen","Non-storm","2006-19","2/4/2006 15:15","2/9/2006 6:15",9315,0.0541,0,NA,NA,NA,NA,NA,NA,0.009,0.009,1.638,1.638,13.2,574992,0.194402704733283
"1972","P5","Frozen","Non-storm","2006-20","2/9/2006 6:15","2/18/2006 18:15",6415,0.01416,0.027,2.433,0.0111,0.108,0.054,0.018,0.009,0,0,0,0.261,13.2,574992,0.133880123549545
"1973","P5","Frozen","Non-storm","2006-21","2/18/2006 18:15","3/2/2006 11:30",4054,0.00576,0.009,NA,NA,NA,NA,NA,NA,0,0,0,0,13.2,574992,0.0846063945237499
"1974","P5","Frozen","Non-storm","2006-22","3/2/2006 11:30","3/7/2006 19:50",1223,0.00421,0.279,97.72,0.002855,0.432,0.378,0.27,0.162,0.009,0.009,0.009,0.009,13.2,574992,0.025523833375073
"1975","P5","Frozen","Storm","2006-23","3/7/2006 19:50","3/12/2006 2:25",37970,0.3208,0.252,46.53,0.005415,0.216,0.162,0.09,0.072,0,0.189,0.288,0.288,13.2,574992,0.792428416395359
"1976","P5","Frozen","Storm","2006-24","3/12/2006 2:25","3/13/2006 2:55",19210,0.3209,0.343,23.03,0.01489,1.2,1.032,0.596,0.334,0,0.009,0.495,0.54,13.2,574992,0.400909925703314
"1977","P5","Frozen","Storm","2006-25","3/13/2006 2:55","3/14/2006 17:00",28540,0.3209,0.576,20.58,0.02798,0.432,0.378,0.288,0.279,0.334,0.334,0.775,0.874,13.2,574992,0.595625678270306
"1978","P5","Frozen","Non-storm","2006-26","3/14/2006 17:00","3/22/2006 7:25",12890,0.0521,0,NA,NA,NA,NA,NA,NA,0.018,0.576,1.162,1.45,13.2,574992,0.269012438433926
"1979","P5","Frozen","Non-storm","2006-27","3/22/2006 7:25","4/2/2006 23:45",11500,0.01531,0.216,63,0.003429,0.216,0.216,0.144,0.126,0,0,0,0,13.2,574992,0.240003339176893
"1980","P5","Non-Frozen","Storm","2006-28","4/2/2006 23:45","4/4/2006 20:10",7156,0.144,0.612,16.98,0.03604,0.216,0.216,0.144,0.126,0,0.027,0.054,0.054,13.2,574992,0.149344686534769
"1981","P5","Non-Frozen","Non-storm","2006-29","4/4/2006 20:10","4/11/2006 14:15",7107,0.023,0.081,3.617,0.0224,0.108,0.054,0.054,0.045,0,0,0.666,0.666,13.2,574992,0.14832206361132
"1982","P5","Non-Frozen","Non-storm","2006-30","4/11/2006 14:15","4/19/2006 10:20",8497,0.02066,0.992,51.27,0.01935,1.104,0.768,0.486,0.36,0,0,0.081,0.747,13.2,574992,0.177331162868353
"1983","P5","Non-Frozen","Non-storm","2006-31","4/19/2006 10:20","4/30/2006 23:50",6024,0.00851,1.038,261,0.003978,1.332,0.774,0.366,0.198,0,0,0.135,1.073,13.2,574992,0.125720010017531
"1984","P5","Non-Frozen","Non-storm","2006-32","4/30/2006 23:50","5/11/2006 11:55",11850,0.03164,1.71,262.8,0.006508,0.864,0.648,0.432,0.396,0.018,0.018,0.036,0.561,13.2,574992,0.247307788630103
"1985","P5","Non-Frozen","Storm","2006-33","5/11/2006 11:55","5/13/2006 22:45",50210,0.3209,2.799,62.95,0.04446,0.864,0.648,0.432,0.396,0.009,0.234,0.234,1.242,13.2,574992,1.0478754487019
"1986","P5","Non-Frozen","Storm","2006-34","5/13/2006 22:45","5/19/2006 4:40",68060,0.3209,1.109,98.47,0.01126,0.648,0.486,0.216,0.117,0.099,0.855,3.024,4.032,13.2,574992,1.42040237081559
"1987","P5","Non-Frozen","Non-storm","2006-35","5/19/2006 4:40","5/28/2006 7:15",11500,0.03893,0.117,177.7,0.0006584,0.216,0.108,0.072,0.045,0,0,1.109,4.133,13.2,574992,0.240003339176893
"1988","P5","Non-Frozen","Storm","2006-36","5/28/2006 7:15","5/30/2006 14:55",17170,0.3209,1.848,55.8,0.03312,4.056,3.474,2.446,1.554,0.018,0.018,0.072,0.893,13.2,574992,0.358335420318891
"1989","P5","Non-Frozen","Storm","2006-37","5/30/2006 14:55","5/31/2006 7:00",3379,0.3208,0.423,15.05,0.02811,2.04,1.404,0.576,0.306,0,0,1.866,2.145,13.2,574992,0.0705192420068453
"1990","P5","Non-Frozen","Non-storm","2006-38","5/31/2006 7:00","6/2/2006 0:30",13030,0.3208,0.486,10.98,0.04425,0.864,0.81,0.576,0.351,0.396,0.396,2.262,2.541,13.2,574992,0.27193421821521
"1991","P5","Non-Frozen","Non-storm","2006-39","6/2/2006 0:30","6/10/2006 14:15",8039,0.02548,0.252,10.93,0.02305,0.324,0.216,0.126,0.099,0,0,0.828,2.748,13.2,574992,0.167772769012438
"1992","P5","Non-Frozen","Non-storm","2006-40","6/10/2006 14:15","6/16/2006 10:55",2059,0.00576,0,NA,NA,NA,NA,NA,NA,0,0,0.252,2.946,13.2,574992,0.0429710326404541
"1993","P5","Non-Frozen","Non-storm","2006-41","6/16/2006 10:55","7/13/2006 18:00",2380,0.0035,0.524,495,0.001059,0.78,0.498,0.166,0.083,0,0,0,0.252,13.2,574992,0.0496702562818265
"1994","P5","Non-Frozen","Storm","2006-54","8/2/2006 9:00","8/3/2006 14:00",442.6,0.09894,1.091,16.15,0.06755,3.924,3.588,2.002,1.01,0,0,0.902,2.579,13.2,574992,0.00923699807997329
"1995","P5","Non-Frozen","Storm","2007-01","10/4/2006 3:00","10/5/2006 6:35",5784,0.3208,2.38,27.92,0.08525,13.44,6.72,2.24,1.12,0,0.028,0.496,0.838,13.2,574992,0.120711244678187
"1996","P5","Non-Frozen","Non-storm","2007-02","10/5/2006 6:35","10/9/2006 9:00",194.7,0.0031,0.56,NA,NA,NA,NA,NA,NA,0.54,1.82,1.92,2.658,13.2,574992,0.0040633608815427
"1997","P5","Non-Frozen","Non-storm","2007-03","10/11/2006 12:00","10/14/2006 8:00",28.3,0.00017,0.225,8.083,0.02784,0.216,0.108,0.09,0.081,0.288,0.288,0.858,3.011,13.2,574992,0.000590616912930963
"1998","P5","Non-Frozen","Non-storm","2007-04","10/17/2006 10:00","11/3/2006 21:01",476.2,0.00106,0.891,268,0.003325,0.108,0.108,0.09,0.081,0.099,0.099,0.612,2.992,13.2,574992,0.00993822522748143
"1999","P5","Non-Frozen","Non-storm","2007-05","11/13/2006","11/20/2006 16:01",94.3,0.00019,0,NA,NA,NA,NA,NA,NA,0,0,0.018,0.027,13.2,574992,0.00196802738125052
"2000","P5","Non-Frozen","Non-storm","2007-06","11/28/2006 8:00","12/22/2006 13:00",1537,0.0039,1.059,584.4,0.001812,0.96,0.54,0.252,0.126,0.027,0.09,0.09,0.09,13.2,574992,0.0320769680273812
"2001","P5","Non-Frozen","Storm","2007-07","12/22/2006 13:00","12/27/2006 15:00",4668,0.0302,1.1,125.4,0.008775,0.864,0.54,0.27,0.207,0.081,0.099,0.199,0.258,13.2,574992,0.0974204858502379
"2002","P5","Non-Frozen","Non-storm","2007-08","12/27/2006 15:00","12/30/2006 3:12",720.2,0.00432,0,NA,NA,NA,NA,NA,NA,0.02,0.02,1.199,1.299,13.2,574992,0.0150304699891477
"2003","P5","Non-Frozen","Storm","2007-09","12/30/2006 3:12","1/2/2007 17:35",4354,0.0385,0.477,41.75,0.01143,0.324,0.216,0.144,0.126,0,0,0.038,1.199,13.2,574992,0.0908673511979297
"2004","P5","Non-Frozen","Non-storm","2007-10","1/2/2007 17:35","1/5/2007 11:30",2403,0.01439,0,NA,NA,NA,NA,NA,NA,0,0.297,0.497,1.676,13.2,574992,0.0501502629601803
"2005","P5","Frozen","Non-storm","2007-11","1/5/2007 11:30","1/18/2007 11:25",4868,0.008,0.063,0.8,0.07875,0.216,0.162,0.108,0.063,0,0,0.099,0.497,13.2,574992,0.101594456966358
"2006","P5","Frozen","Non-storm","2007-12","1/18/2007 11:25","2/21/2007 18:00",3013,0.0035,0,NA,NA,NA,NA,NA,NA,0,0,0,0.063,13.2,574992,0.0628808748643459
"2007","P5","Frozen","Storm","2007-13","2/21/2007 18:00","2/22/2007 19:10",550,0.01985,0,NA,NA,NA,NA,NA,NA,0,0,0,0,13.2,574992,0.0114784205693297
"2008","P5","Frozen","Non-storm","2007-14","2/22/2007 19:10","3/3/2007 18:20",598.8,0.0052,0.261,7.783,0.03353,0.324,0.27,0.162,0.09,0,0,0,0,13.2,574992,0.0124968695216629
"2009","P5","Frozen","Non-storm","2007-15","3/3/2007 18:20","3/12/2007 9:45",869.3,0.0061,0.216,1.85,0.1168,0.864,0.648,0.468,0.306,0,0,0,0.261,13.2,574992,0.018142165456215
"2010","P5","Frozen","Storm","2007-16","3/12/2007 9:45","3/14/2007 13:25",6707,0.07233,0.216,1.85,0.1168,0.864,0.648,0.468,0.306,0,0,0,0.261,13.2,574992,0.13997412137908
"2011","P5","Frozen","Storm","2007-17","3/14/2007 13:25","3/15/2007 15:15",5919,0.1149,0,NA,NA,NA,NA,NA,NA,0,0,0.216,0.477,13.2,574992,0.123528675181568
"2012","P5","Frozen","Storm","2007-18","3/15/2007 15:15","3/19/2007 16:00",8179,0.03733,0,NA,NA,NA,NA,NA,NA,0,0,0.216,0.477,13.2,574992,0.170694548793722
"2013","P5","Frozen","Storm","2007-19","3/19/2007 16:00","3/20/2007 18:05",2038,0.06307,0,NA,NA,NA,NA,NA,NA,0,0,0,0.216,13.2,574992,0.0425327656732615
"2014","P5","Frozen","Non-storm","2007-20","3/20/2007 18:05","3/21/2007 21:55",789.4,0.00989,0.054,8.317,0.006493,0.216,0.108,0.072,0.054,0,0,0,0.216,13.2,574992,0.0164746639953252
"2015","P5","Frozen","Storm","2007-21","3/21/2007 21:55","3/23/2007 7:10",16040,0.3208,1.091,35.08,0.0311,19.44,9.72,3.24,1.62,0.009,0.009,0.009,0.225,13.2,574992,0.334752483512814
"2016","P5","Frozen","Non-storm","2007-22","3/23/2007 7:10","3/28/2007 14:50",9630,0.04151,0.954,96,0.009938,19.44,9.72,3.24,1.62,0,0.29,0.29,0.506,13.2,574992,0.200976709241172
"2017","P5","Non-Frozen","Non-storm","2007-23","3/28/2007 14:50","4/1/2007 3:15",3207,0.01531,0.081,48,0.001688,0.756,0.378,0.126,0.063,0,0.009,0.954,1.244,13.2,574992,0.0669296268469822
"2018","P5","Non-Frozen","Storm","2007-24","4/1/2007 3:15","4/3/2007 9:35",6489,0.1048,0.724,24,0.03017,6.312,3.156,1.052,0.526,0.063,0.063,0.225,1.325,13.2,574992,0.135424492862509
"2019","P5","Non-Frozen","Non-storm","2007-25","4/3/2007 9:35","4/14/2007 17:25",10200,0.0218,0,NA,NA,NA,NA,NA,NA,0,0.198,0.805,2.049,13.2,574992,0.212872526922114
"2020","P5","Non-Frozen","Storm","2007-26","4/14/2007 17:25","4/15/2007 12:35",2287,0.05066,0,NA,NA,NA,NA,NA,NA,0,0,0,0.724,13.2,574992,0.0477293597128308
"2021","P5","Non-Frozen","Non-storm","2007-27","4/15/2007 12:35","7/1/2007 17:00",23870,0.0258,3.759,1529,0.002459,2.04,1.398,0.81,0.567,0,0,0,0,13.2,574992,0.498163452708907
"2022","P5","Non-Frozen","Storm","2007-28","7/1/2007 22:45","7/19/2007 19:00",1843,0.0385,3.268,376,0.008692,2.04,1.806,1.206,0.839,0,0,0,0.108,13.2,574992,0.0384631438350447
"2023","P5","Non-Frozen","Non-storm","2007-29","7/20/2007 1:00","7/20/2007 15:15",6.6,0.00017,0,NA,NA,NA,NA,NA,NA,0,0.201,0.255,1.322,13.2,574992,0.000137741046831956
"2024","P5","Non-Frozen","Non-storm","2007-30","7/21/2007 1:15","7/21/2007 14:45",6,0.00017,0,NA,NA,NA,NA,NA,NA,0,0,0.255,1.322,13.2,574992,0.000125219133483596
"2025","P5","Non-Frozen","Non-storm","2007-31","7/22/2007 1:45","7/22/2007 14:45",5,0.00038,0,NA,NA,NA,NA,NA,NA,0,0,0.201,1.322,13.2,574992,0.000104349277902997
"2026","P5","Non-Frozen","Non-storm","2007-32","7/23/2007 1:45","7/23/2007 15:45",4.8,0.00164,0,NA,NA,NA,NA,NA,NA,0,0,0.201,1.322,13.2,574992,0.000100175306786877
"2027","P5","Non-Frozen","Non-storm","2007-33","7/24/2007 1:15","7/25/2007 23:45",13.6,0.00936,0,NA,NA,NA,NA,NA,NA,0,0,0.201,0.52,13.2,574992,0.000283830035896152
"2028","P5","Non-Frozen","Non-storm","2007-34","7/26/2007 4:30","7/28/2007 1:45",11.1,0.00688,0.099,9.85,0.01005,0.432,0.324,0.126,0.063,0,0,0,0.475,13.2,574992,0.000231655396944653
"2029","P5","Non-Frozen","Non-storm","2008-01","10/18/2007 13:45","10/21/2007 10:15",161.4,0.00246,1.24,35.7,0.03473,1.248,0.966,0.64,0.536,0.009,1.287,1.584,2.025,13.2,574992,0.00336839469070874
"2030","P5","Frozen","Storm","2008-02","12/22/2007 11:15","1/6/2008 13:05",7631,0.05197,0.531,24.87,0.02135,0.432,0.324,0.162,0.144,0,0,0,0,13.2,574992,0.159257867935554
"2031","P5","Frozen","Storm","2008-03","1/6/2008 13:05","1/8/2008 15:00",22450,0.3208,0.885,25.85,0.03424,1.752,1.2,0.772,0.505,0,0,0,0,13.2,574992,0.468528257784456
"2032","P5","Frozen","Storm","2008-04","1/8/2008 15:00","1/10/2008 18:00",35560,0.3208,0.937,12.65,0.07407,1.86,1.2,0.742,0.488,0.749,0.758,0.758,0.758,13.2,574992,0.742132064446114
"2033","P5","Frozen","Non-storm","2008-05","1/10/2008 18:00","1/17/2008 2:05",29870,0.08769,0,NA,NA,NA,NA,NA,NA,0,0.432,1.695,1.695,13.2,574992,0.623382586192504
"2034","P5","Frozen","Non-storm","2008-06","1/17/2008 2:05","3/3/2008 1:45",31340,0.03772,0.209,331.6,0.0006303,1.728,0.864,0.288,0.144,0,0,0,0,13.2,574992,0.654061273895985
"2035","P5","Frozen","Storm","2008-07","3/3/2008 1:45","3/7/2008 21:40",20980,0.2136,0.344,9.633,0.03571,1.56,0.78,0.26,0.13,0,0,0,0.144,13.2,574992,0.437849570080975
"2036","P5","Frozen","Non-storm","2008-08","3/7/2008 21:40","3/13/2008 18:45",3543,0.01065,0.027,4.25,0.006353,0.108,0.054,0.018,0.009,0,0,0,0.344,13.2,574992,0.0739418983220636
"2037","P5","Frozen","Storm","2008-09","3/13/2008 18:45","3/15/2008 17:15",36030,0.3208,0,NA,NA,NA,NA,NA,NA,0.027,0.027,0.027,0.371,13.2,574992,0.751940896568996
"2038","P5","Frozen","Non-storm","2008-10","3/15/2008 17:15","3/18/2008 10:50",19570,0.2101,0,NA,NA,NA,NA,NA,NA,0,0,0.027,0.371,13.2,574992,0.40842307371233
"2039","P5","Frozen","Non-storm","2008-11","3/18/2008 10:50","3/18/2008 17:45",757.7,0.03694,0,NA,NA,NA,NA,NA,NA,0,0,0.027,0.027,13.2,574992,0.0158130895734202
"2040","P5","Frozen","Storm","2008-12","3/18/2008 17:45","3/20/2008 16:20",32950,0.3209,0,NA,NA,NA,NA,NA,NA,0,0,0.027,0.027,13.2,574992,0.68766174138075
"2041","P5","Frozen","Non-storm","2008-13","3/20/2008 16:20","3/24/2008 19:35",18270,0.3208,0,NA,NA,NA,NA,NA,NA,0,0,0,0.027,13.2,574992,0.381292261457551
"2042","P5","Frozen","Storm","2008-14","3/24/2008 19:35","3/25/2008 16:15",2508,0.06938,0,NA,NA,NA,NA,NA,NA,0,0,0,0.027,13.2,574992,0.0523415977961433
"2043","P5","Frozen","Storm","2008-15","3/25/2008 16:15","3/27/2008 16:00",12170,0.2699,0,NA,NA,NA,NA,NA,NA,0,0,0,0.027,13.2,574992,0.253986142415895
"2044","P5","Frozen","Non-storm","2008-16","3/27/2008 16:00","3/31/2008 19:00",6719,0.02941,0,NA,NA,NA,NA,NA,NA,0,0,0,0,13.2,574992,0.140224559646047
"2045","P5","Frozen","Storm","2008-17","3/31/2008 19:00","4/3/2008 19:50",26070,0.3209,0.68,NA,NA,NA,NA,NA,NA,0,0,0,0,13.2,574992,0.544077134986226
"2046","P5","Non-Frozen","Non-storm","2008-18","4/3/2008 19:50","4/8/2008 23:25",7948,0.03194,0.39,1.9,0.2053,0.72,0.6,0.48,0.46,0,0,0,0.68,13.2,574992,0.165873612154604
"2047","P5","Non-Frozen","Storm","2008-19","4/8/2008 23:25","4/10/2008 23:30",24840,0.3209,1.28,49.82,0.02569,0.72,0.6,0.48,0.46,0,0,0,0.68,13.2,574992,0.518407212622089
"2048","P5","Non-Frozen","Storm","2008-20","4/10/2008 23:30","4/14/2008 17:30",64810,0.3209,1.83,47.8,0.03828,0.6,0.54,0.32,0.24,0,1.13,1.13,1.81,13.2,574992,1.35257534017865
"2049","P5","Non-Frozen","Non-storm","2008-21","4/14/2008 17:30","6/8/2008 14:45",36170,0.03733,4.12,1232,0.003343,2.4,2.04,1.08,0.82,0,0,0.86,2.96,13.2,574992,0.75486267635028
"2050","P5","Non-Frozen","Storm","2008-22","6/8/2008 14:45","6/13/2008 0:25",37280,0.3209,3.24,107.4,0.03016,9.84,7.44,3.72,1.92,0.28,0.28,1.09,1.2,13.2,574992,0.778028216044745
"2051","P5","Non-Frozen","Storm","2008-23","6/13/2008 0:25","6/13/2008 19:25",19800,0.3209,2.18,10.1,0.2158,9.84,7.44,3.78,1.97,0.12,0.12,2.54,3.46,13.2,574992,0.413223140495868
"2052","P5","Non-Frozen","Non-storm","2008-24","6/13/2008 19:25","6/16/2008 21:55",13260,0.1932,0,NA,NA,NA,NA,NA,NA,2.18,2.3,4.72,5.53,13.2,574992,0.276734284998748
"2053","P5","Non-Frozen","Non-storm","2008-25","6/16/2008 21:55","7/31/2008 16:30",13520,0.02066,2.48,942.4,0.002632,1.8,1.26,0.72,0.38,0,0,0,4.72,13.2,574992,0.282160447449704
"2054","P5","Frozen","Storm","2009-03","2/7/2009 15:55","3/16/2009 15:25",131100,0.3209,0.621,695.2,0.0008932,0.216,0.162,0.126,0.108,0,0,0,0,13.2,574992,2.73603806661658
"2055","P5","Frozen","Storm","2009-04","3/16/2009 15:25","3/17/2009 14:45",10260,0.3208,0,NA,NA,NA,NA,NA,NA,0,0,0.36,0.36,13.2,574992,0.21412471825695
"2056","P5","Frozen","Storm","2009-05","3/17/2009 14:45","3/18/2009 14:10",5639,0.1149,0,NA,NA,NA,NA,NA,NA,0,0,0.09,0.36,13.2,574992,0.117685115619
"2057","P5","Frozen","Non-storm","2009-06","3/18/2009 14:10","3/28/2009 14:01",11780,0.04022,0.18,20.32,0.00886,0.216,0.216,0.126,0.09,0,0,0,0.216,13.2,574992,0.245846898739461
"2058","P5","Non-Frozen","Non-storm","2009-07","3/28/2009 14:01","4/25/2009 16:00",15330,0.03616,2.286,596.5,0.003833,1.512,1.188,0.756,0.468,0,0,0.072,0.18,13.2,574992,0.319934886050589
"2059","P5","Non-Frozen","Storm","2009-08","4/25/2009 16:00","4/30/2009 1:00",14210,0.09114,1.134,55.72,0.02035,1.512,1.188,0.756,0.468,0.027,0.036,1.566,1.566,13.2,574992,0.296560647800317
"2060","P5","Non-Frozen","Non-storm","2009-09","4/30/2009 1:00","6/8/2009 9:20",18270,0.03127,3.486,927.7,0.003758,1.44,1.044,0.504,0.45,0,0,1.17,2.7,13.2,574992,0.381292261457551
"2061","P5","Non-Frozen","Storm","2009-10","6/8/2009 9:20","6/9/2009 13:30",15390,0.3208,1.039,13.92,0.07466,1.236,0.726,0.522,0.459,0.333,0.981,0.99,2.379,13.2,574992,0.321187077385425
"2062","P5","Non-Frozen","Non-storm","2009-11","6/9/2009 13:30","6/23/2009 3:15",23030,0.1026,0.117,172.8,0.0006772,0.108,0.108,0.09,0.072,0,1.039,2.029,3.157,13.2,574992,0.480632774021204
"2063","P5","Non-Frozen","Non-storm","2009-12","6/23/2009 3:15","7/19/2009 18:00",3515,0.00562,0.946,503.9,0.001877,2.796,1.614,0.894,0.447,0,0,0,0.018,13.2,574992,0.0733575423658068
"2064","P5","Non-Frozen","Non-storm","2010-1","10/22/2009 12:45","10/22/2009 15:00",2.3,0.00067,0.243,9.983,0.02434,0.216,0.108,0.09,0.054,0.198,0.198,0.252,0.504,13.2,574992,4.80006678353786e-05
"2065","P5","Non-Frozen","Storm","2010-2","10/23/2009 10:00","12/1/2009 5:59",34570,0.3208,3.439,902,0.003813,0.864,0.648,0.432,0.351,0.207,0.441,0.459,0.747,13.2,574992,0.721470907421321
"2066","R1","Frozen","Storm","2004-1","2/19/2004 3:00","2/19/2004 17:00",1236,0.03032,0,NA,NA,NA,NA,NA,NA,0,0,0,0,16.9,736164,0.0201476844833488
"2067","R1","Frozen","Storm","2004-2","2/20/2004 11:00","2/22/2004 18:00",27740,1.122,0.369,6.883,0.05361,0.324,0.27,0.216,0.162,0,0,0,0,16.9,736164,0.452181850783249
"2068","R1","Frozen","Storm","2004-3","2/22/2004 21:48","2/24/2004 10:00",13950,0.451,0.117,2.7,0.04333,0.108,0.108,0.09,0.072,0,0,0.369,0.369,16.9,736164,0.227394982639738
"2069","R1","Frozen","Storm","2004-4","2/25/2004 21:00","2/26/2004 4:00",615.6,0.07035,0,NA,NA,NA,NA,NA,NA,0,0,0.486,0.486,16.9,736164,0.010034720524231
"2070","R1","Frozen","Storm","2004-5","2/26/2004 20:00","2/27/2004 1:00",965.1,0.1008,0,NA,NA,NA,NA,NA,NA,0,0,0.486,0.486,16.9,736164,0.0157318206269255
"2071","R1","Frozen","Storm","2004-6","2/27/2004 20:00","2/28/2004 1:00",555,0.06163,0,NA,NA,NA,NA,NA,NA,0,0,0.117,0.486,16.9,736164,0.00904689715878527
"2072","R1","Frozen","Storm","2004-7","2/28/2004 19:00","2/28/2004 22:00",356.3,0.06305,0,NA,NA,NA,NA,NA,NA,0,0,0.117,0.486,16.9,736164,0.00580794496878413
"2073","R1","Frozen","Storm","2004-8","3/5/2004 1:53","3/5/2004 11:09",31610,3.618,1.271,12.33,0.1031,0.876,0.492,0.36,0.297,0.009,0.009,0.207,0.693,16.9,736164,0.515265620160725
"2074","R1","Non-Frozen","Storm","2004-9","5/22/2004 3:47","5/22/2004 4:01",42,0.082,1.022,0.4,2.555,4.464,3.876,2.044,1.022,0.337,0.337,0.718,1.826,16.9,736164,0.000684630055259426
"2075","R1","Non-Frozen","Storm","2004-10","5/23/2004 5:16","5/23/2004 11:00",44710,39.9,1.949,6.1,0.3195,6.936,5.772,2.272,1.208,1.312,2.779,3.16,4.142,16.9,736164,0.72880499453926
"2076","R1","Non-Frozen","Storm","2004-11","5/30/2004 12:53","5/30/2004 14:02",2299,1.502,0.969,1.633,0.5933,2.076,1.608,1.234,0.841,0.782,0.989,1.088,6.197,16.9,736164,0.0374753451676529
"2077","R1","Non-Frozen","Storm","2004-12","6/12/2004 5:52","6/12/2004 6:40",1042,0.9011,0.669,1.067,0.6272,2.436,1.842,1.08,0.641,0.009,1.257,1.469,4.054,16.9,736164,0.0169853456566743
"2078","R1","Non-Frozen","Storm","2004-13","6/17/2004 1:01","6/17/2004 2:06",7122,7.08,1.423,1.5,0.9487,3.552,3.24,2.344,1.35,0,0,2.128,2.34,16.9,736164,0.116093696513277
"2079","R1","Frozen","Storm","2005-1","1/2/2005 6:50","1/2/2005 11:40",3869,0.372,0.396,2.6,0.1523,1.596,1.308,0.604,0.339,0.028,0.028,0.037,0.037,16.9,736164,0.0630674686618743
"2080","R1","Frozen","Storm","2005-2","1/2/2005 18:04","1/2/2005 23:00",3320,0.2472,0.048,1.933,0.02483,0.348,0.174,0.058,0.029,0.442,0.442,0.451,0.451,16.9,736164,0.0541183757966975
"2081","R1","Frozen","Storm","2005-3","1/12/2005 22:29","1/14/2005 7:00",35900,0.7657,0.7,4.45,0.1573,0.444,0.336,0.276,0.266,0.036,0.036,0.036,0.535,16.9,736164,0.585195690090795
"2082","R1","Frozen","Storm","2005-4","2/6/2005 4:30","2/8/2005 5:42",76420,0.9743,0.234,16.73,0.01398,0.108,0.108,0.072,0.063,0,0,0,0,16.9,736164,1.24570068626013
"2083","R1","Frozen","Storm","2005-5","2/13/2005 16:10","2/15/2005 5:30",68670,1.089,0.387,26.7,0.01449,0.108,0.108,0.09,0.063,0,0,0.234,0.234,16.9,736164,1.11937014034916
"2084","R1","Frozen","Storm","2005-6","2/15/2005 10:08","2/16/2005 2:40",13090,0.372,0.036,2.067,0.01742,0.108,0.054,0.018,0.018,0.108,0.387,0.387,0.621,16.9,736164,0.213376367222521
"2085","R1","Frozen","Storm","2005-7","2/21/2005 20:35","2/22/2005 3:18",4135,0.2318,0,NA,NA,NA,NA,NA,NA,0.009,0.072,0.108,0.495,16.9,736164,0.0674034590118506
"2086","R1","Frozen","Storm","2005-8","2/25/2005 20:20","2/26/2005 2:32",3842,0.2816,0,NA,NA,NA,NA,NA,NA,0,0,0.072,0.495,16.9,736164,0.0626273493406361
"2087","R1","Frozen","Storm","2005-9","2/27/2005 21:17","2/28/2005 5:00",5569,0.2635,0.036,1.567,0.02298,0.108,0.054,0.036,0.027,0,0,0,0.342,16.9,736164,0.0907786851842796
"2088","R1","Frozen","Storm","2005-10","3/4/2005 0:08","3/4/2005 3:35",1684,0.1597,0,NA,NA,NA,NA,NA,NA,0,0,0.036,0.108,16.9,736164,0.0274504050727827
"2089","R1","Frozen","Storm","2005-11","3/4/2005 19:07","3/5/2005 2:28",10870,0.7873,0,NA,NA,NA,NA,NA,NA,0,0,0.036,0.108,16.9,736164,0.17718877858738
"2090","R1","Frozen","Storm","2005-12","3/5/2005 17:45","3/6/2005 1:34",15090,0.919,0,NA,NA,NA,NA,NA,NA,0,0,0.036,0.108,16.9,736164,0.245977798425351
"2091","R1","Frozen","Storm","2005-13","3/6/2005 16:40","3/7/2005 2:12",17710,0.9464,0,NA,NA,NA,NA,NA,NA,0,0,0.036,0.108,16.9,736164,0.288685673301058
"2092","R1","Frozen","Storm","2005-14","3/7/2005 7:00","3/7/2005 10:46",5191,0.8124,0.18,1.183,0.1521,0.216,0.216,0.18,0.162,0,0,0,0.036,16.9,736164,0.0846170146869448
"2093","R1","Frozen","Storm","2005-15","3/17/2005 1:14","3/17/2005 2:50",801.2,0.1859,0,NA,NA,NA,NA,NA,NA,0,0,0.009,0.189,16.9,736164,0.0130601333398536
"2094","R1","Frozen","Storm","2005-16","3/18/2005 21:31","3/18/2005 23:00",665.6,0.1443,0,NA,NA,NA,NA,NA,NA,0,0,0,0.189,16.9,736164,0.0108497563043018
"2095","R1","Frozen","Storm","2005-17","3/20/2005 18:10","3/20/2005 21:00",1781,0.2575,0,NA,NA,NA,NA,NA,NA,0,0,0,0.189,16.9,736164,0.0290315744861199
"2096","R1","Non-Frozen","Storm","2005-18","6/12/2005 1:22","6/12/2005 2:35",8007,6.29,1.338,1.667,0.8028,3.78,2.916,2.116,1.275,0.153,0.153,1.267,1.357,16.9,736164,0.130519829820529
"2097","R1","Frozen","Storm","2006-1","3/9/2006 0:21","3/9/2006 6:00",33180,4.496,0.882,5.517,0.1599,0.756,0.702,0.432,0.342,0.144,0.144,0.243,0.243,16.9,736164,0.540857743654947
"2098","R1","Frozen","Storm","2007-1","2/21/2007 19:15","2/22/2007 0:15",782.2,0.0711,0,NA,NA,NA,NA,NA,NA,0,0,0,0,16.9,736164,0.0127504197434267
"2099","R1","Frozen","Storm","2007-2","3/1/2007 19:45","3/2/2007 7:30",841.4,0.03032,0.18,7.433,0.02422,0.216,0.162,0.108,0.081,0,0,0,0,16.9,736164,0.0137154221070305
"2100","R1","Frozen","Storm","2007-3","3/9/2007 20:30","3/10/2007 3:30",722.6,0.03836,0.126,3.683,0.03421,0.108,0.108,0.054,0.054,0,0,0,0.18,16.9,736164,0.0117788970935824
"2101","R1","Frozen","Storm","2007-4","3/10/2007 17:00","3/11/2007 13:00",7881,0.4927,0,NA,NA,NA,NA,NA,NA,0.135,0.135,0.135,0.315,16.9,736164,0.128465939654751
"2102","R1","Frozen","Storm","2007-5","3/11/2007 18:00","3/12/2007 12:15",3593,0.1235,0,NA,NA,NA,NA,NA,NA,0,0.135,0.135,0.315,16.9,736164,0.0585684711558838
"2103","R1","Frozen","Storm","2007-6","3/12/2007 19:45","3/13/2007 3:45",3405,0.3522,0,NA,NA,NA,NA,NA,NA,0,0,0.135,0.315,16.9,736164,0.0555039366228178
"2104","R1","Non-Frozen","Storm","2007-7","7/4/2007 3:02","7/4/2007 4:00",8146,7.86,2.611,1.483,1.76,6.36,4.944,3.878,2.541,0,0,0,1.511,16.9,736164,0.132785629289126
"2105","R1","Non-Frozen","Storm","2007-8","8/22/2007 22:59","8/23/2007 0:08",2505,2.2,0.918,3.35,0.274,3.54,2.85,1.204,0.737,0.551,0.551,2.873,4.175,16.9,736164,0.0408332925815443
"2106","R1","Non-Frozen","Storm","2008-1","10/18/2007 4:09","10/18/2007 11:30",7543,2.546,1.545,11.67,0.1324,3.6,2.07,0.942,0.534,0,0.18,0.504,0.504,16.9,736164,0.122956297781473
"2107","R1","Frozen","Storm","2008-2","1/6/2008 17:00","1/7/2008 2:00",259.2,0.0151,0,NA,NA,NA,NA,NA,NA,0,0,0,0,16.9,736164,0.00422514548388674
"2108","R1","Frozen","Storm","2008-3","1/7/2008 13:28","1/8/2008 4:00",2748,0.1643,0.506,15.27,0.03314,1.584,1.404,0.576,0.297,0,0,0,0,16.9,736164,0.0447943664726882
"2109","R1","Frozen","Storm","2008-4","1/29/2008 10:00","1/29/2008 20:00",224.6,0.0154,0,NA,NA,NA,NA,NA,NA,0,0,0,0,16.9,736164,0.00366114072407779
"2110","R1","Frozen","Storm","2008-5","3/3/2008 1:49","3/4/2008 17:00",23920,0.6765,0.631,8.183,0.07711,0.768,0.546,0.308,0.199,0,0,0,0,16.9,736164,0.389913117185845
"2111","R1","Frozen","Storm","2008-6","3/12/2008 22:00","3/16/2008 10:29",32350,0.564,0,NA,NA,NA,NA,NA,NA,0,0,0,0.631,16.9,736164,0.527328149705772
"2112","R1","Frozen","Storm","2008-7","3/16/2008 19:00","3/17/2008 7:10",1564,0.0765,0,NA,NA,NA,NA,NA,NA,0,0,0,0.631,16.9,736164,0.0254943192006129
"2113","R1","Frozen","Storm","2008-8","3/17/2008 21:00","3/20/2008 14:00",23090,0.9774,0.054,19.93,0.002709,0.108,0.054,0.018,0.018,0,0,0,0,16.9,736164,0.37638352323667
"2114","R1","Frozen","Storm","2008-9","3/20/2008 16:30","3/21/2008 1:00",1270,0.0711,0,NA,NA,NA,NA,NA,NA,0,0.009,0.054,0.054,16.9,736164,0.0207019088137969
"2115","R1","Frozen","Storm","2008-10","3/22/2008 19:00","3/23/2008 3:00",362.9,0.0187,0,NA,NA,NA,NA,NA,NA,0,0,0.054,0.054,16.9,736164,0.00591552969175347
"2116","R1","Frozen","Storm","2008-11","3/23/2008 18:30","3/24/2008 1:00",362.9,0.0228,0,NA,NA,NA,NA,NA,NA,0,0,0.054,0.054,16.9,736164,0.00591552969175347
"2117","R1","Frozen","Storm","2008-12","3/25/2008 17:00","3/26/2008 6:00",846.7,0.0303,0,NA,NA,NA,NA,NA,NA,0,0,0.009,0.054,16.9,736164,0.013801815899718
"2118","R1","Frozen","Storm","2008-13","3/26/2008 19:30","3/26/2008 22:00",112.3,0.0209,0,NA,NA,NA,NA,NA,NA,0,0,0,0.054,16.9,736164,0.00183057036203889
"2119","R1","Frozen","Storm","2008-14","3/31/2008 15:13","3/31/2008 18:00",4069,1.65,0.496,1.8,0.2756,0.876,0.654,0.486,0.343,0.351,0.351,0.486,0.54,16.9,736164,0.0663276117821573
"2120","R1","Non-Frozen","Storm","2008-15","4/25/2008 5:06","4/25/2008 6:00",285.1,0.345,0.457,0.9333,0.4896,2.196,1.77,0.842,0.457,0.567,0.567,1.585,2.017,16.9,736164,0.00464733401796339
"2121","R1","Non-Frozen","Storm","2008-16","4/25/2008 13:40","4/25/2008 16:00",5530,4.52,0.699,2.15,0.3251,3.312,2.142,0.894,0.564,1.159,1.285,1.645,2.735,16.9,736164,0.0901429572758244
"2122","R1","Non-Frozen","Storm","2008-17","5/2/2008 6:42","5/2/2008 7:45",527,0.3522,0.797,0.8667,0.9196,2.664,1.932,1.324,0.797,0,0,1.014,2.56,16.9,736164,0.00859047712194565
"2123","R1","Non-Frozen","Storm","2008-18","5/26/2008 1:43","5/26/2008 3:17",518.4,0.6996,1.187,1.583,0.7497,4.836,3.81,1.526,1.151,0,0,0.018,0.027,16.9,736164,0.00845029096777349
"2124","R1","Non-Frozen","Storm","2008-19","5/30/2008 9:03","5/30/2008 10:21",285.1,0.1701,1.182,12.87,0.09187,1.104,0.66,0.434,0.334,0.126,0.126,1.349,1.349,16.9,736164,0.00464733401796339
"2125","R1","Non-Frozen","Storm","2008-20","6/5/2008 10:00","6/5/2008 11:33",5460,4.964,0.89,2.85,0.3123,3.312,2.466,1.452,0.744,0,0.162,1.84,3.063,16.9,736164,0.0890019071837254
"2126","R1","Non-Frozen","Storm","2008-21","6/8/2008 4:09","6/8/2008 6:55",22140,13.98,1.068,1.367,0.7815,1.8,1.74,1.236,0.748,0.072,0.306,1.493,4.367,16.9,736164,0.360897843415326
"2127","R1","Non-Frozen","Storm","2008-22","6/8/2008 13:48","6/8/2008 17:10",16090,5.596,0.734,2.467,0.2976,1.32,0.984,0.652,0.599,1.249,1.249,2.67,5.544,16.9,736164,0.262278514026766
"2128","R1","Non-Frozen","Storm","2008-23","6/9/2008 0:36","6/9/2008 5:10",21290,12.06,0.78,4.433,0.1759,3.276,2.19,1.2,0.645,1.911,1.983,3.404,6.278,16.9,736164,0.347042235154123
"2129","R1","Non-Frozen","Storm","2008-24","6/12/2008 14:14","6/12/2008 15:32",345.6,0.268,0.503,1.033,0.4868,2.784,1.716,0.808,0.494,0.027,0.027,3.033,5.889,16.9,736164,0.00563352731184899
"2130","R1","Non-Frozen","Storm","2008-25","6/13/2008 4:02","6/13/2008 7:10",1581,0.3612,0.451,5.117,0.08814,0.66,0.438,0.234,0.207,0.548,0.575,3.581,6.221,16.9,736164,0.025771431365837
"2131","R1","Non-Frozen","Storm","2008-26","7/10/2008 15:54","7/10/2008 17:00",483.8,0.5894,0.739,1.967,0.3758,2.772,1.95,1.208,0.676,0.072,0.072,1.413,2.935,16.9,736164,0.00788628620796453
"2132","R1","Non-Frozen","Storm","2008-27","7/10/2008 23:16","7/11/2008 1:25",32490,18.82,1.255,1.317,0.9532,2.52,2.406,1.766,1.192,0.829,0.829,2.17,3.692,16.9,736164,0.52961024988997
"2133","R1","Non-Frozen","Storm","2008-28","7/12/2008 7:40","7/12/2008 9:25",4078,2.01,0.897,1.95,0.46,2.04,1.566,1.034,0.767,0,2.012,3.425,4.884,16.9,736164,0.06647431822257
"2134","R1","Non-Frozen","Storm","2008-29","7/20/2008 4:39","7/20/2008 5:44",924.5,0.9836,1.14,1.083,1.052,4.56,3.84,1.88,1.13,0.01,0.02,0.08,4.542,16.9,736164,0.0150700115735081
"2135","R1","Frozen","Storm","2009-1","12/27/2008 7:00","12/28/2008 12:00",39840,1.376,0.387,11.87,0.03261,0.432,0.378,0.18,0.144,0,0,0,0.135,16.9,736164,0.64942050956037
"2136","R1","Frozen","Storm","2009-2","2/7/2009 10:00","2/11/2009 5:00",71550,2.175,0.063,2.033,0.03098,0.216,0.162,0.09,0.054,0,0,0,0,16.9,736164,1.16631620128124
"2137","R1","Frozen","Storm","2009-3","2/25/2009 18:49","2/26/2009 6:46",5792,0.4717,0,NA,NA,NA,NA,NA,NA,0,0,0.009,0.036,16.9,736164,0.0944137447633951
"2138","R1","Frozen","Storm","2009-4","2/26/2009 17:00","2/27/2009 7:20",37960,4.71,0.576,10.67,0.054,0.756,0.54,0.324,0.261,0,0,0,0.036,16.9,736164,0.61877516422971
"2139","R1","Frozen","Storm","2009-5","2/27/2009 20:25","2/27/2009 23:47",502.3,0.082,0,NA,NA,NA,NA,NA,NA,0.441,0.576,0.576,0.612,16.9,736164,0.00818784944659071
"2140","R1","Frozen","Storm","2009-6","2/28/2009 22:30","3/1/2009 2:01",396.7,0.04713,0,NA,NA,NA,NA,NA,NA,0,0.153,0.576,0.612,16.9,736164,0.00646649387908129
"2141","R1","Frozen","Storm","2009-7","3/1/2009 19:40","3/1/2009 20:01",27.1,0.03188,0,NA,NA,NA,NA,NA,NA,0,0,0.576,0.612,16.9,736164,0.000441749392798344
"2142","R1","Frozen","Storm","2009-8","3/4/2009 19:30","3/4/2009 22:31",189.1,0.03032,0,NA,NA,NA,NA,NA,NA,0,0,0.576,0.576,16.9,736164,0.00308246532022756
"2143","R1","Frozen","Storm","2009-9","3/5/2009 0:55","3/5/2009 1:31",59,0.03612,0,NA,NA,NA,NA,NA,NA,0,0,0.576,0.576,16.9,736164,0.000961742220483479
"2144","R1","Frozen","Storm","2009-10","3/7/2009 12:15","3/7/2009 23:50",26280,2.015,0.828,11.32,0.07317,0.324,0.324,0.198,0.153,0,0,0,0.576,16.9,736164,0.428382806005184
"2145","R1","Frozen","Storm","2009-11","3/8/2009 12:30","3/9/2009 0:16",50070,3.288,1.008,8.933,0.1128,0.324,0.27,0.234,0.216,0.72,0.954,0.954,1.53,16.9,736164,0.816176830162844
"2146","R1","Frozen","Storm","2009-12","3/10/2009 5:30","3/10/2009 13:43",27800,2.785,0.756,10.5,0.072,0.324,0.27,0.18,0.153,0,1.125,1.962,2.538,16.9,736164,0.453159893719334
"2147","R1","Non-Frozen","Storm","2009-13","6/8/2009 5:35","6/8/2009 6:01",28.2,0.0595,1.19,0.95,1.253,4.044,3.402,1.766,1.19,0.018,0.063,0.292,0.985,16.9,736164,0.0004596801799599
"2148","R1","Non-Frozen","Storm","2009-14","6/19/2009 14:18","6/19/2009 14:38",106.1,0.169,0.879,0.3333,2.637,4.164,3.534,1.758,0.879,0.108,0.363,0.75,2.021,16.9,736164,0.00172950592531012
"2149","R1","Non-Frozen","Storm","2009-15","7/24/2009 22:15","7/25/2009 1:31",10050,4.22,1.602,2.25,0.712,7.308,4.506,1.926,0.99,0,0,2.312,2.816,16.9,736164,0.16382219179422
"2150","R1","Non-Frozen","Storm","2009-16","7/28/2009 0:55","7/28/2009 2:56",3528,1.695,1.572,1.167,1.347,5.388,3.912,2.296,1.471,0,0,3.914,4.418,16.9,736164,0.0575089246417918
"2151","R1","Non-Frozen","Storm","2009-17","8/27/2009 15:55","8/27/2009 17:51",1435,0.5574,1.341,9.75,0.1375,0.864,0.648,0.558,0.432,0.09,0.415,0.685,1.416,16.9,736164,0.0233915268880304
"2152","R1","Non-Frozen","Storm","2010-1","10/30/2009 3:30","10/30/2009 15:01",596.9,0.2848,1.12,13.3,0.08421,1.452,1.266,0.746,0.58,0.207,0.207,1.485,2.655,16.9,736164,0.00972989714248456
"2153","R1","Frozen","Storm","2010-2","12/24/2009 22:00","12/25/2009 22:01",263.7,0.02282,1.264,24.1,0.05245,0.264,0.216,0.162,0.144,0.324,0.324,0.324,0.324,16.9,736164,0.00429849870409311
"2154","R1","Frozen","Storm","2010-3","1/24/2010 6:00","1/25/2010 18:01",9556,0.2912,0.756,16.88,0.04478,0.324,0.216,0.144,0.117,0.018,0.018,0.018,0.018,16.9,736164,0.155769638287121
"2155","R1","Frozen","Storm","2010-4","3/4/2010 21:00","3/5/2010 4:00",260.1,0.02235,0,NA,NA,NA,NA,NA,NA,0,0,0,0,16.9,736164,0.00423981612792802
"2156","R1","Frozen","Storm","2010-5","3/5/2010 20:00","3/6/2010 1:00",144.7,0.02,0,NA,NA,NA,NA,NA,NA,0,0,0,0,16.9,736164,0.00235871354752474
"2157","R1","Frozen","Storm","2010-6","3/6/2010 18:00","3/7/2010 4:00",209.1,0.02329,0,NA,NA,NA,NA,NA,NA,0,0,0,0,16.9,736164,0.00340847963225586
"2158","R1","Frozen","Storm","2010-7","3/7/2010 14:00","3/12/2010 3:00",84730,1.115,0.765,100.6,0.007603,0.54,0.324,0.216,0.135,0,0,0,0,16.9,736164,1.38115963290788
"2159","R1","Frozen","Storm","2010-8","3/12/2010 16:30","3/12/2010 20:15",183.1,0.04532,0,NA,NA,NA,NA,NA,NA,0.126,0.333,0.774,0.774,16.9,736164,0.00298466102661907
"2160","R1","Non-Frozen","Storm","2010-9","6/15/2010 19:59","6/15/2010 20:45",520.2,0.447,0.837,3.55,0.2358,1.572,1.35,0.792,0.513,0.027,0.424,0.64,3.538,16.9,736164,0.00847963225585603
"2161","R1","Non-Frozen","Storm","2010-10","6/22/2010 0:10","6/22/2010 1:30",2537,2.08,0.827,1.017,0.8134,3.396,3.09,1.382,0.818,0,0,1.804,2.804,16.9,736164,0.0413549154807896
"2162","R1","Non-Frozen","Storm","2010-11","6/23/2010 9:25","6/23/2010 11:01",5677,3.881,0.73,3.15,0.2317,2.796,2.004,1.186,0.602,0,0.881,1.848,3.307,16.9,736164,0.0925391624692324
"2163","R1","Non-Frozen","Storm","2010-12","6/26/2010 6:29","6/26/2010 7:46",1825,1.538,1.028,1.917,0.5363,2.52,1.866,1.426,0.911,0,0,1.638,4.064,16.9,736164,0.0297488059725822
"2164","R1","Non-Frozen","Storm","2010-13","7/24/2010 5:15","7/24/2010 10:51",22670,13.18,2.306,6.183,0.3729,2.76,2.34,1.404,1.012,0.823,2.341,2.341,2.85,16.9,736164,0.369537222684076
"2165","R1","Non-Frozen","Storm","2010-14","8/8/2010 13:00","8/8/2010 16:09",18850,7.926,3.19,1.983,1.608,4.308,3.804,2.356,2.066,0,0,0.38,0.686,16.9,736164,0.307268489086671
"2166","R1","Non-Frozen","Storm","2010-15","8/9/2010 7:00","8/9/2010 7:12",7.8,0.01748,0.409,0.5167,0.7916,1.56,1.158,0.8,0.409,3.19,3.19,3.57,3.876,16.9,736164,0.000127145581691036
"2167","R1","Non-Frozen","Storm","2010-16","8/13/2010 21:20","8/13/2010 22:55",14040,16.82,1.271,3.65,0.3482,4.308,3.288,2.182,1.127,0.018,0.018,3.779,4.303,16.9,736164,0.228862047043865
"2168","R2","Frozen","Storm","2004-1","2/20/2004 10:59","2/26/2004 1:18",57480,0.5918,0.486,61.23,0.007937,0.324,0.27,0.216,0.162,0,0,0,0,17.2,749232,0.920622717662887
"2169","R2","Frozen","Storm","2004-2","2/26/2004 18:00","2/27/2004 1:02",1605,0.1369,0,NA,NA,NA,NA,NA,NA,0,0,0.486,0.486,17.2,749232,0.0257063232750336
"2170","R2","Frozen","Storm","2004-3","2/27/2004 19:20","2/28/2004",850.7,0.07726,0,NA,NA,NA,NA,NA,NA,0,0,0.117,0.486,17.2,749232,0.0136251521558075
"2171","R2","Frozen","Storm","2004-4","2/28/2004 18:20","2/28/2004 21:00",420.5,0.08283,0,NA,NA,NA,NA,NA,NA,0,0,0.117,0.486,17.2,749232,0.00673489653405087
"2172","R2","Frozen","Storm","2004-5","3/5/2004 4:10","3/5/2004 8:00",8593,1.502,1.107,9.083,0.1219,0.432,0.432,0.36,0.297,0.009,0.009,0.207,0.693,17.2,749232,0.137628932026395
"2173","R2","Non-Frozen","Storm","2004-6","5/22/2004 3:52","5/22/2004 4:03",13.5,0.03724,1.031,0.45,2.291,8.928,7.752,4.124,2.062,0.337,0.337,0.718,1.826,17.2,749232,0.000216221410724582
"2174","R2","Non-Frozen","Storm","2004-7","5/22/2004 9:03","5/22/2004 9:26",30.4,0.04591,1.947,5.783,0.3367,8.928,7.752,4.124,2.17,0.337,0.337,0.718,1.826,17.2,749232,0.00048689858415017
"2175","R2","Non-Frozen","Storm","2004-8","5/23/2004 5:16","5/23/2004 11:15",43050,36.76,1.949,6.1,0.3195,6.936,5.772,2.272,1.208,1.312,2.779,3.16,4.142,17.2,749232,0.6895060541995
"2176","R2","Non-Frozen","Storm","2004-9","5/30/2004 12:54","5/30/2004 14:31",2674,1.187,1.015,2.15,0.4721,2.076,1.608,1.234,0.841,0.782,0.989,1.088,6.197,17.2,749232,0.0428278557242616
"2177","R2","Non-Frozen","Storm","2004-10","5/31/2004 12:21","5/31/2004 13:00",88.4,0.08042,0.48,2.533,0.1895,0.78,0.504,0.28,0.268,1.043,1.933,2.131,7.24,17.2,749232,0.00141584983022615
"2178","R2","Non-Frozen","Storm","2004-11","6/12/2004 5:55","6/12/2004 6:33",495.1,0.5288,0.669,1.067,0.6272,2.436,1.842,1.08,0.641,0.009,1.257,1.469,4.054,17.2,749232,0.00792972003331411
"2179","R2","Non-Frozen","Storm","2004-12","6/17/2004 0:59","6/17/2004 2:19",5430,3.765,1.423,1.5,0.9487,3.552,3.24,2.344,1.35,0,0,2.128,2.34,17.2,749232,0.0869690563136652
"2180","R2","Frozen","Storm","2005-1","1/2/2005 5:35","1/3/2005 4:18",4907,0.1632,0.462,13.08,0.03531,1.596,1.308,0.604,0.339,0.028,0.028,0.037,0.037,17.2,749232,0.0785924786981869
"2181","R2","Frozen","Storm","2005-2","1/12/2005 20:20","1/14/2005 8:30",29790,0.7956,0.7,4.45,0.1573,0.444,0.336,0.276,0.266,0.036,0.036,0.036,0.535,17.2,749232,0.477128579665578
"2182","R2","Frozen","Storm","2005-3","2/5/2005 21:00","2/8/2005 20:53",71950,1.03,0.234,16.73,0.01398,0.108,0.108,0.072,0.063,0,0,0,0,17.2,749232,1.15238003715805
"2183","R2","Frozen","Storm","2005-4","2/13/2005 14:29","2/16/2005 10:35",75420,1.312,0.423,44.98,0.009403,0.108,0.108,0.09,0.063,0,0,0.234,0.234,17.2,749232,1.20795694791466
"2184","R2","Frozen","Storm","2005-5","2/16/2005 19:30","2/17/2005 3:41",1060,0.07185,0,NA,NA,NA,NA,NA,NA,0,0.036,0.423,0.657,17.2,749232,0.0169773848420783
"2185","R2","Frozen","Storm","2005-6","2/21/2005 18:00","2/22/2005 8:06",2964,0.1475,0,NA,NA,NA,NA,NA,NA,0.063,0.072,0.108,0.495,17.2,749232,0.0474726119546416
"2186","R2","Frozen","Storm","2005-7","2/24/2005 20:00","2/25/2005 5:13",1830,0.1036,0,NA,NA,NA,NA,NA,NA,0,0,0.072,0.495,17.2,749232,0.0293100134537767
"2187","R2","Frozen","Storm","2005-8","2/25/2005 18:00","2/26/2005 5:47",5177,0.3216,0,NA,NA,NA,NA,NA,NA,0,0,0.072,0.495,17.2,749232,0.0829169069126786
"2188","R2","Frozen","Storm","2005-9","2/27/2005 20:00","2/28/2005 6:20",4265,0.1897,0.036,1.567,0.02298,0.108,0.054,0.036,0.027,0,0,0,0.342,17.2,749232,0.0683099493881735
"2189","R2","Frozen","Storm","2005-10","3/3/2005 20:00","3/4/2005 3:06",1178,0.08864,0,NA,NA,NA,NA,NA,NA,0,0,0.036,0.108,17.2,749232,0.0188673201358191
"2190","R2","Frozen","Storm","2005-11","3/4/2005 16:40","3/6/2005 23:40",31050,0.7308,0,NA,NA,NA,NA,NA,NA,0,0,0.036,0.108,17.2,749232,0.497309244666539
"2191","R2","Frozen","Storm","2005-12","3/7/2005 8:03","3/7/2005 10:00",330.7,0.109,0.18,1.183,0.1521,0.216,0.216,0.18,0.162,0,0,0,0.036,17.2,749232,0.00529662374271254
"2192","R2","Frozen","Storm","2005-13","3/13/2005 21:25","3/14/2005 0:32",180.5,0.02047,0,NA,NA,NA,NA,NA,NA,0,0,0.189,0.225,17.2,749232,0.00289096034339163
"2193","R2","Frozen","Storm","2005-14","3/15/2005 19:20","3/16/2005 3:51",856.1,0.05548,0,NA,NA,NA,NA,NA,NA,0,0,0.009,0.189,17.2,749232,0.0137116407200974
"2194","R2","Frozen","Storm","2005-15","3/16/2005 14:00","3/17/2005 3:44",1342,0.0726,0,NA,NA,NA,NA,NA,NA,0,0,0.009,0.189,17.2,749232,0.0214940098661029
"2195","R2","Frozen","Storm","2005-16","3/18/2005 18:10","3/19/2005 6:40",1676,0.1036,0,NA,NA,NA,NA,NA,NA,0,0,0,0.189,17.2,749232,0.026843487731437
"2196","R2","Frozen","Storm","2005-17","3/19/2005 14:24","3/20/2005 8:14",1354,0.03836,0,NA,NA,NA,NA,NA,NA,0,0,0,0.189,17.2,749232,0.0216862066756359
"2197","R2","Frozen","Storm","2005-18","3/20/2005 15:20","3/20/2005 22:20",1074,0.07647,0,NA,NA,NA,NA,NA,NA,0,0,0,0.189,17.2,749232,0.0172016144532001
"2198","R2","Non-Frozen","Storm","2005-19","6/12/2005 1:43","6/12/2005 1:59",38.2,0.07335,1.32,1.383,0.9542,3.78,2.916,2.116,1.275,0.153,0.153,1.267,1.357,17.2,749232,0.000611826510346595
"2199","R2","Frozen","Storm","2007-1","2/21/2007 19:15","2/21/2007 23:30",141.7,0.01432,0,NA,NA,NA,NA,NA,NA,0,0,0,0,17.2,749232,0.00226952399256839
"2200","R2","Frozen","Storm","2007-2","2/22/2007 22:15","2/23/2007 0:15",58.1,0.01395,0,NA,NA,NA,NA,NA,NA,0,0,0,0,17.2,749232,0.000930552886155423
"2201","R2","Frozen","Storm","2007-3","3/1/2007 18:45","3/2/2007 2:30",245.4,0.01284,0.18,7.433,0.02422,0.216,0.162,0.108,0.081,0,0,0,0,17.2,749232,0.00393042475494907
"2202","R2","Frozen","Storm","2007-4","3/10/2007 19:22","3/11/2007 9:15",24310,2.24,0,NA,NA,NA,NA,NA,NA,0.126,0.135,0.135,0.315,17.2,749232,0.389358703312192
"2203","R2","Frozen","Storm","2007-5","3/11/2007 16:30","3/12/2007 5:15",10910,1.178,0,NA,NA,NA,NA,NA,NA,0,0.135,0.135,0.315,17.2,749232,0.174738932667051
"2204","R2","Frozen","Storm","2007-6","3/12/2007 15:45","3/12/2007 21:45",2098,0.3738,0,NA,NA,NA,NA,NA,NA,0,0,0.135,0.315,17.2,749232,0.0336024088666795
"2205","R2","Non-Frozen","Storm","2008-1","10/18/2007 4:11","10/18/2007 4:36",51.8,0.0912,0.894,5.2,0.1719,7.2,4.14,1.884,1.068,0,0.18,0.504,0.504,17.2,749232,0.000829649561150618
"2206","R2","Non-Frozen","Storm","2008-2","10/18/2007 9:23","10/18/2007 10:00",51.8,0.0645,1.536,10.37,0.1482,7.2,4.14,1.884,1.068,0,0.18,0.504,0.504,17.2,749232,0.000829649561150618
"2207","R2","Frozen","Storm","2008-3","1/7/2008 18:00","1/8/2008 8:01",7214,0.919,0.506,15.27,0.03314,1.584,1.404,0.576,0.297,0,0,0,0,17.2,749232,0.115542315330899
"2208","R2","Frozen","Storm","2008-4","3/2/2008 18:00","3/4/2008 12:00",16850,0.3573,0.631,8.183,0.07711,0.768,0.546,0.308,0.199,0,0,0,0,17.2,749232,0.269876353385867
"2209","R2","Frozen","Storm","2008-5","3/12/2008 18:55","3/13/2008 1:30",34.6,0.0032,0,NA,NA,NA,NA,NA,NA,0,0,0,0.631,17.2,749232,0.000554167467486706
"2210","R2","Frozen","Storm","2008-6","3/13/2008 16:00","3/14/2008 15:20",29960,1.764,0,NA,NA,NA,NA,NA,NA,0,0,0,0.631,17.2,749232,0.479851367800628
"2211","R2","Frozen","Storm","2008-7","3/14/2008 18:55","3/15/2008 11:30",22280,1.32,0,NA,NA,NA,NA,NA,NA,0,0,0,0.631,17.2,749232,0.356845409699532
"2212","R2","Frozen","Storm","2008-8","3/15/2008 21:45","3/16/2008 9:15",4864,0.4313,0,NA,NA,NA,NA,NA,NA,0,0,0,0.631,17.2,749232,0.0779037734640272
"2213","R2","Frozen","Storm","2008-9","3/16/2008 21:55","3/17/2008 7:35",2687,0.1999,0,NA,NA,NA,NA,NA,NA,0,0,0,0.631,17.2,749232,0.043036068934589
"2214","R2","Frozen","Storm","2008-10","3/18/2008 19:00","3/19/2008 7:15",7716,0.5376,0.009,NA,NA,NA,NA,NA,NA,0.045,0.045,0.045,0.045,17.2,749232,0.123582548529694
"2215","R2","Frozen","Storm","2008-11","3/19/2008 18:05","3/20/2008 2:00",7379,0.635,0,NA,NA,NA,NA,NA,NA,0.009,0.054,0.054,0.054,17.2,749232,0.118185021461977
"2216","R2","Frozen","Storm","2008-12","3/20/2008 19:59","3/20/2008 21:25",77.8,0.0228,0,NA,NA,NA,NA,NA,NA,0,0.009,0.054,0.054,17.2,749232,0.00124607598180537
"2217","R2","Non-Frozen","Storm","2008-13","4/25/2008 13:00","4/25/2008 16:00",2065,1.103,0.699,2.15,0.3251,3.312,2.142,0.894,0.564,1.159,1.285,1.645,2.735,17.2,749232,0.0330738676404638
"2218","R2","Non-Frozen","Storm","2008-14","5/2/2008 6:40","5/2/2008 7:25",129.6,0.1678,0.797,0.8667,0.9196,2.664,1.932,1.324,0.797,0,0,1.014,2.56,17.2,749232,0.00207572554295599
"2219","R2","Non-Frozen","Storm","2008-15","6/5/2008 10:00","6/5/2008 11:30",1719,1.401,0.89,2.85,0.3123,3.312,2.466,1.452,0.744,0,0.162,1.84,3.063,17.2,749232,0.0275321929655968
"2220","R2","Non-Frozen","Storm","2008-16","6/8/2008 4:15","6/8/2008 7:00",14040,7.981,1.077,3.1,0.3474,1.8,1.74,1.236,0.748,0.072,0.306,1.493,4.367,17.2,749232,0.224870267153565
"2221","R2","Non-Frozen","Storm","2008-17","6/8/2008 13:51","6/8/2008 17:39",12200,3.8,0.734,2.467,0.2976,1.32,0.984,0.652,0.599,1.249,1.249,2.67,5.544,17.2,749232,0.195400089691844
"2222","R2","Non-Frozen","Storm","2008-18","6/9/2008 0:38","6/9/2008 5:53",18590,9.004,0.78,4.433,0.1759,3.276,2.19,1.2,0.645,1.911,1.983,3.404,6.278,17.2,749232,0.297744890768147
"2223","R2","Non-Frozen","Storm","2008-19","6/12/2008 14:13","6/12/2008 16:00",388.8,0.2116,0.503,1.033,0.4868,2.784,1.716,0.808,0.494,0.027,0.027,3.033,5.889,17.2,749232,0.00622717662886796
"2224","R2","Non-Frozen","Storm","2008-20","6/13/2008 4:15","6/13/2008 8:15",1080,0.2168,0.451,5.117,0.08814,0.66,0.438,0.234,0.207,0.548,0.575,3.581,6.221,17.2,749232,0.0172977128579666
"2225","R2","Non-Frozen","Storm","2008-21","6/15/2008 12:39","6/15/2008 13:00",8.6,0.0121,0.265,3.333,0.0795,1.128,0.618,0.206,0.103,0.036,0.036,2.685,5.255,17.2,749232,0.000137741046831956
"2226","R2","Non-Frozen","Storm","2008-22","7/10/2008 23:18","7/11/2008 1:32",16050,7.893,1.255,1.317,0.9532,2.52,2.406,1.766,1.192,0.829,0.829,2.17,3.692,17.2,749232,0.257063232750336
"2227","R2","Non-Frozen","Storm","2008-23","7/12/2008 7:45","7/12/2008 9:24",1201,0.6566,0.897,1.95,0.46,2.04,1.566,1.034,0.767,0,2.012,3.425,4.884,17.2,749232,0.0192356973540906
"2228","R2","Non-Frozen","Storm","2008-24","7/20/2008 4:00","7/20/2008 5:44",164.2,0.0981,1.14,1.083,1.052,4.56,3.84,1.88,1.13,0.01,0.02,0.08,4.542,17.2,749232,0.00262989301044269
"2229","R2","Frozen","Storm","2009-1","12/27/2008","12/28/2008 10:00",36910,1.34,0.387,11.87,0.03261,0.432,0.378,0.18,0.144,0,0,0,0.135,17.2,749232,0.591165353321802
"2230","R2","Frozen","Storm","2009-2","2/7/2009 12:14","2/10/2009 23:46",58350,2.145,0.063,2.033,0.03098,0.216,0.162,0.09,0.054,0,0,0,0,17.2,749232,0.934556986354026
"2231","R2","Frozen","Storm","2009-3","2/25/2009 16:30","2/28/2009 8:31",47160,4.836,0.576,10.67,0.054,0.756,0.54,0.324,0.261,0,0,0,0.036,17.2,749232,0.75533346146454
"2232","R2","Frozen","Storm","2009-4","2/28/2009 21:00","3/1/2009 3:31",314.8,0.04713,0,NA,NA,NA,NA,NA,NA,0,0.432,0.576,0.612,17.2,749232,0.00504196297008136
"2233","R2","Frozen","Storm","2009-5","3/4/2009 19:45","3/5/2009 2:01",289.4,0.0247,0,NA,NA,NA,NA,NA,NA,0,0,0.576,0.576,17.2,749232,0.00463514638990326
"2234","R2","Frozen","Storm","2009-6","3/5/2009 15:50","3/5/2009 19:46",266.7,0.03292,0,NA,NA,NA,NA,NA,NA,0,0,0.576,0.576,17.2,749232,0.00427157409187008
"2235","R2","Frozen","Storm","2009-7","3/7/2009 12:45","3/7/2009 23:22",18330,1.598,0.828,11.32,0.07317,0.324,0.324,0.198,0.153,0,0,0,0.576,17.2,749232,0.293580626561599
"2236","R2","Frozen","Storm","2009-8","3/8/2009 14:00","3/8/2009 23:41",41610,2.88,1.008,8.933,0.1128,0.324,0.27,0.234,0.216,0.72,0.954,0.954,1.53,17.2,749232,0.666442437055545
"2237","R2","Frozen","Storm","2009-9","3/10/2009 6:40","3/10/2009 13:20",20780,2.28,0.756,10.5,0.072,0.324,0.27,0.18,0.153,0,1.125,1.962,2.538,17.2,749232,0.332820808507912
"2238","R2","Non-Frozen","Storm","2009-10","7/24/2009 22:57","7/25/2009 1:11",1046,0.3918,1.602,2.25,0.712,7.308,4.506,1.926,0.99,0,0,2.312,2.816,17.2,749232,0.0167531552309565
"2239","R2","Non-Frozen","Storm","2009-11","7/28/2009 1:45","7/28/2009 2:31",406.5,0.2928,1.572,1.167,1.347,5.388,3.912,2.296,1.471,0,0,3.914,4.418,17.2,749232,0.00651066692292908
"2240","R2","Frozen","Storm","2010-1","1/24/2010 18:15","1/25/2010 7:39",3318,0.2181,0,NA,NA,NA,NA,NA,NA,0.756,0.774,0.774,0.774,17.2,749232,0.0531424178358639
"2241","R2","Frozen","Storm","2010-2","3/8/2010 20:15","3/9/2010 13:15",3465,0.1508,0.027,7.967,0.003389,0.216,0.108,0.036,0.036,0,0.117,0.117,0.117,17.2,749232,0.0554968287526427
"2242","R2","Frozen","Storm","2010-3","3/9/2010 15:45","3/11/2010 6:15",38420,0.7152,0.315,27.77,0.01134,0.324,0.216,0.126,0.081,0.009,0.126,0.126,0.126,17.2,749232,0.615350118521366
"2243","R2","Frozen","Storm","2010-4","3/11/2010 14:15","3/11/2010 23:45",8226,0.5486,0.324,4.217,0.07684,0.54,0.324,0.216,0.135,0.009,0.297,0.441,0.441,17.2,749232,0.131750912934845
"2244","R2","Non-Frozen","Storm","2010-5","6/23/2010 10:00","6/23/2010 10:30",259.2,0.32,0.73,3.15,0.2317,2.796,2.004,1.186,0.602,0,0.881,1.848,3.307,17.2,749232,0.00415145108591197
"2245","R2","Non-Frozen","Storm","2010-6","7/24/2010 7:08","7/24/2010 10:45",6905,3.854,2.306,6.183,0.3729,2.76,2.34,1.404,1.012,0.823,2.341,2.341,2.85,17.2,749232,0.110593247485425
"2246","R2","Non-Frozen","Storm","2010-7","8/8/2010 14:22","8/8/2010 16:15",8546,3.03,3.19,1.983,1.608,4.308,3.804,2.356,2.066,0,0,0.38,0.686,17.2,749232,0.136876161189058
"2247","R2","Non-Frozen","Storm","2010-8","8/13/2010 21:23","8/13/2010 22:53",5768,4.792,1.262,3.367,0.3749,4.308,3.288,2.182,1.127,0.018,0.018,3.779,4.303,17.2,749232,0.0923825997821769
"2248","R3","Frozen","Storm","2004-1","2/20/2004 11:00","2/25/2004 23:00",96100,1.87,0.486,61.23,0.007937,0.324,0.27,0.216,0.162,0,0,0,0,39.5,1720620,0.67022352407853
"2249","R3","Frozen","Storm","2004-2","2/26/2004 20:00","2/27/2004",1204,0.1798,0,NA,NA,NA,NA,NA,NA,0,0,0.486,0.486,39.5,1720620,0.00839697318408481
"2250","R3","Frozen","Storm","2004-3","2/27/2004 20:00","2/28/2004",297,0.04355,0,NA,NA,NA,NA,NA,NA,0,0,0.117,0.486,39.5,1720620,0.00207134637514384
"2251","R3","Frozen","Storm","2004-4","2/28/2004 18:30","2/28/2004 20:30",208.1,0.05347,0,NA,NA,NA,NA,NA,NA,0,0,0.117,0.486,39.5,1720620,0.00145133730864456
"2252","R3","Frozen","Storm","2004-5","3/5/2004 4:02","3/5/2004 8:01",10470,2.528,1.107,9.083,0.1219,0.432,0.432,0.36,0.297,0.009,0.009,0.207,0.693,39.5,1720620,0.073020190396485
"2253","R3","Non-Frozen","Storm","2004-6","5/22/2004 3:44","5/22/2004 4:09",179.8,0.296,1.04,0.5333,1.95,8.928,7.752,4.124,2.08,0.337,0.337,0.718,1.826,39.5,1720620,0.00125396659343725
"2254","R3","Non-Frozen","Storm","2004-7","5/22/2004 8:56","5/22/2004 9:18",88.9,0.1564,1.929,5.7,0.3384,8.928,7.752,4.124,2.179,0.337,0.337,0.718,1.826,39.5,1720620,0.000620009066499285
"2255","R3","Non-Frozen","Storm","2004-8","5/23/2004 5:17","5/23/2004 11:39",46890,20.28,1.949,6.1,0.3195,6.936,5.772,2.272,1.208,1.312,2.779,3.16,4.142,39.5,1720620,0.327021654984831
"2256","R3","Non-Frozen","Storm","2004-9","5/30/2004 12:52","5/30/2004 16:00",2741,1.258,1.034,2.467,0.4192,2.076,1.608,1.234,0.841,0.782,0.989,1.088,6.197,39.5,1720620,0.0191163650312097
"2257","R3","Non-Frozen","Storm","2004-10","5/31/2004 12:20","5/31/2004 14:40",320.7,0.08449,0.48,2.533,0.1895,0.78,0.504,0.28,0.268,1.043,1.933,2.131,7.24,39.5,1720620,0.00223663563134219
"2258","R3","Non-Frozen","Storm","2004-11","6/6/2004 5:37","6/6/2004 8:00",102.2,0.01664,0.212,4.883,0.04341,0.444,0.384,0.202,0.129,0,0,1.605,4.741,39.5,1720620,0.000712766328416501
"2259","R3","Non-Frozen","Storm","2004-12","6/10/2004 19:00","6/11/2004 7:00",1972,0.3216,1.23,13.62,0.09033,1.248,0.792,0.556,0.399,0.018,0.018,0.23,2.815,39.5,1720620,0.0137531819925376
"2260","R3","Non-Frozen","Storm","2004-13","6/12/2004 5:49","6/12/2004 13:00",2301,0.8576,0.669,1.067,0.6272,2.436,1.842,1.08,0.641,0.009,1.257,1.469,4.054,39.5,1720620,0.0160477037347003
"2261","R3","Non-Frozen","Storm","2004-14","6/14/2004 14:38","6/14/2004 16:00",57.1,0.02047,0.193,1.217,0.1586,0.444,0.336,0.258,0.184,0.009,0.009,1.935,2.22,39.5,1720620,0.000398228545524288
"2262","R3","Non-Frozen","Storm","2004-15","6/17/2004 0:57","6/17/2004 13:00",15210,6.514,1.506,5.7,0.2642,3.552,3.24,2.344,1.35,0,0,2.128,2.34,39.5,1720620,0.106078041636154
"2263","R3","Frozen","Storm","2005-1","1/2/2005 4:00","1/3/2005 7:47",6162,0.181,0.462,13.08,0.03531,1.596,1.308,0.604,0.339,0.028,0.028,0.037,0.037,39.5,1720620,0.0429752066115702
"2264","R3","Frozen","Storm","2005-2","1/12/2005 21:34","1/14/2005 11:00",48270,1.226,0.7,4.45,0.1573,0.444,0.336,0.276,0.266,0.036,0.036,0.036,0.535,39.5,1720620,0.33664609268752
"2265","R3","Frozen","Storm","2005-3","2/3/2005 17:00","2/8/2005 14:48",149500,2.06,0.234,16.73,0.01398,0.108,0.108,0.072,0.063,0,0,0,0,39.5,1720620,1.04264741779126
"2266","R3","Frozen","Storm","2005-4","2/12/2005 20:45","2/16/2005 13:19",140000,2.988,0.423,44.98,0.009403,0.108,0.108,0.09,0.063,0,0,0.234,0.234,39.5,1720620,0.976392230707536
"2267","R3","Frozen","Storm","2005-5","2/16/2005 19:30","2/17/2005 6:19",1132,0.06234,0,NA,NA,NA,NA,NA,NA,0,0.036,0.423,0.657,39.5,1720620,0.00789482860829236
"2268","R3","Frozen","Storm","2005-6","2/19/2005 21:15","2/20/2005 7:00",1132,0.07647,0,NA,NA,NA,NA,NA,NA,0,0,0.423,0.657,39.5,1720620,0.00789482860829236
"2269","R3","Frozen","Storm","2005-7","2/21/2005 18:00","2/23/2005 5:57",10170,0.447,0,NA,NA,NA,NA,NA,NA,0.063,0.072,0.108,0.495,39.5,1720620,0.0709279213306831
"2270","R3","Frozen","Storm","2005-8","2/23/2005 21:00","2/24/2005 6:44",1176,0.0696,0,NA,NA,NA,NA,NA,NA,0,0,0.072,0.495,39.5,1720620,0.0082016947379433
"2271","R3","Frozen","Storm","2005-9","2/24/2005 19:30","2/25/2005 8:45",4673,0.2605,0,NA,NA,NA,NA,NA,NA,0,0,0.072,0.495,39.5,1720620,0.0325905778149737
"2272","R3","Frozen","Storm","2005-10","2/25/2005 18:00","2/26/2005 13:00",7365,0.4906,0,NA,NA,NA,NA,NA,NA,0,0,0.072,0.495,39.5,1720620,0.0513652055654357
"2273","R3","Frozen","Storm","2005-11","2/26/2005 20:00","2/27/2005 7:25",826,0.03612,0,NA,NA,NA,NA,NA,NA,0,0,0.072,0.495,39.5,1720620,0.00576071416117446
"2274","R3","Frozen","Storm","2005-12","2/27/2005 20:00","2/28/2005 10:50",5190,0.1586,0.036,1.567,0.02298,0.108,0.054,0.036,0.027,0,0,0,0.342,39.5,1720620,0.0361962548383722
"2275","R3","Frozen","Storm","2005-13","2/28/2005 23:00","3/1/2005 6:11",474.7,0.02776,0,NA,NA,NA,NA,NA,NA,0.036,0.036,0.036,0.144,39.5,1720620,0.00331066708512048
"2276","R3","Frozen","Storm","2005-14","3/3/2005 19:05","3/4/2005 6:40",3086,0.1884,0,NA,NA,NA,NA,NA,NA,0,0,0.036,0.108,39.5,1720620,0.0215224744568818
"2277","R3","Frozen","Storm","2005-15","3/4/2005 18:00","3/5/2005 10:42",7504,0.4123,0,NA,NA,NA,NA,NA,NA,0,0,0.036,0.108,39.5,1720620,0.0523346235659239
"2278","R3","Frozen","Storm","2005-16","3/5/2005 16:08","3/6/2005 5:00",6401,0.4009,0,NA,NA,NA,NA,NA,NA,0,0,0.036,0.108,39.5,1720620,0.0446420476339924
"2279","R3","Frozen","Storm","2005-17","3/6/2005 16:18","3/6/2005 20:00",1005,0.1486,0,NA,NA,NA,NA,NA,NA,0,0,0.036,0.108,39.5,1720620,0.00700910137043624
"2280","R3","Non-Frozen","Storm","2005-18","6/12/2005 1:29","6/12/2005 1:49",120.3,0.2025,1.302,1.1,1.184,3.78,2.916,2.116,1.266,0.153,0.153,1.267,1.357,39.5,1720620,0.000838999895386547
"2281","R3","Non-Frozen","Storm","2005-19","9/19/2005 11:02","9/19/2005 11:22",117.5,0.1872,1.63,1.667,0.978,4.452,3.072,1.584,1.122,0,0,0,0.018,39.5,1720620,0.000819472050772396
"2282","R3","Frozen","Storm","2006-1","3/9/2006 0:06","3/9/2006 6:20",20740,3.723,0.882,5.517,0.1599,0.756,0.702,0.432,0.342,0.144,0.144,0.243,0.243,39.5,1720620,0.144645534749102
"2283","R3","Non-Frozen","Storm","2006-2","4/16/2006 22:27","4/16/2006 22:40",19,0.04473,1.452,6.317,0.2299,1.68,1.332,0.678,0.519,0.661,0.661,1.147,1.858,39.5,1720620,0.000132510374167451
"2284","R3","Frozen","Storm","2007-1","2/22/2007 1:45","2/22/2007 4:00",200.3,0.0378,0,NA,NA,NA,NA,NA,NA,0,0,0,0,39.5,1720620,0.00139693831293371
"2285","R3","Frozen","Storm","2007-2","2/22/2007 23:00","2/23/2007 8:00",2038,0.1432,0,NA,NA,NA,NA,NA,NA,0,0,0,0,39.5,1720620,0.014213481187014
"2286","R3","Frozen","Storm","2007-3","3/1/2007 18:15","3/2/2007 19:45",5922,0.09465,0.18,7.433,0.02422,0.216,0.162,0.108,0.081,0,0,0,0,39.5,1720620,0.0413013913589288
"2287","R3","Frozen","Storm","2007-4","3/9/2007 18:15","3/12/2007 9:30",131300,5.382,0.135,10.1,0.01337,0.108,0.108,0.054,0.054,0,0,0,0.18,39.5,1720620,0.915716427799282
"2288","R3","Frozen","Storm","2007-5","3/12/2007 12:30","3/12/2007 21:30",12730,1.482,0,NA,NA,NA,NA,NA,NA,0,0,0.135,0.315,39.5,1720620,0.0887819506921923
"2289","R3","Non-Frozen","Storm","2007-6","4/3/2007 8:20","4/3/2007 8:30",11.5,0.02776,0.902,5.25,0.1718,1.2,0.816,0.452,0.325,0,0.099,0.911,1.665,39.5,1720620,8.02036475224047e-05
"2290","R3","Non-Frozen","Storm","2007-7","7/4/2007 2:58","7/4/2007 4:30",29390,46.39,2.631,1.917,1.373,6.36,4.944,3.878,2.541,0,0,0,1.511,39.5,1720620,0.204972626146389
"2291","R3","Non-Frozen","Storm","2007-8","7/18/2007 3:37","7/18/2007 5:30",10500,6.813,1.467,2.2,0.6668,3.048,2.604,2.172,1.339,1.161,1.188,1.188,2.275,39.5,1720620,0.0732294173030652
"2292","R3","Non-Frozen","Storm","2007-9","8/22/2007 22:55","8/23/2007 0:35",2963,1.163,0.918,3.35,0.274,3.54,2.85,1.204,0.737,0.551,0.551,2.873,4.175,39.5,1720620,0.0206646441399031
"2293","R3","Non-Frozen","Storm","2007-10","8/27/2007 14:54","8/27/2007 16:09",685.4,0.399,1.175,1.367,0.8598,3.036,2.658,1.77,1.148,0,0,2.077,5.21,39.5,1720620,0.00478013739233532
"2294","R3","Non-Frozen","Storm","2008-1","10/18/2007 4:15","10/18/2007 6:11",1443,0.8376,1.011,6.733,0.1501,7.2,4.14,1.884,1.068,0,0.18,0.504,0.504,39.5,1720620,0.010063814206507
"2295","R3","Non-Frozen","Storm","2008-2","10/18/2007 9:33","10/18/2007 11:35",484.2,0.3152,1.545,11.67,0.1324,7.2,4.14,1.884,1.068,0,0.18,0.504,0.504,39.5,1720620,0.00337692227220421
"2296","R3","Frozen","Storm","2008-3","1/7/2008 20:30","1/8/2008 22:43",3672,0.1157,0.605,33.65,0.01798,1.584,1.404,0.576,0.297,0,0,0,0,39.5,1720620,0.0256093733654148
"2297","R3","Frozen","Storm","2008-4","3/3/2008 3:25","3/4/2008 7:45",19150,0.8547,0.631,8.183,0.07711,0.768,0.546,0.308,0.199,0,0,0,0,39.5,1720620,0.133556508700352
"2298","R3","Frozen","Storm","2008-5","3/12/2008 20:14","3/15/2008 13:45",86850,4.021,0,NA,NA,NA,NA,NA,NA,0,0,0,0.631,39.5,1720620,0.605711894549639
"2299","R3","Frozen","Storm","2008-6","3/15/2008 18:45","3/16/2008 10:00",3007,0.209,0,NA,NA,NA,NA,NA,NA,0,0,0,0.631,39.5,1720620,0.020971510269554
"2300","R3","Frozen","Storm","2008-7","3/16/2008 19:15","3/17/2008 2:15",1192,0.111,0,NA,NA,NA,NA,NA,NA,0,0,0,0.631,39.5,1720620,0.00831328242145273
"2301","R3","Frozen","Storm","2008-8","3/18/2008 17:45","3/19/2008 2:00",1356,0.1054,0.009,NA,NA,NA,NA,NA,NA,0.045,0.045,0.045,0.045,39.5,1720620,0.00945705617742442
"2302","R3","Frozen","Storm","2008-9","3/19/2008 16:45","3/20/2008 1:45",1797,0.11,0,NA,NA,NA,NA,NA,NA,0.009,0.054,0.054,0.054,39.5,1720620,0.0125326917041532
"2303","R3","Frozen","Storm","2008-10","3/20/2008 18:15","3/21/2008",293.8,0.0233,0,NA,NA,NA,NA,NA,NA,0,0.009,0.054,0.054,39.5,1720620,0.00204902883844196
"2304","R3","Frozen","Storm","2008-11","3/31/2008 15:56","3/31/2008 16:45",60.5,0.0441,0.496,1.8,0.2756,0.876,0.654,0.486,0.343,0.351,0.351,0.486,0.54,39.5,1720620,0.000421940928270042
"2305","R3","Non-Frozen","Storm","2008-12","4/25/2008 14:30","4/25/2008 17:15",2125,0.8264,0.699,2.15,0.3251,3.312,2.142,0.894,0.564,1.159,1.285,1.645,2.735,39.5,1720620,0.0148202392160965
"2306","R3","Non-Frozen","Storm","2008-13","5/2/2008 6:53","5/2/2008 8:45",138.2,0.0497,0.797,0.8667,0.9196,2.664,1.932,1.324,0.797,0,0,1.014,2.56,39.5,1720620,0.000963838616312724
"2307","R3","Non-Frozen","Storm","2008-14","5/26/2008 1:46","5/26/2008 3:00",172.8,0.1947,1.178,1.25,0.9424,4.836,3.81,1.526,1.151,0,0,0.018,0.027,39.5,1720620,0.00120514698190187
"2308","R3","Non-Frozen","Storm","2008-15","5/30/2008 9:06","5/30/2008 10:19",138.2,0.0733,1.173,12.73,0.09212,1.104,0.66,0.434,0.334,0.126,0.126,1.349,1.349,39.5,1720620,0.000963838616312724
"2309","R3","Non-Frozen","Storm","2008-16","6/5/2008 9:58","6/5/2008 12:24",6610,3.192,0.998,3.65,0.2734,3.312,2.466,1.452,0.744,0,0.162,1.84,3.063,39.5,1720620,0.0460996617498344
"2310","R3","Non-Frozen","Storm","2008-17","6/8/2008 4:07","6/19/2008 17:30",104500,18.72,4.027,176.4,0.02283,3.276,2.19,1.236,0.748,0.072,0.306,1.493,4.367,39.5,1720620,0.728807057920982
"2311","R3","Non-Frozen","Storm","2008-18","6/29/2008 3:45","6/29/2008 7:00",1313,0.3918,1.45,4.4,0.3295,1.692,1.278,1.046,0.892,0.036,0.063,0.072,0.337,39.5,1720620,0.00915716427799282
"2312","R3","Non-Frozen","Storm","2008-19","7/8/2008 2:00","7/8/2008 3:15",285.1,0.256,0.972,1.433,0.6781,2.772,2.466,1.602,0.873,0.216,0.216,0.225,1.738,39.5,1720620,0.0019883530355337
"2313","R3","Non-Frozen","Storm","2008-20","7/10/2008 15:45","7/10/2008 18:00",6342,3.632,0.739,1.967,0.3758,2.772,1.95,1.208,0.676,0.072,0.072,1.413,2.935,39.5,1720620,0.0442305680510514
"2314","R3","Non-Frozen","Storm","2008-21","7/10/2008 23:15","7/11/2008 1:45",35440,18.92,1.255,1.317,0.9532,2.52,2.406,1.766,1.192,0.829,0.829,2.17,3.692,39.5,1720620,0.247166718973393
"2315","R3","Non-Frozen","Storm","2008-22","7/12/2008 7:42","7/12/2008 10:15",7439,2.065,1.027,2.6,0.395,2.04,1.566,1.034,0.767,0,2.012,3.425,4.884,39.5,1720620,0.0518812986016668
"2316","R3","Non-Frozen","Storm","2008-23","7/20/2008 4:39","7/20/2008 6:15",2100,1.462,1.14,1.083,1.052,4.56,3.84,1.88,1.13,0.01,0.02,0.08,4.542,39.5,1720620,0.014645883460613
"2317","R3","Frozen","Storm","2009-1","12/27/2008 8:00","12/28/2008 12:00",85080,3.812,0.387,11.87,0.03261,0.432,0.378,0.18,0.144,0,0,0,0.135,39.5,1720620,0.593367507061408
"2318","R3","Frozen","Storm","2009-2","2/7/2009 11:00","2/10/2009 12:01",135500,4.534,0.063,2.033,0.03098,0.216,0.162,0.09,0.054,0,0,0,0,39.5,1720620,0.945008194720508
"2319","R3","Frozen","Storm","2009-3","2/25/2009 19:00","2/27/2009 10:08",109300,10.69,0.576,10.67,0.054,0.756,0.54,0.324,0.261,0,0,0,0.036,39.5,1720620,0.762283362973812
"2320","R3","Frozen","Storm","2009-4","2/27/2009 20:00","2/27/2009 23:58",709.6,0.06885,0,NA,NA,NA,NA,NA,NA,0.45,0.576,0.576,0.612,39.5,1720620,0.00494891376364334
"2321","R3","Frozen","Storm","2009-5","3/7/2009 13:00","3/8/2009 0:30",47970,3.548,0.828,11.32,0.07317,0.324,0.324,0.198,0.153,0,0,0,0.576,39.5,1720620,0.334553823621718
"2322","R3","Frozen","Storm","2009-6","3/8/2009 13:33","3/9/2009 1:16",104500,6.66,1.008,8.933,0.1128,0.324,0.27,0.234,0.216,0.72,0.954,0.954,1.53,39.5,1720620,0.728807057920982
"2323","R3","Frozen","Storm","2009-7","3/10/2009 5:53","3/10/2009 14:37",58610,5.552,0.756,10.5,0.072,0.324,0.27,0.18,0.153,0,1.125,1.962,2.538,39.5,1720620,0.40875963315549
"2324","R3","Non-Frozen","Storm","2009-8","6/8/2009 5:40","6/8/2009 6:00",52.8,0.08532,1.19,0.95,1.253,4.044,3.402,1.766,1.19,0.018,0.063,0.292,0.985,39.5,1720620,0.000368239355581128
"2325","R3","Non-Frozen","Storm","2009-9","6/19/2009 14:18","6/19/2009 15:25",5668,4.86,0.879,0.3333,2.637,4.164,3.534,1.758,0.879,0.108,0.363,0.75,2.021,39.5,1720620,0.0395299368832165
"2326","R3","Non-Frozen","Storm","2009-10","7/24/2009 22:14","7/25/2009 1:51",37340,13.66,1.602,2.25,0.712,7.308,4.506,1.926,0.99,0,0,2.312,2.816,39.5,1720620,0.260417756390138
"2327","R3","Non-Frozen","Storm","2009-11","7/28/2009 1:00","7/28/2009 3:12",14550,7.29,1.572,1.167,1.347,5.388,3.912,2.296,1.471,0,0,3.914,4.418,39.5,1720620,0.10147504969139
"2328","R3","Non-Frozen","Storm","2009-12","8/27/2009 16:31","8/27/2009 18:01",1624,0.553,1.359,9.933,0.1368,0.864,0.648,0.558,0.432,0.09,0.415,0.685,1.416,39.5,1720620,0.0113261498762074
"2329","R3","Frozen","Storm","2010-1","1/24/2010 19:00","1/25/2010 17:00",10240,0.3936,0,NA,NA,NA,NA,NA,NA,0.756,0.774,0.774,0.774,39.5,1720620,0.0714161174460369
"2330","R3","Frozen","Storm","2010-2","3/9/2010","3/12/2010 1:00",251500,3.688,0.648,60.77,0.01066,0.54,0.324,0.216,0.135,0,0.117,0.117,0.117,39.5,1720620,1.75401890016389
"2331","R3","Non-Frozen","Storm","2010-3","6/6/2010","6/6/2010 1:00",235.1,0.1798,0.751,3.517,0.2136,1.092,0.984,0.78,0.598,0.561,1.218,1.733,2.252,39.5,1720620,0.00163964152456673
"2332","R3","Non-Frozen","Storm","2010-4","6/15/2010 19:35","6/15/2010 20:09",195.2,0.1761,0.81,3.117,0.2599,1.572,1.35,0.792,0.513,0.027,0.424,0.64,3.538,39.5,1720620,0.00136136973881508
"2333","R3","Non-Frozen","Storm","2010-5","6/23/2010 9:30","6/23/2010 11:00",2738,1.273,0.73,3.15,0.2317,2.796,2.004,1.186,0.602,0,0.881,1.848,3.307,39.5,1720620,0.0190954423405517
"2334","R3","Non-Frozen","Storm","2010-6","6/26/2010 6:30","6/26/2010 8:00",1545,0.8096,1.028,1.917,0.5363,2.52,1.866,1.426,0.911,0,0,1.638,4.064,39.5,1720620,0.0107751856888796
"2335","R3","Non-Frozen","Storm","2010-7","7/24/2010 5:20","7/24/2010 11:30",27350,11.98,2.306,6.183,0.3729,2.76,2.34,1.404,1.012,0.823,2.341,2.341,2.85,39.5,1720620,0.190745196498936
"2336","R3","Non-Frozen","Storm","2010-8","8/8/2010 13:53","8/8/2010 17:00",31750,9.904,3.19,1.983,1.608,4.308,3.804,2.356,2.066,0,0,0.38,0.686,39.5,1720620,0.22143180946403
"2337","R3","Non-Frozen","Storm","2010-9","8/9/2010 7:05","8/9/2010 7:30",31,0.04004,0.454,0.8333,0.5448,1.56,1.158,0.8,0.454,3.19,3.19,3.57,3.876,39.5,1720620,0.000216201136799526
"2338","R3","Non-Frozen","Storm","2010-10","8/13/2010 21:29","8/13/2010 23:35",12070,7.351,1.307,4.317,0.3028,4.308,3.288,2.182,1.127,0.018,0.018,3.779,4.303,39.5,1720620,0.0841789587474283
"2339","RE1","Frozen","Storm","2015-1","3/9/2015 20:00","3/10/2015 8:00",5296,0.382,0,NA,NA,NA,NA,NA,NA,0,0,0,0,9.4,409464,0.155207783834476
"2340","RE1","Frozen","Storm","2015-2","3/10/2015 17:45","3/11/2015 4:30",6390,0.497,0,NA,NA,NA,NA,NA,NA,0,0,0,0,9.4,409464,0.187269210480042
"2341","RE1","Frozen","Storm","2015-3","3/11/2015 17:00","3/11/2015 21:15",987,0.171,0,NA,NA,NA,NA,NA,NA,0,0,0,0,9.4,409464,0.0289256198347107
"2342","RE1","Non-Frozen","Storm","2015-4","9/18/2015 3:44","9/18/2015 4:02",29,0.069,0.96,1.817,0.5284,4.44,3.6,1.5,0.83,1.15,1.15,1.16,3.03,9.4,409464,0.000849891565558877
"2343","RE1","Frozen","Storm","2016-1","2/7/2016 20:15","2/8/2016 2:15",1329,0.1826,0,NA,NA,NA,NA,NA,NA,0,0,0.13,0.32,9.4,409464,0.0389484789871637
"2344","RE1","Frozen","Storm","2016-2","2/19/2016 4:30","2/20/2016 6:15",8243,0.648,0,NA,NA,NA,NA,NA,NA,0,0,0,0,9.4,409464,0.241574350858684
"2345","RE1","Frozen","Storm","2016-3","2/20/2016 16:00","2/20/2016 20:45",223.9,0.02721,0,NA,NA,NA,NA,NA,NA,0,0,0,0,9.4,409464,0.00656174901822871
"2346","RE1","Non-Frozen","Storm","2016-4","8/20/2016 11:23","8/20/2016 11:45",64,0.111,1.09,0.55,1.982,5.28,4.38,2.16,1.09,0.82,2.08,2.31,2.97,9.4,409464,0.00187562276537131
"2347","RE1","Non-Frozen","Storm","2016-5","8/27/2016 6:15","8/27/2016 6:23",2,0.0067,0.61,0.4833,1.262,2.4,2.16,1.22,0.61,0,0.3,3,5.48,9.4,409464,5.86132114178536e-05
"2348","RE1","Non-Frozen","Storm","2016-6","9/25/2016 19:41","9/25/2016 19:49",3,0.009,1.03,0.2833,3.635,5.28,4.92,2.06,1.03,0,0,0.83,1.17,9.4,409464,8.79198171267804e-05
"2349","RE1","Frozen","Storm","2017-1","1/10/2017 17:47","1/11/2017 5:00",2384,0.2592,0.47,8.783,0.05351,0.36,0.36,0.24,0.21,0,0,0.01,0.01,9.4,409464,0.0698669480100815
"2350","RE1","Frozen","Storm","2017-2","1/16/2017 19:15","1/19/2017 10:45",18750,0.975,0.07,24.52,0.002855,0.36,0.18,0.06,0.03,0.02,0.02,0.49,0.5,9.4,409464,0.549498857042377
"2351","RE1","Frozen","Storm","2017-3","1/19/2017 19:15","1/21/2017 17:15",9469,0.5504,0.26,31.13,0.008351,0.24,0.18,0.14,0.12,0,0.01,0.09,0.56,9.4,409464,0.277504249457828
"2352","RE1","Non-Frozen","Storm","2017-4","6/29/2017 5:01","6/29/2017 6:11",254.8,0.292,2.93,5.85,0.5009,4.56,3.42,2.24,1.91,0.26,0.26,1.73,3.43,9.4,409464,0.00746732313463455
"2353","RE1","Non-Frozen","Storm","2017-5","7/10/2017 8:10","7/10/2017 8:29",54.5,0.1019,1.75,2.483,0.7047,3.96,3.48,2.04,1.24,0,0,0.66,3.89,9.4,409464,0.00159721001113651
"2354","RE1","Non-Frozen","Storm","2017-6","7/12/2017 11:11","7/12/2017 13:45",956.9,0.8917,2.21,6.583,0.3357,6.96,5.94,2.52,1.5,0.09,2.01,2.21,6.1,9.4,409464,0.028043491002872
"2355","RE1","Non-Frozen","Storm","2017-7","7/16/2017 6:44","7/16/2017 7:00",34,0.07524,0.89,0.5333,1.669,3,2.94,1.76,0.89,0,0,4.56,5.22,9.4,409464,0.000996424594103511
"2356","RE1","Non-Frozen","Storm","2017-8","7/20/2017 1:11","7/20/2017 1:22",5.2,0.02222,0.68,0.2167,3.138,12,7.68,2.72,1.36,0,0,0.89,5.45,9.4,409464,0.000152394349686419
"2357","RE1","Non-Frozen","Storm","2017-9","7/20/2017 8:34","7/20/2017 11:45",1445,1.002,3.25,10.25,0.3171,12,7.68,2.86,1.51,0,0,0.89,5.45,9.4,409464,0.0423480452493992
"2358","RE1","Non-Frozen","Storm","2017-10","7/21/2017 23:21","7/21/2017 23:55",161.4,0.2384,1.05,0.5833,1.8,4.92,3.96,2.08,1.05,0.03,3.28,4.17,8.73,9.4,409464,0.00473008616142078
"2359","RE1","Non-Frozen","Storm","2017-11","7/27/2017 1:31","7/27/2017 2:30",97.3,0.1257,1.71,1.45,1.179,3.48,2.4,1.52,1.41,0,0,4.81,5.7,9.4,409464,0.00285153273547858
"2360","RE1","Non-Frozen","Storm","2017-12","8/3/2017 5:58","8/3/2017 6:30",113.1,0.1862,1.74,0.8833,1.97,4.56,3.84,2.62,1.74,0,0,0,5.37,9.4,409464,0.00331457710567962
"2361","RE1","Non-Frozen","Storm","2017-13","8/3/2017 19:03","8/3/2017 19:15",10.4,0.03104,0.34,0.2167,1.569,3.48,1.98,0.68,0.34,1.84,1.84,1.84,5.12,9.4,409464,0.000304788699372839
"2362","RE1","Frozen","Storm","2018-1","1/11/2018 22:22","1/12/2018",58.1,0.02,0.21,2.917,0.072,0.24,0.24,0.14,0.11,0.06,0.06,0.06,0.06,9.4,409464,0.00170271379168865
"2363","RE1","Frozen","Storm","2018-2","1/22/2018 3:15","1/24/2018 11:15",19300,1.376,1.39,27.17,0.05117,0.6,0.36,0.3,0.25,0,0,0,0.27,9.4,409464,0.565617490182287
"2364","RE1","Frozen","Storm","2018-3","1/25/2018 19:30","1/26/2018 4:00",589.2,0.05702,0,NA,NA,NA,NA,NA,NA,0,0,1.39,1.59,9.4,409464,0.0172674520836997
"2365","RE1","Frozen","Storm","2018-4","1/26/2018 17:30","1/27/2018 14:15",676.4,0.02111,0,NA,NA,NA,NA,NA,NA,0,0,1.39,1.39,9.4,409464,0.0198229881015181
"2366","RE1","Frozen","Storm","2018-5","1/27/2018 17:30","1/28/2018 2:15",104.3,0.0048,0,NA,NA,NA,NA,NA,NA,0,0,1.39,1.39,9.4,409464,0.00305667897544106
"2367","RE1","Frozen","Storm","2018-6","2/15/2018 7:15","2/17/2018 13:15",4647,0.05466,0,NA,NA,NA,NA,NA,NA,0,0,0,0,9.4,409464,0.136187796729383
"2368","RE1","Frozen","Storm","2018-7","2/19/2018 19:18","2/22/2018 11:30",85820,3.128,2.6,28.4,0.09155,1.44,0.9,0.56,0.5,0,0,0,0,9.4,409464,2.5150929019401
"2369","RE1","Frozen","Storm","2018-8","2/22/2018 20:00","2/24/2018 15:45",5923,0.1658,0.06,8.233,0.007287,0.12,0.12,0.04,0.03,0,0,2.6,2.6,9.4,409464,0.173583025613973
"2370","RE1","Frozen","Storm","2018-9","2/24/2018 18:15","2/26/2018 3:30",15320,1.586,0.48,5.833,0.08229,0.72,0.6,0.34,0.23,0,0.06,2.66,2.66,9.4,409464,0.448977199460758
"2371","RE1","Frozen","Storm","2018-10","2/26/2018 16:30","2/27/2018 2:30",156.1,0.0088,0,NA,NA,NA,NA,NA,NA,0,0.48,3.12,3.14,9.4,409464,0.00457476115116347
"2372","RE1","Frozen","Storm","2018-11","2/27/2018 18:15","2/27/2018 23:15",51.6,0.00342,0,NA,NA,NA,NA,NA,NA,0,0,0.89,3.14,9.4,409464,0.00151222085458062
"2373","RE1","Non-Frozen","Storm","2018-12","6/19/2018 12:42","6/19/2018 13:05",50,0.09156,1.14,1.233,0.9243,3.96,2.94,1.66,0.91,0.74,0.74,1.05,3.4,9.4,409464,0.00146533028544634
"2374","RE1","Non-Frozen","Storm","2018-13","8/21/2018 1:30","8/21/2018 1:45",25.5,0.07179,0.68,2.6,0.2615,3.6,2.82,1.1,0.55,0.95,0.95,2.64,3.73,9.4,409464,0.000747318445577633
"2375","RE1","Non-Frozen","Storm","2018-14","9/2/2018 23:27","9/2/2018 23:42",6,0.01607,0.7,0.6333,1.105,2.04,1.68,1.28,0.7,0.29,1.18,2.54,4.34,9.4,409464,0.000175839634253561
"2376","RE1","Non-Frozen","Storm","2018-15","9/3/2018 15:29","9/3/2018 18:30",241.3,0.2126,1.56,4.15,0.3759,3,2.46,1.62,0.93,0.94,1.56,3.38,5.28,9.4,409464,0.00707168395756403
"2377","RE1","Non-Frozen","Storm","2018-16","9/20/2018 8:15","9/20/2018 11:28",1237,0.999,2.85,7.4,0.3851,2.52,2.34,1.32,0.85,0.09,0.54,0.54,0.57,9.4,409464,0.0362522712619424
"2378","RE1","Non-Frozen","Storm","2019-1","10/2/2018 0:27","10/2/2018 3:00",240.6,0.2018,0.96,2.883,0.3329,2.88,1.98,0.86,0.51,1.17,1.54,1.85,5.3,9.4,409464,0.00705116933356779
"2379","RE1","Non-Frozen","Storm","2019-2","10/9/2018 22:21","10/9/2018 22:30",3.9,0.01442,0.4,1.75,0.2286,2.76,2.1,0.74,0.37,0,0.14,1.56,4.4,9.4,409464,0.000114295762264814
"2380","RE1","Frozen","Storm","2019-3","12/27/2018 15:33","12/27/2018 18:15",106.5,0.02409,0.65,10.22,0.06362,0.24,0.24,0.18,0.16,0.01,0.01,0.28,0.29,9.4,409464,0.0031211535080007
"2381","RE1","Frozen","Storm","2019-4","2/3/2019 17:30","2/5/2019 4:15",8247,0.3647,0.12,2.383,0.05035,0.48,0.24,0.1,0.09,0,0,0,0,9.4,409464,0.241691577281519
"2382","RE1","Frozen","Storm","2019-5","2/7/2019 18:30","2/8/2019 2:45",1656,0.1982,0,NA,NA,NA,NA,NA,NA,0,0.01,0.13,0.13,9.4,409464,0.0485317390539828
"2383","RE1","Frozen","Storm","2019-6","2/23/2019 15:24","2/25/2019 2:45",62840,1.156,1.24,22.42,0.05532,0.84,0.66,0.46,0.39,0,0,0.11,0.55,9.4,409464,1.84162710274896
"2384","RE1","Frozen","Storm","2019-7","3/10/2019","3/14/2019 22:00",84150,1.502,1.53,119.9,0.01276,1.44,1.2,0.56,0.28,0,0,0,0.55,9.4,409464,2.46615087040619
"2385","RE1","Non-Frozen","Storm","2019-8","9/13/2019 3:06","9/13/2019 4:34",129.8,0.1045,2.16,1.917,1.127,5.52,4.26,1.96,1.38,0.41,1.33,3.98,4.3,9.4,409464,0.0038039974210187
"2386","RE1","Non-Frozen","Storm","2020-1","10/2/2019 3:54","10/2/2019 4:11",16.3,0.02846,0.67,1.833,0.3655,2.28,1.5,0.8,0.55,0.34,0.34,2.23,3.49,9.4,409464,0.000477697673055507
"2387","RE1","Non-Frozen","Storm","2020-2","11/27/2019 6:27","11/27/2019 6:47",13.7,0.01784,0.75,9.1,0.08242,2.04,1.86,1.12,0.65,0,0,0.56,0.68,9.4,409464,0.000401500498212297
"2388","RE1","Non-Frozen","Storm","2020-3","5/23/2020 22:53","5/23/2020 23:15",50.6,0.0854,1.27,2.283,0.5562,2.52,2.52,1.5,0.95,0,0,1.51,3.2,9.4,409464,0.0014829142488717
"2389","RE1","Non-Frozen","Storm","2020-4","8/10/2020 20:52","8/10/2020 21:03",4.5,0.01086,2.24,1.583,1.415,4.56,4.02,2.14,1.54,0.54,0.54,0.54,0.59,9.4,409464,0.000131879725690171
"2390","RE5","Frozen","Storm","2015-1","3/9/2015 20:00","3/13/2015 9:15",25230,1.052,0,NA,NA,NA,NA,NA,NA,0,0,0,0,9.7,422532,0.716537445684587
"2391","RE5","Frozen","Storm","2015-2","3/13/2015 17:30","3/14/2015 2:30",145.6,0.00955,0,NA,NA,NA,NA,NA,NA,0,0,0,0,9.7,422532,0.00413507142654284
"2392","RE5","Frozen","Storm","2015-3","3/14/2015 17:30","3/14/2015 20:45",26.1,0.0044,0,NA,NA,NA,NA,NA,NA,0,0,0,0,9.7,422532,0.000741245633466814
"2393","RE5","Non-Frozen","Storm","2015-4","6/12/2015 5:11","6/12/2015 5:39",29,0.037,1.6,7.65,0.2092,2.04,1.68,0.92,0.69,0.66,0.66,0.84,1.74,9.7,422532,0.000823606259407572
"2394","RE5","Non-Frozen","Storm","2015-5","6/15/2015 10:52","6/15/2015 12:15",459,0.276,1.11,2.667,0.4163,3.84,3.36,1.86,0.98,0.29,1.03,3.66,3.83,9.7,422532,0.0130356990713129
"2395","RE5","Non-Frozen","Storm","2015-6","9/18/2015 3:48","9/18/2015 4:37",187,0.1898,1.2,1.883,0.6372,4.44,3.36,1.66,0.97,1.43,1.43,1.44,3.12,9.7,422532,0.00531084036238675
"2396","RE5","Non-Frozen","Storm","2016-1","12/14/2015 6:43","12/14/2015 7:41",28.5,0.01282,1.44,12.13,0.1187,0.6,0.42,0.34,0.24,0.39,0.4,0.4,1.29,9.7,422532,0.000809406151486751
"2397","RE5","Frozen","Storm","2016-2","1/31/2016 16:42","1/31/2016 19:45",5.4,0.00146,0.17,2.267,0.075,0.24,0.18,0.14,0.11,0.02,0.02,0.02,0.02,9.7,422532,0.000153361165544858
"2398","RE5","Frozen","Storm","2016-3","2/2/2016 21:12","2/3/2016 11:30",284.6,0.01508,0.23,5.467,0.04207,0.24,0.18,0.1,0.07,0,0.08,0.2,0.2,9.7,422532,0.00808270142853086
"2399","RE5","Frozen","Storm","2016-4","2/3/2016 16:30","2/3/2016 22:00",118.8,0.01114,0.02,1.667,0.012,0.12,0.06,0.02,0.01,0.23,0.24,0.43,0.43,9.7,422532,0.00337394564198688
"2400","RE5","Frozen","Storm","2016-5","2/7/2016 19:30","2/8/2016 11:01",1534,0.1229,0,NA,NA,NA,NA,NA,NA,0,0,0.26,0.45,9.7,422532,0.0435659311010764
"2401","RE5","Frozen","Storm","2016-6","2/19/2016 3:30","2/21/2016 18:30",15930,0.7973,0,NA,NA,NA,NA,NA,NA,0,0,0,0,9.7,422532,0.452415438357332
"2402","RE5","Non-Frozen","Storm","2016-7","7/23/2016 20:18","7/23/2016 20:45",55.6,0.0987,1.48,0.6833,2.166,5.16,4.86,2.86,1.48,0,1.75,2.26,2.3,9.7,422532,0.00157905200079521
"2403","RE5","Non-Frozen","Storm","2016-8","7/24/2016 0:14","7/24/2016 0:37",13.1,0.01541,0.57,0.6667,0.855,2.64,2.1,1.12,0.57,1.5,3.25,3.76,3.8,9.7,422532,0.000372042827525489
"2404","RE5","Non-Frozen","Storm","2016-9","7/28/2016 18:04","7/28/2016 18:31",40.2,0.05643,1.45,1.317,1.101,4.08,3.6,2.46,1.34,0.01,0.01,4.09,4.6,9.7,422532,0.00114168867683394
"2405","RE5","Non-Frozen","Storm","2016-10","8/19/2016 13:09","8/19/2016 13:45",66.1,0.05118,0.84,0.6167,1.362,3.36,2.82,1.64,0.84,1.25,1.25,1.84,2.18,9.7,422532,0.00187725426713243
"2406","RE5","Non-Frozen","Storm","2016-11","8/20/2016 11:31","8/20/2016 12:45",657.1,0.3836,0.99,2.567,0.3857,3.84,3.6,1.92,0.98,0.85,2.1,2.37,3.03,9.7,422532,0.0186617818295419
"2407","RE5","Non-Frozen","Storm","2016-12","9/25/2016 19:45","9/25/2016 20:15",96.3,0.1713,0.88,0.3167,2.779,5.4,4.14,1.76,0.88,0,0,0.75,1.11,9.7,422532,0.00273494078554997
"2408","RE5","Frozen","Storm","2017-1","1/10/2017 18:24","1/11/2017 4:01",1960,0.1826,0.49,8.55,0.05731,0.36,0.3,0.2,0.17,0,0,0.01,0.01,9.7,422532,0.0556644230496152
"2409","RE5","Frozen","Storm","2017-2","1/16/2017 19:30","1/22/2017 6:30",42050,1.163,0.4,107.8,0.003712,0.36,0.24,0.16,0.12,0.01,0.01,0.5,0.51,9.7,422532,1.19422907614098
"2410","RE5","Non-Frozen","Storm","2017-3","2/24/2017 7:04","2/24/2017 7:30",8.3,0.01019,0.9,5.7,0.1579,3.12,2.4,1.04,0.58,0.01,0.01,0.13,0.14,9.7,422532,0.000235721791485615
"2411","RE5","Non-Frozen","Storm","2017-4","5/1/2017 3:26","5/1/2017 4:45",38.2,0.01319,0.76,5.417,0.1403,1.56,1.02,0.62,0.46,0.21,0.41,1.56,1.76,9.7,422532,0.00108488824515066
"2412","RE5","Non-Frozen","Storm","2017-5","5/21/2017 7:23","5/21/2017 8:30",307,0.218,0.56,0.5833,0.96,2.76,2.22,1.08,0.56,0.59,0.8,2.03,2.65,9.7,422532,0.0087188662633836
"2413","RE5","Non-Frozen","Storm","2017-6","5/23/2017 19:50","5/23/2017 20:29",37.5,0.02526,0.37,0.9833,0.3763,1.56,1.02,0.62,0.37,0.01,0.01,2.05,2.96,9.7,422532,0.00106500809406151
"2414","RE5","Non-Frozen","Storm","2017-7","5/28/2017 11:39","5/28/2017 13:30",49.4,0.02148,0.5,2.25,0.2222,1.32,1.26,0.56,0.35,0,0.26,0.86,3.45,9.7,422532,0.00140297066257704
"2415","RE5","Non-Frozen","Storm","2017-8","6/29/2017 5:01","6/29/2017 15:30",24800,8.45,2.95,6.1,0.4836,4.56,3.42,2.24,1.91,0.26,0.26,1.6,3.29,9.7,422532,0.704325352872682
"2416","RE5","Non-Frozen","Storm","2017-9","7/10/2017 8:02","7/10/2017 11:15",581.3,0.3124,1.98,4.517,0.4384,2.52,2.4,1.5,1.26,0,0,0.41,3.64,9.7,422532,0.0165090454687456
"2417","RE5","Non-Frozen","Storm","2017-10","7/12/2017 10:47","7/12/2017 22:00",21540,5.564,2.37,11.05,0.2145,6.48,5.22,2.28,1.49,0.09,1.97,2.07,5.71,9.7,422532,0.611740649228934
"2418","RE5","Non-Frozen","Storm","2017-11","7/16/2017 6:36","7/16/2017 10:00",1838,1.062,1.03,0.7167,1.437,3.36,2.94,2,1.03,0,0,4.44,4.85,9.7,422532,0.0521995967169351
"2419","RE5","Non-Frozen","Storm","2017-12","7/20/2017 1:15","7/20/2017 5:13",329,0.078,0.86,2.967,0.2899,7.92,5.04,2.08,1.2,0,0,1.03,5.47,9.7,422532,0.00934367101189969
"2420","RE5","Non-Frozen","Storm","2017-13","7/20/2017 7:20","7/20/2017 18:00",28830,5.978,2.85,13.33,0.2138,7.92,5.04,2.08,1.2,0,0,1.03,5.47,9.7,422532,0.818778222714493
"2421","RE5","Non-Frozen","Storm","2017-14","7/21/2017 23:18","7/22/2017 16:30",24440,5.95,1.61,9.483,0.1698,5.64,4.5,2.42,1.22,0.03,2.88,3.91,8.35,9.7,422532,0.694101275169691
"2422","RE5","Non-Frozen","Storm","2017-15","7/23/2017 18:36","7/24/2017 2:15",3107,0.5014,0.51,1.433,0.3558,2.52,1.86,0.82,0.42,0,1.64,4.49,9.96,9.7,422532,0.0882394706199767
"2423","RE5","Non-Frozen","Storm","2017-16","7/27/2017 1:05","7/27/2017 8:15",3132,0.717,1.07,2.733,0.3915,2.88,1.92,1.14,0.89,0,0,5,6.03,9.7,422532,0.0889494760160177
"2424","RE5","Non-Frozen","Storm","2017-17","8/3/2017 6:08","8/3/2017 7:15",164.1,0.1028,0.84,1.167,0.72,2.4,1.98,1.4,0.83,0,0,0,5.2,9.7,422532,0.00466047541961319
"2425","RE5","Frozen","Storm","2018-1","1/22/2018 2:22","1/23/2018 18:45",27160,1.812,1.43,28.4,0.05035,0.48,0.42,0.36,0.28,0,0,0,0.25,9.7,422532,0.771349862258953
"2426","RE5","Frozen","Storm","2018-2","1/26/2018 17:15","1/28/2018 2:53",5920,0.2267,0,NA,NA,NA,NA,NA,NA,0,0,1.43,1.43,9.7,422532,0.168129277782511
"2427","RE5","Frozen","Storm","2018-3","2/15/2018 2:45","2/17/2018 9:00",9289,0.1257,0,NA,NA,NA,NA,NA,NA,0,0.01,0.01,0.01,9.7,422532,0.263809604952998
"2428","RE5","Frozen","Storm","2018-4","2/19/2018 17:15","2/21/2018 17:45",105800,3.947,2.82,28.72,0.0982,1.32,0.84,0.6,0.49,0,0,0.01,0.01,9.7,422532,3.00474283604555
"2429","RE5","Frozen","Storm","2018-5","2/22/2018 20:00","2/24/2018 15:45",10550,0.2648,0.05,7.25,0.006897,0.12,0.06,0.04,0.03,0,0,2.82,2.83,9.7,422532,0.299622277129306
"2430","RE5","Frozen","Storm","2018-6","2/24/2018 18:00","2/26/2018 4:35",18470,1.285,0.48,6.7,0.07164,0.6,0.54,0.24,0.18,0,0.05,2.87,2.88,9.7,422532,0.524551986595098
"2431","RE5","Frozen","Storm","2018-7","2/26/2018 18:15","2/26/2018 22:45",237.6,0.02333,0,NA,NA,NA,NA,NA,NA,0,0.48,3.31,3.36,9.7,422532,0.00674789128397376
"2432","RE5","Non-Frozen","Storm","2018-8","6/19/2018 12:59","6/19/2018 13:24",24.2,0.03617,1.16,1.467,0.7909,3.24,2.16,1.72,0.92,0.94,0.94,1.45,3.57,9.7,422532,0.000687285223367698
"2433","RE5","Non-Frozen","Storm","2018-9","8/21/2018 1:37","8/21/2018 3:30",13.2,0.02239,1.03,4.317,0.2386,3.6,2.52,1.02,0.52,0.88,0.88,2.84,4.4,9.7,422532,0.000374882849109653
"2434","RE5","Non-Frozen","Storm","2018-10","9/3/2018 15:57","9/3/2018 19:00",149.6,0.08339,1.45,4.1,0.3537,1.8,1.26,0.86,0.63,0.8,1.48,3.43,5.51,9.7,422532,0.0042486722899094
"2435","RE5","Non-Frozen","Storm","2018-11","9/20/2018 8:42","9/20/2018 15:00",7252,2.185,3.34,7.7,0.4338,3,2.4,1.32,0.96,0.11,0.6,0.6,0.63,9.7,422532,0.205958365283576
"2436","RE5","Non-Frozen","Storm","2019-1","10/2/2018 0:27","10/2/2018 10:45",1932,0.1779,0.96,6.067,0.1582,2.88,1.74,0.8,0.47,1.44,1.88,2.18,6.19,9.7,422532,0.0548692170060493
"2437","RE5","Non-Frozen","Storm","2019-2","10/4/2018 4:17","10/4/2018 5:30",41.8,0.01964,0.21,1.4,0.15,0.96,0.78,0.4,0.2,0.01,0.03,2.91,6.56,9.7,422532,0.00118712902218057
"2438","RE5","Non-Frozen","Storm","2019-3","10/6/2018 6:06","10/6/2018 15:00",1189,0.151,0.94,8.417,0.1117,1.44,1.08,0.6,0.41,0.22,0.43,3.34,3.58,9.7,422532,0.0337678566357104
"2439","RE5","Non-Frozen","Storm","2019-4","10/6/2018 17:45","10/6/2018 22:15",89.7,0.00759,0.08,1.35,0.05926,0.12,0.12,0.08,0.06,0.94,1.16,4.28,4.52,9.7,422532,0.00254749936099514
"2440","RE5","Non-Frozen","Storm","2019-5","10/9/2018 22:13","10/10/2018 10:15",533.8,0.08925,0.4,4.017,0.09959,2.28,1.62,0.56,0.28,0,0.13,1.7,4.84,9.7,422532,0.0151600352162676
"2441","RE5","Non-Frozen","Storm","2019-6","10/10/2018 16:30","10/11/2018 2:15",408.8,0.02721,0.19,5.3,0.03585,0.48,0.42,0.18,0.11,0.42,0.42,2.11,5.02,9.7,422532,0.0116100082360626
"2442","RE5","Frozen","Storm","2019-7","12/27/2018 16:45","12/27/2018 20:15",293.6,0.0678,0.68,10.35,0.0657,0.24,0.24,0.22,0.18,0.01,0.01,0.29,0.29,9.7,422532,0.00833830337110562
"2443","RE5","Frozen","Storm","2019-8","2/3/2019 13:45","2/5/2019 4:29",11240,0.3188,0.14,2.583,0.05419,0.72,0.42,0.18,0.11,0,0,0,0,9.7,422532,0.319218426060038
"2444","RE5","Frozen","Storm","2019-9","2/7/2019 17:40","2/8/2019 2:28",2361,0.1658,0.01,NA,NA,NA,NA,NA,NA,0,0.01,0.15,0.15,9.7,422532,0.067052909602113
"2445","RE5","Frozen","Storm","2019-10","2/14/2019 17:45","2/14/2019 22:46",4681,1.131,0.11,1.783,0.06168,0.24,0.18,0.12,0.09,0.01,0.01,0.02,0.17,9.7,422532,0.132941410354719
"2446","RE5","Frozen","Storm","2019-11","2/23/2019 13:15","2/25/2019 2:42",46320,0.984,1.26,22.05,0.05714,0.96,0.9,0.66,0.44,0,0,0.09,0.22,9.7,422532,1.31549799778478
"2447","RE5","Frozen","Storm","2019-12","3/9/2019 22:47","3/14/2019 22:45",117700,1.848,1.75,118.7,0.01475,2.04,1.62,0.76,0.38,0,0,0,0.6,9.7,422532,3.34270540456107
"2448","RE5","Non-Frozen","Storm","2019-13","5/24/2019 15:58","5/24/2019 16:30",23.4,0.02333,0.74,1.767,0.4189,2.4,2.1,1.06,0.68,0.77,0.85,1.76,2.12,9.7,422532,0.000664565050694385
"2449","RE5","Non-Frozen","Storm","2019-14","9/12/2019 2:02","9/12/2019 2:15",9.6,0.02682,0.86,0.9667,0.8897,3.72,2.22,1.14,0.86,0,2.6,2.66,2.93,9.7,422532,0.000272642072079748
"2450","RE5","Non-Frozen","Storm","2019-15","9/13/2019 3:00","9/13/2019 7:55",1373,0.477,2.45,5.067,0.4836,5.52,4.26,1.96,1.38,0.41,1.33,3.99,4.26,9.7,422532,0.0389934963505723
"2451","RE5","Non-Frozen","Storm","2019-16","9/22/2019 14:15","9/22/2019 15:00",11.8,0.0117,0.57,4.75,0.12,1.44,1.14,0.68,0.41,0.28,0.28,0.51,7.17,9.7,422532,0.000335122546931357
"2452","RE5","Non-Frozen","Storm","2019-17","9/29/2019 9:12","9/29/2019 10:45",44.2,0.01964,1.16,4.633,0.2504,1.08,0.96,0.74,0.62,0,0.68,1.5,2.22,9.7,422532,0.00125528954020051
"2453","RE5","Non-Frozen","Storm","2020-1","10/2/2019 3:29","10/3/2019 13:30",1095,0.1636,2.12,32.25,0.06574,2.64,1.62,0.8,0.58,0.33,0.33,2.66,3.92,9.7,422532,0.0310982363465962
"2454","RE5","Non-Frozen","Storm","2020-2","10/5/2019 20:01","10/6/2019 6:45",265.2,0.04617,0.58,3.6,0.1611,0.48,0.48,0.36,0.33,0,0,4.1,5.64,9.7,422532,0.00753173724120303
"2455","RE5","Non-Frozen","Storm","2020-3","10/27/2019 0:07","10/27/2019 4:54",67.3,0.01254,0.78,6.917,0.1128,0.36,0.24,0.22,0.21,0,0,0.57,0.57,9.7,422532,0.0019113345261424
"2456","RE5","Non-Frozen","Storm","2020-4","11/27/2019 6:26","11/27/2019 8:45",150.7,0.07179,1,10.52,0.09509,2.64,2.22,1.2,0.73,0,0,0.56,0.69,9.7,422532,0.00427991252733521
"2457","RE5","Non-Frozen","Storm","2020-5","4/29/2020 11:54","4/29/2020 19:30",125.2,0.02222,1.54,6.733,0.2287,2.52,2.16,1.22,0.64,0.77,0.97,1.28,1.33,9.7,422532,0.00355570702337338
"2458","RE5","Non-Frozen","Storm","2020-6","5/17/2020 11:39","5/18/2020 10:15",188.9,0.01086,1.63,24.68,0.06604,0.84,0.6,0.44,0.39,0.01,0.01,1.9,1.96,9.7,422532,0.00536480077248587
"2459","RE5","Non-Frozen","Storm","2020-7","5/23/2020 21:23","5/24/2020 18:15",4907,1.039,1.98,2.517,0.7868,4.8,3.3,1.84,1.16,0,0,1.66,3.55,9.7,422532,0.139359859134929
"2460","RE5","Non-Frozen","Storm","2020-8","7/15/2020 23:42","7/15/2020 23:54",1.6,0.00462,1.5,9.7,0.1546,2.52,2.1,1,0.63,0.3,0.3,1.53,3.23,9.7,422532,4.54403453466246e-05
"2461","RE5","Non-Frozen","Storm","2021-1","3/10/2021 17:15","3/11/2021 9:45",302.5,0.00955,0.07,0.2833,0.2471,0.36,0.24,0.14,0.07,0,0,0,0,9.7,422532,0.00859106529209622
"2462","RS1","Frozen","Storm","2019-2","2/3/2019 2:45","2/5/2019 1:48",1266,0.0128,0.06,11.48,0.005225,0.24,0.18,0.06,0.03,0,0,0,0,2.1,91476,0.16607634789453
"2463","RS1","Frozen","Storm","2019-3","2/24/2019 1:15","2/24/2019 8:11",818.1,0.0618,0.38,0.75,0.5067,3.48,1.8,0.68,0.38,0.01,0.01,0.01,0.01,2.1,91476,0.107319952774498
"2464","RS1","Frozen","Storm","2019-4","3/9/2019 22:24","3/10/2019 3:09",155.1,0.0238,0.16,4.883,0.03276,0.24,0.18,0.1,0.09,0,0,0,0.38,2.1,91476,0.0203463203463203
"2465","RS1","Frozen","Storm","2019-5","3/12/2019 20:39","3/16/2019 5:30",24040,0.3828,0.38,47.5,0.008,0.36,0.3,0.18,0.11,0,0,0.16,0.16,2.1,91476,3.15361406270497
"2466","RS1","Non-Frozen","Storm","2019-6","7/6/2019 11:07","7/6/2019 13:43",595.6,0.2119,3.58,4.033,0.8876,4.68,4.14,2.82,1.79,0,0.02,1.15,3.12,2.1,91476,0.07813196904106
"2467","RS1","Non-Frozen","Storm","2019-7","8/4/2019 23:30","8/5/2019 0:17",332.7,0.451,0.53,0.35,1.514,3,2.22,1.06,0.53,0.25,0.25,0.64,0.82,2.1,91476,0.0436442345533255
"2468","RS1","Non-Frozen","Storm","2019-8","8/6/2019 1:12","8/6/2019 1:58",3426,4.891,1.44,1.483,0.9708,5.64,4.86,2.84,1.42,0,0.78,0.78,1.35,2.1,91476,0.449429358520268
"2469","RS1","Non-Frozen","Storm","2019-9","8/11/2019 6:22","8/11/2019 9:00",259.2,0.1545,1.36,3,0.4533,1.44,1.08,0.98,0.76,0.22,0.22,2.2,2.83,2.1,91476,0.0340023612750885
"2470","RS1","Non-Frozen","Storm","2019-10","9/13/2019 0:53","9/13/2019 4:45",31.9,0.0354,0.8,3.883,0.206,2.76,1.74,0.9,0.5,0.16,0.32,1.27,1.66,2.1,91476,0.00418470418470418
"2471","RS1","Non-Frozen","Storm","2020-1","10/2/2019 5:45","10/2/2019 6:29",8.5,0.00627,0.16,0.5,0.32,0.48,0.36,0.3,0.16,1.06,1.1,1.3,1.86,2.1,91476,0.00111504656959202
"2472","RS1","Non-Frozen","Storm","2020-2","10/5/2019 16:45","10/5/2019 18:11",12,0.00415,0.4,1.467,0.2727,0.48,0.42,0.34,0.29,0.04,0.04,1.4,1.86,2.1,91476,0.00157418339236521
"2473","RS1","Frozen","Storm","2020-3","12/29/2019 4:12","12/29/2019 9:53",2714,0.3684,0.76,6.067,0.1253,0.72,0.48,0.36,0.26,0.32,0.32,0.32,0.32,2.1,91476,0.356027810573265
"2474","RS1","Frozen","Storm","2020-4","2/2/2020 18:00","2/3/2020 13:10",580.2,0.04545,0,NA,NA,NA,NA,NA,NA,0,0,0,0,2.1,91476,0.0761117670208579
"2475","RS1","Frozen","Storm","2020-5","3/1/2020 18:49","3/9/2020 2:30",19520,0.2276,0.01,NA,NA,NA,NA,NA,NA,0,0,0,0,2.1,91476,2.56067165158074
"2476","RS1","Non-Frozen","Storm","2020-6","3/9/2020 12:00","3/9/2020 23:08",802.3,0.04414,0.36,6.55,0.05496,0.12,0.12,0.1,0.08,0,0,0.01,0.01,2.1,91476,0.105247277974551
"2477","RS1","Non-Frozen","Storm","2020-7","3/19/2020 17:54","3/19/2020 19:11",159.1,0.07489,0.61,2.383,0.2559,0.84,0.6,0.46,0.36,0,0,0.22,1.08,2.1,91476,0.0208710481437754
"2478","RS1","Non-Frozen","Storm","2020-8","5/28/2020 14:19","5/28/2020 14:27",0.6,0.0022,1.02,3.3,0.3091,2.04,1.86,1.66,0.87,0.03,0.04,0.11,0.61,2.1,91476,7.87091696182605e-05
"2479","RS1","Non-Frozen","Storm","2020-9","7/9/2020 22:51","7/9/2020 23:02",0.7,0.0018,2.1,4.717,0.4452,2.88,2.22,1.08,0.81,0,0.24,0.82,1.2,2.1,91476,9.18273645546373e-05
"2480","RS1","Non-Frozen","Storm","2020-10","7/19/2020 9:00","7/19/2020 9:15",14.5,0.04178,0.56,0.3,1.867,2.88,2.46,1.12,0.56,0,0,0.2,2.85,2.1,91476,0.00190213826577463
"2481","RS1","Non-Frozen","Storm","2020-11","8/28/2020 2:44","8/28/2020 16:15",2456,1.474,2.2,13.07,0.1684,3.84,3.66,2.12,1.09,0.5,0.5,0.5,0.61,2.1,91476,0.322182867637413
"2482","RS1","Non-Frozen","Storm","2021-1","10/22/2020 23:44","10/23/2020 7:13",387.2,0.1296,2.77,18.97,0.146,2.04,1.32,0.86,0.6,0,0.05,0.06,0.47,2.1,91476,0.0507936507936508
"2483","RS1","Frozen","Storm","2021-2","3/3/2021 20:45","3/8/2021 5:30",3140,0.1196,0,NA,NA,NA,NA,NA,NA,0,0,0,0,2.1,91476,0.41191132100223
"2484","RS1","Frozen","Storm","2021-3","3/8/2021 16:00","3/10/2021",3742,0.139,0,NA,NA,NA,NA,NA,NA,0,0,0,0,2.1,91476,0.490882854519218
"2485","RS1","Non-Frozen","Storm","2021-4","7/15/2021 2:39","7/15/2021 3:30",688.9,0.9069,2.6,9.083,0.2862,3.96,2.82,1.58,1.15,0,0,0.01,0.65,2.1,91476,0.0903712449166995
"2486","RS1","Non-Frozen","Storm","2021-5","8/7/2021 21:37","8/7/2021 22:04",906.9,1.632,1.65,7.167,0.2302,3.36,2.76,1.22,0.61,0.01,0.07,0.37,0.95,2.1,91476,0.118968909878001
"2487","RS1","Non-Frozen","Storm","2022-1","12/15/2021 14:45","12/15/2021 19:30",399,0.0406,0,NA,NA,NA,NA,NA,NA,0,0,0,0.02,2.1,91476,0.0523415977961433
"2488","RS1","Frozen","Storm","2022-2","2/20/2022 20:15","2/21/2022 2:00",1383,0.153,0,NA,NA,NA,NA,NA,NA,0,0,0,0.03,2.1,91476,0.181424635970091
"2489","RS1","Frozen","Storm","2022-3","2/28/2022 22:15","3/1/2022 5:00",455,0.0535,0,NA,NA,NA,NA,NA,NA,0,0,0,0,2.1,91476,0.0596877869605142
"2490","RS1","Frozen","Storm","2022-4","3/1/2022 18:15","3/2/2022 1:30",844.1,0.0588,0,NA,NA,NA,NA,NA,NA,0,0,0,0,2.1,91476,0.110730683457956
"2491","RS1","Frozen","Storm","2022-5","3/2/2022 21:00","3/3/2022 1:30",168.3,0.0179,0,NA,NA,NA,NA,NA,NA,0,0,0,0,2.1,91476,0.0220779220779221
"2492","RS1","Frozen","Storm","2022-6","3/5/2022 12:30","3/7/2022 0:15",10730,1.304,1.17,15.45,0.07573,2.76,1.56,0.56,0.3,0.01,0.01,0.01,0.01,2.1,91476,1.40758231667323
"2493","RS1","Frozen","Storm","2022-7","3/13/2022 19:15","3/14/2022 1:30",945.6,0.1036,0,NA,NA,NA,NA,NA,NA,0,0,0,1.18,2.1,91476,0.124045651318379
"2494","RS1","Frozen","Storm","2022-8","3/14/2022 16:30","3/14/2022 23:00",658.4,0.0582,0,NA,NA,NA,NA,NA,NA,0,0,0,1.18,2.1,91476,0.0863701954611046
"2495","RS1","Frozen","Storm","2022-9","3/15/2022 16:30","3/15/2022 18:45",68.2,0.0158,0,NA,NA,NA,NA,NA,NA,0,0,0,1.18,2.1,91476,0.00894660894660895
"2496","RS1","Frozen","Storm","2022-10","3/19/2022 17:00","3/19/2022 22:00",3274,0.4675,0,NA,NA,NA,NA,NA,NA,0.09,0.32,0.32,1.34,2.1,91476,0.429489702216975
"2497","RS1","Non-Frozen","Storm","2022-11","7/6/2022 2:19","7/6/2022 3:03",54.6,0.1112,1.34,0.8,1.675,3.72,3,2.34,1.34,0,0.33,0.63,1.19,2.1,91476,0.00716253443526171
"2498","RS1","Non-Frozen","Storm","2022-12","7/23/2022 21:40","7/23/2022 22:24",696.3,1.184,1.61,1.083,1.486,6.12,5.46,2.9,1.6,0,0,0,0.62,2.1,91476,0.0913419913419913
"2499","RS1","Frozen","Storm","2023-1","2/27/2023 13:59","2/27/2023 15:45",137.2,0.0477,0.79,0.6833,1.156,9.36,4.68,1.56,0.79,0,0,0,0.41,2.1,91476,0.0179981634527089
"2500","RS2","Frozen","Storm","2019-2","2/3/2019 13:15","2/4/2019 23:00",5310,0.1411,0.06,11.48,0.005225,0.24,0.18,0.06,0.03,0,0,0,0,1.9,82764,0.769899956502827
"2501","RS2","Frozen","Storm","2019-3","2/24/2019 4:30","2/24/2019 8:41",193.5,0.0262,0.38,0.75,0.5067,3.48,1.8,0.68,0.38,0.01,0.01,0.01,0.01,1.9,82764,0.0280556763810352
"2502","RS2","Frozen","Storm","2019-4","3/13/2019 5:30","3/18/2019 1:57",30480,0.5356,0.1,33.9,0.00295,0.24,0.18,0.08,0.04,0.28,0.28,0.44,0.44,1.9,82764,4.4193127446716
"2503","RS2","Frozen","Storm","2019-5","3/18/2019 17:30","3/18/2019 22:30",314.8,0.027,0,NA,NA,NA,NA,NA,NA,0,0,0.38,0.54,1.9,82764,0.0456430332028418
"2504","RS2","Frozen","Storm","2019-6","3/19/2019 17:15","3/19/2019 20:00",81.9,0.0116,0,NA,NA,NA,NA,NA,NA,0,0,0.38,0.54,1.9,82764,0.0118747281426707
"2505","RS2","Non-Frozen","Storm","2019-7","7/6/2019 11:08","7/6/2019 14:15",10600,3.135,3.58,4.033,0.8876,4.68,4.14,2.82,1.79,0,0.02,1.15,3.12,1.9,82764,1.5369001014934
"2506","RS2","Non-Frozen","Storm","2019-8","7/19/2019 8:33","7/19/2019 9:15",119.8,0.1294,1.62,3.6,0.45,2.76,2.34,1.86,1.04,0.26,0.31,0.32,3.9,1.9,82764,0.0173698709583877
"2507","RS2","Non-Frozen","Storm","2019-9","8/6/2019 1:22","8/6/2019 2:15",1325,1.333,1.44,1.483,0.9708,5.64,4.86,2.84,1.42,0,0.78,0.78,1.35,1.9,82764,0.192112512686675
"2508","RS2","Non-Frozen","Storm","2019-10","8/11/2019 7:25","8/11/2019 8:30",552.6,0.3192,1.32,2.533,0.5211,1.44,1.08,0.98,0.76,0.22,0.22,2.2,2.83,1.9,82764,0.0801217920835146
"2509","RS2","Non-Frozen","Storm","2019-11","8/16/2019 12:46","8/16/2019 13:15",27.4,0.0313,0.58,3.1,0.1871,2.52,1.68,0.56,0.48,0,0,1.66,3.88,1.9,82764,0.00397274177178483
"2510","RS2","Non-Frozen","Storm","2019-12","9/13/2019 1:03","9/13/2019 5:15",646.1,0.2752,0.8,3.883,0.206,2.76,1.74,0.9,0.5,0.16,0.32,1.27,1.66,1.9,82764,0.0936784109032913
"2511","RS2","Non-Frozen","Storm","2020-1","10/1/2019 14:07","10/2/2019 7:00",1194,0.6745,1.22,21.02,0.05805,2.88,2.22,0.98,0.51,0.04,0.06,0.24,0.8,1.9,82764,0.173118747281427
"2512","RS2","Non-Frozen","Storm","2020-2","10/5/2019 17:04","10/5/2019 19:45",862,0.2298,0.4,1.467,0.2727,0.48,0.42,0.34,0.29,0.04,0.04,1.4,1.86,1.9,82764,0.124981876178048
"2513","RS2","Frozen","Storm","2020-3","12/29/2019 4:42","12/29/2019 10:45",2790,0.3558,0.77,7.15,0.1077,0.72,0.48,0.36,0.26,0.32,0.32,0.32,0.32,1.9,82764,0.404523705959113
"2514","RS2","Frozen","Storm","2020-4","2/2/2020 21:30","2/3/2020 7:30",961.8,0.05414,0,NA,NA,NA,NA,NA,NA,0,0,0,0,1.9,82764,0.139451935624184
"2515","RS2","Frozen","Storm","2020-5","2/24/2020 2:15","2/24/2020 4:45",187.8,0.03836,0,NA,NA,NA,NA,NA,NA,0,0,0,0,1.9,82764,0.0272292301000435
"2516","RS2","Frozen","Storm","2020-6","3/1/2020 20:15","3/6/2020 23:15",10690,0.256,0.01,NA,NA,NA,NA,NA,NA,0,0,0,0,1.9,82764,1.54994925329854
"2517","RS2","Non-Frozen","Storm","2020-7","3/19/2020 18:02","3/19/2020 18:59",110.6,0.05883,0.57,2.167,0.2631,0.84,0.6,0.46,0.36,0,0,0.22,1.08,1.9,82764,0.0160359576627519
"2518","RS2","Non-Frozen","Storm","2020-8","3/29/2020 2:34","3/29/2020 3:30",112.3,0.082,0.54,1.4,0.3857,1.44,1.32,0.9,0.51,0.64,0.66,0.69,1.96,1.9,82764,0.0162824416412933
"2519","RS2","Non-Frozen","Storm","2020-9","5/28/2020 14:34","5/28/2020 14:56",25.3,0.035,1.22,3.733,0.3268,2.04,1.86,1.7,1.04,0.03,0.04,0.11,0.61,1.9,82764,0.00366826156299841
"2520","RS2","Non-Frozen","Storm","2020-10","7/9/2020 22:11","7/9/2020 23:30",810.8,0.5266,2.2,5.4,0.4074,2.88,2.22,1.08,0.81,0,0.24,0.82,1.2,1.9,82764,0.117558358706684
"2521","RS2","Non-Frozen","Storm","2021-1","10/22/2020 23:47","10/23/2020 6:29",78.9,0.06092,2.71,18.25,0.1485,2.04,1.32,0.86,0.6,0,0.05,0.06,0.47,1.9,82764,0.011439756415833
"2522","RS2","Frozen","Storm","2021-2","2/27/2021 20:00","3/3/2021 3:30",3368,0.1226,0,NA,NA,NA,NA,NA,NA,0,0,0,0,1.9,82764,0.488328258663187
"2523","RS2","Frozen","Storm","2021-3","3/3/2021 17:30","3/4/2021 22:00",5597,0.3738,0,NA,NA,NA,NA,NA,NA,0,0,0,0,1.9,82764,0.811512251703639
"2524","RS2","Non-Frozen","Storm","2021-4","7/15/2021 1:55","7/15/2021 3:30",402.7,0.2724,2.6,9.083,0.2862,3.96,2.82,1.58,1.15,0,0,0.01,0.65,1.9,82764,0.058387704799188
"2525","RS2","Non-Frozen","Storm","2021-5","8/7/2021 21:42","8/8/2021 10:09",533.8,0.2292,2.41,19.03,0.1266,3.36,2.76,1.22,0.72,0.01,0.07,0.37,0.95,1.9,82764,0.077395969261998
"2526","RS2","Frozen","Storm","2022-1","2/16/2022 21:15","2/17/2022 4:22",797.7,0.0696,0,NA,NA,NA,NA,NA,NA,0,0,0.03,0.03,1.9,82764,0.115658982166159
"2527","RS2","Frozen","Storm","2022-2","2/20/2022 19:00","2/21/2022 2:30",2788,0.2976,0,NA,NA,NA,NA,NA,NA,0,0,0,0.03,1.9,82764,0.404233724807888
"2528","RS2","Frozen","Storm","2022-3","2/27/2022 22:45","2/28/2022 4:15",310.8,0.0293,0,NA,NA,NA,NA,NA,NA,0,0,0,0,1.9,82764,0.0450630709003915
"2529","RS2","Frozen","Storm","2022-4","2/28/2022 18:15","3/1/2022 3:45",2196,0.1999,0,NA,NA,NA,NA,NA,NA,0,0,0,0,1.9,82764,0.318399304045237
"2530","RS2","Frozen","Storm","2022-5","3/1/2022 16:45","3/2/2022 2:45",1008,0.082,0,NA,NA,NA,NA,NA,NA,0,0,0,0,1.9,82764,0.146150500217486
"2531","RS2","Frozen","Storm","2022-6","3/2/2022 18:30","3/2/2022 23:45",169.3,0.0147,0,NA,NA,NA,NA,NA,NA,0,0,0,0,1.9,82764,0.0245469044512107
"2532","RS2","Frozen","Storm","2022-7","3/5/2022 9:45","3/6/2022 12:45",13380,1.238,1.18,17.95,0.06574,2.76,1.56,0.56,0.3,0,0,0,0,1.9,82764,1.93997390169639
"2533","RS2","Frozen","Storm","2022-8","3/8/2022 21:15","3/9/2022",128.2,0.0205,0,NA,NA,NA,NA,NA,NA,0,0,1.18,1.18,1.9,82764,0.0185877917935334
"2534","RS2","Frozen","Storm","2022-9","3/19/2022 16:15","3/19/2022 22:15",3535,0.4047,0,NA,NA,NA,NA,NA,NA,0.13,0.32,0.32,1.34,1.9,82764,0.512541684790489
"2535","RS2","Non-Frozen","Storm","2022-10","3/23/2022 5:08","3/23/2022 12:15",681.5,0.1379,0.94,14.75,0.06373,0.36,0.3,0.22,0.17,0.06,0.06,0.38,0.38,1.9,82764,0.0988110772799768
"2536","RS2","Non-Frozen","Storm","2022-11","6/15/2022 21:59","6/15/2022 23:00",1120,0.9137,1.21,0.6667,1.815,5.28,4.14,2.4,1.21,0,0,0.81,2.97,1.9,82764,0.162389444686095
"2537","RS2","Frozen","Storm","2023-1","2/27/2023 18:45","2/28/2023 5:30",244,0.0132,0,NA,NA,NA,NA,NA,NA,0.79,0.79,0.79,1.2,1.9,82764,0.0353777004494708
"2538","RS2","Frozen","Storm","2023-2","3/1/2023 20:30","3/2/2023 8:30",1010,0.0645,0,NA,NA,NA,NA,NA,NA,0.01,0.01,0.8,0.8,1.9,82764,0.146440481368711
"2539","RS2","Frozen","Storm","2023-3","3/4/2023 21:30","3/5/2023 1:15",153.6,0.0283,0,NA,NA,NA,NA,NA,NA,0,0,0.8,0.8,1.9,82764,0.0222705524140931
"2540","RS2","Frozen","Storm","2023-4","3/5/2023 18:15","3/5/2023 22:00",394.9,0.0568,0,NA,NA,NA,NA,NA,NA,0,0,0.8,0.8,1.9,82764,0.0572567783094099
"2541","RS2","Frozen","Storm","2023-5","3/7/2023 19:45","3/7/2023 22:30",504.9,0.1186,0,NA,NA,NA,NA,NA,NA,0,0,0.01,0.8,1.9,82764,0.0732057416267942
"2542","SH1A","Frozen","Storm","2018-1","1/28/2018 3:35","1/28/2018 8:45",7.5,0.00127,0,NA,NA,NA,NA,NA,NA,0,0.029,0.272,0.272,37.3,1624788,5.53918418895265e-05
"2543","SH1A","Frozen","Storm","2018-2","2/24/2018 21:15","2/26/2018 16:15",1683,0.02071,0.33,8.333,0.0396,0.36,0.36,0.28,0.21,0,0.19,0.42,0.42,37.3,1624788,0.0124299293200098
"2544","SH1A","Frozen","Storm","2018-3","2/26/2018 19:45","3/6/2018 6:00",6111,0.05588,0.01,NA,NA,NA,NA,NA,NA,0,0,0.52,0.75,37.3,1624788,0.0451332727715862
"2545","SH1A","Frozen","Storm","2018-6","3/17/2018 22:15","3/20/2018 6:00",627.5,0.02334,0,NA,NA,NA,NA,NA,NA,0,0,0,0.07,37.3,1624788,0.00463445077142372
"2546","SH1A","Non-Frozen","Storm","2018-9","4/21/2018 3:00","4/26/2018 16:05",82930,0.353,0,NA,NA,NA,NA,NA,NA,0,0,0,0.48,37.3,1624788,0.612486059719791
"2547","SH1A","Non-Frozen","Non-storm","2018-13","4/26/2018 16:05","4/29/2018 4:05",23700,0.1709,0,NA,NA,NA,NA,NA,NA,0,0,0,0.13,37.3,1624788,0.175038220370904
"2548","SH1A","Non-Frozen","Non-storm","2018-14","4/29/2018 4:05","5/2/2018 4:00",12540,0.05815,0.03,0.1667,0.18,0.24,0.24,0.12,0.06,0,0,0,0,37.3,1624788,0.0926151596392883
"2549","SH1A","Non-Frozen","Non-storm","2018-15","5/2/2018 4:00","5/4/2018 3:10",5335,0.03448,0.52,47.25,0.01101,0.24,0.24,0.18,0.13,0,0,0,0,37.3,1624788,0.0394020635307499
"2550","SH1A","Non-Frozen","Storm","2018-16","5/4/2018 3:10","5/5/2018 7:25",10520,0.1479,1.42,10.58,0.1342,0.48,0.42,0.36,0.34,0.01,0.51,0.51,0.51,37.3,1624788,0.0776962902237092
"2551","SH1A","Non-Frozen","Non-storm","2018-17","5/5/2018 7:25","5/10/2018 1:25",28860,0.1298,0.5,83.58,0.005982,0.36,0.3,0.18,0.13,0,0.59,1.93,1.93,37.3,1624788,0.213147807590898
"2552","SH1A","Non-Frozen","Non-storm","2018-18","5/10/2018 1:25","5/11/2018 1:25",3123,0.04158,0,NA,NA,NA,NA,NA,NA,0.45,0.45,1.93,2.43,37.3,1624788,0.0230651629627988
"2553","SH1A","Non-Frozen","Non-storm","2018-19","5/11/2018 1:25","5/12/2018 13:25",3985,0.03243,0,NA,NA,NA,NA,NA,NA,0,0.45,1.92,2.43,37.3,1624788,0.0294315319906351
"2554","SH1A","Non-Frozen","Non-storm","2018-20","5/12/2018 13:25","5/14/2018 13:25",4433,0.02803,0,NA,NA,NA,NA,NA,NA,0,0,0.5,2.43,37.3,1624788,0.0327402713461695
"2555","SH1A","Non-Frozen","Non-storm","2018-21","5/14/2018 13:25","5/26/2018 10:45",7208,0.02422,0.34,262.5,0.001295,0.84,0.48,0.18,0.09,0,0,0.45,2.43,37.3,1624788,0.0532352528452943
"2556","SH1A","Non-Frozen","Storm","2018-22","6/18/2018 11:20","6/23/2018 13:00",6537,0.01961,2.09,43.25,0.04832,2.88,2.22,1.02,0.62,0,0.01,1.15,1.45,37.3,1624788,0.0482795293909113
"2557","SH1A","Non-Frozen","Non-storm","2018-24","6/23/2018 13:00","6/25/2018 9:15",798.7,0.01366,0,NA,NA,NA,NA,NA,NA,0,0,2.09,3.24,37.3,1624788,0.00589886188228864
"2558","SH1A","Non-Frozen","Storm","2019-1","10/10/2018 15:20","10/12/2018 10:30",1715,0.02745,0.7,11.92,0.05874,0.96,0.72,0.6,0.41,0.96,1.36,2.85,4.47,37.3,1624788,0.0126662678454051
"2559","SH1A","Frozen","Storm","2019-2","12/28/2018 2:10","12/29/2018 17:45",2182,0.03672,0.63,29.33,0.02148,0.24,0.18,0.16,0.15,0,0,0,0,37.3,1624788,0.0161153332003929
"2560","SH1A","Frozen","Storm","2019-3","1/8/2019 13:30","1/10/2019 0:15",979.7,0.01472,0,NA,NA,NA,NA,NA,NA,0.9,0.93,0.99,1.62,37.3,1624788,0.00723565166655588
"2561","SH1A","Frozen","Storm","2019-4","3/14/2019 19:15","3/17/2019 12:40",12100,0.1295,0.7,19.17,0.03652,0.36,0.36,0.32,0.24,0.22,0.74,0.74,0.74,37.3,1624788,0.0893655049151028
"2562","SH1A","Frozen","Storm","2019-5","3/17/2019 12:40","3/25/2019 18:05",142400,0.4181,0,NA,NA,NA,NA,NA,NA,0,0.01,1.44,1.44,37.3,1624788,1.05170643800914
"2563","SH1A","Frozen","Non-storm","2019-8","3/25/2019 18:05","3/29/2019 16:40",18370,0.1077,0,NA,NA,NA,NA,NA,NA,0,0,0,1.44,37.3,1624788,0.135673084734747
"2564","SH1A","Frozen","Non-storm","2019-9","3/29/2019 16:40","4/12/2019 23:20",16780,0.04382,0.71,141.2,0.005027,0.6,0.48,0.26,0.15,0,0,0,0,37.3,1624788,0.123930014254167
"2565","SH1A","Frozen","Storm","2019-10","4/12/2019 23:20","4/17/2019 19:25",25160,0.1302,0.2,36.75,0.005442,0.48,0.48,0.4,0.28,0,0,0,0.71,37.3,1624788,0.185821165592065
"2566","SH1A","Frozen","Storm","2019-11","4/17/2019 19:25","4/23/2019 1:10",74720,0.409,1.37,11.25,0.1218,0.72,0.72,0.58,0.41,0,0.06,0.06,0.74,37.3,1624788,0.551850456798056
"2567","SH1A","Non-Frozen","Non-storm","2019-12","4/23/2019 1:10","5/3/2019 23:55",36700,0.06632,1.56,205.5,0.007591,0.6,0.48,0.26,0.17,0,0,1.43,1.43,37.3,1624788,0.27105074631275
"2568","SH1A","Non-Frozen","Non-storm","2019-13","5/3/2019 23:55","5/8/2019 19:25",9664,0.0427,0.17,66.08,0.002573,0.36,0.3,0.18,0.11,0,0,0.98,1.56,37.3,1624788,0.0713742346693846
"2569","SH1A","Non-Frozen","Storm","2019-14","5/8/2019 19:25","5/16/2019 3:05",33710,0.1084,1.65,22.33,0.07388,0.6,0.48,0.38,0.33,0,0,0.14,1.35,37.3,1624788,0.248967865346125
"2570","SH1A","Non-Frozen","Non-storm","2019-15","5/16/2019 3:05","5/27/2019 22:45",32670,0.05679,2.68,274.8,0.009754,1.08,1.08,0.5,0.28,0,0,0.31,1.79,37.3,1624788,0.241286863270778
"2571","SH1A","Non-Frozen","Storm","2019-16","5/27/2019 22:45","5/30/2019 16:45",15590,0.08743,1.29,68.42,0.01886,0.72,0.6,0.46,0.42,0.02,0.02,0.65,2.49,37.3,1624788,0.115141175341029
"2572","SH1A","Non-Frozen","Non-storm","2019-17","5/30/2019 16:45","6/3/2019 3:25",9152,0.05543,0.23,46.25,0.004973,0.36,0.24,0.1,0.08,0,0,1.4,3.59,37.3,1624788,0.0675928182630596
"2573","SH1A","Non-Frozen","Non-storm","2019-18","6/3/2019 3:25","6/7/2019 3:15",2580,0.01515,0.07,0.5833,0.12,0.12,0.12,0.12,0.07,0,0,0.23,2.16,37.3,1624788,0.0190547936099971
"2574","SH1A","Non-Frozen","Non-storm","2019-19","7/20/2019 3:30","7/20/2019 6:15",10,0.00223,1.09,0.75,1.453,3.36,2.94,1.96,1.09,1.1,1.29,1.79,2.37,37.3,1624788,7.38557891860354e-05
"2575","SH1A","Non-Frozen","Storm","2019-20","7/20/2019 17:30","7/21/2019 5:15",318,0.02645,0.96,5.5,0.1745,1.56,1.38,0.82,0.49,1.09,2.19,2.88,2.93,37.3,1624788,0.00234861409611592
"2576","SH1A","Non-Frozen","Storm","2019-21","9/11/2019 17:00","9/12/2019 4:00",249.9,0.01827,1.63,9.25,0.1762,1.8,1.8,1.54,1.12,0.05,0.64,1.41,3.45,37.3,1624788,0.00184565617175902
"2577","SH1A","Non-Frozen","Storm","2019-22","9/13/2019 4:20","9/14/2019 20:00",2421,0.07504,1.23,41,0.03,2.04,2.04,0.98,0.61,0.02,1.64,2.73,5,37.3,1624788,0.0178804865619392
"2578","SH1A","Non-Frozen","Storm","2019-23","9/19/2019 21:45","9/25/2019 21:00",7863,0.02549,0.9,131.9,0.006822,0.36,0.3,0.2,0.17,1.18,1.18,2.48,5.49,37.3,1624788,0.0580728070369796
"2579","SH1A","Non-Frozen","Non-storm","2019-24","9/25/2019 21:00","10/1/2019 4:59",3158,0.01664,0.37,70,0.005286,0.72,0.54,0.18,0.09,0,0,0.79,2.17,37.3,1624788,0.02332365822495
"2580","SH1A","Non-Frozen","Non-storm","2020-1","10/1/2019 5:00","10/2/2019 1:35",104.5,0.0036,0.79,12.5,0.0632,2.16,2.04,1.04,0.6,0,0.17,0.69,2.45,37.3,1624788,0.000771792996994069
"2581","SH1A","Non-Frozen","Storm","2020-2","10/2/2019 1:35","10/5/2019 16:50",29770,0.1443,1.87,50.5,0.03703,2.16,2.04,1.04,0.6,0,0.17,0.69,2.45,37.3,1624788,0.219868684406827
"2582","SH1A","Non-Frozen","Non-storm","2020-3","10/5/2019 16:50","10/10/2019 5:00",19340,0.0899,0.35,8.75,0.04,0.24,0.24,0.2,0.17,0,0,2.08,3.03,37.3,1624788,0.142837096285792
"2583","SH1A","Non-Frozen","Non-storm","2020-4","10/10/2019 5:00","10/20/2019 17:00",16990,0.0336,1.23,213.8,0.005754,1.08,0.72,0.46,0.25,0,0,0.35,2.59,37.3,1624788,0.125480985827074
"2584","SH1A","Non-Frozen","Non-storm","2020-5","10/20/2019 17:00","11/1/2019 1:30",11200,0.0327,0.86,134.5,0.006394,0.6,0.54,0.32,0.23,0,0.06,0.42,1.23,37.3,1624788,0.0827184838883596
"2585","SH1A","Frozen","Storm","2020-6","11/27/2019 19:30","12/10/2019 9:30",2785,0.0077,1.34,85.83,0.01561,0.48,0.48,0.42,0.34,0,0,0.58,0.58,37.3,1624788,0.0205688372883108
"2586","SH1A","Frozen","Storm","2020-7","12/29/2019 9:35","1/3/2020",78150,0.3815,1.73,38.83,0.04455,0.6,0.48,0.34,0.27,0.25,0.25,0.25,0.25,37.3,1624788,0.577182992488866
"2587","SH1A","Frozen","Non-storm","2020-8","1/3/2020","1/7/2020 12:00",31190,0.1211,0,NA,NA,NA,NA,NA,NA,0,0,1.98,1.98,37.3,1624788,0.230356206471244
"2588","SH1A","Frozen","Non-storm","2020-9","1/7/2020 12:00","1/16/2020 1:45",11360,0.0494,0.04,4.75,0.008421,0.12,0.06,0.02,0.02,0,0,0,1.98,37.3,1624788,0.0839001765153362
"2589","SH1A","Frozen","Non-storm","2020-10","1/18/2020 14:00","1/18/2020 23:00",10.5,9e-04,0,NA,NA,NA,NA,NA,NA,0,0,0,0.04,37.3,1624788,7.75485786453371e-05
"2590","SH1A","Frozen","Storm","2020-11","3/8/2020 21:15","3/12/2020 15:00",30740,0.2874,0.51,67.25,0.007584,0.24,0.24,0.16,0.14,0,0,0.12,0.12,37.3,1624788,0.227032695957873
"2591","SH1A","Frozen","Storm","2020-12","3/12/2020 15:00","3/13/2020 19:00",29950,0.4105,0.78,10.08,0.07736,0.24,0.24,0.22,0.2,0,0.01,0.51,0.54,37.3,1624788,0.221198088612176
"2592","SH1A","Frozen","Non-storm","2020-13","3/13/2020 19:00","3/14/2020 17:00",13710,0.2296,0,NA,NA,NA,NA,NA,NA,0.34,0.78,1.2,1.32,37.3,1624788,0.101256286974054
"2593","SH1A","Frozen","Non-storm","2020-14","3/14/2020 17:00","3/19/2020 22:00",31200,0.1345,0.52,7.833,0.06638,1.2,0.84,0.48,0.46,0,0,0.76,1.24,37.3,1624788,0.23043006226043
"2594","SH1A","Frozen","Storm","2020-15","3/19/2020 22:00","3/22/2020 8:00",22260,0.1443,0.88,7.167,0.1228,1.2,0.84,0.48,0.46,0.05,0.05,0.38,1.25,37.3,1624788,0.164402986728115
"2595","SH1A","Frozen","Non-storm","2020-16","3/22/2020 8:00","3/26/2020 3:00",18610,0.0856,0.71,5.833,0.1217,0.72,0.6,0.44,0.36,0,0,0.93,1.71,37.3,1624788,0.137445623675212
"2596","SH1A","Frozen","Storm","2020-17","3/26/2020 3:00","3/27/2020 6:00",12530,0.1525,1.05,10.08,0.1041,0.72,0.6,0.44,0.36,0,0,0.93,1.71,37.3,1624788,0.0925413038501023
"2597","SH1A","Frozen","Non-storm","2020-18","3/27/2020 6:00","3/28/2020 22:00",15720,0.1338,0.24,15.5,0.01548,0.24,0.24,0.16,0.12,0,0.01,1.05,1.98,37.3,1624788,0.116101300600448
"2598","SH1A","Frozen","Storm","2020-19","3/28/2020 22:00","3/31/2020 6:30",44460,0.3304,0.98,24.17,0.04055,0.72,0.54,0.34,0.3,0.18,0.18,1.23,2.16,37.3,1624788,0.328362838721113
"2599","SH1A","Non-Frozen","Non-storm","2020-20","3/31/2020 6:30","4/13/2020 17:00",56720,0.1663,0.88,213.5,0.004122,0.84,0.78,0.4,0.21,0,0,1.16,2.21,37.3,1624788,0.418910036263193
"2600","SH1A","Non-Frozen","Non-storm","2020-21","4/13/2020 17:00","4/25/2020 8:45",16120,0.0386,0.13,45.25,0.002873,0.36,0.24,0.1,0.07,0,0,0.51,0.76,37.3,1624788,0.119055532167889
"2601","SH1A","Non-Frozen","Storm","2020-22","5/19/2020 6:30","5/20/2020 0:15",51.5,0.0021,3.45,39.83,0.08661,0.48,0.48,0.4,0.3,0,0,0.13,0.18,37.3,1624788,0.000380357314308082
"2602","SH1A","Non-Frozen","Storm","2020-23","5/28/2020 17:35","5/31/2020 2:00",22420,0.1865,2.47,19.58,0.1261,1.68,1.38,1.06,0.86,0,0,0.53,4.11,37.3,1624788,0.165584679355091
"2603","SH1A","Non-Frozen","Non-storm","2020-24","5/31/2020 2:00","6/6/2020 22:00",12580,0.0582,0.45,88.92,0.005061,1.2,0.78,0.42,0.32,0,0,2.47,3.45,37.3,1624788,0.0929105827960325
"2604","WF1","Frozen","Storm","2011-1","12/30/2010 18:00","12/31/2010 7:30",306.2,0.0158,0.21,9.917,0.02118,0.24,0.12,0.1,0.07,0.02,0.02,0.02,0.02,42.1,1833876,0.00200362510878598
"2605","WF1","Frozen","Storm","2011-2","2/16/2011 23:15","2/19/2011 11:00",98840,2.14,0,NA,NA,NA,NA,NA,NA,0,0,0,0,42.1,1833876,0.646761285932091
"2606","WF1","Frozen","Storm","2011-3","3/16/2011 20:00","3/24/2011 6:00",341000,5.623,1.31,71.5,0.01832,0.48,0.42,0.32,0.3,0,0,0,0,42.1,1833876,2.23133952350104
"2607","WF1","Frozen","Storm","2011-4","3/30/2011 21:30","4/5/2011 12:00",65390,0.818,0.22,70,0.003143,0.24,0.24,0.18,0.15,0,0,0,1.31,42.1,1833876,0.427880620063734
"2608","WF1","Non-Frozen","Storm","2011-5","4/5/2011 19:45","4/6/2011 9:15",2376,0.09465,0,NA,NA,NA,NA,NA,NA,0,0.02,0.22,0.47,42.1,1833876,0.0155473979702008
"2609","WF1","Non-Frozen","Storm","2011-6","4/6/2011 22:00","4/7/2011 5:00",667.3,0.04355,0,NA,NA,NA,NA,NA,NA,0,0,0.22,0.22,42.1,1833876,0.00436648933733797
"2610","WF1","Non-Frozen","Storm","2011-7","4/7/2011 23:00","4/8/2011 3:15",245.7,0.02282,0,NA,NA,NA,NA,NA,NA,0,0,0.22,0.22,42.1,1833876,0.00160774229010031
"2611","WF1","Non-Frozen","Storm","2011-8","4/10/2011 11:15","4/10/2011 16:30",582.7,0.0696,0.28,2.583,0.1084,0.36,0.36,0.2,0.17,0.03,0.03,0.07,0.25,42.1,1833876,0.00381290774294445
"2612","WF1","Non-Frozen","Storm","2011-9","4/26/2011 15:10","4/26/2011 20:45",1271,0.1176,1.23,12.75,0.09647,0.24,0.24,0.18,0.18,0,0,0.3,0.3,42.1,1833876,0.00831681095123116
"2613","WF1","Non-Frozen","Storm","2011-10","6/18/2011 13:35","6/18/2011 14:45",253.1,0.2025,1.05,3,0.35,3,2.52,1.26,0.8,0.02,0.02,1.11,1.46,42.1,1833876,0.00165616432081558
"2614","WF1","Non-Frozen","Storm","2011-11","7/10/2011 12:00","7/10/2011 12:30",31.6,0.03084,0.8,0.6667,1.2,2.52,2.46,1.4,0.8,0,0,0.03,0.15,42.1,1833876,0.00020677515818954
"2615","WF1","Non-Frozen","Storm","2011-12","7/11/2011 4:35","7/11/2011 8:15",3959,1.089,1.08,2,0.54,4.44,3.72,1.8,1,0.8,0.8,0.83,0.95,42.1,1833876,0.0259057864326705
"2616","WF1","Non-Frozen","Storm","2011-13","7/16/2011 11:30","7/16/2011 16:45",33640,12.66,1.66,1.833,0.9055,2.76,2.1,1.52,1.27,0.74,0.78,2.66,2.69,42.1,1833876,0.22012393422456
"2617","WF1","Non-Frozen","Storm","2011-14","8/17/2011 0:30","8/17/2011 5:30",8034,1.646,1.71,2.75,0.6218,2.64,2.58,1.56,1.27,0,0,0.7,1.49,42.1,1833876,0.0525706209143912
"2618","WF1","Non-Frozen","Storm","2011-15","9/3/2011 11:05","9/3/2011 11:25",11,0.01469,0.42,0.25,1.68,2.4,1.92,0.84,0.42,0.02,0.02,0.32,0.44,42.1,1833876,7.19786943064853e-05
"2619","WF1","Non-Frozen","Storm","2011-16","9/18/2011 10:45","9/18/2011 12:45",76.8,0.02141,0.29,1.667,0.174,0.48,0.36,0.24,0.21,0,0,0,0,42.1,1833876,0.000502542156612552
"2620","WF1","Non-Frozen","Storm","2011-17","9/18/2011 16:45","9/18/2011 18:10",29.8,0.01543,0.1,1.167,0.08571,0.24,0.18,0.12,0.08,0.31,0.31,0.31,0.31,42.1,1833876,0.000194996826393933
"2621","WF1","Frozen","Storm","2012-1","2/6/2012 18:30","2/7/2012 3:15",51.8,0.0092,0,NA,NA,NA,NA,NA,NA,0,0,0,0,42.1,1833876,0.000338954215006903
"2622","WF1","Frozen","Storm","2012-2","2/15/2012 20:15","2/15/2012 23:15",86.4,0.0345,0,NA,NA,NA,NA,NA,NA,0,0,0,0,42.1,1833876,0.000565359926189121
"2623","WF1","Frozen","Storm","2012-3","2/29/2012 2:05","2/29/2012 3:45",17.3,0.0069,0,NA,NA,NA,NA,NA,NA,0,0,0,0,42.1,1833876,0.000113202855591109
"2624","WF1","Frozen","Storm","2012-4","3/6/2012 21:45","3/9/2012 20:30",39160,1.1,0.04,2.083,0.0192,0.12,0.06,0.02,0.02,0,0,0,0,42.1,1833876,0.256244151731088
"2625","WF1","Frozen","Storm","2012-5","3/10/2012 14:45","3/12/2012 0:30",4683,0.2545,0,NA,NA,NA,NA,NA,NA,0,0,0.04,0.04,42.1,1833876,0.0306432932215701
"2626","WF1","Frozen","Storm","2012-6","3/12/2012 6:35","3/12/2012 21:15",20680,1.059,0.53,9.25,0.0573,0.36,0.3,0.22,0.19,0,0,0.04,0.04,42.1,1833876,0.135319945296192
"2627","WF1","Non-Frozen","Storm","2012-7","5/24/2012 20:20","5/25/2012 1:45",15070,6.73,0.96,2.25,0.4267,3.48,2.1,1.22,0.67,0.78,0.78,0.96,0.98,42.1,1833876,0.0986108111998848
"2628","WF1","Non-Frozen","Storm","2012-8","6/19/2012 10:00","6/19/2012 13:45",10760,6.29,1.02,3.5,0.2914,2.64,2.22,1.2,0.62,0,0.4,1.58,1.67,42.1,1833876,0.070408250067071
"2629","WF1","Non-Frozen","Storm","2012-9","6/20/2012 20:50","6/21/2012 1:15",28110,10.24,1.24,4.25,0.2918,2.04,1.74,1.24,1.04,0.01,1.03,2.61,2.7,42.1,1833876,0.183938281541391
"2630","WF1","Non-Frozen","Storm","2012-10","7/18/2012 23:15","7/19/2012 1:45",743,0.3248,0.38,0.25,1.52,1.68,1.68,0.76,0.38,0.86,0.86,1.69,2.42,42.1,1833876,0.00486183362451987
"2631","WF1","Non-Frozen","Storm","2012-11","7/21/2012 13:15","7/21/2012 16:15",2246,0.6815,1.19,4.75,0.2505,1.56,1.14,0.76,0.56,0,0,1.24,2.08,42.1,1833876,0.0146967406738515
"2632","WF1","Non-Frozen","Storm","2012-12","8/9/2012 20:15","8/9/2012 22:30",2203,0.9619,0.5,0.1667,3,3.72,2.82,1,0.5,0.33,0.33,1.2,1.79,42.1,1833876,0.0144153694142897
"2633","WF1","Non-Frozen","Storm","2012-13","8/24/2012 4:30","8/24/2012 7:00",2696,1.422,0.95,2.067,0.4597,2.64,1.86,1.1,0.59,0,0,0.34,0.34,42.1,1833876,0.0176413236227531
"2634","WF1","Frozen","Storm","2013-1","3/30/2013 10:15","4/10/2013 7:15",455300,10.13,1.66,257.3,0.006451,0.48,0.36,0.28,0.24,0,0,0,0,42.1,1833876,2.97926359252207
"2635","WF1","Frozen","Storm","2013-2","4/14/2013 19:00","4/20/2013 11:27",113500,5.069,1.11,87.5,0.01269,5.28,2.64,0.88,0.44,0,0,0.73,1.13,42.1,1833876,0.742689254889644
"2636","WF1","Frozen","Storm","2013-3","4/20/2013 16:00","4/21/2013 9:30",2531,0.1226,0,NA,NA,NA,NA,NA,NA,0,0.39,1.11,2.2,42.1,1833876,0.0165616432081558
"2637","WF1","Frozen","Storm","2013-4","4/21/2013 18:30","4/23/2013 9:15",50570,3.412,0.47,17.87,0.02631,4.08,2.04,0.68,0.34,0,0,1.11,1.84,42.1,1833876,0.330905688279906
"2638","WF1","Frozen","Storm","2013-5","4/23/2013 21:15","4/24/2013 11:15",5378,0.7308,0,NA,NA,NA,NA,NA,NA,0.07,0.47,1.14,1.59,42.1,1833876,0.0351910379982071
"2639","WF1","Frozen","Storm","2013-6","4/24/2013 17:00","4/27/2013 11:15",24150,0.5824,0.02,33.8,0.0005917,0.12,0.06,0.02,0.01,0,0,1.14,1.58,42.1,1833876,0.158025951591056
"2640","WF1","Non-Frozen","Storm","2013-7","4/27/2013 19:45","4/28/2013 12:00",2507,0.1045,0,NA,NA,NA,NA,NA,NA,0,0.01,0.49,1.6,42.1,1833876,0.0164045987842144
"2641","WF1","Non-Frozen","Storm","2013-8","5/2/2013 23:37","5/3/2013 1:45",98.2,0.02188,0,NA,NA,NA,NA,NA,NA,0,0.45,0.65,1.13,42.1,1833876,0.000642573434626987
"2642","WF1","Non-Frozen","Storm","2013-9","5/3/2013 12:45","5/5/2013 21:00",17500,0.7387,0,NA,NA,NA,NA,NA,NA,0,0.04,0.64,1.13,42.1,1833876,0.114511559123954
"2643","WF1","Non-Frozen","Storm","2013-10","6/15/2013 21:19","6/16/2013 1:45",36290,29.67,1.38,1.6,0.8625,5.88,4.14,2.1,1.34,0.16,0.16,1.28,1.52,42.1,1833876,0.237464256034759
"2644","WF1","Non-Frozen","Storm","2013-11","6/21/2013 9:15","6/21/2013 14:00",35850,23.36,1.46,4.233,0.3449,6.84,4.26,1.56,1.22,0.06,0.06,1.66,2.78,42.1,1833876,0.2345851082625
"2645","WF1","Non-Frozen","Storm","2013-12","6/22/2013 2:10","6/22/2013 7:00",6274,3.048,0.4,0.65,0.6154,1.32,0.96,0.76,0.4,1.52,1.52,3.12,4.24,42.1,1833876,0.0410540298253535
"2646","WF1","Non-Frozen","Storm","2013-13","6/22/2013 9:48","6/22/2013 17:00",1825,0.3864,0.3,3.45,0.08696,0.36,0.3,0.22,0.15,1.86,1.92,3.37,4.64,42.1,1833876,0.0119419197372123
"2647","WF1","Frozen","Storm","2014-1","3/28/2014 5:00","4/11/2014 16:00",639000,7.148,0.11,240.5,0.0004574,0.24,0.18,0.1,0.08,0,0,0.19,0.19,42.1,1833876,4.18130778744037
"2648","WF1","Frozen","Storm","2014-2","4/11/2014 23:30","4/12/2014 9:15",464.1,0.0324,0,NA,NA,NA,NA,NA,NA,0,0.01,0.01,0.11,42.1,1833876,0.00303684654796726
"2649","WF1","Frozen","Storm","2014-3","4/12/2014 14:45","4/13/2014 11:30",2978,0.1054,0.12,1.967,0.06102,0.24,0.18,0.12,0.08,0,0.01,0.01,0.11,42.1,1833876,0.0194865956040648
"2650","WF1","Non-Frozen","Storm","2014-4","4/17/2014 4:30","4/17/2014 14:45",1219,0.07963,0.72,8.283,0.08692,0.24,0.18,0.16,0.15,0.01,0.01,0.19,0.19,42.1,1833876,0.00797654803269141
"2651","WF1","Non-Frozen","Storm","2014-5","4/24/2014 19:00","4/24/2014 23:45",118,0.01432,0.64,11.85,0.05401,0.24,0.18,0.16,0.12,0.1,0.1,0.51,1.42,42.1,1833876,0.00077213508437866
"2652","WF1","Non-Frozen","Storm","2014-6","4/27/2014 17:45","4/28/2014 3:45",1770,0.1834,0.52,9.817,0.05297,0.48,0.42,0.32,0.2,0.48,0.48,1.23,2.42,42.1,1833876,0.0115820262656799
"2653","WF1","Non-Frozen","Storm","2014-7","4/28/2014 15:52","4/29/2014 5:45",4368,0.39,0.68,10.77,0.06316,0.36,0.3,0.28,0.25,0.53,1,1.75,2.89,42.1,1833876,0.0285820851573389
"2654","WF1","Non-Frozen","Storm","2014-8","4/29/2014 10:21","4/30/2014 10:15",3583,0.09378,0.54,25.22,0.02141,0.24,0.18,0.12,0.08,0.68,1.62,2.43,3.57,42.1,1833876,0.0234454237909215
"2655","WF1","Non-Frozen","Storm","2014-9","4/30/2014 14:04","4/30/2014 20:00",307.4,0.02827,0.12,0.6667,0.18,0.24,0.24,0.2,0.12,0.24,1.1,2.97,4.11,42.1,1833876,0.00201147732998305
"2656","WF1","Non-Frozen","Storm","2014-10","5/1/2014 7:30","5/1/2014 20:30",1510,0.0711,0.37,15.22,0.02432,0.12,0.12,0.06,0.06,0.18,0.66,3.05,4.12,42.1,1833876,0.00988071167298116
"2657","WF1","Non-Frozen","Storm","2014-11","5/9/2014 0:19","5/9/2014 9:30",4569,0.8376,1.07,3.933,0.272,2.16,1.86,0.82,0.57,0.45,0.45,0.47,3.19,42.1,1833876,0.0298973322078483
"2658","WF1","Non-Frozen","Storm","2014-12","5/12/2014 6:52","5/12/2014 18:30",20980,4.384,1.53,5.433,0.2816,3,2.34,1.3,0.75,0,0.09,1.61,3.34,42.1,1833876,0.13728300059546
"2659","WF1","Non-Frozen","Storm","2014-13","5/13/2014 5:30","5/13/2014 10:45",391.4,0.05682,0.2,9.217,0.0217,0.6,0.48,0.22,0.13,1.55,1.64,3.16,4.21,42.1,1833876,0.00256113281377803
"2660","WF1","Non-Frozen","Storm","2014-14","5/19/2014 19:45","5/20/2014 9:00",23550,2.175,2.11,7.417,0.2845,1.32,0.96,0.68,0.66,0,0,0.22,3.36,42.1,1833876,0.154099840992521
"2661","WF1","Non-Frozen","Storm","2014-15","6/1/2014 12:17","6/1/2014 19:00",182000,95,2.8,14.3,0.1958,3,2.76,2.24,1.94,0.57,0.57,1.19,3.3,42.1,1833876,1.19092021488912
"2662","WF1","Non-Frozen","Storm","2014-16","6/2/2014 15:15","6/2/2014 17:15",98.6,0.03668,0.18,2.717,0.06626,0.72,0.48,0.3,0.17,2.09,3.4,4.02,6.13,42.1,1833876,0.000645190841692677
"2663","WF1","Non-Frozen","Storm","2014-17","6/6/2014 3:48","6/6/2014 3:54",2,0.01247,0.17,1.4,0.1214,0.84,0.48,0.18,0.09,0.06,0.06,3.64,4.26,42.1,1833876,1.30870353284519e-05
"2664","WF1","Non-Frozen","Storm","2014-18","6/7/2014 15:18","6/7/2014 22:00",2138,0.2116,1.1,8.067,0.1364,0.6,0.54,0.44,0.36,0,0.27,3.85,4.47,42.1,1833876,0.013990040766115
"2665","WF1","Non-Frozen","Storm","2014-19","6/15/2014 3:21","6/15/2014 20:30",69200,13,2.51,14.12,0.1778,2.52,2.28,1.44,1.03,0.15,0.15,0.21,4.59,42.1,1833876,0.452811422364435
"2666","WF1","Non-Frozen","Storm","2014-20","6/17/2014 2:09","6/17/2014 7:15",2518,0.4313,0.58,4.167,0.1392,0.72,0.42,0.2,0.18,0,2.51,2.71,4.09,42.1,1833876,0.0164765774785209
"2667","WF1","Non-Frozen","Storm","2014-21","6/19/2014 10:45","6/20/2014 2:30",123100,34.69,2.22,14.48,0.1533,3.72,3.24,1.92,1.19,0.14,0.41,3.65,5.08,42.1,1833876,0.805507024466213
"2668","WF1","Non-Frozen","Storm","2014-22","6/28/2014 23:32","6/29/2014 13:00",109900,46.44,1.9,10.37,0.1833,3.84,2.52,1.64,1.41,0,0.25,1.1,6.82,42.1,1833876,0.71913259129843
"2669","WF1","Non-Frozen","Storm","2014-23","8/29/2014 20:00","8/29/2014 21:45",272.2,0.1667,0.54,1.633,0.3306,2.28,1.8,0.86,0.47,0.35,0.35,0.76,2.88,42.1,1833876,0.0017811455082023
"2670","WF1","Non-Frozen","Storm","2014-24","8/29/2014 23:52","8/30/2014 13:30",16800,1.89,1.23,12,0.1025,1.44,1.26,0.8,0.43,0.87,0.89,1.3,3.42,42.1,1833876,0.109931096758996
"2671","WF1","Non-Frozen","Storm","2014-25","9/1/2014 7:00","9/1/2014 13:45",5606,0.9898,1.03,7.433,0.1386,1.2,0.84,0.44,0.23,0,0.6,2.48,4.08,42.1,1833876,0.0366829600256506
"2672","WF1","Non-Frozen","Storm","2014-26","9/4/2014 1:55","9/4/2014 6:00",68670,43.79,1.28,3.583,0.3572,4.44,4.08,2.06,1.14,0.23,0.23,3.38,4.37,42.1,1833876,0.449343358002395
"2673","WF1","Non-Frozen","Storm","2014-27","9/10/2014 4:20","9/10/2014 6:39",4689,2.505,0.79,2.067,0.3823,5.04,4.44,3,1.52,0,0.01,1.55,4.74,42.1,1833876,0.0306825543275554
"2674","WF1","Non-Frozen","Storm","2014-28","9/10/2014 12:04","9/10/2014 18:15",5111,0.6446,1.45,11.35,0.1278,5.04,4.44,3,1.52,0,0.01,1.55,4.74,42.1,1833876,0.0334439187818587
"2675","WF1","Frozen","Storm","2015-1","3/9/2015 11:15","3/13/2015 21:00",34940,0.9898,0,NA,NA,NA,NA,NA,NA,0,0,0,0,42.1,1833876,0.228630507188054
"2676","WF1","Non-Frozen","Storm","2015-2","4/10/2015 0:15","4/10/2015 2:45",487.8,0.1737,0.35,4.817,0.07266,0.24,0.18,0.14,0.1,0.67,0.69,0.85,1.28,42.1,1833876,0.00319192791660941
"2677","WF1","Non-Frozen","Storm","2015-3","5/8/2015","5/8/2015 2:15",2650,1.526,0.56,0.5667,0.9882,2.64,2.58,1.04,0.56,0.12,0.17,0.63,0.63,42.1,1833876,0.0173403218101987
"2678","WF1","Non-Frozen","Storm","2015-4","5/17/2015 15:15","5/17/2015 18:00",6118,3.288,0.4,0.4833,0.8276,2.16,1.26,0.8,0.4,0.04,0.04,0.87,2.08,42.1,1833876,0.0400332410697343
"2679","WF1","Non-Frozen","Storm","2015-5","5/17/2015 22:57","5/18/2015 3:00",34000,26.79,0.59,3.967,0.1487,3.48,2.1,1.16,0.58,0.44,0.44,1.27,2.48,42.1,1833876,0.222479600583682
"2680","WF1","Non-Frozen","Storm","2015-6","6/7/2015 6:52","6/7/2015 10:15",3856,2.1,0.76,3.783,0.2009,1.92,1.14,0.68,0.57,0,0,0.46,1.76,42.1,1833876,0.0252318041132552
"2681","WF1","Non-Frozen","Storm","2015-7","6/17/2015 21:45","6/18/2015 0:15",29380,15.04,0.69,1.067,0.6469,2.16,1.8,0.82,0.67,0.02,0.02,1.1,1.89,42.1,1833876,0.192248548974958
"2682","WF1","Non-Frozen","Storm","2015-8","7/6/2015 10:35","7/6/2015 21:15",76050,43.89,3,14.17,0.2118,3.48,3.18,1.78,0.99,0,0,0.2,1.02,42.1,1833876,0.497634518364382
"2683","WF1","Non-Frozen","Storm","2015-9","7/13/2015 3:55","7/13/2015 8:28",13520,3.084,1.49,2.7,0.5519,2.76,2.28,1.84,1.15,0,0,3,3.2,42.1,1833876,0.0884683588203346
"2684","WF1","Non-Frozen","Storm","2015-10","7/13/2015 22:11","7/14/2015 2:30",26460,13.74,0.66,0.5167,1.277,3.12,2.64,1.3,0.66,1.51,1.51,1.51,4.71,42.1,1833876,0.173141477395418
"2685","WF1","Non-Frozen","Storm","2015-11","7/18/2015 6:43","7/18/2015 11:30",27630,13.78,1.14,2.55,0.4471,4.32,3.78,1.66,0.94,0.01,0.29,2.48,5.48,42.1,1833876,0.180797393062563
"2686","WF1","Non-Frozen","Storm","2015-12","8/7/2015 10:30","8/7/2015 14:15",10450,3.264,0.79,3.833,0.2061,1.56,1.2,0.7,0.46,0.32,0.33,0.36,1.33,42.1,1833876,0.068379759591161
"2687","WF1","Non-Frozen","Storm","2015-13","8/18/2015 20:46","8/19/2015 5:45",129300,33.58,2.9,9.95,0.2915,3.72,3.12,1.56,0.94,0.01,0.08,0.08,1.24,42.1,1833876,0.846076833984413
"2688","WF1","Non-Frozen","Storm","2015-14","8/19/2015 12:30","8/19/2015 14:45",91.4,0.01506,0.18,4.05,0.04444,0.48,0.24,0.1,0.07,2.9,2.91,2.98,4.14,42.1,1833876,0.000598077514510251
"2689","WF1","Non-Frozen","Storm","2015-15","8/23/2015 1:00","8/23/2015 8:00",18490,5.105,1.15,5.95,0.1933,2.16,1.92,1.2,0.77,0,0,3.21,3.25,42.1,1833876,0.120989641611538
"2690","WF1","Non-Frozen","Storm","2015-16","9/2/2015 17:15","9/2/2015 18:30",183.4,0.1422,0.74,6.8,0.1088,1.08,0.96,0.64,0.45,0,0,0,1.27,42.1,1833876,0.00120008113961904
"2691","WF1","Non-Frozen","Storm","2015-17","9/8/2015 12:15","9/8/2015 14:15",341,0.1255,0.47,2.967,0.1584,0.36,0.36,0.26,0.24,0,0.5,1.26,1.26,42.1,1833876,0.00223133952350104
"2692","WF1","Non-Frozen","Storm","2015-18","9/17/2015 13:30","9/17/2015 19:24",6440,1.037,0.79,8.05,0.09814,1.44,1.02,0.54,0.33,0.34,0.34,0.35,1.33,42.1,1833876,0.042140253757615
"2693","WF1","Non-Frozen","Storm","2015-19","9/24/2015 0:30","9/24/2015 2:00",170.9,0.07884,0.51,4.75,0.1074,0.72,0.48,0.28,0.22,0,0.01,1.43,1.45,42.1,1833876,0.00111828716881621
"2694","WF1","Non-Frozen","Storm","2016-1","10/8/2015 12:00","10/8/2015 13:00",94.9,0.06092,0.68,2.233,0.3045,0.72,0.6,0.44,0.37,0,0,0,0.19,42.1,1833876,0.000620979826335041
"2695","WF1","Non-Frozen","Storm","2016-2","10/24/2015 9:33","10/24/2015 11:30",92.9,0.02282,0.58,7.467,0.07768,0.84,0.78,0.4,0.28,0.16,0.16,0.16,0.25,42.1,1833876,0.000607892791006589
"2696","WF1","Non-Frozen","Storm","2016-3","10/28/2015 23:15","10/29/2015 2:45",99.3,0.01082,0.18,8.533,0.02109,0.12,0.06,0.06,0.05,0.38,0.38,1.18,1.18,42.1,1833876,0.000649771304057635
"2697","WF1","Non-Frozen","Storm","2016-4","10/29/2015 9:47","10/29/2015 13:45",179,0.02047,0.11,4.85,0.02268,0.12,0.06,0.06,0.05,0.54,0.56,1.36,1.36,42.1,1833876,0.00117128966189644
"2698","WF1","Non-Frozen","Storm","2016-5","10/31/2015 13:52","10/31/2015 22:00",1600,0.1186,0.4,10.4,0.03846,0.12,0.12,0.08,0.07,0,0.08,1.28,1.47,42.1,1833876,0.0104696282627615
"2699","WF1","Non-Frozen","Storm","2016-6","11/12/2015 0:45","11/12/2015 14:15",4881,0.2635,2.32,15,0.1547,2.4,1.5,0.6,0.43,0,0,0.05,0.63,42.1,1833876,0.0319389097190868
"2700","WF1","Non-Frozen","Storm","2016-7","11/16/2015 18:08","11/16/2015 23:15",409.8,0.05548,0.53,8.017,0.06611,0.48,0.36,0.26,0.17,0,0,2.32,2.37,42.1,1833876,0.00268153353879979
"2701","WF1","Non-Frozen","Storm","2016-8","11/17/2015 18:30","11/18/2015 1:15",253.9,0.01247,0.26,6.983,0.03723,0.6,0.42,0.18,0.1,0.53,0.53,2.85,2.9,42.1,1833876,0.00166139913494697
"2702","WF1","Non-Frozen","Storm","2016-9","11/18/2015 14:45","11/18/2015 16:00",34.6,0.01018,0.12,4.133,0.02903,0.48,0.3,0.14,0.08,0.26,0.79,3.11,3.16,42.1,1833876,0.000226405711182217
"2703","WF1","Non-Frozen","Storm","2016-10","12/14/2015 13:22","12/15/2015 6:45",6696,0.441,1.44,11.78,0.1222,0.36,0.36,0.32,0.3,0.22,0.24,0.47,0.67,42.1,1833876,0.0438153942796569
"2704","WF1","Frozen","Storm","2016-11","2/28/2016 4:30","2/28/2016 14:00",758.8,0.02776,0,NA,NA,NA,NA,NA,NA,0,0,0.03,0.32,42.1,1833876,0.00496522120361464
"2705","WF1","Frozen","Storm","2016-12","3/6/2016 22:00","3/8/2016 15:15",7102,0.111,0,NA,NA,NA,NA,NA,NA,0,0.02,0.02,0.06,42.1,1833876,0.0464720624513326
"2706","WF1","Non-Frozen","Storm","2016-13","3/8/2016 20:30","3/9/2016 7:45",3337,0.1542,0,NA,NA,NA,NA,NA,NA,0,0,0.02,0.04,42.1,1833876,0.0218357184455219
"2707","WF1","Non-Frozen","Storm","2016-14","3/16/2016 6:30","3/16/2016 20:45",2279,0.1017,0.89,12.6,0.07063,0.24,0.24,0.2,0.15,0.52,0.53,0.53,0.55,42.1,1833876,0.0149126767567709
"2708","WF1","Non-Frozen","Storm","2016-15","3/24/2016 18:30","3/24/2016 21:45",376.9,0.05347,0,NA,NA,NA,NA,NA,NA,0,0,0,1.43,42.1,1833876,0.00246625180764675
"2709","WF1","Non-Frozen","Storm","2016-16","8/11/2016 9:18","8/11/2016 15:15",10850,1.446,2.58,9.55,0.2702,3,2.34,1.6,0.87,0,0,0.59,0.59,42.1,1833876,0.0709971666568514
"2710","WF1","Non-Frozen","Storm","2016-17","9/6/2016 11:32","9/6/2016 17:30",36420,11.97,2.73,8.95,0.305,4.32,3.12,1.48,1.28,0.31,0.37,0.37,1.35,42.1,1833876,0.238314913331109
"2711","WF1","Non-Frozen","Storm","2016-18","9/21/2016 23:45","9/22/2016 12:15",30970,5.677,2.11,12.87,0.164,3.36,2.04,0.86,0.67,0.11,0.11,1.29,1.38,42.1,1833876,0.202652742061077
"2712","WF1","Frozen","Storm","2017-1","1/20/2017 4:00","1/26/2017 16:30",130800,0.9867,0.18,76.08,0.002366,0.24,0.18,0.12,0.06,0,0,0.29,0.29,42.1,1833876,0.855892110480752
"2713","WF1","Frozen","Storm","2017-2","2/13/2017 19:30","2/15/2017 10:00",10070,0.312,0,NA,NA,NA,NA,NA,NA,0,0.01,0.01,0.1,42.1,1833876,0.0658932228787552
"2714","WF1","Frozen","Storm","2017-3","2/15/2017 17:30","2/16/2017 7:00",343.6,0.02235,0,NA,NA,NA,NA,NA,NA,0,0,0.01,0.01,42.1,1833876,0.00224835266942803
"2715","WF1","Frozen","Storm","2017-4","2/16/2017 20:15","2/17/2017 3:00",96.6,0.01321,0,NA,NA,NA,NA,NA,NA,0,0,0.01,0.01,42.1,1833876,0.000632103806364225
"2716","WF1","Frozen","Storm","2017-5","2/17/2017 17:00","2/20/2017 1:30",95430,3.46,0,NA,NA,NA,NA,NA,NA,0,0,0.01,0.01,42.1,1833876,0.624447890697081
"2717","WF1","Frozen","Storm","2017-6","2/20/2017 19:53","2/21/2017 6:45",14100,0.9967,0.7,8.633,0.08108,0.24,0.24,0.2,0.2,0,0,0,0.01,42.1,1833876,0.0922635990655857
"2718","WF1","Non-Frozen","Storm","2017-7","3/7/2017 1:23","3/7/2017 6:30",1642,0.2605,0.57,3.967,0.1437,3.24,2.1,0.98,0.55,0.01,0.01,0.01,0.02,42.1,1833876,0.010744456004659
"2719","WF1","Non-Frozen","Storm","2017-8","5/17/2017 7:04","5/17/2017 18:45",22740,2.626,1.32,6.883,0.1918,1.92,1.5,0.82,0.49,1.14,1.34,1.35,1.88,42.1,1833876,0.148799591684498
"2720","WF1","Non-Frozen","Storm","2017-9","5/17/2017 23:10","5/18/2017 17:00",126700,19.12,2,13.35,0.1498,4.68,3.12,1.44,0.78,1.69,2.46,2.66,3.2,42.1,1833876,0.829063688057426
"2721","WF1","Non-Frozen","Storm","2017-10","5/20/2017 19:40","5/21/2017 4:30",12480,1.55,0.95,8,0.1188,0.36,0.3,0.24,0.19,0,0,4.66,5.2,42.1,1833876,0.0816631004495397
"2722","WF1","Non-Frozen","Storm","2017-11","6/14/2017 7:33","6/14/2017 9:30",2931,1.586,0.97,1.517,0.6396,4.56,3.42,1.76,0.93,0,0.67,1.06,1.28,42.1,1833876,0.0191790502738462
"2723","WF1","Non-Frozen","Storm","2017-12","7/1/2017 6:13","7/1/2017 9:15",6580,2.12,1.15,1.217,0.9452,4.2,3,1.76,1.12,0.36,0.36,0.67,1.92,42.1,1833876,0.0430563462306066
"2724","WF1","Non-Frozen","Storm","2017-13","7/12/2017 8:00","7/12/2017 11:15",44070,27.36,1.87,0.5,3.74,6.72,5.34,3.72,1.87,0,0,0.39,2.07,42.1,1833876,0.288372823462437
"2725","WF1","Non-Frozen","Storm","2017-14","8/17/2017 14:00","8/17/2017 16:30",579.1,0.1255,0.5,3.583,0.1395,0.48,0.3,0.28,0.23,1.21,1.22,1.78,3.59,42.1,1833876,0.00378935107935324
"2726","WF2","Frozen","Storm","2011-1","11/29/2010 20:45","11/30/2010 10:00",1912,0.09991,0.5,11.22,0.04458,0.24,0.24,0.22,0.19,0,0,0,0,6.7,291852,0.0786151885202089
"2727","WF2","Frozen","Storm","2011-2","12/30/2010 18:30","12/31/2010 6:55",1406,0.04776,0.27,10.2,0.02647,0.36,0.18,0.1,0.07,0,0,0,0,6.7,291852,0.0578101229390239
"2728","WF2","Frozen","Storm","2011-3","2/16/2011 21:00","2/19/2011 3:00",11520,0.1327,0,NA,NA,NA,NA,NA,NA,0,0,0,0,6.7,291852,0.473664734180338
"2729","WF2","Frozen","Storm","2011-4","3/16/2011 23:00","3/25/2011 5:00",191300,3.126,1.31,71.5,0.01832,0.48,0.42,0.32,0.3,0,0,0,0,6.7,291852,7.86563052506065
"2730","WF2","Frozen","Storm","2011-5","3/30/2011 16:00","4/5/2011 2:15",63110,0.443,0.22,70,0.003143,0.24,0.24,0.18,0.15,0,0,0,1.31,6.7,291852,2.59487685539246
"2731","WF2","Non-Frozen","Storm","2011-6","4/5/2011 20:15","4/6/2011 11:30",2089,0.0528,0,NA,NA,NA,NA,NA,NA,0,0.02,0.22,0.47,6.7,291852,0.0858928498005839
"2732","WF2","Non-Frozen","Storm","2011-7","4/6/2011 20:45","4/7/2011 7:15",1618,0.05548,0,NA,NA,NA,NA,NA,NA,0,0,0.22,0.22,6.7,291852,0.0665268697833148
"2733","WF2","Non-Frozen","Storm","2011-8","4/10/2011 7:45","4/10/2011 18:45",17580,4.868,0,NA,NA,NA,NA,NA,NA,0.03,0.03,0.07,0.25,6.7,291852,0.722832120389787
"2734","WF2","Non-Frozen","Storm","2011-9","4/26/2011 10:30","4/27/2011 12:00",15950,0.9743,1.32,13.73,0.09612,0.24,0.24,0.18,0.17,0,0,0.31,0.31,6.7,291852,0.655811849841701
"2735","WF2","Non-Frozen","Storm","2011-10","4/28/2011 14:45","4/28/2011 16:30",129.5,0.03344,0.07,2,0.035,0.12,0.12,0.06,0.05,0,0.52,1.62,1.63,6.7,291852,0.00532461658648904
"2736","WF2","Non-Frozen","Storm","2011-11","4/30/2011 18:30","5/1/2011 5:15",3658,0.4009,0.37,7.45,0.04966,0.36,0.3,0.18,0.12,0,0.07,1.39,1.7,6.7,291852,0.150404999794416
"2737","WF2","Non-Frozen","Storm","2011-12","6/18/2011 12:45","6/18/2011 16:00",14060,5.82,1.33,2.1,0.6333,2.64,2.16,1.54,1.22,0.02,0.02,1.2,1.61,6.7,291852,0.578101229390239
"2738","WF2","Non-Frozen","Storm","2011-13","6/19/2011 8:15","6/19/2011 10:00",176,0.05682,0.23,5.55,0.04144,0.48,0.42,0.3,0.18,1.43,1.43,2.61,3.02,6.7,291852,0.00723654454997739
"2739","WF2","Non-Frozen","Storm","2011-14","6/21/2011 9:15","6/21/2011 11:45",484.9,0.169,0.4,1.5,0.2667,0.96,0.9,0.6,0.38,0,0.01,2.84,3.25,6.7,291852,0.0199375025697957
"2740","WF2","Non-Frozen","Storm","2011-15","6/21/2011 21:30","6/22/2011 1:00",295.9,0.06589,0.2,1.933,0.1034,0.6,0.42,0.28,0.14,0.4,0.4,3.24,3.65,6.7,291852,0.0121664405246495
"2741","WF2","Non-Frozen","Storm","2011-16","6/22/2011 4:30","6/22/2011 9:30",438.9,0.05749,0.13,0.9333,0.1393,0.6,0.3,0.16,0.13,0.6,0.6,2.92,3.85,6.7,291852,0.0180461329715061
"2742","WF2","Non-Frozen","Storm","2011-17","6/22/2011 11:45","6/22/2011 20:00",1848,0.679,0.17,0.4667,0.3643,1.56,0.84,0.34,0.17,0.33,0.73,2.81,3.98,6.7,291852,0.0759837177747626
"2743","WF2","Non-Frozen","Storm","2011-18","6/23/2011 4:45","6/23/2011 13:30",621.4,0.02623,0.07,2.717,0.02577,0.12,0.06,0.04,0.04,0.22,0.9,2.56,4.15,6.7,291852,0.0255499362690679
"2744","WF2","Non-Frozen","Storm","2011-19","7/10/2011 11:30","7/10/2011 12:30",4227,4.94,1.02,0.85,1.2,6.36,4.98,1.94,1.02,0,0,0.02,0.17,6.7,291852,0.17380041939065
"2745","WF2","Non-Frozen","Storm","2011-20","7/11/2011 4:45","7/11/2011 6:45",11820,9.82,1.16,1.967,0.5898,4.8,3.78,2.02,1.07,1.02,1.02,1.04,1.19,6.7,291852,0.485999753299618
"2746","WF2","Non-Frozen","Storm","2011-21","7/16/2011 11:30","7/16/2011 20:15",47310,12.28,2.33,1.9,1.226,3.36,3.12,2.24,1.69,0.8,0.84,3.02,3.04,6.7,291852,1.9452325151104
"2747","WF2","Non-Frozen","Storm","2011-22","8/6/2011 21:00","8/6/2011 23:30",1044,1.076,1.02,0.8833,1.155,2.76,2.1,1.14,1.02,0,0,0.63,1.16,6.7,291852,0.0429258665350931
"2748","WF2","Non-Frozen","Storm","2011-23","8/17/2011 1:00","8/17/2011 7:15",3815,1.55,1.68,2.717,0.6184,2.52,1.92,1.34,1.1,0,0,0.24,1.26,6.7,291852,0.156860326466839
"2749","WF2","Frozen","Storm","2012-1","1/31/2012 22:00","2/1/2012 2:30",276.5,0.0219,0,NA,NA,NA,NA,NA,NA,0,0,0,0,6.7,291852,0.0113687759549361
"2750","WF2","Frozen","Storm","2012-2","3/6/2012 20:15","3/8/2012 22:45",31070,0.6494,0.02,1.65,0.01212,0.12,0.06,0.02,0.01,0,0,0,0,6.7,291852,1.27749681345339
"2751","WF2","Frozen","Storm","2012-3","3/10/2012 16:15","3/13/2012 14:30",26230,0.9371,0.44,8.783,0.05009,0.36,0.24,0.18,0.17,0,0,0.02,0.02,6.7,291852,1.07849183832902
"2752","WF2","Non-Frozen","Storm","2012-4","4/16/2012 2:00","4/16/2012 9:15",8389,6.56,0.59,1.5,0.3933,3,2.1,1.06,0.55,0.73,0.88,0.89,1.14,6.7,291852,0.344928251305456
"2753","WF2","Non-Frozen","Storm","2012-5","4/18/2012 9:00","4/18/2012 19:20",4692,4.702,0.69,9.033,0.07638,1.56,1.14,0.5,0.28,0,0.11,1.59,1.63,6.7,291852,0.192919699025533
"2754","WF2","Non-Frozen","Storm","2012-6","5/2/2012 4:45","5/2/2012 8:15",5365,2.78,0.83,2.633,0.3152,0.72,0.72,0.54,0.46,0.01,0.16,0.3,1.2,6.7,291852,0.220591258583117
"2755","WF2","Non-Frozen","Storm","2012-7","5/3/2012 16:00","5/3/2012 22:00",4285,4.391,0.35,2.567,0.1364,2.64,1.44,0.56,0.34,0.02,0.85,1.08,1.36,6.7,291852,0.176185189753711
"2756","WF2","Non-Frozen","Storm","2012-8","5/5/2012 20:15","5/6/2012 22:55",25990,5.462,1.84,15.4,0.1195,1.8,1.56,1,0.63,0.06,0.06,1.48,1.62,6.7,291852,1.06862382303359
"2757","WF2","Non-Frozen","Storm","2012-9","5/24/2012 13:00","5/25/2012 2:30",13320,6.243,1.77,10.2,0.1735,3.48,2.22,1.08,0.76,0.11,0.11,0.23,0.28,6.7,291852,0.547674848896016
"2758","WF2","Non-Frozen","Storm","2012-10","5/26/2012 15:45","5/26/2012 20:15",2557,1.985,0.57,1.4,0.4071,1.44,1.14,0.7,0.48,0,1.08,2,2,6.7,291852,0.10513547962666
"2759","WF2","Non-Frozen","Storm","2012-11","6/6/2012 17:45","6/6/2012 18:45",77.8,0.092,0.35,0.4667,0.75,1.56,1.26,0.7,0.35,0,0,0,2.83,6.7,291852,0.00319888162493318
"2760","WF2","Non-Frozen","Storm","2012-12","6/14/2012 16:15","6/14/2012 19:00",146.9,0.0946,0.52,3.083,0.1686,0.72,0.66,0.32,0.27,0.13,0.13,0.41,0.76,6.7,291852,0.00604004769540726
"2761","WF2","Non-Frozen","Storm","2012-13","6/14/2012 21:45","6/15/2012 1:00",146.9,0.0503,0.4,3.167,0.1263,1.8,1.38,0.64,0.33,0.65,0.65,0.93,1.28,6.7,291852,0.00604004769540726
"2762","WF2","Non-Frozen","Storm","2012-14","6/16/2012 23:30","6/17/2012 2:00",3499,3.03,0,NA,NA,NA,NA,NA,NA,0.12,0.49,1.43,1.81,6.7,291852,0.143867439661198
"2763","WF2","Non-Frozen","Storm","2012-15","6/18/2012 5:30","6/18/2012 10:45",846.7,0.6014,0.04,NA,NA,NA,NA,NA,NA,0,0.12,1.34,1.81,6.7,291852,0.0348135356276469
"2764","WF2","Non-Frozen","Storm","2012-16","6/19/2012 10:00","6/19/2012 13:45",4804,4.086,0.68,2.133,0.3188,2.88,2.4,0.96,0.48,0,0.04,1.22,1.85,6.7,291852,0.197524772830065
"2765","WF2","Non-Frozen","Storm","2012-17","6/20/2012 20:45","6/21/2012 1:30",9219,5.847,1.31,5.85,0.2239,3.48,3.06,1.72,1.03,0,0.69,1.91,2.19,6.7,291852,0.379055137535463
"2766","WF2","Non-Frozen","Storm","2012-18","7/13/2012 12:00","7/13/2012 16:00",673.9,0.5966,0.85,2.533,0.3355,3,2.04,1.08,0.59,0.05,0.05,0.58,1.34,6.7,291852,0.0277085646149418
"2767","WF2","Non-Frozen","Storm","2012-19","7/13/2012 23:30","7/14/2012 8:00",743,0.4717,0.56,5.167,0.1084,1.8,1.74,0.84,0.44,0.9,0.9,1.43,2.19,6.7,291852,0.0305497306854159
"2768","WF2","Non-Frozen","Storm","2012-20","7/18/2012 16:15","7/18/2012 18:45",103.7,0.0162,0.51,2.383,0.214,2.04,1.5,0.86,0.48,0.05,0.05,1.51,2.04,6.7,291852,0.00426380494223099
"2769","WF2","Non-Frozen","Storm","2012-21","7/18/2012 22:30","7/19/2012 2:30",164.2,0.0166,0.17,0.95,0.1789,0.72,0.72,0.32,0.17,0.56,0.56,2.02,2.55,6.7,291852,0.00675136713128572
"2770","WF2","Non-Frozen","Storm","2012-22","7/21/2012 10:30","7/21/2012 17:45",7664,4.956,1.52,4.55,0.3341,2.28,2.1,1.8,1.01,0,0,0.73,2.19,6.7,291852,0.315118621767197
"2771","WF2","Frozen","Storm","2013-1","3/28/2013 15:15","4/2/2013 21:20",24380,0.3738,0.47,5.667,0.08294,0.48,0.36,0.26,0.16,0,0,0,0,6.7,291852,1.00242588709346
"2772","WF2","Frozen","Storm","2013-2","4/3/2013 22:30","4/27/2013 15:15",156700,1.184,2.62,435.6,0.006014,0.48,0.36,0.32,0.24,0,0,0,0.47,6.7,291852,6.44299165330373
"2773","WF2","Non-Frozen","Storm","2013-3","5/1/2013 10:45","5/6/2013 16:45",46660,1.518,0.36,11.42,0.03153,0.6,0.42,0.28,0.23,0,0,0.12,1.35,6.7,291852,1.91850664035196
"2774","WF2","Non-Frozen","Storm","2013-4","5/9/2013 18:30","5/10/2013 12:45",376.3,0.01432,0.33,10.37,0.03183,0.12,0.12,0.08,0.07,0,0,0,0.45,6.7,291852,0.0154722256486164
"2775","WF2","Non-Frozen","Storm","2013-5","5/19/2013 23:45","5/20/2013 21:00",1891,0.139,0.73,18.33,0.03982,1.44,1.32,0.52,0.35,0.05,0.63,0.69,1.02,6.7,291852,0.0777517371818593
"2776","WF2","Non-Frozen","Storm","2013-6","5/21/2013 7:15","5/21/2013 19:00",133.2,0.00587,0.1,11.9,0.008403,0.24,0.18,0.1,0.06,0.14,0.78,1.4,1.75,6.7,291852,0.00547674848896016
"2777","WF2","Non-Frozen","Storm","2013-7","6/15/2013 21:00","6/16/2013 3:30",281.8,0.0903,0.63,1.55,0.4065,2.88,2.34,1.08,0.58,0.23,0.23,1.11,1.35,6.7,291852,0.0115866946260433
"2778","WF2","Non-Frozen","Storm","2013-8","6/21/2013 9:15","6/21/2013 19:00",15430,7.616,1.19,2.583,0.4606,5.52,4.08,1.52,0.94,0,0,0.86,1.74,6.7,291852,0.634431150034949
"2779","WF2","Non-Frozen","Storm","2013-9","6/22/2013 1:45","6/22/2013 22:15",7747,1.115,0.79,9.867,0.08007,2.04,1.56,0.78,0.43,1.19,1.19,2.05,2.93,6.7,291852,0.318531310390198
"2780","WF2","Frozen","Storm","2014-1","3/29/2014 18:00","4/4/2014 17:30",88310,0.928,0.07,9.3,0.007527,0.24,0.18,0.1,0.06,0,0,0.21,0.21,6.7,291852,3.63101846141195
"2781","WF2","Frozen","Storm","2014-2","4/6/2014 3:30","4/11/2014 19:45",97530,1.206,0,NA,NA,NA,NA,NA,NA,0,0,0.07,0.28,6.7,291852,4.01011471567781
"2782","WF2","Non-Frozen","Storm","2014-3","4/12/2014 14:00","4/12/2014 23:15",100.8,0.0061,0.18,2.517,0.07152,0.24,0.18,0.1,0.1,0,0,0,0.07,6.7,291852,0.00414456642407796
"2783","WF2","Non-Frozen","Storm","2014-4","4/17/2014 1:00","4/17/2014 16:30",667.9,0.03292,0.69,8.467,0.0815,0.24,0.18,0.16,0.15,0,0,0.23,0.23,6.7,291852,0.0274618642325562
"2784","WF2","Non-Frozen","Storm","2014-5","4/24/2014 16:15","4/25/2014 8:00",352.6,0.01874,0.68,11.77,0.05779,0.36,0.24,0.18,0.13,0.09,0.09,0.2,1.12,6.7,291852,0.0144977591381933
"2785","WF2","Non-Frozen","Storm","2014-6","4/27/2014 11:15","5/2/2014 17:15",8812,0.296,2.66,102.4,0.02598,0.48,0.36,0.28,0.25,0.06,0.06,0.83,1.68,6.7,291852,0.36232062826364
"2786","WF2","Non-Frozen","Storm","2014-7","5/8/2014 21:30","5/9/2014 18:45",13350,3.036,1.05,3.817,0.2751,2.52,2.22,1.08,0.68,0.57,0.57,0.58,3.3,6.7,291852,0.548908350807944
"2787","WF2","Non-Frozen","Storm","2014-8","5/12/2014 5:30","5/13/2014 18:45",10900,1.198,1.18,30.47,0.03873,0.84,0.66,0.44,0.31,0.01,0.01,1.63,3.44,6.7,291852,0.448172361333827
"2788","WF2","Non-Frozen","Storm","2014-9","5/19/2014 18:30","5/20/2014 18:00",39460,3.779,2.42,8.167,0.2963,1.44,1.02,0.84,0.75,0,0,0.18,2.81,6.7,291852,1.62246618148925
"2789","WF2","Non-Frozen","Storm","2014-10","6/1/2014 8:30","6/2/2014 7:00",53220,18.74,3.69,23.68,0.1558,4.8,4.56,3.16,1.76,0.28,0.28,0.72,3.14,6.7,291852,2.18823239176021
"2790","WF2","Non-Frozen","Storm","2014-11","6/7/2014 11:45","6/8/2014 11:45",15430,1.558,1.29,8.6,0.15,2.16,1.68,0.96,0.6,0,0.42,4.46,4.9,6.7,291852,0.634431150034949
"2791","WF2","Non-Frozen","Storm","2014-12","6/15/2014 2:45","6/15/2014 22:30",55080,3.737,2.75,10.72,0.2566,1.68,1.26,0.96,0.65,0.1,0.1,0.2,5.7,6.7,291852,2.26470951029974
"2792","WF2","Non-Frozen","Storm","2014-13","6/17/2014 1:15","6/17/2014 16:45",5602,0.635,0.54,4.15,0.1301,0.36,0.3,0.24,0.18,0,2.75,2.94,4.66,6.7,291852,0.230335923687348
"2793","WF2","Non-Frozen","Storm","2014-14","6/18/2014 8:45","6/18/2014 22:45",10040,0.8982,0.7,4.867,0.1438,1.92,1.74,0.86,0.44,0,0.54,3.48,5.2,6.7,291852,0.412811973191892
"2794","WF2","Non-Frozen","Storm","2014-15","6/19/2014 11:00","6/20/2014 10:00",32760,2.265,1.29,6.35,0.2031,0.96,0.84,0.46,0.41,0.22,0.7,4.09,5.9,6.7,291852,1.34698408782534
"2795","WF2","Non-Frozen","Storm","2014-16","6/24/2014 23:00","6/25/2014 20:15",6448,1.076,0.95,11.8,0.08051,1.32,0.96,0.72,0.45,0.07,0.07,2.28,5.76,6.7,291852,0.265120677603717
"2796","WF2","Non-Frozen","Storm","2014-17","6/29/2014","6/29/2014 17:30",19910,6.478,1.08,8.267,0.1306,3.12,2.52,1.62,0.85,0,0.16,1.4,6.68,6.7,291852,0.818634102216192
"2797","WF2","Non-Frozen","Storm","2014-18","7/7/2014 19:30","7/7/2014 22:45",1233,0.907,0.63,0.3167,1.989,2.76,2.46,1.26,0.63,0,0.05,0.16,2.45,6.7,291852,0.0506969285802393
"2798","WF2","Non-Frozen","Storm","2014-19","7/12/2014 19:30","7/13/2014 0:30",18940,11.76,1.26,3.767,0.3345,6,4.8,2.06,1.13,0,0.13,0.96,2.18,6.7,291852,0.778750873730521
"2799","WF2","Non-Frozen","Storm","2014-20","8/30/2014","8/30/2014 11:45",12020,2.928,2.9,12.53,0.2314,2.76,2.1,1.28,0.99,0.43,0.44,0.67,1.89,6.7,291852,0.494223099379137
"2800","WF2","Non-Frozen","Storm","2014-21","9/4/2014 2:00","9/4/2014 9:15",14240,7.12,1.21,1.717,0.7049,4.08,3.42,2.18,1.14,0.17,0.17,4.26,4.66,6.7,291852,0.585502240861807
"2801","WF2","Non-Frozen","Storm","2014-22","9/10/2014 11:15","9/10/2014 18:15",825,0.08615,0.88,14.55,0.06048,1.32,1.2,0.58,0.29,0,0.04,1.47,5.57,6.7,291852,0.033921302578019
"2802","WF2","Non-Frozen","Storm","2014-23","9/20/2014 23:45","9/21/2014 0:15",33.4,0.05481,0.21,0.6,0.35,0.84,0.66,0.38,0.21,0.01,0.01,0.01,0.93,6.7,291852,0.0013732987952798
"2803","WF2","Frozen","Storm","2015-1","3/7/2015 20:00","3/16/2015 14:30",25440,0.832,0,NA,NA,NA,NA,NA,NA,0,0,0,0,6.7,291852,1.04600962131491
"2804","WF2","Non-Frozen","Storm","2015-2","5/7/2015 23:45","5/8/2015 2:00",155.3,0.0666,0.39,1.7,0.2294,2.88,1.62,0.72,0.38,0.13,0.18,0.8,0.8,6.7,291852,0.00638542823074709
"2805","WF2","Non-Frozen","Storm","2015-3","6/7/2015 6:15","6/7/2015 10:00",364.3,0.1245,0.68,2.433,0.2795,1.8,1.26,0.84,0.56,0,0,0.69,2.19,6.7,291852,0.0149788248838452
"2806","WF2","Non-Frozen","Storm","2015-4","6/28/2015 22:00","6/28/2015 23:30",177.5,0.1045,0.73,1.533,0.4761,1.92,1.2,0.8,0.58,0.56,0.58,1.05,2.25,6.7,291852,0.00729821964557378
"2807","WF2","Non-Frozen","Storm","2015-5","7/6/2015 8:45","7/7/2015 7:00",22560,4.583,3.39,11.82,0.2869,3.48,2.7,1.86,1.47,0,0,0.23,2.01,6.7,291852,0.927593437769828
"2808","WF2","Non-Frozen","Storm","2015-6","7/13/2015 4:15","7/13/2015 17:30",4934,0.684,1.78,5.883,0.3025,2.28,2.04,1.84,1.28,0,0,3.39,3.62,6.7,291852,0.202869947781752
"2809","WF2","Non-Frozen","Storm","2015-7","7/13/2015 22:00","7/14/2015 9:45",1731,0.4332,0.23,0.2833,0.8118,2.52,1.32,0.46,0.23,1.78,1.78,1.78,5.4,6.7,291852,0.0711730603182435
"2810","WF2","Non-Frozen","Storm","2015-8","7/18/2015 6:30","7/18/2015 16:15",2821,0.3702,0.76,2.667,0.285,3,2.22,1.04,0.6,0,0.3,2.31,5.7,6.7,291852,0.115990296451626
"2811","WF2","Non-Frozen","Storm","2015-9","8/18/2015 20:45","8/19/2015 16:30",9947,4.512,3.58,18.77,0.1908,2.52,2.16,1.54,1.13,0.01,0.13,0.13,1.27,6.7,291852,0.408988117264915
"2812","WF2","Non-Frozen","Storm","2015-10","8/23/2015 3:15","8/23/2015 8:45",434.9,0.07035,0.87,6.517,0.1335,2.4,1.86,0.74,0.38,0,0,3.76,3.76,6.7,291852,0.0178816660499157
"2813","WF2","Non-Frozen","Storm","2015-11","9/17/2015 12:45","9/17/2015 15:00",148.5,0.0378,1.01,4.183,0.2414,3.12,2.1,0.82,0.51,0.01,0.01,0.03,0.93,6.7,291852,0.00610583446404342
"2814","WF2","Non-Frozen","Storm","2015-12","9/23/2015 22:00","9/24/2015 0:30",217.1,0.03612,0.55,3,0.1833,0.84,0.72,0.38,0.25,0,0,1.37,1.51,6.7,291852,0.0089264421693187
"2815","WF2","Non-Frozen","Storm","2016-1","10/31/2015 7:45","11/3/2015 16:15",8417,0.1749,0.48,10.95,0.04384,0.12,0.12,0.08,0.07,0,0.27,1.29,1.47,6.7,291852,0.346079519756589
"2816","WF2","Non-Frozen","Storm","2016-2","11/12/2015 1:00","11/13/2015 12:15",59270,2.485,2.06,26.68,0.0772,0.96,0.6,0.36,0.3,0,0,0.18,0.94,6.7,291852,2.43698861066568
"2817","WF2","Non-Frozen","Storm","2016-3","11/16/2015 17:00","11/19/2015 18:30",25730,0.5574,1.05,65.47,0.01604,0.48,0.36,0.22,0.13,0,0,2.06,2.24,6.7,291852,1.05793347313022
"2818","WF2","Non-Frozen","Storm","2016-4","12/10/2015 17:30","12/11/2015 18:45",1481,0.02188,0.18,1.917,0.09391,0.24,0.24,0.16,0.11,0,0.03,0.03,0.16,6.7,291852,0.0608938777188438
"2819","WF2","Non-Frozen","Storm","2016-5","12/13/2015 10:45","12/17/2015 5:05",45440,2.275,1.74,84.35,0.02063,0.36,0.36,0.3,0.27,0.01,0.01,0.22,0.35,6.7,291852,1.86834422926689
"2820","WF2","Frozen","Storm","2016-6","2/27/2016 18:30","2/29/2016 1:00",7457,0.1379,0.01,NA,NA,NA,NA,NA,NA,0,0,0.02,0.28,6.7,291852,0.306607458574894
"2821","WF2","Frozen","Storm","2016-7","3/6/2016 19:00","3/11/2016 2:15",59880,1.021,0,NA,NA,NA,NA,NA,NA,0,0.02,0.03,0.05,6.7,291852,2.46206981620821
"2822","WF2","Non-Frozen","Storm","2016-8","3/15/2016 13:00","3/19/2016 4:45",42860,0.8432,1.52,28.57,0.05321,0.84,0.48,0.24,0.17,0.01,0.01,0.01,0.03,6.7,291852,1.76226306484108
"2823","WF2","Non-Frozen","Storm","2016-9","3/27/2016 10:15","3/28/2016 7:45",1404,0.04237,0.25,12.45,0.02008,0.12,0.12,0.08,0.06,0,0,0,1.53,6.7,291852,0.0577278894782287
"2824","WF2","Non-Frozen","Storm","2016-10","3/30/2016 12:15","4/1/2016 20:45",10920,0.564,0.68,53.37,0.01274,0.36,0.3,0.2,0.13,0,0,0.25,0.75,6.7,291852,0.448994695941779
"2825","WF2","Non-Frozen","Storm","2016-11","6/15/2016 0:45","6/15/2016 4:45",596.1,0.09291,0.71,2.55,0.2784,2.88,2.22,0.9,0.55,0.04,0.86,0.92,2.1,6.7,291852,0.0245096829900086
"2826","WF2","Non-Frozen","Storm","2016-12","8/11/2016 10:00","8/11/2016 14:45",6106,1.675,2.58,9.55,0.2702,3,2.34,1.6,0.87,0,0,0.81,0.81,6.7,291852,0.251058755807738
"2827","WF2","Non-Frozen","Storm","2016-13","9/6/2016 11:45","9/7/2016 10:15",19330,8.53,2.45,16.93,0.1447,5.28,4.38,2.08,1.17,0.3,0.33,0.33,0.97,6.7,291852,0.794786398585585
"2828","WF2","Non-Frozen","Storm","2016-14","9/16/2016 2:30","9/16/2016 9:00",687.3,0.0681,1.11,3.417,0.3249,1.68,1.26,0.76,0.67,0,0,0.04,2.87,6.7,291852,0.0282595288022696
"2829","WF2","Non-Frozen","Storm","2016-15","9/21/2016 23:15","9/23/2016 2:45",53270,9.184,1.98,10.4,0.1904,3.72,3.18,1.52,0.94,0.52,0.52,1.72,1.76,6.7,291852,2.19028822828009
"2830","WF2","Non-Frozen","Storm","2016-16","9/25/2016 14:30","9/25/2016 21:45",1193,0.3008,0.27,3.483,0.07751,0.84,0.72,0.42,0.25,0,0.15,2.69,3.87,6.7,291852,0.0490522593643354
"2831","WF2","Frozen","Storm","2017-1","1/22/2017 23:00","1/24/2017 8:30",4857,0.05615,0.01,NA,NA,NA,NA,NA,NA,0,0.14,0.39,0.39,6.7,291852,0.199703959541137
"2832","WF2","Frozen","Storm","2017-2","2/17/2017 21:00","2/23/2017 13:00",69280,1.18,0.71,7.1,0.1,0.24,0.24,0.2,0.19,0,0,0,0.02,6.7,291852,2.84856708194564
"2833","WF2","Non-Frozen","Storm","2017-3","3/5/2017 22:00","3/6/2017 3:00",396.2,0.02929,0,NA,NA,NA,NA,NA,NA,0,0,0,0.71,6.7,291852,0.0162904485835286
"2834","WF2","Non-Frozen","Storm","2017-4","3/6/2017 8:15","3/9/2017 1:15",21430,3.15,0.69,15.77,0.04376,3.24,2.4,1.02,0.6,0,0,0,0.71,6.7,291852,0.881131532420542
"2835","WF2","Non-Frozen","Storm","2017-5","4/10/2017 2:30","4/10/2017 4:30",314.8,0.0726,0.49,0.7333,0.6682,1.56,1.08,0.68,0.49,0.12,0.12,0.39,0.4,6.7,291852,0.0129435467291641
"2836","WF2","Non-Frozen","Storm","2017-6","4/15/2017 10:45","4/15/2017 20:15",3209,0.1798,0.37,6.683,0.05536,0.6,0.36,0.14,0.1,0.2,0.2,1.04,1.31,6.7,291852,0.131943587845894
"2837","WF2","Non-Frozen","Storm","2017-7","4/16/2017 1:15","4/16/2017 9:30",5489,0.669,0.27,1.933,0.1397,2.52,1.32,0.5,0.25,0.54,0.57,1.41,1.68,6.7,291852,0.22568973315242
"2838","WF2","Non-Frozen","Storm","2017-8","4/20/2017 0:30","4/20/2017 19:00",9345,0.457,0.75,19.45,0.03856,0.6,0.48,0.26,0.21,0,0.11,1.05,1.79,6.7,291852,0.384235845565561
"2839","WF2","Non-Frozen","Storm","2017-9","5/1/2017 5:30","5/2/2017 5:30",10650,0.3828,0.98,24.28,0.04036,0.84,0.72,0.64,0.48,0.02,0.02,0.7,1.57,6.7,291852,0.437893178734427
"2840","WF2","Non-Frozen","Storm","2017-10","5/17/2017 6:15","5/17/2017 18:15",11660,0.8404,0.86,12.37,0.06954,2.4,1.62,0.7,0.46,0.63,0.9,0.9,1.35,6.7,291852,0.479421076436002
"2841","WF2","Non-Frozen","Storm","2017-11","5/17/2017 21:45","5/18/2017 15:45",51770,15.92,1.72,14.32,0.1201,5.28,3.84,1.48,0.78,0.91,1.49,1.76,2.21,6.7,291852,2.12861313268369
"2842","WF2","Non-Frozen","Storm","2017-12","5/20/2017 18:15","5/21/2017 3:45",9706,1.085,0.71,13.07,0.05434,0.36,0.24,0.16,0.14,0,0,3.48,3.93,6.7,291852,0.399078985239094
"2843","WF2","Non-Frozen","Storm","2017-13","6/3/2017 6:30","6/3/2017 7:15",103.9,0.111,0.62,0.5,1.24,2.4,2.28,1.22,0.62,0,0,0.13,0.97,6.7,291852,0.00427202828831051
"2844","WF2","Non-Frozen","Storm","2017-14","6/11/2017 14:30","6/11/2017 15:30",62,0.02623,0.39,0.85,0.4588,1.56,1.08,0.62,0.39,0,0,0.01,0.8,6.7,291852,0.00254923728465112
"2845","WF2","Non-Frozen","Storm","2017-15","6/18/2017 4:45","6/18/2017 6:15",273.4,0.14,0.68,2.85,0.2386,0.96,0.78,0.7,0.52,0.29,0.29,1.61,1.62,6.7,291852,0.0112413140907035
"2846","WF2","Non-Frozen","Storm","2017-16","7/1/2017 5:30","7/1/2017 8:00",7091,4.206,1.24,1.35,0.9185,3.48,3,1.78,1.15,0.37,0.37,0.69,2.13,6.7,291852,0.291558735249373
"2847","WF2","Non-Frozen","Storm","2017-17","7/12/2017 7:45","7/12/2017 9:30",31380,17.94,2.27,0.65,3.492,5.52,4.44,4.08,2.27,0,0,0.43,2.26,6.7,291852,1.29024299987665
"2848","WF2","Non-Frozen","Storm","2017-18","8/17/2017 12:30","8/17/2017 15:45",694.7,0.2374,0.49,3.95,0.1241,0.48,0.48,0.32,0.22,1.28,1.3,1.57,4.1,6.7,291852,0.0285637926072119
