"Season","Rep","n","Dropped","Variable_Group","AIC_Dropped","AIC_Full","Delta_AIC","Chisq","P_Value"
"Pre-growing season",1,135,"Tillage_Passes","Agricultural",535.416633698654,534.236423250903,1.18021044775151,3.18021044775156,0.0745351295666429
"Pre-growing season",1,135,"PerennialFrac","Agricultural",532.904782177261,534.236423250903,-1.33164107364144,0.668358926358565,0.413624345681817
"Pre-growing season",1,135,"Residue_Frac","Agricultural",533.148433928624,534.236423250903,-1.08798932227921,0.912010677720787,0.339581489048377
"Pre-growing season",1,135,"MeanSlope_per","Site",536.837583437965,534.236423250903,2.60116018706185,4.60116018706185,0.0319503275720451
"Pre-growing season",1,135,"Hydrologic_Group","Site",540.736080647973,534.236423250903,6.49965739706977,10.4996573970698,0.00524841738376788
"Pre-growing season",1,135,"Tile","Site",536.746463275045,534.236423250903,2.51004002414197,4.51004002414197,0.0336964522214946
"Pre-growing season",2,135,"Tillage_Passes","Agricultural",565.282096741436,567.202628196962,-1.92053145552552,0.07946854447448,0.77801891859589
"Pre-growing season",2,135,"PerennialFrac","Agricultural",565.2786477118,567.202628196962,-1.92398048516247,0.076019514837526,0.782765923948073
"Pre-growing season",2,135,"Residue_Frac","Agricultural",565.314742701546,567.202628196962,-1.88788549541607,0.112114504583928,0.737749525961566
"Pre-growing season",2,135,"MeanSlope_per","Site",566.558916381237,567.202628196962,-0.643711815725169,1.35628818427483,0.244181808932933
"Pre-growing season",2,135,"Hydrologic_Group","Site",577.511688305024,567.202628196962,10.3090601080615,14.3090601080615,0.000781316645719754
"Pre-growing season",2,135,"Tile","Site",569.138877003699,567.202628196962,1.9362488067369,3.9362488067369,0.0472560420231638
"Pre-growing season",3,135,"Tillage_Passes","Agricultural",576.750600822361,575.31176763118,1.43883319118095,3.43883319118095,0.0636806507702396
"Pre-growing season",3,135,"PerennialFrac","Agricultural",573.817325325968,575.31176763118,-1.49444230521237,0.505557694787626,0.477068245361588
"Pre-growing season",3,135,"Residue_Frac","Agricultural",574.83520290433,575.31176763118,-0.476564726850256,1.52343527314974,0.217100373307682
"Pre-growing season",3,135,"MeanSlope_per","Site",573.3119185864,575.31176763118,-1.99984904477958,0.000150955220419746,0.990197130900675
"Pre-growing season",3,135,"Hydrologic_Group","Site",576.491904107664,575.31176763118,1.18013647648411,5.18013647648411,0.0750149210243326
"Pre-growing season",3,135,"Tile","Site",573.561811594493,575.31176763118,-1.74995603668697,0.250043963313033,0.61704412323665
"Pre-growing season",4,135,"Tillage_Passes","Agricultural",528.148268768953,529.536669634278,-1.3884008653248,0.611599134675259,0.434186342251395
"Pre-growing season",4,135,"PerennialFrac","Agricultural",527.892402323173,529.536669634278,-1.64426731110495,0.355732688894989,0.550885795864694
"Pre-growing season",4,135,"Residue_Frac","Agricultural",527.811391995617,529.536669634278,-1.72527763866083,0.274722361339172,0.600181420018514
"Pre-growing season",4,135,"MeanSlope_per","Site",527.994930214936,529.536669634278,-1.54173941934209,0.458260580657907,0.498438016989661
"Pre-growing season",4,135,"Hydrologic_Group","Site",532.88260402245,529.536669634278,3.34593438817171,7.34593438817177,0.0254009883553715
"Pre-growing season",4,135,"Tile","Site",527.626253825119,529.536669634278,-1.91041580915942,0.0895841908405828,0.764706437796516
"Pre-growing season",5,135,"Tillage_Passes","Agricultural",545.667446130857,547.542217200206,-1.87477106934955,0.125228930650451,0.72343106499472
"Pre-growing season",5,135,"PerennialFrac","Agricultural",547.238974972389,547.542217200206,-0.30324222781735,1.69675777218265,0.192712536223413
"Pre-growing season",5,135,"Residue_Frac","Agricultural",546.437734064025,547.542217200206,-1.10448313618167,0.89551686381833,0.343986655849125
"Pre-growing season",5,135,"MeanSlope_per","Site",545.573479984685,547.542217200206,-1.96873721552083,0.0312627844791677,0.85965539401473
"Pre-growing season",5,135,"Hydrologic_Group","Site",561.851880625542,547.542217200206,14.309663425336,18.309663425336,0.000105707817059844
"Pre-growing season",5,135,"Tile","Site",554.31329667313,547.542217200206,6.77107947292359,8.77107947292359,0.00306044268388231
"Pre-growing season",6,135,"Tillage_Passes","Agricultural",516.158599546047,517.880852607115,-1.7222530610677,0.277746938932296,0.598181769523122
"Pre-growing season",6,135,"PerennialFrac","Agricultural",517.781834198461,517.880852607115,-0.0990184086535919,1.90098159134641,0.167968488883791
"Pre-growing season",6,135,"Residue_Frac","Agricultural",517.047083817612,517.880852607115,-0.833768789502983,1.16623121049702,0.28017698065815
"Pre-growing season",6,135,"MeanSlope_per","Site",516.117011243492,517.880852607115,-1.76384136362276,0.23615863637724,0.62699442147602
"Pre-growing season",6,135,"Hydrologic_Group","Site",533.402220453953,517.880852607115,15.521367846838,19.521367846838,5.76751632484809e-05
"Pre-growing season",6,135,"Tile","Site",520.134732158626,517.880852607115,2.25387955151143,4.25387955151143,0.0391607731337191
"Pre-growing season",7,135,"Tillage_Passes","Agricultural",547.982362061879,549.211907514967,-1.22954545308846,0.770454546911537,0.380076471330166
"Pre-growing season",7,135,"PerennialFrac","Agricultural",547.325100790264,549.211907514967,-1.88680672470286,0.113193275297135,0.736537519377675
"Pre-growing season",7,135,"Residue_Frac","Agricultural",547.238954830511,549.211907514967,-1.97295268445578,0.0270473155442232,0.869368497383407
"Pre-growing season",7,135,"MeanSlope_per","Site",549.336973015278,549.211907514967,0.125065500311052,2.12506550031105,0.144906585970595
"Pre-growing season",7,135,"Hydrologic_Group","Site",552.382467257642,549.211907514967,3.17055974267532,7.17055974267532,0.0277289060180856
"Pre-growing season",7,135,"Tile","Site",554.75255467998,549.211907514967,5.5406471650125,7.5406471650125,0.0060322372161721
"Pre-growing season",8,135,"Tillage_Passes","Agricultural",585.205061847571,574.729249340016,10.4758125075552,12.4758125075552,0.000412255300783125
"Pre-growing season",8,135,"PerennialFrac","Agricultural",572.972825307608,574.729249340016,-1.75642403240784,0.243575967592164,0.621635208785255
"Pre-growing season",8,135,"Residue_Frac","Agricultural",573.963546478281,574.729249340016,-0.765702861734894,1.23429713826511,0.266572971765423
"Pre-growing season",8,135,"MeanSlope_per","Site",574.235412477396,574.729249340016,-0.493836862620014,1.50616313737999,0.219725492352139
"Pre-growing season",8,135,"Hydrologic_Group","Site",578.711116932946,574.729249340016,3.98186759292958,7.98186759292958,0.0184824472153165
"Pre-growing season",8,135,"Tile","Site",573.392673976156,574.729249340016,-1.33657536386033,0.663424636139666,0.415353515120792
"Pre-growing season",9,135,"Tillage_Passes","Agricultural",561.269180694277,563.269123135642,-1.99994244136576,5.75586342392853e-05,0.993946714809545
"Pre-growing season",9,135,"PerennialFrac","Agricultural",561.934708818441,563.269123135642,-1.33441431720178,0.665585682798223,0.414594885497605
"Pre-growing season",9,135,"Residue_Frac","Agricultural",565.205917954847,563.269123135642,1.93679481920424,3.93679481920424,0.0472407046337073
"Pre-growing season",9,135,"MeanSlope_per","Site",561.277045976812,563.269123135642,-1.99207715883028,0.00792284116971587,0.929073690185348
"Pre-growing season",9,135,"Hydrologic_Group","Site",567.878227381395,563.269123135642,4.60910424575229,8.60910424575229,0.0135069336338882
"Pre-growing season",9,135,"Tile","Site",562.032201577131,563.269123135642,-1.23692155851188,0.763078441488119,0.382366846005111
"Pre-growing season",10,135,"Tillage_Passes","Agricultural",520.048826179763,514.729409102309,5.31941707745477,7.31941707745472,0.00682135339936999
"Pre-growing season",10,135,"PerennialFrac","Agricultural",513.590809871278,514.729409102309,-1.13859923103053,0.861400768969418,0.353346993058488
"Pre-growing season",10,135,"Residue_Frac","Agricultural",512.867961377959,514.729409102309,-1.86144772434943,0.138552275650511,0.709724508906841
"Pre-growing season",10,135,"MeanSlope_per","Site",513.633559261809,514.729409102309,-1.09584984049945,0.904150159500489,0.341671332928353
"Pre-growing season",10,135,"Hydrologic_Group","Site",511.888190689438,514.729409102309,-2.84121841287106,1.15878158712889,0.560239564172908
"Pre-growing season",10,135,"Tile","Site",513.777672448821,514.729409102309,-0.951736653488069,1.04826334651187,0.305907393016575
"Pre-growing season",11,135,"Tillage_Passes","Agricultural",555.629352024432,557.622584551443,-1.9932325270106,0.00676747298939517,0.934436262632025
"Pre-growing season",11,135,"PerennialFrac","Agricultural",557.553927510213,557.622584551443,-0.068657041229585,1.93134295877041,0.164611593324317
"Pre-growing season",11,135,"Residue_Frac","Agricultural",556.063844649251,557.622584551443,-1.55873990219197,0.441260097808026,0.506514886064331
"Pre-growing season",11,135,"MeanSlope_per","Site",555.645191298298,557.622584551443,-1.9773932531449,0.0226067468551037,0.880484225398542
"Pre-growing season",11,135,"Hydrologic_Group","Site",563.328868533088,557.622584551443,5.70628398164456,9.70628398164456,0.00780381945966211
"Pre-growing season",11,135,"Tile","Site",556.666793261628,557.622584551443,-0.955791289815124,1.04420871018488,0.306844653465157
"Pre-growing season",12,135,"Tillage_Passes","Agricultural",532.971602078355,534.650589684149,-1.67898760579419,0.321012394205752,0.570999867431929
"Pre-growing season",12,135,"PerennialFrac","Agricultural",536.612729560426,534.650589684149,1.96213987627686,3.96213987627686,0.0465345121770127
"Pre-growing season",12,135,"Residue_Frac","Agricultural",533.314002047337,534.650589684149,-1.33658763681183,0.663412363188115,0.415357829375681
"Pre-growing season",12,135,"MeanSlope_per","Site",532.819713241148,534.650589684149,-1.83087644300088,0.169123556999125,0.680891907712005
"Pre-growing season",12,135,"Hydrologic_Group","Site",543.791111606543,534.650589684149,9.1405219223933,13.1405219223933,0.00140143164513411
"Pre-growing season",12,135,"Tile","Site",533.226196692453,534.650589684149,-1.42439299169678,0.575607008303166,0.448039403496372
"Pre-growing season",13,135,"Tillage_Passes","Agricultural",550.297549856733,547.877477903814,2.42007195291956,4.42007195291956,0.035518538601207
"Pre-growing season",13,135,"PerennialFrac","Agricultural",547.732924757861,547.877477903814,-0.144553145952955,1.85544685404705,0.17315121964202
"Pre-growing season",13,135,"Residue_Frac","Agricultural",545.879757141781,547.877477903814,-1.99772076203283,0.00227923796717278,0.961922366875124
"Pre-growing season",13,135,"MeanSlope_per","Site",545.946798940265,547.877477903814,-1.93067896354819,0.0693210364518109,0.792327926793086
"Pre-growing season",13,135,"Hydrologic_Group","Site",551.154908533413,547.877477903814,3.27743062959951,7.27743062959951,0.0262860916363775
"Pre-growing season",13,135,"Tile","Site",548.485777668878,547.877477903814,0.608299765064544,2.60829976506454,0.106305682351372
"Pre-growing season",14,135,"Tillage_Passes","Agricultural",560.943709190763,557.886546130891,3.05716305987198,5.05716305987198,0.0245243513453022
"Pre-growing season",14,135,"PerennialFrac","Agricultural",555.893769937089,557.886546130891,-1.99277619380234,0.00722380619765772,0.93226697377657
"Pre-growing season",14,135,"Residue_Frac","Agricultural",557.912207934136,557.886546130891,0.0256618032449296,2.02566180324493,0.154661533408529
"Pre-growing season",14,135,"MeanSlope_per","Site",557.967522299295,557.886546130891,0.0809761684034811,2.08097616840348,0.149144769376418
"Pre-growing season",14,135,"Hydrologic_Group","Site",561.403986501965,557.886546130891,3.5174403710738,7.5174403710738,0.0233135583192321
"Pre-growing season",14,135,"Tile","Site",557.883123403474,557.886546130891,-0.00342272741761462,1.99657727258239,0.157654863387982
"Pre-growing season",15,135,"Tillage_Passes","Agricultural",554.912770463233,553.800430202909,1.11234026032344,3.11234026032344,0.07770124058203
"Pre-growing season",15,135,"PerennialFrac","Agricultural",551.830603103055,553.800430202909,-1.96982709985411,0.0301729001458853,0.862098499787112
"Pre-growing season",15,135,"Residue_Frac","Agricultural",552.053615598048,553.800430202909,-1.74681460486124,0.253185395138757,0.61484102024811
"Pre-growing season",15,135,"MeanSlope_per","Site",551.849914558118,553.800430202909,-1.95051564479104,0.0494843552089606,0.823962975238834
"Pre-growing season",15,135,"Hydrologic_Group","Site",557.156744055926,553.800430202909,3.35631385301701,7.35631385301701,0.0252695054980665
"Pre-growing season",15,135,"Tile","Site",552.621700575091,553.800430202909,-1.17872962781792,0.821270372182084,0.36480900053409
"Pre-growing season",16,135,"Tillage_Passes","Agricultural",570.264570180892,570.079219537815,0.1853506430773,2.1853506430773,0.139329329845636
"Pre-growing season",16,135,"PerennialFrac","Agricultural",571.405974054945,570.079219537815,1.32675451712987,3.32675451712987,0.0681612516114736
"Pre-growing season",16,135,"Residue_Frac","Agricultural",569.601611777447,570.079219537815,-0.477607760367619,1.52239223963238,0.217257834731018
"Pre-growing season",16,135,"MeanSlope_per","Site",574.340245538888,570.079219537815,4.26102600107322,6.26102600107322,0.0123422704731849
"Pre-growing season",16,135,"Hydrologic_Group","Site",572.30424916028,570.079219537815,2.22502962246563,6.22502962246563,0.0444889332730053
"Pre-growing season",16,135,"Tile","Site",574.131536202727,570.079219537815,4.0523166649125,6.0523166649125,0.0138880637444427
"Pre-growing season",17,135,"Tillage_Passes","Agricultural",565.996997089621,566.372263091842,-0.375266002220883,1.62473399777912,0.202432960578563
"Pre-growing season",17,135,"PerennialFrac","Agricultural",566.014307678568,566.372263091842,-0.357955413274567,1.64204458672543,0.2000451733819
"Pre-growing season",17,135,"Residue_Frac","Agricultural",564.37275158033,566.372263091842,-1.99951151151265,0.000488488487349059,0.98236677005078
"Pre-growing season",17,135,"MeanSlope_per","Site",569.139806931138,566.372263091842,2.76754383929585,4.76754383929585,0.0290011721166576
"Pre-growing season",17,135,"Hydrologic_Group","Site",567.561821631661,566.372263091842,1.18955853981902,5.18955853981902,0.0746623544839898
"Pre-growing season",17,135,"Tile","Site",569.447514775682,566.372263091842,3.07525168383961,5.07525168383961,0.0242697484137863
"Pre-growing season",18,135,"Tillage_Passes","Agricultural",577.47584865415,578.629268966053,-1.1534203119038,0.846579688096199,0.357521731579196
"Pre-growing season",18,135,"PerennialFrac","Agricultural",577.847399567827,578.629268966053,-0.781869398226149,1.21813060177385,0.269727834380965
"Pre-growing season",18,135,"Residue_Frac","Agricultural",577.267639116291,578.629268966053,-1.36162984976261,0.638370150237392,0.424301606284354
"Pre-growing season",18,135,"MeanSlope_per","Site",576.816655850693,578.629268966053,-1.81261311535991,0.187386884640091,0.665100448108923
"Pre-growing season",18,135,"Hydrologic_Group","Site",595.14551131158,578.629268966053,16.5162423455265,20.5162423455265,3.50715193020948e-05
"Pre-growing season",18,135,"Tile","Site",577.417306432292,578.629268966053,-1.21196253376183,0.788037466238166,0.374694213046824
"Pre-growing season",19,135,"Tillage_Passes","Agricultural",574.494057500909,571.918977042444,2.5750804584643,4.5750804584643,0.0324402224756237
"Pre-growing season",19,135,"PerennialFrac","Agricultural",575.365744950806,571.918977042444,3.44676790836161,5.44676790836161,0.0196045642243545
"Pre-growing season",19,135,"Residue_Frac","Agricultural",572.619411417161,571.918977042444,0.70043437471702,2.70043437471702,0.100320910740498
"Pre-growing season",19,135,"MeanSlope_per","Site",570.196187264951,571.918977042444,-1.72278977749352,0.277210222506483,0.598535592941162
"Pre-growing season",19,135,"Hydrologic_Group","Site",575.280637965437,571.918977042444,3.36166092299243,7.36166092299243,0.0252020368211172
"Pre-growing season",19,135,"Tile","Site",572.369874662913,571.918977042444,0.450897620468254,2.45089762046825,0.117457683176402
"Pre-growing season",20,135,"Tillage_Passes","Agricultural",557.904419620087,559.859644317158,-1.95522469707157,0.0447753029284286,0.832417739657324
"Pre-growing season",20,135,"PerennialFrac","Agricultural",557.982366292094,559.859644317158,-1.87727802506424,0.122721974935757,0.726100835838142
"Pre-growing season",20,135,"Residue_Frac","Agricultural",558.379162612318,559.859644317158,-1.48048170483992,0.519518295160083,0.471047235907548
"Pre-growing season",20,135,"MeanSlope_per","Site",562.209905230065,559.859644317158,2.35026091290672,4.35026091290672,0.0370032768061293
"Pre-growing season",20,135,"Hydrologic_Group","Site",569.601091693415,559.859644317158,9.74144737625647,13.7414473762565,0.00103772580296458
"Pre-growing season",20,135,"Tile","Site",562.777572876964,559.859644317158,2.91792855980611,4.91792855980611,0.0265793668736034
"Pre-growing season",21,135,"Tillage_Passes","Agricultural",548.502566272065,547.886075861081,0.616490410983943,2.61649041098394,0.10575811811858
"Pre-growing season",21,135,"PerennialFrac","Agricultural",546.610736982773,547.886075861081,-1.27533887830816,0.724661121691838,0.394619219826591
"Pre-growing season",21,135,"Residue_Frac","Agricultural",546.752179202818,547.886075861081,-1.13389665826287,0.86610334173713,0.352036331983076
"Pre-growing season",21,135,"MeanSlope_per","Site",545.886496355117,547.886075861081,-1.99957950596433,0.000420494035665797,0.983639764684131
"Pre-growing season",21,135,"Hydrologic_Group","Site",555.841956333907,547.886075861081,7.95588047282581,11.9558804728258,0.00253404044466126
"Pre-growing season",21,135,"Tile","Site",550.757309754311,547.886075861081,2.87123389322937,4.87123389322937,0.0273079680951851
"Pre-growing season",22,135,"Tillage_Passes","Agricultural",528.442302020074,529.631593133828,-1.18929111375405,0.810708886245948,0.36791075124029
"Pre-growing season",22,135,"PerennialFrac","Agricultural",528.295354901969,529.631593133828,-1.33623823185826,0.663761768141796,0.415235030589761
"Pre-growing season",22,135,"Residue_Frac","Agricultural",528.460225170928,529.631593133828,-1.17136796289947,0.828632037100647,0.3626683882006
"Pre-growing season",22,135,"MeanSlope_per","Site",527.902068732521,529.631593133828,-1.72952440130632,0.270475598693736,0.60301291501759
"Pre-growing season",22,135,"Hydrologic_Group","Site",528.618581606337,529.631593133828,-1.01301152749113,2.98698847250893,0.224586524499346
"Pre-growing season",22,135,"Tile","Site",533.255716042291,529.631593133828,3.62412290846328,5.62412290846333,0.0177149282340781
"Pre-growing season",23,135,"Tillage_Passes","Agricultural",559.026284453457,559.59555426972,-0.569269816263272,1.43073018373673,0.231645309085566
"Pre-growing season",23,135,"PerennialFrac","Agricultural",559.651921254856,559.59555426972,0.0563669851352415,2.05636698513524,0.151571169819119
"Pre-growing season",23,135,"Residue_Frac","Agricultural",561.205686520005,559.59555426972,1.61013225028512,3.61013225028512,0.0574285526089297
"Pre-growing season",23,135,"MeanSlope_per","Site",558.416540084691,559.59555426972,-1.17901418502913,0.820985814970868,0.364892094312809
"Pre-growing season",23,135,"Hydrologic_Group","Site",568.867777970411,559.59555426972,9.27222370069092,13.2722237006909,0.00131211905380787
"Pre-growing season",23,135,"Tile","Site",561.438870654855,559.59555426972,1.84331638513481,3.84331638513481,0.0499446408352848
"Pre-growing season",24,135,"Tillage_Passes","Agricultural",561.756173627345,559.470058209288,2.28611541805753,4.28611541805753,0.0384248624480483
"Pre-growing season",24,135,"PerennialFrac","Agricultural",560.249445923167,559.470058209288,0.779387713879373,2.77938771387937,0.09548466601972
"Pre-growing season",24,135,"Residue_Frac","Agricultural",559.778769113536,559.470058209288,0.308710904248528,2.30871090424853,0.128650704645751
"Pre-growing season",24,135,"MeanSlope_per","Site",558.324946162801,559.470058209288,-1.1451120464867,0.854887953513298,0.355173226966329
"Pre-growing season",24,135,"Hydrologic_Group","Site",567.723577176944,559.470058209288,8.25351896765676,12.2535189676568,0.00218364564695
"Pre-growing season",24,135,"Tile","Site",559.062529970851,559.470058209288,-0.407528238436271,1.59247176156373,0.2069733432454
"Pre-growing season",25,135,"Tillage_Passes","Agricultural",545.979828744542,546.844581936899,-0.864753192356488,1.13524680764351,0.286658946074753
"Pre-growing season",25,135,"PerennialFrac","Agricultural",546.706142203295,546.844581936899,-0.138439733603946,1.86156026639605,0.172444831118956
"Pre-growing season",25,135,"Residue_Frac","Agricultural",546.9178583237,546.844581936899,0.0732763868010124,2.07327638680101,0.14989919337567
"Pre-growing season",25,135,"MeanSlope_per","Site",545.157494704749,546.844581936899,-1.68708723214945,0.312912767850548,0.575898270695886
"Pre-growing season",25,135,"Hydrologic_Group","Site",547.405985226661,546.844581936899,0.561403289762097,4.5614032897621,0.102212464697137
"Pre-growing season",25,135,"Tile","Site",548.155577891332,546.844581936899,1.31099595443288,3.31099595443288,0.0688177727475619
"Pre-growing season",26,135,"Tillage_Passes","Agricultural",563.615006616509,564.943401208893,-1.3283945923838,0.671605407616198,0.412492448251832
"Pre-growing season",26,135,"PerennialFrac","Agricultural",563.23153739726,564.943401208893,-1.7118638116325,0.288136188367503,0.59141738752136
"Pre-growing season",26,135,"Residue_Frac","Agricultural",564.839182805421,564.943401208893,-0.104218403472032,1.89578159652797,0.168551253597041
"Pre-growing season",26,135,"MeanSlope_per","Site",562.987014169984,564.943401208893,-1.95638703890882,0.0436129610911848,0.834575358216149
"Pre-growing season",26,135,"Hydrologic_Group","Site",568.691087470839,564.943401208893,3.74768626194566,7.74768626194566,0.0207783618179644
"Pre-growing season",26,135,"Tile","Site",566.307034031852,564.943401208893,1.36363282295895,3.36363282295895,0.0666508852701568
"Pre-growing season",27,135,"Tillage_Passes","Agricultural",587.491826234322,581.727610327852,5.76421590646919,7.76421590646919,0.00532914256338671
"Pre-growing season",27,135,"PerennialFrac","Agricultural",579.959338079886,581.727610327852,-1.76827224796648,0.231727752033521,0.630245675254006
"Pre-growing season",27,135,"Residue_Frac","Agricultural",582.380256037897,581.727610327852,0.652645710044908,2.65264571004491,0.10337771184413
"Pre-growing season",27,135,"MeanSlope_per","Site",581.050597872829,581.727610327852,-0.677012455022918,1.32298754497708,0.250056582834007
"Pre-growing season",27,135,"Hydrologic_Group","Site",585.262072018548,581.727610327852,3.53446169069605,7.53446169069605,0.023115986481272
"Pre-growing season",27,135,"Tile","Site",580.494159099515,581.727610327852,-1.23345122833746,0.766548771662542,0.381286839500221
"Pre-growing season",28,135,"Tillage_Passes","Agricultural",557.048177905173,556.680877354903,0.367300550269761,2.36730055026976,0.123901137858833
"Pre-growing season",28,135,"PerennialFrac","Agricultural",556.523669556598,556.680877354903,-0.157207798305649,1.84279220169435,0.174624036451054
"Pre-growing season",28,135,"Residue_Frac","Agricultural",555.978103273272,556.680877354903,-0.702774081631787,1.29722591836821,0.254720563908807
"Pre-growing season",28,135,"MeanSlope_per","Site",554.889485904242,556.680877354903,-1.79139145066142,0.208608549338578,0.647860201460246
"Pre-growing season",28,135,"Hydrologic_Group","Site",563.983541531888,556.680877354903,7.30266417698454,11.3026641769845,0.00351283425075559
"Pre-growing season",28,135,"Tile","Site",560.485738626982,556.680877354903,3.80486127207882,5.80486127207882,0.0159819286141494
"Pre-growing season",29,135,"Tillage_Passes","Agricultural",532.239804541066,532.449925383448,-0.210120842381912,1.78987915761797,0.180940887062331
"Pre-growing season",29,135,"PerennialFrac","Agricultural",530.495240004489,532.449925383448,-1.95468537895886,0.0453146210410296,0.831426559554107
"Pre-growing season",29,135,"Residue_Frac","Agricultural",530.84254516127,532.449925383448,-1.60738022217788,0.392619777822006,0.530925539935218
"Pre-growing season",29,135,"MeanSlope_per","Site",530.966919641851,532.449925383448,-1.48300574159703,0.516994258402917,0.472126669668091
"Pre-growing season",29,135,"Hydrologic_Group","Site",534.149503041547,532.449925383448,1.69957765809932,5.69957765809926,0.0578565372048728
"Pre-growing season",29,135,"Tile","Site",533.477435605764,532.449925383448,1.02751022231541,3.0275102223153,0.081863548051461
"Pre-growing season",30,135,"Tillage_Passes","Agricultural",533.819234213842,526.656211306754,7.16302290708882,9.16302290708887,0.00246954293059688
"Pre-growing season",30,135,"PerennialFrac","Agricultural",527.801554598577,526.656211306754,1.14534329182334,3.14534329182334,0.0761439762841975
"Pre-growing season",30,135,"Residue_Frac","Agricultural",526.893535293596,526.656211306754,0.237323986842739,2.23732398684274,0.134713942018557
"Pre-growing season",30,135,"MeanSlope_per","Site",524.743741861165,526.656211306754,-1.91246944558895,0.0875305544110461,0.767340336227838
"Pre-growing season",30,135,"Hydrologic_Group","Site",532.817804399636,526.656211306754,6.1615930928823,10.1615930928823,0.00621495654225115
"Pre-growing season",30,135,"Tile","Site",534.757477087732,526.656211306754,8.10126578097834,10.1012657809783,0.00148167519163272
"Pre-growing season",31,135,"Tillage_Passes","Agricultural",603.870753925143,605.836162917618,-1.96540899247498,0.0345910075250231,0.852455286200075
"Pre-growing season",31,135,"PerennialFrac","Agricultural",603.868379560334,605.836162917618,-1.96778335728482,0.0322166427151842,0.857553006694534
"Pre-growing season",31,135,"Residue_Frac","Agricultural",603.852894490816,605.836162917618,-1.98326842680194,0.016731573198058,0.897080248518852
"Pre-growing season",31,135,"MeanSlope_per","Site",603.870358498289,605.836162917618,-1.9658044193294,0.0341955806705982,0.85329141419789
"Pre-growing season",31,135,"Hydrologic_Group","Site",603.064174815728,605.836162917618,-2.77198810189066,1.22801189810934,0.541178587104624
"Pre-growing season",31,135,"Tile","Site",603.952233128583,605.836162917618,-1.88392978903562,0.116070210964381,0.733336376629781
"Pre-growing season",32,135,"Tillage_Passes","Agricultural",571.200994160717,567.979888252208,3.22110590850889,5.22110590850889,0.0223143558376962
"Pre-growing season",32,135,"PerennialFrac","Agricultural",567.228013059115,567.979888252208,-0.751875193093838,1.24812480690616,0.263910931430496
"Pre-growing season",32,135,"Residue_Frac","Agricultural",565.98836204149,567.979888252208,-1.99152621071812,0.00847378928187936,0.926655781630143
"Pre-growing season",32,135,"MeanSlope_per","Site",565.980883912376,567.979888252208,-1.9990043398326,0.000995660167404822,0.974827661425934
"Pre-growing season",32,135,"Hydrologic_Group","Site",574.735858066427,567.979888252208,6.75596981421836,10.7559698142184,0.0046171164807525
"Pre-growing season",32,135,"Tile","Site",568.131691110388,567.979888252208,0.151802858179735,2.15180285817974,0.142402588362574
"Pre-growing season",33,135,"Tillage_Passes","Agricultural",548.136908024416,550.086051815735,-1.94914379131876,0.050856208681239,0.82158004855985
"Pre-growing season",33,135,"PerennialFrac","Agricultural",549.528104849776,550.086051815735,-0.557946965958536,1.44205303404146,0.229807403667952
"Pre-growing season",33,135,"Residue_Frac","Agricultural",548.923209316932,550.086051815735,-1.16284249880277,0.837157501197225,0.360210994347714
"Pre-growing season",33,135,"MeanSlope_per","Site",550.834180558732,550.086051815735,0.748128742996983,2.74812874299698,0.0973683220441094
"Pre-growing season",33,135,"Hydrologic_Group","Site",557.717823442003,550.086051815735,7.63177162626846,11.6317716262685,0.00297983957700337
"Pre-growing season",33,135,"Tile","Site",550.228254539561,550.086051815735,0.142202723826017,2.14220272382602,0.143296009897892
"Pre-growing season",34,135,"Tillage_Passes","Agricultural",546.062315826527,546.036699080051,0.0256167464760892,2.02561674647609,0.154666120390947
"Pre-growing season",34,135,"PerennialFrac","Agricultural",545.65411806863,546.036699080051,-0.382581011420825,1.61741898857917,0.203452048648671
"Pre-growing season",34,135,"Residue_Frac","Agricultural",544.184747949472,546.036699080051,-1.85195113057875,0.148048869421245,0.700406945172828
"Pre-growing season",34,135,"MeanSlope_per","Site",545.435667981322,546.036699080051,-0.601031098728868,1.39896890127113,0.236896286454498
"Pre-growing season",34,135,"Hydrologic_Group","Site",544.748970241807,546.036699080051,-1.28772883824445,2.71227116175555,0.257654540691018
"Pre-growing season",34,135,"Tile","Site",544.597368062468,546.036699080051,-1.43933101758296,0.560668982417042,0.453990824924767
"Pre-growing season",35,135,"Tillage_Passes","Agricultural",559.325716623155,557.456757682252,1.86895894090298,3.86895894090298,0.0491870223317517
"Pre-growing season",35,135,"PerennialFrac","Agricultural",555.829453423195,557.456757682252,-1.62730425905681,0.372695740943186,0.541538512709726
"Pre-growing season",35,135,"Residue_Frac","Agricultural",555.511453971245,557.456757682252,-1.94530371100677,0.0546962889932274,0.815084058074735
"Pre-growing season",35,135,"MeanSlope_per","Site",555.456764596535,557.456757682252,-1.99999308571671,6.91428328991606e-06,0.997901962986718
"Pre-growing season",35,135,"Hydrologic_Group","Site",563.842147844173,557.456757682252,6.38539016192101,10.385390161921,0.00555701002330246
"Pre-growing season",35,135,"Tile","Site",557.42082005917,557.456757682252,-0.0359376230818498,1.96406237691815,0.161079520135175
"Pre-growing season",36,135,"Tillage_Passes","Agricultural",562.126426633996,564.025799128173,-1.8993724941771,0.100627505822899,0.751077898129385
"Pre-growing season",36,135,"PerennialFrac","Agricultural",562.430612357363,564.025799128173,-1.59518677081076,0.404813229189244,0.524613915305896
"Pre-growing season",36,135,"Residue_Frac","Agricultural",562.21774026301,564.025799128173,-1.80805886516362,0.191941134836384,0.661305914706519
"Pre-growing season",36,135,"MeanSlope_per","Site",562.392629802178,564.025799128173,-1.63316932599525,0.366830674004746,0.544736910987355
"Pre-growing season",36,135,"Hydrologic_Group","Site",566.312866214467,564.025799128173,2.28706708629329,6.28706708629329,0.0431301261630142
"Pre-growing season",36,135,"Tile","Site",562.509252212944,564.025799128173,-1.51654691522936,0.483453084770645,0.486862360425884
"Pre-growing season",37,135,"Tillage_Passes","Agricultural",561.740092848648,563.22297069408,-1.48287784543163,0.517122154568369,0.472071877295034
"Pre-growing season",37,135,"PerennialFrac","Agricultural",563.069863005411,563.22297069408,-0.153107688668342,1.84689231133166,0.174145269971003
"Pre-growing season",37,135,"Residue_Frac","Agricultural",562.503857687022,563.22297069408,-0.719113007057445,1.28088699294256,0.257734179100291
"Pre-growing season",37,135,"MeanSlope_per","Site",561.388810303298,563.22297069408,-1.83416039078156,0.165839609218438,0.683836061322863
"Pre-growing season",37,135,"Hydrologic_Group","Site",564.49117081383,563.22297069408,1.2682001197503,5.2682001197503,0.0717835412379064
"Pre-growing season",37,135,"Tile","Site",563.482427794926,563.22297069408,0.259457100846475,2.25945710084648,0.132800609682878
"Pre-growing season",38,135,"Tillage_Passes","Agricultural",569.834131185284,571.818010972318,-1.9838797870334,0.016120212966598,0.898967783147785
"Pre-growing season",38,135,"PerennialFrac","Agricultural",569.82789147195,571.818010972318,-1.9901195003672,0.00988049963279991,0.920820125111855
"Pre-growing season",38,135,"Residue_Frac","Agricultural",570.747039042937,571.818010972318,-1.07097192938045,0.929028070619552,0.335115607727732
"Pre-growing season",38,135,"MeanSlope_per","Site",571.949836668293,571.818010972318,0.131825695975635,2.13182569597564,0.144268832980307
"Pre-growing season",38,135,"Hydrologic_Group","Site",576.488970321276,571.818010972318,4.67095934895883,8.67095934895883,0.0130955909454148
"Pre-growing season",38,135,"Tile","Site",573.626045750741,571.818010972318,1.80803477842301,3.80803477842301,0.0510072637649993
"Pre-growing season",39,135,"Tillage_Passes","Agricultural",555.529965059482,557.508328793043,-1.97836373356097,0.0216362664390317,0.883058840906848
"Pre-growing season",39,135,"PerennialFrac","Agricultural",558.263632798851,557.508328793043,0.755304005807943,2.75530400580794,0.0969323898730614
"Pre-growing season",39,135,"Residue_Frac","Agricultural",559.608307530168,557.508328793043,2.09997873712496,4.09997873712496,0.0428837528384371
"Pre-growing season",39,135,"MeanSlope_per","Site",557.091826631654,557.508328793043,-0.416502161388735,1.58349783861127,0.208257576673688
"Pre-growing season",39,135,"Hydrologic_Group","Site",569.101002700178,557.508328793043,11.592673907135,15.592673907135,0.00041123860948569
"Pre-growing season",39,135,"Tile","Site",563.85321110891,557.508328793043,6.34488231586738,8.34488231586738,0.0038677521571982
"Pre-growing season",40,135,"Tillage_Passes","Agricultural",546.355228104889,547.769145832592,-1.41391772770351,0.586082272296494,0.443938091028336
"Pre-growing season",40,135,"PerennialFrac","Agricultural",546.525758781774,547.769145832592,-1.24338705081891,0.75661294918109,0.384390574443344
"Pre-growing season",40,135,"Residue_Frac","Agricultural",548.777591388839,547.769145832592,1.0084455562461,3.0084455562461,0.0828316897932099
"Pre-growing season",40,135,"MeanSlope_per","Site",546.684257713874,547.769145832592,-1.08488811871871,0.915111881281291,0.33876171440383
"Pre-growing season",40,135,"Hydrologic_Group","Site",548.500609316837,547.769145832592,0.731463484244955,4.73146348424495,0.093880578854302
"Pre-growing season",40,135,"Tile","Site",547.005973073791,547.769145832592,-0.763172758801147,1.23682724119885,0.266083399097986
"Pre-growing season",41,135,"Tillage_Passes","Agricultural",559.694475999642,556.864562827616,2.82991317202664,4.82991317202664,0.0279700392190812
"Pre-growing season",41,135,"PerennialFrac","Agricultural",556.193146802074,556.864562827616,-0.671416025541475,1.32858397445852,0.249057286477293
"Pre-growing season",41,135,"Residue_Frac","Agricultural",556.388799131919,556.864562827616,-0.475763695696401,1.5242363043036,0.216979538053051
"Pre-growing season",41,135,"MeanSlope_per","Site",556.18773726295,556.864562827616,-0.676825564665592,1.32317443533441,0.250023132507635
"Pre-growing season",41,135,"Hydrologic_Group","Site",559.392714091103,556.864562827616,2.52815126348742,6.52815126348742,0.0382322594418013
"Pre-growing season",41,135,"Tile","Site",559.90466440032,556.864562827616,3.04010157270386,5.04010157270386,0.0247670377756527
"Pre-growing season",42,135,"Tillage_Passes","Agricultural",532.438399726397,534.064677442155,-1.62627771575796,0.373722284242035,0.54098226260945
"Pre-growing season",42,135,"PerennialFrac","Agricultural",532.80929243799,534.064677442155,-1.25538500416496,0.744614995835036,0.388186529075755
"Pre-growing season",42,135,"Residue_Frac","Agricultural",533.901755949862,534.064677442155,-0.162921492293322,1.83707850770668,0.175293750352346
"Pre-growing season",42,135,"MeanSlope_per","Site",535.855683910096,534.064677442155,1.79100646794052,3.79100646794046,0.0515286554219795
"Pre-growing season",42,135,"Hydrologic_Group","Site",547.020435710279,534.064677442155,12.9557582681239,16.9557582681239,0.000208019416500007
"Pre-growing season",42,135,"Tile","Site",538.546137094055,534.064677442155,4.4814596518994,6.4814596518994,0.0109005431740236
"Pre-growing season",43,135,"Tillage_Passes","Agricultural",539.887051198322,541.821683377899,-1.93463217957674,0.0653678204232619,0.798204647794571
"Pre-growing season",43,135,"PerennialFrac","Agricultural",539.865749626596,541.821683377899,-1.95593375130295,0.0440662486970496,0.83373040543538
"Pre-growing season",43,135,"Residue_Frac","Agricultural",539.948470675997,541.821683377899,-1.87321270190159,0.126787298098407,0.721786615180509
"Pre-growing season",43,135,"MeanSlope_per","Site",540.491572568646,541.821683377899,-1.33011080925257,0.669889190747426,0.413090242844574
"Pre-growing season",43,135,"Hydrologic_Group","Site",547.09018674963,541.821683377899,5.2685033717313,9.2685033717313,0.00971337297369791
"Pre-growing season",43,135,"Tile","Site",543.429402432771,541.821683377899,1.60771905487229,3.60771905487229,0.0575119486410728
"Pre-growing season",44,135,"Tillage_Passes","Agricultural",550.083121685072,550.343945897786,-0.260824212713942,1.73917578728606,0.187243293828417
"Pre-growing season",44,135,"PerennialFrac","Agricultural",548.522843757174,550.343945897786,-1.82110214061208,0.178897859387916,0.672322118533374
"Pre-growing season",44,135,"Residue_Frac","Agricultural",550.488197803901,550.343945897786,0.144251906114278,2.14425190611428,0.143104777842714
"Pre-growing season",44,135,"MeanSlope_per","Site",550.582817249808,550.343945897786,0.238871352021761,2.23887135202176,0.134579180262688
"Pre-growing season",44,135,"Hydrologic_Group","Site",556.32506822777,550.343945897786,5.98112232998335,9.98112232998335,0.0068018464629448
"Pre-growing season",44,135,"Tile","Site",553.556189858714,550.343945897786,3.21224396092714,5.21224396092714,0.0224283693478494
"Pre-growing season",45,135,"Tillage_Passes","Agricultural",527.55415041902,527.113471936469,0.440678482550993,2.44067848255099,0.118225079801851
"Pre-growing season",45,135,"PerennialFrac","Agricultural",527.348490050184,527.113471936469,0.235018113715341,2.2350181137154,0.134915043212791
"Pre-growing season",45,135,"Residue_Frac","Agricultural",529.088150111638,527.113471936469,1.9746781751694,3.9746781751694,0.0461892789369756
"Pre-growing season",45,135,"MeanSlope_per","Site",526.814135148745,527.113471936469,-0.299336787724314,1.70066321227569,0.192201266250723
"Pre-growing season",45,135,"Hydrologic_Group","Site",536.151303584257,527.113471936469,9.03783164778747,13.0378316477875,0.0014752676855996
"Pre-growing season",45,135,"Tile","Site",525.285989992279,527.113471936469,-1.82748194419037,0.172518055809689,0.677883559540939
"Pre-growing season",46,135,"Tillage_Passes","Agricultural",573.882854244676,575.807703547419,-1.92484930274304,0.0751506972569587,0.783979897827983
"Pre-growing season",46,135,"PerennialFrac","Agricultural",573.807709114703,575.807703547419,-1.99999443271611,5.56728389256023e-06,0.998117385746594
"Pre-growing season",46,135,"Residue_Frac","Agricultural",573.898412817282,575.807703547419,-1.90929073013729,0.0907092698627139,0.763277394996402
"Pre-growing season",46,135,"MeanSlope_per","Site",575.544444164501,575.807703547419,-0.263259382918136,1.73674061708186,0.187552342569766
"Pre-growing season",46,135,"Hydrologic_Group","Site",575.867078515342,575.807703547419,0.0593749679233042,4.0593749679233,0.13137657201945
"Pre-growing season",46,135,"Tile","Site",573.818502831261,575.807703547419,-1.98920071615839,0.0107992838416067,0.917233150565438
"Pre-growing season",47,135,"Tillage_Passes","Agricultural",570.896291188935,571.592869173326,-0.69657798439107,1.30342201560893,0.25358909794504
"Pre-growing season",47,135,"PerennialFrac","Agricultural",569.649550839038,571.592869173326,-1.94331833428885,0.0566816657111531,0.81181973171947
"Pre-growing season",47,135,"Residue_Frac","Agricultural",569.675343040839,571.592869173326,-1.91752613248707,0.0824738675129311,0.773972479598803
"Pre-growing season",47,135,"MeanSlope_per","Site",571.537740341612,571.592869173326,-0.0551288317149101,1.94487116828509,0.163140604929808
"Pre-growing season",47,135,"Hydrologic_Group","Site",570.331869241691,571.592869173326,-1.26099993163518,2.73900006836482,0.254234036110909
"Pre-growing season",47,135,"Tile","Site",569.648687327425,571.592869173326,-1.94418184590165,0.0558181540983469,0.813231964024164
"Pre-growing season",48,135,"Tillage_Passes","Agricultural",531.496167768077,530.341475103264,1.15469266481307,3.15469266481313,0.0757089464028114
"Pre-growing season",48,135,"PerennialFrac","Agricultural",528.358075318615,530.341475103264,-1.98339978464901,0.0166002153509908,0.897482811352128
"Pre-growing season",48,135,"Residue_Frac","Agricultural",528.636854015205,530.341475103264,-1.70462108805896,0.295378911941043,0.58679403716516
"Pre-growing season",48,135,"MeanSlope_per","Site",531.963656779888,530.341475103264,1.62218167662343,3.62218167662348,0.0570140612667084
"Pre-growing season",48,135,"Hydrologic_Group","Site",534.963333559595,530.341475103264,4.62185845633132,8.62185845633132,0.0134210725595014
"Pre-growing season",48,135,"Tile","Site",530.04885493848,530.341475103264,-0.292620164783898,1.70737983521616,0.191325676683407
"Pre-growing season",49,135,"Tillage_Passes","Agricultural",558.841110207541,560.465373904573,-1.62426369703155,0.375736302968448,0.539893974650535
"Pre-growing season",49,135,"PerennialFrac","Agricultural",558.621320086694,560.465373904573,-1.84405381787849,0.155946182121511,0.692916529150817
"Pre-growing season",49,135,"Residue_Frac","Agricultural",559.268352206457,560.465373904573,-1.19702169811546,0.802978301884536,0.370204395382044
"Pre-growing season",49,135,"MeanSlope_per","Site",558.532178683511,560.465373904573,-1.93319522106174,0.0668047789382626,0.796047127798164
"Pre-growing season",49,135,"Hydrologic_Group","Site",567.370714386314,560.465373904573,6.90534048174175,10.9053404817417,0.00428484782547579
"Pre-growing season",49,135,"Tile","Site",558.630066824342,560.465373904573,-1.83530708023011,0.164692919769891,0.684872103401693
"Pre-growing season",50,135,"Tillage_Passes","Agricultural",561.379293445501,558.532105650639,2.84718779486252,4.84718779486252,0.0276912440816426
"Pre-growing season",50,135,"PerennialFrac","Agricultural",556.808080767865,558.532105650639,-1.72402488277316,0.275975117226835,0.599351484994276
"Pre-growing season",50,135,"Residue_Frac","Agricultural",556.904995538147,558.532105650639,-1.62711011249121,0.372889887508791,0.541433230477192
"Pre-growing season",50,135,"MeanSlope_per","Site",558.908711052243,558.532105650639,0.376605401604365,2.37660540160437,0.123164923381331
"Pre-growing season",50,135,"Hydrologic_Group","Site",563.302725468015,558.532105650639,4.77061981737597,8.77061981737597,0.0124590263754496
"Pre-growing season",50,135,"Tile","Site",562.994501581896,558.532105650639,4.46239593125722,6.46239593125722,0.0110180983905833
"Pre-growing season",51,135,"Tillage_Passes","Agricultural",524.90408557343,526.497422346336,-1.59333677290658,0.406663227093418,0.523667996684191
"Pre-growing season",51,135,"PerennialFrac","Agricultural",524.69081324638,526.497422346336,-1.80660909995629,0.19339090004371,0.660109259151409
"Pre-growing season",51,135,"Residue_Frac","Agricultural",524.669839834348,526.497422346336,-1.82758251198788,0.172417488012059,0.677972186150031
"Pre-growing season",51,135,"MeanSlope_per","Site",525.406029257087,526.497422346336,-1.09139308924875,0.908606910751246,0.340484316654933
"Pre-growing season",51,135,"Hydrologic_Group","Site",536.579906159909,526.497422346336,10.0824838135732,14.0824838135732,0.000875039170094283
"Pre-growing season",51,135,"Tile","Site",528.076475375493,526.497422346336,1.57905302915685,3.57905302915685,0.0585124977262796
"Pre-growing season",52,135,"Tillage_Passes","Agricultural",533.658304034808,534.776642845887,-1.11833881107862,0.881661188921441,0.347747096557726
"Pre-growing season",52,135,"PerennialFrac","Agricultural",534.411145246551,534.776642845887,-0.365497599336095,1.63450240066396,0.201081432572994
"Pre-growing season",52,135,"Residue_Frac","Agricultural",535.74413682512,534.776642845887,0.967493979233268,2.96749397923332,0.0849533626494515
"Pre-growing season",52,135,"MeanSlope_per","Site",534.095406680601,534.776642845887,-0.681236165285554,1.31876383471445,0.250814024237674
"Pre-growing season",52,135,"Hydrologic_Group","Site",537.807940581003,534.776642845887,3.0312977351158,7.03129773511586,0.0297285068308322
"Pre-growing season",52,135,"Tile","Site",534.9584277622,534.776642845887,0.181784916313518,2.18178491631363,0.139652416646119
"Pre-growing season",53,135,"Tillage_Passes","Agricultural",575.28137445113,577.28132776215,-1.99995331102014,4.66889798644843e-05,0.99454815029943
"Pre-growing season",53,135,"PerennialFrac","Agricultural",575.815375526553,577.28132776215,-1.46595223559723,0.534047764402771,0.464910048960614
"Pre-growing season",53,135,"Residue_Frac","Agricultural",576.261888081816,577.28132776215,-1.01943968033356,0.980560319666438,0.322060511409923
"Pre-growing season",53,135,"MeanSlope_per","Site",575.561707886357,577.28132776215,-1.71961987579277,0.280380124207227,0.596452178075104
"Pre-growing season",53,135,"Hydrologic_Group","Site",579.132846734151,577.28132776215,1.85151897200103,5.85151897200103,0.0536239498039894
"Pre-growing season",53,135,"Tile","Site",575.321212287529,577.28132776215,-1.96011547462035,0.039884525379648,0.841706528362209
"Pre-growing season",54,135,"Tillage_Passes","Agricultural",561.128305894559,562.950584115037,-1.82227822047798,0.177721779522017,0.673338461842136
"Pre-growing season",54,135,"PerennialFrac","Agricultural",561.259136694797,562.950584115037,-1.69144742024059,0.308552579759407,0.578569741290748
"Pre-growing season",54,135,"Residue_Frac","Agricultural",561.000200597483,562.950584115037,-1.9503835175542,0.0496164824457992,0.823731971442744
"Pre-growing season",54,135,"MeanSlope_per","Site",561.172158314849,562.950584115037,-1.77842580018876,0.221574199811243,0.637843066047407
"Pre-growing season",54,135,"Hydrologic_Group","Site",568.257364940893,562.950584115037,5.30678082585609,9.30678082585609,0.00952923904451961
"Pre-growing season",54,135,"Tile","Site",567.160099828614,562.950584115037,4.20951571357705,6.20951571357705,0.0127065387020061
"Pre-growing season",55,135,"Tillage_Passes","Agricultural",591.045606525229,587.794011512655,3.25159501257372,5.25159501257372,0.0219266631657152
"Pre-growing season",55,135,"PerennialFrac","Agricultural",587.717276903786,587.794011512655,-0.0767346088690601,1.92326539113094,0.165497132122888
"Pre-growing season",55,135,"Residue_Frac","Agricultural",587.302673192656,587.794011512655,-0.491338319999386,1.50866168000061,0.219343415750401
"Pre-growing season",55,135,"MeanSlope_per","Site",586.627239561511,587.794011512655,-1.16677195114437,0.833228048855631,0.361340762838296
"Pre-growing season",55,135,"Hydrologic_Group","Site",590.199711252925,587.794011512655,2.40569974026937,6.40569974026937,0.0406462023639041
"Pre-growing season",55,135,"Tile","Site",589.905540975399,587.794011512655,2.11152946274353,4.11152946274353,0.0425918282370127
"Pre-growing season",56,135,"Tillage_Passes","Agricultural",534.984009165845,536.076502204591,-1.09249303874583,0.907506961254171,0.340776761688545
"Pre-growing season",56,135,"PerennialFrac","Agricultural",534.077263944649,536.076502204591,-1.99923825994222,0.000761740057839688,0.977981469811189
"Pre-growing season",56,135,"Residue_Frac","Agricultural",534.086983336777,536.076502204591,-1.98951886781413,0.0104811321859302,0.918457120990367
"Pre-growing season",56,135,"MeanSlope_per","Site",534.371658841802,536.076502204591,-1.70484336278923,0.295156637210766,0.586934828380922
"Pre-growing season",56,135,"Hydrologic_Group","Site",538.890108819464,536.076502204591,2.81360661487281,6.81360661487281,0.03314699193688
"Pre-growing season",56,135,"Tile","Site",534.111100533957,536.076502204591,-1.96540167063415,0.034598329365906,0.852439850951429
"Pre-growing season",57,135,"Tillage_Passes","Agricultural",528.523269501815,529.937019958159,-1.41375045634379,0.586249543656152,0.443873072510215
"Pre-growing season",57,135,"PerennialFrac","Agricultural",530.123276828919,529.937019958159,0.186256870759848,2.18625687075979,0.139247351233699
"Pre-growing season",57,135,"Residue_Frac","Agricultural",527.984491619233,529.937019958159,-1.95252833892607,0.047471661073871,0.827522670083113
"Pre-growing season",57,135,"MeanSlope_per","Site",527.963046127592,529.937019958159,-1.97397383056739,0.026026169432555,0.871836423919156
"Pre-growing season",57,135,"Hydrologic_Group","Site",531.989665578636,529.937019958159,2.05264562047637,6.05264562047626,0.0484936309520579
"Pre-growing season",57,135,"Tile","Site",529.566694499868,529.937019958159,-0.370325458290836,1.62967454170916,0.201748069913108
"Pre-growing season",58,135,"Tillage_Passes","Agricultural",571.428401216701,569.80327546462,1.62512575208086,3.62512575208086,0.0569132708311601
"Pre-growing season",58,135,"PerennialFrac","Agricultural",570.879198527051,569.80327546462,1.075923062431,3.075923062431,0.0794594750978815
"Pre-growing season",58,135,"Residue_Frac","Agricultural",571.811809865828,569.80327546462,2.00853440120795,4.00853440120795,0.0452704868844242
"Pre-growing season",58,135,"MeanSlope_per","Site",568.63429551528,569.80327546462,-1.16897994934072,0.831020050659276,0.361977736495861
"Pre-growing season",58,135,"Hydrologic_Group","Site",574.617744785562,569.80327546462,4.81446932094138,8.81446932094138,0.0121888380438552
"Pre-growing season",58,135,"Tile","Site",570.998307784952,569.80327546462,1.19503232033128,3.19503232033128,0.0738623101787845
"Pre-growing season",59,135,"Tillage_Passes","Agricultural",558.160893380086,559.741138530177,-1.58024515009026,0.419754849909737,0.517059394734658
"Pre-growing season",59,135,"PerennialFrac","Agricultural",558.127342005084,559.741138530177,-1.61379652509243,0.386203474907575,0.534301798003143
"Pre-growing season",59,135,"Residue_Frac","Agricultural",558.256668620258,559.741138530177,-1.48446990991908,0.515530090080915,0.472754671873519
"Pre-growing season",59,135,"MeanSlope_per","Site",557.872422047713,559.741138530177,-1.86871648246404,0.131283517535962,0.717104938457856
"Pre-growing season",59,135,"Hydrologic_Group","Site",560.073394220341,559.741138530177,0.332255690164516,4.33225569016452,0.114620587403363
"Pre-growing season",59,135,"Tile","Site",559.071019709954,559.741138530177,-0.670118820222683,1.32988117977732,0.248826357121764
"Pre-growing season",60,135,"Tillage_Passes","Agricultural",602.746315528407,599.865735283064,2.88058024534325,4.88058024534325,0.0271604873462242
"Pre-growing season",60,135,"PerennialFrac","Agricultural",597.870362853136,599.865735283064,-1.99537242992744,0.00462757007255732,0.945764741809725
"Pre-growing season",60,135,"Residue_Frac","Agricultural",598.275757149952,599.865735283064,-1.58997813311134,0.410021866888655,0.521958406796397
"Pre-growing season",60,135,"MeanSlope_per","Site",597.908552714008,599.865735283064,-1.9571825690557,0.0428174309442966,0.836069421999036
"Pre-growing season",60,135,"Hydrologic_Group","Site",606.388264338751,599.865735283064,6.52252905568741,10.5225290556874,0.00518873926320739
"Pre-growing season",60,135,"Tile","Site",606.305958833381,599.865735283064,6.44022355031723,8.44022355031723,0.00367011129026835
"Pre-growing season",61,135,"Tillage_Passes","Agricultural",581.463594472696,583.463231675791,-1.99963720309461,0.000362796905392315,0.984803429507914
"Pre-growing season",61,135,"PerennialFrac","Agricultural",582.246503280143,583.463231675791,-1.21672839564758,0.783271604352421,0.37614243076426
"Pre-growing season",61,135,"Residue_Frac","Agricultural",581.768263088101,583.463231675791,-1.69496858769003,0.305031412309972,0.580745235371028
"Pre-growing season",61,135,"MeanSlope_per","Site",581.619280678543,583.463231675791,-1.84395099724725,0.156049002752752,0.692820465974271
"Pre-growing season",61,135,"Hydrologic_Group","Site",583.069737896017,583.463231675791,-0.393493779773848,3.60650622022615,0.164762026445325
"Pre-growing season",61,135,"Tile","Site",583.245866128354,583.463231675791,-0.217365547436316,1.78263445256368,0.181826163319133
"Pre-growing season",62,135,"Tillage_Passes","Agricultural",562.374328264084,561.168924006303,1.20540425778051,3.20540425778051,0.0733953686349909
"Pre-growing season",62,135,"PerennialFrac","Agricultural",559.409733412978,561.168924006303,-1.75919059332534,0.240809406674657,0.623622128907846
"Pre-growing season",62,135,"Residue_Frac","Agricultural",563.983067792349,561.168924006303,2.81414378604575,4.81414378604575,0.0282270915346275
"Pre-growing season",62,135,"MeanSlope_per","Site",559.695656173247,561.168924006303,-1.47326783305652,0.526732166943475,0.467983973741055
"Pre-growing season",62,135,"Hydrologic_Group","Site",561.082821409424,561.168924006303,-0.0861025968798685,3.91389740312013,0.141288878394183
"Pre-growing season",62,135,"Tile","Site",560.651251990858,561.168924006303,-0.5176720154451,1.4823279845549,0.223410642454472
"Pre-growing season",63,135,"Tillage_Passes","Agricultural",572.501082447947,574.100148307681,-1.59906585973386,0.400934140266145,0.526607221911602
"Pre-growing season",63,135,"PerennialFrac","Agricultural",572.471199074836,574.100148307681,-1.62894923284477,0.371050767155225,0.542432066432111
"Pre-growing season",63,135,"Residue_Frac","Agricultural",573.896475731859,574.100148307681,-0.203672575822338,1.79632742417766,0.180157126267994
"Pre-growing season",63,135,"MeanSlope_per","Site",576.375931275377,574.100148307681,2.27578296769548,4.27578296769548,0.0386591492576361
"Pre-growing season",63,135,"Hydrologic_Group","Site",575.24474242424,574.100148307681,1.14459411655866,5.14459411655866,0.076359940580127
"Pre-growing season",63,135,"Tile","Site",572.231984855163,574.100148307681,-1.86816345251839,0.131836547481612,0.716535392082678
"Pre-growing season",64,135,"Tillage_Passes","Agricultural",556.421003429414,558.281098751581,-1.86009532216701,0.139904677832988,0.708375793803125
"Pre-growing season",64,135,"PerennialFrac","Agricultural",556.42861759172,558.281098751581,-1.85248115986178,0.147518840138218,0.700917809727956
"Pre-growing season",64,135,"Residue_Frac","Agricultural",558.371949735171,558.281098751581,0.090850983589462,2.09085098358946,0.148183507591777
"Pre-growing season",64,135,"MeanSlope_per","Site",559.25199184513,558.281098751581,0.970893093548398,2.9708930935484,0.0847750408228538
"Pre-growing season",64,135,"Hydrologic_Group","Site",555.322372521001,558.281098751581,-2.95872623058074,1.04127376941926,0.594142027473384
"Pre-growing season",64,135,"Tile","Site",556.701437263372,558.281098751581,-1.57966148820947,0.420338511790533,0.516768181790749
"Pre-growing season",65,135,"Tillage_Passes","Agricultural",554.277354365453,553.249993121256,1.02736124419755,3.02736124419755,0.0818710659379823
"Pre-growing season",65,135,"PerennialFrac","Agricultural",551.332379903472,553.249993121256,-1.91761321778426,0.0823867822157354,0.774088600900835
"Pre-growing season",65,135,"Residue_Frac","Agricultural",552.811916184186,553.249993121256,-0.438076937070036,1.56192306292996,0.211383868901409
"Pre-growing season",65,135,"MeanSlope_per","Site",554.131911662515,553.249993121256,0.881918541258756,2.88191854125876,0.0895792342930433
"Pre-growing season",65,135,"Hydrologic_Group","Site",567.679252179806,553.249993121256,14.4292590585497,18.4292590585497,9.95720027999387e-05
"Pre-growing season",65,135,"Tile","Site",560.143923429283,553.249993121256,6.89393030802682,8.89393030802682,0.00286120176910454
"Pre-growing season",66,135,"Tillage_Passes","Agricultural",537.601642955601,539.380213356784,-1.77857040118329,0.221429598816712,0.637952788144337
"Pre-growing season",66,135,"PerennialFrac","Agricultural",537.712587179382,539.380213356784,-1.66762617740233,0.332373822597674,0.564264627320216
"Pre-growing season",66,135,"Residue_Frac","Agricultural",537.482437573365,539.380213356784,-1.89777578341909,0.102224216580908,0.749176639396586
"Pre-growing season",66,135,"MeanSlope_per","Site",538.407466309136,539.380213356784,-0.972747047648681,1.02725295235132,0.310804744557974
"Pre-growing season",66,135,"Hydrologic_Group","Site",540.037017127553,539.380213356784,0.65680377076842,4.65680377076842,0.0974513611564487
"Pre-growing season",66,135,"Tile","Site",537.425320319481,539.380213356784,-1.95489303730324,0.0451069626967637,0.831807468605069
"Pre-growing season",67,135,"Tillage_Passes","Agricultural",549.752934062775,551.195145903172,-1.44221184039725,0.557788159602751,0.455152801916095
"Pre-growing season",67,135,"PerennialFrac","Agricultural",549.647057866876,551.195145903172,-1.54808803629567,0.451911963704333,0.501428389001803
"Pre-growing season",67,135,"Residue_Frac","Agricultural",549.200625161269,551.195145903172,-1.9945207419031,0.00547925809689787,0.9409928711428
"Pre-growing season",67,135,"MeanSlope_per","Site",551.463279931133,551.195145903172,0.268134027961537,2.26813402796154,0.132058819138678
"Pre-growing season",67,135,"Hydrologic_Group","Site",557.742781706194,551.195145903172,6.5476358030221,10.5476358030221,0.00512401021437931
"Pre-growing season",67,135,"Tile","Site",549.560884107104,551.195145903172,-1.63426179606824,0.365738203931755,0.545336526528421
"Pre-growing season",68,135,"Tillage_Passes","Agricultural",584.394752872495,586.376317291316,-1.98156441882145,0.0184355811785508,0.891997028285801
"Pre-growing season",68,135,"PerennialFrac","Agricultural",585.564278563889,586.376317291316,-0.812038727426852,1.18796127257315,0.275741177801563
"Pre-growing season",68,135,"Residue_Frac","Agricultural",584.642367142823,586.376317291316,-1.73395014849325,0.26604985150675,0.605993959348712
"Pre-growing season",68,135,"MeanSlope_per","Site",584.451640640228,586.376317291316,-1.92467665108791,0.075323348912093,0.783738058140245
"Pre-growing season",68,135,"Hydrologic_Group","Site",585.089332319274,586.376317291316,-1.28698497204175,2.71301502795825,0.257558728257635
"Pre-growing season",68,135,"Tile","Site",585.195134022273,586.376317291316,-1.18118326904346,0.818816730956542,0.365526353151597
"Pre-growing season",69,135,"Tillage_Passes","Agricultural",551.364323527429,552.528691152902,-1.16436762547301,0.835632374526995,0.360648909035142
"Pre-growing season",69,135,"PerennialFrac","Agricultural",550.633612936966,552.528691152902,-1.895078215936,0.104921784064004,0.746001385998718
"Pre-growing season",69,135,"Residue_Frac","Agricultural",550.648111103009,552.528691152902,-1.88058004989273,0.119419950107272,0.729664453784475
"Pre-growing season",69,135,"MeanSlope_per","Site",550.688380877726,552.528691152902,-1.84031027517631,0.159689724823693,0.68944234028527
"Pre-growing season",69,135,"Hydrologic_Group","Site",558.17250672134,552.528691152902,5.64381556843796,9.64381556843796,0.00805141212066984
"Pre-growing season",69,135,"Tile","Site",554.562213346752,552.528691152902,2.0335221938501,4.0335221938501,0.0446047249695063
"Pre-growing season",70,135,"Tillage_Passes","Agricultural",540.829929892601,536.215526189008,4.61440370359367,6.61440370359367,0.0101157204352632
"Pre-growing season",70,135,"PerennialFrac","Agricultural",534.21757707919,536.215526189008,-1.99794910981791,0.00205089018209037,0.963878744554225
"Pre-growing season",70,135,"Residue_Frac","Agricultural",534.221724283367,536.215526189008,-1.99380190564045,0.00619809435954721,0.937248992126902
"Pre-growing season",70,135,"MeanSlope_per","Site",534.216377744887,536.215526189008,-1.99914844412046,0.00085155587959207,0.97671989132899
"Pre-growing season",70,135,"Hydrologic_Group","Site",535.531589689701,536.215526189008,-0.683936499306583,3.31606350069342,0.190513589624778
"Pre-growing season",70,135,"Tile","Site",537.244427869181,536.215526189008,1.0289016801737,3.0289016801737,0.0817933668385882
"Pre-growing season",71,135,"Tillage_Passes","Agricultural",565.752482698741,566.961989585826,-1.20950688708592,0.790493112914078,0.373951060635337
"Pre-growing season",71,135,"PerennialFrac","Agricultural",564.980214031496,566.961989585826,-1.98177555433006,0.0182244456699436,0.892613497600549
"Pre-growing season",71,135,"Residue_Frac","Agricultural",565.351283696188,566.961989585826,-1.6107058896381,0.389294110361902,0.532670680797349
"Pre-growing season",71,135,"MeanSlope_per","Site",565.017868707533,566.961989585826,-1.94412087829369,0.0558791217063117,0.813131877508979
"Pre-growing season",71,135,"Hydrologic_Group","Site",575.768316570719,566.961989585826,8.80632698489205,12.8063269848921,0.00165630925470171
"Pre-growing season",71,135,"Tile","Site",568.414845323243,566.961989585826,1.45285573741626,3.45285573741626,0.0631425852988195
"Pre-growing season",72,135,"Tillage_Passes","Agricultural",570.983918806037,572.633567637426,-1.64964883138907,0.350351168610928,0.553914409336663
"Pre-growing season",72,135,"PerennialFrac","Agricultural",571.217318212571,572.633567637426,-1.41624942485453,0.583750575145473,0.444845958877934
"Pre-growing season",72,135,"Residue_Frac","Agricultural",570.63945270936,572.633567637426,-1.99411492806564,0.00588507193435817,0.938850889962624
"Pre-growing season",72,135,"MeanSlope_per","Site",571.302513565041,572.633567637426,-1.33105407238475,0.668945927615255,0.413419346149061
"Pre-growing season",72,135,"Hydrologic_Group","Site",576.376750077215,572.633567637426,3.74318243978962,7.74318243978962,0.0208252055653064
"Pre-growing season",72,135,"Tile","Site",572.43297254671,572.633567637426,-0.200595090716092,1.79940490928391,0.179784455096709
"Pre-growing season",73,135,"Tillage_Passes","Agricultural",560.217368561269,557.624975153957,2.59239340731267,4.59239340731267,0.0321141399078136
"Pre-growing season",73,135,"PerennialFrac","Agricultural",555.878710613372,557.624975153957,-1.74626454058478,0.253735459415225,0.614457021092812
"Pre-growing season",73,135,"Residue_Frac","Agricultural",556.123870034702,557.624975153957,-1.50110511925504,0.498894880744956,0.479986104849734
"Pre-growing season",73,135,"MeanSlope_per","Site",557.320260205772,557.624975153957,-0.304714948184255,1.69528505181574,0.192905745669181
"Pre-growing season",73,135,"Hydrologic_Group","Site",568.418652664601,557.624975153957,10.793677510644,14.793677510644,0.000613188138156012
"Pre-growing season",73,135,"Tile","Site",559.184309118387,557.624975153957,1.55933396443072,3.55933396443072,0.0592114925676523
"Pre-growing season",74,135,"Tillage_Passes","Agricultural",578.096265394954,575.095092731852,3.00117266310156,5.00117266310156,0.0253301510869645
"Pre-growing season",74,135,"PerennialFrac","Agricultural",573.362038018133,575.095092731852,-1.7330547137193,0.266945286280702,0.605388300079241
"Pre-growing season",74,135,"Residue_Frac","Agricultural",573.541889972807,575.095092731852,-1.55320275904592,0.446797240954083,0.503859830682808
"Pre-growing season",74,135,"MeanSlope_per","Site",573.118109519742,575.095092731852,-1.97698321211055,0.0230167878894463,0.879413424173471
"Pre-growing season",74,135,"Hydrologic_Group","Site",573.46337430107,575.095092731852,-1.63171843078203,2.36828156921797,0.306008994212936
"Pre-growing season",74,135,"Tile","Site",575.027981002227,575.095092731852,-0.0671117296254806,1.93288827037452,0.164442799702388
"Pre-growing season",75,135,"Tillage_Passes","Agricultural",544.515162528753,543.992392311197,0.522770217555944,2.52277021755594,0.112213300316778
"Pre-growing season",75,135,"PerennialFrac","Agricultural",546.22372031386,543.992392311197,2.23132800266239,4.23132800266239,0.0396843787154558
"Pre-growing season",75,135,"Residue_Frac","Agricultural",543.14894065218,543.992392311197,-0.843451659017546,1.15654834098245,0.282182536036754
"Pre-growing season",75,135,"MeanSlope_per","Site",543.28241057493,543.992392311197,-0.709981736267196,1.2900182637328,0.256044584912373
"Pre-growing season",75,135,"Hydrologic_Group","Site",543.064037321346,543.992392311197,-0.928354989851755,3.07164501014825,0.215278550629989
"Pre-growing season",75,135,"Tile","Site",542.530095158069,543.992392311197,-1.46229715312802,0.53770284687198,0.463386303420993
"Pre-growing season",76,135,"Tillage_Passes","Agricultural",577.116771690202,575.887459207661,1.22931248254008,3.22931248254008,0.0723310488726144
"Pre-growing season",76,135,"PerennialFrac","Agricultural",573.91738224213,575.887459207661,-1.97007696553146,0.0299230344685384,0.862664980652403
"Pre-growing season",76,135,"Residue_Frac","Agricultural",574.289765887439,575.887459207661,-1.59769332022233,0.402306679777666,0.525900389461887
"Pre-growing season",76,135,"MeanSlope_per","Site",575.589167396633,575.887459207661,-0.298291811028207,1.70170818897179,0.192064734693364
"Pre-growing season",76,135,"Hydrologic_Group","Site",577.366679400209,575.887459207661,1.47922019254713,5.47922019254713,0.064595528020828
"Pre-growing season",76,135,"Tile","Site",574.902463595015,575.887459207661,-0.984995612646571,1.01500438735343,0.313706920445738
"Pre-growing season",77,135,"Tillage_Passes","Agricultural",565.991784250351,565.833417317095,0.158366933255934,2.15836693325593,0.141795319271999
"Pre-growing season",77,135,"PerennialFrac","Agricultural",565.517779881105,565.833417317095,-0.315637435990425,1.68436256400958,0.194345777493435
"Pre-growing season",77,135,"Residue_Frac","Agricultural",564.403927805101,565.833417317095,-1.42948951199446,0.570510488005539,0.450056133342824
"Pre-growing season",77,135,"MeanSlope_per","Site",563.898754184258,565.833417317095,-1.93466313283739,0.065336867162614,0.798251399214827
"Pre-growing season",77,135,"Hydrologic_Group","Site",566.658016444651,565.833417317095,0.824599127556326,4.82459912755633,0.0896089958635521
"Pre-growing season",77,135,"Tile","Site",564.314392526779,565.833417317095,-1.51902479031628,0.48097520968372,0.487980918484342
"Pre-growing season",78,135,"Tillage_Passes","Agricultural",535.084109642461,536.939633861434,-1.85552421897296,0.144475781027097,0.703871409361642
"Pre-growing season",78,135,"PerennialFrac","Agricultural",535.126396738888,536.939633861434,-1.81323712254641,0.186762877453646,0.665624614650293
"Pre-growing season",78,135,"Residue_Frac","Agricultural",536.130569184312,536.939633861434,-0.809064677122478,1.19093532287758,0.275140971753417
"Pre-growing season",78,135,"MeanSlope_per","Site",534.959508038108,536.939633861434,-1.98012582332649,0.0198741766735679,0.887889058826363
"Pre-growing season",78,135,"Hydrologic_Group","Site",542.242441366576,536.939633861434,5.30280750514157,9.30280750514163,0.00954818922351589
"Pre-growing season",78,135,"Tile","Site",536.696103914899,536.939633861434,-0.243529946534636,1.75647005346542,0.185065419603945
"Pre-growing season",79,135,"Tillage_Passes","Agricultural",560.048977337212,557.939857066442,2.10912027077052,4.10912027077052,0.0426525434801578
"Pre-growing season",79,135,"PerennialFrac","Agricultural",555.942811808702,557.939857066442,-1.99704525774007,0.00295474225993075,0.956650306212085
"Pre-growing season",79,135,"Residue_Frac","Agricultural",556.174478159668,557.939857066442,-1.76537890677355,0.234621093226451,0.628118327295619
"Pre-growing season",79,135,"MeanSlope_per","Site",556.374658655022,557.939857066442,-1.56519841142006,0.434801588579944,0.509642238424853
"Pre-growing season",79,135,"Hydrologic_Group","Site",563.311022536292,557.939857066442,5.37116546984987,9.37116546984987,0.00922735594264193
"Pre-growing season",79,135,"Tile","Site",557.119122387691,557.939857066442,-0.820734678751137,1.17926532124886,0.27750561229426
"Pre-growing season",80,135,"Tillage_Passes","Agricultural",575.559603533786,561.137951472341,14.4216520614442,16.4216520614442,5.07027497928579e-05
"Pre-growing season",80,135,"PerennialFrac","Agricultural",559.246986932251,561.137951472341,-1.89096454009064,0.109035459909364,0.741244934214693
"Pre-growing season",80,135,"Residue_Frac","Agricultural",559.717997676215,561.137951472341,-1.41995379612661,0.580046203873394,0.446294211059597
"Pre-growing season",80,135,"MeanSlope_per","Site",559.141516376525,561.137951472341,-1.99643509581676,0.00356490418323574,0.952389140996019
"Pre-growing season",80,135,"Hydrologic_Group","Site",568.22183460399,561.137951472341,7.08388313164903,11.083883131649,0.00391891062407052
"Pre-growing season",80,135,"Tile","Site",568.578887988591,561.137951472341,7.44093651624917,9.44093651624917,0.00212195112435985
"Pre-growing season",81,135,"Tillage_Passes","Agricultural",558.818639913858,560.460651635443,-1.64201172158494,0.357988278415064,0.549625622404842
"Pre-growing season",81,135,"PerennialFrac","Agricultural",558.961527650231,560.460651635443,-1.49912398521212,0.500876014787877,0.47911546160299
"Pre-growing season",81,135,"Residue_Frac","Agricultural",558.510246326423,560.460651635443,-1.95040530901986,0.0495946909801432,0.823770048159908
"Pre-growing season",81,135,"MeanSlope_per","Site",558.704597078751,560.460651635443,-1.75605455669211,0.243945443307894,0.621370917898497
"Pre-growing season",81,135,"Hydrologic_Group","Site",560.662520532479,560.460651635443,0.201868897035865,4.20186889703587,0.122342052472552
"Pre-growing season",81,135,"Tile","Site",558.470345618414,560.460651635443,-1.9903060170285,0.00969398297149837,0.92156860000971
"Pre-growing season",82,135,"Tillage_Passes","Agricultural",558.536899071872,560.091970166634,-1.55507109476207,0.44492890523793,0.504753026371551
"Pre-growing season",82,135,"PerennialFrac","Agricultural",558.191970488826,560.091970166634,-1.8999996778075,0.1000003221925,0.751829247402643
"Pre-growing season",82,135,"Residue_Frac","Agricultural",560.047640980101,560.091970166634,-0.0443291865327637,1.95567081346724,0.161977074910589
"Pre-growing season",82,135,"MeanSlope_per","Site",559.581306091327,560.091970166634,-0.510664075307091,1.48933592469291,0.222319523460752
"Pre-growing season",82,135,"Hydrologic_Group","Site",562.554274225473,560.091970166634,2.46230405883955,6.46230405883955,0.0395119536257426
"Pre-growing season",82,135,"Tile","Site",559.946705581902,560.091970166634,-0.145264584731649,1.85473541526835,0.173233640486459
"Pre-growing season",83,135,"Tillage_Passes","Agricultural",526.216255459124,526.97209911135,-0.75584365222619,1.24415634777381,0.264671525253623
"Pre-growing season",83,135,"PerennialFrac","Agricultural",524.98851822767,526.97209911135,-1.9835808836807,0.016419116319355,0.898040476720512
"Pre-growing season",83,135,"Residue_Frac","Agricultural",524.993152264882,526.97209911135,-1.97894684646815,0.0210531535318523,0.884634248453734
"Pre-growing season",83,135,"MeanSlope_per","Site",525.01914748722,526.97209911135,-1.95295162413072,0.0470483758692808,0.828281308710937
"Pre-growing season",83,135,"Hydrologic_Group","Site",529.087180480142,526.97209911135,2.11508136879172,6.11508136879166,0.047003148770655
"Pre-growing season",83,135,"Tile","Site",525.56338359978,526.97209911135,-1.40871551156988,0.591284488430119,0.441922844431924
"Pre-growing season",84,135,"Tillage_Passes","Agricultural",525.793602690659,527.787146463288,-1.99354377262898,0.00645622737113172,0.93595837347011
"Pre-growing season",84,135,"PerennialFrac","Agricultural",526.411773124799,527.787146463288,-1.375373338489,0.624626661511115,0.429333167719353
"Pre-growing season",84,135,"Residue_Frac","Agricultural",527.300867872698,527.787146463288,-0.486278590590473,1.51372140940964,0.218572109329489
"Pre-growing season",84,135,"MeanSlope_per","Site",528.03373303581,527.787146463288,0.246586572521664,2.24658657252178,0.133909498801676
"Pre-growing season",84,135,"Hydrologic_Group","Site",538.548423253526,527.787146463288,10.7612767902377,14.7612767902378,0.000623202909284397
"Pre-growing season",84,135,"Tile","Site",533.888508087789,527.787146463288,6.10136162450112,8.10136162450118,0.00442320181834345
"Pre-growing season",85,135,"Tillage_Passes","Agricultural",551.752507392243,552.081014154505,-0.328506762261554,1.67149323773845,0.196058646913718
"Pre-growing season",85,135,"PerennialFrac","Agricultural",553.682876108627,552.081014154505,1.60186195412211,3.60186195412211,0.0577148956757323
"Pre-growing season",85,135,"Residue_Frac","Agricultural",552.706971487779,552.081014154505,0.625957333274755,2.62595733327476,0.105129081133884
"Pre-growing season",85,135,"MeanSlope_per","Site",550.276500709897,552.081014154505,-1.80451344460721,0.19548655539279,0.65838890243127
"Pre-growing season",85,135,"Hydrologic_Group","Site",556.715680793398,552.081014154505,4.63466663889301,8.63466663889301,0.0133353974142804
"Pre-growing season",85,135,"Tile","Site",550.840439554586,552.081014154505,-1.2405745999182,0.759425400081795,0.383508402047587
"Pre-growing season",86,135,"Tillage_Passes","Agricultural",560.908796803477,562.12851027555,-1.21971347207386,0.780286527926137,0.377053523693308
"Pre-growing season",86,135,"PerennialFrac","Agricultural",560.128588717451,562.12851027555,-1.99992155809969,7.84419003139192e-05,0.992933433718508
"Pre-growing season",86,135,"Residue_Frac","Agricultural",560.341444548471,562.12851027555,-1.78706572707961,0.212934272920393,0.64447720804407
"Pre-growing season",86,135,"MeanSlope_per","Site",561.134508798948,562.12851027555,-0.994001476602079,1.00599852339792,0.315863381128542
"Pre-growing season",86,135,"Hydrologic_Group","Site",562.589537980291,562.12851027555,0.461027704740673,4.46102770474067,0.107473190590792
"Pre-growing season",86,135,"Tile","Site",562.66946890814,562.12851027555,0.540958632589195,2.5409586325892,0.110927419542776
"Pre-growing season",87,135,"Tillage_Passes","Agricultural",542.118318675465,534.688976354943,7.42934232052255,9.42934232052255,0.00213540857505403
"Pre-growing season",87,135,"PerennialFrac","Agricultural",533.035154893368,534.688976354943,-1.65382146157447,0.34617853842559,0.556284379423413
"Pre-growing season",87,135,"Residue_Frac","Agricultural",533.064804258109,534.688976354943,-1.62417209683338,0.375827903166623,0.53984457334947
"Pre-growing season",87,135,"MeanSlope_per","Site",532.992820425657,534.688976354943,-1.69615592928551,0.30384407071449,0.581482509409923
"Pre-growing season",87,135,"Hydrologic_Group","Site",539.309829443634,534.688976354943,4.62085308869155,8.62085308869155,0.013427820811499
"Pre-growing season",87,135,"Tile","Site",535.646935572519,534.688976354943,0.957959217576331,2.95795921757627,0.0854557365189139
"Pre-growing season",88,135,"Tillage_Passes","Agricultural",536.037185322227,532.395570995982,3.6416143262453,5.64161432624536,0.0175390506888378
"Pre-growing season",88,135,"PerennialFrac","Agricultural",530.591442702536,532.395570995982,-1.80412829344618,0.195871706553817,0.658073926115791
"Pre-growing season",88,135,"Residue_Frac","Agricultural",530.73355126686,532.395570995982,-1.66201972912154,0.337980270878518,0.560997374300628
"Pre-growing season",88,135,"MeanSlope_per","Site",530.395608607862,532.395570995982,-1.99996238812037,3.76118797476011e-05,0.995106722353363
"Pre-growing season",88,135,"Hydrologic_Group","Site",538.318762790262,532.395570995982,5.92319179428,9.92319179428006,0.00700174484693506
"Pre-growing season",88,135,"Tile","Site",532.937994439952,532.395570995982,0.542423443970392,2.54242344397039,0.110824568377099
"Pre-growing season",89,135,"Tillage_Passes","Agricultural",542.807872687437,542.107045238059,0.700827449377357,2.70082744937736,0.100296181091822
"Pre-growing season",89,135,"PerennialFrac","Agricultural",540.257292377932,542.107045238059,-1.84975286012718,0.150247139872818,0.698299294410462
"Pre-growing season",89,135,"Residue_Frac","Agricultural",540.11209981403,542.107045238059,-1.9949454240292,0.00505457597080294,0.943321716842983
"Pre-growing season",89,135,"MeanSlope_per","Site",540.53066246931,542.107045238059,-1.57638276874923,0.423617231250773,0.515137612519845
"Pre-growing season",89,135,"Hydrologic_Group","Site",557.160382943109,542.107045238059,15.0533377050498,19.0533377050498,7.28820007647649e-05
"Pre-growing season",89,135,"Tile","Site",541.464537671183,542.107045238059,-0.642507566876702,1.3574924331233,0.243972537968717
"Pre-growing season",90,135,"Tillage_Passes","Agricultural",545.472720228959,546.592983727139,-1.12026349817995,0.879736501820048,0.348273859583244
"Pre-growing season",90,135,"PerennialFrac","Agricultural",545.876608893115,546.592983727139,-0.716374834024464,1.28362516597554,0.257226083598313
"Pre-growing season",90,135,"Residue_Frac","Agricultural",544.766316740747,546.592983727139,-1.8266669863915,0.173333013608499,0.67716648276239
"Pre-growing season",90,135,"MeanSlope_per","Site",545.818136916817,546.592983727139,-0.774846810322174,1.22515318967783,0.268351702169686
"Pre-growing season",90,135,"Hydrologic_Group","Site",551.087327140393,546.592983727139,4.49434341325434,8.49434341325434,0.0143046344525963
"Pre-growing season",90,135,"Tile","Site",545.158142471109,546.592983727139,-1.43484125603015,0.565158743969846,0.452189141610291
"Pre-growing season",91,135,"Tillage_Passes","Agricultural",592.48845129448,594.317125456289,-1.82867416180898,0.171325838191024,0.678936171496454
"Pre-growing season",91,135,"PerennialFrac","Agricultural",592.592453656068,594.317125456289,-1.72467180022102,0.275328199778983,0.599779759003179
"Pre-growing season",91,135,"Residue_Frac","Agricultural",593.285042886893,594.317125456289,-1.03208256939661,0.967917430603393,0.325200115417723
"Pre-growing season",91,135,"MeanSlope_per","Site",592.487599872389,594.317125456289,-1.82952558390036,0.170474416099637,0.67969052285136
"Pre-growing season",91,135,"Hydrologic_Group","Site",599.322333237614,594.317125456289,5.005207781325,9.005207781325,0.0110801075540876
"Pre-growing season",91,135,"Tile","Site",593.021352188285,594.317125456289,-1.29577326800461,0.704226731995391,0.401367085302445
"Pre-growing season",92,135,"Tillage_Passes","Agricultural",564.72252933366,566.462909134372,-1.74037980071171,0.259620199288292,0.61038120306405
"Pre-growing season",92,135,"PerennialFrac","Agricultural",570.370613288382,566.462909134372,3.90770415400982,5.90770415400982,0.0150748059325531
"Pre-growing season",92,135,"Residue_Frac","Agricultural",565.612123638387,566.462909134372,-0.850785495985065,1.14921450401494,0.283713641799834
"Pre-growing season",92,135,"MeanSlope_per","Site",565.683109647493,566.462909134372,-0.779799486878915,1.22020051312109,0.269321304828472
"Pre-growing season",92,135,"Hydrologic_Group","Site",569.168552687193,566.462909134372,2.7056435528217,6.7056435528217,0.0349854934449842
"Pre-growing season",92,135,"Tile","Site",564.504179328701,566.462909134372,-1.95872980567128,0.0412701943287175,0.839017269174155
"Pre-growing season",93,135,"Tillage_Passes","Agricultural",543.236108013896,541.800524074641,1.43558393925468,3.43558393925468,0.0638060255662431
"Pre-growing season",93,135,"PerennialFrac","Agricultural",540.957802907089,541.800524074641,-0.842721167552099,1.1572788324479,0.282030602317229
"Pre-growing season",93,135,"Residue_Frac","Agricultural",541.098352326484,541.800524074641,-0.702171748157184,1.29782825184282,0.254610299734445
"Pre-growing season",93,135,"MeanSlope_per","Site",541.615720544207,541.800524074641,-0.184803530434124,1.81519646956588,0.177886119656716
"Pre-growing season",93,135,"Hydrologic_Group","Site",544.689046432761,541.800524074641,2.88852235812033,6.88852235812033,0.0319283426587394
"Pre-growing season",93,135,"Tile","Site",546.078707258524,541.800524074641,4.27818318388324,6.27818318388324,0.0122233352511667
"Pre-growing season",94,135,"Tillage_Passes","Agricultural",524.042687893544,524.953663432432,-0.910975538887897,1.08902446111222,0.29668745783708
"Pre-growing season",94,135,"PerennialFrac","Agricultural",525.52466655815,524.953663432432,0.571003125718562,2.57100312571868,0.108838695309569
"Pre-growing season",94,135,"Residue_Frac","Agricultural",525.903749087474,524.953663432432,0.950085655042585,2.9500856550427,0.0858730065528322
"Pre-growing season",94,135,"MeanSlope_per","Site",525.521041760638,524.953663432432,0.567378328206587,2.56737832820659,0.109088386430418
"Pre-growing season",94,135,"Hydrologic_Group","Site",528.782541037667,524.953663432432,3.82887760523545,7.82887760523545,0.0199517423700015
"Pre-growing season",94,135,"Tile","Site",526.902305277615,524.953663432432,1.94864184518326,3.94864184518332,0.0469092132821133
"Pre-growing season",95,135,"Tillage_Passes","Agricultural",575.537493122849,575.99379852893,-0.456305406081015,1.54369459391899,0.214068708972775
"Pre-growing season",95,135,"PerennialFrac","Agricultural",574.211025818774,575.99379852893,-1.78277271015634,0.217227289843663,0.641160754401135
"Pre-growing season",95,135,"Residue_Frac","Agricultural",574.209234978788,575.99379852893,-1.78456355014271,0.215436449857293,0.642539333871266
"Pre-growing season",95,135,"MeanSlope_per","Site",574.176966024056,575.99379852893,-1.8168325048747,0.183167495125304,0.668665158613782
"Pre-growing season",95,135,"Hydrologic_Group","Site",575.072181379302,575.99379852893,-0.921617149628673,3.07838285037133,0.21455451468561
"Pre-growing season",95,135,"Tile","Site",578.244346703228,575.99379852893,2.25054817429748,4.25054817429748,0.0392376631408377
"Pre-growing season",96,135,"Tillage_Passes","Agricultural",548.796055403133,549.231330677818,-0.435275274684955,1.56472472531505,0.210974768376727
"Pre-growing season",96,135,"PerennialFrac","Agricultural",549.219250906035,549.231330677818,-0.0120797717833057,1.98792022821669,0.158558507750821
"Pre-growing season",96,135,"Residue_Frac","Agricultural",547.531088661995,549.231330677818,-1.70024201582351,0.299757984176495,0.584034182728577
"Pre-growing season",96,135,"MeanSlope_per","Site",547.701176117196,549.231330677818,-1.53015456062167,0.469845439378332,0.493058282246173
"Pre-growing season",96,135,"Hydrologic_Group","Site",556.05979156923,549.231330677818,6.82846089141185,10.8284608914119,0.00445276313758866
"Pre-growing season",96,135,"Tile","Site",552.087892317164,549.231330677818,2.8565616393455,4.8565616393455,0.0275411711299261
"Pre-growing season",97,135,"Tillage_Passes","Agricultural",550.600557440472,552.580354908365,-1.97979746789315,0.0202025321068504,0.886972889671077
"Pre-growing season",97,135,"PerennialFrac","Agricultural",550.589873602505,552.580354908365,-1.99048130585993,0.00951869414006978,0.922278674524264
"Pre-growing season",97,135,"Residue_Frac","Agricultural",550.600998516492,552.580354908365,-1.97935639187369,0.0206436081263064,0.885754083617938
"Pre-growing season",97,135,"MeanSlope_per","Site",551.975951197293,552.580354908365,-0.60440371107245,1.39559628892755,0.237462289163892
"Pre-growing season",97,135,"Hydrologic_Group","Site",556.375596526323,552.580354908365,3.79524161795814,7.79524161795814,0.0202901281553995
"Pre-growing season",97,135,"Tile","Site",554.101085405418,552.580354908365,1.52073049705257,3.52073049705257,0.060605729893312
"Pre-growing season",98,135,"Tillage_Passes","Agricultural",565.545181299627,567.451585569202,-1.90640426957498,0.0935957304250223,0.759654751111235
"Pre-growing season",98,135,"PerennialFrac","Agricultural",566.950988938733,567.451585569202,-0.500596630468976,1.49940336953102,0.220763186082623
"Pre-growing season",98,135,"Residue_Frac","Agricultural",566.641871950984,567.451585569202,-0.809713618218325,1.19028638178168,0.275271797304495
"Pre-growing season",98,135,"MeanSlope_per","Site",565.533483917544,567.451585569202,-1.91810165165771,0.0818983483422926,0.774741122941887
"Pre-growing season",98,135,"Hydrologic_Group","Site",576.248898412227,567.451585569202,8.79731284302477,12.7973128430248,0.00166379120617822
"Pre-growing season",98,135,"Tile","Site",566.832679105552,567.451585569202,-0.618906463649864,1.38109353635014,0.239914966132536
"Pre-growing season",99,135,"Tillage_Passes","Agricultural",563.887531948014,565.883032058553,-1.99550011053839,0.00449988946161284,0.946517048133432
"Pre-growing season",99,135,"PerennialFrac","Agricultural",564.207043255896,565.883032058553,-1.67598880265666,0.324011197343339,0.569206975386433
"Pre-growing season",99,135,"Residue_Frac","Agricultural",564.425807146669,565.883032058553,-1.4572249118836,0.5427750881164,0.461284910059121
"Pre-growing season",99,135,"MeanSlope_per","Site",563.911712606529,565.883032058553,-1.97131945202364,0.0286805479763643,0.865518736036626
"Pre-growing season",99,135,"Hydrologic_Group","Site",566.267979824437,565.883032058553,0.384947765883908,4.38494776588391,0.111640221870437
"Pre-growing season",99,135,"Tile","Site",566.56076219108,565.883032058553,0.67773013252679,2.67773013252679,0.101760681254672
"Pre-growing season",100,135,"Tillage_Passes","Agricultural",577.075281730295,576.072190775501,1.00309095479372,3.00309095479372,0.0831058253983394
"Pre-growing season",100,135,"PerennialFrac","Agricultural",574.082194747093,576.072190775501,-1.98999602840809,0.0100039715919138,0.920328561691342
"Pre-growing season",100,135,"Residue_Frac","Agricultural",574.480009367882,576.072190775501,-1.59218140761936,0.407818592380636,0.523078783323091
"Pre-growing season",100,135,"MeanSlope_per","Site",578.597824802227,576.072190775501,2.52563402672536,4.52563402672536,0.033390700936362
"Pre-growing season",100,135,"Hydrologic_Group","Site",591.719245638117,576.072190775501,15.6470548626158,19.6470548626158,5.41621934189286e-05
"Pre-growing season",100,135,"Tile","Site",589.962943065184,576.072190775501,13.890752289683,15.890752289683,6.7105810958043e-05
"Pre-growing season",101,135,"Tillage_Passes","Agricultural",545.819564460815,547.614448889217,-1.79488442840204,0.205115571597958,0.650623007480193
"Pre-growing season",101,135,"PerennialFrac","Agricultural",545.64436083874,547.614448889217,-1.97008805047744,0.0299119495225568,0.862690168122983
"Pre-growing season",101,135,"Residue_Frac","Agricultural",547.009579195289,547.614448889217,-0.604869693927867,1.39513030607213,0.237540620776983
"Pre-growing season",101,135,"MeanSlope_per","Site",546.83635811244,547.614448889217,-0.778090776777276,1.22190922322272,0.268986291389667
"Pre-growing season",101,135,"Hydrologic_Group","Site",549.260551044121,547.614448889217,1.64610215490393,5.64610215490393,0.0594243575172448
"Pre-growing season",101,135,"Tile","Site",545.666992980218,547.614448889217,-1.94745590899925,0.0525440910007546,0.818694058954593
"Pre-growing season",102,135,"Tillage_Passes","Agricultural",550.256689559676,552.165566101537,-1.9088765418611,0.0911234581388953,0.762753740423829
"Pre-growing season",102,135,"PerennialFrac","Agricultural",550.404807274858,552.165566101537,-1.76075882667897,0.239241173321034,0.624754717294917
"Pre-growing season",102,135,"Residue_Frac","Agricultural",553.878381899841,552.165566101537,1.71281579830418,3.71281579830418,0.0539962276394007
"Pre-growing season",102,135,"MeanSlope_per","Site",550.511077227554,552.165566101537,-1.65448887398304,0.345511126016959,0.556665238675708
"Pre-growing season",102,135,"Hydrologic_Group","Site",560.549836088605,552.165566101537,8.38426998706791,12.3842699870679,0.00204545505484679
"Pre-growing season",102,135,"Tile","Site",553.058762125126,552.165566101537,0.893196023588644,2.89319602358864,0.0889543019515725
"Pre-growing season",103,135,"Tillage_Passes","Agricultural",550.60612337582,552.573661000045,-1.96753762422452,0.0324623757754807,0.857016610969343
"Pre-growing season",103,135,"PerennialFrac","Agricultural",550.616747297936,552.573661000045,-1.95691370210898,0.0430862978910227,0.83556286287799
"Pre-growing season",103,135,"Residue_Frac","Agricultural",550.618163582359,552.573661000045,-1.95549741768514,0.0445025823148626,0.832921331144972
"Pre-growing season",103,135,"MeanSlope_per","Site",553.941049969157,552.573661000045,1.36738896911277,3.36738896911277,0.0664990698936028
"Pre-growing season",103,135,"Hydrologic_Group","Site",562.753281520623,552.573661000045,10.1796205205787,14.1796205205787,0.000833555509184271
"Pre-growing season",103,135,"Tile","Site",554.345234547916,552.573661000045,1.77157354787187,3.77157354787187,0.0521305693802156
"Pre-growing season",104,135,"Tillage_Passes","Agricultural",542.463407050733,543.624871288743,-1.16146423801024,0.83853576198976,0.359815879649944
"Pre-growing season",104,135,"PerennialFrac","Agricultural",542.057187392141,543.624871288743,-1.56768389660249,0.432316103397511,0.510854654578518
"Pre-growing season",104,135,"Residue_Frac","Agricultural",541.797557699625,543.624871288743,-1.82731358911792,0.172686410882079,0.677735262330421
"Pre-growing season",104,135,"MeanSlope_per","Site",541.823614781767,543.624871288743,-1.8012565069763,0.198743493023699,0.655736979488295
"Pre-growing season",104,135,"Hydrologic_Group","Site",557.382186674951,543.624871288743,13.7573153862071,17.7573153862071,0.00013933106514503
"Pre-growing season",104,135,"Tile","Site",549.428974300087,543.624871288743,5.80410301134361,7.80410301134361,0.00521277354462345
"Pre-growing season",105,135,"Tillage_Passes","Agricultural",589.714254930005,591.535278297153,-1.82102336714843,0.178976632851573,0.672254185046481
"Pre-growing season",105,135,"PerennialFrac","Agricultural",589.98288992923,591.535278297153,-1.55238836792296,0.447611632077042,0.50347133974094
"Pre-growing season",105,135,"Residue_Frac","Agricultural",589.697352420035,591.535278297153,-1.83792587711753,0.162074122882473,0.687254057415424
"Pre-growing season",105,135,"MeanSlope_per","Site",592.490670941963,591.535278297153,0.955392644810104,2.9553926448101,0.0855915140238786
"Pre-growing season",105,135,"Hydrologic_Group","Site",600.562596086887,591.535278297153,9.02731778973373,13.0273177897337,0.00148304348362039
"Pre-growing season",105,135,"Tile","Site",594.108460511883,591.535278297153,2.57318221473031,4.57318221473031,0.0324761847998264
"Pre-growing season",106,135,"Tillage_Passes","Agricultural",561.438249748655,563.378324415201,-1.94007466654637,0.0599253334536343,0.806613992943703
"Pre-growing season",106,135,"PerennialFrac","Agricultural",562.15120358444,563.378324415201,-1.22712083076055,0.772879169239445,0.379327829409284
"Pre-growing season",106,135,"Residue_Frac","Agricultural",562.250162034516,563.378324415201,-1.12816238068478,0.871837619315215,0.350447079839656
"Pre-growing season",106,135,"MeanSlope_per","Site",561.762287765946,563.378324415201,-1.61603664925508,0.383963350744921,0.535489713504345
"Pre-growing season",106,135,"Hydrologic_Group","Site",569.626152692252,563.378324415201,6.24782827705133,10.2478282770513,0.00595267763166472
"Pre-growing season",106,135,"Tile","Site",563.79681547161,563.378324415201,0.418491056409493,2.41849105640949,0.119910384863351
"Pre-growing season",107,135,"Tillage_Passes","Agricultural",538.290686314841,538.423430636265,-0.132744321423843,1.86725567857616,0.171789721262898
"Pre-growing season",107,135,"PerennialFrac","Agricultural",536.423431217625,538.423430636265,-1.99999941863996,5.81360040996515e-07,0.999391637258503
"Pre-growing season",107,135,"Residue_Frac","Agricultural",537.200359981764,538.423430636265,-1.22307065450013,0.776929345499866,0.378081903316488
"Pre-growing season",107,135,"MeanSlope_per","Site",536.423477020276,538.423430636265,-1.99995361598872,4.63840112843172e-05,0.994565984711766
"Pre-growing season",107,135,"Hydrologic_Group","Site",535.441199948696,538.423430636265,-2.98223068756897,1.01776931243103,0.601165711468382
"Pre-growing season",107,135,"Tile","Site",537.538297634938,538.423430636265,-0.885133001326267,1.11486699867373,0.291026412755858
"Pre-growing season",108,135,"Tillage_Passes","Agricultural",573.598143911445,565.732278726543,7.86586518490242,9.86586518490242,0.00168373479729254
"Pre-growing season",108,135,"PerennialFrac","Agricultural",564.172136863268,565.732278726543,-1.56014186327513,0.439858136724865,0.507190934663692
"Pre-growing season",108,135,"Residue_Frac","Agricultural",563.755396269777,565.732278726543,-1.97688245676557,0.0231175432344344,0.87915180333365
"Pre-growing season",108,135,"MeanSlope_per","Site",563.746387597101,565.732278726543,-1.98589112944182,0.0141088705581751,0.905449046676731
"Pre-growing season",108,135,"Hydrologic_Group","Site",569.085512835852,565.732278726543,3.35323410930914,7.35323410930914,0.0253084472733228
"Pre-growing season",108,135,"Tile","Site",568.400935067051,565.732278726543,2.66865634050794,4.66865634050794,0.0307179512169364
"Pre-growing season",109,135,"Tillage_Passes","Agricultural",558.919886434485,557.657841441764,1.26204499272046,3.26204499272046,0.0709006549924091
"Pre-growing season",109,135,"PerennialFrac","Agricultural",558.239071917825,557.657841441764,0.581230476060114,2.58123047606011,0.108137571327117
"Pre-growing season",109,135,"Residue_Frac","Agricultural",558.850401162918,557.657841441764,1.19255972115332,3.19255972115332,0.0739740958805755
"Pre-growing season",109,135,"MeanSlope_per","Site",561.852644046053,557.657841441764,4.19480260428895,6.19480260428895,0.0128126014061271
"Pre-growing season",109,135,"Hydrologic_Group","Site",554.51444390245,557.657841441764,-3.14339753931426,0.856602460685735,0.65161509899239
"Pre-growing season",109,135,"Tile","Site",555.767519539947,557.657841441764,-1.89032190181706,0.10967809818294,0.740510914406628
"Pre-growing season",110,135,"Tillage_Passes","Agricultural",546.295372837049,548.123062466642,-1.82768962959233,0.172310370407672,0.678066618191514
"Pre-growing season",110,135,"PerennialFrac","Agricultural",546.12572245186,548.123062466642,-1.99734001478146,0.00265998521854272,0.958867304446258
"Pre-growing season",110,135,"Residue_Frac","Agricultural",546.949124360725,548.123062466642,-1.17393810591659,0.826061894083409,0.363413750872706
"Pre-growing season",110,135,"MeanSlope_per","Site",546.482290086818,548.123062466642,-1.6407723798236,0.359227620176398,0.548935508663948
"Pre-growing season",110,135,"Hydrologic_Group","Site",554.332018703119,548.123062466642,6.20895623647709,10.2089562364771,0.00606950565306131
"Pre-growing season",110,135,"Tile","Site",551.930222245833,548.123062466642,3.8071597791909,5.8071597791909,0.0159610521052008
"Pre-growing season",111,135,"Tillage_Passes","Agricultural",574.601394223373,576.205113948463,-1.60371972508995,0.396280274910055,0.529016557472615
"Pre-growing season",111,135,"PerennialFrac","Agricultural",574.277820797398,576.205113948463,-1.92729315106499,0.0727068489350131,0.787435627206696
"Pre-growing season",111,135,"Residue_Frac","Agricultural",574.209204701982,576.205113948463,-1.99590924648078,0.00409075351922183,0.949002874198018
"Pre-growing season",111,135,"MeanSlope_per","Site",574.308068714284,576.205113948463,-1.89704523417902,0.102954765820982,0.748312205409161
"Pre-growing season",111,135,"Hydrologic_Group","Site",575.292154635608,576.205113948463,-0.912959312855037,3.08704068714496,0.213627733130158
"Pre-growing season",111,135,"Tile","Site",577.361319040513,576.205113948463,1.1562050920503,3.1562050920503,0.0756388239686117
"Pre-growing season",112,135,"Tillage_Passes","Agricultural",547.215121743528,545.644552965192,1.57056877833634,3.57056877833634,0.058812163599822
"Pre-growing season",112,135,"PerennialFrac","Agricultural",544.363763606836,545.644552965192,-1.28078935835561,0.719210641644395,0.39640295510419
"Pre-growing season",112,135,"Residue_Frac","Agricultural",543.792930116897,545.644552965192,-1.85162284829448,0.148377151705517,0.700091059175092
"Pre-growing season",112,135,"MeanSlope_per","Site",543.644645442742,545.644552965192,-1.99990752245014,9.24775498560848e-05,0.99232724156732
"Pre-growing season",112,135,"Hydrologic_Group","Site",552.262956548109,545.644552965192,6.61840358291761,10.6184035829176,0.00494587298055668
"Pre-growing season",112,135,"Tile","Site",545.562112847251,545.644552965192,-0.0824401179404504,1.91755988205955,0.166125907177217
"Pre-growing season",113,135,"Tillage_Passes","Agricultural",553.614848780485,539.510819615912,14.1040291645727,16.1040291645727,5.99563402195661e-05
"Pre-growing season",113,135,"PerennialFrac","Agricultural",539.968638464544,539.510819615912,0.457818848632087,2.45781884863209,0.116941067431008
"Pre-growing season",113,135,"Residue_Frac","Agricultural",538.125283456812,539.510819615912,-1.38553615909996,0.614463840900044,0.433112028524549
"Pre-growing season",113,135,"MeanSlope_per","Site",538.848012376371,539.510819615912,-0.662807239540939,1.33719276045906,0.247529637892387
"Pre-growing season",113,135,"Hydrologic_Group","Site",547.197511534541,539.510819615912,7.68669191862909,11.6866919186291,0.00289912602148072
"Pre-growing season",113,135,"Tile","Site",547.150216862979,539.510819615912,7.63939724706643,9.63939724706643,0.0019044772263004
"Pre-growing season",114,135,"Tillage_Passes","Agricultural",570.031839797753,571.433852753653,-1.40201295589964,0.597987044100364,0.439347092246843
"Pre-growing season",114,135,"PerennialFrac","Agricultural",570.8930152846,571.433852753653,-0.540837469052462,1.45916253094754,0.227063417837558
"Pre-growing season",114,135,"Residue_Frac","Agricultural",571.647032159184,571.433852753653,0.21317940553115,2.21317940553115,0.136836402013921
"Pre-growing season",114,135,"MeanSlope_per","Site",571.870536669999,571.433852753653,0.436683916346396,2.4366839163464,0.11852655351353
"Pre-growing season",114,135,"Hydrologic_Group","Site",573.484751128946,571.433852753653,2.05089837529374,6.05089837529374,0.0485360145945478
"Pre-growing season",114,135,"Tile","Site",571.300767197652,571.433852753653,-0.133085556000424,1.86691444399958,0.171828890821404
"Pre-growing season",115,135,"Tillage_Passes","Agricultural",561.712617662926,559.116795299626,2.59582236329993,4.59582236329993,0.0320499637646189
"Pre-growing season",115,135,"PerennialFrac","Agricultural",559.027908623829,559.116795299626,-0.0888866757975393,1.91111332420246,0.166839641242884
"Pre-growing season",115,135,"Residue_Frac","Agricultural",557.117310803466,559.116795299626,-1.99948449616033,0.000515503839665143,0.981885819058754
"Pre-growing season",115,135,"MeanSlope_per","Site",557.495100187744,559.116795299626,-1.62169511188222,0.378304888117782,0.538511830527122
"Pre-growing season",115,135,"Hydrologic_Group","Site",563.063690048539,559.116795299626,3.946894748913,7.946894748913,0.0188084813647181
"Pre-growing season",115,135,"Tile","Site",561.30443535779,559.116795299626,2.18764005816411,4.18764005816411,0.0407197440023927
"Pre-growing season",116,135,"Tillage_Passes","Agricultural",584.79447286944,585.555852831542,-0.761379962102637,1.23862003789736,0.265737171996597
"Pre-growing season",116,135,"PerennialFrac","Agricultural",584.067075266403,585.555852831542,-1.48877756513912,0.511222434860883,0.474610151700509
"Pre-growing season",116,135,"Residue_Frac","Agricultural",583.791177288603,585.555852831542,-1.7646755429397,0.235324457060301,0.62760362301581
"Pre-growing season",116,135,"MeanSlope_per","Site",585.785022366096,585.555852831542,0.229169534553421,2.22916953455342,0.135426620891048
"Pre-growing season",116,135,"Hydrologic_Group","Site",582.041787181957,585.555852831542,-3.51406564958575,0.485934350414254,0.78429725774407
"Pre-growing season",116,135,"Tile","Site",584.336447763501,585.555852831542,-1.21940506804106,0.780594931958944,0.376959250199293
"Pre-growing season",117,135,"Tillage_Passes","Agricultural",593.222997570442,594.470839074507,-1.24784150406549,0.752158495934509,0.385793697506811
"Pre-growing season",117,135,"PerennialFrac","Agricultural",593.757689092124,594.470839074507,-0.71314998238347,1.28685001761653,0.256629264785544
"Pre-growing season",117,135,"Residue_Frac","Agricultural",592.491934547356,594.470839074507,-1.97890452715092,0.0210954728490833,0.88451916951989
"Pre-growing season",117,135,"MeanSlope_per","Site",593.03373570277,594.470839074507,-1.43710337173695,0.562896628263047,0.453095495780892
"Pre-growing season",117,135,"Hydrologic_Group","Site",596.891282368517,594.470839074507,2.42044329401006,6.42044329401006,0.0403476693408007
"Pre-growing season",117,135,"Tile","Site",594.144320970579,594.470839074507,-0.326518103928265,1.67348189607173,0.195792811528574
"Pre-growing season",118,135,"Tillage_Passes","Agricultural",562.487767116268,564.335270751975,-1.84750363570731,0.152496364292688,0.696161067453695
"Pre-growing season",118,135,"PerennialFrac","Agricultural",562.379818905333,564.335270751975,-1.9554518466424,0.0445481533575958,0.832837070121937
"Pre-growing season",118,135,"Residue_Frac","Agricultural",562.380457824273,564.335270751975,-1.95481292770262,0.0451870722973808,0.831660414689263
"Pre-growing season",118,135,"MeanSlope_per","Site",562.717580374629,564.335270751975,-1.61769037734678,0.382309622653224,0.5363697500591
"Pre-growing season",118,135,"Hydrologic_Group","Site",564.432049103181,564.335270751975,0.0967783512052165,4.09677835120522,0.128942440018797
"Pre-growing season",118,135,"Tile","Site",565.586117780519,564.335270751975,1.25084702854338,3.25084702854338,0.0713865584709332
"Pre-growing season",119,135,"Tillage_Passes","Agricultural",532.251985904667,532.804137374673,-0.552151470006493,1.44784852999345,0.228873488023747
"Pre-growing season",119,135,"PerennialFrac","Agricultural",531.632826107035,532.804137374673,-1.17131126763798,0.828688732361968,0.362651969937062
"Pre-growing season",119,135,"Residue_Frac","Agricultural",534.136005273932,532.804137374673,1.3318678992589,3.3318678992589,0.0679496638241781
"Pre-growing season",119,135,"MeanSlope_per","Site",532.263347097594,532.804137374673,-0.540790277079054,1.45920972292095,0.227055903951297
"Pre-growing season",119,135,"Hydrologic_Group","Site",530.633677349141,532.804137374673,-2.17046002553241,1.82953997446759,0.400608760623549
"Pre-growing season",119,135,"Tile","Site",530.838444794306,532.804137374673,-1.96569258036754,0.0343074196324551,0.85305442643385
"Pre-growing season",120,135,"Tillage_Passes","Agricultural",573.35303123002,575.211077160987,-1.85804593096668,0.141954069033318,0.706346079526503
"Pre-growing season",120,135,"PerennialFrac","Agricultural",575.161073916253,575.211077160987,-0.0500032447340573,1.94999675526594,0.162587200377762
"Pre-growing season",120,135,"Residue_Frac","Agricultural",573.86426651134,575.211077160987,-1.3468106496465,0.6531893503535,0.418974706286959
"Pre-growing season",120,135,"MeanSlope_per","Site",573.332633859484,575.211077160987,-1.87844330150267,0.121556698497329,0.727352219194647
"Pre-growing season",120,135,"Hydrologic_Group","Site",574.533880579629,575.211077160987,-0.677196581357634,3.32280341864237,0.189872647225037
"Pre-growing season",120,135,"Tile","Site",574.052918452939,575.211077160987,-1.15815870804761,0.841841291952392,0.35887069089266
"Pre-growing season",121,135,"Tillage_Passes","Agricultural",563.899341099699,561.045598057659,2.8537430420397,4.8537430420397,0.027586207023871
"Pre-growing season",121,135,"PerennialFrac","Agricultural",561.078547858359,561.045598057659,0.0329498007001803,2.03294980070018,0.153921609559145
"Pre-growing season",121,135,"Residue_Frac","Agricultural",559.082292814423,561.045598057659,-1.96330524323582,0.0366947567641773,0.848087852548984
"Pre-growing season",121,135,"MeanSlope_per","Site",559.800081289143,561.045598057659,-1.2455167685165,0.754483231483505,0.385060514659399
"Pre-growing season",121,135,"Hydrologic_Group","Site",564.886465920846,561.045598057659,3.84086786318676,7.84086786318676,0.0198324869342489
"Pre-growing season",121,135,"Tile","Site",566.599171038897,561.045598057659,5.55357298123783,7.55357298123783,0.00598912061018379
"Pre-growing season",122,135,"Tillage_Passes","Agricultural",537.781362753313,539.438089588453,-1.65672683514072,0.343273164859283,0.557945954909861
"Pre-growing season",122,135,"PerennialFrac","Agricultural",539.421727200691,539.438089588453,-0.0163623877620012,1.983637612238,0.159007715838433
"Pre-growing season",122,135,"Residue_Frac","Agricultural",540.988485340621,539.438089588453,1.55039575216733,3.55039575216733,0.0595312500654936
"Pre-growing season",122,135,"MeanSlope_per","Site",540.752804290858,539.438089588453,1.31471470240433,3.31471470240433,0.0686622376880162
"Pre-growing season",122,135,"Hydrologic_Group","Site",545.887431509829,539.438089588453,6.44934192137532,10.4493419213753,0.00538213060114148
"Pre-growing season",122,135,"Tile","Site",540.004083891557,539.438089588453,0.565994303104048,2.56599430310405,0.10918388982378
"Pre-growing season",123,135,"Tillage_Passes","Agricultural",567.230443543751,569.175815771058,-1.94537222730696,0.0546277726930384,0.815197818550789
"Pre-growing season",123,135,"PerennialFrac","Agricultural",568.434020333761,569.175815771058,-0.741795437297128,1.25820456270287,0.261991216157722
"Pre-growing season",123,135,"Residue_Frac","Agricultural",567.297689888503,569.175815771058,-1.87812588255451,0.121874117445486,0.72701068037776
"Pre-growing season",123,135,"MeanSlope_per","Site",569.711729490226,569.175815771058,0.535913719168207,2.53591371916821,0.111282450731529
"Pre-growing season",123,135,"Hydrologic_Group","Site",583.391396013214,569.175815771058,14.2155802421564,18.2155802421564,0.0001107992978153
"Pre-growing season",123,135,"Tile","Site",568.526230084197,569.175815771058,-0.649585686860519,1.35041431313948,0.24520569909231
"Pre-growing season",124,135,"Tillage_Passes","Agricultural",559.958467496837,556.884290622438,3.07417687439852,5.07417687439852,0.0242847997668892
"Pre-growing season",124,135,"PerennialFrac","Agricultural",556.872654034966,556.884290622438,-0.0116365874722533,1.98836341252775,0.158512104195673
"Pre-growing season",124,135,"Residue_Frac","Agricultural",558.001205410728,556.884290622438,1.11691478828959,3.11691478828959,0.0774833589069685
"Pre-growing season",124,135,"MeanSlope_per","Site",557.797536461174,556.884290622438,0.913245838735293,2.91324583873529,0.0878548969733148
"Pre-growing season",124,135,"Hydrologic_Group","Site",554.278074583227,556.884290622438,-2.60621603921163,1.39378396078837,0.498131101592149
"Pre-growing season",124,135,"Tile","Site",556.718995209633,556.884290622438,-0.16529541280579,1.83470458719421,0.175572872320974
"Pre-growing season",125,135,"Tillage_Passes","Agricultural",566.87132919204,568.856987772214,-1.98565858017321,0.0143414198267919,0.904676701567818
"Pre-growing season",125,135,"PerennialFrac","Agricultural",567.241526197789,568.856987772214,-1.6154615744249,0.384538425575101,0.535184300162455
"Pre-growing season",125,135,"Residue_Frac","Agricultural",568.742175316599,568.856987772214,-0.114812455614924,1.88518754438508,0.169745718974685
"Pre-growing season",125,135,"MeanSlope_per","Site",567.282780374505,568.856987772214,-1.57420739770896,0.42579260229104,0.514060709136314
"Pre-growing season",125,135,"Hydrologic_Group","Site",569.434411923641,568.856987772214,0.577424151427181,4.57742415142718,0.101396969413392
"Pre-growing season",125,135,"Tile","Site",567.748082761366,568.856987772214,-1.10890501084759,0.891094989152407,0.345180748673898
"Pre-growing season",126,135,"Tillage_Passes","Agricultural",541.616887272215,540.770761396468,0.846125875747134,2.84612587574713,0.0915944120413363
"Pre-growing season",126,135,"PerennialFrac","Agricultural",539.735373855478,540.770761396468,-1.03538754099054,0.964612459009459,0.326027501533078
"Pre-growing season",126,135,"Residue_Frac","Agricultural",540.081813770209,540.770761396468,-0.688947626258937,1.31105237374106,0.252204205747504
"Pre-growing season",126,135,"MeanSlope_per","Site",539.1529851806,540.770761396468,-1.61777621586816,0.382223784131838,0.536415501091559
"Pre-growing season",126,135,"Hydrologic_Group","Site",551.11515031224,540.770761396468,10.3443889157721,14.3443889157721,0.000767636335931116
"Pre-growing season",126,135,"Tile","Site",546.043516677857,540.770761396468,5.27275528138841,7.27275528138841,0.00700083282087307
"Pre-growing season",127,135,"Tillage_Passes","Agricultural",549.472084340994,551.389949672989,-1.91786533199468,0.0821346680053239,0.774425150106415
"Pre-growing season",127,135,"PerennialFrac","Agricultural",549.547549522673,551.389949672989,-1.8424001503156,0.157599849684402,0.691375959034158
"Pre-growing season",127,135,"Residue_Frac","Agricultural",549.395213576433,551.389949672989,-1.99473609655581,0.00526390344418814,0.942162017124961
"Pre-growing season",127,135,"MeanSlope_per","Site",552.130011710697,551.389949672989,0.740062037707844,2.74006203770784,0.0978609675639124
"Pre-growing season",127,135,"Hydrologic_Group","Site",553.56642784094,551.389949672989,2.1764781679517,6.1764781679517,0.0455821501134945
"Pre-growing season",127,135,"Tile","Site",552.228263889816,551.389949672989,0.838314216827143,2.83831421682714,0.0920407304714073
"Pre-growing season",128,135,"Tillage_Passes","Agricultural",576.790032545708,578.578586105794,-1.78855356008626,0.211446439913743,0.645636053854275
"Pre-growing season",128,135,"PerennialFrac","Agricultural",576.703515598352,578.578586105794,-1.87507050744216,0.12492949255784,0.723748360576623
"Pre-growing season",128,135,"Residue_Frac","Agricultural",577.043500550564,578.578586105794,-1.5350855552299,0.464914444770102,0.495336112646015
"Pre-growing season",128,135,"MeanSlope_per","Site",577.065822761534,578.578586105794,-1.51276334426029,0.487236655739707,0.485162565277376
"Pre-growing season",128,135,"Hydrologic_Group","Site",581.344685681882,578.578586105794,2.76609957608821,6.76609957608821,0.0339437753945853
"Pre-growing season",128,135,"Tile","Site",578.825953294533,578.578586105794,0.247367188738735,2.24736718873874,0.133841949088406
"Pre-growing season",129,135,"Tillage_Passes","Agricultural",537.720322098809,538.364382051255,-0.644059952445218,1.35594004755478,0.244242347947085
"Pre-growing season",129,135,"PerennialFrac","Agricultural",538.885095964409,538.364382051255,0.520713913154509,2.52071391315451,0.112359705971427
"Pre-growing season",129,135,"Residue_Frac","Agricultural",541.061512269379,538.364382051255,2.69713021812493,4.69713021812493,0.0302130249889282
"Pre-growing season",129,135,"MeanSlope_per","Site",538.163137791084,538.364382051255,-0.201244260170824,1.79875573982918,0.179862992681707
"Pre-growing season",129,135,"Hydrologic_Group","Site",537.961580756356,538.364382051255,-0.402801294898381,3.59719870510162,0.165530575906233
"Pre-growing season",129,135,"Tile","Site",538.41361324183,538.364382051255,0.0492311905754832,2.04923119057548,0.152283071701993
"Pre-growing season",130,135,"Tillage_Passes","Agricultural",578.299393287528,580.245807944336,-1.94641465680832,0.0535853431916848,0.816937973579426
"Pre-growing season",130,135,"PerennialFrac","Agricultural",579.863258458211,580.245807944336,-0.382549486125072,1.61745051387493,0.203447643765879
"Pre-growing season",130,135,"Residue_Frac","Agricultural",582.139123276936,580.245807944336,1.89331533259997,3.89331533259997,0.0484786364427299
"Pre-growing season",130,135,"MeanSlope_per","Site",579.616137157788,580.245807944336,-0.629670786548672,1.37032921345133,0.241755328340294
"Pre-growing season",130,135,"Hydrologic_Group","Site",584.08432964433,580.245807944336,3.83852169999318,7.83852169999318,0.0198557657109728
"Pre-growing season",130,135,"Tile","Site",579.889472532581,580.245807944336,-0.356335411755367,1.64366458824463,0.199823412661484
"Pre-growing season",131,135,"Tillage_Passes","Agricultural",585.86996996519,587.525912066831,-1.6559421016417,0.344057898358301,0.557496238911249
"Pre-growing season",131,135,"PerennialFrac","Agricultural",585.569300578805,587.525912066831,-1.95661148802628,0.043388511973717,0.834995440116453
"Pre-growing season",131,135,"Residue_Frac","Agricultural",585.546756474398,587.525912066831,-1.97915559243313,0.0208444075668694,0.885203627103633
"Pre-growing season",131,135,"MeanSlope_per","Site",585.992510732293,587.525912066831,-1.53340133453867,0.466598665461333,0.494556117193192
"Pre-growing season",131,135,"Hydrologic_Group","Site",600.05245335001,587.525912066831,12.5265412831783,16.5265412831783,0.000257814392311025
"Pre-growing season",131,135,"Tile","Site",587.026332506596,587.525912066831,-0.499579560235361,1.50042043976464,0.220606681730424
"Pre-growing season",132,135,"Tillage_Passes","Agricultural",548.707284179678,549.422009658834,-0.714725479156073,1.28527452084393,0.256920626014829
"Pre-growing season",132,135,"PerennialFrac","Agricultural",547.663449759844,549.422009658834,-1.75855989898935,0.241440101010653,0.623167927336334
"Pre-growing season",132,135,"Residue_Frac","Agricultural",547.472818285853,549.422009658834,-1.94919137298098,0.0508086270190233,0.821662129285018
"Pre-growing season",132,135,"MeanSlope_per","Site",550.016589657158,549.422009658834,0.594579998324207,2.59457999832421,0.107229861758948
"Pre-growing season",132,135,"Hydrologic_Group","Site",554.280099121978,549.422009658834,4.85808946314387,8.85808946314387,0.0119258766465529
"Pre-growing season",132,135,"Tile","Site",547.423628010735,549.422009658834,-1.99838164809864,0.00161835190135662,0.967910761204762
"Pre-growing season",133,135,"Tillage_Passes","Agricultural",551.077920369508,552.997564650906,-1.91964428139829,0.0803557186017088,0.776815929633011
"Pre-growing season",133,135,"PerennialFrac","Agricultural",550.998070538357,552.997564650906,-1.99949411254931,0.000505887450685805,0.982055539803322
"Pre-growing season",133,135,"Residue_Frac","Agricultural",551.558160739317,552.997564650906,-1.43940391158947,0.560596088410534,0.454020169169108
"Pre-growing season",133,135,"MeanSlope_per","Site",551.467117192117,552.997564650906,-1.53044745878935,0.469552541210646,0.49319309254608
"Pre-growing season",133,135,"Hydrologic_Group","Site",554.217369372846,552.997564650906,1.21980472193968,5.21980472193968,0.0735417239551211
"Pre-growing season",133,135,"Tile","Site",551.650590554722,552.997564650906,-1.34697409618434,0.65302590381566,0.419032912975961
"Pre-growing season",134,135,"Tillage_Passes","Agricultural",559.578413067318,560.938314602834,-1.35990153551552,0.640098464484481,0.423675144003978
"Pre-growing season",134,135,"PerennialFrac","Agricultural",558.938393399807,560.938314602834,-1.99992120302682,7.87969731845806e-05,0.992917458537122
"Pre-growing season",134,135,"Residue_Frac","Agricultural",559.359440980922,560.938314602834,-1.57887362191207,0.421126378087934,0.516375537975557
"Pre-growing season",134,135,"MeanSlope_per","Site",559.652492501503,560.938314602834,-1.28582210133038,0.714177898669618,0.398060330056489
"Pre-growing season",134,135,"Hydrologic_Group","Site",568.390210393188,560.938314602834,7.45189579035434,11.4518957903543,0.00326026142475138
"Pre-growing season",134,135,"Tile","Site",563.668843254579,560.938314602834,2.73052865174554,4.73052865174554,0.0296317762211483
"Pre-growing season",135,135,"Tillage_Passes","Agricultural",557.442491635067,548.657000928963,8.78549070610404,10.785490706104,0.00102298781785722
"Pre-growing season",135,135,"PerennialFrac","Agricultural",546.763231226651,548.657000928963,-1.89376970231228,0.106230297687716,0.744477395280707
"Pre-growing season",135,135,"Residue_Frac","Agricultural",546.962769134622,548.657000928963,-1.69423179434091,0.305768205659092,0.580288668123232
"Pre-growing season",135,135,"MeanSlope_per","Site",547.190885471477,548.657000928963,-1.4661154574859,0.533884542514102,0.464978280053074
"Pre-growing season",135,135,"Hydrologic_Group","Site",556.025781624598,548.657000928963,7.36878069563545,11.3687806956355,0.00339860458487268
"Pre-growing season",135,135,"Tile","Site",561.323359448726,548.657000928963,12.6663585197632,14.6663585197632,0.000128316153665301
"Pre-growing season",136,135,"Tillage_Passes","Agricultural",532.633604392501,534.626425046022,-1.99282065352065,0.0071793464794041,0.932475230823102
"Pre-growing season",136,135,"PerennialFrac","Agricultural",534.292532552186,534.626425046022,-0.333892493836061,1.66610750616394,0.196780714100455
"Pre-growing season",136,135,"Residue_Frac","Agricultural",532.641638528529,534.626425046022,-1.98478651749349,0.0152134825065104,0.901835533883355
"Pre-growing season",136,135,"MeanSlope_per","Site",532.62705364244,534.626425046022,-1.99937140358236,0.000628596417584504,0.979997673369152
"Pre-growing season",136,135,"Hydrologic_Group","Site",542.116061959265,534.626425046022,7.4896369132432,11.4896369132432,0.00319931531343531
"Pre-growing season",136,135,"Tile","Site",532.938913188215,534.626425046022,-1.68751185780718,0.312488142192819,0.576157360326488
"Pre-growing season",137,135,"Tillage_Passes","Agricultural",550.527424308065,551.096061236124,-0.568636928059163,1.43136307194084,0.231542113206503
"Pre-growing season",137,135,"PerennialFrac","Agricultural",550.584377248064,551.096061236124,-0.511683988059644,1.48831601194036,0.222477924011177
"Pre-growing season",137,135,"Residue_Frac","Agricultural",554.69607095665,551.096061236124,3.60000972052626,5.60000972052626,0.0179603778754514
"Pre-growing season",137,135,"MeanSlope_per","Site",549.683734457834,551.096061236124,-1.41232677829021,0.587673221709792,0.443320282524185
"Pre-growing season",137,135,"Hydrologic_Group","Site",556.342610197371,551.096061236124,5.24654896124719,9.24654896124719,0.00982058603572906
"Pre-growing season",137,135,"Tile","Site",549.597054718166,551.096061236124,-1.4990065179577,0.500993482042304,0.479063919788063
"Pre-growing season",138,135,"Tillage_Passes","Agricultural",550.075872489244,552.00975082453,-1.93387833528641,0.0661216647135916,0.797069671536897
"Pre-growing season",138,135,"PerennialFrac","Agricultural",550.391684358327,552.00975082453,-1.61806646620266,0.381933533797337,0.536570254095489
"Pre-growing season",138,135,"Residue_Frac","Agricultural",550.179009811375,552.00975082453,-1.83074101315515,0.169258986844852,0.680771210826448
"Pre-growing season",138,135,"MeanSlope_per","Site",550.80384793812,552.00975082453,-1.20590288641017,0.794097113589828,0.372864116481627
"Pre-growing season",138,135,"Hydrologic_Group","Site",559.952470538082,552.00975082453,7.94271971355215,11.9427197135522,0.00255077037708647
"Pre-growing season",138,135,"Tile","Site",556.396231319907,552.00975082453,4.38648049537642,6.38648049537642,0.0114992806730029
"Pre-growing season",139,135,"Tillage_Passes","Agricultural",564.904587720614,562.034143422516,2.87044429809816,4.87044429809816,0.027320465601634
"Pre-growing season",139,135,"PerennialFrac","Agricultural",560.429646142482,562.034143422516,-1.6044972800338,0.395502719966203,0.529421027540703
"Pre-growing season",139,135,"Residue_Frac","Agricultural",562.547986008186,562.034143422516,0.513842585670204,2.5138425856702,0.112850461905136
"Pre-growing season",139,135,"MeanSlope_per","Site",560.867334428798,562.034143422516,-1.16680899371772,0.833191006282277,0.361351436291534
"Pre-growing season",139,135,"Hydrologic_Group","Site",566.231109651052,562.034143422516,4.19696622853553,8.19696622853553,0.0165978333326524
"Pre-growing season",139,135,"Tile","Site",567.697242785216,562.034143422516,5.66309936270011,7.66309936270011,0.00563616011834464
"Pre-growing season",140,135,"Tillage_Passes","Agricultural",561.551484306049,563.266569248852,-1.71508494280272,0.284915057197281,0.593497661731697
"Pre-growing season",140,135,"PerennialFrac","Agricultural",561.397068016512,563.266569248852,-1.86950123234044,0.13049876765956,0.717915459091142
"Pre-growing season",140,135,"Residue_Frac","Agricultural",563.303903898787,563.266569248852,0.0373346499345644,2.03733464993456,0.153478366376092
"Pre-growing season",140,135,"MeanSlope_per","Site",561.266625248311,563.266569248852,-1.99994400054129,5.5999458709266e-05,0.994029263261716
"Pre-growing season",140,135,"Hydrologic_Group","Site",574.081418913561,563.266569248852,10.814849664709,14.814849664709,0.000606731118842404
"Pre-growing season",140,135,"Tile","Site",563.889748802808,563.266569248852,0.623179553955879,2.62317955395588,0.105313226644359
"Pre-growing season",141,135,"Tillage_Passes","Agricultural",547.015589200795,541.682642308696,5.33294689209947,7.33294689209947,0.00677019653023245
"Pre-growing season",141,135,"PerennialFrac","Agricultural",544.235681724388,541.682642308696,2.55303941569264,4.55303941569264,0.0328603653362062
"Pre-growing season",141,135,"Residue_Frac","Agricultural",540.603657224267,541.682642308696,-1.0789850844285,0.921014915571504,0.337208629624874
"Pre-growing season",141,135,"MeanSlope_per","Site",539.851435011429,541.682642308696,-1.8312072972667,0.168792702733299,0.68118700724628
"Pre-growing season",141,135,"Hydrologic_Group","Site",542.140418153878,541.682642308696,0.457775845182368,4.45777584518237,0.107648076589483
"Pre-growing season",141,135,"Tile","Site",543.116613741919,541.682642308696,1.43397143322375,3.43397143322375,0.0638683430086159
"Pre-growing season",142,135,"Tillage_Passes","Agricultural",568.219622113153,569.895656461443,-1.67603434829016,0.323965651709841,0.569234123451022
"Pre-growing season",142,135,"PerennialFrac","Agricultural",569.948279669704,569.895656461443,0.0526232082609113,2.05262320826091,0.151944196329033
"Pre-growing season",142,135,"Residue_Frac","Agricultural",568.080771710136,569.895656461443,-1.81488475130686,0.185115248693137,0.667013636784916
"Pre-growing season",142,135,"MeanSlope_per","Site",568.003340628153,569.895656461443,-1.89231583329058,0.107684166709419,0.742796241277915
"Pre-growing season",142,135,"Hydrologic_Group","Site",573.288518612509,569.895656461443,3.39286215106631,7.39286215106631,0.0248119205108685
"Pre-growing season",142,135,"Tile","Site",568.03881762668,569.895656461443,-1.85683883476293,0.143161165237075,0.705158393040072
"Pre-growing season",143,135,"Tillage_Passes","Agricultural",534.371002147371,535.489443943039,-1.11844179566788,0.881558204332066,0.347775254765911
"Pre-growing season",143,135,"PerennialFrac","Agricultural",533.493112614027,535.489443943039,-1.99633132901215,0.00366867098784951,0.951702020613968
"Pre-growing season",143,135,"Residue_Frac","Agricultural",533.581928264771,535.489443943039,-1.9075156782684,0.0924843217316038,0.761042297849909
"Pre-growing season",143,135,"MeanSlope_per","Site",534.417086903725,535.489443943039,-1.07235703931383,0.927642960686114,0.335476150163565
"Pre-growing season",143,135,"Hydrologic_Group","Site",538.184349907696,535.489443943039,2.69490596465653,6.69490596465653,0.0351738284687689
"Pre-growing season",143,135,"Tile","Site",534.196041458267,535.489443943039,-1.29340248477217,0.706597515227827,0.400575673709814
"Pre-growing season",144,135,"Tillage_Passes","Agricultural",551.66738154885,552.257830785591,-0.590449236740938,1.40955076325906,0.23513098339984
"Pre-growing season",144,135,"PerennialFrac","Agricultural",550.273887810593,552.257830785591,-1.98394297499783,0.0160570250021692,0.899164930822841
"Pre-growing season",144,135,"Residue_Frac","Agricultural",553.558300668708,552.257830785591,1.30046988311676,3.30046988311676,0.0692600683813152
"Pre-growing season",144,135,"MeanSlope_per","Site",553.207783894606,552.257830785591,0.949953109014473,2.94995310901447,0.0858800498462356
"Pre-growing season",144,135,"Hydrologic_Group","Site",554.578128636672,552.257830785591,2.32029785108034,6.32029785108034,0.0424194232745569
"Pre-growing season",144,135,"Tile","Site",550.320769239388,552.257830785591,-1.93706154620349,0.0629384537965052,0.801910463560554
"Pre-growing season",145,135,"Tillage_Passes","Agricultural",579.117064240113,580.999998822308,-1.88293458219448,0.11706541780552,0.732239335821287
"Pre-growing season",145,135,"PerennialFrac","Agricultural",579.601562192616,580.999998822308,-1.39843662969179,0.601563370308213,0.437982150432766
"Pre-growing season",145,135,"Residue_Frac","Agricultural",581.318166271061,580.999998822308,0.318167448753229,2.31816744875323,0.127870591600226
"Pre-growing season",145,135,"MeanSlope_per","Site",582.97090106239,580.999998822308,1.97090224008218,3.97090224008218,0.0462929616723667
"Pre-growing season",145,135,"Hydrologic_Group","Site",582.910429387329,580.999998822308,1.91043056502076,5.91043056502076,0.0520674501579264
"Pre-growing season",145,135,"Tile","Site",580.269236664555,580.999998822308,-0.730762157752451,1.26923784224755,0.259909708869011
"Pre-growing season",146,135,"Tillage_Passes","Agricultural",529.062311122488,528.620366010737,0.441945111751011,2.44194511175101,0.118129663224858
"Pre-growing season",146,135,"PerennialFrac","Agricultural",526.63544385044,528.620366010737,-1.98492216029695,0.0150778397031672,0.90227192406043
"Pre-growing season",146,135,"Residue_Frac","Agricultural",528.027698669062,528.620366010737,-0.592667341675337,1.40733265832472,0.235499692257238
"Pre-growing season",146,135,"MeanSlope_per","Site",526.634120350731,528.620366010737,-1.98624566000638,0.0137543399936817,0.906639046315403
"Pre-growing season",146,135,"Hydrologic_Group","Site",546.687013959951,528.620366010737,18.0666479492139,22.066647949214,1.61543050927719e-05
"Pre-growing season",146,135,"Tile","Site",532.624891179021,528.620366010737,4.00452516828409,6.0045251682842,0.0142692336083549
"Pre-growing season",147,135,"Tillage_Passes","Agricultural",571.302405419174,569.193091855831,2.10931356334254,4.10931356334254,0.0426476688622302
"Pre-growing season",147,135,"PerennialFrac","Agricultural",568.064538899361,569.193091855831,-1.12855295647023,0.87144704352977,0.350555017127535
"Pre-growing season",147,135,"Residue_Frac","Agricultural",568.038035275444,569.193091855831,-1.15505658038717,0.844943419612832,0.35798676692686
"Pre-growing season",147,135,"MeanSlope_per","Site",567.280789249987,569.193091855831,-1.91230260584439,0.0876973941556116,0.767125108703096
"Pre-growing season",147,135,"Hydrologic_Group","Site",576.346637718723,569.193091855831,7.15354586289186,11.1535458628919,0.00378475951118845
"Pre-growing season",147,135,"Tile","Site",570.891070086528,569.193091855831,1.69797823069644,3.69797823069644,0.0544784423065484
"Pre-growing season",148,135,"Tillage_Passes","Agricultural",570.895172940735,572.474222039668,-1.57904909893307,0.420950901066931,0.516462944120519
"Pre-growing season",148,135,"PerennialFrac","Agricultural",576.194656841494,572.474222039668,3.72043480182595,5.72043480182595,0.0167685774027105
"Pre-growing season",148,135,"Residue_Frac","Agricultural",575.389519018768,572.474222039668,2.91529697909982,4.91529697909982,0.0266198864510144
"Pre-growing season",148,135,"MeanSlope_per","Site",572.332518545212,572.474222039668,-0.141703494456124,1.85829650554388,0.172821536746247
"Pre-growing season",148,135,"Hydrologic_Group","Site",575.520091661223,572.474222039668,3.0458696215544,7.0458696215544,0.029512693773611
"Pre-growing season",148,135,"Tile","Site",574.256829067218,572.474222039668,1.78260702754983,3.78260702754983,0.0517879119879468
"Pre-growing season",149,135,"Tillage_Passes","Agricultural",527.20413573937,523.730852000603,3.47328373876655,5.47328373876655,0.0193093120716163
"Pre-growing season",149,135,"PerennialFrac","Agricultural",521.821825853892,523.730852000603,-1.9090261467112,0.0909738532888582,0.762942734435883
"Pre-growing season",149,135,"Residue_Frac","Agricultural",525.197699732054,523.730852000603,1.46684773145114,3.46684773145114,0.0626105195600565
"Pre-growing season",149,135,"MeanSlope_per","Site",522.064311110408,523.730852000603,-1.66654089019551,0.333459109804437,0.563629303116414
"Pre-growing season",149,135,"Hydrologic_Group","Site",538.724957688684,523.730852000603,14.9941056880812,18.9941056880812,7.50727552951349e-05
"Pre-growing season",149,135,"Tile","Site",534.946275134676,523.730852000603,11.215423134073,13.215423134073,0.000277654808169949
"Pre-growing season",150,135,"Tillage_Passes","Agricultural",546.984254730243,545.632850348106,1.35140438213693,3.35140438213693,0.0671477032409909
"Pre-growing season",150,135,"PerennialFrac","Agricultural",544.492916865779,545.632850348106,-1.13993348232736,0.860066517672635,0.353720077753735
"Pre-growing season",150,135,"Residue_Frac","Agricultural",544.635782854416,545.632850348106,-0.997067493690679,1.00293250630932,0.316601966088574
"Pre-growing season",150,135,"MeanSlope_per","Site",544.15717983981,545.632850348106,-1.47567050829616,0.524329491703838,0.469000664507044
"Pre-growing season",150,135,"Hydrologic_Group","Site",546.472551312586,545.632850348106,0.839700964479789,4.83970096447979,0.0889349138144497
"Pre-growing season",150,135,"Tile","Site",547.461040964156,545.632850348106,1.82819061604994,3.82819061604994,0.0503973097613525
"Pre-growing season",151,135,"Tillage_Passes","Agricultural",560.707860522271,560.074541503435,0.633319018836232,2.63331901883623,0.104642762181616
"Pre-growing season",151,135,"PerennialFrac","Agricultural",558.116610887602,560.074541503435,-1.95793061583242,0.0420693841675757,0.837487570037677
"Pre-growing season",151,135,"Residue_Frac","Agricultural",558.274842676118,560.074541503435,-1.799698827317,0.200301172682998,0.654477857866637
"Pre-growing season",151,135,"MeanSlope_per","Site",558.074572517224,560.074541503435,-1.99996898621077,3.10137892256535e-05,0.99555660182669
"Pre-growing season",151,135,"Hydrologic_Group","Site",559.855720384387,560.074541503435,-0.218821119047107,3.78117888095289,0.150982787236437
"Pre-growing season",151,135,"Tile","Site",560.042707261316,560.074541503435,-0.0318342421189755,1.96816575788102,0.160642691079794
"Pre-growing season",152,135,"Tillage_Passes","Agricultural",490.248070493427,483.902253556609,6.3458169368177,8.3458169368177,0.00386576307070384
"Pre-growing season",152,135,"PerennialFrac","Agricultural",485.935294817428,483.902253556609,2.033041260819,4.033041260819,0.0446174409365918
"Pre-growing season",152,135,"Residue_Frac","Agricultural",486.736521917151,483.902253556609,2.83426836054116,4.83426836054116,0.0278994766415105
"Pre-growing season",152,135,"MeanSlope_per","Site",486.966846001164,483.902253556609,3.06459244455436,5.06459244455436,0.0244194466986268
"Pre-growing season",152,135,"Hydrologic_Group","Site",493.219486090808,483.902253556609,9.31723253419904,13.317232534199,0.00128292036184937
"Pre-growing season",152,135,"Tile","Site",482.859671179153,483.902253556609,-1.04258237745654,0.95741762254346,0.327838364628924
"Pre-growing season",153,135,"Tillage_Passes","Agricultural",557.516882219056,558.762787776053,-1.24590555699683,0.754094443003169,0.385182994011456
"Pre-growing season",153,135,"PerennialFrac","Agricultural",560.771626378152,558.762787776053,2.00883860209899,4.00883860209899,0.0452623192876709
"Pre-growing season",153,135,"Residue_Frac","Agricultural",557.147178744832,558.762787776053,-1.61560903122097,0.38439096877903,0.535262582030327
"Pre-growing season",153,135,"MeanSlope_per","Site",557.078285031093,558.762787776053,-1.6845027449599,0.3154972550401,0.57432627886305
"Pre-growing season",153,135,"Hydrologic_Group","Site",562.199527776936,558.762787776053,3.43674000088299,7.43674000088299,0.0242735014136765
"Pre-growing season",153,135,"Tile","Site",558.602319137011,558.762787776053,-0.160468639041824,1.83953136095818,0.175005884538719
"Pre-growing season",154,135,"Tillage_Passes","Agricultural",562.609911164059,560.492688978791,2.11722218526734,4.11722218526734,0.0424487238369292
"Pre-growing season",154,135,"PerennialFrac","Agricultural",562.413911501148,560.492688978791,1.9212225223564,3.9212225223564,0.0476801953668394
"Pre-growing season",154,135,"Residue_Frac","Agricultural",563.394627763993,560.492688978791,2.90193878520154,4.90193878520154,0.0268265608117556
"Pre-growing season",154,135,"MeanSlope_per","Site",562.962957887921,560.492688978791,2.47026890912935,4.47026890912935,0.034489563171108
"Pre-growing season",154,135,"Hydrologic_Group","Site",568.149643012815,560.492688978791,7.65695403402367,11.6569540340237,0.00294255503061407
"Pre-growing season",154,135,"Tile","Site",566.346407444909,560.492688978791,5.8537184661177,7.8537184661177,0.00507162885879581
"Pre-growing season",155,135,"Tillage_Passes","Agricultural",531.057303802187,525.870222219466,5.18708158272068,7.18708158272068,0.00734303150849745
"Pre-growing season",155,135,"PerennialFrac","Agricultural",523.884923080961,525.870222219466,-1.98529913850473,0.0147008614952711,0.903495311561687
"Pre-growing season",155,135,"Residue_Frac","Agricultural",525.645918333072,525.870222219466,-0.2243038863935,1.77569611360644,0.182678708231658
"Pre-growing season",155,135,"MeanSlope_per","Site",524.612167057369,525.870222219466,-1.25805516209675,0.741944837903247,0.389038588583476
"Pre-growing season",155,135,"Hydrologic_Group","Site",534.934059821515,525.870222219466,9.06383760204881,13.0638376020488,0.00145620899203256
"Pre-growing season",155,135,"Tile","Site",531.690468458794,525.870222219466,5.82024623932807,7.82024623932813,0.00516641563465028
"Pre-growing season",156,135,"Tillage_Passes","Agricultural",553.786162633551,555.758489288026,-1.97232665447461,0.0276733455253861,0.867879100141825
"Pre-growing season",156,135,"PerennialFrac","Agricultural",553.899310451547,555.758489288026,-1.85917883647915,0.140821163520854,0.707466025565402
"Pre-growing season",156,135,"Residue_Frac","Agricultural",554.306175910792,555.758489288026,-1.45231337723408,0.547686622765923,0.459264482423351
"Pre-growing season",156,135,"MeanSlope_per","Site",556.457395685795,555.758489288026,0.698906397768837,2.69890639776884,0.100417104199938
"Pre-growing season",156,135,"Hydrologic_Group","Site",556.298693200858,555.758489288026,0.540203912832112,4.54020391283211,0.103301647280437
"Pre-growing season",156,135,"Tile","Site",558.62581730301,555.758489288026,2.86732801498374,4.86732801498374,0.0273698474150711
"Pre-growing season",157,135,"Tillage_Passes","Agricultural",558.067160260532,555.588286982553,2.47887327797855,4.47887327797855,0.0343163371435558
"Pre-growing season",157,135,"PerennialFrac","Agricultural",556.332051148462,555.588286982553,0.743764165908942,2.74376416590894,0.0976345365332932
"Pre-growing season",157,135,"Residue_Frac","Agricultural",554.646173854805,555.588286982553,-0.942113127748371,1.05788687225163,0.303697635612599
"Pre-growing season",157,135,"MeanSlope_per","Site",556.767302541384,555.588286982553,1.17901555883088,3.17901555883088,0.0745896558993688
"Pre-growing season",157,135,"Hydrologic_Group","Site",553.07525108235,555.588286982553,-2.51303590020268,1.48696409979732,0.475455470130323
"Pre-growing season",157,135,"Tile","Site",553.600167305458,555.588286982553,-1.98811967709503,0.0118803229049718,0.91320495387531
"Pre-growing season",158,135,"Tillage_Passes","Agricultural",560.363788491559,561.064633915552,-0.700845423993314,1.29915457600669,0.254367707769001
"Pre-growing season",158,135,"PerennialFrac","Agricultural",559.136299050451,561.064633915552,-1.9283348651004,0.0716651348996038,0.788927597223612
"Pre-growing season",158,135,"Residue_Frac","Agricultural",559.536272192441,561.064633915552,-1.52836172311106,0.471638276888939,0.492234448524479
"Pre-growing season",158,135,"MeanSlope_per","Site",559.306123162294,561.064633915552,-1.75851075325795,0.241489246742049,0.623132565429134
"Pre-growing season",158,135,"Hydrologic_Group","Site",572.263837892952,561.064633915552,11.1992039773997,15.1992039773997,0.000500650658410549
"Pre-growing season",158,135,"Tile","Site",562.842623108955,561.064633915552,1.77798919340319,3.77798919340319,0.0519310332756744
"Pre-growing season",159,135,"Tillage_Passes","Agricultural",543.252531351578,544.571295393524,-1.31876404194543,0.681235958054572,0.409161451087221
"Pre-growing season",159,135,"PerennialFrac","Agricultural",543.005987538347,544.571295393524,-1.56530785517646,0.434692144823543,0.509695520207284
"Pre-growing season",159,135,"Residue_Frac","Agricultural",544.713707495988,544.571295393524,0.142412102464505,2.1424121024645,0.143276457258151
"Pre-growing season",159,135,"MeanSlope_per","Site",543.183741727793,544.571295393524,-1.38755366573037,0.612446334269634,0.43386820610276
"Pre-growing season",159,135,"Hydrologic_Group","Site",547.707504735809,544.571295393524,3.13620934228504,7.13620934228504,0.0282092688859876
"Pre-growing season",159,135,"Tile","Site",546.492780374258,544.571295393524,1.92148498073482,3.92148498073482,0.0476727524811595
"Pre-growing season",160,135,"Tillage_Passes","Agricultural",537.482209437552,539.378481733727,-1.89627229617531,0.103727703824688,0.747401289150157
"Pre-growing season",160,135,"PerennialFrac","Agricultural",538.131883986016,539.378481733727,-1.24659774771123,0.753402252288765,0.385401190769512
"Pre-growing season",160,135,"Residue_Frac","Agricultural",537.58807303643,539.378481733727,-1.79040869729738,0.20959130270262,0.647087925458827
"Pre-growing season",160,135,"MeanSlope_per","Site",537.681673324687,539.378481733727,-1.69680840904027,0.303191590959727,0.581888463591809
"Pre-growing season",160,135,"Hydrologic_Group","Site",545.798511916833,539.378481733727,6.42003018310584,10.4200301831058,0.00546159126312526
"Pre-growing season",160,135,"Tile","Site",540.951917629029,539.378481733727,1.57343589530205,3.57343589530205,0.058710714260309
"Pre-growing season",161,135,"Tillage_Passes","Agricultural",520.864996749735,522.07173550674,-1.20673875700447,0.793261242995527,0.373115815430495
"Pre-growing season",161,135,"PerennialFrac","Agricultural",520.364216515785,522.07173550674,-1.70751899095444,0.292481009045559,0.588635010517543
"Pre-growing season",161,135,"Residue_Frac","Agricultural",520.777566342687,522.07173550674,-1.29416916405262,0.705830835947381,0.400831357469336
"Pre-growing season",161,135,"MeanSlope_per","Site",520.104650488162,522.07173550674,-1.96708501857779,0.0329149814222092,0.856034103740629
"Pre-growing season",161,135,"Hydrologic_Group","Site",531.095455683377,522.07173550674,9.02372017663674,13.0237201766367,0.00148571359273534
"Pre-growing season",161,135,"Tile","Site",525.151684074469,522.07173550674,3.07994856772905,5.07994856772899,0.0242040879516993
"Pre-growing season",162,135,"Tillage_Passes","Agricultural",558.608896739548,558.028764345334,0.580132394214047,2.58013239421405,0.108212610793563
"Pre-growing season",162,135,"PerennialFrac","Agricultural",556.02936791319,558.028764345334,-1.99939643214418,0.000603567855819165,0.980399848565766
"Pre-growing season",162,135,"Residue_Frac","Agricultural",556.82959481023,558.028764345334,-1.19916953510415,0.800830464895853,0.370845190117789
"Pre-growing season",162,135,"MeanSlope_per","Site",557.397244488257,558.028764345334,-0.631519857076682,1.36848014292332,0.242073187882768
"Pre-growing season",162,135,"Hydrologic_Group","Site",559.789496790303,558.028764345334,1.76073244496956,5.76073244496956,0.0561142087857131
"Pre-growing season",162,135,"Tile","Site",558.616044941396,558.028764345334,0.587280596061987,2.58728059606199,0.107725148461467
"Pre-growing season",163,135,"Tillage_Passes","Agricultural",518.147845019268,519.075249783049,-0.927404763780942,1.07259523621906,0.300359978379578
"Pre-growing season",163,135,"PerennialFrac","Agricultural",517.862153108727,519.075249783049,-1.21309667432183,0.786903325678168,0.375038137341315
"Pre-growing season",163,135,"Residue_Frac","Agricultural",517.429824407928,519.075249783049,-1.64542537512079,0.354574624879206,0.551534899490953
"Pre-growing season",163,135,"MeanSlope_per","Site",517.088354739433,519.075249783049,-1.98689504361619,0.0131049563838133,0.908859771847136
"Pre-growing season",163,135,"Hydrologic_Group","Site",517.884345267722,519.075249783049,-1.19090451532679,2.80909548467321,0.245478050681656
"Pre-growing season",163,135,"Tile","Site",517.988597538046,519.075249783049,-1.08665224500328,0.913347754996721,0.339227718418753
"Pre-growing season",164,135,"Tillage_Passes","Agricultural",581.0959721047,580.007247058414,1.08872504628596,3.08872504628596,0.0788365562298611
"Pre-growing season",164,135,"PerennialFrac","Agricultural",578.909204760193,580.007247058414,-1.09804229822078,0.901957701779224,0.342257321208192
"Pre-growing season",164,135,"Residue_Frac","Agricultural",581.011550324872,580.007247058414,1.00430326645835,3.00430326645835,0.0830436738783396
"Pre-growing season",164,135,"MeanSlope_per","Site",580.347826338357,580.007247058414,0.340579279942972,2.34057927994297,0.126042675170759
"Pre-growing season",164,135,"Hydrologic_Group","Site",583.220371323451,580.007247058414,3.21312426503766,7.21312426503766,0.0271450075763305
"Pre-growing season",164,135,"Tile","Site",579.337689169666,580.007247058414,-0.669557888747931,1.33044211125207,0.248726580972337
"Pre-growing season",165,135,"Tillage_Passes","Agricultural",541.317068361522,535.767227587523,5.54984077399865,7.54984077399871,0.00600153773437105
"Pre-growing season",165,135,"PerennialFrac","Agricultural",536.549189197702,535.767227587523,0.781961610178769,2.78196161017883,0.0953313419798218
"Pre-growing season",165,135,"Residue_Frac","Agricultural",533.771773086123,535.767227587523,-1.99545450140022,0.00454549859983899,0.946247098574522
"Pre-growing season",165,135,"MeanSlope_per","Site",535.492748729823,535.767227587523,-0.274478857699933,1.72552114230007,0.188983901215058
"Pre-growing season",165,135,"Hydrologic_Group","Site",539.802819012043,535.767227587523,4.03559142451957,8.03559142451962,0.0179925820877749
"Pre-growing season",165,135,"Tile","Site",536.896075783584,535.767227587523,1.12884819606063,3.12884819606069,0.0769180667629625
"Pre-growing season",166,135,"Tillage_Passes","Agricultural",563.070025533395,559.581120185889,3.4889053475066,5.4889053475066,0.0191375215354848
"Pre-growing season",166,135,"PerennialFrac","Agricultural",561.103962740078,559.581120185889,1.52284255418908,3.52284255418908,0.060528552869977
"Pre-growing season",166,135,"Residue_Frac","Agricultural",562.700610700068,559.581120185889,3.11949051417901,5.11949051417901,0.0236585617702791
"Pre-growing season",166,135,"MeanSlope_per","Site",558.302290773341,559.581120185889,-1.27882941254734,0.721170587452661,0.395760203510976
"Pre-growing season",166,135,"Hydrologic_Group","Site",570.589478588785,559.581120185889,11.0083584028961,15.0083584028961,0.000550777742435405
"Pre-growing season",166,135,"Tile","Site",570.13513014554,559.581120185889,10.5540099596515,12.5540099596515,0.000395357003360552
"Pre-growing season",167,135,"Tillage_Passes","Agricultural",561.783564549924,563.766776613102,-1.98321206317894,0.0167879368210606,0.896908007750204
"Pre-growing season",167,135,"PerennialFrac","Agricultural",561.910406704611,563.766776613102,-1.85636990849196,0.143630091508044,0.704698550792421
"Pre-growing season",167,135,"Residue_Frac","Agricultural",561.940314166228,563.766776613102,-1.82646244687453,0.17353755312547,0.676986820198636
"Pre-growing season",167,135,"MeanSlope_per","Site",563.633986710717,563.766776613102,-0.132789902385753,1.86721009761425,0.171794952806363
"Pre-growing season",167,135,"Hydrologic_Group","Site",564.684741040974,563.766776613102,0.917964427871084,4.91796442787108,0.0855219497353902
"Pre-growing season",167,135,"Tile","Site",565.634913610403,563.766776613102,1.86813699730078,3.86813699730078,0.0492111177006261
"Pre-growing season",168,135,"Tillage_Passes","Agricultural",543.40116987082,541.458685072702,1.94248479811779,3.94248479811779,0.0470811862287201
"Pre-growing season",168,135,"PerennialFrac","Agricultural",540.349199351295,541.458685072702,-1.10948572140728,0.890514278592718,0.345337981346913
"Pre-growing season",168,135,"Residue_Frac","Agricultural",542.620458988509,541.458685072702,1.16177391580686,3.16177391580686,0.0753812310830336
"Pre-growing season",168,135,"MeanSlope_per","Site",539.812805618984,541.458685072702,-1.64587945371818,0.35412054628182,0.551789805918839
"Pre-growing season",168,135,"Hydrologic_Group","Site",558.889542722312,541.458685072702,17.4308576496096,21.4308576496096,2.21997656642803e-05
"Pre-growing season",168,135,"Tile","Site",543.545707101151,541.458685072702,2.0870220284495,4.0870220284495,0.0432137166370688
"Pre-growing season",169,135,"Tillage_Passes","Agricultural",570.655233490602,570.70285692834,-0.0476234377383662,1.95237656226163,0.162330983540306
"Pre-growing season",169,135,"PerennialFrac","Agricultural",570.73439703568,570.70285692834,0.0315401073396515,2.03154010733965,0.154064416834357
"Pre-growing season",169,135,"Residue_Frac","Agricultural",568.731087869581,570.70285692834,-1.97176905875881,0.0282309412411905,0.866567028018501
"Pre-growing season",169,135,"MeanSlope_per","Site",568.808956838028,570.70285692834,-1.89390009031229,0.106099909687714,0.744628787431225
"Pre-growing season",169,135,"Hydrologic_Group","Site",573.65165006412,570.70285692834,2.94879313577985,6.94879313577985,0.0309805228260977
"Pre-growing season",169,135,"Tile","Site",573.09039329262,570.70285692834,2.38753636428032,4.38753636428032,0.0362025896568237
"Pre-growing season",170,135,"Tillage_Passes","Agricultural",546.711936245252,542.884798385246,3.82713786000636,5.82713786000636,0.0157807779312292
"Pre-growing season",170,135,"PerennialFrac","Agricultural",542.501121836165,542.884798385246,-0.383676549081201,1.6163234509188,0.203605192849566
"Pre-growing season",170,135,"Residue_Frac","Agricultural",543.428820794018,542.884798385246,0.544022408772321,2.54402240877232,0.110712417431677
"Pre-growing season",170,135,"MeanSlope_per","Site",540.892312701692,542.884798385246,-1.99248568355415,0.00751431644584954,0.930921774991381
"Pre-growing season",170,135,"Hydrologic_Group","Site",551.984251200539,542.884798385246,9.09945281529349,13.0994528152935,0.00143050692052879
"Pre-growing season",170,135,"Tile","Site",542.219022287164,542.884798385246,-0.665776098082233,1.33422390191777,0.248055169136814
"Pre-growing season",171,135,"Tillage_Passes","Agricultural",532.796029979438,532.168249289915,0.627780689522638,2.62778068952264,0.105008398421763
"Pre-growing season",171,135,"PerennialFrac","Agricultural",531.089534010552,532.168249289915,-1.07871527936311,0.921284720636947,0.337137872546816
"Pre-growing season",171,135,"Residue_Frac","Agricultural",530.180458528228,532.168249289915,-1.98779076168682,0.0122092383131758,0.912016480246032
"Pre-growing season",171,135,"MeanSlope_per","Site",530.827685510739,532.168249289915,-1.34056377917648,0.659436220823522,0.416759049090749
"Pre-growing season",171,135,"Hydrologic_Group","Site",535.21326119162,532.168249289915,3.0450119017047,7.0450119017047,0.0295253532996326
"Pre-growing season",171,135,"Tile","Site",535.31177111839,532.168249289915,3.1435218284754,5.1435218284754,0.0233332672983428
"Pre-growing season",172,135,"Tillage_Passes","Agricultural",539.56295980595,538.674689192822,0.888270613127929,2.88827061312793,0.089226656066214
"Pre-growing season",172,135,"PerennialFrac","Agricultural",536.716137866557,538.674689192822,-1.95855132626536,0.0414486737346351,0.838674319766731
"Pre-growing season",172,135,"Residue_Frac","Agricultural",536.687251877987,538.674689192822,-1.98743731483557,0.0125626851644256,0.91075729135779
"Pre-growing season",172,135,"MeanSlope_per","Site",537.227397793756,538.674689192822,-1.44729139906667,0.552708600933329,0.457213068485976
"Pre-growing season",172,135,"Hydrologic_Group","Site",541.699670235865,538.674689192822,3.02498104304232,7.02498104304232,0.0298225481719359
"Pre-growing season",172,135,"Tile","Site",537.749411332475,538.674689192822,-0.925277860347478,1.07472213965252,0.299881257018259
"Pre-growing season",173,135,"Tillage_Passes","Agricultural",550.83315644775,551.871563262092,-1.03840681434144,0.961593185658558,0.326785801979188
"Pre-growing season",173,135,"PerennialFrac","Agricultural",550.935415396899,551.871563262092,-0.936147865192538,1.06385213480746,0.302338243785043
"Pre-growing season",173,135,"Residue_Frac","Agricultural",555.161470294412,551.871563262092,3.2899070323208,5.2899070323208,0.0214493650745416
"Pre-growing season",173,135,"MeanSlope_per","Site",551.116058788613,551.871563262092,-0.75550447347814,1.24449552652186,0.264606411957571
"Pre-growing season",173,135,"Hydrologic_Group","Site",554.319719661357,551.871563262092,2.44815639926549,6.44815639926549,0.0397924453660302
"Pre-growing season",173,135,"Tile","Site",550.893334449643,551.871563262092,-0.978228812448947,1.02177118755105,0.312099246614079
"Pre-growing season",174,135,"Tillage_Passes","Agricultural",555.508259763015,555.788136548546,-0.279876785531428,1.72012321446857,0.189677185327933
"Pre-growing season",174,135,"PerennialFrac","Agricultural",554.250687291097,555.788136548546,-1.537449257449,0.462550742551002,0.496434286884509
"Pre-growing season",174,135,"Residue_Frac","Agricultural",553.91368374161,555.788136548546,-1.87445280693578,0.125547193064222,0.723094290070686
"Pre-growing season",174,135,"MeanSlope_per","Site",553.982598203825,555.788136548546,-1.80553834472096,0.194461655279042,0.65922887572556
"Pre-growing season",174,135,"Hydrologic_Group","Site",560.178798891257,555.788136548546,4.39066234271047,8.39066234271047,0.0150657522902301
"Pre-growing season",174,135,"Tile","Site",554.044736975606,555.788136548546,-1.74339957293967,0.256600427060334,0.612465386067545
"Pre-growing season",175,135,"Tillage_Passes","Agricultural",549.27567065179,541.83612007317,7.43955057861933,9.43955057861933,0.00212355525348304
"Pre-growing season",175,135,"PerennialFrac","Agricultural",543.982578953678,541.83612007317,2.14645888050779,4.14645888050779,0.0417216890067129
"Pre-growing season",175,135,"Residue_Frac","Agricultural",541.564460383479,541.83612007317,-0.271659689691546,1.72834031030845,0.188622994105707
"Pre-growing season",175,135,"MeanSlope_per","Site",542.156326176376,541.83612007317,0.320206103205351,2.32020610320535,0.127703104694709
"Pre-growing season",175,135,"Hydrologic_Group","Site",543.938272024596,541.83612007317,2.10215195142598,6.10215195142598,0.0473079947431484
"Pre-growing season",175,135,"Tile","Site",545.915165616894,541.83612007317,4.07904554372362,6.07904554372362,0.0136794659723765
"Pre-growing season",176,135,"Tillage_Passes","Agricultural",584.612814907841,582.630748135671,1.98206677217047,3.98206677217047,0.0459871040838581
"Pre-growing season",176,135,"PerennialFrac","Agricultural",580.885957589298,582.630748135671,-1.74479054637288,0.255209453627117,0.613430594244394
"Pre-growing season",176,135,"Residue_Frac","Agricultural",580.683182244622,582.630748135671,-1.94756589104816,0.052434108951843,0.818880610781906
"Pre-growing season",176,135,"MeanSlope_per","Site",584.563152270747,582.630748135671,1.93240413507669,3.93240413507669,0.0473641869373773
"Pre-growing season",176,135,"Hydrologic_Group","Site",586.467791684875,582.630748135671,3.83704354920474,7.83704354920474,0.0198704460431111
"Pre-growing season",176,135,"Tile","Site",582.841261488846,582.630748135671,0.210513353175656,2.21051335317566,0.137073051192671
"Pre-growing season",177,135,"Tillage_Passes","Agricultural",582.545731818306,582.616141759071,-0.0704099407654439,1.92959005923456,0.164803301449216
"Pre-growing season",177,135,"PerennialFrac","Agricultural",580.845145862162,582.616141759071,-1.77099589690897,0.229004103091029,0.632263256208049
"Pre-growing season",177,135,"Residue_Frac","Agricultural",580.68752918117,582.616141759071,-1.92861257790128,0.0713874220987236,0.789327304109781
"Pre-growing season",177,135,"MeanSlope_per","Site",582.446195208606,582.616141759071,-0.169946550465397,1.8300534495346,0.176121232422435
"Pre-growing season",177,135,"Hydrologic_Group","Site",584.833885082392,582.616141759071,2.21774332332052,6.21774332332052,0.0446513087106509
"Pre-growing season",177,135,"Tile","Site",586.253574646496,582.616141759071,3.63743288742467,5.63743288742467,0.0175809307904182
"Pre-growing season",178,135,"Tillage_Passes","Agricultural",555.046868305448,555.315683786904,-0.268815481455476,1.73118451854452,0.188259694265186
"Pre-growing season",178,135,"PerennialFrac","Agricultural",553.854007580304,555.315683786904,-1.46167620659969,0.538323793400309,0.46312823214249
"Pre-growing season",178,135,"Residue_Frac","Agricultural",553.794119308189,555.315683786904,-1.52156447871516,0.478435521284837,0.489131817046769
"Pre-growing season",178,135,"MeanSlope_per","Site",553.48417400781,555.315683786904,-1.83150977909395,0.168490220906051,0.681457096431969
"Pre-growing season",178,135,"Hydrologic_Group","Site",556.944420552842,555.315683786904,1.62873676593824,5.62873676593824,0.0599425675324111
"Pre-growing season",178,135,"Tile","Site",556.968146813429,555.315683786904,1.65246302652542,3.65246302652542,0.0559863591326353
"Pre-growing season",179,135,"Tillage_Passes","Agricultural",550.76494249987,547.213749243028,3.55119325684245,5.55119325684245,0.0184680925624885
"Pre-growing season",179,135,"PerennialFrac","Agricultural",548.529895323516,547.213749243028,1.3161460804879,3.3161460804879,0.0686024711737657
"Pre-growing season",179,135,"Residue_Frac","Agricultural",550.783417757016,547.213749243028,3.56966851398829,5.56966851398829,0.0182742199965685
"Pre-growing season",179,135,"MeanSlope_per","Site",549.142521285502,547.213749243028,1.92877204247441,3.92877204247441,0.0474665921242376
"Pre-growing season",179,135,"Hydrologic_Group","Site",561.373569737647,547.213749243028,14.1598204946189,18.1598204946189,0.000113931832686432
"Pre-growing season",179,135,"Tile","Site",557.294544813514,547.213749243028,10.080795570486,12.080795570486,0.000509438543601285
"Pre-growing season",180,135,"Tillage_Passes","Agricultural",568.867066597318,569.747441282859,-0.880374685540687,1.11962531445931,0.28999914772778
"Pre-growing season",180,135,"PerennialFrac","Agricultural",567.769924886483,569.747441282859,-1.97751639637579,0.0224836036242095,0.880807743503907
"Pre-growing season",180,135,"Residue_Frac","Agricultural",567.816623764968,569.747441282859,-1.93081751789111,0.0691824821088858,0.792530824450109
"Pre-growing season",180,135,"MeanSlope_per","Site",568.293842998012,569.747441282859,-1.45359828484675,0.546401715153252,0.459791690128797
"Pre-growing season",180,135,"Hydrologic_Group","Site",572.117215899538,569.747441282859,2.36977461667925,6.36977461667925,0.0413829090469426
"Pre-growing season",180,135,"Tile","Site",570.289717869249,569.747441282859,0.542276586390699,2.5422765863907,0.110834875191854
"Pre-growing season",181,135,"Tillage_Passes","Agricultural",565.183542759066,561.76554362248,3.41799913658667,5.41799913658667,0.0199301868581088
"Pre-growing season",181,135,"PerennialFrac","Agricultural",560.059205263668,561.76554362248,-1.70633835881119,0.293661641188805,0.587883563016247
"Pre-growing season",181,135,"Residue_Frac","Agricultural",559.814214503453,561.76554362248,-1.95132911902681,0.0486708809731908,0.825392392145363
"Pre-growing season",181,135,"MeanSlope_per","Site",559.76581329097,561.76554362248,-1.99973033150957,0.000269668490432196,0.986898058843475
"Pre-growing season",181,135,"Hydrologic_Group","Site",566.560611484468,561.76554362248,4.79506786198851,8.79506786198851,0.0123076540334822
"Pre-growing season",181,135,"Tile","Site",562.985601996837,561.76554362248,1.22005837435768,3.22005837435768,0.0727410359386938
"Pre-growing season",182,135,"Tillage_Passes","Agricultural",569.068916706439,568.853707255788,0.215209450650718,2.21520945065072,0.136656514211818
"Pre-growing season",182,135,"PerennialFrac","Agricultural",566.927266610889,568.853707255788,-1.92644064489923,0.0735593551007696,0.786223154745825
"Pre-growing season",182,135,"Residue_Frac","Agricultural",566.998646200963,568.853707255788,-1.85506105482557,0.144938945174431,0.703419577311493
"Pre-growing season",182,135,"MeanSlope_per","Site",569.222493625698,568.853707255788,0.368786369909571,2.36878636990957,0.12378325049775
"Pre-growing season",182,135,"Hydrologic_Group","Site",572.270372469067,568.853707255788,3.41666521327863,7.41666521327863,0.024518370976574
"Pre-growing season",182,135,"Tile","Site",566.853710932878,568.853707255788,-1.99999632291053,3.67708946669154e-06,0.998469998369275
"Pre-growing season",183,135,"Tillage_Passes","Agricultural",562.924795978928,563.885093127074,-0.960297148145742,1.03970285185426,0.307890590770763
"Pre-growing season",183,135,"PerennialFrac","Agricultural",562.892448526838,563.885093127074,-0.992644600236417,1.00735539976358,0.315537238021903
"Pre-growing season",183,135,"Residue_Frac","Agricultural",562.546229203032,563.885093127074,-1.33886392404213,0.66113607595787,0.416159152061732
"Pre-growing season",183,135,"MeanSlope_per","Site",562.058666184765,563.885093127074,-1.82642694230947,0.173573057690533,0.67695564650518
"Pre-growing season",183,135,"Hydrologic_Group","Site",571.520035414265,563.885093127074,7.63494228719094,11.6349422871909,0.00297511928914901
"Pre-growing season",183,135,"Tile","Site",563.279961024945,563.885093127074,-0.60513210212855,1.39486789787145,0.237584745328094
"Pre-growing season",184,135,"Tillage_Passes","Agricultural",576.787676148937,577.302468730864,-0.51479258192694,1.48520741807306,0.222961547431946
"Pre-growing season",184,135,"PerennialFrac","Agricultural",575.946099330269,577.302468730864,-1.35636940059453,0.643630599405469,0.422399154234614
"Pre-growing season",184,135,"Residue_Frac","Agricultural",576.247871253305,577.302468730864,-1.05459747755924,0.945402522440759,0.330892313100225
"Pre-growing season",184,135,"MeanSlope_per","Site",576.3241647002,577.302468730864,-0.978304030663367,1.02169596933663,0.31211705799636
"Pre-growing season",184,135,"Hydrologic_Group","Site",584.603813887502,577.302468730864,7.30134515663872,11.3013451566387,0.00351515176480776
"Pre-growing season",184,135,"Tile","Site",581.266858008998,577.302468730864,3.9643892781346,5.9643892781346,0.0145976558344542
"Pre-growing season",185,135,"Tillage_Passes","Agricultural",547.870930509329,545.12051296335,2.75041754597885,4.75041754597885,0.0292911861447102
"Pre-growing season",185,135,"PerennialFrac","Agricultural",546.412985712454,545.12051296335,1.29247274910358,3.29247274910358,0.0695981337489129
"Pre-growing season",185,135,"Residue_Frac","Agricultural",543.229218020116,545.12051296335,-1.89129494323436,0.108705056765643,0.741623253837784
"Pre-growing season",185,135,"MeanSlope_per","Site",543.201834644842,545.12051296335,-1.91867831850789,0.0813216814921134,0.775514235361918
"Pre-growing season",185,135,"Hydrologic_Group","Site",548.639463228323,545.12051296335,3.51895026497277,7.51895026497277,0.0232959644615476
"Pre-growing season",185,135,"Tile","Site",547.573507186143,545.12051296335,2.45299422279243,4.45299422279243,0.034840108801676
"Pre-growing season",186,135,"Tillage_Passes","Agricultural",560.743170695573,562.084932940833,-1.3417622452597,0.658237754740298,0.417182772311085
"Pre-growing season",186,135,"PerennialFrac","Agricultural",560.279960578441,562.084932940833,-1.80497236239182,0.195027637608177,0.658764689720797
"Pre-growing season",186,135,"Residue_Frac","Agricultural",560.581694673474,562.084932940833,-1.50323826735928,0.496761732640721,0.480926454984165
"Pre-growing season",186,135,"MeanSlope_per","Site",560.464276034987,562.084932940833,-1.62065690584552,0.379343094154478,0.53795501103993
"Pre-growing season",186,135,"Hydrologic_Group","Site",568.366999560915,562.084932940833,6.28206662008222,10.2820666200822,0.00585164002987475
"Pre-growing season",186,135,"Tile","Site",565.094165690316,562.084932940833,3.00923274948298,5.00923274948298,0.0252124790110445
"Pre-growing season",187,135,"Tillage_Passes","Agricultural",546.822056475744,545.355675183426,1.46638129231826,3.46638129231826,0.0626281793890925
"Pre-growing season",187,135,"PerennialFrac","Agricultural",543.358622459171,545.355675183426,-1.9970527242549,0.00294727574510034,0.956705058467557
"Pre-growing season",187,135,"Residue_Frac","Agricultural",543.418082996798,545.355675183426,-1.93759218662831,0.0624078133716921,0.802729987057337
"Pre-growing season",187,135,"MeanSlope_per","Site",546.992846355276,545.355675183426,1.63717117185024,3.63717117185024,0.0565028614309533
"Pre-growing season",187,135,"Hydrologic_Group","Site",552.262229255182,545.355675183426,6.90655407175575,10.9065540717557,0.00428224858989087
"Pre-growing season",187,135,"Tile","Site",543.766430897232,545.355675183426,-1.58924428619366,0.410755713806338,0.521586183921076
"Pre-growing season",188,135,"Tillage_Passes","Agricultural",546.781405225456,541.847114085659,4.93429113979641,6.93429113979641,0.0084558568800407
"Pre-growing season",188,135,"PerennialFrac","Agricultural",540.530540994051,541.847114085659,-1.31657309160857,0.683426908391425,0.40840917241899
"Pre-growing season",188,135,"Residue_Frac","Agricultural",539.850642338124,541.847114085659,-1.99647174753568,0.00352825246432076,0.952634234024728
"Pre-growing season",188,135,"MeanSlope_per","Site",540.456631888027,541.847114085659,-1.39048219763231,0.609517802367691,0.434969423845808
"Pre-growing season",188,135,"Hydrologic_Group","Site",544.915413970732,541.847114085659,3.06829988507241,7.06829988507241,0.0291835541464221
"Pre-growing season",188,135,"Tile","Site",544.560014655952,541.847114085659,2.71290057029296,4.71290057029296,0.0299370996545662
"Pre-growing season",189,135,"Tillage_Passes","Agricultural",531.840808897284,530.805834421371,1.03497447591303,3.03497447591303,0.0814878311691329
"Pre-growing season",189,135,"PerennialFrac","Agricultural",530.264709459145,530.805834421371,-0.541124962225922,1.45887503777402,0.227109198835888
"Pre-growing season",189,135,"Residue_Frac","Agricultural",534.386633830131,530.805834421371,3.5807994087595,5.5807994087595,0.0181584322138013
"Pre-growing season",189,135,"MeanSlope_per","Site",528.849364925002,530.805834421371,-1.95646949636875,0.0435305036312457,0.834729555304509
"Pre-growing season",189,135,"Hydrologic_Group","Site",539.628645796882,530.805834421371,8.82281137551115,12.8228113755111,0.00164271373575889
"Pre-growing season",189,135,"Tile","Site",530.887289974037,530.805834421371,0.0814555526653749,2.08145555266537,0.149097941442664
"Pre-growing season",190,135,"Tillage_Passes","Agricultural",554.844564906325,556.454014622989,-1.60944971666402,0.390550283335983,0.532010291254912
"Pre-growing season",190,135,"PerennialFrac","Agricultural",556.910263135203,556.454014622989,0.456248512214074,2.45624851221407,0.117058060236294
"Pre-growing season",190,135,"Residue_Frac","Agricultural",555.898091407064,556.454014622989,-0.55592321592485,1.44407678407515,0.229480765817321
"Pre-growing season",190,135,"MeanSlope_per","Site",555.595276011573,556.454014622989,-0.858738611416584,1.14126138858342,0.285385947488209
"Pre-growing season",190,135,"Hydrologic_Group","Site",556.956995418924,556.454014622989,0.502980795934377,4.50298079593438,0.105242254774616
"Pre-growing season",190,135,"Tile","Site",554.554653902139,556.454014622989,-1.89936072085027,0.100639279149732,0.751063818671078
"Pre-growing season",191,135,"Tillage_Passes","Agricultural",560.788278476457,562.761434920262,-1.9731564438049,0.0268435561951037,0.869857076238031
"Pre-growing season",191,135,"PerennialFrac","Agricultural",561.169232329751,562.761434920262,-1.59220259051085,0.407797409489149,0.523089575599357
"Pre-growing season",191,135,"Residue_Frac","Agricultural",561.676463063666,562.761434920262,-1.08497185659598,0.915028143404015,0.338783814793105
"Pre-growing season",191,135,"MeanSlope_per","Site",560.761552871049,562.761434920262,-1.9998820492134,0.000117950786602705,0.991334733085565
"Pre-growing season",191,135,"Hydrologic_Group","Site",560.06315056067,562.761434920262,-2.69828435959175,1.30171564040825,0.521598147366451
"Pre-growing season",191,135,"Tile","Site",561.576221138631,562.761434920262,-1.18521378163109,0.814786218368909,0.366708976607204
"Pre-growing season",192,135,"Tillage_Passes","Agricultural",570.19639943976,567.748987791236,2.44741164852439,4.44741164852439,0.0349541877749642
"Pre-growing season",192,135,"PerennialFrac","Agricultural",565.86883400025,567.748987791236,-1.88015379098601,0.119846209013986,0.729201348128571
"Pre-growing season",192,135,"Residue_Frac","Agricultural",565.815833296347,567.748987791236,-1.93315449488921,0.0668455051107912,0.795986341901507
"Pre-growing season",192,135,"MeanSlope_per","Site",566.203738273851,567.748987791236,-1.54524951738506,0.454750482614941,0.500087616338397
"Pre-growing season",192,135,"Hydrologic_Group","Site",573.891265894314,567.748987791236,6.1422781030783,10.1422781030783,0.00627526821444979
"Pre-growing season",192,135,"Tile","Site",573.26678465382,567.748987791236,5.51779686258385,7.51779686258385,0.00610923536681066
"Pre-growing season",193,135,"Tillage_Passes","Agricultural",566.312072372386,568.141958456902,-1.82988608451626,0.170113915483739,0.680010587237272
"Pre-growing season",193,135,"PerennialFrac","Agricultural",566.458402819985,568.141958456902,-1.68355563691762,0.316444363082383,0.573752328848289
"Pre-growing season",193,135,"Residue_Frac","Agricultural",566.241443406588,568.141958456902,-1.90051505031386,0.0994849496861434,0.752448592124846
"Pre-growing season",193,135,"MeanSlope_per","Site",566.406098229324,568.141958456902,-1.73586022757843,0.264139772421572,0.607290234032664
"Pre-growing season",193,135,"Hydrologic_Group","Site",574.711154013049,568.141958456902,6.56919555614672,10.5691955561467,0.00506907066954331
"Pre-growing season",193,135,"Tile","Site",566.297800430541,568.141958456902,-1.84415802636158,0.155841973638417,0.693013926327771
"Pre-growing season",194,135,"Tillage_Passes","Agricultural",594.062493087246,595.517373664361,-1.45488057711452,0.545119422885477,0.460318781273148
"Pre-growing season",194,135,"PerennialFrac","Agricultural",595.358120671305,595.517373664361,-0.15925299305627,1.84074700694373,0.174863418705466
"Pre-growing season",194,135,"Residue_Frac","Agricultural",594.189593058077,595.517373664361,-1.32778060628345,0.672219393716546,0.412278893926875
"Pre-growing season",194,135,"MeanSlope_per","Site",593.879545539195,595.517373664361,-1.63782812516627,0.362171874833734,0.547302499118528
"Pre-growing season",194,135,"Hydrologic_Group","Site",600.846666775558,595.517373664361,5.3292931111971,9.3292931111971,0.00942257799246999
"Pre-growing season",194,135,"Tile","Site",593.52952950771,595.517373664361,-1.98784415665034,0.0121558433496602,0.912208301303046
"Pre-growing season",195,135,"Tillage_Passes","Agricultural",571.136810910361,567.104065455377,4.03274545498414,6.03274545498414,0.0140428747373754
"Pre-growing season",195,135,"PerennialFrac","Agricultural",565.374928720048,567.104065455377,-1.72913673532901,0.270863264670993,0.602753274144289
"Pre-growing season",195,135,"Residue_Frac","Agricultural",565.302952631527,567.104065455377,-1.80111282384962,0.198887176150379,0.655620588674846
"Pre-growing season",195,135,"MeanSlope_per","Site",567.803559467667,567.104065455377,0.699494012290415,2.69949401229042,0.100380099135684
"Pre-growing season",195,135,"Hydrologic_Group","Site",580.967497393563,567.104065455377,13.8634319381865,17.8634319381865,0.000132131097006597
"Pre-growing season",195,135,"Tile","Site",570.237495772436,567.104065455377,3.13343031705961,5.13343031705961,0.0234693001814979
"Pre-growing season",196,135,"Tillage_Passes","Agricultural",545.205551197161,546.551782791361,-1.34623159420073,0.653768405799269,0.418768589520729
"Pre-growing season",196,135,"PerennialFrac","Agricultural",546.570567749322,546.551782791361,0.0187849579610884,2.01878495796109,0.155363417033823
"Pre-growing season",196,135,"Residue_Frac","Agricultural",546.500560079985,546.551782791361,-0.0512227113763402,1.94877728862366,0.162718670468041
"Pre-growing season",196,135,"MeanSlope_per","Site",544.807698514586,546.551782791361,-1.74408427677486,0.255915723225144,0.612940096119559
"Pre-growing season",196,135,"Hydrologic_Group","Site",542.80070790701,546.551782791361,-3.7510748843514,0.248925115648603,0.882971321114812
"Pre-growing season",196,135,"Tile","Site",544.719243957781,546.551782791361,-1.83253883358043,0.167461166419571,0.682378076703952
"Pre-growing season",197,135,"Tillage_Passes","Agricultural",568.106457973046,567.586064326617,0.52039364642917,2.52039364642917,0.11238252738824
"Pre-growing season",197,135,"PerennialFrac","Agricultural",565.588590943715,567.586064326617,-1.99747338290251,0.00252661709748736,0.959910842905029
"Pre-growing season",197,135,"Residue_Frac","Agricultural",565.868504794263,567.586064326617,-1.71755953235436,0.282440467645642,0.595106091146011
"Pre-growing season",197,135,"MeanSlope_per","Site",568.141087137166,567.586064326617,0.555022810548735,2.55502281054873,0.109944227503851
"Pre-growing season",197,135,"Hydrologic_Group","Site",577.186898614564,567.586064326617,9.60083428794633,13.6008342879463,0.00111331064014445
"Pre-growing season",197,135,"Tile","Site",573.732437363958,567.586064326617,6.14637303734048,8.14637303734048,0.00431473728267197
"Pre-growing season",198,135,"Tillage_Passes","Agricultural",578.658857256911,580.406021864204,-1.74716460729269,0.252835392707311,0.615085628704908
"Pre-growing season",198,135,"PerennialFrac","Agricultural",578.71765315974,580.406021864204,-1.68836870446376,0.311631295536245,0.576680878226755
"Pre-growing season",198,135,"Residue_Frac","Agricultural",578.437360301087,580.406021864204,-1.96866156311648,0.0313384368835159,0.859487451893148
"Pre-growing season",198,135,"MeanSlope_per","Site",578.461890024281,580.406021864204,-1.94413183992219,0.0558681600778073,0.813149868241754
"Pre-growing season",198,135,"Hydrologic_Group","Site",584.089974758302,580.406021864204,3.68395289409875,7.68395289409875,0.021451162333176
"Pre-growing season",198,135,"Tile","Site",580.564092622437,580.406021864204,0.158070758233293,2.15807075823329,0.14182265681563
"Pre-growing season",199,135,"Tillage_Passes","Agricultural",544.185238345504,545.799167436255,-1.61392909075164,0.38607090924836,0.5343719631859
"Pre-growing season",199,135,"PerennialFrac","Agricultural",544.630122932327,545.799167436255,-1.16904450392781,0.830955496072193,0.361996382816771
"Pre-growing season",199,135,"Residue_Frac","Agricultural",545.360587268326,545.799167436255,-0.438580167928876,1.56141983207112,0.211457450607539
"Pre-growing season",199,135,"MeanSlope_per","Site",543.819182643354,545.799167436255,-1.97998479290106,0.0200152070989361,0.887494620625916
"Pre-growing season",199,135,"Hydrologic_Group","Site",552.845014225458,545.799167436255,7.04584678920332,11.0458467892033,0.00399415436863419
"Pre-growing season",199,135,"Tile","Site",547.782376231256,545.799167436255,1.98320879500068,3.98320879500068,0.0459559381136944
"Pre-growing season",200,135,"Tillage_Passes","Agricultural",553.609681955362,552.892362504143,0.717319451219169,2.71731945121917,0.0992645893260133
"Pre-growing season",200,135,"PerennialFrac","Agricultural",550.937335773724,552.892362504143,-1.95502673041881,0.0449732695811917,0.832053187834907
"Pre-growing season",200,135,"Residue_Frac","Agricultural",551.622819559552,552.892362504143,-1.26954294459131,0.730457055408692,0.392735079160576
"Pre-growing season",200,135,"MeanSlope_per","Site",551.477862825121,552.892362504143,-1.41449967902167,0.585500320978326,0.444164410708621
"Pre-growing season",200,135,"Hydrologic_Group","Site",551.857854045129,552.892362504143,-1.03450845901421,2.96549154098579,0.227013504860484
"Pre-growing season",200,135,"Tile","Site",553.090881630884,552.892362504143,0.198519126741189,2.19851912674119,0.1381433934749
"Growing season",1,135,"Tillage_Passes","Agricultural",570.023420034578,571.751605078916,-1.72818504433747,0.271814955662535,0.602116875144897
"Growing season",1,135,"PerennialFrac","Agricultural",569.864719664608,571.751605078916,-1.8868854143077,0.113114585692301,0.736625709826204
"Growing season",1,135,"MeanSlope_per","Site",570.233366728471,571.751605078916,-1.51823835044445,0.481761649555551,0.487625443526054
"Growing season",1,135,"Hydrologic_Group","Site",572.873502102694,571.751605078916,1.12189702377816,5.12189702377816,0.0772314507414785
"Growing season",1,135,"Tile","Site",569.751607941378,571.751605078916,-1.99999713753743,2.86246256564482e-06,0.998650074621249
"Growing season",2,135,"Tillage_Passes","Agricultural",526.493413242001,513.203116555203,13.2902966867973,15.2902966867973,9.21888510244882e-05
"Growing season",2,135,"PerennialFrac","Agricultural",511.893464873145,513.203116555203,-1.30965168205825,0.690348317941755,0.406045930143288
"Growing season",2,135,"MeanSlope_per","Site",511.206359222497,513.203116555203,-1.99675733270578,0.00324266729421652,0.954589467380723
"Growing season",2,135,"Hydrologic_Group","Site",514.370367399225,513.203116555203,1.16725084402174,5.16725084402168,0.0754997886543778
"Growing season",2,135,"Tile","Site",511.434225432141,513.203116555203,-1.76889112306179,0.231108876938208,0.630702829201538
"Growing season",3,135,"Tillage_Passes","Agricultural",592.483366073231,593.164215169022,-0.680849095791132,1.31915090420887,0.250744493685103
"Growing season",3,135,"PerennialFrac","Agricultural",594.037523893106,593.164215169022,0.873308724083358,2.87330872408336,0.0900595453487915
"Growing season",3,135,"MeanSlope_per","Site",595.827526909922,593.164215169022,2.6633117408993,4.6633117408993,0.0308137033061267
"Growing season",3,135,"Hydrologic_Group","Site",600.416007109071,593.164215169022,7.25179194004863,11.2517919400486,0.00360333321072925
"Growing season",3,135,"Tile","Site",593.456233540925,593.164215169022,0.292018371902373,2.29201837190237,0.130040718688084
"Growing season",4,135,"Tillage_Passes","Agricultural",566.477631972504,566.623700819001,-0.146068846497315,1.85393115350269,0.173326869318625
"Growing season",4,135,"PerennialFrac","Agricultural",565.049686849295,566.623700819001,-1.5740139697067,0.425986030293302,0.513965143808653
"Growing season",4,135,"MeanSlope_per","Site",565.024108165187,566.623700819001,-1.59959265381417,0.40040734618583,0.526878961316914
"Growing season",4,135,"Hydrologic_Group","Site",568.118498867943,566.623700819001,1.49479804894156,5.49479804894156,0.0640943524352868
"Growing season",4,135,"Tile","Site",564.627435551654,566.623700819001,-1.9962652673471,0.00373473265290158,0.951269646799557
"Growing season",5,135,"Tillage_Passes","Agricultural",561.495905916681,563.168699883659,-1.67279396697836,0.327206033021639,0.567308927033335
"Growing season",5,135,"PerennialFrac","Agricultural",562.547185433914,563.168699883659,-0.621514449744836,1.37848555025516,0.240359281714588
"Growing season",5,135,"MeanSlope_per","Site",561.539568021086,563.168699883659,-1.62913186257276,0.370868137427237,0.542531438768295
"Growing season",5,135,"Hydrologic_Group","Site",562.669963761349,563.168699883659,-0.498736122310106,3.50126387768989,0.173664163636057
"Growing season",5,135,"Tile","Site",561.303315095189,563.168699883659,-1.86538478847035,0.134615211529649,0.713694016520254
"Growing season",6,135,"Tillage_Passes","Agricultural",548.736253050791,547.753837918496,0.98241513229425,2.98241513229425,0.0841735843675723
"Growing season",6,135,"PerennialFrac","Agricultural",545.762719227749,547.753837918496,-1.99111869074704,0.00888130925295627,0.924917955892415
"Growing season",6,135,"MeanSlope_per","Site",546.217440702825,547.753837918496,-1.53639721567185,0.463602784328145,0.495945003111653
"Growing season",6,135,"Hydrologic_Group","Site",547.609027982928,547.753837918496,-0.144809935568333,3.85519006443167,0.14549769532077
"Growing season",6,135,"Tile","Site",545.97115265582,547.753837918496,-1.78268526267652,0.217314737323477,0.641093615122627
"Growing season",7,135,"Tillage_Passes","Agricultural",548.929444091982,545.722786038855,3.20665805312615,5.20665805312615,0.0225005449054631
"Growing season",7,135,"PerennialFrac","Agricultural",545.453250445671,545.722786038855,-0.26953559318406,1.73046440681594,0.188351599381419
"Growing season",7,135,"MeanSlope_per","Site",543.86457946894,545.722786038855,-1.85820656991564,0.141793430084363,0.706504569729711
"Growing season",7,135,"Hydrologic_Group","Site",545.093049570996,545.722786038855,-0.629736467859516,3.37026353214048,0.185419998281724
"Growing season",7,135,"Tile","Site",543.754505916367,545.722786038855,-1.9682801224883,0.0317198775117049,0.858643852238658
"Growing season",8,135,"Tillage_Passes","Agricultural",555.382325595166,556.43164162319,-1.04931602802378,0.950683971976218,0.329545259230491
"Growing season",8,135,"PerennialFrac","Agricultural",554.599422729738,556.43164162319,-1.83221889345214,0.167781106547864,0.682091384437404
"Growing season",8,135,"MeanSlope_per","Site",554.459594675042,556.43164162319,-1.97204694814741,0.0279530518525917,0.86721924481599
"Growing season",8,135,"Hydrologic_Group","Site",556.575400660307,556.43164162319,0.143759037116865,4.14375903711687,0.125948835928259
"Growing season",8,135,"Tile","Site",554.448220811207,556.43164162319,-1.98342081198246,0.0165791880175448,0.897547402439124
"Growing season",9,135,"Tillage_Passes","Agricultural",581.22872939963,579.816349706606,1.41237969302392,3.41237969302392,0.0647090678454368
"Growing season",9,135,"PerennialFrac","Agricultural",577.901045093299,579.816349706606,-1.91530461330615,0.084695386693852,0.771032414805304
"Growing season",9,135,"MeanSlope_per","Site",578.11745436903,579.816349706606,-1.69889533757578,0.301104662424223,0.583190724055663
"Growing season",9,135,"Hydrologic_Group","Site",578.09607633929,579.816349706606,-1.72027336731537,2.27972663268463,0.319862738837636
"Growing season",9,135,"Tile","Site",579.499092503307,579.816349706606,-0.317257203298368,1.68274279670163,0.19456039767544
"Growing season",10,135,"Tillage_Passes","Agricultural",542.107663890047,542.397699221436,-0.290035331389731,1.70996466861027,0.190989954630801
"Growing season",10,135,"PerennialFrac","Agricultural",540.794289428298,542.397699221436,-1.60340979313833,0.396590206861674,0.528855490875997
"Growing season",10,135,"MeanSlope_per","Site",542.909934057164,542.397699221436,0.512234835727327,2.51223483572733,0.112965629310739
"Growing season",10,135,"Hydrologic_Group","Site",544.471015072552,542.397699221436,2.07331585111569,6.07331585111569,0.0479950246986552
"Growing season",10,135,"Tile","Site",540.400137577912,542.397699221436,-1.99756164352459,0.00243835647540891,0.960616691732494
"Growing season",11,135,"Tillage_Passes","Agricultural",523.73282263258,525.56123977682,-1.82841714423944,0.171582855760562,0.678708888040789
"Growing season",11,135,"PerennialFrac","Agricultural",528.72001746004,525.56123977682,3.15877768322048,5.15877768322042,0.0231291695815462
"Growing season",11,135,"MeanSlope_per","Site",524.180640536612,525.56123977682,-1.38059924020808,0.619400759791802,0.431270054533524
"Growing season",11,135,"Hydrologic_Group","Site",526.716099381253,525.56123977682,1.15485960443289,5.15485960443277,0.0759690086929773
"Growing season",11,135,"Tile","Site",523.617783894148,525.56123977682,-1.94345588267151,0.0565441173284853,0.812043920892746
"Growing season",12,135,"Tillage_Passes","Agricultural",545.962698919608,539.686783280593,6.27591563901478,8.27591563901478,0.00401743976568475
"Growing season",12,135,"PerennialFrac","Agricultural",538.311385457854,539.686783280593,-1.37539782273916,0.62460217726084,0.42934221165733
"Growing season",12,135,"MeanSlope_per","Site",537.789041688667,539.686783280593,-1.89774159192609,0.102258408073908,0.749136105952584
"Growing season",12,135,"Hydrologic_Group","Site",538.783029698966,539.686783280593,-0.903753581627143,3.09624641837286,0.212646692913344
"Growing season",12,135,"Tile","Site",537.702407475654,539.686783280593,-1.9843758049393,0.0156241950606955,0.900526099375616
"Growing season",13,135,"Tillage_Passes","Agricultural",568.196361156039,569.745168169277,-1.54880701323782,0.45119298676218,0.501768967783636
"Growing season",13,135,"PerennialFrac","Agricultural",570.455673356584,569.745168169277,0.710505187307831,2.71050518730783,0.099689417183434
"Growing season",13,135,"MeanSlope_per","Site",567.921860874912,569.745168169277,-1.82330729436478,0.176692705635219,0.674231019627686
"Growing season",13,135,"Hydrologic_Group","Site",568.011816649672,569.745168169277,-1.73335151960487,2.26664848039513,0.321961199161261
"Growing season",13,135,"Tile","Site",567.889174887095,569.745168169277,-1.85599328218177,0.144006717818229,0.704329841722755
"Growing season",14,135,"Tillage_Passes","Agricultural",563.833471690571,565.833180533141,-1.99970884256982,0.000291157430183375,0.986386088408041
"Growing season",14,135,"PerennialFrac","Agricultural",563.904487428682,565.833180533141,-1.92869310445894,0.0713068955410563,0.789443360227338
"Growing season",14,135,"MeanSlope_per","Site",564.193878316055,565.833180533141,-1.63930221708608,0.360697782913917,0.54811895993231
"Growing season",14,135,"Hydrologic_Group","Site",563.234091217084,565.833180533141,-2.59908931605707,1.40091068394293,0.496359239132452
"Growing season",14,135,"Tile","Site",565.961855991257,565.833180533141,0.128675458115822,2.12867545811582,0.144565630418479
"Growing season",15,135,"Tillage_Passes","Agricultural",572.168488315857,574.117795199361,-1.94930688350428,0.0506931164957223,0.821861558842155
"Growing season",15,135,"PerennialFrac","Agricultural",572.797648070183,574.117795199361,-1.32014712917839,0.679852870821605,0.409637392120941
"Growing season",15,135,"MeanSlope_per","Site",572.118653966174,574.117795199361,-1.99914123318706,0.000858766812939393,0.976621559801506
"Growing season",15,135,"Hydrologic_Group","Site",573.359241912629,574.117795199361,-0.758553286732422,3.24144671326758,0.197755599509067
"Growing season",15,135,"Tile","Site",572.158046367399,574.117795199361,-1.9597488319622,0.0402511680377984,0.840990293259638
"Growing season",16,135,"Tillage_Passes","Agricultural",544.25404301679,543.993827027876,0.260215988914183,2.26021598891418,0.132735546993334
"Growing season",16,135,"PerennialFrac","Agricultural",549.259902548368,543.993827027876,5.26607552049188,7.26607552049188,0.00702691765087661
"Growing season",16,135,"MeanSlope_per","Site",542.113253900844,543.993827027876,-1.88057312703188,0.11942687296812,0.729656925110909
"Growing season",16,135,"Hydrologic_Group","Site",543.992648983705,543.993827027876,-0.00117804417038769,3.99882195582961,0.135415022189042
"Growing season",16,135,"Tile","Site",542.346629722723,543.993827027876,-1.64719730515276,0.352802694847242,0.552530864281649
"Growing season",17,135,"Tillage_Passes","Agricultural",552.265843309736,553.13028818564,-0.864444875903473,1.13555512409653,0.286593515165978
"Growing season",17,135,"PerennialFrac","Agricultural",557.781721534984,553.13028818564,4.65143334934442,6.65143334934442,0.00990760905443349
"Growing season",17,135,"MeanSlope_per","Site",551.145008630262,553.13028818564,-1.9852795553777,0.0147204446222986,0.903431370215289
"Growing season",17,135,"Hydrologic_Group","Site",553.037593043914,553.13028818564,-0.0926951417260398,3.90730485827396,0.141755373452732
"Growing season",17,135,"Tile","Site",551.203690316769,553.13028818564,-1.92659786887123,0.0734021311287734,0.786446196403632
"Growing season",18,135,"Tillage_Passes","Agricultural",576.585132828272,577.162502131575,-0.577369303303385,1.42263069669661,0.232970888209831
"Growing season",18,135,"PerennialFrac","Agricultural",576.033408784063,577.162502131575,-1.12909334751168,0.870906652488316,0.350704431166079
"Growing season",18,135,"MeanSlope_per","Site",577.650416033741,577.162502131575,0.487913902165815,2.48791390216581,0.114723697407338
"Growing season",18,135,"Hydrologic_Group","Site",577.460866586933,577.162502131575,0.298364455358183,4.29836445535818,0.11657945425365
"Growing season",18,135,"Tile","Site",577.352780808643,577.162502131575,0.190278677067795,2.19027867706779,0.138884185502843
"Growing season",19,135,"Tillage_Passes","Agricultural",549.508282900623,548.988057322666,0.520225577957376,2.52022557795738,0.112394505575293
"Growing season",19,135,"PerennialFrac","Agricultural",551.685536241803,548.988057322666,2.69747891913744,4.69747891913744,0.0302068953881757
"Growing season",19,135,"MeanSlope_per","Site",547.482001548919,548.988057322666,-1.50605577374677,0.493944226253234,0.482173131195665
"Growing season",19,135,"Hydrologic_Group","Site",550.660422780554,548.988057322666,1.67236545788842,5.67236545788842,0.0586491187867599
"Growing season",19,135,"Tile","Site",547.230830373442,548.988057322666,-1.7572269492232,0.242773050776805,0.622210406426351
"Growing season",20,135,"Tillage_Passes","Agricultural",553.505068467343,553.954496517753,-0.449428050410006,1.55057194958999,0.21305102549142
"Growing season",20,135,"PerennialFrac","Agricultural",553.260133316736,553.954496517753,-0.694363201017495,1.3056367989825,0.253186158747304
"Growing season",20,135,"MeanSlope_per","Site",552.924016892186,553.954496517753,-1.0304796255673,0.969520374432705,0.324799825253825
"Growing season",20,135,"Hydrologic_Group","Site",554.609704883048,553.954496517753,0.655208365295266,4.65520836529527,0.0975291293877679
"Growing season",20,135,"Tile","Site",553.004860167282,553.954496517753,-0.949636350470882,1.05036364952912,0.305423349983401
"Growing season",21,135,"Tillage_Passes","Agricultural",545.763021049963,541.24408444433,4.51893660563337,6.51893660563337,0.0106731802101814
"Growing season",21,135,"PerennialFrac","Agricultural",543.275891965188,541.24408444433,2.03180752085837,4.03180752085837,0.0446500787279478
"Growing season",21,135,"MeanSlope_per","Site",539.630314455428,541.24408444433,-1.61376998890182,0.386230011098178,0.534287754767116
"Growing season",21,135,"Hydrologic_Group","Site",542.943159028304,541.24408444433,1.6990745839737,5.6990745839737,0.0578710920987748
"Growing season",21,135,"Tile","Site",539.69118278811,541.24408444433,-1.55290165621955,0.447098343780453,0.503716135229041
"Growing season",22,135,"Tillage_Passes","Agricultural",546.677036007758,547.933750769445,-1.25671476168736,0.743285238312637,0.388610527234786
"Growing season",22,135,"PerennialFrac","Agricultural",547.097774893339,547.933750769445,-0.835975876106772,1.16402412389323,0.280632533261949
"Growing season",22,135,"MeanSlope_per","Site",546.120638779274,547.933750769445,-1.81311199017125,0.186888009828749,0.665519420129424
"Growing season",22,135,"Hydrologic_Group","Site",550.61546795922,547.933750769445,2.68171718977453,6.68171718977453,0.0354065447889412
"Growing season",22,135,"Tile","Site",546.234493783297,547.933750769445,-1.69925698614827,0.300743013851729,0.583416992383702
"Growing season",23,135,"Tillage_Passes","Agricultural",599.623285417164,600.082001947795,-0.458716530630454,1.54128346936955,0.2144268643902
"Growing season",23,135,"PerennialFrac","Agricultural",598.301053461983,600.082001947795,-1.78094848581213,0.219051514187868,0.639763569168797
"Growing season",23,135,"MeanSlope_per","Site",598.592923861202,600.082001947795,-1.48907808659226,0.510921913407742,0.474740038950577
"Growing season",23,135,"Hydrologic_Group","Site",597.540786821746,600.082001947795,-2.5412151260482,1.4587848739518,0.482201869135793
"Growing season",23,135,"Tile","Site",598.221116855793,600.082001947795,-1.86088509200215,0.13911490799785,0.709162503625329
"Growing season",24,135,"Tillage_Passes","Agricultural",578.029981232466,579.372856990786,-1.34287575831956,0.657124241680435,0.417577033639663
"Growing season",24,135,"PerennialFrac","Agricultural",579.0049630791,579.372856990786,-0.367893911685542,1.63210608831446,0.201411994265197
"Growing season",24,135,"MeanSlope_per","Site",577.450990310601,579.372856990786,-1.92186668018439,0.0781333198156062,0.779843198344769
"Growing season",24,135,"Hydrologic_Group","Site",583.284686022046,579.372856990786,3.91182903126025,7.91182903126025,0.01914115565693
"Growing season",24,135,"Tile","Site",579.369478460385,579.372856990786,-0.00337853040025493,1.99662146959975,0.157650265043341
"Growing season",25,135,"Tillage_Passes","Agricultural",569.138202842752,569.914200961628,-0.775998118876146,1.22400188112385,0.268576708661172
"Growing season",25,135,"PerennialFrac","Agricultural",568.883194399218,569.914200961628,-1.03100656241043,0.968993437589575,0.324931340991115
"Growing season",25,135,"MeanSlope_per","Site",567.91434732106,569.914200961628,-1.99985364056784,0.0001463594321649,0.990347499658181
"Growing season",25,135,"Hydrologic_Group","Site",571.392165779908,569.914200961628,1.47796481828004,5.47796481828004,0.0646360865303469
"Growing season",25,135,"Tile","Site",567.999200445499,569.914200961628,-1.91500051612866,0.0849994838713428,0.7706332255037
"Growing season",26,135,"Tillage_Passes","Agricultural",595.575920845799,597.512921868107,-1.93700102230753,0.0629989776924731,0.801817223820478
"Growing season",26,135,"PerennialFrac","Agricultural",596.905844211242,597.512921868107,-0.607077656864817,1.39292234313518,0.237912205178602
"Growing season",26,135,"MeanSlope_per","Site",595.666390051386,597.512921868107,-1.84653181672059,0.153468183279415,0.695242828275067
"Growing season",26,135,"Hydrologic_Group","Site",598.250358072275,597.512921868107,0.737436204168034,4.73743620416803,0.0936006358657639
"Growing season",26,135,"Tile","Site",595.989791401361,597.512921868107,-1.52313046674533,0.476869533254671,0.489843721548138
"Growing season",27,135,"Tillage_Passes","Agricultural",567.708578230314,565.605214350495,2.10336387981863,4.10336387981863,0.0427979819127898
"Growing season",27,135,"PerennialFrac","Agricultural",563.908546339207,565.605214350495,-1.6966680112879,0.303331988712102,0.581801064098112
"Growing season",27,135,"MeanSlope_per","Site",564.00945502611,565.605214350495,-1.59575932438531,0.404240675614687,0.524907281853015
"Growing season",27,135,"Hydrologic_Group","Site",567.529412165249,565.605214350495,1.92419781475394,5.92419781475394,0.051710268127234
"Growing season",27,135,"Tile","Site",563.629146204354,565.605214350495,-1.97606814614119,0.0239318538588122,0.877058431715757
"Growing season",28,135,"Tillage_Passes","Agricultural",565.083023361756,566.291427660077,-1.20840429832049,0.791595701679512,0.373618056112651
"Growing season",28,135,"PerennialFrac","Agricultural",565.88295490175,566.291427660077,-0.40847275832698,1.59152724167302,0.207108069248186
"Growing season",28,135,"MeanSlope_per","Site",564.458908644449,566.291427660077,-1.83251901562721,0.167480984372787,0.682360308927625
"Growing season",28,135,"Hydrologic_Group","Site",568.195052845314,566.291427660077,1.90362518523716,5.90362518523716,0.0522449213126883
"Growing season",28,135,"Tile","Site",564.545099130001,566.291427660077,-1.74632853007563,0.25367146992437,0.614501665238328
"Growing season",29,135,"Tillage_Passes","Agricultural",569.507077241615,569.561715267654,-0.0546380260391288,1.94536197396087,0.16308752013639
"Growing season",29,135,"PerennialFrac","Agricultural",567.620509536501,569.561715267654,-1.94120573115276,0.0587942688472367,0.808411897243346
"Growing season",29,135,"MeanSlope_per","Site",568.087858296261,569.561715267654,-1.47385697139271,0.526143028607294,0.468232939403528
"Growing season",29,135,"Hydrologic_Group","Site",568.291544505676,569.561715267654,-1.27017076197774,2.72982923802226,0.25540248157361
"Growing season",29,135,"Tile","Site",568.249148303864,569.561715267654,-1.31256696378955,0.68743303621045,0.407038874990726
"Growing season",30,135,"Tillage_Passes","Agricultural",577.454907742297,575.774406310559,1.68050143173753,3.68050143173753,0.0550522913957556
"Growing season",30,135,"PerennialFrac","Agricultural",575.595193804431,575.774406310559,-0.179212506128465,1.82078749387153,0.177219567793404
"Growing season",30,135,"MeanSlope_per","Site",574.012787910071,575.774406310559,-1.76161840048792,0.238381599512081,0.625377460071234
"Growing season",30,135,"Hydrologic_Group","Site",575.533799315398,575.774406310559,-0.240606995161329,3.75939300483867,0.152636423513122
"Growing season",30,135,"Tile","Site",573.880458254638,575.774406310559,-1.89394805592178,0.106051944078217,0.744684505688419
"Growing season",31,135,"Tillage_Passes","Agricultural",546.866794577311,545.747108545464,1.11968603184744,3.11968603184744,0.0773516862728641
"Growing season",31,135,"PerennialFrac","Agricultural",546.514651056038,545.747108545464,0.767542510574003,2.767542510574,0.096193741184227
"Growing season",31,135,"MeanSlope_per","Site",544.58587395518,545.747108545464,-1.16123459028393,0.838765409716075,0.359750103109255
"Growing season",31,135,"Hydrologic_Group","Site",550.492033669747,545.747108545464,4.74492512428367,8.74492512428367,0.0126201244303711
"Growing season",31,135,"Tile","Site",543.918554603615,545.747108545464,-1.82855394184878,0.171446058151218,0.678829834825073
"Growing season",32,135,"Tillage_Passes","Agricultural",563.748610528042,564.99496551853,-1.2463549904885,0.753645009511501,0.385324647287834
"Growing season",32,135,"PerennialFrac","Agricultural",563.188189200712,564.99496551853,-1.80677631781805,0.193223682181952,0.660247009428383
"Growing season",32,135,"MeanSlope_per","Site",563.05900714967,564.99496551853,-1.93595836886038,0.0640416311396166,0.800218386336399
"Growing season",32,135,"Hydrologic_Group","Site",565.959427069872,564.99496551853,0.964461551342083,4.96446155134208,0.0835566214552988
"Growing season",32,135,"Tile","Site",563.273686030291,564.99496551853,-1.72127948823913,0.278720511760866,0.597541067433188
"Growing season",33,135,"Tillage_Passes","Agricultural",550.74267715294,548.350198085704,2.3924790672362,4.3924790672362,0.0360977889890006
"Growing season",33,135,"PerennialFrac","Agricultural",546.923203053981,548.350198085704,-1.4269950317231,0.573004968276905,0.44906728682307
"Growing season",33,135,"MeanSlope_per","Site",546.917471790902,548.350198085704,-1.43272629480168,0.567273705198318,0.451344311641239
"Growing season",33,135,"Hydrologic_Group","Site",551.866587614194,548.350198085704,3.51638952849044,7.51638952849044,0.0233258109777799
"Growing season",33,135,"Tile","Site",546.878419440666,548.350198085704,-1.47177864503817,0.528221354961829,0.467355600088801
"Growing season",34,135,"Tillage_Passes","Agricultural",544.703996052556,546.642147595604,-1.93815154304843,0.0618484569515658,0.803597877144363
"Growing season",34,135,"PerennialFrac","Agricultural",544.688100441216,546.642147595604,-1.95404715438872,0.0459528456112821,0.830261537670013
"Growing season",34,135,"MeanSlope_per","Site",545.303925045633,546.642147595604,-1.33822254997108,0.661777450028922,0.415933137072157
"Growing season",34,135,"Hydrologic_Group","Site",543.688685471763,546.642147595604,-2.95346212384118,1.04653787615882,0.592580270163755
"Growing season",34,135,"Tile","Site",545.521722288176,546.642147595604,-1.12042530742815,0.87957469257185,0.348318194131294
"Growing season",35,135,"Tillage_Passes","Agricultural",566.286815869138,567.702917512317,-1.41610164317945,0.583898356820555,0.444788333520173
"Growing season",35,135,"PerennialFrac","Agricultural",565.707735341561,567.702917512317,-1.99518217075592,0.00481782924407526,0.944662804008315
"Growing season",35,135,"MeanSlope_per","Site",565.925881847677,567.702917512317,-1.77703566464004,0.222964335359961,0.636790467016132
"Growing season",35,135,"Hydrologic_Group","Site",569.503248551764,567.702917512317,1.80033103944675,5.80033103944675,0.0550141133819323
"Growing season",35,135,"Tile","Site",566.418368334007,567.702917512317,-1.28454917831039,0.715450821689615,0.397640188464452
"Growing season",36,135,"Tillage_Passes","Agricultural",550.644316523949,549.981669458627,0.662647065321835,2.66264706532183,0.10272964362008
"Growing season",36,135,"PerennialFrac","Agricultural",550.39766960067,549.981669458627,0.416000142042435,2.41600014204244,0.120101242845269
"Growing season",36,135,"MeanSlope_per","Site",548.034088834746,549.981669458627,-1.94758062388121,0.0524193761187917,0.818905616283744
"Growing season",36,135,"Hydrologic_Group","Site",549.087474279525,549.981669458627,-0.894195179101985,3.10580482089802,0.211632836212473
"Growing season",36,135,"Tile","Site",548.039834417452,549.981669458627,-1.9418350411753,0.0581649588247046,0.809420163920508
"Growing season",37,135,"Tillage_Passes","Agricultural",517.364280155276,516.617327852071,0.746952303204807,2.74695230320481,0.0974400002106001
"Growing season",37,135,"PerennialFrac","Agricultural",520.098556379214,516.617327852071,3.48122852714346,5.48122852714351,0.0192217451191941
"Growing season",37,135,"MeanSlope_per","Site",517.036183034791,516.617327852071,0.418855182720563,2.41885518272062,0.119882513042303
"Growing season",37,135,"Hydrologic_Group","Site",523.048973201076,516.617327852071,6.43164534900495,10.431645349005,0.00542996454511422
"Growing season",37,135,"Tile","Site",514.704072839215,516.617327852071,-1.91325501285598,0.0867449871440726,0.768356747951087
"Growing season",38,135,"Tillage_Passes","Agricultural",556.194330568083,557.47732872319,-1.28299815510695,0.717001844893048,0.397129122744649
"Growing season",38,135,"PerennialFrac","Agricultural",556.530373395146,557.47732872319,-0.946955328044055,1.05304467195594,0.304806912210951
"Growing season",38,135,"MeanSlope_per","Site",561.004205603939,557.47732872319,3.5268768807482,5.5268768807482,0.0187265027194761
"Growing season",38,135,"Hydrologic_Group","Site",564.294660384748,557.47732872319,6.81733166155777,10.8173316615578,0.00447761011763328
"Growing season",38,135,"Tile","Site",559.678473966237,557.47732872319,2.20114524304688,4.20114524304688,0.0403966888844897
"Growing season",39,135,"Tillage_Passes","Agricultural",561.649255541811,561.939289610842,-0.290034069030185,1.70996593096982,0.190989790841609
"Growing season",39,135,"PerennialFrac","Agricultural",561.78422348598,561.939289610842,-0.155066124861378,1.84493387513862,0.174373766171777
"Growing season",39,135,"MeanSlope_per","Site",560.064552505252,561.939289610842,-1.87473710558993,0.125262894410071,0.723395102712875
"Growing season",39,135,"Hydrologic_Group","Site",559.534297257216,561.939289610842,-2.40499235362518,1.59500764637482,0.450451969685794
"Growing season",39,135,"Tile","Site",560.994551734845,561.939289610842,-0.94473787599668,1.05526212400332,0.304298277471569
"Growing season",40,135,"Tillage_Passes","Agricultural",557.978441849056,559.964661627194,-1.98621977813832,0.0137802218616798,0.906551650202344
"Growing season",40,135,"PerennialFrac","Agricultural",558.577514930346,559.964661627194,-1.3871466968485,0.612853303151496,0.433715509313429
"Growing season",40,135,"MeanSlope_per","Site",558.000749429661,559.964661627194,-1.96391219753389,0.0360878024661133,0.849334285714322
"Growing season",40,135,"Hydrologic_Group","Site",563.344027368925,559.964661627194,3.37936574173011,7.37936574173011,0.0249799226475426
"Growing season",40,135,"Tile","Site",558.019987308013,559.964661627194,-1.94467431918144,0.0553256808185552,0.814042549587442
"Growing season",41,135,"Tillage_Passes","Agricultural",558.244788527847,558.588092390008,-0.343303862161406,1.65669613783859,0.198049995722151
"Growing season",41,135,"PerennialFrac","Agricultural",561.700141037554,558.588092390008,3.11204864754563,5.11204864754563,0.0237602478696439
"Growing season",41,135,"MeanSlope_per","Site",556.883605447131,558.588092390008,-1.704486942877,0.295513057123003,0.586709101357304
"Growing season",41,135,"Hydrologic_Group","Site",557.869098686384,558.588092390008,-0.718993703623823,3.28100629637618,0.19388246613378
"Growing season",41,135,"Tile","Site",558.550907760357,558.588092390008,-0.0371846296508238,1.96281537034918,0.16121253947863
"Growing season",42,135,"Tillage_Passes","Agricultural",567.446646237744,568.861669686514,-1.4150234487696,0.584976551230397,0.444368256223641
"Growing season",42,135,"PerennialFrac","Agricultural",567.256216463831,568.861669686514,-1.6054532226832,0.394546777316805,0.529919052744064
"Growing season",42,135,"MeanSlope_per","Site",567.227450523063,568.861669686514,-1.63421916345067,0.365780836549334,0.545313104172596
"Growing season",42,135,"Hydrologic_Group","Site",570.385508609598,568.861669686514,1.52383892308399,5.52383892308399,0.0631703987637493
"Growing season",42,135,"Tile","Site",566.938090723834,568.861669686514,-1.9235789626797,0.0764210373203014,0.782207409967142
"Growing season",43,135,"Tillage_Passes","Agricultural",571.112311797849,573.080327600076,-1.968015802227,0.0319841977729993,0.858062343449388
"Growing season",43,135,"PerennialFrac","Agricultural",572.231699719382,573.080327600076,-0.848627880693584,1.15137211930642,0.283262101136731
"Growing season",43,135,"MeanSlope_per","Site",571.757918972334,573.080327600076,-1.32240862774233,0.677591372257666,0.410417362277438
"Growing season",43,135,"Hydrologic_Group","Site",575.78305479984,573.080327600076,2.70272719976367,6.70272719976367,0.0350365456829233
"Growing season",43,135,"Tile","Site",571.098663062191,573.080327600076,-1.98166453788451,0.0183354621154876,0.892288903291533
"Growing season",44,135,"Tillage_Passes","Agricultural",564.552550388665,564.176944145446,0.375606243218726,2.37560624321873,0.123243745245406
"Growing season",44,135,"PerennialFrac","Agricultural",564.963828681537,564.176944145446,0.786884536091065,2.78688453609107,0.0950388350249869
"Growing season",44,135,"MeanSlope_per","Site",563.089080934596,564.176944145446,-1.08786321085051,0.912136789149486,0.339548100676427
"Growing season",44,135,"Hydrologic_Group","Site",564.624162578144,564.176944145446,0.447218432698151,4.44721843269815,0.108217821598612
"Growing season",44,135,"Tile","Site",562.671338221274,564.176944145446,-1.50560592417162,0.494394075828382,0.481973728000372
"Growing season",45,135,"Tillage_Passes","Agricultural",553.436634390312,554.425185031494,-0.988550641181746,1.01144935881825,0.314555867731469
"Growing season",45,135,"PerennialFrac","Agricultural",556.413121375861,554.425185031494,1.9879363443672,3.9879363443672,0.045827159169072
"Growing season",45,135,"MeanSlope_per","Site",553.703489378085,554.425185031494,-0.721695653409029,1.27830434659097,0.25821455154748
"Growing season",45,135,"Hydrologic_Group","Site",556.425931435853,554.425185031494,2.00074640435912,6.00074640435912,0.049768491192172
"Growing season",45,135,"Tile","Site",552.617634227447,554.425185031494,-1.80755080404651,0.192449195953486,0.66088594278684
"Growing season",46,135,"Tillage_Passes","Agricultural",566.602348137533,567.98905595763,-1.38670782009706,0.613292179902942,0.433550932141827
"Growing season",46,135,"PerennialFrac","Agricultural",566.596750373086,567.98905595763,-1.39230558454369,0.607694415456308,0.435657226415594
"Growing season",46,135,"MeanSlope_per","Site",566.839669622808,567.98905595763,-1.14938633482222,0.850613665177775,0.356378792832848
"Growing season",46,135,"Hydrologic_Group","Site",569.226835510484,567.98905595763,1.23777955285425,5.23777955285425,0.0728837351668013
"Growing season",46,135,"Tile","Site",567.577715364803,567.98905595763,-0.411340592826605,1.5886594071734,0.207517771728828
"Growing season",47,135,"Tillage_Passes","Agricultural",593.114835713898,588.895355302465,4.21948041143219,6.21948041143219,0.01263521880742
"Growing season",47,135,"PerennialFrac","Agricultural",587.059664201156,588.895355302465,-1.83569110130918,0.16430889869082,0.68522000797863
"Growing season",47,135,"MeanSlope_per","Site",587.926873589494,588.895355302465,-0.968481712971879,1.03151828702812,0.309802332322877
"Growing season",47,135,"Hydrologic_Group","Site",587.176864089509,588.895355302465,-1.71849121295691,2.28150878704309,0.319577843401333
"Growing season",47,135,"Tile","Site",587.017403826496,588.895355302465,-1.87795147596944,0.122048524030561,0.726823233439599
"Growing season",48,135,"Tillage_Passes","Agricultural",575.722074117799,576.245217610427,-0.523143492627582,1.47685650737242,0.224266999282935
"Growing season",48,135,"PerennialFrac","Agricultural",576.928518005749,576.245217610427,0.683300395322362,2.68330039532236,0.101405368810389
"Growing season",48,135,"MeanSlope_per","Site",574.26716173883,576.245217610427,-1.97805587159689,0.0219441284031063,0.882235828112452
"Growing season",48,135,"Hydrologic_Group","Site",576.512752375658,576.245217610427,0.267534765230835,4.26753476523083,0.118390430578485
"Growing season",48,135,"Tile","Site",574.706869543786,576.245217610427,-1.53834806664111,0.461651933358894,0.496852950286733
"Growing season",49,135,"Tillage_Passes","Agricultural",551.132309832888,552.328605720199,-1.19629588731073,0.803704112689275,0.369988203110247
"Growing season",49,135,"PerennialFrac","Agricultural",550.494700268314,552.328605720199,-1.83390545188536,0.166094548114643,0.683606289941722
"Growing season",49,135,"MeanSlope_per","Site",551.385187028409,552.328605720199,-0.943418691790384,1.05658130820962,0.303996206352294
"Growing season",49,135,"Hydrologic_Group","Site",556.069038388666,552.328605720199,3.74043266846684,7.74043266846684,0.0208538575339106
"Growing season",49,135,"Tile","Site",550.977259320584,552.328605720199,-1.3513463996153,0.648653600384705,0.420594464189884
"Growing season",50,135,"Tillage_Passes","Agricultural",563.003115733841,563.326768658043,-0.32365292420252,1.67634707579748,0.195410548164357
"Growing season",50,135,"PerennialFrac","Agricultural",565.68552530529,563.326768658043,2.3587566472462,4.3587566472462,0.0368191689312671
"Growing season",50,135,"MeanSlope_per","Site",561.363993071535,563.326768658043,-1.96277558650797,0.0372244134920265,0.847008860609171
"Growing season",50,135,"Hydrologic_Group","Site",564.502990821012,563.326768658043,1.17622216296866,5.17622216296866,0.0751618807486441
"Growing season",50,135,"Tile","Site",562.481339580384,563.326768658043,-0.845429077658991,1.15457092234101,0.282594335722828
"Growing season",51,135,"Tillage_Passes","Agricultural",568.639581434959,568.288719996724,0.350861438235711,2.35086143823571,0.125213797051015
"Growing season",51,135,"PerennialFrac","Agricultural",566.539578234708,568.288719996724,-1.74914176201526,0.250858237984744,0.616471413027992
"Growing season",51,135,"MeanSlope_per","Site",568.658606747802,568.288719996724,0.369886751078411,2.36988675107841,0.12369602469933
"Growing season",51,135,"Hydrologic_Group","Site",567.73103369622,568.288719996724,-0.557686300503406,3.44231369949659,0.178859115059394
"Growing season",51,135,"Tile","Site",566.519956269407,568.288719996724,-1.76876372731704,0.231236272682963,0.630608662284797
"Growing season",52,135,"Tillage_Passes","Agricultural",567.652791573808,568.97549166615,-1.32270009234105,0.677299907658949,0.410518044595306
"Growing season",52,135,"PerennialFrac","Agricultural",567.005912506877,568.97549166615,-1.96957915927294,0.0304208407270607,0.861538766878136
"Growing season",52,135,"MeanSlope_per","Site",568.887782438944,568.97549166615,-0.0877092272060054,1.91229077279399,0.166709017804873
"Growing season",52,135,"Hydrologic_Group","Site",569.976824106901,568.97549166615,1.00133244075164,5.00133244075164,0.0820303301379181
"Growing season",52,135,"Tile","Site",567.327061132572,568.97549166615,-1.64843053357799,0.351569466422006,0.553226035007172
"Growing season",53,135,"Tillage_Passes","Agricultural",552.330196742642,553.183375183286,-0.853178440644911,1.14682155935509,0.284215498293521
"Growing season",53,135,"PerennialFrac","Agricultural",552.370293702348,553.183375183286,-0.813081480938763,1.18691851906124,0.275952009853384
"Growing season",53,135,"MeanSlope_per","Site",551.426228410566,553.183375183286,-1.75714677272003,0.242853227279966,0.622152916085498
"Growing season",53,135,"Hydrologic_Group","Site",551.280498840573,553.183375183286,-1.90287634271374,2.09712365728626,0.350441381626737
"Growing season",53,135,"Tile","Site",551.310102698753,553.183375183286,-1.873272484533,0.126727515466996,0.721849489515152
"Growing season",54,135,"Tillage_Passes","Agricultural",540.882277168516,542.655981873841,-1.77370470532503,0.226295294674969,0.634284522615241
"Growing season",54,135,"PerennialFrac","Agricultural",541.233570615473,542.655981873841,-1.42241125836802,0.577588741631985,0.447259012298095
"Growing season",54,135,"MeanSlope_per","Site",540.681568211542,542.655981873841,-1.97441366229941,0.025586337700588,0.872914710992239
"Growing season",54,135,"Hydrologic_Group","Site",543.545192773052,542.655981873841,0.889210899211207,4.88921089921121,0.0867603594836783
"Growing season",54,135,"Tile","Site",541.377925585968,542.655981873841,-1.27805628787303,0.721943712126972,0.395507075553853
"Growing season",55,135,"Tillage_Passes","Agricultural",566.412452510675,566.275204121374,0.13724838930159,2.13724838930159,0.143759543415483
"Growing season",55,135,"PerennialFrac","Agricultural",564.483785806122,566.275204121374,-1.79141831525203,0.208581684747969,0.647881343280185
"Growing season",55,135,"MeanSlope_per","Site",564.52598336114,566.275204121374,-1.74922076023427,0.250779239765734,0.616526924504727
"Growing season",55,135,"Hydrologic_Group","Site",564.658014313887,566.275204121374,-1.61718980748719,2.38281019251281,0.303794104078174
"Growing season",55,135,"Tile","Site",565.364674774902,566.275204121374,-0.910529346472231,1.08947065352777,0.296588524682926
"Growing season",56,135,"Tillage_Passes","Agricultural",580.719794992359,572.474457295577,8.2453376967818,10.2453376967818,0.00137030496370649
"Growing season",56,135,"PerennialFrac","Agricultural",570.475088108225,572.474457295577,-1.99936918735227,0.000630812647727907,0.979962450888178
"Growing season",56,135,"MeanSlope_per","Site",572.057916316227,572.474457295577,-0.41654097935043,1.58345902064957,0.208263152236914
"Growing season",56,135,"Hydrologic_Group","Site",571.948586070952,572.474457295577,-0.525871224624666,3.47412877537533,0.176036417508305
"Growing season",56,135,"Tile","Site",572.313346102694,572.474457295577,-0.161111192882913,1.83888880711709,0.175081241700057
"Growing season",57,135,"Tillage_Passes","Agricultural",572.779898852545,571.723770490068,1.05612836247712,3.05612836247712,0.08043310872062
"Growing season",57,135,"PerennialFrac","Agricultural",570.941931558236,571.723770490068,-0.781838931831203,1.2181610681688,0.269721845240703
"Growing season",57,135,"MeanSlope_per","Site",571.437991095264,571.723770490068,-0.285779394803399,1.7142206051966,0.190438682987446
"Growing season",57,135,"Hydrologic_Group","Site",570.282924172261,571.723770490068,-1.44084631780697,2.55915368219303,0.278154979309054
"Growing season",57,135,"Tile","Site",570.658244266645,571.723770490068,-1.06552622342281,0.934473776577192,0.33370310894875
"Growing season",58,135,"Tillage_Passes","Agricultural",548.936423925537,550.544505323066,-1.60808139752965,0.391918602470355,0.53129262312085
"Growing season",58,135,"PerennialFrac","Agricultural",549.096192398285,550.544505323066,-1.44831292478102,0.551687075218979,0.457629174362733
"Growing season",58,135,"MeanSlope_per","Site",548.839385643764,550.544505323066,-1.70511967930179,0.294880320698212,0.587109946006841
"Growing season",58,135,"Hydrologic_Group","Site",551.352282272397,550.544505323066,0.807776949330787,4.80777694933079,0.0903658837766551
"Growing season",58,135,"Tile","Site",548.814269438135,550.544505323066,-1.73023588493083,0.269764115069165,0.603490049771254
"Growing season",59,135,"Tillage_Passes","Agricultural",561.566024023968,563.235415922859,-1.66939189889126,0.330608101108737,0.565301235326622
"Growing season",59,135,"PerennialFrac","Agricultural",561.466680923569,563.235415922859,-1.76873499928968,0.231265000710323,0.630587431846239
"Growing season",59,135,"MeanSlope_per","Site",561.677234818618,563.235415922859,-1.55818110424059,0.441818895759411,0.506245855862175
"Growing season",59,135,"Hydrologic_Group","Site",565.116732421509,563.235415922859,1.88131649865045,5.88131649865045,0.0528309413587215
"Growing season",59,135,"Tile","Site",564.11814650596,563.235415922859,0.882730583101079,2.88273058310108,0.0895340769675553
"Growing season",60,135,"Tillage_Passes","Agricultural",547.817181846348,544.459916853607,3.35726499274165,5.35726499274165,0.0206361128668005
"Growing season",60,135,"PerennialFrac","Agricultural",544.039120702092,544.459916853607,-0.420796151514992,1.57920384848501,0.208875409965309
"Growing season",60,135,"MeanSlope_per","Site",544.545679438985,544.459916853607,0.0857625853785748,2.08576258537857,0.148677959731625
"Growing season",60,135,"Hydrologic_Group","Site",541.683193920477,544.459916853607,-2.77672293312969,1.22327706687031,0.54246129950227
"Growing season",60,135,"Tile","Site",542.463912758779,544.459916853607,-1.99600409482809,0.00399590517190518,0.949596755655631
"Growing season",61,135,"Tillage_Passes","Agricultural",582.073567913995,583.893782361775,-1.82021444778047,0.179785552219528,0.671557598359737
"Growing season",61,135,"PerennialFrac","Agricultural",581.95727261195,583.893782361775,-1.93650974982597,0.0634902501740271,0.801062152122714
"Growing season",61,135,"MeanSlope_per","Site",582.458430030933,583.893782361775,-1.43535233084231,0.564647669157694,0.452393663768667
"Growing season",61,135,"Hydrologic_Group","Site",582.001020343124,583.893782361775,-1.89276201865175,2.10723798134825,0.3486736164824
"Growing season",61,135,"Tile","Site",582.180209612714,583.893782361775,-1.71357274906165,0.286427250938345,0.592519181474057
"Growing season",62,135,"Tillage_Passes","Agricultural",578.687687264444,580.534405858395,-1.84671859395007,0.153281406049928,0.695419047021157
"Growing season",62,135,"PerennialFrac","Agricultural",579.609871547481,580.534405858395,-0.924534310913714,1.07546568908629,0.299714131392002
"Growing season",62,135,"MeanSlope_per","Site",578.574208455022,580.534405858395,-1.96019740337294,0.0398025966270552,0.841867043307383
"Growing season",62,135,"Hydrologic_Group","Site",585.528447629109,580.534405858395,4.99404177071472,8.99404177071472,0.0111421408583458
"Growing season",62,135,"Tile","Site",578.629755547179,580.534405858395,-1.90465031121551,0.0953496887844949,0.757483216993721
"Growing season",63,135,"Tillage_Passes","Agricultural",554.695942097868,556.618027414987,-1.9220853171189,0.0779146828811008,0.780143513259711
"Growing season",63,135,"PerennialFrac","Agricultural",554.701855503535,556.618027414987,-1.91617191145258,0.0838280885474205,0.772175207871956
"Growing season",63,135,"MeanSlope_per","Site",554.619536537293,556.618027414987,-1.99849087769417,0.00150912230583344,0.969012034932592
"Growing season",63,135,"Hydrologic_Group","Site",558.313431956912,556.618027414987,1.69540454192509,5.69540454192509,0.0579773842638279
"Growing season",63,135,"Tile","Site",554.620943894427,556.618027414987,-1.9970835205603,0.00291647943970474,0.956931627535263
"Growing season",64,135,"Tillage_Passes","Agricultural",582.712239162377,584.175150052391,-1.46291089001386,0.537089109986141,0.463641603563281
"Growing season",64,135,"PerennialFrac","Agricultural",582.786127982703,584.175150052391,-1.38902206968794,0.61097793031206,0.434419839540155
"Growing season",64,135,"MeanSlope_per","Site",584.956954184784,584.175150052391,0.781804132393063,2.78180413239306,0.0953407150475534
"Growing season",64,135,"Hydrologic_Group","Site",583.995282588727,584.175150052391,-0.179867463663754,3.82013253633625,0.148070573904646
"Growing season",64,135,"Tile","Site",584.794917319316,584.175150052391,0.61976726692501,2.61976726692501,0.105539919216608
"Growing season",65,135,"Tillage_Passes","Agricultural",525.020000123721,522.007995672104,3.01200445161635,5.01200445161641,0.0251721452243674
"Growing season",65,135,"PerennialFrac","Agricultural",524.303765748394,522.007995672104,2.2957700762895,4.29577007628961,0.0382072894887217
"Growing season",65,135,"MeanSlope_per","Site",520.072257274389,522.007995672104,-1.93573839771477,0.0642616022852849,0.799882848268257
"Growing season",65,135,"Hydrologic_Group","Site",519.186891387155,522.007995672104,-2.82110428494934,1.17889571505077,0.554633436885272
"Growing season",65,135,"Tile","Site",520.12522546417,522.007995672104,-1.88277020793385,0.117229792066269,0.732058643822823
"Growing season",66,135,"Tillage_Passes","Agricultural",550.873327642821,552.87242529767,-1.99909765484938,0.000902345150620931,0.976035901509313
"Growing season",66,135,"PerennialFrac","Agricultural",550.986336289316,552.87242529767,-1.88608900835425,0.113910991645753,0.735734717631025
"Growing season",66,135,"MeanSlope_per","Site",551.377697524437,552.87242529767,-1.49472777323319,0.505272226766806,0.477192666458292
"Growing season",66,135,"Hydrologic_Group","Site",555.996425530964,552.87242529767,3.12400023329383,7.12400023329383,0.0283820005938331
"Growing season",66,135,"Tile","Site",551.352697812264,552.87242529767,-1.51972748540618,0.480272514593821,0.488298904642129
"Growing season",67,135,"Tillage_Passes","Agricultural",537.186026218003,535.99659794125,1.18942827675289,3.18942827675289,0.0741159285639975
"Growing season",67,135,"PerennialFrac","Agricultural",535.112877141616,535.99659794125,-0.883720799634261,1.11627920036574,0.290721051310226
"Growing season",67,135,"MeanSlope_per","Site",534.362849353325,535.99659794125,-1.63374858792486,0.366251412075144,0.545054693807083
"Growing season",67,135,"Hydrologic_Group","Site",538.171679253423,535.99659794125,2.17508131217369,6.17508131217369,0.0456139970784843
"Growing season",67,135,"Tile","Site",533.996768717688,535.99659794125,-1.99982922356196,0.000170776438039866,0.989573424894113
"Growing season",68,135,"Tillage_Passes","Agricultural",567.445154630954,566.250298709842,1.19485592111278,3.19485592111278,0.0738702791413848
"Growing season",68,135,"PerennialFrac","Agricultural",564.722386500575,566.250298709842,-1.52791220926667,0.472087790733326,0.492028251961864
"Growing season",68,135,"MeanSlope_per","Site",564.283146552063,566.250298709842,-1.96715215777817,0.0328478422218268,0.856179405526497
"Growing season",68,135,"Hydrologic_Group","Site",569.066988212561,566.250298709842,2.81668950271933,6.81668950271933,0.0330959370668033
"Growing season",68,135,"Tile","Site",565.401062005965,566.250298709842,-0.849236703876386,1.15076329612361,0.283389422020156
"Growing season",69,135,"Tillage_Passes","Agricultural",588.420728741441,583.331075673164,5.08965306827713,7.08965306827713,0.0077530254427983
"Growing season",69,135,"PerennialFrac","Agricultural",581.941444154272,583.331075673164,-1.38963151889186,0.610368481108139,0.434649104226967
"Growing season",69,135,"MeanSlope_per","Site",582.663206976417,583.331075673164,-0.667868696746609,1.33213130325339,0.248426410407093
"Growing season",69,135,"Hydrologic_Group","Site",587.515910344061,583.331075673164,4.1848346708972,8.1848346708972,0.0166988180844768
"Growing season",69,135,"Tile","Site",582.957658212069,583.331075673164,-0.373417461094164,1.62658253890584,0.202176383770029
"Growing season",70,135,"Tillage_Passes","Agricultural",570.762830121357,572.225610948865,-1.4627808275078,0.5372191724922,0.463587481894281
"Growing season",70,135,"PerennialFrac","Agricultural",570.440166879051,572.225610948865,-1.78544406981359,0.214555930186407,0.643219708610405
"Growing season",70,135,"MeanSlope_per","Site",571.586145491256,572.225610948865,-0.639465457608367,1.36053454239163,0.24344486222152
"Growing season",70,135,"Hydrologic_Group","Site",575.55335499622,572.225610948865,3.32774404735574,7.32774404735574,0.0256330684772797
"Growing season",70,135,"Tile","Site",570.407492945343,572.225610948865,-1.81811800352136,0.181881996478637,0.669760846426577
"Growing season",71,135,"Tillage_Passes","Agricultural",547.251468669272,544.74530192679,2.5061667424817,4.5061667424817,0.0337728481314507
"Growing season",71,135,"PerennialFrac","Agricultural",547.444000736907,544.74530192679,2.69869881011641,4.69869881011641,0.0301854618707804
"Growing season",71,135,"MeanSlope_per","Site",543.603460449961,544.74530192679,-1.14184147682909,0.858158523170914,0.354254529338002
"Growing season",71,135,"Hydrologic_Group","Site",547.074398753271,544.74530192679,2.32909682648062,6.32909682648062,0.042233209466647
"Growing season",71,135,"Tile","Site",542.75162176675,544.74530192679,-1.99368016003996,0.00631983996004237,0.936636982794463
"Growing season",72,135,"Tillage_Passes","Agricultural",544.570521437498,538.589391548491,5.98112988900709,7.98112988900709,0.00472674317927305
"Growing season",72,135,"PerennialFrac","Agricultural",541.399886635888,538.589391548491,2.81049508739659,4.81049508739659,0.0282869174073495
"Growing season",72,135,"MeanSlope_per","Site",537.744999029119,538.589391548491,-0.844392519372605,1.1556074806274,0.282378376566209
"Growing season",72,135,"Hydrologic_Group","Site",540.039065529239,538.589391548491,1.44967398074766,5.44967398074766,0.0655568882509249
"Growing season",72,135,"Tile","Site",538.399118489686,538.589391548491,-0.190273058805587,1.80972694119441,0.178540989324407
"Growing season",73,135,"Tillage_Passes","Agricultural",568.666007371634,570.223977895543,-1.55797052390926,0.442029476090738,0.506144536750899
"Growing season",73,135,"PerennialFrac","Agricultural",568.241988232247,570.223977895543,-1.98198966329619,0.01801033670381,0.893242373376917
"Growing season",73,135,"MeanSlope_per","Site",572.479982394294,570.223977895543,2.25600449875037,4.25600449875037,0.0391118107553376
"Growing season",73,135,"Hydrologic_Group","Site",572.922668221676,570.223977895543,2.69869032613303,6.69869032613303,0.0351073361556256
"Growing season",73,135,"Tile","Site",570.812352793073,570.223977895543,0.588374897529889,2.58837489752989,0.107650737019274
"Growing season",74,135,"Tillage_Passes","Agricultural",564.226972285639,566.151384672967,-1.92441238732829,0.0755876126717112,0.783368470443539
"Growing season",74,135,"PerennialFrac","Agricultural",567.512656404828,566.151384672967,1.36127173186048,3.36127173186048,0.0667465050098631
"Growing season",74,135,"MeanSlope_per","Site",564.200337055744,566.151384672967,-1.95104761722303,0.0489523827769744,0.824896336108247
"Growing season",74,135,"Hydrologic_Group","Site",572.216491891537,566.151384672967,6.06510721856978,10.0651072185698,0.00652213430455986
"Growing season",74,135,"Tile","Site",564.714889530415,566.151384672967,-1.43649514255253,0.563504857447469,0.452851519140178
"Growing season",75,135,"Tillage_Passes","Agricultural",565.715462284589,567.678516697816,-1.96305441322704,0.0369455867729584,0.847575873839933
"Growing season",75,135,"PerennialFrac","Agricultural",569.074180286942,567.678516697816,1.39566358912577,3.39566358912577,0.0653680556811596
"Growing season",75,135,"MeanSlope_per","Site",565.954584733527,567.678516697816,-1.72393196428891,0.276068035711091,0.599290023467473
"Growing season",75,135,"Hydrologic_Group","Site",567.946591188912,567.678516697816,0.268074491096058,4.26807449109606,0.11835848570026
"Growing season",75,135,"Tile","Site",565.685046280892,567.678516697816,-1.9934704169242,0.0065295830758032,0.93559636706826
"Growing season",76,135,"Tillage_Passes","Agricultural",583.845333674593,579.962617020355,3.88271665423781,5.88271665423781,0.0152902123147068
"Growing season",76,135,"PerennialFrac","Agricultural",578.854280364182,579.962617020355,-1.10833665617315,0.891663343826849,0.345026955257014
"Growing season",76,135,"MeanSlope_per","Site",578.867262511181,579.962617020355,-1.0953545091736,0.904645490826397,0.341539130747041
"Growing season",76,135,"Hydrologic_Group","Site",579.670092008885,579.962617020355,-0.292525011469365,3.70747498853063,0.156650590151573
"Growing season",76,135,"Tile","Site",578.174927914174,579.962617020355,-1.78768910618101,0.212310893818994,0.644962147294406
"Growing season",77,135,"Tillage_Passes","Agricultural",558.855793930567,557.7577916019,1.09800232866712,3.09800232866712,0.078388429630234
"Growing season",77,135,"PerennialFrac","Agricultural",555.906917872214,557.7577916019,-1.85087372968621,0.149126270313786,0.699371727766957
"Growing season",77,135,"MeanSlope_per","Site",557.664602030588,557.7577916019,-0.0931895713122231,1.90681042868778,0.167317992230039
"Growing season",77,135,"Hydrologic_Group","Site",561.310272444148,557.7577916019,3.55248084224809,7.55248084224809,0.0229086566288936
"Growing season",77,135,"Tile","Site",555.805134660317,557.7577916019,-1.95265694158275,0.0473430584172547,0.827752783980095
"Growing season",78,135,"Tillage_Passes","Agricultural",553.63320055949,552.089217636738,1.54398292275198,3.54398292275198,0.0597617949688848
"Growing season",78,135,"PerennialFrac","Agricultural",551.123516038674,552.089217636738,-0.965701598064243,1.03429840193576,0.30915123048204
"Growing season",78,135,"MeanSlope_per","Site",550.102422426454,552.089217636738,-1.98679521028441,0.0132047897155871,0.908514797704034
"Growing season",78,135,"Hydrologic_Group","Site",553.100133642009,552.089217636738,1.01091600527025,5.01091600527025,0.0816381989112819
"Growing season",78,135,"Tile","Site",550.696454750039,552.089217636738,-1.39276288669964,0.607237113300357,0.435829986301381
"Growing season",79,135,"Tillage_Passes","Agricultural",607.629545767845,604.95874149435,2.67080427349504,4.67080427349504,0.0306795569946906
"Growing season",79,135,"PerennialFrac","Agricultural",604.325324552801,604.95874149435,-0.633416941549399,1.3665830584506,0.242399830165586
"Growing season",79,135,"MeanSlope_per","Site",604.183222468693,604.95874149435,-0.775519025656649,1.22448097434335,0.268483048282157
"Growing season",79,135,"Hydrologic_Group","Site",605.615142657606,604.95874149435,0.656401163255964,4.65640116325596,0.0974709804561521
"Growing season",79,135,"Tile","Site",603.914228445512,604.95874149435,-1.04451304883787,0.955486951162129,0.328326562523491
"Growing season",80,135,"Tillage_Passes","Agricultural",567.516059355537,568.435124320455,-0.919064964917425,1.08093503508258,0.298488476426393
"Growing season",80,135,"PerennialFrac","Agricultural",566.509592845106,568.435124320455,-1.92553147534818,0.0744685246518202,0.784938375783809
"Growing season",80,135,"MeanSlope_per","Site",569.184177864991,568.435124320455,0.749053544536764,2.74905354453676,0.0973120160587028
"Growing season",80,135,"Hydrologic_Group","Site",566.635304106944,568.435124320455,-1.79982021351111,2.20017978648889,0.332841162181276
"Growing season",80,135,"Tile","Site",567.10499447844,568.435124320455,-1.33012984201434,0.669870157985656,0.41309687952574
"Growing season",81,135,"Tillage_Passes","Agricultural",604.604798697155,604.383652698402,0.221145998752604,2.2211459987526,0.136131978435856
"Growing season",81,135,"PerennialFrac","Agricultural",602.555537203296,604.383652698402,-1.82811549510632,0.171884504893683,0.678442390650163
"Growing season",81,135,"MeanSlope_per","Site",602.449862932315,604.383652698402,-1.93378976608699,0.0662102339130115,0.796936776799581
"Growing season",81,135,"Hydrologic_Group","Site",601.489256281228,604.383652698402,-2.89439641717399,1.10560358282601,0.575335579780726
"Growing season",81,135,"Tile","Site",602.812068217488,604.383652698402,-1.57158448091423,0.428415519085775,0.51276745478048
"Growing season",82,135,"Tillage_Passes","Agricultural",583.329525979858,585.3259472592,-1.99642127934169,0.00357872065831089,0.952297077471656
"Growing season",82,135,"PerennialFrac","Agricultural",586.957058013152,585.3259472592,1.63111075395227,3.63111075395227,0.0567089568627209
"Growing season",82,135,"MeanSlope_per","Site",584.046492156124,585.3259472592,-1.2794551030762,0.720544896923798,0.395965231244274
"Growing season",82,135,"Hydrologic_Group","Site",590.451255924175,585.3259472592,5.12530866497502,9.12530866497502,0.0104343259830186
"Growing season",82,135,"Tile","Site",584.668568237272,585.3259472592,-0.657379021928477,1.34262097807152,0.246572281847014
"Growing season",83,135,"Tillage_Passes","Agricultural",590.582466795978,591.882521311624,-1.30005451564568,0.699945484354316,0.402802012898471
"Growing season",83,135,"PerennialFrac","Agricultural",591.571197483239,591.882521311624,-0.311323828385071,1.68867617161493,0.193775570839638
"Growing season",83,135,"MeanSlope_per","Site",590.249733876205,591.882521311624,-1.63278743541855,0.36721256458145,0.544527593519968
"Growing season",83,135,"Hydrologic_Group","Site",590.742284008607,591.882521311624,-1.14023730301699,2.85976269698301,0.239337318292959
"Growing season",83,135,"Tile","Site",589.895079341494,591.882521311624,-1.98744197012968,0.0125580298703198,0.910773758898415
"Growing season",84,135,"Tillage_Passes","Agricultural",535.955661437649,537.736729690105,-1.78106825245584,0.218931747544161,0.639855081319545
"Growing season",84,135,"PerennialFrac","Agricultural",536.824050054017,537.736729690105,-0.912679636087546,1.08732036391245,0.297065693091896
"Growing season",84,135,"MeanSlope_per","Site",535.867695305592,537.736729690105,-1.86903438451304,0.130965615486957,0.717432949232301
"Growing season",84,135,"Hydrologic_Group","Site",538.215470663592,537.736729690105,0.478740973487334,4.47874097348733,0.106525542517493
"Growing season",84,135,"Tile","Site",536.640124317541,537.736729690105,-1.09660537256434,0.903394627435659,0.3418731146238
"Growing season",85,135,"Tillage_Passes","Agricultural",585.098772496536,583.107942651787,1.99082984474887,3.99082984474887,0.0457485275405664
"Growing season",85,135,"PerennialFrac","Agricultural",581.170738102107,583.107942651787,-1.93720454967968,0.0627954503203227,0.802130956225173
"Growing season",85,135,"MeanSlope_per","Site",581.155825674552,583.107942651787,-1.95211697723471,0.0478830227652907,0.826788788594269
"Growing season",85,135,"Hydrologic_Group","Site",584.662866456045,583.107942651787,1.55492380425778,5.55492380425778,0.0621961671742207
"Growing season",85,135,"Tile","Site",582.22241701025,583.107942651787,-0.885525641537356,1.11447435846264,0.291111386331397
"Growing season",86,135,"Tillage_Passes","Agricultural",577.935458381792,579.588168652894,-1.65271027110157,0.347289728898431,0.555651373034813
"Growing season",86,135,"PerennialFrac","Agricultural",577.722093426369,579.588168652894,-1.86607522652423,0.133924773475769,0.714396909713979
"Growing season",86,135,"MeanSlope_per","Site",578.71574048033,579.588168652894,-0.872428172563787,1.12757182743621,0.288293865691837
"Growing season",86,135,"Hydrologic_Group","Site",576.988794224681,579.588168652894,-2.59937442821285,1.40062557178715,0.496430003202611
"Growing season",86,135,"Tile","Site",578.989259096126,579.588168652894,-0.598909556767808,1.40109044323219,0.23654108022667
"Growing season",87,135,"Tillage_Passes","Agricultural",578.170678012308,571.568852514316,6.60182549799163,8.60182549799163,0.00335826216621244
"Growing season",87,135,"PerennialFrac","Agricultural",569.621246173441,571.568852514316,-1.94760634087504,0.0523936591249594,0.818949273665676
"Growing season",87,135,"MeanSlope_per","Site",570.820808945671,571.568852514316,-0.748043568645471,1.25195643135453,0.263179138233988
"Growing season",87,135,"Hydrologic_Group","Site",569.948250691573,571.568852514316,-1.62060182274388,2.37939817725612,0.30431282147929
"Growing season",87,135,"Tile","Site",569.568858485357,571.568852514316,-1.99999402895912,5.97104087773914e-06,0.99805031409747
"Growing season",88,135,"Tillage_Passes","Agricultural",572.046416824205,571.084168765226,0.962248058979185,2.96224805897918,0.0852293667517412
"Growing season",88,135,"PerennialFrac","Agricultural",569.752453999932,571.084168765226,-1.33171476529401,0.668285234705991,0.413650091764591
"Growing season",88,135,"MeanSlope_per","Site",573.224320713015,571.084168765226,2.14015194778915,4.14015194778915,0.0418774102094018
"Growing season",88,135,"Hydrologic_Group","Site",571.248972203801,571.084168765226,0.164803438575177,4.16480343857518,0.124630524924752
"Growing season",88,135,"Tile","Site",569.238981239431,571.084168765226,-1.8451875257947,0.154812474205301,0.693978164170788
"Growing season",89,135,"Tillage_Passes","Agricultural",551.404497882171,551.335273408291,0.0692244738794443,2.06922447387944,0.150297931484891
"Growing season",89,135,"PerennialFrac","Agricultural",549.474690195552,551.335273408291,-1.86058321273879,0.139416787261212,0.708861494328289
"Growing season",89,135,"MeanSlope_per","Site",549.8421098262,551.335273408291,-1.49316358209057,0.506836417909426,0.476511562814892
"Growing season",89,135,"Hydrologic_Group","Site",553.732595984038,551.335273408291,2.39732257574678,6.39732257574678,0.0408168093774392
"Growing season",89,135,"Tile","Site",550.214713757068,551.335273408291,-1.12055965122283,0.879440348777166,0.348355009170508
"Growing season",90,135,"Tillage_Passes","Agricultural",539.54567761169,541.544615754369,-1.99893814267921,0.00106185732079211,0.974004612841961
"Growing season",90,135,"PerennialFrac","Agricultural",541.712791764076,541.544615754369,0.168176009707167,2.16817600970717,0.140893259409759
"Growing season",90,135,"MeanSlope_per","Site",539.634111533444,541.544615754369,-1.91050422092519,0.0894957790748094,0.764819149308337
"Growing season",90,135,"Hydrologic_Group","Site",542.272849469267,541.544615754369,0.728233714897556,4.72823371489756,0.0940323076415245
"Growing season",90,135,"Tile","Site",540.597630758422,541.544615754369,-0.946984995947105,1.0530150040529,0.304813724829213
"Growing season",91,135,"Tillage_Passes","Agricultural",549.698825822262,549.23060107182,0.468224750442573,2.46822475044257,0.116169065470401
"Growing season",91,135,"PerennialFrac","Agricultural",547.294556283391,549.23060107182,-1.93604478842838,0.0639552115716242,0.800350376166944
"Growing season",91,135,"MeanSlope_per","Site",548.285173877742,549.23060107182,-0.945427194077752,1.05457280592225,0.304456274198439
"Growing season",91,135,"Hydrologic_Group","Site",551.562908230705,549.23060107182,2.33230715888544,6.33230715888544,0.0421654725252604
"Growing season",91,135,"Tile","Site",547.466728957379,549.23060107182,-1.76387211444069,0.236127885559313,0.627016855186061
"Growing season",92,135,"Tillage_Passes","Agricultural",542.987468294422,544.962335617145,-1.97486732272262,0.0251326772773837,0.874036905716573
"Growing season",92,135,"PerennialFrac","Agricultural",545.648458779552,544.962335617145,0.686123162406716,2.68612316240672,0.101225829894413
"Growing season",92,135,"MeanSlope_per","Site",544.589264497187,544.962335617145,-0.373071119957785,1.62692888004221,0.202128354336845
"Growing season",92,135,"Hydrologic_Group","Site",545.399423113811,544.962335617145,0.437087496666436,4.43708749666644,0.108767386238615
"Growing season",92,135,"Tile","Site",544.026002551927,544.962335617145,-0.936333065217923,1.06366693478208,0.302380329714958
"Growing season",93,135,"Tillage_Passes","Agricultural",547.909172469298,543.868707052308,4.0404654169904,6.0404654169904,0.0139815978072742
"Growing season",93,135,"PerennialFrac","Agricultural",541.898699558477,543.868707052308,-1.97000749383039,0.0299925061696058,0.862507234751491
"Growing season",93,135,"MeanSlope_per","Site",541.949525811858,543.868707052308,-1.91918124044946,0.0808187595505387,0.776190904468426
"Growing season",93,135,"Hydrologic_Group","Site",551.371847964628,543.868707052308,7.50314091232042,11.5031409123204,0.00317778630164531
"Growing season",93,135,"Tile","Site",541.869831229701,543.868707052308,-1.99887582260681,0.00112417739319426,0.973252935765893
"Growing season",94,135,"Tillage_Passes","Agricultural",557.054513436966,558.692062722119,-1.63754928515266,0.362450714847341,0.547148311558181
"Growing season",94,135,"PerennialFrac","Agricultural",558.852904376664,558.692062722119,0.160841654545493,2.16084165454549,0.141567128947272
"Growing season",94,135,"MeanSlope_per","Site",557.929558527494,558.692062722119,-0.762504194625194,1.23749580537481,0.265954219549216
"Growing season",94,135,"Hydrologic_Group","Site",564.049946453937,558.692062722119,5.35788373181811,9.35788373181811,0.00928883752443523
"Growing season",94,135,"Tile","Site",556.910035916373,558.692062722119,-1.782026805746,0.217973194254,0.640588601049009
"Growing season",95,135,"Tillage_Passes","Agricultural",594.498218988997,596.494185863459,-1.99596687446217,0.00403312553783053,0.949362870008388
"Growing season",95,135,"PerennialFrac","Agricultural",597.451166040014,596.494185863459,0.95698017655468,2.95698017655468,0.0855075024973354
"Growing season",95,135,"MeanSlope_per","Site",594.688428478091,596.494185863459,-1.80575738536845,0.194242614631548,0.659408736770563
"Growing season",95,135,"Hydrologic_Group","Site",602.177425602008,596.494185863459,5.68323973854933,9.68323973854933,0.0078942560260448
"Growing season",95,135,"Tile","Site",594.553713627912,596.494185863459,-1.94047223554708,0.0595277644529233,0.80724389066884
"Growing season",96,135,"Tillage_Passes","Agricultural",585.338918885649,585.600950959082,-0.262032073433375,1.73796792656663,0.187396509976547
"Growing season",96,135,"PerennialFrac","Agricultural",583.854361355341,585.600950959082,-1.74658960374154,0.25341039625846,0.614683884127225
"Growing season",96,135,"MeanSlope_per","Site",583.83574054771,585.600950959082,-1.76521041137278,0.234789588627223,0.627994939836362
"Growing season",96,135,"Hydrologic_Group","Site",585.764119112944,585.600950959082,0.163168153861307,4.16316815386131,0.124732469792439
"Growing season",96,135,"Tile","Site",583.603767774751,585.600950959082,-1.99718318433156,0.00281681566843872,0.957673201006576
"Growing season",97,135,"Tillage_Passes","Agricultural",603.820054848038,604.06479219781,-0.244737349772663,1.75526265022734,0.185216509408912
"Growing season",97,135,"PerennialFrac","Agricultural",602.837020570197,604.06479219781,-1.22777162761327,0.772228372386735,0.379528569098843
"Growing season",97,135,"MeanSlope_per","Site",604.592955090819,604.06479219781,0.528162893008243,2.52816289300824,0.111830347082298
"Growing season",97,135,"Hydrologic_Group","Site",607.441752712757,604.06479219781,3.37696051494652,7.37696051494652,0.0250099819082565
"Growing season",97,135,"Tile","Site",602.089814412839,604.06479219781,-1.97497778497177,0.0250222150282298,0.874311718584154
"Growing season",98,135,"Tillage_Passes","Agricultural",576.900400627158,572.573020623456,4.32738000370205,6.32738000370205,0.0118887825166825
"Growing season",98,135,"PerennialFrac","Agricultural",576.293398205996,572.573020623456,3.72037758254078,5.72037758254078,0.0167691238756207
"Growing season",98,135,"MeanSlope_per","Site",570.739334794232,572.573020623456,-1.83368582922367,0.166314170776332,0.683408513199259
"Growing season",98,135,"Hydrologic_Group","Site",572.068783193513,572.573020623456,-0.504237429942577,3.49576257005742,0.174142511213198
"Growing season",98,135,"Tile","Site",570.877148032066,572.573020623456,-1.69587259138962,0.304127408610384,0.581306401657366
"Growing season",99,135,"Tillage_Passes","Agricultural",572.551285727253,572.350232414069,0.201053313184502,2.2010533131845,0.137916469200377
"Growing season",99,135,"PerennialFrac","Agricultural",570.396306563018,572.350232414069,-1.95392585105117,0.0460741489488328,0.830041068134199
"Growing season",99,135,"MeanSlope_per","Site",571.275595108375,572.350232414069,-1.07463730569418,0.925362694305818,0.336070832308574
"Growing season",99,135,"Hydrologic_Group","Site",572.34773822532,572.350232414069,-0.00249418874943785,3.99750581125056,0.135504164390519
"Growing season",99,135,"Tile","Site",570.920034977538,572.350232414069,-1.43019743653076,0.569802563469239,0.450337383060907
"Growing season",100,135,"Tillage_Passes","Agricultural",588.372251557317,589.811820286464,-1.43956872914691,0.560431270853087,0.454086529177781
"Growing season",100,135,"PerennialFrac","Agricultural",590.0937261902,589.811820286464,0.281905903735719,2.28190590373572,0.130890938772981
"Growing season",100,135,"MeanSlope_per","Site",591.913507635285,589.811820286464,2.10168734882041,4.10168734882041,0.0428404383851021
"Growing season",100,135,"Hydrologic_Group","Site",599.750238449894,589.811820286464,9.93841816342945,13.9384181634294,0.000940396388479387
"Growing season",100,135,"Tile","Site",591.102883233778,589.811820286464,1.29106294731355,3.29106294731355,0.0696579136558787
"Growing season",101,135,"Tillage_Passes","Agricultural",553.459245930667,552.387165713875,1.07208021679173,3.07208021679173,0.0796474933950615
"Growing season",101,135,"PerennialFrac","Agricultural",551.576823777771,552.387165713875,-0.810341936104464,1.18965806389554,0.275398539696784
"Growing season",101,135,"MeanSlope_per","Site",551.647257764339,552.387165713875,-0.739907949536359,1.26009205046364,0.26163366741222
"Growing season",101,135,"Hydrologic_Group","Site",554.086088479595,552.387165713875,1.69892276571943,5.69892276571943,0.0578754852095988
"Growing season",101,135,"Tile","Site",552.728721838113,552.387165713875,0.341556124237627,2.34155612423763,0.125963666993718
"Growing season",102,135,"Tillage_Passes","Agricultural",541.769292118998,539.489458321043,2.27983379795569,4.27983379795569,0.0385671192874692
"Growing season",102,135,"PerennialFrac","Agricultural",538.176264446433,539.489458321043,-1.31319387460917,0.686806125390831,0.407252865033592
"Growing season",102,135,"MeanSlope_per","Site",538.020542452565,539.489458321043,-1.46891586847744,0.531084131522562,0.46615142442132
"Growing season",102,135,"Hydrologic_Group","Site",541.837250713212,539.489458321043,2.34779239216994,6.34779239216994,0.0418402620506192
"Growing season",102,135,"Tile","Site",538.064686535283,539.489458321043,-1.42477178575916,0.575228214240838,0.448188810623758
"Growing season",103,135,"Tillage_Passes","Agricultural",533.014339071286,534.906906087868,-1.89256701658121,0.107432983418789,0.743085790447149
"Growing season",103,135,"PerennialFrac","Agricultural",535.133027989463,534.906906087868,0.22612190159532,2.22612190159532,0.135694058604109
"Growing season",103,135,"MeanSlope_per","Site",534.387367517716,534.906906087868,-0.519538570152008,1.48046142984799,0.223702341279553
"Growing season",103,135,"Hydrologic_Group","Site",534.591675561141,534.906906087868,-0.315230526726509,3.68476947327349,0.158439139608441
"Growing season",103,135,"Tile","Site",533.274663449184,534.906906087868,-1.63224263868403,0.367757361315967,0.544229243227581
"Growing season",104,135,"Tillage_Passes","Agricultural",555.222680900188,556.281306131301,-1.05862523111296,0.941374768887044,0.331924536898573
"Growing season",104,135,"PerennialFrac","Agricultural",560.956246257112,556.281306131301,4.67494012581096,6.67494012581096,0.00977777968314923
"Growing season",104,135,"MeanSlope_per","Site",557.416853644434,556.281306131301,1.1355475131337,3.1355475131337,0.0766026619780908
"Growing season",104,135,"Hydrologic_Group","Site",559.437718309437,556.281306131301,3.15641217813641,7.15641217813641,0.027925749655533
"Growing season",104,135,"Tile","Site",554.82780723718,556.281306131301,-1.45349889412114,0.54650110587886,0.459750875134897
"Growing season",105,135,"Tillage_Passes","Agricultural",563.548729361294,563.019277811827,0.52945154946724,2.52945154946724,0.111739048114998
"Growing season",105,135,"PerennialFrac","Agricultural",561.609284091579,563.019277811827,-1.40999372024828,0.590006279751719,0.442416690387026
"Growing season",105,135,"MeanSlope_per","Site",562.346900269456,563.019277811827,-0.672377542371351,1.32762245762865,0.249228625825503
"Growing season",105,135,"Hydrologic_Group","Site",564.256409284059,563.019277811827,1.23713147223134,5.23713147223134,0.0729073562619315
"Growing season",105,135,"Tile","Site",561.122107140356,563.019277811827,-1.8971706714708,0.102829328529197,0.748460390028254
"Growing season",106,135,"Tillage_Passes","Agricultural",559.20651542057,558.79272720831,0.413788212259874,2.41378821225987,0.120271006530362
"Growing season",106,135,"PerennialFrac","Agricultural",556.795269386831,558.79272720831,-1.99745782147932,0.0025421785206845,0.959787682201159
"Growing season",106,135,"MeanSlope_per","Site",557.045476305421,558.79272720831,-1.74725090288894,0.252749097111064,0.615145971259173
"Growing season",106,135,"Hydrologic_Group","Site",562.876937292285,558.79272720831,4.08421008397488,8.08421008397488,0.0175604679589477
"Growing season",106,135,"Tile","Site",557.203909375575,558.79272720831,-1.58881783273478,0.411182167265224,0.521370093032892
"Growing season",107,135,"Tillage_Passes","Agricultural",547.250548990616,547.750232527737,-0.4996835371212,1.5003164628788,0.22062267536027
"Growing season",107,135,"PerennialFrac","Agricultural",547.552498727197,547.750232527737,-0.19773380054005,1.80226619945995,0.179438763691696
"Growing season",107,135,"MeanSlope_per","Site",546.514004584855,547.750232527737,-1.23622794288246,0.763772057117535,0.382150638876435
"Growing season",107,135,"Hydrologic_Group","Site",547.880267996386,547.750232527737,0.130035468648884,4.13003546864888,0.126816041551227
"Growing season",107,135,"Tile","Site",545.941489919563,547.750232527737,-1.80874260817461,0.191257391825388,0.6618721552917
"Growing season",108,135,"Tillage_Passes","Agricultural",555.785220668133,557.764336596945,-1.97911592881189,0.0208840711881066,0.885095216793368
"Growing season",108,135,"PerennialFrac","Agricultural",557.139727345971,557.764336596945,-0.624609250973549,1.37539074902645,0.240887833403314
"Growing season",108,135,"MeanSlope_per","Site",555.946193524986,557.764336596945,-1.81814307195873,0.18185692804127,0.669782258808742
"Growing season",108,135,"Hydrologic_Group","Site",558.922204011027,557.764336596945,1.15786741408249,5.15786741408249,0.0758548444018957
"Growing season",108,135,"Tile","Site",555.900595961642,557.764336596945,-1.86374063530275,0.136259364697253,0.712028397873396
"Growing season",109,135,"Tillage_Passes","Agricultural",558.384159837395,560.020255874878,-1.63609603748284,0.363903962517156,0.546346028442237
"Growing season",109,135,"PerennialFrac","Agricultural",558.436554659401,560.020255874878,-1.58370121547728,0.416298784522724,0.518789680419782
"Growing season",109,135,"MeanSlope_per","Site",558.217214524337,560.020255874878,-1.80304135054098,0.19695864945902,0.657187017779651
"Growing season",109,135,"Hydrologic_Group","Site",560.705229841171,560.020255874878,0.684973966293114,4.68497396629311,0.0960883706681878
"Growing season",109,135,"Tile","Site",558.318361367878,560.020255874878,-1.70189450699968,0.298105493000321,0.585072551237127
"Growing season",110,135,"Tillage_Passes","Agricultural",557.570370054556,559.561222738325,-1.99085268376928,0.00914731623072385,0.923805222191385
"Growing season",110,135,"PerennialFrac","Agricultural",560.836129722652,559.561222738325,1.27490698432723,3.27490698432723,0.0703469142078008
"Growing season",110,135,"MeanSlope_per","Site",558.051183501235,559.561222738325,-1.51003923709061,0.489960762909391,0.48394480773378
"Growing season",110,135,"Hydrologic_Group","Site",568.73039914879,559.561222738325,9.16917641046484,13.1691764104648,0.0013814961433663
"Growing season",110,135,"Tile","Site",563.112578757072,559.561222738325,3.55135601874724,5.55135601874724,0.0184663753560762
"Growing season",111,135,"Tillage_Passes","Agricultural",551.41855571318,553.285234955782,-1.86667924260257,0.133320757397428,0.715013508728287
"Growing season",111,135,"PerennialFrac","Agricultural",552.257426781757,553.285234955782,-1.02780817402549,0.972191825974505,0.324134151532436
"Growing season",111,135,"MeanSlope_per","Site",551.501673278746,553.285234955782,-1.78356167703669,0.216438322963313,0.641767241973083
"Growing season",111,135,"Hydrologic_Group","Site",555.123162196207,553.285234955782,1.83792724042462,5.83792724042462,0.0539896120583885
"Growing season",111,135,"Tile","Site",552.173012178671,553.285234955782,-1.11222277711113,0.887777222888872,0.346080371008723
"Growing season",112,135,"Tillage_Passes","Agricultural",535.038570874689,537.027540234977,-1.98896936028859,0.0110306397114073,0.916354501467809
"Growing season",112,135,"PerennialFrac","Agricultural",535.995819406351,537.027540234977,-1.03172082862613,0.968279171373865,0.325109723848738
"Growing season",112,135,"MeanSlope_per","Site",535.514514448778,537.027540234977,-1.51302578619982,0.486974213800181,0.485280151982495
"Growing season",112,135,"Hydrologic_Group","Site",534.77897661738,537.027540234977,-2.24856361759714,1.75143638240286,0.416562740526456
"Growing season",112,135,"Tile","Site",535.226645760858,537.027540234977,-1.80089447411956,0.199105525880441,0.655443810486486
"Growing season",113,135,"Tillage_Passes","Agricultural",572.854710765058,571.569183140106,1.28552762495224,3.28552762495224,0.0698931603837821
"Growing season",113,135,"PerennialFrac","Agricultural",569.592377944284,571.569183140106,-1.97680519582195,0.023194804178047,0.878951582839603
"Growing season",113,135,"MeanSlope_per","Site",570.214563799037,571.569183140106,-1.35461934106911,0.64538065893089,0.421769072243446
"Growing season",113,135,"Hydrologic_Group","Site",573.425365622992,571.569183140106,1.85618248288574,5.85618248288574,0.0534990575328973
"Growing season",113,135,"Tile","Site",569.935740420154,571.569183140106,-1.6334427199522,0.3665572800478,0.544886852025202
"Growing season",114,135,"Tillage_Passes","Agricultural",551.183927782512,553.146473905598,-1.96254612308576,0.0374538769142418,0.846543881137593
"Growing season",114,135,"PerennialFrac","Agricultural",551.35765798861,553.146473905598,-1.78881591698791,0.211184083012085,0.645840910768042
"Growing season",114,135,"MeanSlope_per","Site",551.6155984802,553.146473905598,-1.53087542539868,0.469124574601324,0.493390181042908
"Growing season",114,135,"Hydrologic_Group","Site",551.916574601366,553.146473905598,-1.22989930423194,2.77010069576806,0.250311196835322
"Growing season",114,135,"Tile","Site",551.194578869347,553.146473905598,-1.95189503625136,0.0481049637486421,0.826394210777778
"Growing season",115,135,"Tillage_Passes","Agricultural",568.990986847255,570.224429120544,-1.23344227328903,0.766557726710971,0.381284058174083
"Growing season",115,135,"PerennialFrac","Agricultural",569.189763591226,570.224429120544,-1.03466552931752,0.965334470682478,0.325846511237774
"Growing season",115,135,"MeanSlope_per","Site",569.945605363168,570.224429120544,-0.278823757375449,1.72117624262455,0.189541707105754
"Growing season",115,135,"Hydrologic_Group","Site",570.614179738911,570.224429120544,0.389750618367771,4.38975061836777,0.111372447760554
"Growing season",115,135,"Tile","Site",568.248888350549,570.224429120544,-1.97554076999484,0.0244592300051636,0.875722096450564
"Growing season",116,135,"Tillage_Passes","Agricultural",581.396171810889,582.761971775671,-1.36579996478247,0.634200035217532,0.425818885755973
"Growing season",116,135,"PerennialFrac","Agricultural",583.640560363051,582.761971775671,0.878588587380136,2.87858858738014,0.0897646702335132
"Growing season",116,135,"MeanSlope_per","Site",581.608782435844,582.761971775671,-1.15318933982735,0.84681066017265,0.357456155041496
"Growing season",116,135,"Hydrologic_Group","Site",585.688659423584,582.761971775671,2.92668764791324,6.92668764791324,0.0313248419420728
"Growing season",116,135,"Tile","Site",583.400776028773,582.761971775671,0.638804253101739,2.63880425310174,0.104282005608582
"Growing season",117,135,"Tillage_Passes","Agricultural",529.55761022766,529.695947966047,-0.138337738387463,1.86166226161254,0.172433073980806
"Growing season",117,135,"PerennialFrac","Agricultural",530.976266969056,529.695947966047,1.2803190030088,3.28031900300869,0.0701152994923793
"Growing season",117,135,"MeanSlope_per","Site",527.763332314912,529.695947966047,-1.93261565113517,0.0673843488647776,0.795183942766304
"Growing season",117,135,"Hydrologic_Group","Site",529.316162928353,529.695947966047,-0.379785037693978,3.62021496230597,0.163636548012639
"Growing season",117,135,"Tile","Site",528.163793668905,529.695947966047,-1.53215429714226,0.467845702857687,0.493979918934927
"Growing season",118,135,"Tillage_Passes","Agricultural",541.684687888111,543.405053015978,-1.72036512786667,0.279634872133329,0.596940634345847
"Growing season",118,135,"PerennialFrac","Agricultural",541.407730599539,543.405053015978,-1.99732241643881,0.0026775835611943,0.958731583723751
"Growing season",118,135,"MeanSlope_per","Site",542.628299578953,543.405053015978,-0.776753437024809,1.22324656297519,0.268724452487136
"Growing season",118,135,"Hydrologic_Group","Site",548.0981493739,543.405053015978,4.69309635792206,8.69309635792206,0.0129514415690189
"Growing season",118,135,"Tile","Site",541.474352063302,543.405053015978,-1.93070095267569,0.0692990473243071,0.792360112977832
"Growing season",119,135,"Tillage_Passes","Agricultural",553.517584670697,554.71589344571,-1.19830877501295,0.801691224987053,0.370588201626953
"Growing season",119,135,"PerennialFrac","Agricultural",552.799428884414,554.71589344571,-1.91646456129604,0.0835354387039615,0.772562262140404
"Growing season",119,135,"MeanSlope_per","Site",553.681928813356,554.71589344571,-1.03396463235379,0.966035367646214,0.325670941072481
"Growing season",119,135,"Hydrologic_Group","Site",554.010491746543,554.71589344571,-0.705401699166259,3.29459830083374,0.192569307629958
"Growing season",119,135,"Tile","Site",556.376481980758,554.71589344571,1.66058853504876,3.66058853504876,0.0557139495753392
"Growing season",120,135,"Tillage_Passes","Agricultural",568.446395029902,568.711708395603,-0.265313365701104,1.7346866342989,0.187813475993909
"Growing season",120,135,"PerennialFrac","Agricultural",571.228987094968,568.711708395603,2.51727869936519,4.51727869936519,0.0335541615374544
"Growing season",120,135,"MeanSlope_per","Site",567.672928510224,568.711708395603,-1.03877988537909,0.961220114620915,0.326879662128866
"Growing season",120,135,"Hydrologic_Group","Site",575.225842746227,568.711708395603,6.51413435062398,10.514134350624,0.00521056400210986
"Growing season",120,135,"Tile","Site",573.577107332282,568.711708395603,4.86539893667907,6.86539893667907,0.00878806267576387
"Growing season",121,135,"Tillage_Passes","Agricultural",561.513968602381,556.849328428385,4.66464017399596,6.66464017399596,0.00983445099960176
"Growing season",121,135,"PerennialFrac","Agricultural",554.870817223589,556.849328428385,-1.97851120479606,0.0214887952039362,0.883455197344784
"Growing season",121,135,"MeanSlope_per","Site",554.987623383938,556.849328428385,-1.86170504444658,0.13829495555342,0.709981975225492
"Growing season",121,135,"Hydrologic_Group","Site",554.692427095888,556.849328428385,-2.156901332497,1.843098667503,0.397902080146164
"Growing season",121,135,"Tile","Site",554.885352443093,556.849328428385,-1.96397598529211,0.0360240147078912,0.849465908108337
"Growing season",122,135,"Tillage_Passes","Agricultural",592.110876706702,590.884704659346,1.22617204735559,3.22617204735559,0.0724699018617824
"Growing season",122,135,"PerennialFrac","Agricultural",588.890423986664,590.884704659346,-1.99428067268173,0.00571932731827474,0.939716464254737
"Growing season",122,135,"MeanSlope_per","Site",589.453420309742,590.884704659346,-1.43128434960386,0.568715650396143,0.450769734504863
"Growing season",122,135,"Hydrologic_Group","Site",593.431171161397,590.884704659346,2.5464665020512,6.5464665020512,0.0378837411998491
"Growing season",122,135,"Tile","Site",589.50489914546,590.884704659346,-1.37980551388603,0.620194486113974,0.430975022898445
"Growing season",123,135,"Tillage_Passes","Agricultural",562.539757518081,560.320844683233,2.21891283484831,4.21891283484831,0.0399757662825679
"Growing season",123,135,"PerennialFrac","Agricultural",559.342734992149,560.320844683233,-0.978109691084569,1.02189030891543,0.312071041847231
"Growing season",123,135,"MeanSlope_per","Site",561.776175101736,560.320844683233,1.45533041850308,3.45533041850308,0.0630481323424966
"Growing season",123,135,"Hydrologic_Group","Site",560.442060451838,560.320844683233,0.121215768604543,4.12121576860454,0.127376516171096
"Growing season",123,135,"Tile","Site",560.292550769211,560.320844683233,-0.0282939140221288,1.97170608597787,0.160266886961072
"Growing season",124,135,"Tillage_Passes","Agricultural",551.375062323502,543.39810289771,7.97695942579219,9.97695942579219,0.0015851122211291
"Growing season",124,135,"PerennialFrac","Agricultural",543.121839854261,543.39810289771,-0.276263043448466,1.72373695655153,0.189212726435406
"Growing season",124,135,"MeanSlope_per","Site",541.492975371651,543.39810289771,-1.90512752605889,0.0948724739411091,0.758071865037606
"Growing season",124,135,"Hydrologic_Group","Site",545.60418756165,543.39810289771,2.20608466394071,6.20608466394071,0.0449123560364521
"Growing season",124,135,"Tile","Site",543.5328432853,543.39810289771,0.134740387590455,2.13474038759045,0.143994838376312
"Growing season",125,135,"Tillage_Passes","Agricultural",557.098348198009,557.67310711966,-0.574758921650755,1.42524107834925,0.232542669906169
"Growing season",125,135,"PerennialFrac","Agricultural",558.547424071039,557.67310711966,0.874316951379228,2.87431695137923,0.0900031557821142
"Growing season",125,135,"MeanSlope_per","Site",556.556385433594,557.67310711966,-1.1167216860656,0.883278313934397,0.34730534513289
"Growing season",125,135,"Hydrologic_Group","Site",559.106163169473,557.67310711966,1.43305604981344,5.43305604981344,0.0661038674402303
"Growing season",125,135,"Tile","Site",557.38833626931,557.67310711966,-0.284770850349787,1.71522914965021,0.19030831825268
"Growing season",126,135,"Tillage_Passes","Agricultural",566.985796768964,557.741653659964,9.24414310899976,11.2441431089998,0.000798746600650985
"Growing season",126,135,"PerennialFrac","Agricultural",556.247026682691,557.741653659964,-1.49462697727279,0.505373022727213,0.477148728546924
"Growing season",126,135,"MeanSlope_per","Site",556.838824351695,557.741653659964,-0.902829308269247,1.09717069173075,0.294887858679061
"Growing season",126,135,"Hydrologic_Group","Site",555.511641334783,557.741653659964,-2.23001232518061,1.76998767481939,0.41271671667525
"Growing season",126,135,"Tile","Site",555.967055748058,557.741653659964,-1.7745979119062,0.225402088093801,0.634954269987767
"Growing season",127,135,"Tillage_Passes","Agricultural",597.140356943187,598.997270313104,-1.85691336991636,0.143086630083644,0.705231563567041
"Growing season",127,135,"PerennialFrac","Agricultural",600.827408765429,598.997270313104,1.83013845232563,3.83013845232563,0.0503387744385751
"Growing season",127,135,"MeanSlope_per","Site",599.469751910944,598.997270313104,0.47248159783976,2.47248159783976,0.115854878307406
"Growing season",127,135,"Hydrologic_Group","Site",600.79136316872,598.997270313104,1.79409285561633,5.79409285561633,0.0551859753455016
"Growing season",127,135,"Tile","Site",599.980100560355,598.997270313104,0.982830247251059,2.98283024725106,0.0841520014077465
"Growing season",128,135,"Tillage_Passes","Agricultural",568.073401674667,569.804242986399,-1.73084131173141,0.26915868826859,0.603896690343801
"Growing season",128,135,"PerennialFrac","Agricultural",571.611386793789,569.804242986399,1.80714380739005,3.80714380739005,0.051034405718276
"Growing season",128,135,"MeanSlope_per","Site",568.765316711013,569.804242986399,-1.03892627538528,0.961073724614721,0.326916501839023
"Growing season",128,135,"Hydrologic_Group","Site",567.334388406829,569.804242986399,-2.46985457956987,1.53014542043013,0.465300097674143
"Growing season",128,135,"Tile","Site",567.89219649436,569.804242986399,-1.91204649203883,0.0879535079611742,0.766795148221544
"Growing season",129,135,"Tillage_Passes","Agricultural",549.37438772089,550.685075486783,-1.31068776589359,0.68931223410641,0.406398413930964
"Growing season",129,135,"PerennialFrac","Agricultural",556.906503593643,550.685075486783,6.22142810685989,8.22142810685989,0.00413986082439093
"Growing season",129,135,"MeanSlope_per","Site",550.271474566754,550.685075486783,-0.41360092002958,1.58639907997042,0.207841360166459
"Growing season",129,135,"Hydrologic_Group","Site",556.501397600915,550.685075486783,5.81632211413159,9.81632211413159,0.00738605839015016
"Growing season",129,135,"Tile","Site",554.322343417775,550.685075486783,3.63726793099181,5.63726793099181,0.0175825850616583
"Growing season",130,135,"Tillage_Passes","Agricultural",563.752087242909,564.162607751791,-0.410520508882087,1.58947949111791,0.207400515776009
"Growing season",130,135,"PerennialFrac","Agricultural",562.17262088961,564.162607751791,-1.98998686218113,0.0100131378188735,0.92029219182794
"Growing season",130,135,"MeanSlope_per","Site",562.194492451773,564.162607751791,-1.96811530001844,0.0318846999815605,0.858280948127202
"Growing season",130,135,"Hydrologic_Group","Site",565.465693771795,564.162607751791,1.30308602000389,5.30308602000389,0.0705422815948111
"Growing season",130,135,"Tile","Site",562.163143590551,564.162607751791,-1.99946416123987,0.000535838760129081,0.981532064877583
"Growing season",131,135,"Tillage_Passes","Agricultural",549.491106022742,549.967340753768,-0.476234731025897,1.5237652689741,0.217050583849949
"Growing season",131,135,"PerennialFrac","Agricultural",548.222410860758,549.967340753768,-1.74492989301018,0.25507010698982,0.613527469882351
"Growing season",131,135,"MeanSlope_per","Site",547.967473364061,549.967340753768,-1.99986738970699,0.000132610293007929,0.990812040329489
"Growing season",131,135,"Hydrologic_Group","Site",551.529719161034,549.967340753768,1.56237840726578,5.56237840726578,0.0619647748092144
"Growing season",131,135,"Tile","Site",548.260972985649,549.967340753768,-1.70636776811909,0.293632231880906,0.587902257673658
"Growing season",132,135,"Tillage_Passes","Agricultural",550.666529947074,551.508387655307,-0.841857708233533,1.15814229176647,0.281851146181699
"Growing season",132,135,"PerennialFrac","Agricultural",550.252744047511,551.508387655307,-1.25564360779629,0.744356392203713,0.38826893406267
"Growing season",132,135,"MeanSlope_per","Site",549.591074176368,551.508387655307,-1.91731347893949,0.0826865210605092,0.773689201641773
"Growing season",132,135,"Hydrologic_Group","Site",549.727953130107,551.508387655307,-1.78043452519955,2.21956547480045,0.329630569690507
"Growing season",132,135,"Tile","Site",549.558819869217,551.508387655307,-1.94956778609037,0.0504322139096303,0.822312888945271
"Growing season",133,135,"Tillage_Passes","Agricultural",570.505712644243,572.205841292111,-1.70012864786759,0.299871352132413,0.583963082660242
"Growing season",133,135,"PerennialFrac","Agricultural",573.042976018096,572.205841292111,0.837134725984924,2.83713472598492,0.092108325615777
"Growing season",133,135,"MeanSlope_per","Site",570.229352002128,572.205841292111,-1.97648928998274,0.0235107100172627,0.878136446651337
"Growing season",133,135,"Hydrologic_Group","Site",576.496985223017,572.205841292111,4.29114393090583,8.29114393090583,0.0158343766443537
"Growing season",133,135,"Tile","Site",571.663193179196,572.205841292111,-0.542648112915117,1.45735188708488,0.227351933612191
"Growing season",134,135,"Tillage_Passes","Agricultural",569.511375294503,569.795064712925,-0.283689418421886,1.71631058157811,0.190168647633101
"Growing season",134,135,"PerennialFrac","Agricultural",570.705368173145,569.795064712925,0.910303460219666,2.91030346021967,0.0880153123423914
"Growing season",134,135,"MeanSlope_per","Site",568.982998112839,569.795064712925,-0.812066600086496,1.1879333999135,0.275746810680235
"Growing season",134,135,"Hydrologic_Group","Site",571.976564797955,569.795064712925,2.18150008502971,6.18150008502971,0.0454678387999854
"Growing season",134,135,"Tile","Site",570.128743358588,569.795064712925,0.333678645662985,2.33367864566299,0.126602377546629
"Growing season",135,135,"Tillage_Passes","Agricultural",530.794426507206,530.405986737699,0.388439769506817,2.38843976950687,0.122235572075843
"Growing season",135,135,"PerennialFrac","Agricultural",529.716162492797,530.405986737699,-0.689824244901615,1.31017575509844,0.252362836411794
"Growing season",135,135,"MeanSlope_per","Site",528.648799454422,530.405986737699,-1.75718728327729,0.24281271672271,0.622181962594671
"Growing season",135,135,"Hydrologic_Group","Site",530.991073083229,530.405986737699,0.585086345530158,4.58508634553021,0.101009250950591
"Growing season",135,135,"Tile","Site",528.651360891772,530.405986737699,-1.75462584592674,0.245374154073374,0.620351278933978
"Growing season",136,135,"Tillage_Passes","Agricultural",551.502258173716,544.235244940891,7.26701323282521,9.26701323282521,0.00233317871280119
"Growing season",136,135,"PerennialFrac","Agricultural",542.573108346092,544.235244940891,-1.6621365947982,0.337863405201801,0.561065108830671
"Growing season",136,135,"MeanSlope_per","Site",543.122313684297,544.235244940891,-1.11293125659324,0.887068743406758,0.346272888667172
"Growing season",136,135,"Hydrologic_Group","Site",546.512576999437,544.235244940891,2.27733205854668,6.27733205854668,0.0433405744148559
"Growing season",136,135,"Tile","Site",542.601510351865,544.235244940891,-1.63373458902538,0.36626541097462,0.545047009969905
"Growing season",137,135,"Tillage_Passes","Agricultural",549.682897672305,544.598595503304,5.08430216900126,7.08430216900126,0.00777620946843929
"Growing season",137,135,"PerennialFrac","Agricultural",543.009566791336,544.598595503304,-1.58902871196733,0.41097128803267,0.521476929190572
"Growing season",137,135,"MeanSlope_per","Site",543.569078707283,544.598595503304,-1.0295167960204,0.970483203979597,0.32455969879221
"Growing season",137,135,"Hydrologic_Group","Site",542.713358689494,544.598595503304,-1.88523681380968,2.11476318619032,0.347364161313316
"Growing season",137,135,"Tile","Site",543.071438609417,544.598595503304,-1.52715689388663,0.472843106113373,0.491682106337087
"Growing season",138,135,"Tillage_Passes","Agricultural",571.596111019318,573.412719654773,-1.81660863545494,0.183391364545059,0.668474810149497
"Growing season",138,135,"PerennialFrac","Agricultural",573.367898027835,573.412719654773,-0.0448216269375052,1.95517837306249,0.162029922861955
"Growing season",138,135,"MeanSlope_per","Site",571.601541448231,573.412719654773,-1.81117820654197,0.188821793458033,0.663899042864737
"Growing season",138,135,"Hydrologic_Group","Site",574.139211646728,573.412719654773,0.726491991955641,4.72649199195564,0.0941142324226648
"Growing season",138,135,"Tile","Site",571.723111500109,573.412719654773,-1.68960815466335,0.310391845336653,0.577439832896082
"Growing season",139,135,"Tillage_Passes","Agricultural",538.124882542319,540.092305221539,-1.96742267922082,0.0325773207791826,0.856766424114791
"Growing season",139,135,"PerennialFrac","Agricultural",538.159949860888,540.092305221539,-1.93235536065163,0.0676446393483729,0.794797567362282
"Growing season",139,135,"MeanSlope_per","Site",538.177099772073,540.092305221539,-1.91520544946616,0.084794550533843,0.770902156829889
"Growing season",139,135,"Hydrologic_Group","Site",540.976748522923,540.092305221539,0.884443301383158,4.88444330138316,0.0869674254381402
"Growing season",139,135,"Tile","Site",541.156161016488,540.092305221539,1.06385579494861,3.06385579494861,0.080051501284195
"Growing season",140,135,"Tillage_Passes","Agricultural",554.683257980383,550.829843359001,3.85341462138217,5.85341462138217,0.0155468566121612
"Growing season",140,135,"PerennialFrac","Agricultural",569.257339971088,550.829843359001,18.4274966120864,20.4274966120864,6.19335177187891e-06
"Growing season",140,135,"MeanSlope_per","Site",550.771248933857,550.829843359001,-0.0585944251444062,1.94140557485559,0.163516000229596
"Growing season",140,135,"Hydrologic_Group","Site",563.043409099101,550.829843359001,12.2135657401002,16.2135657401002,0.000301487238301794
"Growing season",140,135,"Tile","Site",556.386531654189,550.829843359001,5.55668829518754,7.55668829518754,0.00597877597495623
"Growing season",141,135,"Tillage_Passes","Agricultural",571.846956979144,565.056105712073,6.79085126707025,8.79085126707025,0.00302744945264046
"Growing season",141,135,"PerennialFrac","Agricultural",563.442769574241,565.056105712073,-1.61333613783245,0.386663862167552,0.534058250935866
"Growing season",141,135,"MeanSlope_per","Site",563.056380775429,565.056105712073,-1.99972493664461,0.000275063355388738,0.986767663992857
"Growing season",141,135,"Hydrologic_Group","Site",568.786783806146,565.056105712073,3.73067809407235,7.73067809407235,0.020955816225068
"Growing season",141,135,"Tile","Site",564.471119807505,565.056105712073,-0.58498590456793,1.41501409543207,0.234225804981366
"Growing season",142,135,"Tillage_Passes","Agricultural",589.940136723365,591.157666298351,-1.21752957498529,0.782470425014708,0.376386659320954
"Growing season",142,135,"PerennialFrac","Agricultural",590.401572123666,591.157666298351,-0.75609417468479,1.24390582531521,0.264719631691247
"Growing season",142,135,"MeanSlope_per","Site",589.157813102669,591.157666298351,-1.99985319568111,0.000146804318887916,0.990332841221041
"Growing season",142,135,"Hydrologic_Group","Site",591.030372917418,591.157666298351,-0.127293380932542,3.87270661906746,0.144228950276677
"Growing season",142,135,"Tile","Site",589.233231524771,591.157666298351,-1.92443477357995,0.0755652264200535,0.783399751908321
"Growing season",143,135,"Tillage_Passes","Agricultural",573.227784037651,574.678944345732,-1.45116030808049,0.548839691919511,0.458792183294288
"Growing season",143,135,"PerennialFrac","Agricultural",577.295426787208,574.678944345732,2.61648244147648,4.61648244147648,0.0316661128041799
"Growing season",143,135,"MeanSlope_per","Site",576.29643216589,574.678944345732,1.61748782015775,3.61748782015775,0.057175147545017
"Growing season",143,135,"Hydrologic_Group","Site",576.613668626634,574.678944345732,1.93472428090206,5.93472428090206,0.0514388199080102
"Growing season",143,135,"Tile","Site",573.166988685419,574.678944345732,-1.51195566031254,0.488044339687463,0.484800979034959
"Growing season",144,135,"Tillage_Passes","Agricultural",586.344027231591,587.798826332304,-1.45479910071288,0.545200899287124,0.460285261596058
"Growing season",144,135,"PerennialFrac","Agricultural",588.010123934042,587.798826332304,0.211297601738465,2.21129760173847,0.137003390675875
"Growing season",144,135,"MeanSlope_per","Site",588.715761466724,587.798826332304,0.916935134420555,2.91693513442056,0.0876542078762651
"Growing season",144,135,"Hydrologic_Group","Site",586.132418873763,587.798826332304,-1.66640745854068,2.33359254145932,0.311362867406789
"Growing season",144,135,"Tile","Site",585.81587741626,587.798826332304,-1.98294891604371,0.0170510839562894,0.896107723791393
"Growing season",145,135,"Tillage_Passes","Agricultural",576.600108406644,578.537917142066,-1.93780873542232,0.0621912645776774,0.803065489291722
"Growing season",145,135,"PerennialFrac","Agricultural",576.887659779925,578.537917142066,-1.65025736214068,0.349742637859322,0.554258852690042
"Growing season",145,135,"MeanSlope_per","Site",576.550172390435,578.537917142066,-1.98774475163088,0.0122552483691152,0.911851529696493
"Growing season",145,135,"Hydrologic_Group","Site",578.902602806643,578.537917142066,0.364685664576882,4.36468566457688,0.112777003285141
"Growing season",145,135,"Tile","Site",577.762611128687,578.537917142066,-0.775306013379122,1.22469398662088,0.268441418513027
"Growing season",146,135,"Tillage_Passes","Agricultural",572.86912148903,574.846456501489,-1.9773350124583,0.0226649875417024,0.880331531122054
"Growing season",146,135,"PerennialFrac","Agricultural",573.150622806404,574.846456501489,-1.69583369508439,0.304166304915611,0.581282234136706
"Growing season",146,135,"MeanSlope_per","Site",572.848104204397,574.846456501489,-1.99835229709197,0.00164770290803062,0.967621236176769
"Growing season",146,135,"Hydrologic_Group","Site",579.301050735416,574.846456501489,4.45459423392731,8.45459423392731,0.014591777162695
"Growing season",146,135,"Tile","Site",572.879157343821,574.846456501489,-1.9672991576673,0.0327008423327015,0.856498077229762
"Growing season",147,135,"Tillage_Passes","Agricultural",572.92919399887,574.918544652399,-1.98935065352919,0.0106493464708137,0.917807675774365
"Growing season",147,135,"PerennialFrac","Agricultural",573.413196005015,574.918544652399,-1.50534864738472,0.494651352615278,0.48185974677827
"Growing season",147,135,"MeanSlope_per","Site",573.613258710907,574.918544652399,-1.30528594149223,0.69471405850777,0.404565568037652
"Growing season",147,135,"Hydrologic_Group","Site",576.483191842566,574.918544652399,1.56464719016708,5.56464719016708,0.061894522352856
"Growing season",147,135,"Tile","Site",573.044901033748,574.918544652399,-1.8736436186515,0.126356381348501,0.722240191466711
"Growing season",148,135,"Tillage_Passes","Agricultural",566.019872121652,565.783987384145,0.235884737506808,2.23588473750681,0.134839423338033
"Growing season",148,135,"PerennialFrac","Agricultural",563.992070584031,565.783987384145,-1.79191680011365,0.208083199886346,0.648273938368251
"Growing season",148,135,"MeanSlope_per","Site",563.91359630719,565.783987384145,-1.87039107695534,0.129608923044657,0.718837865908017
"Growing season",148,135,"Hydrologic_Group","Site",568.826852917825,565.783987384145,3.04286553367979,7.04286553367979,0.0295570564453677
"Growing season",148,135,"Tile","Site",563.786140616872,565.783987384145,-1.99784676727324,0.00215323272675505,0.962989094235926
"Growing season",149,135,"Tillage_Passes","Agricultural",564.959722463953,566.942845853087,-1.98312338913377,0.0168766108662339,0.896637624059603
"Growing season",149,135,"PerennialFrac","Agricultural",566.719274259705,566.942845853087,-0.22357159338128,1.77642840661872,0.182588509828133
"Growing season",149,135,"MeanSlope_per","Site",564.9774936889,566.942845853087,-1.96535216418613,0.0346478358138711,0.85233553020429
"Growing season",149,135,"Hydrologic_Group","Site",569.997479462781,566.942845853087,3.05463360969452,7.05463360969452,0.0293836522605626
"Growing season",149,135,"Tile","Site",564.967698596084,566.942845853087,-1.97514725700239,0.0248527429976093,0.87473455010757
"Growing season",150,135,"Tillage_Passes","Agricultural",541.157663315061,540.630152578823,0.5275107362379,2.5275107362379,0.111876582498382
"Growing season",150,135,"PerennialFrac","Agricultural",538.999155536509,540.630152578823,-1.63099704231399,0.369002957686007,0.543548243796672
"Growing season",150,135,"MeanSlope_per","Site",538.879611065749,540.630152578823,-1.75054151307313,0.249458486926869,0.617456631767883
"Growing season",150,135,"Hydrologic_Group","Site",542.850622292306,540.630152578823,2.22046971348323,6.22046971348323,0.044590481735177
"Growing season",150,135,"Tile","Site",538.630249465539,540.630152578823,-1.99990311328327,9.68867167330245e-05,0.992146465279495
"Growing season",151,135,"Tillage_Passes","Agricultural",556.422974170761,553.113569214518,3.30940495624282,5.30940495624282,0.0212105996304177
"Growing season",151,135,"PerennialFrac","Agricultural",551.660734150773,553.113569214518,-1.45283506374517,0.547164936254831,0.4594784190143
"Growing season",151,135,"MeanSlope_per","Site",551.985672944004,553.113569214518,-1.12789627051404,0.872103729485957,0.350373565074196
"Growing season",151,135,"Hydrologic_Group","Site",550.673517194733,553.113569214518,-2.44005201978541,1.55994798021459,0.458417934551454
"Growing season",151,135,"Tile","Site",551.113960475318,553.113569214518,-1.99960873920008,0.000391260799915472,0.984218622408191
"Growing season",152,135,"Tillage_Passes","Agricultural",559.412493952833,561.202904285074,-1.79041033224053,0.209589667759474,0.647089208424226
"Growing season",152,135,"PerennialFrac","Agricultural",560.535353780314,561.202904285074,-0.66755050475922,1.33244949524078,0.248369917142335
"Growing season",152,135,"MeanSlope_per","Site",559.35945028379,561.202904285074,-1.8434540012837,0.156545998716297,0.692356648088205
"Growing season",152,135,"Hydrologic_Group","Site",560.608352836104,561.202904285074,-0.594551448969355,3.40544855103064,0.182186521094982
"Growing season",152,135,"Tile","Site",559.344802107951,561.202904285074,-1.85810217712253,0.141897822877468,0.706401561664437
"Growing season",153,135,"Tillage_Passes","Agricultural",559.694513517939,561.69346795943,-1.99895444149081,0.00104555850919041,0.974204820333474
"Growing season",153,135,"PerennialFrac","Agricultural",559.714506692052,561.69346795943,-1.97896126737862,0.0210387326213777,0.884673490214775
"Growing season",153,135,"MeanSlope_per","Site",559.84825034156,561.69346795943,-1.84521761787039,0.154782382129611,0.694006404288784
"Growing season",153,135,"Hydrologic_Group","Site",569.175009059819,561.69346795943,7.48154110038831,11.4815411003883,0.00321229208912356
"Growing season",153,135,"Tile","Site",560.701546955388,561.69346795943,-0.991921004042638,1.00807899595736,0.315363492344245
"Growing season",154,135,"Tillage_Passes","Agricultural",562.93886944226,564.93043909455,-1.99156965229031,0.00843034770969098,0.926843496688773
"Growing season",154,135,"PerennialFrac","Agricultural",562.941879647831,564.93043909455,-1.98855944671982,0.0114405532801811,0.914820298857619
"Growing season",154,135,"MeanSlope_per","Site",563.408773003671,564.93043909455,-1.52166609087908,0.47833390912092,0.48917795806755
"Growing season",154,135,"Hydrologic_Group","Site",565.940902772106,564.93043909455,1.010463677556,5.010463677556,0.0816566646092941
"Growing season",154,135,"Tile","Site",563.59663345477,564.93043909455,-1.33380563978039,0.666194360219606,0.414381581084119
"Growing season",155,135,"Tillage_Passes","Agricultural",572.620112408757,573.00513806209,-0.385025653332605,1.6149743466674,0.203793969558027
"Growing season",155,135,"PerennialFrac","Agricultural",571.128627153896,573.00513806209,-1.87651090819452,0.123489091805482,0.725280670600031
"Growing season",155,135,"MeanSlope_per","Site",571.038509456418,573.00513806209,-1.96662860567164,0.0333713943283556,0.855050372365785
"Growing season",155,135,"Hydrologic_Group","Site",571.52953763474,573.00513806209,-1.47560042735051,2.52439957264949,0.283030734057759
"Growing season",155,135,"Tile","Site",571.181938755351,573.00513806209,-1.82319930673862,0.176800693261384,0.67413721411713
"Growing season",156,135,"Tillage_Passes","Agricultural",573.403366000568,573.638109952807,-0.234743952238887,1.76525604776111,0.183970271833941
"Growing season",156,135,"PerennialFrac","Agricultural",571.958209631217,573.638109952807,-1.6799003215898,0.320099678410202,0.571547748042556
"Growing season",156,135,"MeanSlope_per","Site",573.575823555004,573.638109952807,-0.0622863978035184,1.93771360219648,0.163917002784562
"Growing season",156,135,"Hydrologic_Group","Site",574.917885118897,573.638109952807,1.27977516608996,5.27977516608996,0.0713692922239494
"Growing season",156,135,"Tile","Site",571.638203759435,573.638109952807,-1.99990619337223,9.3806627774029e-05,0.992272303919658
"Growing season",157,135,"Tillage_Passes","Agricultural",554.586307743705,555.985074214746,-1.39876647104143,0.601233528958574,0.438107765577976
"Growing season",157,135,"PerennialFrac","Agricultural",554.375800682026,555.985074214746,-1.60927353272041,0.390726467279592,0.531917786746767
"Growing season",157,135,"MeanSlope_per","Site",556.793533640325,555.985074214746,0.808459425578917,2.80845942557892,0.0937683840363942
"Growing season",157,135,"Hydrologic_Group","Site",556.345241856016,555.985074214746,0.360167641270436,4.36016764127044,0.113032055824644
"Growing season",157,135,"Tile","Site",555.827522025068,555.985074214746,-0.157552189678427,1.84244781032157,0.174664319709204
"Growing season",158,135,"Tillage_Passes","Agricultural",580.663020629234,582.370981063612,-1.70796043437815,0.292039565621849,0.588916483514087
"Growing season",158,135,"PerennialFrac","Agricultural",584.208516560478,582.370981063612,1.83753549686605,3.83753549686605,0.0501171361516825
"Growing season",158,135,"MeanSlope_per","Site",580.662806324119,582.370981063612,-1.70817473949285,0.291825260507153,0.589053227783226
"Growing season",158,135,"Hydrologic_Group","Site",582.492335621622,582.370981063612,0.121354558010125,4.12135455801013,0.127367677222305
"Growing season",158,135,"Tile","Site",581.152189199142,582.370981063612,-1.21879186447052,0.781208135529482,0.376771903518207
"Growing season",159,135,"Tillage_Passes","Agricultural",567.337742954123,567.607420303487,-0.269677349363974,1.73032265063603,0.188369697333987
"Growing season",159,135,"PerennialFrac","Agricultural",565.620294872999,567.607420303487,-1.98712543048805,0.0128745695119505,0.90966099002961
"Growing season",159,135,"MeanSlope_per","Site",566.983372260944,567.607420303487,-0.624048042542768,1.37595195745723,0.240791881482623
"Growing season",159,135,"Hydrologic_Group","Site",566.233378378492,567.607420303487,-1.37404192499537,2.62595807500463,0.269017448411039
"Growing season",159,135,"Tile","Site",566.279534433937,567.607420303487,-1.32788586955019,0.672114130449813,0.412315494613739
"Growing season",160,135,"Tillage_Passes","Agricultural",536.353147788211,537.726526598106,-1.37337880989435,0.626621190105652,0.42859739892865
"Growing season",160,135,"PerennialFrac","Agricultural",535.907749862491,537.726526598106,-1.81877673561519,0.181223264384812,0.670324087302934
"Growing season",160,135,"MeanSlope_per","Site",536.032793804437,537.726526598106,-1.69373279366857,0.306267206331427,0.579979861175344
"Growing season",160,135,"Hydrologic_Group","Site",539.247633973073,537.726526598106,1.52110737496673,5.52110737496673,0.0632567341995829
"Growing season",160,135,"Tile","Site",536.955059430261,537.726526598106,-0.771467167844548,1.22853283215545,0.267692557122383
"Growing season",161,135,"Tillage_Passes","Agricultural",532.475436413138,533.926183368366,-1.45074695522874,0.549253044771262,0.458623060323167
"Growing season",161,135,"PerennialFrac","Agricultural",534.426408936893,533.926183368366,0.500225568526844,2.50022556852684,0.113829993180377
"Growing season",161,135,"MeanSlope_per","Site",531.926190333197,533.926183368366,-1.99999303516961,6.96483039064333e-06,0.997894308084266
"Growing season",161,135,"Hydrologic_Group","Site",531.555123306837,533.926183368366,-2.37106006152987,1.62893993847013,0.442874002009521
"Growing season",161,135,"Tile","Site",532.222855804368,533.926183368366,-1.70332756399819,0.296672436001813,0.585976064016527
"Growing season",162,135,"Tillage_Passes","Agricultural",556.473744125195,558.156122889425,-1.68237876423041,0.317621235769593,0.573040714187262
"Growing season",162,135,"PerennialFrac","Agricultural",556.406895502188,558.156122889425,-1.74922738723706,0.250772612762944,0.616531581748784
"Growing season",162,135,"MeanSlope_per","Site",556.164404411459,558.156122889425,-1.99171847796651,0.00828152203348509,0.927490311965122
"Growing season",162,135,"Hydrologic_Group","Site",559.930727315612,558.156122889425,1.77460442618644,5.77460442618644,0.0557263478155309
"Growing season",162,135,"Tile","Site",556.423655923687,558.156122889425,-1.73246696573881,0.267533034261191,0.604991455004397
"Growing season",163,135,"Tillage_Passes","Agricultural",546.258412453915,547.228768434311,-0.97035598039588,1.02964401960412,0.310242291886194
"Growing season",163,135,"PerennialFrac","Agricultural",547.972839685215,547.228768434311,0.744071250904312,2.74407125090431,0.0976157801559049
"Growing season",163,135,"MeanSlope_per","Site",549.227421772514,547.228768434311,1.9986533382031,3.9986533382031,0.0455366329858151
"Growing season",163,135,"Hydrologic_Group","Site",548.660814232965,547.228768434311,1.4320457986546,5.4320457986546,0.0661372666292554
"Growing season",163,135,"Tile","Site",546.061163154427,547.228768434311,-1.16760527988367,0.832394720116326,0.361580983538653
"Growing season",164,135,"Tillage_Passes","Agricultural",568.317937322143,570.317887888331,-1.99995056618764,4.94338123644411e-05,0.994390185046629
"Growing season",164,135,"PerennialFrac","Agricultural",569.333680907578,570.317887888331,-0.984206980752901,1.0157930192471,0.313518999543031
"Growing season",164,135,"MeanSlope_per","Site",568.715582668927,570.317887888331,-1.60230521940366,0.397694780596339,0.528282175829127
"Growing season",164,135,"Hydrologic_Group","Site",572.037396371049,570.317887888331,1.71950848271808,5.71950848271808,0.0572828362877408
"Growing season",164,135,"Tile","Site",569.311285371741,570.317887888331,-1.00660251658985,0.993397483410149,0.318913415206631
"Growing season",165,135,"Tillage_Passes","Agricultural",578.81763404653,579.260853861269,-0.443219814739109,1.55678018526089,0.212137286480869
"Growing season",165,135,"PerennialFrac","Agricultural",578.610226438005,579.260853861269,-0.650627423263927,1.34937257673607,0.245387833729741
"Growing season",165,135,"MeanSlope_per","Site",577.562698690992,579.260853861269,-1.698155170277,0.301844829722995,0.58272818311222
"Growing season",165,135,"Hydrologic_Group","Site",578.161104257348,579.260853861269,-1.09974960392128,2.90025039607872,0.234540922191951
"Growing season",165,135,"Tile","Site",578.242256318615,579.260853861269,-1.01859754265411,0.981402457345894,0.321852807152323
"Growing season",166,135,"Tillage_Passes","Agricultural",608.662607109096,610.618325581329,-1.95571847223221,0.0442815277677937,0.833330702667193
"Growing season",166,135,"PerennialFrac","Agricultural",612.196183663742,610.618325581329,1.57785808241317,3.57785808241317,0.058554605188035
"Growing season",166,135,"MeanSlope_per","Site",608.721672556598,610.618325581329,-1.89665302473009,0.103346975269915,0.747849512384023
"Growing season",166,135,"Hydrologic_Group","Site",611.708908342358,610.618325581329,1.09058276102951,5.09058276102951,0.0784501897933999
"Growing season",166,135,"Tile","Site",608.629052656697,610.618325581329,-1.9892729246319,0.010727075368095,0.917509330013098
"Growing season",167,135,"Tillage_Passes","Agricultural",564.892335182645,560.992760007604,3.89957517504104,5.89957517504104,0.0151445371914792
"Growing season",167,135,"PerennialFrac","Agricultural",559.512462551912,560.992760007604,-1.48029745569215,0.519702544307847,0.470968595698139
"Growing season",167,135,"MeanSlope_per","Site",559.022507834112,560.992760007604,-1.97025217349221,0.0297478265077871,0.863063656147752
"Growing season",167,135,"Hydrologic_Group","Site",560.060521539086,560.992760007604,-0.932238468518221,3.06776153148178,0.215696971560072
"Growing season",167,135,"Tile","Site",560.624403149743,560.992760007604,-0.36835685786059,1.63164314213941,0.201475929476617
"Growing season",168,135,"Tillage_Passes","Agricultural",542.268727028235,539.860281869913,2.40844515832214,4.40844515832214,0.0357614221494781
"Growing season",168,135,"PerennialFrac","Agricultural",539.69224819896,539.860281869913,-0.168033670952468,1.83196632904753,0.175895468968575
"Growing season",168,135,"MeanSlope_per","Site",538.383045148995,539.860281869913,-1.47723672091786,0.522763279082142,0.469665320193055
"Growing season",168,135,"Hydrologic_Group","Site",542.414257349868,539.860281869913,2.55397547995506,6.55397547995506,0.0377417737863659
"Growing season",168,135,"Tile","Site",540.370812695236,539.860281869913,0.510530825323144,2.51053082532314,0.113087833480477
"Growing season",169,135,"Tillage_Passes","Agricultural",533.161712689609,534.91425869438,-1.75254600477172,0.247453995228284,0.618873530570299
"Growing season",169,135,"PerennialFrac","Agricultural",535.149892679211,534.91425869438,0.235633984830315,2.23563398483032,0.134861298644103
"Growing season",169,135,"MeanSlope_per","Site",534.470645357899,534.91425869438,-0.443613336481462,1.55638666351854,0.212195067447646
"Growing season",169,135,"Hydrologic_Group","Site",534.942362750906,534.91425869438,0.0281040565251942,4.02810405652519,0.133446847263511
"Growing season",169,135,"Tile","Site",533.317088674318,534.91425869438,-1.59717002006278,0.402829979937223,0.525631344689343
"Growing season",170,135,"Tillage_Passes","Agricultural",567.612435148952,567.891066142292,-0.278630993340357,1.72136900665964,0.189516919096886
"Growing season",170,135,"PerennialFrac","Agricultural",567.46827637634,567.891066142292,-0.422789765952643,1.57721023404736,0.209162994816458
"Growing season",170,135,"MeanSlope_per","Site",566.374850242259,567.891066142292,-1.51621590003367,0.483784099966329,0.486713256160119
"Growing season",170,135,"Hydrologic_Group","Site",572.087329956555,567.891066142292,4.19626381426235,8.19626381426235,0.0166036636339326
"Growing season",170,135,"Tile","Site",566.994335057096,567.891066142292,-0.896731085196507,1.10326891480349,0.293549831793319
"Growing season",171,135,"Tillage_Passes","Agricultural",550.242795760942,550.480636510099,-0.23784074915784,1.76215925084216,0.184355417821136
"Growing season",171,135,"PerennialFrac","Agricultural",548.987760065969,550.480636510099,-1.49287644413016,0.507123555869839,0.476386704931073
"Growing season",171,135,"MeanSlope_per","Site",548.525329466614,550.480636510099,-1.95530704348528,0.0446929565147229,0.832569626940461
"Growing season",171,135,"Hydrologic_Group","Site",550.61773189853,550.480636510099,0.137095388430566,4.13709538843057,0.12636917518523
"Growing season",171,135,"Tile","Site",548.525039850598,550.480636510099,-1.955596659501,0.0444033404990023,0.833104985677248
"Growing season",172,135,"Tillage_Passes","Agricultural",548.622283337588,549.623227042251,-1.00094370466286,0.999056295337141,0.317538964561748
"Growing season",172,135,"PerennialFrac","Agricultural",548.335668978094,549.623227042251,-1.287558064157,0.712441935843003,0.398634338403265
"Growing season",172,135,"MeanSlope_per","Site",547.631930045833,549.623227042251,-1.99129699641765,0.00870300358235454,0.925673263641551
"Growing season",172,135,"Hydrologic_Group","Site",549.995563950094,549.623227042251,0.372336907843192,4.37233690784319,0.112346385357469
"Growing season",172,135,"Tile","Site",547.631027638467,549.623227042251,-1.99219940378396,0.00780059621604323,0.929621561300787
"Growing season",173,135,"Tillage_Passes","Agricultural",546.148288607583,544.405038443869,1.74325016371426,3.74325016371426,0.0530212162018097
"Growing season",173,135,"PerennialFrac","Agricultural",545.188573209187,544.405038443869,0.783534765318223,2.78353476531822,0.0952377629372952
"Growing season",173,135,"MeanSlope_per","Site",542.906520958507,544.405038443869,-1.49851748536184,0.501482514638155,0.47884944144312
"Growing season",173,135,"Hydrologic_Group","Site",543.69602111414,544.405038443869,-0.70901732972834,3.29098267027166,0.192917752233792
"Growing season",173,135,"Tile","Site",543.37540844426,544.405038443869,-1.02962999960903,0.970370000390972,0.324587919211028
"Growing season",174,135,"Tillage_Passes","Agricultural",571.582144938462,573.434052442218,-1.85190750375534,0.148092496244658,0.700364942591705
"Growing season",174,135,"PerennialFrac","Agricultural",574.717981412544,573.434052442218,1.28392897032609,3.28392897032609,0.069961260103323
"Growing season",174,135,"MeanSlope_per","Site",571.438762352991,573.434052442218,-1.9952900892265,0.00470991077349936,0.945285102033116
"Growing season",174,135,"Hydrologic_Group","Site",572.648293279164,573.434052442218,-0.785759163054081,3.21424083694592,0.200464036285186
"Growing season",174,135,"Tile","Site",571.452651733401,573.434052442218,-1.98140070881709,0.0185992911829089,0.891521501569827
"Growing season",175,135,"Tillage_Passes","Agricultural",598.41729231005,600.39445006843,-1.97715775837992,0.0228422416200829,0.879868040389103
"Growing season",175,135,"PerennialFrac","Agricultural",602.794157562329,600.39445006843,2.39970749389852,4.39970749389852,0.0359450952431796
"Growing season",175,135,"MeanSlope_per","Site",598.394451780891,600.39445006843,-1.99999828753937,1.71246063018771e-06,0.998955880431043
"Growing season",175,135,"Hydrologic_Group","Site",605.583608100492,600.39445006843,5.18915803206198,9.18915803206198,0.0101064745493003
"Growing season",175,135,"Tile","Site",600.137046597791,600.39445006843,-0.257403470638678,1.74259652936132,0.186810165340503
"Growing season",176,135,"Tillage_Passes","Agricultural",578.422978299127,580.257079755027,-1.83410145589983,0.165898544100173,0.683782926191547
"Growing season",176,135,"PerennialFrac","Agricultural",579.189003552386,580.257079755027,-1.06807620264033,0.931923797359673,0.334363525997177
"Growing season",176,135,"MeanSlope_per","Site",578.726655511561,580.257079755027,-1.53042424346586,0.469575756534141,0.493182405128448
"Growing season",176,135,"Hydrologic_Group","Site",583.834593681859,580.257079755027,3.57751392683281,7.57751392683281,0.0226237064747701
"Growing season",176,135,"Tile","Site",579.242941456943,580.257079755027,-1.01413829808405,0.985861701915951,0.320755918419399
"Growing season",177,135,"Tillage_Passes","Agricultural",555.810404469683,556.030470820734,-0.220066351051628,1.77993364894837,0.182157474175257
"Growing season",177,135,"PerennialFrac","Agricultural",554.150573790416,556.030470820734,-1.87989703031826,0.120102969681739,0.72892283745564
"Growing season",177,135,"MeanSlope_per","Site",554.053610141163,556.030470820734,-1.97686067957147,0.0231393204285268,0.879095333484056
"Growing season",177,135,"Hydrologic_Group","Site",555.665945351723,556.030470820734,-0.364525469011028,3.63547453098897,0.162392787287611
"Growing season",177,135,"Tile","Site",554.958577641502,556.030470820734,-1.07189317923246,0.928106820767539,0.335355350176302
"Growing season",178,135,"Tillage_Passes","Agricultural",562.742743077999,555.282447919994,7.46029515800467,9.46029515800467,0.00209967283447165
"Growing season",178,135,"PerennialFrac","Agricultural",553.396840647715,555.282447919994,-1.885607272279,0.114392727720997,0.735197450539551
"Growing season",178,135,"MeanSlope_per","Site",553.392429670504,555.282447919994,-1.89001824949037,0.109981750509633,0.740164913542451
"Growing season",178,135,"Hydrologic_Group","Site",556.269128631705,555.282447919994,0.986680711711074,4.98668071171107,0.0826334798219994
"Growing season",178,135,"Tile","Site",553.71347654183,555.282447919994,-1.56897137816384,0.431028621836163,0.511484650390092
"Growing season",179,135,"Tillage_Passes","Agricultural",549.639288307675,550.956922021201,-1.31763371352599,0.682366286474007,0.408773090915499
"Growing season",179,135,"PerennialFrac","Agricultural",549.283698545968,550.956922021201,-1.6732234752327,0.326776524767297,0.567563380440668
"Growing season",179,135,"MeanSlope_per","Site",550.906631528335,550.956922021201,-0.0502904928655425,1.94970950713446,0.16261815753702
"Growing season",179,135,"Hydrologic_Group","Site",551.007448372773,550.956922021201,0.0505263515725574,4.05052635157256,0.13195911017501
"Growing season",179,135,"Tile","Site",551.383255726079,550.956922021201,0.426333704878402,2.4263337048784,0.119311657286949
"Growing season",180,135,"Tillage_Passes","Agricultural",585.420481333218,583.949853687,1.47062764621796,3.47062764621796,0.0624676039581796
"Growing season",180,135,"PerennialFrac","Agricultural",584.87453119847,583.949853687,0.924677511470236,2.92467751147024,0.0872346532434452
"Growing season",180,135,"MeanSlope_per","Site",582.268192670211,583.949853687,-1.68166101678855,0.318338983211447,0.572607569168289
"Growing season",180,135,"Hydrologic_Group","Site",585.752595269675,583.949853687,1.80274158267514,5.80274158267514,0.0549478463755858
"Growing season",180,135,"Tile","Site",583.157422212998,583.949853687,-0.79243147400166,1.20756852599834,0.271814204269772
"Growing season",181,135,"Tillage_Passes","Agricultural",599.218811105824,597.878353526507,1.34045757931699,3.34045757931699,0.0675958086669518
"Growing season",181,135,"PerennialFrac","Agricultural",596.179945877669,597.878353526507,-1.69840764883725,0.301592351162753,0.582885877482053
"Growing season",181,135,"MeanSlope_per","Site",598.027890375892,597.878353526507,0.149536849384958,2.14953684938496,0.142612904607011
"Growing season",181,135,"Hydrologic_Group","Site",597.549448676611,597.878353526507,-0.32890484989548,3.67109515010452,0.15952612532131
"Growing season",181,135,"Tile","Site",596.019445356903,597.878353526507,-1.8589081696033,0.141091830396704,0.707197988800472
"Growing season",182,135,"Tillage_Passes","Agricultural",591.1292155638,592.111880289924,-0.982664726123971,1.01733527387603,0.31315192461905
"Growing season",182,135,"PerennialFrac","Agricultural",590.175964682701,592.111880289924,-1.93591560722336,0.0640843927766355,0.800153110925873
"Growing season",182,135,"MeanSlope_per","Site",590.419713582712,592.111880289924,-1.69216670721175,0.307833292788246,0.579012816820053
"Growing season",182,135,"Hydrologic_Group","Site",590.726699419209,592.111880289924,-1.38518087071486,2.61481912928514,0.270519913875327
"Growing season",182,135,"Tile","Site",590.577044257437,592.111880289924,-1.53483603248662,0.465163967513377,0.495220423279543
"Growing season",183,135,"Tillage_Passes","Agricultural",566.862561000045,566.716142591273,0.146418408772206,2.14641840877221,0.142902909526064
"Growing season",183,135,"PerennialFrac","Agricultural",566.848119813415,566.716142591273,0.131977222142154,2.13197722214215,0.144254574356237
"Growing season",183,135,"MeanSlope_per","Site",564.755851486697,566.716142591273,-1.96029110457539,0.0397088954246101,0.842050833572002
"Growing season",183,135,"Hydrologic_Group","Site",564.171708021381,566.716142591273,-2.54443456989111,1.45556543010889,0.482978705132328
"Growing season",183,135,"Tile","Site",564.787005100922,566.716142591273,-1.92913749035085,0.070862509649146,0.790085082277941
"Growing season",184,135,"Tillage_Passes","Agricultural",588.930626061413,588.961003000966,-0.0303769395532072,1.96962306044679,0.160487877654159
"Growing season",184,135,"PerennialFrac","Agricultural",587.600434244847,588.961003000966,-1.36056875611916,0.639431243880836,0.423916827044288
"Growing season",184,135,"MeanSlope_per","Site",587.061473132124,588.961003000966,-1.89952986884202,0.100470131157977,0.751266186083029
"Growing season",184,135,"Hydrologic_Group","Site",590.185973818414,588.961003000966,1.22497081744814,5.22497081744814,0.0733520072992922
"Growing season",184,135,"Tile","Site",587.075880544101,588.961003000966,-1.88512245686536,0.114877543134639,0.734658020448032
"Growing season",185,135,"Tillage_Passes","Agricultural",564.79689632989,566.030768889882,-1.23387255999239,0.766127440007608,0.381417732296622
"Growing season",185,135,"PerennialFrac","Agricultural",564.118110155621,566.030768889882,-1.91265873426073,0.0873412657392691,0.767584793731827
"Growing season",185,135,"MeanSlope_per","Site",564.553575337156,566.030768889882,-1.47719355272602,0.522806447273979,0.469646980539344
"Growing season",185,135,"Hydrologic_Group","Site",564.890645827058,566.030768889882,-1.1401230628237,2.8598769371763,0.239323647712644
"Growing season",185,135,"Tile","Site",564.077802195219,566.030768889882,-1.9529666946629,0.047033305337095,0.828308384824716
"Growing season",186,135,"Tillage_Passes","Agricultural",556.015219357681,557.83497094,-1.81975158231944,0.180248417680559,0.671159841197182
"Growing season",186,135,"PerennialFrac","Agricultural",558.912002658638,557.83497094,1.0770317186375,3.0770317186375,0.0794053209747242
"Growing season",186,135,"MeanSlope_per","Site",556.634813531273,557.83497094,-1.20015740872748,0.799842591272522,0.371140436308688
"Growing season",186,135,"Hydrologic_Group","Site",560.324349528861,557.83497094,2.4893785888612,6.4893785888612,0.0389806739884301
"Growing season",186,135,"Tile","Site",555.932453112099,557.83497094,-1.90251782790142,0.0974821720985801,0.754872306747571
"Growing season",187,135,"Tillage_Passes","Agricultural",557.898631511396,559.59831883188,-1.69968732048369,0.30031267951631,0.583686465190768
"Growing season",187,135,"PerennialFrac","Agricultural",558.312208347031,559.59831883188,-1.28611048484902,0.713889515150981,0.398155603244925
"Growing season",187,135,"MeanSlope_per","Site",558.054532541192,559.59831883188,-1.54378629068788,0.456213709312124,0.499398837907288
"Growing season",187,135,"Hydrologic_Group","Site",567.314718289864,559.59831883188,7.71639945798449,11.7163994579845,0.00285638131719726
"Growing season",187,135,"Tile","Site",558.129743230177,559.59831883188,-1.46857560170224,0.531424398297759,0.466008627775476
"Growing season",188,135,"Tillage_Passes","Agricultural",563.176430120696,563.848681604384,-0.672251483687774,1.32774851631223,0.24920615432932
"Growing season",188,135,"PerennialFrac","Agricultural",563.078481461514,563.848681604384,-0.770200142870408,1.22979985712959,0.267445964622179
"Growing season",188,135,"MeanSlope_per","Site",562.468441073097,563.848681604384,-1.38024053128743,0.619759468712573,0.431136682920823
"Growing season",188,135,"Hydrologic_Group","Site",569.800698858037,563.848681604384,5.95201725365303,9.95201725365303,0.00690155433485468
"Growing season",188,135,"Tile","Site",562.270559319897,563.848681604384,-1.57812228448756,0.421877715512437,0.516001584740224
"Growing season",189,135,"Tillage_Passes","Agricultural",571.261855727313,573.0573007008,-1.79544497348695,0.204555026513049,0.651069011642163
"Growing season",189,135,"PerennialFrac","Agricultural",572.491861416837,573.0573007008,-0.565439283963428,1.43456071603657,0.231021566951919
"Growing season",189,135,"MeanSlope_per","Site",571.094858990486,573.0573007008,-1.9624417103139,0.0375582896861033,0.84633279068092
"Growing season",189,135,"Hydrologic_Group","Site",573.508923351747,573.0573007008,0.451622650946319,4.45162265094632,0.107979776343292
"Growing season",189,135,"Tile","Site",571.066423912066,573.0573007008,-1.99087678873411,0.00912321126588722,0.923905377141868
"Growing season",190,135,"Tillage_Passes","Agricultural",564.936828059443,565.749105971813,-0.812277912369382,1.18772208763062,0.275789520187301
"Growing season",190,135,"PerennialFrac","Agricultural",564.088001307629,565.749105971813,-1.66110466418343,0.338895335816574,0.560467550044214
"Growing season",190,135,"MeanSlope_per","Site",564.434884141025,565.749105971813,-1.31422183078746,0.68577816921254,0.407604104860936
"Growing season",190,135,"Hydrologic_Group","Site",570.922536272374,565.749105971813,5.17343030056156,9.17343030056156,0.0101862638232504
"Growing season",190,135,"Tile","Site",564.606300919517,565.749105971813,-1.14280505229522,0.857194947704784,0.354524857865645
"Growing season",191,135,"Tillage_Passes","Agricultural",561.206304830586,563.160621764993,-1.95431693440798,0.0456830655920157,0.830752958132402
"Growing season",191,135,"PerennialFrac","Agricultural",566.561062775722,563.160621764993,3.40044101072863,5.40044101072863,0.0201316639792434
"Growing season",191,135,"MeanSlope_per","Site",561.707866107478,563.160621764993,-1.45275565751535,0.547244342484646,0.459445845412762
"Growing season",191,135,"Hydrologic_Group","Site",563.934454556728,563.160621764993,0.773832791734321,4.77383279173432,0.0919126696331897
"Growing season",191,135,"Tile","Site",562.399473669108,563.160621764993,-0.761148095885233,1.23885190411477,0.265692434665559
"Growing season",192,135,"Tillage_Passes","Agricultural",535.835715692207,534.528848429718,1.30686726248996,3.30686726248996,0.0689908952119774
"Growing season",192,135,"PerennialFrac","Agricultural",532.544577801488,534.528848429718,-1.98427062822952,0.0157293717704761,0.90019359480886
"Growing season",192,135,"MeanSlope_per","Site",535.933260287329,534.528848429718,1.40441185761154,3.40441185761154,0.0650222898050975
"Growing season",192,135,"Hydrologic_Group","Site",542.043616813478,534.528848429718,7.51476838376084,11.5147683837608,0.00315936509182067
"Growing season",192,135,"Tile","Site",532.9082534635,534.528848429718,-1.6205949662176,0.379405033782405,0.537921824283433
"Growing season",193,135,"Tillage_Passes","Agricultural",575.400626470915,577.221526987809,-1.82090051689397,0.179099483106029,0.672148275323066
"Growing season",193,135,"PerennialFrac","Agricultural",577.514995716502,577.221526987809,0.293468728693256,2.29346872869326,0.129919283579508
"Growing season",193,135,"MeanSlope_per","Site",575.275988261578,577.221526987809,-1.94553872623112,0.0544612737688794,0.815474577619745
"Growing season",193,135,"Hydrologic_Group","Site",577.421075093768,577.221526987809,0.199548105959252,4.19954810595925,0.122484100044133
"Growing season",193,135,"Tile","Site",575.405970087995,577.221526987809,-1.81555689981349,0.184443100186513,0.667582391105064
"Growing season",194,135,"Tillage_Passes","Agricultural",575.848415478419,573.680555558022,2.16785992039729,4.16785992039729,0.0411978059677168
"Growing season",194,135,"PerennialFrac","Agricultural",573.090258337084,573.680555558022,-0.590297220938282,1.40970277906172,0.235105739864964
"Growing season",194,135,"MeanSlope_per","Site",572.005303456235,573.680555558022,-1.67525210178667,0.324747898213332,0.568768205836632
"Growing season",194,135,"Hydrologic_Group","Site",573.88309353124,573.680555558022,0.202537973217659,4.20253797321766,0.122301131241118
"Growing season",194,135,"Tile","Site",571.739246444557,573.680555558022,-1.94130911346519,0.058690886534805,0.808577140620797
"Growing season",195,135,"Tillage_Passes","Agricultural",577.098613525342,578.387789390188,-1.28917586484636,0.710824135153644,0.399170354703309
"Growing season",195,135,"PerennialFrac","Agricultural",576.943514898853,578.387789390188,-1.44427449133457,0.555725508665432,0.455987645454684
"Growing season",195,135,"MeanSlope_per","Site",579.199455111594,578.387789390188,0.811665721406371,2.81166572140637,0.0935811613714017
"Growing season",195,135,"Hydrologic_Group","Site",577.21918711785,578.387789390188,-1.16860227233758,2.83139772766242,0.24275590083374
"Growing season",195,135,"Tile","Site",576.463463469126,578.387789390188,-1.92432592106184,0.0756740789381638,0.783247693430932
"Growing season",196,135,"Tillage_Passes","Agricultural",589.776520220972,588.126203478969,1.65031674200327,3.65031674200327,0.0560585494670109
"Growing season",196,135,"PerennialFrac","Agricultural",589.487670992007,588.126203478969,1.36146751303863,3.36146751303863,0.0667385706712846
"Growing season",196,135,"MeanSlope_per","Site",592.00778637357,588.126203478969,3.88158289460171,5.88158289460171,0.0153000608224732
"Growing season",196,135,"Hydrologic_Group","Site",589.61345094876,588.126203478969,1.4872474697911,5.4872474697911,0.064336784513571
"Growing season",196,135,"Tile","Site",586.441281012792,588.126203478969,-1.6849224661762,0.315077533823796,0.574580993514591
"Growing season",197,135,"Tillage_Passes","Agricultural",564.580667204006,566.558787702669,-1.9781204986632,0.0218795013367981,0.882408105137047
"Growing season",197,135,"PerennialFrac","Agricultural",566.771599362219,566.558787702669,0.21281165954997,2.21281165954997,0.136869017350149
"Growing season",197,135,"MeanSlope_per","Site",564.596095315826,566.558787702669,-1.96269238684295,0.0373076131570542,0.84684009535667
"Growing season",197,135,"Hydrologic_Group","Site",571.059255617736,566.558787702669,4.50046791506759,8.50046791506759,0.0142608970743665
"Growing season",197,135,"Tile","Site",564.57373423945,566.558787702669,-1.98505346321906,0.0149465367809398,0.902696253975295
"Growing season",198,135,"Tillage_Passes","Agricultural",559.538838093572,559.919000899808,-0.380162806236399,1.6198371937636,0.203114490075558
"Growing season",198,135,"PerennialFrac","Agricultural",557.940584984199,559.919000899808,-1.97841591560928,0.0215840843907245,0.883198931680136
"Growing season",198,135,"MeanSlope_per","Site",558.691594096478,559.919000899808,-1.22740680332959,0.772593196670414,0.379416019805059
"Growing season",198,135,"Hydrologic_Group","Site",564.038059728275,559.919000899808,4.11905882846679,8.11905882846679,0.0172571381684354
"Growing season",198,135,"Tile","Site",558.823892035725,559.919000899808,-1.09510886408304,0.904891135916955,0.341473594506848
"Growing season",199,135,"Tillage_Passes","Agricultural",559.854993726065,561.726084309968,-1.87109058390297,0.128909416097031,0.719565484151127
"Growing season",199,135,"PerennialFrac","Agricultural",559.737005909114,561.726084309968,-1.9890784008536,0.0109215991463998,0.916767445945154
"Growing season",199,135,"MeanSlope_per","Site",562.297606873872,561.726084309968,0.571522563904409,2.57152256390441,0.108802965716341
"Growing season",199,135,"Hydrologic_Group","Site",563.767209352198,561.726084309968,2.04112504222985,6.04112504222985,0.0487737743658876
"Growing season",199,135,"Tile","Site",562.819494566765,561.726084309968,1.09341025679714,3.09341025679714,0.0786098996650851
"Growing season",200,135,"Tillage_Passes","Agricultural",560.122480963285,561.782182641652,-1.65970167836679,0.340298321633213,0.559657075624766
"Growing season",200,135,"PerennialFrac","Agricultural",561.541467803129,561.782182641652,-0.240714838522649,1.75928516147735,0.1847137031785
"Growing season",200,135,"MeanSlope_per","Site",560.403393564551,561.782182641652,-1.37878907710081,0.621210922899195,0.430597655135517
"Growing season",200,135,"Hydrologic_Group","Site",564.006828633043,561.782182641652,2.22464599139153,6.22464599139153,0.0444974677601314
"Growing season",200,135,"Tile","Site",560.582432729937,561.782182641652,-1.19974991171421,0.800250088285793,0.371018607758689
"Post-growing season",1,135,"Tillage_Passes","Agricultural",542.135647376071,543.938659484875,-1.80301210880418,0.196987891195818,0.657163198019728
"Post-growing season",1,135,"PerennialFrac","Agricultural",542.572035133627,543.938659484875,-1.36662435124811,0.633375648751894,0.426119800675997
"Post-growing season",1,135,"Residue_Frac","Agricultural",542.750278364783,543.938659484875,-1.18838112009257,0.811618879907428,0.367642060833267
"Post-growing season",1,135,"MeanSlope_per","Site",542.011207784303,543.938659484875,-1.92745170057265,0.0725482994273534,0.787661963075595
"Post-growing season",1,135,"Hydrologic_Group","Site",546.347100706828,543.938659484875,2.40844122195267,6.40844122195267,0.040590525122518
"Post-growing season",1,135,"Tile","Site",544.162608172756,543.938659484875,0.22394868788092,2.22394868788092,0.135885124787678
"Post-growing season",2,135,"Tillage_Passes","Agricultural",524.79743711067,526.545770912451,-1.74833380178063,0.251666198219311,0.615904292030607
"Post-growing season",2,135,"PerennialFrac","Agricultural",541.650350371664,526.545770912451,15.1045794592128,17.1045794592128,3.53769001285403e-05
"Post-growing season",2,135,"Residue_Frac","Agricultural",530.18415267373,526.545770912451,3.63838176127933,5.63838176127933,0.0175714180955728
"Post-growing season",2,135,"MeanSlope_per","Site",526.642246150196,526.545770912451,0.0964752377446985,2.0964752377447,0.147639144323416
"Post-growing season",2,135,"Hydrologic_Group","Site",542.587555430504,526.545770912451,16.0417845180532,20.0417845180532,4.44612622551743e-05
"Post-growing season",2,135,"Tile","Site",528.496930018527,526.545770912451,1.95115910607603,3.95115910607603,0.0468390943527124
"Post-growing season",3,135,"Tillage_Passes","Agricultural",522.485687161938,522.839000631182,-0.353313469243972,1.64668653075597,0.199410512604166
"Post-growing season",3,135,"PerennialFrac","Agricultural",521.042309003691,522.839000631182,-1.79669162749087,0.203308372509127,0.652063571691571
"Post-growing season",3,135,"Residue_Frac","Agricultural",520.875285255642,522.839000631182,-1.96371537553978,0.0362846244601656,0.848928912734079
"Post-growing season",3,135,"MeanSlope_per","Site",524.962279781318,522.839000631182,2.12327915013589,4.12327915013589,0.0422970179224848
"Post-growing season",3,135,"Hydrologic_Group","Site",532.888493316967,522.839000631182,10.049492685785,14.049492685785,0.000889593142611944
"Post-growing season",3,135,"Tile","Site",521.313283391685,522.839000631182,-1.52571723949677,0.474282760503115,0.49102346838709
"Post-growing season",4,135,"Tillage_Passes","Agricultural",529.427707452096,531.427683613106,-1.9999761610103,2.3838989648084e-05,0.996104329124856
"Post-growing season",4,135,"PerennialFrac","Agricultural",535.972762101816,531.427683613106,4.54507848870992,6.54507848870986,0.0105174688015146
"Post-growing season",4,135,"Residue_Frac","Agricultural",533.591431836267,531.427683613106,2.16374822316129,4.16374822316118,0.0412979186366776
"Post-growing season",4,135,"MeanSlope_per","Site",529.79189195247,531.427683613106,-1.6357916606355,0.364208339364438,0.546178270257899
"Post-growing season",4,135,"Hydrologic_Group","Site",541.279053410906,531.427683613106,9.85136979780054,13.8513697978005,0.000982230159364744
"Post-growing season",4,135,"Tile","Site",531.67204062279,531.427683613106,0.244357009683881,2.24435700968388,0.134102641383648
"Post-growing season",5,135,"Tillage_Passes","Agricultural",542.981838718465,544.945260487419,-1.96342176895416,0.0365782310458371,0.848326314739594
"Post-growing season",5,135,"PerennialFrac","Agricultural",546.448884896608,544.945260487419,1.50362440918889,3.50362440918889,0.0612346786961559
"Post-growing season",5,135,"Residue_Frac","Agricultural",544.504152483079,544.945260487419,-0.441108004340435,1.55889199565956,0.211827527168525
"Post-growing season",5,135,"MeanSlope_per","Site",547.640508029248,544.945260487419,2.69524754182862,4.69524754182862,0.0302461417999158
"Post-growing season",5,135,"Hydrologic_Group","Site",563.631405822425,544.945260487419,18.6861453350054,22.6861453350054,1.18513038428578e-05
"Post-growing season",5,135,"Tile","Site",550.777645856413,544.945260487419,5.8323853689941,7.8323853689941,0.00513183309225576
"Post-growing season",6,135,"Tillage_Passes","Agricultural",529.703068734992,531.348326221172,-1.64525748618075,0.354742513819303,0.551440707538696
"Post-growing season",6,135,"PerennialFrac","Agricultural",531.062562809144,531.348326221172,-0.285763412028246,1.71423658797181,0.190436616237765
"Post-growing season",6,135,"Residue_Frac","Agricultural",529.792554403223,531.348326221172,-1.55577181794911,0.444228182050949,0.505088720192043
"Post-growing season",6,135,"MeanSlope_per","Site",534.019649176427,531.348326221172,2.6713229552546,4.6713229552546,0.0306702930793816
"Post-growing season",6,135,"Hydrologic_Group","Site",546.907019734175,531.348326221172,15.5586935130027,19.5586935130027,5.66087632782955e-05
"Post-growing season",6,135,"Tile","Site",535.601226732096,531.348326221172,4.25290051092338,6.25290051092344,0.0123990113367138
"Post-growing season",7,135,"Tillage_Passes","Agricultural",528.643927676887,530.498308805819,-1.85438112893257,0.145618871067313,0.702757781862048
"Post-growing season",7,135,"PerennialFrac","Agricultural",535.186639457775,530.498308805819,4.68833065195554,6.68833065195548,0.00970460367071136
"Post-growing season",7,135,"Residue_Frac","Agricultural",536.055143800186,530.498308805819,5.5568349943668,7.55683499436674,0.005978289298938
"Post-growing season",7,135,"MeanSlope_per","Site",528.697130543394,530.498308805819,-1.8011782624252,0.198821737574747,0.655673591075902
"Post-growing season",7,135,"Hydrologic_Group","Site",541.456873982382,530.498308805819,10.9585651765632,14.9585651765631,0.000564662365695434
"Post-growing season",7,135,"Tile","Site",535.886216591524,530.498308805819,5.38790778570478,7.38790778570478,0.00656638254427634
"Post-growing season",8,135,"Tillage_Passes","Agricultural",526.848374487446,528.365806230618,-1.51743174317198,0.482568256827903,0.48726129911979
"Post-growing season",8,135,"PerennialFrac","Agricultural",529.537758855274,528.365806230618,1.17195262465589,3.17195262465583,0.0749128348597947
"Post-growing season",8,135,"Residue_Frac","Agricultural",534.532394916919,528.365806230618,6.166588686301,8.16658868630094,0.00426690827030552
"Post-growing season",8,135,"MeanSlope_per","Site",530.105432246754,528.365806230618,1.73962601613596,3.7396260161359,0.0531363370031169
"Post-growing season",8,135,"Hydrologic_Group","Site",541.945890803706,528.365806230618,13.5800845730881,17.5800845730881,0.000152241529781026
"Post-growing season",8,135,"Tile","Site",527.176199323251,528.365806230618,-1.18960690736708,0.810393092632808,0.3680040582627
"Post-growing season",9,135,"Tillage_Passes","Agricultural",518.225749737933,520.165021010451,-1.93927127251766,0.060728727482342,0.805347842388654
"Post-growing season",9,135,"PerennialFrac","Agricultural",529.286897976664,520.165021010451,9.12187696621334,11.1218769662133,0.000853154065088783
"Post-growing season",9,135,"Residue_Frac","Agricultural",518.515180430409,520.165021010451,-1.649840580042,0.350159419957947,0.554022900175638
"Post-growing season",9,135,"MeanSlope_per","Site",523.873899959885,520.165021010451,3.70887894943405,5.70887894943411,0.0168793151971605
"Post-growing season",9,135,"Hydrologic_Group","Site",542.151268987685,520.165021010451,21.9862479772337,25.9862479772337,2.27592501405298e-06
"Post-growing season",9,135,"Tile","Site",531.895245219813,520.165021010451,11.7302242093621,13.730224209362,0.000211030978130859
"Post-growing season",10,135,"Tillage_Passes","Agricultural",547.24869346462,549.190091031042,-1.94139756642176,0.058602433578244,0.808718643686612
"Post-growing season",10,135,"PerennialFrac","Agricultural",557.902847063651,549.190091031042,8.71275603260881,10.7127560326088,0.00106399420999433
"Post-growing season",10,135,"Residue_Frac","Agricultural",555.878006596328,549.190091031042,6.68791556528572,8.68791556528572,0.00320326751429965
"Post-growing season",10,135,"MeanSlope_per","Site",548.032036062298,549.190091031042,-1.15805496874361,0.841945031256387,0.358841082820679
"Post-growing season",10,135,"Hydrologic_Group","Site",568.795916200284,549.190091031042,19.6058251692417,23.6058251692417,7.48273205536808e-06
"Post-growing season",10,135,"Tile","Site",558.115248755917,549.190091031042,8.92515772487525,10.9251577248752,0.000948671262009617
"Post-growing season",11,135,"Tillage_Passes","Agricultural",542.090193676318,543.957206389637,-1.86701271331913,0.132987286680873,0.71535460477706
"Post-growing season",11,135,"PerennialFrac","Agricultural",542.121132298776,543.957206389637,-1.83607409086176,0.163925909138243,0.685567449817551
"Post-growing season",11,135,"Residue_Frac","Agricultural",542.685509491223,543.957206389637,-1.27169689841458,0.728303101585425,0.393433772866551
"Post-growing season",11,135,"MeanSlope_per","Site",541.976111707386,543.957206389637,-1.98109468225186,0.0189053177481355,0.890638272163931
"Post-growing season",11,135,"Hydrologic_Group","Site",553.89285940307,543.957206389637,9.93565301343222,13.9356530134322,0.0009416974562195
"Post-growing season",11,135,"Tile","Site",543.512958694702,543.957206389637,-0.444247694935939,1.55575230506406,0.212288249895803
"Post-growing season",12,135,"Tillage_Passes","Agricultural",556.629823967841,555.86224288302,0.767581084820563,2.76758108482056,0.096191422773136
"Post-growing season",12,135,"PerennialFrac","Agricultural",558.180562900548,555.86224288302,2.31832001752764,4.31832001752764,0.0377041289593735
"Post-growing season",12,135,"Residue_Frac","Agricultural",563.611315380957,555.86224288302,7.74907249793694,9.74907249793694,0.00179413215080718
"Post-growing season",12,135,"MeanSlope_per","Site",555.77506394424,555.86224288302,-0.0871789387805393,1.91282106121946,0.166650227067652
"Post-growing season",12,135,"Hydrologic_Group","Site",567.482197687661,555.86224288302,11.6199548046412,15.6199548046412,0.000405667214854239
"Post-growing season",12,135,"Tile","Site",555.514194236101,555.86224288302,-0.34804864691921,1.65195135308079,0.198693549478578
"Post-growing season",13,135,"Tillage_Passes","Agricultural",528.193618020465,529.893320670587,-1.69970265012262,0.300297349877383,0.583696069149692
"Post-growing season",13,135,"PerennialFrac","Agricultural",529.195376957583,529.893320670587,-0.697943713004179,1.30205628699576,0.253837960505706
"Post-growing season",13,135,"Residue_Frac","Agricultural",529.134378588229,529.893320670587,-0.758942082358544,1.2410579176414,0.265267264675363
"Post-growing season",13,135,"MeanSlope_per","Site",529.263754796651,529.893320670587,-0.629565873936372,1.37043412606363,0.241737308854326
"Post-growing season",13,135,"Hydrologic_Group","Site",534.57760520792,529.893320670587,4.68428453733236,8.6842845373323,0.0130086303505695
"Post-growing season",13,135,"Tile","Site",529.39615809891,529.893320670587,-0.497162571677563,1.50283742832244,0.220235292878607
"Post-growing season",14,135,"Tillage_Passes","Agricultural",544.806693034979,546.256384417887,-1.44969138290787,0.550308617092128,0.458191620781755
"Post-growing season",14,135,"PerennialFrac","Agricultural",557.228527643466,546.256384417887,10.9721432255792,12.9721432255792,0.000316159897369799
"Post-growing season",14,135,"Residue_Frac","Agricultural",548.692566975489,546.256384417887,2.4361825576018,4.4361825576018,0.0351848371244787
"Post-growing season",14,135,"MeanSlope_per","Site",544.594691115713,546.256384417887,-1.66169330217383,0.33830669782617,0.560808262491443
"Post-growing season",14,135,"Hydrologic_Group","Site",564.235326665292,546.256384417887,17.9789422474053,21.9789422474053,1.68784799416293e-05
"Post-growing season",14,135,"Tile","Site",551.711802528875,546.256384417887,5.45541811098747,7.45541811098747,0.00632457863516456
"Post-growing season",15,135,"Tillage_Passes","Agricultural",537.345759600326,536.426758577147,0.919001023178566,2.91900102317862,0.0875420452804587
"Post-growing season",15,135,"PerennialFrac","Agricultural",537.434570691495,536.426758577147,1.00781211434764,3.0078121143477,0.0828640686687214
"Post-growing season",15,135,"Residue_Frac","Agricultural",534.428627477219,536.426758577147,-1.99813109992829,0.00186890007176999,0.965517571592901
"Post-growing season",15,135,"MeanSlope_per","Site",537.658420779684,536.426758577147,1.23166220253665,3.23166220253671,0.0722273436110893
"Post-growing season",15,135,"Hydrologic_Group","Site",544.352068012695,536.426758577147,7.92530943554743,11.9253094355475,0.00257307211681994
"Post-growing season",15,135,"Tile","Site",536.647093889497,536.426758577147,0.220335312349448,2.2203353123495,0.136203475191411
"Post-growing season",16,135,"Tillage_Passes","Agricultural",528.867260066944,530.445564422179,-1.57830435523499,0.421695644765066,0.516092160920074
"Post-growing season",16,135,"PerennialFrac","Agricultural",528.452200354,530.445564422179,-1.99336406817918,0.00663593182088107,0.935075157188737
"Post-growing season",16,135,"Residue_Frac","Agricultural",530.683228144093,530.445564422179,0.237663721914373,2.23766372191443,0.134684341187317
"Post-growing season",16,135,"MeanSlope_per","Site",528.736155310278,530.445564422179,-1.7094091119003,0.2905908880997,0.589842123926599
"Post-growing season",16,135,"Hydrologic_Group","Site",537.350973644698,530.445564422179,6.90540922251967,10.9054092225197,0.00428470055612026
"Post-growing season",16,135,"Tile","Site",533.924635945125,530.445564422179,3.47907152294636,5.47907152294641,0.0192454788168132
"Post-growing season",17,135,"Tillage_Passes","Agricultural",512.017320913922,514.004619264038,-1.98729835011534,0.0127016498847183,0.910267135382615
"Post-growing season",17,135,"PerennialFrac","Agricultural",526.142432032221,514.004619264038,12.1378127681832,14.1378127681832,0.00016989414098062
"Post-growing season",17,135,"Residue_Frac","Agricultural",515.143579204828,514.004619264038,1.13895994079041,3.13895994079041,0.0764425393135807
"Post-growing season",17,135,"MeanSlope_per","Site",512.255030516499,514.004619264038,-1.7495887475385,0.250411252461561,0.616785650732028
"Post-growing season",17,135,"Hydrologic_Group","Site",528.008079125312,514.004619264038,14.0034598612745,18.0034598612745,0.000123196498241011
"Post-growing season",17,135,"Tile","Site",519.344934494963,514.004619264038,5.34031523092551,7.34031523092546,0.00674250146149572
"Post-growing season",18,135,"Tillage_Passes","Agricultural",529.86988627844,531.446926438218,-1.57704015977765,0.422959840222234,0.515463824338802
"Post-growing season",18,135,"PerennialFrac","Agricultural",534.853348583728,531.446926438218,3.40642214550996,5.40642214550991,0.0200627957674879
"Post-growing season",18,135,"Residue_Frac","Agricultural",536.6625719805,531.446926438218,5.21564554228246,7.2156455422824,0.00722708176081828
"Post-growing season",18,135,"MeanSlope_per","Site",529.653430029419,531.446926438218,-1.793496408799,0.206503591200885,0.649521765905445
"Post-growing season",18,135,"Hydrologic_Group","Site",546.538980563619,531.446926438218,15.0920541254013,19.0920541254013,7.14847038941964e-05
"Post-growing season",18,135,"Tile","Site",535.07621886147,531.446926438218,3.62929242325254,5.62929242325248,0.0176627596797476
"Post-growing season",19,135,"Tillage_Passes","Agricultural",527.899796515617,529.60504971916,-1.7052532035425,0.294746796457389,0.587194606054627
"Post-growing season",19,135,"PerennialFrac","Agricultural",537.712545528175,529.60504971916,8.10749580901495,10.1074958090149,0.00147667476546876
"Post-growing season",19,135,"Residue_Frac","Agricultural",536.467664914732,529.60504971916,6.86261519557252,8.86261519557246,0.0029107026550681
"Post-growing season",19,135,"MeanSlope_per","Site",530.353545736583,529.60504971916,0.748496017422895,2.74849601742289,0.0973459565108269
"Post-growing season",19,135,"Hydrologic_Group","Site",542.160445910746,529.60504971916,12.5553961915863,16.5553961915862,0.000254121490614563
"Post-growing season",19,135,"Tile","Site",540.876564115177,529.60504971916,11.2715143960165,13.2715143960165,0.000269469438008342
"Post-growing season",20,135,"Tillage_Passes","Agricultural",537.359254332413,539.200514707393,-1.84126037497992,0.158739625020075,0.690319573886161
"Post-growing season",20,135,"PerennialFrac","Agricultural",537.450352416942,539.200514707393,-1.75016229045184,0.24983770954816,0.61718937432295
"Post-growing season",20,135,"Residue_Frac","Agricultural",537.309782232157,539.200514707393,-1.8907324752364,0.109267524763595,0.740979594217664
"Post-growing season",20,135,"MeanSlope_per","Site",538.632603982075,539.200514707393,-0.56791072531837,1.43208927468163,0.231423770202761
"Post-growing season",20,135,"Hydrologic_Group","Site",546.059175525722,539.200514707393,6.85866081832864,10.8586608183286,0.00438603166625412
"Post-growing season",20,135,"Tile","Site",540.26938571429,539.200514707393,1.06887100689698,3.06887100689698,0.0798048772383549
"Post-growing season",21,135,"Tillage_Passes","Agricultural",534.75342784196,536.752863288019,-1.99943544605901,0.000564553940989754,0.981043772116227
"Post-growing season",21,135,"PerennialFrac","Agricultural",534.811732572559,536.752863288019,-1.94113071545951,0.0588692845404921,0.808292090551644
"Post-growing season",21,135,"Residue_Frac","Agricultural",534.965831145853,536.752863288019,-1.78703214216591,0.212967857834087,0.644451106111829
"Post-growing season",21,135,"MeanSlope_per","Site",538.398003523769,536.752863288019,1.64514023575009,3.64514023575009,0.0562330680162981
"Post-growing season",21,135,"Hydrologic_Group","Site",550.679883149659,536.752863288019,13.9270198616397,17.9270198616397,0.00012799620654899
"Post-growing season",22,135,"Tillage_Passes","Agricultural",545.394772794962,543.875275363698,1.51949743126397,3.51949743126397,0.0606508359570773
"Post-growing season",22,135,"PerennialFrac","Agricultural",546.11715443945,543.875275363698,2.24187907575265,4.24187907575265,0.0394384938257343
"Post-growing season",22,135,"Residue_Frac","Agricultural",544.27603367259,543.875275363698,0.400758308892478,2.40075830889248,0.121276449916993
"Post-growing season",22,135,"MeanSlope_per","Site",542.115454079102,543.875275363698,-1.75982128459611,0.240178715403886,0.62407706688914
"Post-growing season",22,135,"Hydrologic_Group","Site",549.319477995225,543.875275363698,5.44420263152711,9.44420263152711,0.00889646461205159
"Post-growing season",22,135,"Tile","Site",542.756811943118,543.875275363698,-1.11846342057959,0.881536579420413,0.347781167876363
"Post-growing season",23,135,"Tillage_Passes","Agricultural",522.263370594292,524.263287880188,-1.999917285896,8.27141039394519e-05,0.99274355581486
"Post-growing season",23,135,"PerennialFrac","Agricultural",522.962645895622,524.263287880188,-1.30064198456637,0.699358015433575,0.402999494466874
"Post-growing season",23,135,"Residue_Frac","Agricultural",532.271036061325,524.263287880188,8.00774818113644,10.0077481811364,0.00155883003336986
"Post-growing season",23,135,"MeanSlope_per","Site",524.72631895927,524.263287880188,0.463031079081588,2.46303107908165,0.11655367208081
"Post-growing season",23,135,"Hydrologic_Group","Site",536.135829673904,524.263287880188,11.8725417937153,15.8725417937153,0.00035753728882725
"Post-growing season",23,135,"Tile","Site",531.588257146413,524.263287880188,7.32496926622468,9.32496926622468,0.00226052111972245
"Post-growing season",24,135,"Tillage_Passes","Agricultural",548.194446219938,545.099487421539,3.09495879839801,5.09495879839801,0.0239954841565657
"Post-growing season",24,135,"PerennialFrac","Agricultural",549.356505964673,545.099487421539,4.25701854313343,6.25701854313343,0.012370221416809
"Post-growing season",24,135,"Residue_Frac","Agricultural",551.066658537427,545.099487421539,5.96717111588771,7.96717111588771,0.00476333225709141
"Post-growing season",24,135,"MeanSlope_per","Site",547.856286064503,545.099487421539,2.75679864296364,4.75679864296364,0.0291827781956687
"Post-growing season",24,135,"Hydrologic_Group","Site",558.961707350386,545.099487421539,13.8622199288468,17.8622199288468,0.00013221119333534
"Post-growing season",24,135,"Tile","Site",552.423494588886,545.099487421539,7.32400716734685,9.32400716734685,0.00226170833748958
"Post-growing season",25,135,"Tillage_Passes","Agricultural",540.626348293238,542.462899846607,-1.83655155336885,0.163448446631151,0.686001258179859
"Post-growing season",25,135,"PerennialFrac","Agricultural",540.506055882843,542.462899846607,-1.95684396376441,0.0431560362355867,0.835431741700486
"Post-growing season",25,135,"Residue_Frac","Agricultural",541.405856424105,542.462899846607,-1.05704342250192,0.94295657749808,0.331518643713286
"Post-growing season",25,135,"MeanSlope_per","Site",541.905807846286,542.462899846607,-0.557092000320949,1.44290799967905,0.229669342006251
"Post-growing season",25,135,"Hydrologic_Group","Site",549.462331538454,542.462899846607,6.99943169184701,10.999431691847,0.00408793287623384
"Post-growing season",25,135,"Tile","Site",543.034750585183,542.462899846607,0.571850738576018,2.57185073857602,0.108780398840471
"Post-growing season",26,135,"Tillage_Passes","Agricultural",533.250070424424,534.472653867921,-1.22258344349734,0.777416556502601,0.377932414961794
"Post-growing season",26,135,"PerennialFrac","Agricultural",539.044488738301,534.472653867921,4.57183487038026,6.57183487038026,0.0103605083279284
"Post-growing season",26,135,"Residue_Frac","Agricultural",538.915518707174,534.472653867921,4.44286483925328,6.44286483925328,0.0111398850441301
"Post-growing season",26,135,"MeanSlope_per","Site",533.817871989933,534.472653867921,-0.654781877987944,1.34521812201211,0.246115834009082
"Post-growing season",26,135,"Hydrologic_Group","Site",543.173018806872,534.472653867921,8.70036493895066,12.7003649389507,0.00174642843730493
"Post-growing season",26,135,"Tile","Site",536.244526548622,534.472653867921,1.77187268070065,3.77187268070065,0.0521212478980083
"Post-growing season",27,135,"Tillage_Passes","Agricultural",540.629079185583,542.575740853572,-1.94666166798868,0.0533383320113217,0.817352923748077
"Post-growing season",27,135,"PerennialFrac","Agricultural",550.086166924834,542.575740853572,7.51042607126226,9.51042607126226,0.00204307718901183
"Post-growing season",27,135,"Residue_Frac","Agricultural",548.038248941305,542.575740853572,5.46250808773266,7.46250808773266,0.00629971740063724
"Post-growing season",27,135,"MeanSlope_per","Site",540.782980771557,542.575740853572,-1.79276008201498,0.207239917985021,0.648939382981446
"Post-growing season",27,135,"Hydrologic_Group","Site",554.899680258958,542.575740853572,12.3239394053857,16.3239394053857,0.000285299885038956
"Post-growing season",27,135,"Tile","Site",544.172152746266,542.575740853572,1.59641189269348,3.59641189269348,0.0579044221423658
"Post-growing season",28,135,"Tillage_Passes","Agricultural",547.544352633365,549.361770814052,-1.81741818068758,0.182581819312418,0.669163790472076
"Post-growing season",28,135,"PerennialFrac","Agricultural",553.59843765609,549.361770814052,4.23666684203772,6.23666684203772,0.0125131761235289
"Post-growing season",28,135,"Residue_Frac","Agricultural",549.015630401904,549.361770814052,-0.346140412147861,1.65385958785214,0.198434433583752
"Post-growing season",28,135,"MeanSlope_per","Site",547.365920536164,549.361770814052,-1.99585027788851,0.00414972211149234,0.948637129723712
"Post-growing season",28,135,"Hydrologic_Group","Site",562.11005794735,549.361770814052,12.7482871332983,16.7482871332983,0.000230757411331867
"Post-growing season",28,135,"Tile","Site",555.251025736957,549.361770814052,5.88925492290525,7.88925492290525,0.00497293465906678
"Post-growing season",29,135,"Tillage_Passes","Agricultural",534.958854787677,536.881536246887,-1.92268145920957,0.0773185407904293,0.780964675786309
"Post-growing season",29,135,"PerennialFrac","Agricultural",534.877192091925,536.881536246887,-2.00434415496136,0,1
"Post-growing season",29,135,"Residue_Frac","Agricultural",537.116105443947,536.881536246887,0.234569197060864,2.23456919706081,0.134954233441203
"Post-growing season",29,135,"MeanSlope_per","Site",537.748779981639,536.881536246887,0.867243734752378,2.86724373475232,0.0903995665825472
"Post-growing season",29,135,"Hydrologic_Group","Site",551.713311792442,536.881536246887,14.8317755455557,18.8317755455557,8.1420149984865e-05
"Post-growing season",29,135,"Tile","Site",537.135039586864,536.881536246887,0.253503339977897,2.25350333997784,0.133312288726712
"Post-growing season",30,135,"Tillage_Passes","Agricultural",548.707581432124,550.624316484461,-1.91673505233712,0.0832649476628831,0.772920663337955
"Post-growing season",30,135,"PerennialFrac","Agricultural",551.153379264217,550.624316484461,0.529062779756146,2.52906277975615,0.111766583095914
"Post-growing season",30,135,"Residue_Frac","Agricultural",553.444791014386,550.624316484461,2.82047452992481,4.82047452992481,0.028123601760807
"Post-growing season",30,135,"MeanSlope_per","Site",548.65312888505,550.624316484461,-1.97118759941065,0.0288124005893451,0.865212916950054
"Post-growing season",30,135,"Hydrologic_Group","Site",563.103574375562,550.624316484461,12.4792578911009,16.4792578911009,0.000263982183047865
"Post-growing season",30,135,"Tile","Site",551.023977680564,550.624316484461,0.399661196102898,2.3996611961029,0.121361531944974
"Post-growing season",31,135,"Tillage_Passes","Agricultural",516.75340616602,518.127841881613,-1.37443571559322,0.625564284406778,0.428987047171309
"Post-growing season",31,135,"PerennialFrac","Agricultural",521.564621449742,518.127841881613,3.43677956812928,5.43677956812923,0.0197169904582422
"Post-growing season",31,135,"Residue_Frac","Agricultural",525.562321760694,518.127841881613,7.43447987908041,9.43447987908041,0.00212943473379559
"Post-growing season",31,135,"MeanSlope_per","Site",516.198671886048,518.127841881613,-1.92916999556473,0.0708300044352654,0.790132106386606
"Post-growing season",31,135,"Hydrologic_Group","Site",534.10488003269,518.127841881613,15.9770381510767,19.9770381510767,4.5924166529651e-05
"Post-growing season",31,135,"Tile","Site",529.787348216272,518.127841881613,11.6595063346588,13.6595063346588,0.000219129102919187
"Post-growing season",32,135,"Tillage_Passes","Agricultural",531.227792707843,532.379365146909,-1.15157243906594,0.848427560934056,0.356997554039437
"Post-growing season",32,135,"PerennialFrac","Agricultural",532.309023750772,532.379365146909,-0.070341396136655,1.92965860386334,0.164795800184157
"Post-growing season",32,135,"Residue_Frac","Agricultural",534.739628767673,532.379365146909,2.36026362076484,4.36026362076478,0.0367866121651327
"Post-growing season",32,135,"MeanSlope_per","Site",533.338051314679,532.379365146909,0.958686167770907,2.95868616777091,0.0854173215624981
"Post-growing season",32,135,"Hydrologic_Group","Site",545.819099317724,532.379365146909,13.4397341708153,17.4397341708153,0.000163308895614628
"Post-growing season",32,135,"Tile","Site",533.06180284669,532.379365146909,0.682437699781758,2.68243769978176,0.101460309015594
"Post-growing season",33,135,"Tillage_Passes","Agricultural",540.55800303586,542.387630859169,-1.82962782330833,0.170372176691671,0.679781254116782
"Post-growing season",33,135,"PerennialFrac","Agricultural",549.861675253626,542.387630859169,7.47404439445677,9.47404439445677,0.00208399414235774
"Post-growing season",33,135,"Residue_Frac","Agricultural",545.713295167094,542.387630859169,3.32566430792554,5.32566430792554,0.0210135970450345
"Post-growing season",33,135,"MeanSlope_per","Site",542.991009706409,542.387630859169,0.603378847240037,2.60337884724004,0.106636152160455
"Post-growing season",33,135,"Hydrologic_Group","Site",559.846024584358,542.387630859169,17.4583937251897,21.4583937251897,2.18962129096606e-05
"Post-growing season",33,135,"Tile","Site",550.084066763714,542.387630859169,7.69643590454564,9.69643590454564,0.00184625755641802
"Post-growing season",34,135,"Tillage_Passes","Agricultural",548.634078777403,550.633761132075,-1.9996823546719,0.00031764532809575,0.985780369670257
"Post-growing season",34,135,"PerennialFrac","Agricultural",554.47373885902,550.633761132075,3.83997772694443,5.83997772694443,0.0156660249640422
"Post-growing season",34,135,"Residue_Frac","Agricultural",552.97104390916,550.633761132075,2.33728277708428,4.33728277708428,0.0372863847399729
"Post-growing season",34,135,"MeanSlope_per","Site",552.371384841761,550.633761132075,1.73762370968564,3.73762370968564,0.0532000536077937
"Post-growing season",34,135,"Hydrologic_Group","Site",565.714601450339,550.633761132075,15.0808403182633,19.0808403182633,7.18866374840503e-05
"Post-growing season",34,135,"Tile","Site",555.63730295365,550.633761132075,5.00354182157423,7.00354182157423,0.00813486077379176
"Post-growing season",35,135,"Tillage_Passes","Agricultural",537.772702616736,539.275262663581,-1.50256004684536,0.49743995315464,0.480627149484572
"Post-growing season",35,135,"PerennialFrac","Agricultural",545.361418637643,539.275262663581,6.08615597406185,8.08615597406185,0.00446046705635062
"Post-growing season",35,135,"Residue_Frac","Agricultural",538.05656265579,539.275262663581,-1.21870000779109,0.781299992208915,0.376743850635308
"Post-growing season",35,135,"MeanSlope_per","Site",537.552604774412,539.275262663581,-1.72265788916934,0.277342110830659,0.598448606734106
"Post-growing season",35,135,"Hydrologic_Group","Site",550.676245929139,539.275262663581,11.4009832655584,15.4009832655584,0.000452604612916218
"Post-growing season",35,135,"Tile","Site",542.863342774787,539.275262663581,3.58808011120652,5.58808011120652,0.0180831056414979
"Post-growing season",36,135,"Tillage_Passes","Agricultural",548.330982803018,549.34276676095,-1.01178395793204,0.988216042067961,0.320178780602678
"Post-growing season",36,135,"PerennialFrac","Agricultural",556.046970957965,549.34276676095,6.70420419701509,8.70420419701509,0.00317476983314801
"Post-growing season",36,135,"Residue_Frac","Agricultural",553.200945620417,549.34276676095,3.85817885946688,5.85817885946688,0.0155048284338175
"Post-growing season",36,135,"MeanSlope_per","Site",551.342098529989,549.34276676095,1.99933176903949,3.99933176903949,0.0455183068816195
"Post-growing season",36,135,"Hydrologic_Group","Site",569.984608052508,549.34276676095,20.6418412915585,24.6418412915585,4.45750820818111e-06
"Post-growing season",36,135,"Tile","Site",556.706405069796,549.34276676095,7.36363830884613,9.36363830884613,0.00221332365507699
"Post-growing season",37,135,"Tillage_Passes","Agricultural",504.841715723781,506.536507521509,-1.6947917977281,0.305208202271899,0.580635618715155
"Post-growing season",37,135,"PerennialFrac","Agricultural",506.468535663435,506.536507521509,-0.0679718580738609,1.93202814192614,0.164536726683625
"Post-growing season",37,135,"Residue_Frac","Agricultural",520.055346664163,506.536507521509,13.5188391426541,15.5188391426541,8.16870762798368e-05
"Post-growing season",37,135,"MeanSlope_per","Site",504.616169021498,506.536507521509,-1.9203385000107,0.0796614999892995,0.777756660486351
"Post-growing season",37,135,"Hydrologic_Group","Site",514.658583362355,506.536507521509,8.12207584084649,12.1220758408464,0.00233197922213738
"Post-growing season",37,135,"Tile","Site",511.556147077508,506.536507521509,5.01963955599928,7.01963955599928,0.00806204582443974
"Post-growing season",38,135,"Tillage_Passes","Agricultural",522.975674372074,524.766864261784,-1.79118988971015,0.208810110289846,0.647701630048431
"Post-growing season",38,135,"PerennialFrac","Agricultural",525.373677537344,524.766864261784,0.60681327555983,2.60681327555977,0.106405390663777
"Post-growing season",38,135,"Residue_Frac","Agricultural",527.078708548861,524.766864261784,2.31184428707707,4.31184428707707,0.0378479082773254
"Post-growing season",38,135,"MeanSlope_per","Site",523.528003896126,524.766864261784,-1.23886036565841,0.761139634341589,0.382972112169001
"Post-growing season",38,135,"Hydrologic_Group","Site",535.306753497678,524.766864261784,10.5398892358935,14.5398892358935,0.000696150546938977
"Post-growing season",38,135,"Tile","Site",527.391408801695,524.766864261784,2.6245445399112,4.62454453991114,0.0315176280900226
"Post-growing season",39,135,"Tillage_Passes","Agricultural",512.713203887472,512.119730332116,0.593473555356127,2.59347355535613,0.107304776300503
"Post-growing season",39,135,"PerennialFrac","Agricultural",511.741143510693,512.119730332116,-0.378586821422459,1.62141317857754,0.202894852544933
"Post-growing season",39,135,"Residue_Frac","Agricultural",510.258377747578,512.119730332116,-1.86135258453811,0.13864741546189,0.709629383963372
"Post-growing season",39,135,"MeanSlope_per","Site",510.235420310392,512.119730332116,-1.88431002172433,0.115689978275668,0.733756902008915
"Post-growing season",39,135,"Hydrologic_Group","Site",527.059369422236,512.119730332116,14.9396390901202,18.9396390901202,7.71453274819294e-05
"Post-growing season",39,135,"Tile","Site",513.273664527649,512.119730332116,1.15393419553277,3.15393419553271,0.0757441385030121
"Post-growing season",40,135,"Tillage_Passes","Agricultural",519.153870240976,521.023455404533,-1.86958516355685,0.130414836443208,0.718002309504598
"Post-growing season",40,135,"PerennialFrac","Agricultural",527.604322758634,521.023455404533,6.58086735410052,8.58086735410052,0.00339713512750347
"Post-growing season",40,135,"Residue_Frac","Agricultural",521.101905260615,521.023455404533,0.0784498560819884,2.07844985608205,0.149391823174894
"Post-growing season",40,135,"MeanSlope_per","Site",519.847995008651,521.023455404533,-1.17546039588262,0.824539604117433,0.363856226784015
"Post-growing season",40,135,"Hydrologic_Group","Site",534.332908767183,521.023455404533,13.3094533626495,17.3094533626495,0.000174301032576046
"Post-growing season",40,135,"Tile","Site",521.523011193754,521.023455404533,0.499555789220949,2.49955578922106,0.113878414533689
"Post-growing season",41,135,"Tillage_Passes","Agricultural",546.172927814405,547.137411898881,-0.964484084476226,1.03551591552377,0.308866649422877
"Post-growing season",41,135,"PerennialFrac","Agricultural",545.1468193286,547.137411898881,-1.9905925702808,0.00940742971920372,0.922732822671528
"Post-growing season",41,135,"Residue_Frac","Agricultural",554.996634268109,547.137411898881,7.85922236922761,9.85922236922761,0.00168982517001886
"Post-growing season",41,135,"MeanSlope_per","Site",548.756130885014,547.137411898881,1.61871898613288,3.61871898613288,0.057132849039427
"Post-growing season",41,135,"Hydrologic_Group","Site",569.804577333443,547.137411898881,22.6671654345619,26.6671654345619,1.61919294123011e-06
"Post-growing season",41,135,"Tile","Site",558.536753789311,547.137411898881,11.3993418904299,13.3993418904299,0.000251712597981025
"Post-growing season",42,135,"Tillage_Passes","Agricultural",539.507615722201,540.718020432307,-1.21040471010588,0.789595289894123,0.374222528995247
"Post-growing season",42,135,"PerennialFrac","Agricultural",539.780808042526,540.718020432307,-0.93721238978037,1.06278761021963,0.302580255756426
"Post-growing season",42,135,"Residue_Frac","Agricultural",539.041445216398,540.718020432307,-1.67657521590888,0.323424784091117,0.569556707901598
"Post-growing season",42,135,"MeanSlope_per","Site",542.624066057101,540.718020432307,1.90604562479461,3.90604562479461,0.0481126792201872
"Post-growing season",42,135,"Hydrologic_Group","Site",550.203352229237,540.718020432307,9.4853317969305,13.4853317969305,0.00117949853818911
"Post-growing season",42,135,"Tile","Site",543.682737690151,540.718020432307,2.96471725784454,4.96471725784454,0.0258695441452177
"Post-growing season",43,135,"Tillage_Passes","Agricultural",541.491209407552,543.48661057485,-1.9954011672985,0.00459883270150385,0.945933146692251
"Post-growing season",43,135,"PerennialFrac","Agricultural",552.229287196287,543.48661057485,8.74267662143723,10.7426766214372,0.00104692798488263
"Post-growing season",43,135,"Residue_Frac","Agricultural",548.12893188364,543.48661057485,4.64232130879032,6.64232130879032,0.00995840935935491
"Post-growing season",43,135,"MeanSlope_per","Site",549.930005621841,543.48661057485,6.44339504699133,8.44339504699133,0.00366371628336123
"Post-growing season",43,135,"Hydrologic_Group","Site",566.576952271105,543.48661057485,23.0903416962548,27.0903416962548,1.31040953413846e-06
"Post-growing season",43,135,"Tile","Site",549.93295996647,543.48661057485,6.44634939161949,8.44634939161949,0.00365776933691796
"Post-growing season",44,135,"Tillage_Passes","Agricultural",529.427947212321,531.180554744043,-1.75260753172108,0.247392468278861,0.618917134731838
"Post-growing season",44,135,"PerennialFrac","Agricultural",533.174244549338,531.180554744043,1.99368980529596,3.9936898052959,0.0456709470422074
"Post-growing season",44,135,"Residue_Frac","Agricultural",533.337033022476,531.180554744043,2.15647827843384,4.15647827843378,0.0414755550022828
"Post-growing season",44,135,"MeanSlope_per","Site",531.077709244865,531.180554744043,-0.102845499177647,1.89715450082235,0.168397167028201
"Post-growing season",44,135,"Hydrologic_Group","Site",537.726961495247,531.180554744043,6.54640675120413,10.5464067512041,0.00512716001913314
"Post-growing season",44,135,"Tile","Site",532.577215933794,531.180554744043,1.39666118975117,3.39666118975117,0.0653285276420906
"Post-growing season",45,135,"Tillage_Passes","Agricultural",556.678371020883,558.257847672268,-1.57947665138533,0.420523348614665,0.51667601895663
"Post-growing season",45,135,"PerennialFrac","Agricultural",558.494016901805,558.257847672268,0.236169229537495,2.2361692295375,0.134814609464653
"Post-growing season",45,135,"Residue_Frac","Agricultural",564.07424398915,558.257847672268,5.81639631688199,7.81639631688199,0.00517743301857159
"Post-growing season",45,135,"MeanSlope_per","Site",557.03544290531,558.257847672268,-1.22240476695765,0.777595233042348,0.377877613455564
"Post-growing season",45,135,"Hydrologic_Group","Site",568.676852222162,558.257847672268,10.419004549894,14.419004549894,0.000739525144068176
"Post-growing season",45,135,"Tile","Site",559.651355189866,558.257847672268,1.39350751759775,3.39350751759775,0.0654535731824483
"Post-growing season",46,135,"Tillage_Passes","Agricultural",522.56542545838,524.106883164164,-1.54145770578396,0.458542294215988,0.498306022977855
"Post-growing season",46,135,"PerennialFrac","Agricultural",523.762050972226,524.106883164164,-0.34483219193794,1.65516780806206,0.198257021712256
"Post-growing season",46,135,"Residue_Frac","Agricultural",522.155526160976,524.106883164164,-1.95135700318735,0.0486429968127027,0.825441610776672
"Post-growing season",46,135,"MeanSlope_per","Site",524.423891878454,524.106883164164,0.317008714290409,2.31700871429041,0.127965897113015
"Post-growing season",46,135,"Hydrologic_Group","Site",541.489146331031,524.106883164164,17.3822631668672,21.3822631668672,2.274576500702e-05
"Post-growing season",46,135,"Tile","Site",525.208689108862,524.106883164164,1.10180594469841,3.10180594469836,0.0782054945055323
"Post-growing season",47,135,"Tillage_Passes","Agricultural",541.25198389506,542.276723606878,-1.02473971181803,0.975260288181971,0.323371772775299
"Post-growing season",47,135,"PerennialFrac","Agricultural",553.021191688485,542.276723606878,10.744468081607,12.744468081607,0.000357063674694842
"Post-growing season",47,135,"Residue_Frac","Agricultural",541.699296547033,542.276723606878,-0.577427059845036,1.42257294015496,0.23298037360671
"Post-growing season",47,135,"MeanSlope_per","Site",540.678162094022,542.276723606878,-1.59856151285544,0.40143848714456,0.526347295820455
"Post-growing season",47,135,"Hydrologic_Group","Site",555.890453874943,542.276723606878,13.6137302680654,17.6137302680654,0.000149701816247164
"Post-growing season",47,135,"Tile","Site",542.584931518657,542.276723606878,0.30820791177905,2.30820791177905,0.12869234695828
"Post-growing season",48,135,"Tillage_Passes","Agricultural",534.754810785453,535.274046484712,-0.51923569925907,1.48076430074099,0.223654978645507
"Post-growing season",48,135,"PerennialFrac","Agricultural",533.801562935815,535.274046484712,-1.47248354889734,0.527516451102713,0.467652870493215
"Post-growing season",48,135,"Residue_Frac","Agricultural",535.306939815297,535.274046484712,0.0328933305847841,2.03289333058478,0.153927327308592
"Post-growing season",48,135,"MeanSlope_per","Site",533.407859537939,535.274046484712,-1.8661869467735,0.133813053226561,0.714510838334201
"Post-growing season",48,135,"Hydrologic_Group","Site",541.124998615615,535.274046484712,5.85095213090324,9.85095213090324,0.00725926956962394
"Post-growing season",48,135,"Tile","Site",534.640456180479,535.274046484712,-0.633590304232939,1.366409695767,0.242429706721179
"Post-growing season",49,135,"Tillage_Passes","Agricultural",528.714884250828,530.714873994733,-1.9999897439053,1.02560947539132e-05,0.997444768036715
"Post-growing season",49,135,"PerennialFrac","Agricultural",528.835922515293,530.714873994733,-1.87895147944062,0.121048520559384,0.727900055149924
"Post-growing season",49,135,"Residue_Frac","Agricultural",529.153156110935,530.714873994733,-1.56171788379822,0.438282116201719,0.507952772188719
"Post-growing season",49,135,"MeanSlope_per","Site",536.563720563403,530.714873994733,5.84884656866961,7.84884656866961,0.00508531413933512
"Post-growing season",49,135,"Hydrologic_Group","Site",541.992448866114,530.714873994733,11.2775748713806,15.2775748713806,0.000481411841105328
"Post-growing season",49,135,"Tile","Site",531.654989056694,530.714873994733,0.940115061960228,2.94011506196023,0.0864045778251472
"Post-growing season",50,135,"Tillage_Passes","Agricultural",529.30155299872,531.279777259561,-1.97822426084122,0.021775739158727,0.882685249758239
"Post-growing season",50,135,"PerennialFrac","Agricultural",534.538023362776,531.279777259561,3.25824610321513,5.25824610321507,0.0218430203484584
"Post-growing season",50,135,"Residue_Frac","Agricultural",535.43779479104,531.279777259561,4.15801753147844,6.15801753147844,0.0130817745980739
"Post-growing season",50,135,"MeanSlope_per","Site",529.365977918577,531.279777259561,-1.91379934098472,0.086200659015276,0.769063967504625
"Post-growing season",50,135,"Hydrologic_Group","Site",546.886354762095,531.279777259561,15.6065775025336,19.6065775025335,5.52695324648863e-05
"Post-growing season",50,135,"Tile","Site",540.478503219233,531.279777259561,9.19872595967195,11.1987259596719,0.000818535125276426
"Post-growing season",51,135,"Tillage_Passes","Agricultural",547.79572641167,549.497779191797,-1.70205278012725,0.297947219872754,0.58517220055202
"Post-growing season",51,135,"PerennialFrac","Agricultural",549.460877954168,549.497779191797,-0.0369012376291948,1.96309876237081,0.161182298797093
"Post-growing season",51,135,"Residue_Frac","Agricultural",548.313366903757,549.497779191797,-1.18441228804033,0.815587711959665,0.366473381683226
"Post-growing season",51,135,"MeanSlope_per","Site",548.354019348767,549.497779191797,-1.14375984303058,0.85624015696942,0.354793000336856
"Post-growing season",51,135,"Hydrologic_Group","Site",561.298841584019,549.497779191797,11.8010623922215,15.8010623922215,0.00037054665522927
"Post-growing season",51,135,"Tile","Site",550.323433193841,549.497779191797,0.82565400204362,2.82565400204362,0.0927690965405222
"Post-growing season",52,135,"Tillage_Passes","Agricultural",528.23898515999,530.103311420243,-1.86432626025316,0.135673739746835,0.712620353440431
"Post-growing season",52,135,"PerennialFrac","Agricultural",539.359870128073,530.103311420243,9.25655870782998,11.25655870783,0.000793421683180514
"Post-growing season",52,135,"Residue_Frac","Agricultural",537.733305900651,530.103311420243,7.62999448040841,9.62999448040841,0.00191425183974032
"Post-growing season",52,135,"MeanSlope_per","Site",528.161375626087,530.103311420243,-1.94193579415594,0.0580642058440617,0.809582123272178
"Post-growing season",52,135,"Hydrologic_Group","Site",546.386805441302,530.103311420243,16.2834940210589,20.2834940210589,3.939991060666e-05
"Post-growing season",52,135,"Tile","Site",540.214913895383,530.103311420243,10.1116024751398,12.1116024751398,0.000501090542148914
"Post-growing season",53,135,"Tillage_Passes","Agricultural",558.590746841765,559.04871655506,-0.45796971329446,1.54203028670554,0.214315853888459
"Post-growing season",53,135,"PerennialFrac","Agricultural",561.587415342309,559.04871655506,2.5386987872497,4.5386987872497,0.0331367718847932
"Post-growing season",53,135,"Residue_Frac","Agricultural",558.083010805429,559.04871655506,-0.965705749630047,1.03429425036995,0.309152201450018
"Post-growing season",53,135,"MeanSlope_per","Site",557.895832786303,559.04871655506,-1.15288376875617,0.847116231243831,0.357369424072861
"Post-growing season",53,135,"Hydrologic_Group","Site",571.97719337165,559.04871655506,12.9284768165902,16.9284768165902,0.000210876393635946
"Post-growing season",53,135,"Tile","Site",561.882941512398,559.04871655506,2.83422495733805,4.83422495733805,0.0279001789438578
"Post-growing season",54,135,"Tillage_Passes","Agricultural",522.850070353737,523.633399558848,-0.783329205110476,1.21667079488958,0.270015000727005
"Post-growing season",54,135,"PerennialFrac","Agricultural",528.713817407366,523.633399558848,5.08041784851787,7.08041784851787,0.00779308359404995
"Post-growing season",54,135,"Residue_Frac","Agricultural",522.792149778841,523.633399558848,-0.841249780006819,1.15875021999318,0.281724884657037
"Post-growing season",54,135,"MeanSlope_per","Site",540.804337146026,523.633399558848,17.1709375871782,19.1709375871782,1.19519267952476e-05
"Post-growing season",54,135,"Hydrologic_Group","Site",556.464327798042,523.633399558848,32.8309282391946,36.8309282391946,1.00523025463094e-08
"Post-growing season",54,135,"Tile","Site",525.625586039016,523.633399558848,1.99218648016813,3.99218648016819,0.045711709579356
"Post-growing season",55,135,"Tillage_Passes","Agricultural",527.577128440513,526.512424522843,1.06470391767061,3.06470391767056,0.0800097370385683
"Post-growing season",55,135,"PerennialFrac","Agricultural",524.622200758743,526.512424522843,-1.89022376410014,0.109776235899801,0.740399031950266
"Post-growing season",55,135,"Residue_Frac","Agricultural",524.548989754236,526.512424522843,-1.96343476860704,0.036565231392899,0.848352942069258
"Post-growing season",55,135,"MeanSlope_per","Site",527.311176276958,526.512424522843,0.798751754115415,2.79875175411536,0.0943377248949502
"Post-growing season",55,135,"Hydrologic_Group","Site",536.106389123406,526.512424522843,9.5939646005628,13.5939646005627,0.00111714126320329
"Post-growing season",55,135,"Tile","Site",527.208170746753,526.512424522843,0.695746223909964,2.69574622390991,0.100616372138807
"Post-growing season",56,135,"Tillage_Passes","Agricultural",513.654984515396,515.654742357705,-1.99975784230855,0.000242157691445755,0.987584286921803
"Post-growing season",56,135,"PerennialFrac","Agricultural",517.743769682543,515.654742357705,2.08902732483841,4.08902732483836,0.0431624743347828
"Post-growing season",56,135,"Residue_Frac","Agricultural",518.77410990713,515.654742357705,3.11936754942508,5.11936754942502,0.0236602382953727
"Post-growing season",56,135,"MeanSlope_per","Site",513.788011423821,515.654742357705,-1.86673093388436,0.133269066115531,0.715066350328674
"Post-growing season",56,135,"Hydrologic_Group","Site",523.526856040465,515.654742357705,7.87211368276019,11.8721136827601,0.00264242865039748
"Post-growing season",56,135,"Tile","Site",514.567632985215,515.654742357705,-1.08710937248952,0.912890627510365,0.339348611754064
"Post-growing season",57,135,"Tillage_Passes","Agricultural",521.816701287846,523.524605257343,-1.70790396949747,0.292096030502535,0.588880465071817
"Post-growing season",57,135,"PerennialFrac","Agricultural",525.429552371925,523.524605257343,1.90494711458223,3.90494711458228,0.0481441428115804
"Post-growing season",57,135,"Residue_Frac","Agricultural",522.160026980218,523.524605257343,-1.36457827712525,0.635421722874753,0.42537353651243
"Post-growing season",57,135,"MeanSlope_per","Site",525.569745693575,523.524605257343,2.04514043623158,4.04514043623169,0.0442986927619375
"Post-growing season",57,135,"Hydrologic_Group","Site",535.949449720543,523.524605257343,12.4248444631997,16.4248444631998,0.000271262863389505
"Post-growing season",57,135,"Tile","Site",525.675581103245,523.524605257343,2.15097584590137,4.15097584590143,0.0416105369434835
"Post-growing season",58,135,"Tillage_Passes","Agricultural",526.757590866163,528.401549436227,-1.64395857006366,0.35604142993634,0.550712986031038
"Post-growing season",58,135,"PerennialFrac","Agricultural",527.348459855548,528.401549436227,-1.05308958067872,0.946910419321227,0.330506972272478
"Post-growing season",58,135,"Residue_Frac","Agricultural",530.840209422114,528.401549436227,2.4386599858874,4.43865998588734,0.0351338134083705
"Post-growing season",58,135,"MeanSlope_per","Site",526.464209355277,528.401549436227,-1.93734008094998,0.0626599190499633,0.802340174139543
"Post-growing season",58,135,"Hydrologic_Group","Site",533.787726921393,528.401549436227,5.38617748516629,9.38617748516629,0.00915835462444461
"Post-growing season",58,135,"Tile","Site",527.843037027896,528.401549436227,-0.558512408330671,1.44148759166933,0.229898767422041
"Post-growing season",59,135,"Tillage_Passes","Agricultural",538.072019619668,539.465098236812,-1.39307861714417,0.60692138285583,0.435949324163928
"Post-growing season",59,135,"PerennialFrac","Agricultural",540.949827102566,539.465098236812,1.48472886575394,3.48472886575394,0.061937506841931
"Post-growing season",59,135,"Residue_Frac","Agricultural",544.900015770078,539.465098236812,5.43491753326668,7.43491753326668,0.00639702953501862
"Post-growing season",59,135,"MeanSlope_per","Site",540.139662403987,539.465098236812,0.67456416717539,2.67456416717539,0.10196323643598
"Post-growing season",59,135,"Hydrologic_Group","Site",562.557775586704,539.465098236812,23.0926773498919,27.0926773498919,1.30888009597446e-06
"Post-growing season",59,135,"Tile","Site",551.448439353518,539.465098236812,11.9833411167059,13.9833411167059,0.000184437567082845
"Post-growing season",60,135,"Tillage_Passes","Agricultural",525.643604214585,525.831766322139,-0.188162107554263,1.81183789244574,0.178287914589436
"Post-growing season",60,135,"PerennialFrac","Agricultural",523.833571892721,525.831766322139,-1.99819442941794,0.00180557058195063,0.966106484208803
"Post-growing season",60,135,"Residue_Frac","Agricultural",527.786119770657,525.831766322139,1.9543534485183,3.95435344851819,0.0467502742077272
"Post-growing season",60,135,"MeanSlope_per","Site",526.018382109521,525.831766322139,0.186615787382379,2.18661578738238,0.139214898102471
"Post-growing season",60,135,"Hydrologic_Group","Site",543.083741241552,525.831766322139,17.2519749194128,21.2519749194127,2.42768470113182e-05
"Post-growing season",60,135,"Tile","Site",527.435879712771,525.831766322139,1.60411339063205,3.60411339063199,0.0576367941368933
"Post-growing season",61,135,"Tillage_Passes","Agricultural",551.348533439914,553.297773062929,-1.94923962301516,0.0507603769848401,0.821745404236882
"Post-growing season",61,135,"PerennialFrac","Agricultural",555.178926341534,553.297773062929,1.88115327860532,3.88115327860532,0.0488310037239018
"Post-growing season",61,135,"Residue_Frac","Agricultural",555.25986348702,553.297773062929,1.96209042409123,3.96209042409123,0.0465358791805454
"Post-growing season",61,135,"MeanSlope_per","Site",555.570594224753,553.297773062929,2.27282116182425,4.27282116182425,0.0387265836136905
"Post-growing season",61,135,"Hydrologic_Group","Site",572.320393422859,553.297773062929,19.0226203599299,23.0226203599299,1.00161659028082e-05
"Post-growing season",61,135,"Tile","Site",557.72924028844,553.297773062929,4.43146722551137,6.43146722551137,0.0112115925495824
"Post-growing season",62,135,"Tillage_Passes","Agricultural",542.722206159311,544.657709968028,-1.93550380871693,0.0644961912830695,0.799525685295582
"Post-growing season",62,135,"PerennialFrac","Agricultural",545.1868304371,544.657709968028,0.529120469072041,2.52912046907204,0.111762496723867
"Post-growing season",62,135,"Residue_Frac","Agricultural",547.328554568962,544.657709968028,2.67084460093349,4.67084460093349,0.030678836621915
"Post-growing season",62,135,"MeanSlope_per","Site",543.069038355184,544.657709968028,-1.58867161284388,0.411328387156118,0.521296037445175
"Post-growing season",62,135,"Hydrologic_Group","Site",554.624687938417,544.657709968028,9.96697797038814,13.9669779703881,0.000927063044822157
"Post-growing season",62,135,"Tile","Site",548.86216937836,544.657709968028,4.20445941033165,6.20445941033165,0.0127428860458009
"Post-growing season",63,135,"Tillage_Passes","Agricultural",521.986805365601,523.209813506763,-1.2230081411617,0.776991858838301,0.378062718024706
"Post-growing season",63,135,"PerennialFrac","Agricultural",532.516125352367,523.209813506763,9.3063118456048,11.3063118456048,0.000772440534251832
"Post-growing season",63,135,"Residue_Frac","Agricultural",521.929619895941,523.209813506763,-1.28019361082193,0.719806389178018,0.39620742434965
"Post-growing season",63,135,"MeanSlope_per","Site",526.474061866488,523.209813506763,3.2642483597258,5.2642483597258,0.0217678208083876
"Post-growing season",63,135,"Hydrologic_Group","Site",544.331552316656,523.209813506763,21.1217388098936,25.1217388098935,3.50657982295405e-06
"Post-growing season",63,135,"Tile","Site",527.721453879213,523.209813506763,4.51164037245007,6.51164037244996,0.0107170600828126
"Post-growing season",64,135,"Tillage_Passes","Agricultural",549.093900815594,550.493425350388,-1.39952453479316,0.600475465206841,0.43839667205267
"Post-growing season",64,135,"PerennialFrac","Agricultural",552.635317956706,550.493425350388,2.14189260631861,4.14189260631861,0.0418343715905995
"Post-growing season",64,135,"Residue_Frac","Agricultural",551.968647806499,550.493425350388,1.47522245611094,3.47522245611094,0.0622943456819658
"Post-growing season",64,135,"MeanSlope_per","Site",553.224087338275,550.493425350388,2.73066198788763,4.73066198788763,0.0296294792035078
"Post-growing season",64,135,"Hydrologic_Group","Site",563.844453829243,550.493425350388,13.3510284788549,17.3510284788549,0.000170715139838664
"Post-growing season",64,135,"Tile","Site",555.882575112358,550.493425350388,5.38914976197066,7.38914976197066,0.00656184996144704
"Post-growing season",65,135,"Tillage_Passes","Agricultural",527.599964732786,529.548518077056,-1.94855334427052,0.0514466557294782,0.820564836888911
"Post-growing season",65,135,"PerennialFrac","Agricultural",537.659893651836,529.548518077056,8.11137557478003,10.11137557478,0.0014735693756068
"Post-growing season",65,135,"Residue_Frac","Agricultural",530.715195141444,529.548518077056,1.16667706438784,3.16667706438778,0.0751552100879905
"Post-growing season",65,135,"MeanSlope_per","Site",527.764609587583,529.548518077056,-1.78390848947288,0.216091510527121,0.642034266037681
"Post-growing season",65,135,"Hydrologic_Group","Site",550.064232432441,529.548518077056,20.5157143553845,24.5157143553844,4.74766719359939e-06
"Post-growing season",65,135,"Tile","Site",536.950461233504,529.548518077056,7.4019431564484,9.40194315644834,0.00216755596980393
"Post-growing season",66,135,"Tillage_Passes","Agricultural",523.170561025689,524.725732213058,-1.55517118736975,0.444828812630249,0.504800954113673
"Post-growing season",66,135,"PerennialFrac","Agricultural",528.706193508528,524.725732213058,3.98046129546924,5.98046129546924,0.014465218301981
"Post-growing season",66,135,"Residue_Frac","Agricultural",528.190129925107,524.725732213058,3.46439771204848,5.46439771204842,0.0194077419371749
"Post-growing season",66,135,"MeanSlope_per","Site",522.727696621702,524.725732213058,-1.99803559135626,0.00196440864363012,0.964648014561249
"Post-growing season",66,135,"Hydrologic_Group","Site",546.615961557668,524.725732213058,21.8902293446101,25.8902293446101,2.38785598437059e-06
"Post-growing season",66,135,"Tile","Site",532.860744851837,524.725732213058,8.13501263877856,10.1350126387784,0.00145479246037134
"Post-growing season",67,135,"Tillage_Passes","Agricultural",536.994352251725,538.861023248438,-1.86667099671251,0.133329003287486,0.715005080411033
"Post-growing season",67,135,"PerennialFrac","Agricultural",539.263272335913,538.861023248438,0.402249087475298,2.4022490874753,0.12116094467289
"Post-growing season",67,135,"Residue_Frac","Agricultural",538.979392080733,538.861023248438,0.118368832295232,2.11836883229523,0.145541479046667
"Post-growing season",67,135,"MeanSlope_per","Site",537.146657394672,538.861023248438,-1.7143658537658,0.285634146234202,0.593031952666295
"Post-growing season",67,135,"Hydrologic_Group","Site",546.925292133853,538.861023248438,8.06426888541489,12.0642688854149,0.00240036506517221
"Post-growing season",67,135,"Tile","Site",542.384416307374,538.861023248438,3.52339305893634,5.52339305893634,0.0187638300403052
"Post-growing season",68,135,"Tillage_Passes","Agricultural",544.839602539166,545.603406483666,-0.763803944499614,1.23619605550039,0.266205428090375
"Post-growing season",68,135,"PerennialFrac","Agricultural",543.643889436732,545.603406483666,-1.95951704693357,0.0404829530664301,0.840539251505605
"Post-growing season",68,135,"Residue_Frac","Agricultural",543.688754349627,545.603406483666,-1.91465213403899,0.0853478659610118,0.77017685433003
"Post-growing season",68,135,"MeanSlope_per","Site",544.322155639073,545.603406483666,-1.28125084459293,0.718749155407068,0.396554515577684
"Post-growing season",68,135,"Hydrologic_Group","Site",556.105447502314,545.603406483666,10.5020410186482,14.5020410186482,0.000709450018932972
"Post-growing season",68,135,"Tile","Site",544.592740016179,545.603406483666,-1.010666467487,0.989333532513001,0.319905319532052
"Post-growing season",69,135,"Tillage_Passes","Agricultural",544.897241976922,546.881154584533,-1.98391260761139,0.0160873923886129,0.899070134888025
"Post-growing season",69,135,"PerennialFrac","Agricultural",545.436863199865,546.881154584533,-1.44429138466785,0.555708615332151,0.455994492861389
"Post-growing season",69,135,"Residue_Frac","Agricultural",544.933791968446,546.881154584533,-1.94736261608648,0.0526373839135204,0.81853597630776
"Post-growing season",69,135,"MeanSlope_per","Site",548.935911989729,546.881154584533,2.05475740519637,4.05475740519637,0.0440470473742071
"Post-growing season",69,135,"Hydrologic_Group","Site",559.798234126446,546.881154584533,12.9170795419126,16.9170795419126,0.000212081532289306
"Post-growing season",69,135,"Tile","Site",548.09309566546,546.881154584533,1.21194108092709,3.21194108092709,0.0731027108734711
"Post-growing season",70,135,"Tillage_Passes","Agricultural",534.977349109597,534.532590778198,0.444758331398702,2.44475833139876,0.117918044685904
"Post-growing season",70,135,"PerennialFrac","Agricultural",539.428538651558,534.532590778198,4.89594787335977,6.89594787335977,0.0086391343995476
"Post-growing season",70,135,"Residue_Frac","Agricultural",540.101499243894,534.532590778198,5.56890846569559,7.56890846569559,0.00593837366857502
"Post-growing season",70,135,"MeanSlope_per","Site",537.284846930071,534.532590778198,2.75225615187276,4.75225615187276,0.0292599072686342
"Post-growing season",70,135,"Hydrologic_Group","Site",555.514891846851,534.532590778198,20.9823010686531,24.9823010686531,3.75977841557653e-06
"Post-growing season",70,135,"Tile","Site",543.946183555876,534.532590778198,9.41359277767731,11.4135927776773,0.00072908700177388
"Post-growing season",71,135,"Tillage_Passes","Agricultural",547.597868461155,549.561058976363,-1.96319051520777,0.0368094847922293,0.847853452387686
"Post-growing season",71,135,"PerennialFrac","Agricultural",547.664139716398,549.561058976363,-1.89691925996487,0.103080740035125,0.748163486672248
"Post-growing season",71,135,"Residue_Frac","Agricultural",547.964603674623,549.561058976363,-1.59645530173941,0.403544698260589,0.525264281716751
"Post-growing season",71,135,"MeanSlope_per","Site",548.989512646946,549.561058976363,-0.571546329416492,1.42845367058351,0.232016966100309
"Post-growing season",71,135,"Hydrologic_Group","Site",554.992343614812,549.561058976363,5.4312846384488,9.4312846384488,0.00895411282056424
"Post-growing season",71,135,"Tile","Site",547.590659467087,549.561058976363,-1.97039950927535,0.029600490724647,0.863399846908893
"Post-growing season",72,135,"Tillage_Passes","Agricultural",530.64316618425,530.894501460373,-0.251335276122973,1.74866472387703,0.186044683257202
"Post-growing season",72,135,"PerennialFrac","Agricultural",537.283519354454,530.894501460373,6.38901789408078,8.38901789408078,0.00377494820691567
"Post-growing season",72,135,"Residue_Frac","Agricultural",530.213775048169,530.894501460373,-0.680726412204194,1.31927358779581,0.250722460570434
"Post-growing season",72,135,"MeanSlope_per","Site",530.188281006983,530.894501460373,-0.706220453389847,1.29377954661015,0.25535259495308
"Post-growing season",72,135,"Hydrologic_Group","Site",544.779614183308,530.894501460373,13.8851127229344,17.8851127229344,0.00013070647972642
"Post-growing season",72,135,"Tile","Site",532.828914855619,530.894501460373,1.934413395246,3.934413395246,0.0473076369033646
"Post-growing season",73,135,"Tillage_Passes","Agricultural",529.753215800035,530.126848546477,-0.373632746441444,1.62636725355861,0.202206245593231
"Post-growing season",73,135,"PerennialFrac","Agricultural",536.876427724332,530.126848546477,6.74957917785491,8.74957917785497,0.00309673507454953
"Post-growing season",73,135,"Residue_Frac","Agricultural",533.52116916017,530.126848546477,3.39432061369337,5.39432061369342,0.020202388828341
"Post-growing season",73,135,"MeanSlope_per","Site",528.215670837225,530.126848546477,-1.91117770925143,0.0888222907486238,0.765679741978459
"Post-growing season",73,135,"Hydrologic_Group","Site",546.206102336836,530.126848546477,16.0792537903594,20.0792537903595,4.3636050838109e-05
"Post-growing season",73,135,"Tile","Site",529.128342923011,530.126848546477,-0.998505623465689,1.00149437653437,0.316949182468309
"Post-growing season",74,135,"Tillage_Passes","Agricultural",559.098729047892,560.68338146577,-1.58465241787781,0.415347582122195,0.519267687018409
"Post-growing season",74,135,"PerennialFrac","Agricultural",559.880507518467,560.68338146577,-0.802873947303056,1.19712605269694,0.27389684528057
"Post-growing season",74,135,"Residue_Frac","Agricultural",560.812212259557,560.68338146577,0.128830793787301,2.1288307937873,0.144550979469772
"Post-growing season",74,135,"MeanSlope_per","Site",561.94159603823,560.68338146577,1.25821457246013,3.25821457246013,0.0710664650940218
"Post-growing season",74,135,"Hydrologic_Group","Site",573.80990503575,560.68338146577,13.1265235699801,17.1265235699801,0.00019099529093922
"Post-growing season",74,135,"Tile","Site",561.668401107765,560.68338146577,0.985019641995905,2.9850196419959,0.0840382677087095
"Post-growing season",75,135,"Tillage_Passes","Agricultural",496.689557418033,497.489133069944,-0.799575651910743,1.20042434808926,0.273236881281182
"Post-growing season",75,135,"PerennialFrac","Agricultural",508.554305566324,497.489133069944,11.0651724963803,13.0651724963803,0.000300837497247547
"Post-growing season",75,135,"Residue_Frac","Agricultural",495.508634170477,497.489133069944,-1.98049889946697,0.0195011005330343,0.888939424568497
"Post-growing season",75,135,"MeanSlope_per","Site",501.442124272966,497.489133069944,3.95299120302178,5.95299120302178,0.0146923348786433
"Post-growing season",75,135,"Hydrologic_Group","Site",518.347108435798,497.489133069944,20.8579753658536,24.8579753658536,4.00091416011544e-06
"Post-growing season",75,135,"Tile","Site",502.247038128675,497.489133069944,4.75790505873152,6.75790505873152,0.00933332706192024
"Post-growing season",76,135,"Tillage_Passes","Agricultural",547.000291044842,547.946135323331,-0.945844278489403,1.0541557215106,0.304551924512238
"Post-growing season",76,135,"PerennialFrac","Agricultural",555.148596263436,547.946135323331,7.20246094010486,9.20246094010486,0.00241689990175754
"Post-growing season",76,135,"Residue_Frac","Agricultural",551.472704790382,547.946135323331,3.52656946705054,5.52656946705054,0.0187297934076964
"Post-growing season",76,135,"MeanSlope_per","Site",547.596880792847,547.946135323331,-0.349254530484018,1.65074546951598,0.198857499076487
"Post-growing season",76,135,"Hydrologic_Group","Site",564.648126710518,547.946135323331,16.7019913871865,20.7019913871865,3.19609506155332e-05
"Post-growing season",76,135,"Tile","Site",550.518922948414,547.946135323331,2.57278762508315,4.57278762508315,0.0324836655441298
"Post-growing season",77,135,"Tillage_Passes","Agricultural",521.50638848728,522.179333453489,-0.672944966208888,1.32705503379111,0.249329806790285
"Post-growing season",77,135,"PerennialFrac","Agricultural",521.502307449112,522.179333453489,-0.67702600437724,1.3229739956227,0.250059008160873
"Post-growing season",77,135,"Residue_Frac","Agricultural",524.040652373028,522.179333453489,1.86131891953858,3.86131891953852,0.0494114716463243
"Post-growing season",77,135,"MeanSlope_per","Site",521.926907807662,522.179333453489,-0.252425645826861,1.74757435417308,0.186181960630425
"Post-growing season",77,135,"Hydrologic_Group","Site",544.29107824771,522.179333453489,22.1117447942205,26.1117447942204,2.13750264841817e-06
"Post-growing season",77,135,"Tile","Site",533.363558888514,522.179333453489,11.1842254350245,13.1842254350245,0.00028231547734439
"Post-growing season",78,135,"Tillage_Passes","Agricultural",521.141088213356,520.588214974458,0.55287323889786,2.55287323889792,0.110093876305721
"Post-growing season",78,135,"PerennialFrac","Agricultural",519.161915697684,520.588214974458,-1.42629927677353,0.573700723226466,0.448792083657303
"Post-growing season",78,135,"Residue_Frac","Agricultural",529.909039365509,520.588214974458,9.32082439105136,11.3208243910514,0.000766426790732448
"Post-growing season",78,135,"MeanSlope_per","Site",520.755872351692,520.588214974458,0.167657377233695,2.16765737723375,0.140940791985791
"Post-growing season",78,135,"Hydrologic_Group","Site",547.093235638833,520.588214974458,26.505020664375,30.505020664375,2.37639662853565e-07
"Post-growing season",78,135,"Tile","Site",532.000239551865,520.588214974458,11.4120245774069,13.4120245774068,0.000250016423269296
"Post-growing season",79,135,"Tillage_Passes","Agricultural",549.324964119756,550.276982089266,-0.952017969509711,1.04798203049029,0.305972301509215
"Post-growing season",79,135,"PerennialFrac","Agricultural",564.147032101721,550.276982089266,13.8700500124553,15.8700500124553,6.78439095253883e-05
"Post-growing season",79,135,"Residue_Frac","Agricultural",548.784669962614,550.276982089266,-1.49231212665234,0.507687873347663,0.476141474612126
"Post-growing season",79,135,"MeanSlope_per","Site",548.30997014548,550.276982089266,-1.96701194378579,0.032988056214208,0.855876130083623
"Post-growing season",79,135,"Hydrologic_Group","Site",573.181308440189,550.276982089266,22.9043263509233,26.9043263509233,1.43813535553699e-06
"Post-growing season",79,135,"Tile","Site",556.703099325776,550.276982089266,6.42611723651021,8.42611723651021,0.00369869309430338
"Post-growing season",80,135,"Tillage_Passes","Agricultural",566.82577799794,568.780977606426,-1.95519960848583,0.0448003915141726,0.832371492973207
"Post-growing season",80,135,"PerennialFrac","Agricultural",566.925789770878,568.780977606426,-1.85518783554789,0.144812164452105,0.70354317388077
"Post-growing season",80,135,"Residue_Frac","Agricultural",566.846448288738,568.780977606426,-1.93452931768832,0.065470682311684,0.798049371128005
"Post-growing season",80,135,"MeanSlope_per","Site",566.906718014203,568.780977606426,-1.87425959222242,0.125740407777585,0.722890070876112
"Post-growing season",80,135,"Hydrologic_Group","Site",567.480055516198,568.780977606426,-1.30092209022757,2.69907790977243,0.259359809657985
"Post-growing season",81,135,"Tillage_Passes","Agricultural",554.885966560746,556.612725708583,-1.72675914783702,0.273240852162985,0.601166020030501
"Post-growing season",81,135,"PerennialFrac","Agricultural",559.448161726706,556.612725708583,2.835436018123,4.835436018123,0.0278805898074364
"Post-growing season",81,135,"Residue_Frac","Agricultural",562.986670915383,556.612725708583,6.3739452067997,8.3739452067997,0.00380638412012284
"Post-growing season",81,135,"MeanSlope_per","Site",556.247408078733,556.612725708583,-0.365317629850324,1.63468237014968,0.201056632270409
"Post-growing season",81,135,"Hydrologic_Group","Site",565.931503069961,556.612725708583,9.31877736137767,13.3187773613777,0.00128192979933908
"Post-growing season",81,135,"Tile","Site",559.508196001682,556.612725708583,2.89547029309927,4.89547029309927,0.0269272383552377
"Post-growing season",82,135,"Tillage_Passes","Agricultural",522.173813897476,523.329033789818,-1.1552198923423,0.844780107657584,0.358033226564313
"Post-growing season",82,135,"PerennialFrac","Agricultural",525.030583230833,523.329033789818,1.70154944101557,3.70154944101552,0.0543619639901687
"Post-growing season",82,135,"Residue_Frac","Agricultural",523.112749004489,523.329033789818,-0.216284785328753,1.78371521467125,0.181693780467103
"Post-growing season",82,135,"MeanSlope_per","Site",521.329310151641,523.329033789818,-1.99972363817687,0.000276361823068783,0.986736471265989
"Post-growing season",82,135,"Hydrologic_Group","Site",532.781458114854,523.329033789818,9.45242432503653,13.4524243250365,0.00119906623509122
"Post-growing season",82,135,"Tile","Site",523.293620490553,523.329033789818,-0.0354132992645191,1.96458670073537,0.161023627397767
"Post-growing season",83,135,"Tillage_Passes","Agricultural",519.228287091636,520.691532328264,-1.46324523662747,0.536754763372585,0.463780778268814
"Post-growing season",83,135,"PerennialFrac","Agricultural",518.961005697831,520.691532328264,-1.73052663043222,0.269473369567834,0.603685259331553
"Post-growing season",83,135,"Residue_Frac","Agricultural",518.829365999456,520.691532328264,-1.86216632880712,0.137833671192936,0.71044420504483
"Post-growing season",83,135,"MeanSlope_per","Site",519.885661310105,520.691532328264,-0.8058710181582,1.19412898184186,0.274498271147211
"Post-growing season",83,135,"Hydrologic_Group","Site",527.931867481888,520.691532328264,7.24033515362476,11.2403351536248,0.00362403375405332
"Post-growing season",83,135,"Tile","Site",518.749463799061,520.691532328264,-1.94206852920229,0.0579314707978256,0.809795720578313
"Post-growing season",84,135,"Tillage_Passes","Agricultural",542.881588630705,544.801543944331,-1.91995531362602,0.0800446863739808,0.777236862354433
"Post-growing season",84,135,"PerennialFrac","Agricultural",553.161555515848,544.801543944331,8.36001157151725,10.3600115715172,0.00128774397088571
"Post-growing season",84,135,"Residue_Frac","Agricultural",545.82685446426,544.801543944331,1.02531051992889,3.02531051992889,0.081974627436046
"Post-growing season",84,135,"MeanSlope_per","Site",544.611986565416,544.801543944331,-0.189557378915424,1.81044262108458,0.17845514244509
"Post-growing season",84,135,"Hydrologic_Group","Site",563.858066551327,544.801543944331,19.0565226069955,23.0565226069955,9.84781156607775e-06
"Post-growing season",84,135,"Tile","Site",551.669263283147,544.801543944331,6.86771933881596,8.86771933881596,0.00290257541686095
"Post-growing season",85,135,"Tillage_Passes","Agricultural",519.922095281835,521.188474262484,-1.2663789806486,0.733621019351517,0.391711987284711
"Post-growing season",85,135,"PerennialFrac","Agricultural",520.056240621456,521.188474262484,-1.13223364102828,0.867766358971721,0.351574417940394
"Post-growing season",85,135,"Residue_Frac","Agricultural",522.560865507889,521.188474262484,1.37239124540451,3.37239124540457,0.0662974619020209
"Post-growing season",85,135,"MeanSlope_per","Site",520.68461319516,521.188474262484,-0.503861067323896,1.4961389326761,0.221266407262315
"Post-growing season",85,135,"Hydrologic_Group","Site",533.000311166391,521.188474262484,11.8118369039069,15.811836903907,0.000368555793052817
"Post-growing season",85,135,"Tile","Site",527.581583172594,521.188474262484,6.39310891011019,8.3931089101103,0.00376646155135504
"Post-growing season",86,135,"Tillage_Passes","Agricultural",567.105778593229,568.467204211243,-1.36142561801387,0.638574381986132,0.424227506010262
"Post-growing season",86,135,"PerennialFrac","Agricultural",571.815121914067,568.467204211243,3.34791770282379,5.34791770282379,0.0207470338923385
"Post-growing season",86,135,"Residue_Frac","Agricultural",569.772793109115,568.467204211243,1.30558889787244,3.30558889787244,0.0690445934593053
"Post-growing season",86,135,"MeanSlope_per","Site",566.786431948245,568.467204211243,-1.68077226299738,0.31922773700262,0.572072116712764
"Post-growing season",86,135,"Hydrologic_Group","Site",578.687679968054,568.467204211243,10.2204757568115,14.2204757568115,0.000816700693537259
"Post-growing season",86,135,"Tile","Site",571.937732629734,568.467204211243,3.47052841849154,5.47052841849154,0.0193397772397441
"Post-growing season",87,135,"Tillage_Passes","Agricultural",539.177185112011,540.554586631835,-1.37740151982359,0.622598480176407,0.430083310423174
"Post-growing season",87,135,"PerennialFrac","Agricultural",548.664448167302,540.554586631835,8.10986153546776,10.1098615354678,0.00147478043500367
"Post-growing season",87,135,"Residue_Frac","Agricultural",545.229938140634,540.554586631835,4.67535150879905,6.67535150879905,0.00977552317700993
"Post-growing season",87,135,"MeanSlope_per","Site",539.142757394962,540.554586631835,-1.41182923687234,0.588170763127664,0.443127346276324
"Post-growing season",87,135,"Hydrologic_Group","Site",562.602234454719,540.554586631835,22.0476478228848,26.0476478228848,2.20711591302259e-06
"Post-growing season",87,135,"Tile","Site",545.299750232818,540.554586631835,4.7451636009838,6.7451636009838,0.00940021562901542
"Post-growing season",88,135,"Tillage_Passes","Agricultural",541.576487025245,543.569749454725,-1.99326242947984,0.00673757052015844,0.934580945829468
"Post-growing season",88,135,"PerennialFrac","Agricultural",547.631375726115,543.569749454725,4.06162627138974,6.06162627138974,0.0138150407671333
"Post-growing season",88,135,"Residue_Frac","Agricultural",545.119418563221,543.569749454725,1.54966910849589,3.54966910849589,0.0595573257464016
"Post-growing season",88,135,"MeanSlope_per","Site",541.851377429171,543.569749454725,-1.718372025554,0.281627974445996,0.595636164630998
"Post-growing season",88,135,"Hydrologic_Group","Site",552.486470456072,543.569749454725,8.91672100134713,12.9167210013471,0.00156736329610976
"Post-growing season",88,135,"Tile","Site",542.45960054381,543.569749454725,-1.11014891091497,0.889851089085028,0.34551766453381
"Post-growing season",89,135,"Tillage_Passes","Agricultural",501.657718518797,501.588505344316,0.0692131744811491,2.06921317448115,0.150299045104871
"Post-growing season",89,135,"PerennialFrac","Agricultural",500.798715729621,501.588505344316,-0.789789614694655,1.21021038530534,0.271290459625243
"Post-growing season",89,135,"Residue_Frac","Agricultural",499.674264111512,501.588505344316,-1.91424123280399,0.0857587671960118,0.769639882191524
"Post-growing season",89,135,"MeanSlope_per","Site",500.688020249029,501.588505344316,-0.900485095286115,1.09951490471389,0.294372587082909
"Post-growing season",89,135,"Hydrologic_Group","Site",509.709401948608,501.588505344316,8.12089660429262,12.1208966042926,0.00233335460514374
"Post-growing season",89,135,"Tile","Site",504.013906415043,501.588505344316,2.42540107072728,4.42540107072728,0.0354077908213371
"Post-growing season",90,135,"Tillage_Passes","Agricultural",506.925390895793,508.232634319407,-1.30724342361401,0.692756576385989,0.405228346569931
"Post-growing season",90,135,"PerennialFrac","Agricultural",522.482385345533,508.232634319407,14.2497510261261,16.2497510261261,5.55168894453649e-05
"Post-growing season",90,135,"Residue_Frac","Agricultural",522.315944410754,508.232634319407,14.0833100913475,16.0833100913475,6.06159074944561e-05
"Post-growing season",90,135,"MeanSlope_per","Site",509.793773728858,508.232634319407,1.56113940945181,3.56113940945181,0.0591471261482041
"Post-growing season",90,135,"Hydrologic_Group","Site",537.329314602249,508.232634319407,29.0966802828427,33.0966802828427,6.50350070894249e-08
"Post-growing season",90,135,"Tile","Site",524.952189942924,508.232634319407,16.7195556235171,18.7195556235171,1.5142159570897e-05
"Post-growing season",91,135,"Tillage_Passes","Agricultural",516.021974969736,517.546749469907,-1.52477450017113,0.475225499828809,0.490592965727576
"Post-growing season",91,135,"PerennialFrac","Agricultural",532.224783061268,517.546749469907,14.6780335913606,16.6780335913605,4.42908952522149e-05
"Post-growing season",91,135,"Residue_Frac","Agricultural",524.330827945454,517.546749469907,6.78407847554695,8.78407847554689,0.00303871033660746
"Post-growing season",91,135,"MeanSlope_per","Site",515.907994557293,517.546749469907,-1.63875491261467,0.361245087385271,0.547815557727219
"Post-growing season",91,135,"Hydrologic_Group","Site",526.694081567037,517.546749469907,9.14733209712915,13.1473320971291,0.00139666776326224
"Post-growing season",91,135,"Tile","Site",518.651838349233,517.546749469907,1.10508887932531,3.10508887932525,0.078047971076325
"Post-growing season",92,135,"Tillage_Passes","Agricultural",568.265116658473,568.964144066452,-0.69902740797977,1.30097259202023,0.254035644898723
"Post-growing season",92,135,"PerennialFrac","Agricultural",568.226507684772,568.964144066452,-0.737636381680659,1.26236361831934,0.261204163655445
"Post-growing season",92,135,"Residue_Frac","Agricultural",569.57878649297,568.964144066452,0.614642426517662,2.61464242651766,0.1058813895697
"Post-growing season",92,135,"MeanSlope_per","Site",570.102747029399,568.964144066452,1.13860296294638,3.13860296294638,0.0764592730551748
"Post-growing season",92,135,"Hydrologic_Group","Site",576.384033663601,568.964144066452,7.41988959714888,11.4198895971489,0.00331285541419406
"Post-growing season",92,135,"Tile","Site",569.045637296726,568.964144066452,0.0814932302738498,2.08149323027385,0.149094261666199
"Post-growing season",93,135,"Tillage_Passes","Agricultural",521.825255594325,520.453917358594,1.37133823573095,3.37133823573106,0.0663398472973565
"Post-growing season",93,135,"PerennialFrac","Agricultural",518.813615042143,520.453917358594,-1.64030231645154,0.359697683548518,0.548674182256952
"Post-growing season",93,135,"Residue_Frac","Agricultural",520.317795900664,520.453917358594,-0.136121457930813,1.86387854206919,0.172177827519205
"Post-growing season",93,135,"MeanSlope_per","Site",518.518619283213,520.453917358594,-1.9352980753813,0.0647019246187597,0.799213023888749
"Post-growing season",93,135,"Hydrologic_Group","Site",529.035660280679,520.453917358594,8.58174292208469,12.5817429220847,0.0018531442999078
"Post-growing season",93,135,"Tile","Site",520.251896054308,520.453917358594,-0.202021304286973,1.79797869571308,0.17995705292163
"Post-growing season",94,135,"Tillage_Passes","Agricultural",524.672503216215,526.517681568349,-1.84517835213387,0.154821647866072,0.693969555715356
"Post-growing season",94,135,"PerennialFrac","Agricultural",525.727554283711,526.517681568349,-0.790127284638515,1.20987271536143,0.271357331753963
"Post-growing season",94,135,"Residue_Frac","Agricultural",531.398969521367,526.517681568349,4.88128795301827,6.88128795301827,0.00871027746430155
"Post-growing season",94,135,"MeanSlope_per","Site",524.72631317592,526.517681568349,-1.79136839242915,0.208631607570851,0.647842056469584
"Post-growing season",94,135,"Hydrologic_Group","Site",529.420991512732,526.517681568349,2.90330994438273,6.90330994438267,0.0316931416832777
"Post-growing season",94,135,"Tile","Site",527.69522393655,526.517681568349,1.17754236820065,3.17754236820059,0.074656940939869
"Post-growing season",95,135,"Tillage_Passes","Agricultural",541.771304055309,543.40445792844,-1.63315387313071,0.366846126869291,0.544728438250438
"Post-growing season",95,135,"PerennialFrac","Agricultural",545.817294560528,543.40445792844,2.4128366320881,4.4128366320881,0.0356694807420513
"Post-growing season",95,135,"Residue_Frac","Agricultural",544.183516936398,543.40445792844,0.77905900795804,2.77905900795804,0.0955042659796644
"Post-growing season",95,135,"MeanSlope_per","Site",545.454419510817,543.40445792844,2.04996158237668,4.04996158237668,0.0441723501534467
"Post-growing season",95,135,"Hydrologic_Group","Site",562.743146504583,543.40445792844,19.3386885761428,23.3386885761428,8.55200937445221e-06
"Post-growing season",95,135,"Tile","Site",549.309576546046,543.40445792844,5.90511861760649,7.90511861760649,0.00492951090488167
"Post-growing season",96,135,"Tillage_Passes","Agricultural",533.812246971682,535.736793983835,-1.92454701215308,0.0754529878468588,0.783556663841431
"Post-growing season",96,135,"PerennialFrac","Agricultural",535.9567819771,535.736793983835,0.219987993264908,2.21998799326485,0.136234119119817
"Post-growing season",96,135,"Residue_Frac","Agricultural",534.494545521007,535.736793983835,-1.24224846282743,0.757751537172624,0.384033090556237
"Post-growing season",96,135,"MeanSlope_per","Site",537.698302043593,535.736793983835,1.96150805975844,3.96150805975844,0.0465519806246998
"Post-growing season",96,135,"Hydrologic_Group","Site",556.885657332409,535.736793983835,21.1488633485741,25.1488633485741,3.45934368159784e-06
"Post-growing season",96,135,"Tile","Site",534.368762401737,535.736793983835,-1.36803158209796,0.631968417902044,0.426634203344018
"Post-growing season",97,135,"Tillage_Passes","Agricultural",540.425802821782,542.42177162104,-1.99596879925798,0.00403120074201979,0.949374938419971
"Post-growing season",97,135,"PerennialFrac","Agricultural",542.4403397458,542.42177162104,0.0185681247600087,2.01856812476001,0.155385606785303
"Post-growing season",97,135,"Residue_Frac","Agricultural",541.713387337772,542.42177162104,-0.708384283267492,1.29161571673251,0.25575040804383
"Post-growing season",97,135,"MeanSlope_per","Site",540.421935595593,542.42177162104,-1.99983602544683,0.000163974553174739,0.989783164031998
"Post-growing season",97,135,"Hydrologic_Group","Site",548.091975891344,542.42177162104,5.67020427030457,9.67020427030457,0.00794587673018813
"Post-growing season",97,135,"Tile","Site",540.911628916517,542.42177162104,-1.51014270452231,0.489857295477691,0.483990968564921
"Post-growing season",98,135,"Tillage_Passes","Agricultural",552.577883415163,554.552479377353,-1.97459596218926,0.0254040378107447,0.873364420283975
"Post-growing season",98,135,"PerennialFrac","Agricultural",561.437480448274,554.552479377353,6.88500107092113,8.88500107092113,0.0028752287465817
"Post-growing season",98,135,"Residue_Frac","Agricultural",558.39625226563,554.552479377353,3.84377288827704,5.84377288827704,0.0156322715928811
"Post-growing season",98,135,"MeanSlope_per","Site",554.0313002378,554.552479377353,-0.521179139552487,1.47882086044751,0.223959100782379
"Post-growing season",98,135,"Hydrologic_Group","Site",567.798739511382,554.552479377353,13.2462601340292,17.2462601340292,0.000179896285102133
"Post-growing season",98,135,"Tile","Site",561.493222144461,554.552479377353,6.94074276710853,8.94074276710853,0.00278879295611676
"Post-growing season",99,135,"Tillage_Passes","Agricultural",518.056919784376,519.983832953874,-1.92691316949845,0.073086830501552,0.786894263316888
"Post-growing season",99,135,"PerennialFrac","Agricultural",527.305775306494,519.983832953874,7.32194235261977,9.32194235261971,0.00226425842848782
"Post-growing season",99,135,"Residue_Frac","Agricultural",527.531796076167,519.983832953874,7.54796312229314,9.54796312229314,0.00200171421794221
"Post-growing season",99,135,"MeanSlope_per","Site",518.650734967728,519.983832953874,-1.33309798614596,0.666902013854042,0.414133795545569
"Post-growing season",99,135,"Hydrologic_Group","Site",528.059427017154,519.983832953874,8.07559406328005,12.07559406328,0.00238681119573257
"Post-growing season",99,135,"Tile","Site",520.829271958712,519.983832953874,0.845439004837999,2.84543900483794,0.0916335619308355
"Post-growing season",100,135,"Tillage_Passes","Agricultural",548.974747625694,550.66989502363,-1.69514739793692,0.304852602063079,0.580856146858963
"Post-growing season",100,135,"PerennialFrac","Agricultural",553.995128181306,550.66989502363,3.32523315767514,5.32523315767514,0.0210187964555297
"Post-growing season",100,135,"Residue_Frac","Agricultural",552.552804376519,550.66989502363,1.88290935288865,3.88290935288865,0.0487799589756844
"Post-growing season",100,135,"MeanSlope_per","Site",552.792688842747,550.66989502363,2.12279381911617,4.12279381911617,0.0423091527478757
"Post-growing season",100,135,"Hydrologic_Group","Site",559.090707921226,550.66989502363,8.4208128975954,12.4208128975954,0.00200842097785966
"Post-growing season",100,135,"Tile","Site",551.96412199094,550.66989502363,1.29422696730967,3.29422696730967,0.0695238261999459
"Post-growing season",101,135,"Tillage_Passes","Agricultural",526.041426578114,527.339260467655,-1.29783388954093,0.702166110458961,0.402056805592376
"Post-growing season",101,135,"PerennialFrac","Agricultural",530.403616620961,527.339260467655,3.06435615330588,5.06435615330588,0.0244227760060303
"Post-growing season",101,135,"Residue_Frac","Agricultural",533.539467438005,527.339260467655,6.20020697034965,8.20020697034965,0.00418856113755829
"Post-growing season",101,135,"MeanSlope_per","Site",525.869891199048,527.339260467655,-1.4693692686069,0.530630731393103,0.466341807586429
"Post-growing season",101,135,"Hydrologic_Group","Site",539.533859399943,527.339260467655,12.1945989322876,16.1945989322875,0.000304359963632691
"Post-growing season",101,135,"Tile","Site",530.725267703882,527.339260467655,3.38600723622653,5.38600723622648,0.0202988667225351
"Post-growing season",102,135,"Tillage_Passes","Agricultural",553.657037072459,554.961217357523,-1.30418028506335,0.695819714936647,0.404191905758925
"Post-growing season",102,135,"PerennialFrac","Agricultural",554.90510421559,554.961217357523,-0.0561131419323146,1.94388685806769,0.163247125889597
"Post-growing season",102,135,"Residue_Frac","Agricultural",554.585982983798,554.961217357523,-0.375234373724538,1.62476562627546,0.202428567333549
"Post-growing season",102,135,"MeanSlope_per","Site",554.63886414312,554.961217357523,-0.322353214402256,1.67764678559774,0.195237433007356
"Post-growing season",102,135,"Hydrologic_Group","Site",564.970225589663,554.961217357523,10.0090082321401,14.0090082321401,0.000907783979170641
"Post-growing season",102,135,"Tile","Site",560.390481622093,554.961217357523,5.42926426457041,7.42926426457041,0.00641715733672812
"Post-growing season",103,135,"Tillage_Passes","Agricultural",544.355099980575,543.63032823811,0.724771742464782,2.72477174246478,0.0988022455992366
"Post-growing season",103,135,"PerennialFrac","Agricultural",543.908478834393,543.63032823811,0.278150596282558,2.27815059628256,0.131208248776432
"Post-growing season",103,135,"Residue_Frac","Agricultural",550.739523392727,543.63032823811,7.1091951546166,9.1091951546166,0.00254327751802525
"Post-growing season",103,135,"MeanSlope_per","Site",545.535858161298,543.63032823811,1.9055299231876,3.9055299231876,0.0481274472715089
"Post-growing season",103,135,"Hydrologic_Group","Site",571.972804393814,543.63032823811,28.3424761557034,32.3424761557034,9.48244947282079e-08
"Post-growing season",103,135,"Tile","Site",543.583617937217,543.63032823811,-0.0467103008934373,1.95328969910656,0.162232794944401
"Post-growing season",104,135,"Tillage_Passes","Agricultural",557.871670159025,559.864635367005,-1.99296520798009,0.00703479201990831,0.933156876441513
"Post-growing season",104,135,"PerennialFrac","Agricultural",561.301464184377,559.864635367005,1.43682881737197,3.43682881737197,0.0637579599452784
"Post-growing season",104,135,"Residue_Frac","Agricultural",560.488186390109,559.864635367005,0.623551023104596,2.6235510231046,0.105288580618524
"Post-growing season",104,135,"MeanSlope_per","Site",558.885702607565,559.864635367005,-0.978932759439886,1.02106724056011,0.312265990400785
"Post-growing season",104,135,"Hydrologic_Group","Site",576.557368176099,559.864635367005,16.6927328090944,20.6927328090944,3.21092500898422e-05
"Post-growing season",104,135,"Tile","Site",565.027946514499,559.864635367005,5.1633111474938,7.1633111474938,0.0074409714020149
"Post-growing season",105,135,"Tillage_Passes","Agricultural",528.63322694722,530.331993406674,-1.69876645945374,0.301233540546264,0.583110133152674
"Post-growing season",105,135,"PerennialFrac","Agricultural",538.879672036248,530.331993406674,8.54767862957397,10.5476786295739,0.00116334103551725
"Post-growing season",105,135,"Residue_Frac","Agricultural",538.846658595688,530.331993406674,8.51466518901407,10.514665189014,0.00118430886993967
"Post-growing season",105,135,"MeanSlope_per","Site",532.99989564144,530.331993406674,2.66790223476653,4.66790223476647,0.0307314427075211
"Post-growing season",105,135,"Hydrologic_Group","Site",556.545230803799,530.331993406674,26.2132373971257,30.2132373971256,2.74965913309907e-07
"Post-growing season",105,135,"Tile","Site",545.194280499108,530.331993406674,14.8622870924338,16.8622870924337,4.01922844206629e-05
"Post-growing season",106,135,"Tillage_Passes","Agricultural",534.668269897645,533.641817232383,1.02645266526167,3.02645266526167,0.0819169317099881
"Post-growing season",106,135,"PerennialFrac","Agricultural",541.470238852138,533.641817232383,7.82842161975441,9.82842161975441,0.00171835741763026
"Post-growing season",106,135,"Residue_Frac","Agricultural",532.813862692348,533.641817232383,-0.827954540034739,1.17204545996526,0.27898135186939
"Post-growing season",106,135,"MeanSlope_per","Site",532.637038506648,533.641817232383,-1.0047787257356,0.995221274264395,0.318469589059653
"Post-growing season",106,135,"Hydrologic_Group","Site",549.155351400007,533.641817232383,15.5135341676236,19.5135341676236,5.79015106060136e-05
"Post-growing season",106,135,"Tile","Site",535.956747352177,533.641817232383,2.31493011979421,4.31493011979421,0.0377793226426372
"Post-growing season",107,135,"Tillage_Passes","Agricultural",540.322266652656,541.761039022189,-1.43877236953335,0.561227630466647,0.453766034103016
"Post-growing season",107,135,"PerennialFrac","Agricultural",544.823415150704,541.761039022189,3.0623761285151,5.0623761285151,0.0244506927694723
"Post-growing season",107,135,"Residue_Frac","Agricultural",541.767519440899,541.761039022189,0.00648041871022542,2.00648041871023,0.156628320545518
"Post-growing season",107,135,"MeanSlope_per","Site",540.302647573975,541.761039022189,-1.45839144821446,0.541608551785544,0.461766853959732
"Post-growing season",107,135,"Hydrologic_Group","Site",549.422385814132,541.761039022189,7.66134679194238,11.6613467919424,0.00293609915702585
"Post-growing season",107,135,"Tile","Site",540.526256023149,541.761039022189,-1.23478299904059,0.76521700095941,0.381700790612996
"Post-growing season",108,135,"Tillage_Passes","Agricultural",546.07543973713,547.941321918036,-1.8658821809064,0.134117819093603,0.714200175097798
"Post-growing season",108,135,"PerennialFrac","Agricultural",558.115917535758,547.941321918036,10.1745956177214,12.1745956177214,0.000484448010536604
"Post-growing season",108,135,"Residue_Frac","Agricultural",554.348741311972,547.941321918036,6.40741939393513,8.40741939393513,0.00373692737158765
"Post-growing season",108,135,"MeanSlope_per","Site",548.329102922269,547.941321918036,0.387781004232124,2.38778100423212,0.122287099921867
"Post-growing season",108,135,"Hydrologic_Group","Site",564.411972523053,547.941321918036,16.4706506050165,20.4706506050165,3.58801872318513e-05
"Post-growing season",108,135,"Tile","Site",557.669594609732,547.941321918036,9.72827269169568,11.7282726916957,0.00061557700597791
"Post-growing season",109,135,"Tillage_Passes","Agricultural",523.286187357375,524.757571880333,-1.47138452295815,0.52861547704191,0.467189523938416
"Post-growing season",109,135,"PerennialFrac","Agricultural",530.10226266207,524.757571880333,5.34469078173686,7.34469078173692,0.00672611004157527
"Post-growing season",109,135,"Residue_Frac","Agricultural",535.737765126324,524.757571880333,10.9801932459906,12.9801932459906,0.000314803474740119
"Post-growing season",109,135,"MeanSlope_per","Site",528.775338856312,524.757571880333,4.01776697597859,6.01776697597853,0.014162555319704
"Post-growing season",109,135,"Hydrologic_Group","Site",552.47595095076,524.757571880333,27.7183790704273,31.7183790704273,1.29551217092293e-07
"Post-growing season",109,135,"Tile","Site",537.739015473236,524.757571880333,12.981443592903,14.981443592903,0.000108573607385695
"Post-growing season",110,135,"Tillage_Passes","Agricultural",542.183189535221,544.110540079561,-1.9273505443407,0.0726494556593025,0.787517527845349
"Post-growing season",110,135,"PerennialFrac","Agricultural",545.086281121499,544.110540079561,0.97574104193825,2.97574104193825,0.0845214111521356
"Post-growing season",110,135,"Residue_Frac","Agricultural",542.958099194193,544.110540079561,-1.15244088536826,0.847559114631736,0.357243770695139
"Post-growing season",110,135,"MeanSlope_per","Site",542.688290235289,544.110540079561,-1.42224984427185,0.577750155728154,0.447195541713364
"Post-growing season",110,135,"Hydrologic_Group","Site",558.863674154191,544.110540079561,14.7531340746297,18.7531340746297,8.46854259925656e-05
"Post-growing season",110,135,"Tile","Site",545.502005966013,544.110540079561,1.39146588645178,3.39146588645178,0.065534661666032
"Post-growing season",111,135,"Tillage_Passes","Agricultural",546.298961366083,548.277288222285,-1.97832685620199,0.0216731437980116,0.882959941993424
"Post-growing season",111,135,"PerennialFrac","Agricultural",546.456686793249,548.277288222285,-1.82060142903515,0.17939857096485,0.6718906093578
"Post-growing season",111,135,"Residue_Frac","Agricultural",549.756513081271,548.277288222285,1.47922485898607,3.47922485898607,0.0621438426796574
"Post-growing season",111,135,"MeanSlope_per","Site",547.176169777649,548.277288222285,-1.10111844463609,0.898881555363914,0.343081784359371
"Post-growing season",111,135,"Hydrologic_Group","Site",554.454684991281,548.277288222285,6.17739676899623,10.1773967689962,0.00616604048004658
"Post-growing season",111,135,"Tile","Site",550.167216363483,548.277288222285,1.8899281411982,3.8899281411982,0.0485765019518324
"Post-growing season",112,135,"Tillage_Passes","Agricultural",500.088650570292,501.687706408825,-1.59905583853322,0.400944161466782,0.526602055038926
"Post-growing season",112,135,"PerennialFrac","Agricultural",521.574733178517,501.687706408825,19.8870267696917,21.8870267696917,2.89182355400065e-06
"Post-growing season",112,135,"Residue_Frac","Agricultural",504.456239079902,501.687706408825,2.7685326710764,4.7685326710764,0.0289845189713628
"Post-growing season",112,135,"MeanSlope_per","Site",500.434802953941,501.687706408825,-1.25290345488401,0.747096545115994,0.387397041548622
"Post-growing season",112,135,"Hydrologic_Group","Site",520.542345387181,501.687706408825,18.8546389783556,22.8546389783556,1.08937700281806e-05
"Post-growing season",112,135,"Tile","Site",513.262018647279,501.687706408825,11.5743122384533,13.5743122384533,0.000229301989434115
"Post-growing season",113,135,"Tillage_Passes","Agricultural",543.213237718926,545.192660840144,-1.97942312121836,0.0205768787816396,0.88593761488015
"Post-growing season",113,135,"PerennialFrac","Agricultural",549.076581733775,545.192660840144,3.88392089363117,5.88392089363117,0.0152797587292115
"Post-growing season",113,135,"Residue_Frac","Agricultural",546.697367891722,545.192660840144,1.50470705157841,3.50470705157841,0.061194667377602
"Post-growing season",113,135,"MeanSlope_per","Site",544.672700657546,545.192660840144,-0.519960182597742,1.48003981740226,0.223768292604692
"Post-growing season",113,135,"Hydrologic_Group","Site",559.292097201249,545.192660840144,14.0994363611055,18.0994363611055,0.000117424124658419
"Post-growing season",113,135,"Tile","Site",547.118465504776,545.192660840144,1.92580466463232,3.92580466463232,0.0475504293228054
"Post-growing season",114,135,"Tillage_Passes","Agricultural",545.052063592828,547.035807423115,-1.98374383028681,0.0162561697131878,0.898544922363039
"Post-growing season",114,135,"PerennialFrac","Agricultural",545.08310951891,547.035807423115,-1.95269790420491,0.0473020957950894,0.827826148767791
"Post-growing season",114,135,"Residue_Frac","Agricultural",545.039219728735,547.035807423115,-1.99658769437985,0.00341230562014516,0.953418111933282
"Post-growing season",114,135,"MeanSlope_per","Site",546.593824331986,547.035807423115,-0.441983091129259,1.55801690887074,0.211955819312772
"Post-growing season",114,135,"Hydrologic_Group","Site",555.907221667151,547.035807423115,8.87141424403603,12.871414244036,0.00160327459070447
"Post-growing season",114,135,"Tile","Site",550.792190804801,547.035807423115,3.75638338168619,5.75638338168619,0.0164288545471473
"Post-growing season",115,135,"Tillage_Passes","Agricultural",543.04109950896,544.681144529354,-1.64004502039359,0.359954979606414,0.548531239734618
"Post-growing season",115,135,"PerennialFrac","Agricultural",543.68917052356,544.681144529354,-0.991974005793395,1.0080259942066,0.315376214563879
"Post-growing season",115,135,"Residue_Frac","Agricultural",548.216664779706,544.681144529354,3.53552025035208,5.53552025035208,0.0186342244351843
"Post-growing season",115,135,"MeanSlope_per","Site",542.767485909819,544.681144529354,-1.91365861953466,0.0863413804653419,0.768880902881402
"Post-growing season",115,135,"Hydrologic_Group","Site",556.575358944732,544.681144529354,11.8942144153781,15.8942144153781,0.000353683820032451
"Post-growing season",115,135,"Tile","Site",545.107351139781,544.681144529354,0.426206610427698,2.4262066104277,0.119321333584299
"Post-growing season",116,135,"Tillage_Passes","Agricultural",560.847124045519,562.545530602907,-1.69840655738801,0.301593442611988,0.582885195594148
"Post-growing season",116,135,"PerennialFrac","Agricultural",562.110935294087,562.545530602907,-0.434595308819326,1.56540469118067,0.210875620925964
"Post-growing season",116,135,"Residue_Frac","Agricultural",560.925630794479,562.545530602907,-1.61989980842736,0.380100191572637,0.53754962039862
"Post-growing season",116,135,"MeanSlope_per","Site",565.392191043183,562.545530602907,2.8466604402762,4.8466604402762,0.0276997121330454
"Post-growing season",116,135,"Hydrologic_Group","Site",574.486629673404,562.545530602907,11.9410990704974,15.9410990704974,0.000345489075292678
"Post-growing season",116,135,"Tile","Site",562.798063290956,562.545530602907,0.252532688048973,2.25253268804897,0.133395917287084
"Post-growing season",117,135,"Tillage_Passes","Agricultural",534.542282863829,535.368741646311,-0.826458782481609,1.17354121751833,0.278674808633994
"Post-growing season",117,135,"PerennialFrac","Agricultural",536.036061539467,535.368741646311,0.667319893155764,2.66731989315576,0.102428378404561
"Post-growing season",117,135,"Residue_Frac","Agricultural",540.413248981605,535.368741646311,5.04450733529416,7.04450733529416,0.00795086912232886
"Post-growing season",117,135,"MeanSlope_per","Site",537.979169430487,535.368741646311,2.6104277841763,4.6104277841763,0.0317781049832297
"Post-growing season",117,135,"Hydrologic_Group","Site",551.400939906242,535.368741646311,16.032198259931,20.032198259931,4.46748823687935e-05
"Post-growing season",117,135,"Tile","Site",542.964159301254,535.368741646311,7.59541765494259,9.59541765494259,0.00195063550613201
"Post-growing season",118,135,"Tillage_Passes","Agricultural",541.417273699604,542.66684144753,-1.24956774792577,0.750432252074233,0.386339411711983
"Post-growing season",118,135,"PerennialFrac","Agricultural",544.948737242216,542.66684144753,2.28189579468585,4.28189579468585,0.0385203614589122
"Post-growing season",118,135,"Residue_Frac","Agricultural",546.153530924217,542.66684144753,3.48668947668648,5.48668947668648,0.0191617929694078
"Post-growing season",118,135,"MeanSlope_per","Site",541.591358784936,542.66684144753,-1.0754826625938,0.924517337406201,0.336291655779614
"Post-growing season",118,135,"Hydrologic_Group","Site",556.037042242076,542.66684144753,13.3702007945462,17.3702007945462,0.000169086456441812
"Post-growing season",118,135,"Tile","Site",545.942597780917,542.66684144753,3.27575633338654,5.27575633338654,0.021624391487347
"Post-growing season",119,135,"Tillage_Passes","Agricultural",527.503590428202,529.168877379279,-1.66528695107695,0.334713048923106,0.56289696490085
"Post-growing season",119,135,"PerennialFrac","Agricultural",539.71172958556,529.168877379279,10.5428522062803,12.5428522062803,0.000397724751937602
"Post-growing season",119,135,"Residue_Frac","Agricultural",537.586968190156,529.168877379279,8.41809081087672,10.4180908108768,0.0012478683129245
"Post-growing season",119,135,"MeanSlope_per","Site",528.012478155563,529.168877379279,-1.15639922371679,0.843600776283267,0.358368973552307
"Post-growing season",119,135,"Hydrologic_Group","Site",536.811821565225,529.168877379279,7.64294418594591,11.642944185946,0.0029632397680093
"Post-growing season",119,135,"Tile","Site",531.460889938873,529.168877379279,2.29201255959379,4.29201255959384,0.038291813268968
"Post-growing season",120,135,"Tillage_Passes","Agricultural",508.318743146161,510.131767256219,-1.81302411005817,0.186975889941834,0.665445567297856
"Post-growing season",120,135,"PerennialFrac","Agricultural",513.423378353311,510.131767256219,3.29161109709196,5.2916110970919,0.0214283871046519
"Post-growing season",120,135,"Residue_Frac","Agricultural",511.478248278663,510.131767256219,1.34648102244404,3.34648102244404,0.0673488459567868
"Post-growing season",120,135,"MeanSlope_per","Site",512.065956807124,510.131767256219,1.93418955090453,3.93418955090448,0.0473139334099075
"Post-growing season",120,135,"Hydrologic_Group","Site",529.98934739331,510.131767256219,19.8575801370904,23.8575801370903,6.59769594881661e-06
"Post-growing season",120,135,"Tile","Site",517.119400988917,510.131767256219,6.98763373269799,8.98763373269799,0.00271812743770657
"Post-growing season",121,135,"Tillage_Passes","Agricultural",525.885353044948,527.830015750536,-1.94466270558792,0.0553372944119701,0.814023390473033
"Post-growing season",121,135,"PerennialFrac","Agricultural",533.009128953928,527.830015750536,5.17911320339135,7.17911320339124,0.00737571547766299
"Post-growing season",121,135,"Residue_Frac","Agricultural",533.446485322013,527.830015750536,5.61646957147707,7.61646957147701,0.00578376060253692
"Post-growing season",121,135,"MeanSlope_per","Site",528.945603649669,527.830015750536,1.11558789913329,3.11558789913317,0.0775464899704784
"Post-growing season",121,135,"Hydrologic_Group","Site",545.946327980159,527.830015750536,18.1163122296224,22.1163122296223,1.57580988081638e-05
"Post-growing season",121,135,"Tile","Site",537.700604830196,527.830015750536,9.87058907965991,11.8705890796599,0.000570273718987425
"Post-growing season",122,135,"Tillage_Passes","Agricultural",543.619096786431,545.573623986571,-1.95452720014021,0.0454727998597946,0.83113702286545
"Post-growing season",122,135,"PerennialFrac","Agricultural",547.013175102812,545.573623986571,1.43955111624041,3.43955111624041,0.0636529845471248
"Post-growing season",122,135,"Residue_Frac","Agricultural",545.430270299204,545.573623986571,-0.143353687366812,1.85664631263319,0.173012363366568
"Post-growing season",122,135,"MeanSlope_per","Site",545.734999054937,545.573623986571,0.161375068366169,2.16137506836617,0.141517997750488
"Post-growing season",122,135,"Hydrologic_Group","Site",556.621866843121,545.573623986571,11.0482428565498,15.0482428565498,0.000539902803419206
"Post-growing season",122,135,"Tile","Site",545.495855502887,545.573623986571,-0.0777684836838262,1.92223151631617,0.165610867946918
"Post-growing season",123,135,"Tillage_Passes","Agricultural",530.160803167931,531.723274737812,-1.56247156988081,0.437528430119244,0.508317795505255
"Post-growing season",123,135,"PerennialFrac","Agricultural",533.206741071471,531.723274737812,1.48346633365895,3.48346633365907,0.0619847724412388
"Post-growing season",123,135,"Residue_Frac","Agricultural",537.811940635585,531.723274737812,6.08866589777267,8.08866589777273,0.00445429390539256
"Post-growing season",123,135,"MeanSlope_per","Site",530.125940619554,531.723274737812,-1.59733411825766,0.402665881742394,0.525715686245835
"Post-growing season",123,135,"Hydrologic_Group","Site",543.666834889584,531.723274737812,11.9435601517724,15.9435601517725,0.000345064198413457
"Post-growing season",123,135,"Tile","Site",535.306409989987,531.723274737812,3.58313525217534,5.5831352521754,0.0181342302070375
"Post-growing season",124,135,"Tillage_Passes","Agricultural",564.552008155001,566.108751405669,-1.55674325066775,0.443256749332249,0.505554735231786
"Post-growing season",124,135,"PerennialFrac","Agricultural",568.326344034511,566.108751405669,2.21759262884223,4.21759262884223,0.0400068836997509
"Post-growing season",124,135,"Residue_Frac","Agricultural",569.272058942845,566.108751405669,3.16330753717637,5.16330753717637,0.0230689247880681
"Post-growing season",124,135,"MeanSlope_per","Site",564.115519514664,566.108751405669,-1.99323189100448,0.00676810899551583,0.934433188813066
"Post-growing season",124,135,"Tile","Site",564.857879665515,566.108751405669,-1.2508717401538,0.749128259846202,0.386752369274871
"Post-growing season",125,135,"Tillage_Passes","Agricultural",561.840016371036,563.408327108006,-1.56831073696969,0.431689263030307,0.511161214691793
"Post-growing season",125,135,"PerennialFrac","Agricultural",562.291072440524,563.408327108006,-1.11725466748226,0.882745332517743,0.347450855957318
"Post-growing season",125,135,"Residue_Frac","Agricultural",561.411427345613,563.408327108006,-1.99689976239279,0.00310023760721378,0.955596909832512
"Post-growing season",125,135,"MeanSlope_per","Site",562.695129836159,563.408327108006,-0.713197271847093,1.28680272815291,0.256638004227072
"Post-growing season",125,135,"Hydrologic_Group","Site",568.205394357221,563.408327108006,4.79706724921448,8.79706724921448,0.0122953562983619
"Post-growing season",125,135,"Tile","Site",563.718341588029,563.408327108006,0.310014480023256,2.31001448002326,0.128542852558133
"Post-growing season",126,135,"Tillage_Passes","Agricultural",525.113658501011,526.238365557039,-1.12470705602766,0.875292943972283,0.349494153477325
"Post-growing season",126,135,"PerennialFrac","Agricultural",529.993844434274,526.238365557039,3.75547887723508,5.75547887723502,0.0164373147041214
"Post-growing season",126,135,"Residue_Frac","Agricultural",524.86295384331,526.238365557039,-1.37541171372857,0.624588286271432,0.429347342808178
"Post-growing season",126,135,"MeanSlope_per","Site",531.941440888512,526.238365557039,5.70307533147354,7.7030753314736,0.00551268216080192
"Post-growing season",126,135,"Hydrologic_Group","Site",553.704474125238,526.238365557039,27.4661085681988,31.4661085681988,1.46967511602686e-07
"Post-growing season",126,135,"Tile","Site",534.368260157107,526.238365557039,8.12989460006827,10.1298946000683,0.00145883749382536
"Post-growing season",127,135,"Tillage_Passes","Agricultural",567.810721106699,569.687969525933,-1.87724841923364,0.122751580766362,0.726069129359969
"Post-growing season",127,135,"PerennialFrac","Agricultural",569.492649745713,569.687969525933,-0.195319780220416,1.80468021977958,0.179147707402614
"Post-growing season",127,135,"Residue_Frac","Agricultural",569.118800829126,569.687969525933,-0.569168696807424,1.43083130319258,0.231628817281903
"Post-growing season",127,135,"MeanSlope_per","Site",568.276198604396,569.687969525933,-1.4117709215368,0.5882290784632,0.44310474128347
"Post-growing season",127,135,"Hydrologic_Group","Site",575.451955683855,569.687969525933,5.76398615792175,9.76398615792175,0.00758188765778571
"Post-growing season",127,135,"Tile","Site",568.44517274907,569.687969525933,-1.24279677686332,0.757203223136685,0.38420518644034
"Post-growing season",128,135,"Tillage_Passes","Agricultural",512.629793794046,514.220384652107,-1.59059085806086,0.409409141939193,0.522269553984171
"Post-growing season",128,135,"PerennialFrac","Agricultural",518.054603211998,514.220384652107,3.83421855989093,5.83421855989087,0.0157173893028324
"Post-growing season",128,135,"Residue_Frac","Agricultural",512.325738579831,514.220384652107,-1.89464607227626,0.105353927723797,0.745496923944235
"Post-growing season",128,135,"MeanSlope_per","Site",515.494535890712,514.220384652107,1.27415123860442,3.27415123860442,0.0703793225173808
"Post-growing season",128,135,"Hydrologic_Group","Site",528.757154792483,514.220384652107,14.5367701403762,18.5367701403762,9.43607768914142e-05
"Post-growing season",128,135,"Tile","Site",515.874083050115,514.220384652107,1.65369839800837,3.65369839800837,0.0559448521064989
"Post-growing season",129,135,"Tillage_Passes","Agricultural",544.112848558929,546.089718235013,-1.97686967608456,0.0231303239154386,0.879118658800182
"Post-growing season",129,135,"PerennialFrac","Agricultural",551.903896524874,546.089718235013,5.81417828986105,7.81417828986105,0.0051837912506859
"Post-growing season",129,135,"Residue_Frac","Agricultural",549.539453743833,546.089718235013,3.44973550881957,5.44973550881957,0.0195712895246055
"Post-growing season",129,135,"MeanSlope_per","Site",544.815144273457,546.089718235013,-1.2745739615558,0.725426038444198,0.394369817216254
"Post-growing season",129,135,"Hydrologic_Group","Site",568.217538244784,546.089718235013,22.1278200097711,26.1278200097711,2.12039110058796e-06
"Post-growing season",129,135,"Tile","Site",553.842040729529,546.089718235013,7.7523224945154,9.7523224945154,0.00179096303486302
"Post-growing season",130,135,"Tillage_Passes","Agricultural",525.494985702399,526.670155883402,-1.1751701810025,0.8248298189975,0.363771814089521
"Post-growing season",130,135,"PerennialFrac","Agricultural",525.190960538576,526.670155883402,-1.47919534482583,0.520804655174175,0.470498640717143
"Post-growing season",130,135,"Residue_Frac","Agricultural",524.679870588711,526.670155883402,-1.99028529469115,0.00971470530885199,0.921485086160414
"Post-growing season",130,135,"MeanSlope_per","Site",527.72166452892,526.670155883402,1.05150864551808,3.05150864551803,0.0806621826951129
"Post-growing season",130,135,"Hydrologic_Group","Site",537.925199892051,526.670155883402,11.2550440086494,15.2550440086494,0.000486865816170581
"Post-growing season",130,135,"Tile","Site",526.148543800575,526.670155883402,-0.521612082826437,1.47838791717351,0.224026918037372
"Post-growing season",131,135,"Tillage_Passes","Agricultural",508.986071808484,510.957322570861,-1.97125076237757,0.028749237622435,0.865359327173588
"Post-growing season",131,135,"PerennialFrac","Agricultural",512.314862535592,510.957322570861,1.35753996473102,3.35753996473102,0.0668979335619915
"Post-growing season",131,135,"Residue_Frac","Agricultural",512.669696270043,510.957322570861,1.71237369918117,3.71237369918117,0.054010530115849
"Post-growing season",131,135,"MeanSlope_per","Site",511.588130489591,510.957322570861,0.630807918729829,2.63080791872983,0.10480836993126
"Post-growing season",131,135,"Hydrologic_Group","Site",528.47068453892,510.957322570861,17.5133619680586,21.5133619680586,2.13026094358039e-05
"Post-growing season",131,135,"Tile","Site",513.629153886384,510.957322570861,2.6718313155227,4.6718313155227,0.030661216340962
"Post-growing season",132,135,"Tillage_Passes","Agricultural",535.868535740851,537.854043425829,-1.98550768497819,0.0144923150217551,0.90417894048083
"Post-growing season",132,135,"PerennialFrac","Agricultural",535.922954741575,537.854043425829,-1.93108868425361,0.0689113157462771,0.7929285474148
"Post-growing season",132,135,"Residue_Frac","Agricultural",535.959369622865,537.854043425829,-1.89467380296367,0.105326197036277,0.745529260935877
"Post-growing season",132,135,"MeanSlope_per","Site",540.550285489181,537.854043425829,2.69624206335141,4.69624206335135,0.0302286431723563
"Post-growing season",132,135,"Hydrologic_Group","Site",547.686044505526,537.854043425829,9.83200107969651,13.8320010796965,0.000991788638064794
"Post-growing season",132,135,"Tile","Site",539.370585094454,537.854043425829,1.51654166862522,3.51654166862517,0.0607591045093362
"Post-growing season",133,135,"Tillage_Passes","Agricultural",531.165333449425,528.268587816691,2.896745632734,4.89674563273405,0.0269073575438322
"Post-growing season",133,135,"PerennialFrac","Agricultural",527.544671632448,528.268587816691,-0.723916184242853,1.27608381575726,0.258628455289343
"Post-growing season",133,135,"Residue_Frac","Agricultural",540.507580050404,528.268587816691,12.2389922337139,14.238992233714,0.000160999738666
"Post-growing season",133,135,"MeanSlope_per","Site",531.671029638998,528.268587816691,3.40244182230742,5.40244182230748,0.0201085989850986
"Post-growing season",133,135,"Hydrologic_Group","Site",546.521100097251,528.268587816691,18.2525122805605,22.2525122805606,1.47206963369915e-05
"Post-growing season",133,135,"Tile","Site",540.83998317981,528.268587816691,12.5713953631198,14.5713953631198,0.000134947570982939
"Post-growing season",134,135,"Tillage_Passes","Agricultural",539.596167056072,541.027528287405,-1.43136123133297,0.568638768667029,0.450800341000693
"Post-growing season",134,135,"PerennialFrac","Agricultural",546.91385557552,541.027528287405,5.88632728811513,7.88632728811513,0.00498099098892494
"Post-growing season",134,135,"Residue_Frac","Agricultural",545.952894278561,541.027528287405,4.92536599115579,6.92536599115579,0.00849815992332136
"Post-growing season",134,135,"MeanSlope_per","Site",541.005587343617,541.027528287405,-0.0219409437884224,1.97805905621158,0.15959503056778
"Post-growing season",134,135,"Hydrologic_Group","Site",555.609541618786,541.027528287405,14.5820133313812,18.5820133313812,9.22501484629383e-05
"Post-growing season",134,135,"Tile","Site",543.629796037216,541.027528287405,2.60226774981061,4.60226774981061,0.0319296942520808
"Post-growing season",135,135,"Tillage_Passes","Agricultural",552.321351205253,554.317230295059,-1.99587908980573,0.00412091019427407,0.948815503313801
"Post-growing season",135,135,"PerennialFrac","Agricultural",553.471780703622,554.317230295059,-0.845449591436932,1.15455040856307,0.282598611722607
"Post-growing season",135,135,"Residue_Frac","Agricultural",554.052478086055,554.317230295059,-0.264752209004314,1.73524779099569,0.187742091277079
"Post-growing season",135,135,"MeanSlope_per","Site",554.031348454278,554.317230295059,-0.285881840781258,1.71411815921874,0.19045193100697
"Post-growing season",135,135,"Hydrologic_Group","Site",558.133567012364,554.317230295059,3.81633671730458,7.81633671730458,0.0200772417096306
"Post-growing season",135,135,"Tile","Site",554.633384540161,554.317230295059,0.316154245101529,2.31615424510153,0.128036227565946
"Post-growing season",136,135,"Tillage_Passes","Agricultural",555.49652809619,555.838691289672,-0.342163193481497,1.6578368065185,0.19789564716
"Post-growing season",136,135,"PerennialFrac","Agricultural",558.026940452282,555.838691289672,2.18824916261087,4.18824916261087,0.0407051154700338
"Post-growing season",136,135,"Residue_Frac","Agricultural",556.902126931806,555.838691289672,1.06343564213489,3.06343564213489,0.0800721996404548
"Post-growing season",136,135,"MeanSlope_per","Site",556.944383361584,555.838691289672,1.1056920719119,3.1056920719119,0.0780190655433065
"Post-growing season",136,135,"Hydrologic_Group","Site",568.019480513539,555.838691289672,12.1807892238677,16.1807892238677,0.000306468797023905
"Post-growing season",136,135,"Tile","Site",556.951175489069,555.838691289672,1.11248419939693,3.11248419939693,0.0776943748241512
"Post-growing season",137,135,"Tillage_Passes","Agricultural",556.954558262672,558.88252497546,-1.92796671278847,0.072033287211525,0.788398999714694
"Post-growing season",137,135,"PerennialFrac","Agricultural",557.343188011229,558.88252497546,-1.53933696423155,0.460663035768448,0.497314265486493
"Post-growing season",137,135,"Residue_Frac","Agricultural",556.884191266211,558.88252497546,-1.99833370924966,0.00166629075033597,0.967439215760187
"Post-growing season",137,135,"MeanSlope_per","Site",559.849747553306,558.88252497546,0.96722257784586,2.96722257784586,0.084967618182914
"Post-growing season",137,135,"Hydrologic_Group","Site",569.519063586517,558.88252497546,10.6365386110567,14.6365386110567,0.000663309203951247
"Post-growing season",137,135,"Tile","Site",560.446069175296,558.88252497546,1.56354419983552,3.56354419983552,0.0590615077987015
"Post-growing season",138,135,"Tillage_Passes","Agricultural",543.766059317546,545.172571498726,-1.40651218118035,0.593487818819654,0.441073561285239
"Post-growing season",138,135,"PerennialFrac","Agricultural",554.498502908706,545.172571498726,9.32593140997903,11.325931409979,0.000764321803796884
"Post-growing season",138,135,"Residue_Frac","Agricultural",544.399275647296,545.172571498726,-0.773295851430476,1.22670414856952,0.268048961495097
"Post-growing season",138,135,"MeanSlope_per","Site",546.060345025614,545.172571498726,0.887773526887258,2.88777352688726,0.0892541929969371
"Post-growing season",138,135,"Hydrologic_Group","Site",559.195706542041,545.172571498726,14.0231350433143,18.0231350433143,0.000121990483343209
"Post-growing season",138,135,"Tile","Site",547.103672654324,545.172571498726,1.93110115559762,3.93110115559762,0.0474008970166213
"Post-growing season",139,135,"Tillage_Passes","Agricultural",533.093342146264,534.418320801464,-1.3249786551994,0.675021344800655,0.411306396231937
"Post-growing season",139,135,"PerennialFrac","Agricultural",543.872673651754,534.418320801464,9.45435285029021,11.4543528502903,0.000713267245416827
"Post-growing season",139,135,"Residue_Frac","Agricultural",537.164746417386,534.418320801464,2.74642561592213,4.74642561592219,0.0293592179226513
"Post-growing season",139,135,"MeanSlope_per","Site",532.855257877472,534.418320801464,-1.56306292399154,0.436937076008462,0.508604515176423
"Post-growing season",139,135,"Hydrologic_Group","Site",552.438136549731,534.418320801464,18.0198157482673,22.0198157482674,1.65370395096279e-05
"Post-growing season",139,135,"Tile","Site",540.052241222171,534.418320801464,5.633920420707,7.63392042070706,0.00572806602550653
"Post-growing season",140,135,"Tillage_Passes","Agricultural",537.00662384003,537.113117352581,-0.106493512550628,1.89350648744932,0.168806954237869
"Post-growing season",140,135,"PerennialFrac","Agricultural",547.630712822921,537.113117352581,10.5175954703402,12.5175954703402,0.00040313737447397
"Post-growing season",140,135,"Residue_Frac","Agricultural",545.515940785355,537.113117352581,8.4028234327742,10.4028234327741,0.00125822781477589
"Post-growing season",140,135,"MeanSlope_per","Site",537.415436057927,537.113117352581,0.302318705346238,2.30231870534618,0.129181027885386
"Post-growing season",140,135,"Hydrologic_Group","Site",555.183008036544,537.113117352581,18.0698906839632,22.0698906839631,1.61281342515427e-05
"Post-growing season",140,135,"Tile","Site",543.572615618211,537.113117352581,6.45949826562992,8.45949826562986,0.00363142015931033
"Post-growing season",141,135,"Tillage_Passes","Agricultural",511.256262813212,513.255430474991,-1.9991676617791,0.000832338220902784,0.976984005923655
"Post-growing season",141,135,"PerennialFrac","Agricultural",522.052719730873,513.255430474991,8.79728925588165,10.7972892558817,0.00101648831403426
"Post-growing season",141,135,"Residue_Frac","Agricultural",520.506667097319,513.255430474991,7.25123662232807,9.25123662232807,0.00235336455037811
"Post-growing season",141,135,"MeanSlope_per","Site",517.544200733927,513.255430474991,4.28877025893587,6.28877025893587,0.0121505326115676
"Post-growing season",141,135,"Hydrologic_Group","Site",541.08399856785,513.255430474991,27.8285680928586,31.8285680928586,1.22606714619905e-07
"Post-growing season",141,135,"Tile","Site",528.20149667499,513.255430474991,14.9460661999982,16.9460661999981,3.84569255193859e-05
"Post-growing season",142,135,"Tillage_Passes","Agricultural",533.850178912482,535.36603370244,-1.51585478995764,0.484145210042414,0.486550682092881
"Post-growing season",142,135,"PerennialFrac","Agricultural",534.349035974435,535.36603370244,-1.01699772800475,0.983002271995304,0.321458715908955
"Post-growing season",142,135,"Residue_Frac","Agricultural",537.889036236204,535.36603370244,2.52300253376347,4.52300253376353,0.033442092581676
"Post-growing season",142,135,"MeanSlope_per","Site",535.223825112205,535.36603370244,-0.142208590234759,1.85779140976524,0.172879919785179
"Post-growing season",142,135,"Hydrologic_Group","Site",548.017044489585,535.36603370244,12.6510107871445,16.6510107871446,0.000242258457972363
"Post-growing season",142,135,"Tile","Site",541.450431660283,535.36603370244,6.08439795784307,8.08439795784312,0.00446479607966783
"Post-growing season",143,135,"Tillage_Passes","Agricultural",554.361794476853,556.361007647196,-1.99921317034352,0.000786829656476584,0.977621886504408
"Post-growing season",143,135,"PerennialFrac","Agricultural",554.512318203327,556.361007647196,-1.84868944386903,0.151310556130966,0.697286076895948
"Post-growing season",143,135,"Residue_Frac","Agricultural",554.646015592611,556.361007647196,-1.71499205458508,0.285007945414918,0.593437461384181
"Post-growing season",143,135,"MeanSlope_per","Site",555.99483691737,556.361007647196,-0.366170729826763,1.63382927017324,0.201174223747127
"Post-growing season",143,135,"Hydrologic_Group","Site",563.501064502853,556.361007647196,7.14005685565655,11.1400568556566,0.00381037211044834
"Post-growing season",143,135,"Tile","Site",557.066302971847,556.361007647196,0.705295324650365,2.70529532465036,0.100015559538642
"Post-growing season",144,135,"Tillage_Passes","Agricultural",534.438918588099,535.653505755025,-1.21458716692609,0.78541283307402,0.375490798235205
"Post-growing season",144,135,"PerennialFrac","Agricultural",534.319289532742,535.653505755025,-1.33421622228286,0.665783777717195,0.414525447449567
"Post-growing season",144,135,"Residue_Frac","Agricultural",533.663165222601,535.653505755025,-1.99034053242417,0.00965946757588654,0.921707902094237
"Post-growing season",144,135,"MeanSlope_per","Site",538.138569355894,535.653505755025,2.48506360086913,4.48506360086918,0.0341922741753644
"Post-growing season",144,135,"Hydrologic_Group","Site",552.207772608391,535.653505755025,16.5542668533665,20.5542668533665,3.44110292691319e-05
"Post-growing season",144,135,"Tile","Site",534.861917559977,535.653505755025,-0.791588195048121,1.20841180495194,0.271646888100971
"Post-growing season",145,135,"Tillage_Passes","Agricultural",547.816580004593,549.678831155104,-1.86225115051127,0.13774884948873,0.710529296360182
"Post-growing season",145,135,"PerennialFrac","Agricultural",550.868463235436,549.678831155104,1.18963208033153,3.18963208033153,0.0741066888009111
"Post-growing season",145,135,"Residue_Frac","Agricultural",547.720692477468,549.678831155104,-1.95813867763559,0.0418613223644115,0.837884345370462
"Post-growing season",145,135,"MeanSlope_per","Site",555.699159720622,549.678831155104,6.0203285655175,8.0203285655175,0.00462551779814265
"Post-growing season",145,135,"Hydrologic_Group","Site",563.05503520478,549.678831155104,13.3762040496756,17.3762040496756,0.00016857968282666
"Post-growing season",145,135,"Tile","Site",556.763281220177,549.678831155104,7.08445006507304,9.08445006507304,0.00257791990278316
"Post-growing season",146,135,"Tillage_Passes","Agricultural",553.235460896563,555.194369804456,-1.95890890789303,0.0410910921069672,0.839362192430134
"Post-growing season",146,135,"PerennialFrac","Agricultural",555.297608467859,555.194369804456,0.103238663402863,2.10323866340286,0.146987509427776
"Post-growing season",146,135,"Residue_Frac","Agricultural",554.85302752643,555.194369804456,-0.341342278025763,1.65865772197424,0.19778465302135
"Post-growing season",146,135,"MeanSlope_per","Site",556.804450215784,555.194369804456,1.61008041132766,3.61008041132766,0.0574303427270911
"Post-growing season",146,135,"Hydrologic_Group","Site",564.936333931763,555.194369804456,9.74196412730691,13.7419641273069,0.00103745771465042
"Post-growing season",146,135,"Tile","Site",557.360324065441,555.194369804456,2.16595426098536,4.16595426098536,0.0412441737250099
"Post-growing season",147,135,"Tillage_Passes","Agricultural",537.650231224622,539.272973173807,-1.62274194918473,0.377258050815271,0.539074346503154
"Post-growing season",147,135,"PerennialFrac","Agricultural",541.29337945045,539.272973173807,2.02040627664337,4.02040627664337,0.0449528834527994
"Post-growing season",147,135,"Residue_Frac","Agricultural",542.593550842125,539.272973173807,3.32057766831804,5.32057766831804,0.0210750237194141
"Post-growing season",147,135,"MeanSlope_per","Site",539.013327009104,539.272973173807,-0.259646164703213,1.74035383529679,0.187093999717821
"Post-growing season",147,135,"Hydrologic_Group","Site",546.929780313007,539.272973173807,7.65680713919949,11.6568071391995,0.00294277116160304
"Post-growing season",147,135,"Tile","Site",538.88305411354,539.272973173807,-0.389919060267289,1.61008093973271,0.204480424844165
"Post-growing season",148,135,"Tillage_Passes","Agricultural",541.950189618108,543.925872729042,-1.9756831109338,0.0243168890661991,0.876081312670966
"Post-growing season",148,135,"PerennialFrac","Agricultural",542.802999053339,543.925872729042,-1.12287367570264,0.877126324297365,0.348989965802362
"Post-growing season",148,135,"Residue_Frac","Agricultural",545.262456118532,543.925872729042,1.33658338949078,3.33658338949078,0.0677551628815901
"Post-growing season",148,135,"MeanSlope_per","Site",543.201596105184,543.925872729042,-0.724276623857577,1.27572337614242,0.258695718053255
"Post-growing season",148,135,"Hydrologic_Group","Site",553.126034921032,543.925872729042,9.20016219198988,13.2001621919899,0.00136025772162156
"Post-growing season",148,135,"Tile","Site",547.22782000926,543.925872729042,3.30194728021797,5.30194728021797,0.0213015973803689
"Post-growing season",149,135,"Tillage_Passes","Agricultural",549.135506207808,548.734462146297,0.401044061510447,2.40104406151045,0.12125430040952
"Post-growing season",149,135,"PerennialFrac","Agricultural",549.538358229564,548.734462146297,0.803896083266636,2.80389608326664,0.0940355505143808
"Post-growing season",149,135,"Residue_Frac","Agricultural",549.78204090323,548.734462146297,1.04757875693315,3.04757875693315,0.0808576044956951
"Post-growing season",149,135,"MeanSlope_per","Site",546.976776920701,548.734462146297,-1.75768522559656,0.24231477440344,0.622539238869859
"Post-growing season",149,135,"Tile","Site",546.889900628506,548.734462146297,-1.84456151779148,0.155438482208524,0.693391400035412
"Post-growing season",150,135,"Tillage_Passes","Agricultural",546.475070423873,548.437477729921,-1.96240730604882,0.0375926939511828,0.84626330255301
"Post-growing season",150,135,"PerennialFrac","Agricultural",549.732492736494,548.437477729921,1.29501500657284,3.29501500657284,0.0694904730128404
"Post-growing season",150,135,"Residue_Frac","Agricultural",552.044328894667,548.437477729921,3.60685116474554,5.60685116474554,0.0178903837308136
"Post-growing season",150,135,"MeanSlope_per","Site",547.607078698537,548.437477729921,-0.830399031384559,1.16960096861544,0.279483245876483
"Post-growing season",150,135,"Hydrologic_Group","Site",564.798099796947,548.437477729921,16.3606220670257,20.3606220670257,3.79094159980361e-05
"Post-growing season",150,135,"Tile","Site",555.878384534563,548.437477729921,7.44090680464149,9.44090680464149,0.00212198550064397
"Post-growing season",151,135,"Tillage_Passes","Agricultural",547.992242719457,549.627750421184,-1.63550770172708,0.364492298272921,0.546021851680718
"Post-growing season",151,135,"PerennialFrac","Agricultural",554.885143670055,549.627750421184,5.25739324887161,7.25739324887161,0.00706097086605352
"Post-growing season",151,135,"Residue_Frac","Agricultural",550.326482267504,549.627750421184,0.698731846320129,2.69873184632013,0.100428099460061
"Post-growing season",151,135,"MeanSlope_per","Site",550.695356401584,549.627750421184,1.06760598040069,3.06760598040069,0.079867007848922
"Post-growing season",151,135,"Hydrologic_Group","Site",565.800943691856,549.627750421184,16.1731932706726,20.1731932706726,4.16338660004575e-05
"Post-growing season",151,135,"Tile","Site",554.726936290313,549.627750421184,5.0991858691292,7.0991858691292,0.00771189730061253
"Post-growing season",152,135,"Tillage_Passes","Agricultural",541.319298789715,540.197867805212,1.12143098450281,3.12143098450281,0.0772689002716373
"Post-growing season",152,135,"PerennialFrac","Agricultural",542.774392871082,540.197867805212,2.57652506586999,4.57652506586999,0.0324128821725418
"Post-growing season",152,135,"Residue_Frac","Agricultural",543.296273223797,540.197867805212,3.09840541858478,5.09840541858478,0.0239478488084815
"Post-growing season",152,135,"MeanSlope_per","Site",539.901432011946,540.197867805212,-0.296435793266369,1.70356420673363,0.191822515496344
"Post-growing season",152,135,"Hydrologic_Group","Site",554.284906951889,540.197867805212,14.087039146676,18.087039146676,0.000118154251230844
"Post-growing season",152,135,"Tile","Site",547.309522830116,540.197867805212,7.11165502490383,9.11165502490383,0.0025398596970243
"Post-growing season",153,135,"Tillage_Passes","Agricultural",543.018753100789,544.464608282044,-1.44585518125541,0.554144818744589,0.456629051649125
"Post-growing season",153,135,"PerennialFrac","Agricultural",544.279639791709,544.464608282044,-0.184968490335336,1.81503150966466,0.177905829787554
"Post-growing season",153,135,"Residue_Frac","Agricultural",545.675009445642,544.464608282044,1.21040116359848,3.21040116359848,0.0731715410396732
"Post-growing season",153,135,"MeanSlope_per","Site",543.293393416694,544.464608282044,-1.17121486534961,0.828785134650388,0.362624055355387
"Post-growing season",153,135,"Hydrologic_Group","Site",551.168030756573,544.464608282044,6.70342247452936,10.7034224745294,0.00474003273460267
"Post-growing season",153,135,"Tile","Site",542.869580768213,544.464608282044,-1.59502751383093,0.404972486169072,0.524532366591435
"Post-growing season",154,135,"Tillage_Passes","Agricultural",543.67033396165,545.670231399187,-1.99989743753679,0.000102562463212053,0.991919711649742
"Post-growing season",154,135,"PerennialFrac","Agricultural",546.362414363359,545.670231399187,0.692182964172616,2.69218296417262,0.100841575438544
"Post-growing season",154,135,"Residue_Frac","Agricultural",544.805955954434,545.670231399187,-0.864275444752593,1.13572455524741,0.286557566567808
"Post-growing season",154,135,"MeanSlope_per","Site",543.739979221748,545.670231399187,-1.930252177439,0.0697478225609984,0.791704304373444
"Post-growing season",154,135,"Hydrologic_Group","Site",553.043320077522,545.670231399187,7.37308867833553,11.3730886783355,0.00339129189855356
"Post-growing season",154,135,"Tile","Site",545.773418010446,545.670231399187,0.103186611258934,2.10318661125893,0.146992512079569
"Post-growing season",155,135,"Tillage_Passes","Agricultural",537.588401150036,539.058840388752,-1.47043923871615,0.529560761283847,0.466791583094482
"Post-growing season",155,135,"PerennialFrac","Agricultural",537.999956997895,539.058840388752,-1.05888339085709,0.94111660914291,0.331990843716302
"Post-growing season",155,135,"Residue_Frac","Agricultural",537.422237651467,539.058840388752,-1.63660273728487,0.363397262715125,0.546625509864937
"Post-growing season",155,135,"MeanSlope_per","Site",537.311465335371,539.058840388752,-1.74737505338123,0.252624946618766,0.615232806648873
"Post-growing season",155,135,"Hydrologic_Group","Site",542.797436355778,539.058840388752,3.73859596702641,7.73859596702641,0.0208730174854272
"Post-growing season",155,135,"Tile","Site",539.859808164907,539.058840388752,0.800967776155062,2.80096777615506,0.0942074279524199
"Post-growing season",156,135,"Tillage_Passes","Agricultural",543.105789792532,544.993753220589,-1.88796342805665,0.112036571943349,0.737837334581993
"Post-growing season",156,135,"PerennialFrac","Agricultural",543.008114187487,544.993753220589,-1.98563903310207,0.0143609668979252,0.904612071969817
"Post-growing season",156,135,"Residue_Frac","Agricultural",543.753080278868,544.993753220589,-1.24067294172028,0.759327058279723,0.383539200101604
"Post-growing season",156,135,"MeanSlope_per","Site",543.305506130265,544.993753220589,-1.68824709032401,0.311752909675988,0.576606516723432
"Post-growing season",156,135,"Tile","Site",543.80336046332,544.993753220589,-1.1903927572688,0.809607242731204,0.368236394972803
"Post-growing season",157,135,"Tillage_Passes","Agricultural",539.584808473968,541.469533656627,-1.88472518265917,0.115274817340833,0.73421693836659
"Post-growing season",157,135,"PerennialFrac","Agricultural",549.82405279641,541.469533656627,8.35451913978318,10.3545191397832,0.00129158104999229
"Post-growing season",157,135,"Residue_Frac","Agricultural",549.071400025798,541.469533656627,7.60186636917138,9.60186636917138,0.00194379702104795
"Post-growing season",157,135,"MeanSlope_per","Site",540.130388638966,541.469533656627,-1.33914501766048,0.660854982339515,0.416258264563645
"Post-growing season",157,135,"Hydrologic_Group","Site",558.361478275272,541.469533656627,16.8919446186451,20.8919446186451,2.90651031079338e-05
"Post-growing season",157,135,"Tile","Site",546.083697645822,541.469533656627,4.61416398919528,6.61416398919528,0.0101170821598672
"Post-growing season",158,135,"Tillage_Passes","Agricultural",535.065687369007,532.902867054809,2.16282031419746,4.16282031419746,0.0413205469257094
"Post-growing season",158,135,"PerennialFrac","Agricultural",537.778120458708,532.902867054809,4.87525340389936,6.87525340389942,0.00873973646318444
"Post-growing season",158,135,"Residue_Frac","Agricultural",535.25477194249,532.902867054809,2.35190488768058,4.35190488768069,0.0369675757627367
"Post-growing season",158,135,"MeanSlope_per","Site",532.733272325335,532.902867054809,-0.169594729474284,1.83040527052577,0.176079684453283
"Post-growing season",158,135,"Hydrologic_Group","Site",549.426761495579,532.902867054809,16.5238944407699,20.52389444077,3.4937590371689e-05
"Post-growing season",158,135,"Tile","Site",535.896201966399,532.902867054809,2.99333491158973,4.99333491158978,0.0254451242299383
"Post-growing season",159,135,"Tillage_Passes","Agricultural",523.896858750099,525.610393721378,-1.7135349712795,0.286465028720443,0.592494779551337
"Post-growing season",159,135,"PerennialFrac","Agricultural",535.343214698135,525.610393721378,9.73282097675724,11.7328209767572,0.000614074407845643
"Post-growing season",159,135,"Residue_Frac","Agricultural",526.997129291908,525.610393721378,1.38673557052982,3.38673557052982,0.0657229503799655
"Post-growing season",159,135,"MeanSlope_per","Site",523.623130501456,525.610393721378,-1.98726321992183,0.0127367800781713,0.91014365481556
"Post-growing season",159,135,"Hydrologic_Group","Site",537.595233575531,525.610393721378,11.9848398541525,15.9848398541525,0.000338015120905112
"Post-growing season",159,135,"Tile","Site",527.223332605071,525.610393721378,1.61293888369312,3.61293888369312,0.0573317215039668
"Post-growing season",160,135,"Tillage_Passes","Agricultural",523.83070356138,525.829130448009,-1.99842688662886,0.00157311337113697,0.968362204180217
"Post-growing season",160,135,"PerennialFrac","Agricultural",527.998117028846,525.829130448009,2.16898658083653,4.16898658083653,0.041170418264845
"Post-growing season",160,135,"Residue_Frac","Agricultural",524.39396331857,525.829130448009,-1.43516712943949,0.564832870560565,0.452319533056888
"Post-growing season",160,135,"MeanSlope_per","Site",527.148584282001,525.829130448009,1.31945383399227,3.31945383399221,0.0684645702766451
"Post-growing season",160,135,"Hydrologic_Group","Site",536.034961343391,525.829130448009,10.2058308953818,14.2058308953818,0.00082270287624524
"Post-growing season",160,135,"Tile","Site",528.466071904966,525.829130448009,2.63694145695661,4.63694145695655,0.0312907218451219
"Post-growing season",161,135,"Tillage_Passes","Agricultural",527.440846816702,529.158195715781,-1.71734889907896,0.2826511009211,0.594968832850048
"Post-growing season",161,135,"PerennialFrac","Agricultural",527.164565992822,529.158195715781,-1.99362972295933,0.00637027704061666,0.936385177277933
"Post-growing season",161,135,"Residue_Frac","Agricultural",527.328031965285,529.158195715781,-1.8301637504959,0.169836249504044,0.680257378925112
"Post-growing season",161,135,"MeanSlope_per","Site",528.480262900511,529.158195715781,-0.677932815270651,1.32206718472935,0.250221392406375
"Post-growing season",161,135,"Hydrologic_Group","Site",536.31765815575,529.158195715781,7.15946243996848,11.1594624399685,0.00377357964529417
"Post-growing season",161,135,"Tile","Site",527.179613392435,529.158195715781,-1.97858232334613,0.0214176766539254,0.883646838241889
"Post-growing season",162,135,"Tillage_Passes","Agricultural",546.242553819651,548.099848044916,-1.85729422526515,0.14270577473485,0.705605786477111
"Post-growing season",162,135,"PerennialFrac","Agricultural",556.587415928188,548.099848044916,8.48756788327148,10.4875678832715,0.00120180467778922
"Post-growing season",162,135,"Residue_Frac","Agricultural",550.971608704541,548.099848044916,2.87176065962512,4.87176065962512,0.0272996338800894
"Post-growing season",162,135,"MeanSlope_per","Site",546.559982394471,548.099848044916,-1.53986565044522,0.460134349554778,0.497561191434265
"Post-growing season",162,135,"Hydrologic_Group","Site",561.879433338684,548.099848044916,13.7795852937679,17.7795852937679,0.000137788225837648
"Post-growing season",162,135,"Tile","Site",552.013723269438,548.099848044916,3.91387522452135,5.91387522452135,0.0150220906676169
"Post-growing season",163,135,"Tillage_Passes","Agricultural",558.686020626418,560.661752123119,-1.97573149670086,0.0242685032991403,0.876203665720881
"Post-growing season",163,135,"PerennialFrac","Agricultural",564.582543172142,560.661752123119,3.92079104902348,5.92079104902348,0.0149632390013748
"Post-growing season",163,135,"Residue_Frac","Agricultural",564.656171088411,560.661752123119,3.99441896529254,5.99441896529254,0.0143512070960596
"Post-growing season",163,135,"MeanSlope_per","Site",559.332139429166,560.661752123119,-1.32961269395275,0.670387306047246,0.412916607119678
"Post-growing season",163,135,"Hydrologic_Group","Site",573.116855307939,560.661752123119,12.4551031848205,16.4551031848205,0.000267189719381602
"Post-growing season",163,135,"Tile","Site",565.720187916063,560.661752123119,5.05843579294412,7.05843579294412,0.00788928527754798
"Post-growing season",164,135,"Tillage_Passes","Agricultural",518.362595800487,519.287663200198,-0.925067399711338,1.07493260028872,0.299833940172121
"Post-growing season",164,135,"PerennialFrac","Agricultural",517.506579320232,519.287663200198,-1.7810838799661,0.218916120033953,0.639867024349108
"Post-growing season",164,135,"Residue_Frac","Agricultural",520.72813529961,519.287663200198,1.44047209941198,3.44047209941198,0.0636175119665315
"Post-growing season",164,135,"MeanSlope_per","Site",526.7275924549,519.287663200198,7.43992925470184,9.43992925470184,0.00212311683944724
"Post-growing season",164,135,"Hydrologic_Group","Site",531.643779562281,519.287663200198,12.3561163620826,16.3561163620826,0.000280746570183665
"Post-growing season",164,135,"Tile","Site",519.818479217765,519.287663200198,0.530816017566963,2.53081601756696,0.111642467457339
"Post-growing season",165,135,"Tillage_Passes","Agricultural",527.435476330427,529.313550019912,-1.87807368948529,0.121926310514766,0.72695456907187
"Post-growing season",165,135,"PerennialFrac","Agricultural",527.384827672009,529.313550019912,-1.92872234790377,0.0712776520962279,0.78948552370698
"Post-growing season",165,135,"Residue_Frac","Agricultural",527.31945916546,529.313550019912,-1.994090854452,0.00590914554794608,0.938726194265022
"Post-growing season",165,135,"MeanSlope_per","Site",529.778950641008,529.313550019912,0.46540062109591,2.46540062109591,0.116378026393186
"Post-growing season",165,135,"Hydrologic_Group","Site",536.397766300653,529.313550019912,7.08421628074075,11.0842162807407,0.0039182578876792
"Post-growing season",165,135,"Tile","Site",527.557334824937,529.313550019912,-1.75621519497577,0.243784805024291,0.62148579398751
"Post-growing season",166,135,"Tillage_Passes","Agricultural",554.50163338387,556.472906609725,-1.97127322585493,0.0287267741450705,0.865411436848903
"Post-growing season",166,135,"PerennialFrac","Agricultural",559.587683970849,556.472906609725,3.11477736112374,5.11477736112374,0.0237229100368121
"Post-growing season",166,135,"Residue_Frac","Agricultural",559.393131549124,556.472906609725,2.9202249393993,4.9202249393993,0.0265440609125623
"Post-growing season",166,135,"MeanSlope_per","Site",556.218535511539,556.472906609725,-0.254371098185743,1.74562890181426,0.186427185247233
"Post-growing season",166,135,"Hydrologic_Group","Site",573.208769096042,556.472906609725,16.7358624863175,20.7358624863175,3.14242319927305e-05
"Post-growing season",166,135,"Tile","Site",558.542727373213,556.472906609725,2.06982076348766,4.06982076348766,0.0436559064019443
"Post-growing season",167,135,"Tillage_Passes","Agricultural",550.784295716475,552.037767646242,-1.25347192976676,0.746528070233239,0.38757769547056
"Post-growing season",167,135,"PerennialFrac","Agricultural",558.882324923993,552.037767646242,6.84455727775128,8.84455727775128,0.0029396419648183
"Post-growing season",167,135,"Residue_Frac","Agricultural",552.699110191151,552.037767646242,0.661342544908962,2.66134254490896,0.102813921292477
"Post-growing season",167,135,"MeanSlope_per","Site",555.506107979226,552.037767646242,3.46834033298364,5.46834033298364,0.0193640059666663
"Post-growing season",167,135,"Hydrologic_Group","Site",565.997805765645,552.037767646242,13.9600381194032,17.9600381194032,0.000125900447853836
"Post-growing season",167,135,"Tile","Site",551.237279885735,552.037767646242,-0.800487760507053,1.19951223949295,0.27341918769278
"Post-growing season",168,135,"Tillage_Passes","Agricultural",525.21032149712,525.994050539013,-0.783729041892229,1.21627095810777,0.270093721374926
"Post-growing season",168,135,"PerennialFrac","Agricultural",527.829778229274,525.994050539013,1.83572769026159,3.83572769026159,0.0501712082278907
"Post-growing season",168,135,"Residue_Frac","Agricultural",525.471880134381,525.994050539013,-0.522170404632107,1.47782959536789,0.224114411222656
"Post-growing season",168,135,"MeanSlope_per","Site",526.150544449896,525.994050539013,0.156493910883228,2.15649391088323,0.141968302743574
"Post-growing season",168,135,"Hydrologic_Group","Site",535.043926011491,525.994050539013,9.04987547247856,13.0498754724786,0.00146641044842977
"Post-growing season",168,135,"Tile","Site",525.91995238205,525.994050539013,-0.0740981569625774,1.92590184303742,0.165207502089623
"Post-growing season",169,135,"Tillage_Passes","Agricultural",558.734223313946,560.488870323767,-1.7546470098215,0.245352990178503,0.620366356130511
"Post-growing season",169,135,"PerennialFrac","Agricultural",558.917316696041,560.488870323767,-1.57155362772664,0.428446372273356,0.512752275992613
"Post-growing season",169,135,"Residue_Frac","Agricultural",561.456413069894,560.488870323767,0.967542746126469,2.96754274612647,0.0849508014109503
"Post-growing season",169,135,"MeanSlope_per","Site",560.665434508541,560.488870323767,0.17656418477327,2.17656418477327,0.140126979773498
"Post-growing season",169,135,"Hydrologic_Group","Site",564.656862313977,560.488870323767,4.16799199021011,8.16799199021011,0.0168400383121028
"Post-growing season",169,135,"Tile","Site",561.01646381208,560.488870323767,0.527593488312618,2.52759348831262,0.111870714527771
"Post-growing season",170,135,"Tillage_Passes","Agricultural",506.782094223558,503.781806736276,3.00028748728221,5.00028748728221,0.0253431087943293
"Post-growing season",170,135,"PerennialFrac","Agricultural",503.677959135472,503.781806736276,-0.103847600803647,1.89615239919635,0.168509620997499
"Post-growing season",170,135,"Residue_Frac","Agricultural",501.805302491795,503.781806736276,-1.97650424448096,0.0234957555190363,0.878174907109542
"Post-growing season",170,135,"MeanSlope_per","Site",501.915425180793,503.781806736276,-1.86638155548252,0.133618444517481,0.714709422713007
"Post-growing season",170,135,"Hydrologic_Group","Site",512.523340051662,503.781806736276,8.74153331538594,12.7415333153859,0.00171084708856789
"Post-growing season",170,135,"Tile","Site",502.457214600492,503.781806736276,-1.32459213578318,0.675407864216822,0.411172508900432
"Post-growing season",171,135,"Tillage_Passes","Agricultural",534.398644373595,536.331138475249,-1.93249410165413,0.0675058983458712,0.795003415659884
"Post-growing season",171,135,"PerennialFrac","Agricultural",541.336861189854,536.331138475249,5.00572271460453,7.00572271460459,0.00812495666919516
"Post-growing season",171,135,"Residue_Frac","Agricultural",536.944708333837,536.331138475249,0.613569858587198,2.61356985858725,0.105953008419108
"Post-growing season",171,135,"MeanSlope_per","Site",538.787717659918,536.331138475249,2.45657918466816,4.45657918466821,0.0347670560462769
"Post-growing season",171,135,"Hydrologic_Group","Site",552.81643024697,536.331138475249,16.4852917717203,20.4852917717204,3.56184824152496e-05
"Post-growing season",171,135,"Tile","Site",540.049537557487,536.331138475249,3.71839908223774,5.7183990822378,0.0167880308494739
"Post-growing season",172,135,"Tillage_Passes","Agricultural",542.812587036718,541.069038820845,1.74354821587372,3.74354821587372,0.0530117603542459
"Post-growing season",172,135,"PerennialFrac","Agricultural",540.204396814545,541.069038820845,-0.864642006299619,1.13535799370038,0.286635347985867
"Post-growing season",172,135,"Residue_Frac","Agricultural",552.481591232148,541.069038820845,11.4125524113037,13.4125524113037,0.000249946081310251
"Post-growing season",172,135,"MeanSlope_per","Site",541.579456074359,541.069038820845,0.510417253514674,2.51041725351467,0.113095983529646
"Post-growing season",172,135,"Hydrologic_Group","Site",554.998729208426,541.069038820845,13.9296903875816,17.9296903875816,0.000127825412007154
"Post-growing season",172,135,"Tile","Site",543.541292363857,541.069038820845,2.47225354301224,4.47225354301224,0.0344495269171574
"Post-growing season",173,135,"Tillage_Passes","Agricultural",522.972492203376,523.598977055814,-0.626484852438807,1.37351514756108,0.241208849706706
"Post-growing season",173,135,"PerennialFrac","Agricultural",523.144405433757,523.598977055814,-0.454571622057756,1.54542837794219,0.213811607097175
"Post-growing season",173,135,"Residue_Frac","Agricultural",524.166248063441,523.598977055814,0.567271007626687,2.56727100762663,0.109095788705355
"Post-growing season",173,135,"MeanSlope_per","Site",524.599991179752,523.598977055814,1.00101412393735,3.0010141239373,0.0832124149565298
"Post-growing season",173,135,"Hydrologic_Group","Site",546.889834858475,523.598977055814,23.2908578026603,27.2908578026602,1.18540164327677e-06
"Post-growing season",173,135,"Tile","Site",538.636241975127,523.598977055814,15.0372649193122,17.0372649193121,3.66533680747031e-05
"Post-growing season",174,135,"Tillage_Passes","Agricultural",527.78990655592,529.69100690648,-1.90110035055955,0.0988996494404546,0.753154114780156
"Post-growing season",174,135,"PerennialFrac","Agricultural",529.177830459444,529.69100690648,-0.513176447035448,1.48682355296455,0.222709958294677
"Post-growing season",174,135,"Residue_Frac","Agricultural",528.533030792077,529.69100690648,-1.15797611440314,0.842023885596859,0.358818579374554
"Post-growing season",174,135,"MeanSlope_per","Site",533.931403055345,529.69100690648,4.24039614886544,6.2403961488655,0.0124868542267177
"Post-growing season",174,135,"Hydrologic_Group","Site",545.328384923445,529.69100690648,15.6373780169647,19.6373780169647,5.44248880131296e-05
"Post-growing season",174,135,"Tile","Site",538.434610311867,529.69100690648,8.7436034053876,10.7436034053876,0.00104640380573075
"Post-growing season",175,135,"Tillage_Passes","Agricultural",525.434023134537,526.638840523532,-1.20481738899502,0.795182611004975,0.372537603933452
"Post-growing season",175,135,"PerennialFrac","Agricultural",532.20631620777,526.638840523532,5.56747568423714,7.56747568423714,0.00594309627691656
"Post-growing season",175,135,"Residue_Frac","Agricultural",526.133713919835,526.638840523532,-0.505126603697022,1.49487339630303,0.221461861721511
"Post-growing season",175,135,"MeanSlope_per","Site",524.767399806618,526.638840523532,-1.87144071691398,0.12855928308602,0.71993052519993
"Post-growing season",175,135,"Hydrologic_Group","Site",535.669231820153,526.638840523532,9.03039129662091,13.0303912966209,0.00148076616172926
"Post-growing season",175,135,"Tile","Site",526.588303306547,526.638840523532,-0.0505372169853899,1.94946278301455,0.162644752733782
"Post-growing season",176,135,"Tillage_Passes","Agricultural",525.894181521168,527.735075944211,-1.84089442304298,0.159105576957018,0.689981328594701
"Post-growing season",176,135,"PerennialFrac","Agricultural",529.078528195769,527.735075944211,1.34345225155812,3.34345225155812,0.0674729055616917
"Post-growing season",176,135,"Residue_Frac","Agricultural",527.71225594629,527.735075944211,-0.0228199979213741,1.97718000207868,0.159687803161818
"Post-growing season",176,135,"MeanSlope_per","Site",529.963095979768,527.735075944211,2.22802003555648,4.22802003555654,0.039761799191462
"Post-growing season",176,135,"Hydrologic_Group","Site",545.007064900556,527.735075944211,17.2719889563446,21.2719889563446,2.40351196572485e-05
"Post-growing season",176,135,"Tile","Site",534.791417435344,527.735075944211,7.05634149113314,9.0563414911332,0.00261785261744601
"Post-growing season",177,135,"Tillage_Passes","Agricultural",551.179825880865,553.134289272865,-1.95446339199952,0.0455366080004751,0.831020374994708
"Post-growing season",177,135,"PerennialFrac","Agricultural",552.11130453134,553.134289272865,-1.02298474152485,0.977015258475149,0.322936803342837
"Post-growing season",177,135,"Residue_Frac","Agricultural",554.051914396413,553.134289272865,0.917625123548419,2.91762512354842,0.0876167292279186
"Post-growing season",177,135,"MeanSlope_per","Site",554.690170446298,553.134289272865,1.55588117343336,3.55588117343336,0.0593347964540598
"Post-growing season",177,135,"Hydrologic_Group","Site",562.729503521866,553.134289272865,9.59521424900117,13.5952142490012,0.00111644346430928
"Post-growing season",177,135,"Tile","Site",559.871414059679,553.134289272865,6.73712478681409,8.73712478681409,0.00311795772946227
"Post-growing season",178,135,"Tillage_Passes","Agricultural",549.627502031746,551.082285581587,-1.45478354984084,0.54521645015916,0.46027886435265
"Post-growing season",178,135,"PerennialFrac","Agricultural",553.689163870748,551.082285581587,2.60687828916139,4.60687828916139,0.0318439515943032
"Post-growing season",178,135,"Residue_Frac","Agricultural",551.318759944907,551.082285581587,0.236474363320553,2.23647436332055,0.13478800085981
"Post-growing season",178,135,"MeanSlope_per","Site",551.603552624789,551.082285581587,0.52126704320267,2.52126704320267,0.112320303306898
"Post-growing season",178,135,"Hydrologic_Group","Site",566.866236292994,551.082285581587,15.7839507114072,19.7839507114072,5.05789358595276e-05
"Post-growing season",178,135,"Tile","Site",554.298765040652,551.082285581587,3.21647945906489,5.21647945906489,0.0223738023768925
"Post-growing season",179,135,"Tillage_Passes","Agricultural",555.3912894275,557.391276172896,-1.99998674539597,1.32546040276793e-05,0.99709515822847
"Post-growing season",179,135,"PerennialFrac","Agricultural",558.141194130666,557.391276172896,0.749917957770663,2.74991795777066,0.0972594188740354
"Post-growing season",179,135,"Residue_Frac","Agricultural",559.707689584515,557.391276172896,2.31641341161969,4.31641341161969,0.0377464013965365
"Post-growing season",179,135,"MeanSlope_per","Site",557.607999862031,557.391276172896,0.216723689134938,2.21672368913494,0.136522505898021
"Post-growing season",179,135,"Hydrologic_Group","Site",567.725361515638,557.391276172896,10.3340853427428,14.3340853427428,0.00077160123885209
"Post-growing season",179,135,"Tile","Site",558.888276642331,557.391276172896,1.49700046943531,3.49700046943531,0.0614800875379238
"Post-growing season",180,135,"Tillage_Passes","Agricultural",530.240754620946,527.646315925166,2.59443869578058,4.59443869578064,0.032075844283733
"Post-growing season",180,135,"PerennialFrac","Agricultural",525.743470376425,527.646315925166,-1.90284554874052,0.0971544512594846,0.755271501296677
"Post-growing season",180,135,"Residue_Frac","Agricultural",531.506853880834,527.646315925166,3.86053795566863,5.86053795566869,0.0154840607908322
"Post-growing season",180,135,"MeanSlope_per","Site",532.445702122418,527.646315925166,4.79938619725181,6.79938619725186,0.00911892169023019
"Post-growing season",180,135,"Hydrologic_Group","Site",540.522906604028,527.646315925166,12.8765906788618,16.8765906788619,0.00021641875653862
"Post-growing season",180,135,"Tile","Site",532.302729380873,527.646315925166,4.65641345570702,6.65641345570708,0.00987995690910268
"Post-growing season",181,135,"Tillage_Passes","Agricultural",533.093537258552,534.866946084452,-1.77340882590011,0.226591174099951,0.63406302265093
"Post-growing season",181,135,"PerennialFrac","Agricultural",532.879230624588,534.866946084452,-1.98771545986392,0.0122845401361928,0.911746679093536
"Post-growing season",181,135,"Residue_Frac","Agricultural",533.12756466313,534.866946084452,-1.73938142132181,0.260618578678248,0.609695501181528
"Post-growing season",181,135,"MeanSlope_per","Site",533.673855139387,534.866946084452,-1.19309094506434,0.806909054935659,0.369035670346331
"Post-growing season",181,135,"Hydrologic_Group","Site",545.359131235937,534.866946084452,10.4921851514856,14.4921851514857,0.000712954770003162
"Post-growing season",181,135,"Tile","Site",533.349104509404,534.866946084452,-1.51784157504721,0.482158424952843,0.487446262092495
"Post-growing season",182,135,"Tillage_Passes","Agricultural",536.8539955956,537.283158211545,-0.429162615944961,1.5708373840551,0.210085446919727
"Post-growing season",182,135,"PerennialFrac","Agricultural",536.609469631273,537.283158211545,-0.673688580272028,1.32631141972803,0.249462481592636
"Post-growing season",182,135,"Residue_Frac","Agricultural",535.94128502812,537.283158211545,-1.34187318342538,0.658126816574679,0.417222027356558
"Post-growing season",182,135,"MeanSlope_per","Site",535.580876009022,537.283158211545,-1.70228220252329,0.297717797476764,0.585316706701654
"Post-growing season",182,135,"Hydrologic_Group","Site",549.449762816704,537.283158211545,12.1666046051586,16.1666046051586,0.000308650094615146
"Post-growing season",182,135,"Tile","Site",537.607004977782,537.283158211545,0.323846766236898,2.32384676623695,0.127404610780418
"Post-growing season",183,135,"Tillage_Passes","Agricultural",552.678094134464,553.688879010749,-1.01078487628445,0.989215123715553,0.31993428079363
"Post-growing season",183,135,"PerennialFrac","Agricultural",561.422037640991,553.688879010749,7.73315863024231,9.73315863024231,0.00180973221946278
"Post-growing season",183,135,"Residue_Frac","Agricultural",562.15996137611,553.688879010749,8.47108236536087,10.4710823653609,0.00121257654432746
"Post-growing season",183,135,"MeanSlope_per","Site",559.383905096835,553.688879010749,5.69502608608627,7.69502608608627,0.00553732095261133
"Post-growing season",183,135,"Hydrologic_Group","Site",569.611348587627,553.688879010749,15.9224695768787,19.9224695768787,4.71944249205361e-05
"Post-growing season",183,135,"Tile","Site",559.538687325422,553.688879010749,5.84980831467283,7.84980831467283,0.00508260959290896
"Post-growing season",184,135,"Tillage_Passes","Agricultural",530.996528879477,532.243695655288,-1.24716677581102,0.752833224189033,0.38558069509363
"Post-growing season",184,135,"PerennialFrac","Agricultural",530.318403706203,532.243695655288,-1.92529194908502,0.0747080509149782,0.784601297020159
"Post-growing season",184,135,"Residue_Frac","Agricultural",531.005674508271,532.243695655288,-1.23802114701652,0.761978852983475,0.382709954310484
"Post-growing season",184,135,"MeanSlope_per","Site",530.483806287305,532.243695655288,-1.75988936798296,0.240110632017092,0.624126221921457
"Post-growing season",184,135,"Hydrologic_Group","Site",538.414532750381,532.243695655288,6.17083709509325,10.1708370950933,0.00618629728881312
"Post-growing season",184,135,"Tile","Site",533.196424352534,532.243695655288,0.952728697246584,2.9527286972467,0.0857326897314386
"Post-growing season",185,135,"Tillage_Passes","Agricultural",552.526614241286,554.073001725199,-1.54638748391278,0.453612516087219,0.500624401733769
"Post-growing season",185,135,"PerennialFrac","Agricultural",552.575583850148,554.073001725199,-1.49741787505036,0.50258212494964,0.478367750822045
"Post-growing season",185,135,"Residue_Frac","Agricultural",553.295533157105,554.073001725199,-0.777468568093582,1.22253143190642,0.268864429020066
"Post-growing season",185,135,"MeanSlope_per","Site",552.885956881178,554.073001725199,-1.18704484402042,0.81295515597958,0.367247997813235
"Post-growing season",185,135,"Hydrologic_Group","Site",559.483391228182,554.073001725199,5.41038950298321,9.41038950298321,0.00904815190522205
"Post-growing season",185,135,"Tile","Site",554.111971642945,554.073001725199,0.0389699177468401,2.03896991774684,0.153313435666711
"Post-growing season",186,135,"Tillage_Passes","Agricultural",524.787667909486,524.937319374844,-0.149651465358829,1.85034853464128,0.173742863159965
"Post-growing season",186,135,"PerennialFrac","Agricultural",525.543480929496,524.937319374844,0.606161554651408,2.60616155465146,0.106449138074872
"Post-growing season",186,135,"Residue_Frac","Agricultural",530.684476804881,524.937319374844,5.74715743003628,7.74715743003634,0.00537971523978723
"Post-growing season",186,135,"MeanSlope_per","Site",523.681965019307,524.937319374844,-1.25535435553752,0.744645644462537,0.388176764433896
"Post-growing season",186,135,"Tile","Site",523.375061989989,524.937319374844,-1.56225738485546,0.4377426151446,0.508214016012199
"Post-growing season",187,135,"Tillage_Passes","Agricultural",558.445646752918,559.841697656506,-1.39605090358873,0.60394909641127,0.437075221485713
"Post-growing season",187,135,"PerennialFrac","Agricultural",558.362550252072,559.841697656506,-1.47914740443468,0.520852595565316,0.470478215451323
"Post-growing season",187,135,"Residue_Frac","Agricultural",560.212659414377,559.841697656506,0.370961757870532,2.37096175787053,0.123610876168569
"Post-growing season",187,135,"MeanSlope_per","Site",558.252241418143,559.841697656506,-1.58945623836291,0.410543761637086,0.521693642403744
"Post-growing season",187,135,"Hydrologic_Group","Site",565.35326305093,559.841697656506,5.51156539442331,9.51156539442331,0.00860180944552231
"Post-growing season",187,135,"Tile","Site",560.010198832127,559.841697656506,0.168501175620236,2.16850117562024,0.140863467195208
"Post-growing season",188,135,"Tillage_Passes","Agricultural",532.117280357882,533.617903824751,-1.50062346686957,0.49937653313043,0.479774196271348
"Post-growing season",188,135,"PerennialFrac","Agricultural",550.153282365908,533.617903824751,16.5353785411569,18.5353785411569,1.66779675363844e-05
"Post-growing season",188,135,"Residue_Frac","Agricultural",537.15708749393,533.617903824751,3.53918366917867,5.53918366917867,0.0185952549235881
"Post-growing season",188,135,"MeanSlope_per","Site",532.236068685502,533.617903824751,-1.38183513924992,0.618164860750028,0.431730053699705
"Post-growing season",188,135,"Hydrologic_Group","Site",548.631197135443,533.617903824751,15.0132933106914,19.0132933106914,7.4355965318411e-05
"Post-growing season",188,135,"Tile","Site",540.019034769679,533.617903824751,6.40113094492744,8.40113094492744,0.00374987644048315
"Post-growing season",189,135,"Tillage_Passes","Agricultural",493.762797880282,495.494841388412,-1.73204350812932,0.267956491870677,0.604705880442613
"Post-growing season",189,135,"PerennialFrac","Agricultural",504.892557427435,495.494841388412,9.39771603902369,11.3977160390237,0.000735344579290275
"Post-growing season",189,135,"Residue_Frac","Agricultural",495.157931457679,495.494841388412,-0.336909930732986,1.66309006926701,0.197186624872343
"Post-growing season",189,135,"MeanSlope_per","Site",494.308979335163,495.494841388412,-1.18586205324902,0.814137946750975,0.366899686604411
"Post-growing season",189,135,"Hydrologic_Group","Site",507.189676303927,495.494841388412,11.6948349155152,15.6948349155152,0.00039075982002455
"Post-growing season",189,135,"Tile","Site",496.005641407388,495.494841388412,0.510800018976568,2.51080001897657,0.113068518405729
"Post-growing season",190,135,"Tillage_Passes","Agricultural",549.71058779334,546.899041231388,2.81154656195235,4.81154656195235,0.0282696633862515
"Post-growing season",190,135,"PerennialFrac","Agricultural",550.646131176531,546.899041231388,3.74708994514333,5.74708994514333,0.0165159937778415
"Post-growing season",190,135,"Residue_Frac","Agricultural",545.655834573119,546.899041231388,-1.24320665826906,0.75679334173094,0.384333904876303
"Post-growing season",190,135,"MeanSlope_per","Site",549.787931148797,546.899041231388,2.88888991740873,4.88888991740873,0.0270300604446984
"Post-growing season",190,135,"Hydrologic_Group","Site",568.623494746673,546.899041231388,21.7244535152847,25.7244535152847,2.59421457009925e-06
"Post-growing season",190,135,"Tile","Site",551.401659048373,546.899041231388,4.50261781698498,6.50261781698498,0.010771578130234
"Post-growing season",191,135,"Tillage_Passes","Agricultural",538.939527459601,540.650268396031,-1.71074093643028,0.289259063569716,0.590695731386399
"Post-growing season",191,135,"PerennialFrac","Agricultural",542.769079074833,540.650268396031,2.11881067880233,4.11881067880233,0.0424088823450473
"Post-growing season",191,135,"Residue_Frac","Agricultural",540.274399515433,540.650268396031,-0.375868880598205,1.6241311194018,0.202516722742451
"Post-growing season",191,135,"MeanSlope_per","Site",544.371007527823,540.650268396031,3.72073913179167,5.72073913179167,0.0167656712073113
"Post-growing season",191,135,"Hydrologic_Group","Site",560.275173968521,540.650268396031,19.6249055724899,23.6249055724899,7.41168472465708e-06
"Post-growing season",191,135,"Tile","Site",547.198667031616,540.650268396031,6.54839863558527,8.54839863558527,0.00345826316997399
"Post-growing season",192,135,"Tillage_Passes","Agricultural",545.632841169845,547.148364110746,-1.51552294090072,0.484477059099277,0.486401360845615
"Post-growing season",192,135,"PerennialFrac","Agricultural",548.562965992175,547.148364110746,1.41460188142958,3.41460188142958,0.0646219992556707
"Post-growing season",192,135,"Residue_Frac","Agricultural",552.20567962602,547.148364110746,5.05731551527469,7.05731551527469,0.00789422042946654
"Post-growing season",192,135,"MeanSlope_per","Site",547.741006095337,547.148364110746,0.59264198459141,2.59264198459141,0.107361117728316
"Post-growing season",192,135,"Hydrologic_Group","Site",557.642172540927,547.148364110746,10.4938084301812,14.4938084301812,0.000712376342627628
"Post-growing season",192,135,"Tile","Site",550.749387278029,547.148364110746,3.60102316728353,5.60102316728353,0.0179499915894364
"Post-growing season",193,135,"Tillage_Passes","Agricultural",556.721656369424,557.206652542785,-0.484996173361424,1.51500382663858,0.21837713167923
"Post-growing season",193,135,"PerennialFrac","Agricultural",556.518124049731,557.206652542785,-0.68852849305415,1.31147150694585,0.252128403776754
"Post-growing season",193,135,"Residue_Frac","Agricultural",556.556556114757,557.206652542785,-0.650096428028064,1.34990357197194,0.245294975189802
"Post-growing season",193,135,"MeanSlope_per","Site",555.392800509814,557.206652542785,-1.81385203297077,0.186147967029228,0.666142157484555
"Post-growing season",193,135,"Hydrologic_Group","Site",560.410132735308,557.206652542785,3.20348019252242,7.20348019252242,0.0272762178832635
"Post-growing season",193,135,"Tile","Site",557.361735095322,557.206652542785,0.155082552536555,2.15508255253656,0.142098805856154
"Post-growing season",194,135,"Tillage_Passes","Agricultural",512.211305883276,511.488936059597,0.722369823678434,2.72236982367843,0.0989510045909939
"Post-growing season",194,135,"PerennialFrac","Agricultural",528.156176938283,511.488936059597,16.6672408786856,18.6672408786856,1.55633553455138e-05
"Post-growing season",194,135,"Residue_Frac","Agricultural",514.387365336649,511.488936059597,2.89842927705212,4.89842927705212,0.0268811351864861
"Post-growing season",194,135,"MeanSlope_per","Site",509.634108067951,511.488936059597,-1.8548279916464,0.145172008353597,0.703192528983115
"Post-growing season",194,135,"Hydrologic_Group","Site",528.621547008012,511.488936059597,17.1326109484144,21.1326109484144,2.57698469032759e-05
"Post-growing season",194,135,"Tile","Site",517.560793232256,511.488936059597,6.07185717265878,8.07185717265878,0.00449580147324097
"Post-growing season",195,135,"Tillage_Passes","Agricultural",550.437871987155,552.298554797899,-1.86068281074324,0.139317189256758,0.708960764230933
"Post-growing season",195,135,"PerennialFrac","Agricultural",553.706876314431,552.298554797899,1.40832151653206,3.40832151653206,0.0648683963187676
"Post-growing season",195,135,"Residue_Frac","Agricultural",553.490209961651,552.298554797899,1.19165516375199,3.19165516375199,0.0740150360966166
"Post-growing season",195,135,"MeanSlope_per","Site",550.354205962323,552.298554797899,-1.9443488355754,0.0556511644246029,0.813506395869458
"Post-growing season",195,135,"Hydrologic_Group","Site",559.268469741442,552.298554797899,6.96991494354381,10.9699149435438,0.00414871151288103
"Post-growing season",195,135,"Tile","Site",551.678628936832,552.298554797899,-0.619925861066918,1.38007413893308,0.240088519182373
"Post-growing season",196,135,"Tillage_Passes","Agricultural",497.472586249368,498.976462973078,-1.50387672371028,0.496123276289723,0.481208491739607
"Post-growing season",196,135,"PerennialFrac","Agricultural",503.150197694244,498.976462973078,4.17373472116566,6.17373472116566,0.0129660605353219
"Post-growing season",196,135,"Residue_Frac","Agricultural",497.976323492416,498.976462973078,-1.00013948066203,0.999860519337972,0.317344260453678
"Post-growing season",196,135,"MeanSlope_per","Site",500.049309344463,498.976462973078,1.07284637138474,3.07284637138474,0.079609969647839
"Post-growing season",196,135,"Hydrologic_Group","Site",504.090487081485,498.976462973078,5.11402410840668,9.11402410840668,0.01049336575671
"Post-growing season",196,135,"Tile","Site",501.066142329959,498.976462973078,2.08967935688088,4.08967935688088,0.0431458264181015
"Post-growing season",197,135,"Tillage_Passes","Agricultural",564.824542986307,566.80989053434,-1.98534754803347,0.0146524519665263,0.903653560391022
"Post-growing season",197,135,"PerennialFrac","Agricultural",565.54849772498,566.80989053434,-1.26139280936059,0.738607190639414,0.390107410208126
"Post-growing season",197,135,"Residue_Frac","Agricultural",567.577461749046,566.80989053434,0.767571214705754,2.76757121470575,0.0961920159865394
"Post-growing season",197,135,"MeanSlope_per","Site",566.17069547236,566.80989053434,-0.639195061980104,1.3608049380199,0.243398027527247
"Post-growing season",197,135,"Hydrologic_Group","Site",586.549833492174,566.80989053434,19.7399429578339,23.7399429578339,6.99740299180969e-06
"Post-growing season",197,135,"Tile","Site",566.740304149632,566.80989053434,-0.0695863847084865,1.93041361529151,0.164713200408998
"Post-growing season",198,135,"Tillage_Passes","Agricultural",535.999453017187,537.352701640884,-1.35324862369669,0.646751376303371,0.421276547360482
"Post-growing season",198,135,"PerennialFrac","Agricultural",536.882196663887,537.352701640884,-0.470504976996267,1.52949502300379,0.216188248603222
"Post-growing season",198,135,"Residue_Frac","Agricultural",536.072658948812,537.352701640884,-1.28004269207145,0.71995730792861,0.396157913281129
"Post-growing season",198,135,"MeanSlope_per","Site",536.261557321716,537.352701640884,-1.09114431916805,0.908855680832005,0.340418222663662
"Post-growing season",198,135,"Hydrologic_Group","Site",548.839953894201,537.352701640884,11.4872522533173,15.4872522533173,0.000433496807321115
"Post-growing season",198,135,"Tile","Site",538.341909087384,537.352701640884,0.9892074465007,2.98920744650076,0.0838211839689741
"Post-growing season",199,135,"Tillage_Passes","Agricultural",531.686649928001,533.441288772338,-1.75463884433714,0.24536115566292,0.620360538928872
"Post-growing season",199,135,"PerennialFrac","Agricultural",535.62279705171,533.441288772338,2.18150827937257,4.18150827937262,0.0408673154899476
"Post-growing season",199,135,"Residue_Frac","Agricultural",536.481559404124,533.441288772338,3.04027063178626,5.04027063178631,0.0247646208528376
"Post-growing season",199,135,"MeanSlope_per","Site",533.937628306719,533.441288772338,0.496339534380922,2.49633953438098,0.114111248595898
"Post-growing season",199,135,"Hydrologic_Group","Site",545.379703139099,533.441288772338,11.9384143667615,15.9384143667616,0.000345953154607424
"Post-growing season",199,135,"Tile","Site",539.379009187614,533.441288772338,5.93772041527632,7.93772041527637,0.00484147862155921
"Post-growing season",200,135,"Tillage_Passes","Agricultural",520.605864496088,522.444877535651,-1.83901303956316,0.160986960436844,0.688249467320395
"Post-growing season",200,135,"PerennialFrac","Agricultural",537.679858803963,522.444877535651,15.2349812683124,17.2349812683124,3.30298220006019e-05
"Post-growing season",200,135,"Residue_Frac","Agricultural",526.611627471098,522.444877535651,4.16674993544734,6.16674993544729,0.0130173539078445
"Post-growing season",200,135,"MeanSlope_per","Site",522.26000031342,522.444877535651,-0.184877222230625,1.81512277776937,0.17789492436344
"Post-growing season",200,135,"Hydrologic_Group","Site",538.929651041914,522.444877535651,16.4847735062626,20.4847735062626,3.56277135257859e-05
"Post-growing season",200,135,"Tile","Site",523.379796240738,522.444877535651,0.934918705087284,2.93491870508734,0.0866830266639319
