"Season","Rep","n","Use_Hydrologic_Group","Use_Tile","AIC_Storm","AIC_Agricultural","AIC_Site","AIC_Full","AUC_Storm","AUC_Agricultural","AUC_Site","AUC_Full","RMSE_Storm","RMSE_Agricultural","RMSE_Site","RMSE_Full","R2m_Storm","R2m_Agricultural","R2m_Site","R2m_Full","R2c_Storm","R2c_Agricultural","R2c_Site","R2c_Full","REvar_Storm","REvar_Agricultural","REvar_Site","REvar_Full","Singular_Storm","Singular_Agricultural","Singular_Site","Singular_Full"
"Pre-growing season",1,135,TRUE,TRUE,553.381891831527,552.068905034529,557.933073223127,558.709978181189,,,,,1.75649759995443,1.74908789360045,1.77430036105082,1.74030674163405,0.290153904829816,0.33052580265264,0.310986286612641,0.337264171700782,0.30805011638639,,,,0.081573783878425,4.41378041953988e-16,0,0,FALSE,TRUE,TRUE,TRUE
"Pre-growing season",2,135,TRUE,TRUE,558.931283214538,564.512665419165,553.380864688799,558.8796977502,,,,,1.70788620088707,1.7171230089961,1.74463637147008,1.74140102667554,0.283541150760979,0.287238502144193,0.373127804873749,0.375461484338094,0.35093010808461,0.346256706717801,,,0.322868103391005,0.282205513981728,1.11291575345725e-14,0,FALSE,FALSE,TRUE,TRUE
"Pre-growing season",3,135,TRUE,TRUE,582.767502675792,586.151043510026,588.832102263065,592.682361304168,,,,,1.84606757400378,1.82285937316294,1.84451406299053,1.82477154691455,0.329178463651346,0.342713741329478,0.349092160489671,0.359570208687726,0.405687663265092,0.421264281051251,0.415960620135424,0.42853473515302,0.471318817659693,0.485574256723716,0.416461971388623,0.430542014796413,FALSE,FALSE,FALSE,FALSE
"Pre-growing season",4,135,TRUE,TRUE,538.635296731093,543.744268526927,540.76720275332,545.477434718856,,,,,1.52604434131433,1.53147685287575,1.54595567533525,1.54522856415105,0.325340122005636,0.332212552104903,0.36844767759149,0.373332664532374,0.428875346281179,0.426355311805524,0.427979638390828,0.428236482269789,0.463699720280877,0.420656609459414,0.266015846827907,0.244353633127086,FALSE,FALSE,FALSE,FALSE
"Pre-growing season",5,135,TRUE,TRUE,569.798100147827,574.293898409772,559.178383390855,563.625229039015,,,,,1.70397750109111,1.73181125260305,1.78250279676376,1.77227852111731,0.214037302995256,0.232960984397997,0.38864692085339,0.39567167823827,0.353932040547692,0.335732095302529,,,0.691392177441293,0.502441440746702,0,0,FALSE,FALSE,TRUE,TRUE
"Pre-growing season",6,135,TRUE,TRUE,545.186721828501,545.596684440819,546.803026001933,546.371741897947,,,,,1.62832040791229,1.59369631975545,1.64082661762551,1.61355856846819,0.256401335352356,0.287340426656562,0.309921374161085,0.344284299283147,0.321919129550299,0.351034416760321,0.33932681096116,0.366301240338126,0.272481460515891,0.26530426608473,0.124100176333716,0.0930842261383036,FALSE,FALSE,FALSE,FALSE
"Pre-growing season",7,135,TRUE,TRUE,564.045664822767,567.014365717495,564.224190255703,568.34593127521,,,,,1.66903769676075,1.63778264598581,1.69876687732632,1.66774661618402,0.162572207814808,0.180207350637662,0.251154536970038,0.259803045172687,0.305309138480044,0.332800553418849,0.315772249106483,0.337651858702792,0.629878682627293,0.678702410087748,0.2895069414316,0.35047428866702,FALSE,FALSE,FALSE,FALSE
"Pre-growing season",8,135,TRUE,TRUE,573.433163226834,572.533881967729,577.02354154699,576.065101206869,,,,,1.84992387506978,1.86836582757624,1.87364241571142,1.85584407480171,0.303797659975199,0.341531004343732,0.330913828459424,0.364421020888572,0.341981798344183,0.348279574262523,0.342550642709816,,0.20711899203716,0.0364985030903405,0.0631263862561406,0,FALSE,FALSE,FALSE,TRUE
"Pre-growing season",9,135,TRUE,TRUE,558.165453374982,560.616235903585,565.093949736425,566.395039712471,,,,,1.8292324987586,1.80534413369889,1.82198751654205,1.79055311845053,0.283394086892653,0.302085360781179,0.289089377261284,0.313532757445907,,,,,1.34423679852573e-17,1.31471076348225e-16,0,3.1941898040092e-14,TRUE,TRUE,TRUE,TRUE
"Pre-growing season",10,135,TRUE,TRUE,514.456280795019,515.130120330218,518.794437855108,520.335185658966,,,,,1.40917484438337,1.46364738609673,1.42027559999397,1.48317673693353,0.268588164138333,0.306828398807588,0.295406806531947,0.327503520219535,0.371627573455405,0.340325084699345,0.367949589284033,0.34027919577706,0.354696660324382,0.113096482318304,0.248113700314661,0.043343024200031,FALSE,FALSE,FALSE,FALSE
"Pre-growing season",11,135,TRUE,TRUE,553.843519953492,556.764779757573,557.860824697072,560.340849792498,,,,,1.64175474303149,1.63997215247099,1.66315588892447,1.65968143359614,0.355050908220588,0.365933527476214,0.384623056560959,0.399880488019141,0.438396902909774,0.436186644844446,0.435135971629113,0.439187151784571,0.433374857800619,0.360249534290221,0.26225652512416,0.202833337841451,FALSE,FALSE,FALSE,FALSE
"Pre-growing season",12,135,TRUE,TRUE,547.746608135041,552.701161518126,551.254649979581,554.905699415438,,,,,1.75999006402147,1.75318851573988,1.7309515419226,1.71595789599325,0.362248335167389,0.36719127459171,0.38321564324621,0.393902760853969,,,,,0,0,0,0,TRUE,TRUE,TRUE,TRUE
"Pre-growing season",13,135,TRUE,TRUE,567.84949385502,570.38459622068,574.031602162552,576.415593077605,,,,,1.86501374850361,1.8718557934725,1.86097948738141,1.85825474380214,0.291803434127532,0.309910265823712,0.302060270674766,0.319953032670716,0.304129128027528,,0.310715291781421,,0.0626126975366728,0,0.0440002474211805,0,FALSE,TRUE,FALSE,TRUE
"Pre-growing season",14,135,TRUE,TRUE,564.34077511707,563.684883568162,571.988823792479,569.839682991172,,,,,1.84600244526396,1.82597956525536,1.84684917661236,1.81354322559586,0.25115252803556,0.286274308719069,0.253331868294395,0.296014156516922,0.262041139954629,,0.262729503324897,,0.0509623207845134,0,0.0439909732486784,0,FALSE,TRUE,FALSE,TRUE
"Pre-growing season",15,135,TRUE,TRUE,553.818467420199,556.05343295697,554.164893966068,557.330237977291,,,,,1.61698258427455,1.557293377258,1.68403455038775,1.6186894092169,0.212022387423086,0.222296923354373,0.304712812081384,0.308715948739047,0.344666498538076,0.394877558502895,0.336519116879525,0.371656656954308,0.578725572511973,0.768233218630096,0.140904934059953,0.278680306581235,FALSE,FALSE,FALSE,FALSE
"Pre-growing season",16,135,TRUE,TRUE,574.29665014153,577.175289983139,575.340919661592,579.550779808946,,,,,1.94185102059299,1.91953133391798,1.89246400770747,1.87995819550628,0.196671518902253,0.215139888808773,0.237243572202575,0.247347618743809,,,,,0,0,0,3.24760005149227e-15,TRUE,TRUE,TRUE,TRUE
"Pre-growing season",17,135,TRUE,TRUE,566.032992428569,570.408015754975,567.075874029574,571.128231482348,,,,,1.6068945873381,1.60297602853336,1.59532604377694,1.60098099129038,0.25277711789007,0.265609793664171,0.323536706799089,0.337598330442541,0.460485565014767,0.463229235956572,0.481195425860303,0.475629548811372,1.12413724515666,1.06760269290744,0.865156051412904,0.749688535550785,FALSE,FALSE,FALSE,FALSE
"Pre-growing season",18,135,TRUE,TRUE,595.607876894291,599.038272240615,592.232012169903,594.173849293129,,,,,2.10133345536176,2.0814298130733,2.01463752251694,1.98458347682875,0.189473322347105,0.204845758178547,0.255338392892316,0.277509060896838,,,,,0,0,0,0,TRUE,TRUE,TRUE,TRUE
"Pre-growing season",19,135,TRUE,TRUE,571.499899465673,573.573073835236,574.874122725801,576.572463051514,,,,,1.67388229828393,1.65026074229848,1.69948407181925,1.68239775361773,0.146935624195334,0.176397537362588,0.217493342381628,0.245094046623108,0.341472839850924,0.36358631902036,0.341225478312245,0.355733237418344,0.924921313841905,0.894915108385748,0.59334687992941,0.52945516686879,FALSE,FALSE,FALSE,FALSE
"Pre-growing season",20,135,TRUE,TRUE,582.502286027635,587.944710047394,583.678972600103,589.50082923841,,,,,1.81861607980873,1.82283477034551,1.83830977649333,1.84747972827061,0.196417930801445,0.199773556429961,0.255772085670979,0.255542613985016,0.311478891073806,0.307285768625489,0.313365152838206,0.306524957241018,0.599543452262386,0.55767650514423,0.299231306533557,0.263676373196043,FALSE,FALSE,FALSE,FALSE
"Pre-growing season",21,135,TRUE,TRUE,576.176829922683,580.537305106646,579.094418731397,583.461068122354,,,,,1.6970752583551,1.67928841106779,1.69983704344795,1.68496663373473,0.155525221621048,0.165612924982417,0.242181942210819,0.250583015948865,0.35258172124703,0.368992379490555,0.384569204431204,0.395789229068627,0.981998294092335,1.02094965684268,0.739149027218936,0.755773149280736,FALSE,FALSE,FALSE,FALSE
"Pre-growing season",22,135,TRUE,TRUE,513.892484979447,519.275161493319,519.049602164549,524.530624809402,,,,,1.48431606301665,1.47020728075581,1.49575265688874,1.47703037125475,0.355105855059402,0.360648974628624,0.374610319765013,0.378307395405259,0.389613032725238,0.401448043103556,0.393215940737068,0.405242425809187,0.12990335590496,0.15462974572245,0.0703874792922258,0.102360171741097,FALSE,FALSE,FALSE,FALSE
"Pre-growing season",23,135,TRUE,TRUE,577.144609267024,580.873738274261,578.497245000155,580.570694778044,,,,,1.90167328785111,1.90424795895663,1.91260328600788,1.88707309742505,0.323877144166195,0.33848934342672,0.366363760977805,0.384789589397341,0.348044969796632,0.354175893369587,0.367066864551477,,0.138135201214338,0.0899433804551442,0.00406808587065777,4.07100656956485e-15,FALSE,FALSE,FALSE,TRUE
"Pre-growing season",24,135,TRUE,TRUE,564.139361683609,565.733629327463,564.144202006966,565.425555513374,,,,,1.87015640353591,1.83988770226102,1.81558978095548,1.78413534020266,0.310293560890714,0.332549151514605,0.350146651637924,0.372573071857061,,,,,0,3.8624534504537e-18,0,0,TRUE,TRUE,TRUE,TRUE
"Pre-growing season",25,135,TRUE,TRUE,539.264531058461,544.424268260879,544.474935030755,548.56044712525,,,,,1.48041218398861,1.47482368912878,1.47982414187382,1.4752255319452,0.221879328334025,0.228369098736651,0.270486451629231,0.280295832349556,0.408608300914688,0.414773103584705,0.428595368744527,0.429752232492315,0.774456628320017,0.775682033217966,0.673975955485084,0.63281271148527,FALSE,FALSE,FALSE,FALSE
"Pre-growing season",26,135,TRUE,TRUE,563.282989436873,566.420737138355,565.694257190012,567.775726912857,,,,,1.65362993294105,1.61959936409332,1.68395681711891,1.64949044037206,0.153394760490071,0.170652531864739,0.222143278156361,0.243444580591959,0.312242419121614,0.344883019565034,0.308674385663601,0.336010916408246,0.697406762977375,0.775481208581261,0.381181106244832,0.409264711809511,FALSE,FALSE,FALSE,FALSE
"Pre-growing season",27,135,TRUE,TRUE,584.576010901299,584.416303516458,585.891282589461,583.083407397806,,,,,1.97282080740884,1.94133054480029,1.96787662480205,1.90471681892588,0.236268586038455,0.268628968187726,0.270074945995651,0.316412713465954,0.254691096005548,0.280647404629451,,,0.0983003655821685,0.0639298037528413,1.24399132420371e-15,0,FALSE,FALSE,TRUE,TRUE
"Pre-growing season",28,135,TRUE,TRUE,568.860030094677,570.719739466243,572.155753670763,574.362458873015,,,,,1.63501118450954,1.59912009769607,1.67514013485827,1.63596573082292,0.182308338256947,0.210418794367038,0.268786870742179,0.283808623530434,0.395813350423721,0.429859758727388,0.391129876007225,0.418149422497163,1.06427347705132,1.11326417888814,0.618541339264732,0.682326946260533,FALSE,FALSE,FALSE,FALSE
"Pre-growing season",29,135,TRUE,TRUE,513.875606189667,516.894314312463,520.625381495179,523.973903058876,,,,,1.46349050217817,1.47546377360086,1.47074056440543,1.4810921808278,0.359812498865371,0.372868650686786,0.367817907565613,0.379432891428399,0.407762385309547,0.402324795010878,0.406079784782737,0.40262879433161,0.182999346202198,0.111383576882392,0.145877771873092,0.0878599184132593,FALSE,FALSE,FALSE,FALSE
"Pre-growing season",30,135,TRUE,TRUE,533.970626423107,534.855340162986,536.168304177032,534.912537879721,,,,,1.67244396563731,1.64105693109788,1.63688644250079,1.59348384729256,0.418313556734511,0.440032277626647,0.442886619226101,0.472153866880004,,,,,0,6.61971395472232e-15,0,0,TRUE,TRUE,TRUE,TRUE
"Pre-growing season",31,135,TRUE,TRUE,581.89654136547,587.483185220544,588.909509334821,594.596836014263,,,,,1.85536766724692,1.87636184254235,1.86393267025622,1.87850467337623,0.263399273784339,0.271646092704389,0.272028133604261,0.277373094890586,0.336274641425358,0.328468461753775,0.334072098274733,0.328789662166207,0.403609082626936,0.31486493330911,0.343379137963403,0.284652830073678,FALSE,FALSE,FALSE,FALSE
"Pre-growing season",32,135,TRUE,TRUE,568.70401413023,566.499694446526,573.584947187235,570.011254159919,,,,,1.7487377650576,1.73113459424759,1.74930296114567,1.73912066317239,0.317927014493266,0.365939391015268,0.346013345323644,0.397000428454485,0.39298817565229,0.415674531831012,0.405603820642436,0.426492421834014,0.40762627626222,0.270467077823637,0.327559926682723,0.161918770897231,FALSE,FALSE,FALSE,FALSE
"Pre-growing season",33,135,TRUE,TRUE,575.968562062006,577.8346530642,576.260172917518,576.743044635463,,,,,1.89150637298276,1.90092952537999,1.89891815034939,1.8605097717367,0.350344784167538,0.372029216163869,0.389445374271958,0.414001217662122,0.374328734748227,0.380062252862499,,,0.141451854328656,0.0473867013310475,0,0,FALSE,FALSE,TRUE,TRUE
"Pre-growing season",34,135,TRUE,TRUE,553.701067293272,557.886023222758,555.998756731729,560.962772770981,,,,,1.56368991594835,1.56672531517146,1.51910267716951,1.5238457187714,0.228459028613363,0.24326817648856,0.272841024100099,0.280808576126596,0.398145989922162,0.395781069164957,0.445190057066923,0.440310201197459,0.773111834912596,0.69094141173752,0.807891152277985,0.74253988122935,FALSE,FALSE,FALSE,FALSE
"Pre-growing season",35,135,TRUE,TRUE,557.759497759231,559.908492804488,562.712582253927,563.834915790146,,,,,1.82648424234921,1.80061803484871,1.80598846464709,1.7736554384031,0.265238343853836,0.2860121023422,0.281723881113634,0.307344332758988,,,,,0,0,1.13030610379531e-18,0,TRUE,TRUE,TRUE,TRUE
"Pre-growing season",36,135,TRUE,TRUE,561.031654792284,566.062729046641,566.756612670351,570.840890901339,,,,,1.82948118402398,1.81692823887039,1.83324195237139,1.82028064974251,0.319574168979192,0.324456296865545,0.332159666878026,0.34161598597932,0.327009460736502,0.334287593841646,,,0.0373615502786618,0.0494151038385434,2.10270446337495e-14,1.53145941026357e-17,FALSE,FALSE,TRUE,TRUE
"Pre-growing season",37,135,TRUE,TRUE,557.629870288863,559.903523460352,565.074563043503,567.494505760333,,,,,1.74989254566102,1.72611364781949,1.755117002051,1.73263884573867,0.310490375101198,0.331228860218264,0.314792426468273,0.333441553040452,0.34543619033436,0.365011398513144,0.344755730681941,0.362256295346598,0.170071391489156,0.164886648634935,0.145898186382722,0.140441088320782,FALSE,FALSE,FALSE,FALSE
"Pre-growing season",38,135,TRUE,TRUE,579.549189015767,585.11249754741,579.127820246203,584.440137924845,,,,,1.81148357906137,1.81785527214368,1.81655327724857,1.79530627685232,0.202261735708813,0.204682649729755,0.27689587351086,0.279273326582472,0.300690552607501,0.295556598049483,0.325816214502816,0.338137930784767,0.499211752212792,0.458969311984893,0.25188086538623,0.303863855656032,FALSE,FALSE,FALSE,FALSE
"Pre-growing season",39,135,TRUE,TRUE,569.540047217923,570.652133584643,572.004682074097,571.72483091839,,,,,1.74840641489852,1.74941047559948,1.76948711352784,1.78157310193058,0.340523075159847,0.36475249374592,0.383136038714431,0.41334384904848,0.420245628971274,0.421348132473708,0.424913476398726,0.429371007668346,0.453782527376471,0.318439105638453,0.239237070485106,0.0913002997057448,FALSE,FALSE,FALSE,FALSE
"Pre-growing season",40,135,TRUE,TRUE,547.321399321984,549.05345930738,550.217295330342,551.948543213332,,,,,1.75722052951655,1.72966220271279,1.72431389145495,1.6972665313846,0.192843631277408,0.218108792636355,0.222964705009918,0.247286322197926,,,,,1.85685067742143e-18,0,0,0,TRUE,TRUE,TRUE,TRUE
"Pre-growing season",41,135,TRUE,TRUE,552.622996926092,557.083974600789,554.16565486208,556.635885019189,,,,,1.75120145347944,1.74841620010875,1.74971476128539,1.72698922406213,0.261424970382998,0.270282172796511,0.298501858719734,0.316698148468361,0.280118293620259,0.285216957962612,,,0.0814269865471359,0.0650597958890592,0,0,FALSE,FALSE,TRUE,TRUE
"Pre-growing season",42,135,TRUE,TRUE,529.972727008776,531.614891117628,530.959418515363,531.724012177598,,,,,1.52493832026827,1.50941520064149,1.55630010523908,1.56683980427308,0.377669755681537,0.396160304332795,0.412085971181568,0.428858725786269,0.441110305785657,0.451947906502054,0.432681652457269,0.431800924930314,0.282944037783452,0.247414543590508,0.0905923982656219,0.0127761229110402,FALSE,FALSE,FALSE,FALSE
"Pre-growing season",43,135,TRUE,TRUE,555.567622528305,559.48526773817,562.227318653541,566.232580311048,,,,,1.63972471909945,1.62729153715423,1.64363654040278,1.62411919700345,0.303644593716073,0.312300155580737,0.317831888600403,0.327311967402057,0.40227557900853,0.409574814381594,0.405224040532979,0.41909483971822,0.48352885854361,0.475446635127647,0.430275004330474,0.453288323960173,FALSE,FALSE,FALSE,FALSE
"Pre-growing season",44,135,TRUE,TRUE,559.328431658656,563.234283661772,563.199590193821,567.337035154866,,,,,1.80931495973447,1.82293475031572,1.80924892545493,1.79681103930062,0.246414055221227,0.258488081010008,0.269640660782311,0.279701812522105,0.258575070946739,,,,0.0545023891233758,0,0,0,FALSE,TRUE,TRUE,TRUE
"Pre-growing season",45,135,TRUE,TRUE,542.816409896368,544.507060682345,546.613879361363,548.993005872819,,,,,1.72814429356334,1.7007811022868,1.70145410648304,1.67878883128348,0.27644732097446,0.299298046599668,0.298740494507509,0.317393718559891,,,,,5.01469035398632e-14,0,0,0,TRUE,TRUE,TRUE,TRUE
"Pre-growing season",46,135,TRUE,TRUE,584.018757853273,589.007878028507,586.149736996061,591.379584533274,,,,,1.892614885223,1.91757207909861,1.95883843934104,1.96415068012317,0.30062694042306,0.309300334653586,0.344799566804183,0.349276464812553,0.354340895207738,0.345678919766875,0.348517592404751,,0.315311902004671,0.213224298553745,0.0220192903008519,0,FALSE,FALSE,FALSE,TRUE
"Pre-growing season",47,135,TRUE,TRUE,550.93709893155,553.599455109961,555.570575734275,557.107026060376,,,,,1.64109661152608,1.63484566182528,1.63791618244852,1.63952224915831,0.316686218354137,0.332832895161575,0.339225467513452,0.363346431682736,0.389604857014898,0.394884418114315,0.398640717183048,0.404152877854752,0.346132436534074,0.292855960677214,0.282770789096283,0.193528815931342,FALSE,FALSE,FALSE,FALSE
"Pre-growing season",48,135,TRUE,TRUE,526.049295290444,530.690816674326,528.375913521219,531.95387908612,,,,,1.62409014085032,1.61593921250441,1.59031994709561,1.57611778082593,0.392690004923715,0.398797882577344,0.417791977718259,0.428188402543254,,,,,0,6.16450640398509e-16,0,0,TRUE,TRUE,TRUE,TRUE
"Pre-growing season",49,135,TRUE,TRUE,562.011192934324,563.427393088807,561.540704052372,562.524974977525,,,,,1.77948383286747,1.73857635035062,1.79816693775696,1.76507115452145,0.225182585539584,0.253552154912718,0.284821050084962,0.3110390415074,0.263353332884621,0.2968581263775,,,0.170649461530224,0.194675196670293,0,2.13752479869207e-15,FALSE,FALSE,TRUE,TRUE
"Pre-growing season",50,135,TRUE,TRUE,568.415048630562,567.737837809237,571.798621134963,571.381862228995,,,,,1.68071086326939,1.64986900773956,1.68643419709278,1.64651143241349,0.240794257021189,0.280240731790854,0.298270920729508,0.335241887206173,0.385820782547163,0.408259267180504,0.402815421631424,0.434527410113033,0.738146937625339,0.64899693357079,0.543276627369092,0.519460973622783,FALSE,FALSE,FALSE,FALSE
"Pre-growing season",51,135,TRUE,TRUE,552.593809404733,556.942444860998,551.382056960274,554.685992970539,,,,,1.56546336049702,1.58169802467221,1.63399606185381,1.70119266321906,0.160084105062126,0.179103226535255,0.275345837905256,0.297320604416555,0.337735837689532,0.32455889075866,0.327188127240492,0.302983919385721,0.734355718886539,0.595289966496805,0.217035147857237,0.0236972109514115,FALSE,FALSE,FALSE,FALSE
"Pre-growing season",52,135,TRUE,TRUE,548.884352261103,552.449478377718,550.982471545691,554.742705014444,,,,,1.6465361716043,1.62150666294618,1.68063552437144,1.66371113843362,0.200901967890185,0.216940940449455,0.247130581195885,0.260211104433166,0.274699840836484,0.297444717087096,0.271072112447875,0.285417773219061,0.293988587613648,0.322702675841104,0.0953402633874342,0.100509425944236,FALSE,FALSE,FALSE,FALSE
"Pre-growing season",53,135,TRUE,TRUE,572.827526197238,578.037866826474,579.403953687198,584.233266796617,,,,,1.76631023431505,1.76111657517691,1.76938869564521,1.77554727379541,0.259947341192911,0.266804532489,0.273261770394295,0.280663924310267,0.352826516911201,0.358850292546356,0.355238117376472,0.352060492975786,0.483897644555179,0.48122581606262,0.427923972611688,0.371207771854891,FALSE,FALSE,FALSE,FALSE
"Pre-growing season",54,135,TRUE,TRUE,562.424407937606,567.0307979102,566.018862251079,570.859265341317,,,,,1.82722874285598,1.84874839421316,1.82823962295157,1.82040453039306,0.279614652427447,0.292545992754856,0.30823555010676,0.314182369032516,0.292649436962586,,,,0.0625446766122398,1.07249402920044e-14,4.01749562392159e-17,0,FALSE,TRUE,TRUE,TRUE
"Pre-growing season",55,135,TRUE,TRUE,596.278526377977,597.203670848905,602.013509599334,601.556691617456,,,,,1.90418323379952,1.85917640108146,1.9139401562004,1.87424686585969,0.162808725249871,0.194789728429537,0.191939875260949,0.228727523034812,0.282937160405517,0.318133118954197,0.288169958914524,0.316624373924246,0.662766977730588,0.684737764260641,0.534884900862373,0.486910182952724,FALSE,FALSE,FALSE,FALSE
"Pre-growing season",56,135,TRUE,TRUE,537.619733760975,542.991427370305,542.475294872467,548.2674548678,,,,,1.69520083657065,1.69126058769204,1.67557292489779,1.67428360237578,0.26252243562938,0.265965528996424,0.27959264253765,0.280706845334684,,,,,0,0,0,0,TRUE,TRUE,TRUE,TRUE
"Pre-growing season",57,135,TRUE,TRUE,523.270482485332,524.300713769596,529.466734497055,529.465069942222,,,,,1.46404254225185,1.45240307254399,1.47264135575239,1.47201227118936,0.221546664268271,0.257243705226215,0.243876682972503,0.286272616727139,0.326352567652154,0.342868721273829,0.328180327664261,0.339874492901578,0.361440287937963,0.29561344033623,0.292206511047338,0.185675726316999,FALSE,FALSE,FALSE,FALSE
"Pre-growing season",58,135,TRUE,TRUE,567.389284753348,569.26812537,571.481572606979,572.528210626594,,,,,1.7691512363406,1.76362089427916,1.75670365330498,1.75051258535418,0.266449348649101,0.290188479305865,0.29817869792022,0.321934881387222,0.32838174124783,0.33750676316113,0.349716384154824,0.357721924757003,0.306989718040081,0.233889956431032,0.258535931108487,0.178183389745091,FALSE,FALSE,FALSE,FALSE
"Pre-growing season",59,135,TRUE,TRUE,554.244184633681,557.319820660408,561.251013659602,564.321960417118,,,,,1.63213745545355,1.62711235735291,1.62425949996281,1.62398160248761,0.224787605323575,0.248459907787404,0.237835262986435,0.260118680613918,0.329862631940473,0.340348811621664,0.342687545893767,0.348386874464814,0.45575780545739,0.400029040077525,0.459602516504182,0.38697852507179,FALSE,FALSE,FALSE,FALSE
"Pre-growing season",60,135,TRUE,TRUE,611.566657852957,613.400130666666,614.677049615631,616.259483500347,,,,,2.17487242538174,2.19514287589157,2.18927197699306,2.15374395469455,0.249295760832525,0.275328794081862,0.279220692087042,0.302545599012411,0.269588761665081,,,,0.134589435708409,0,3.84419785906742e-15,0,FALSE,TRUE,TRUE,TRUE
"Pre-growing season",61,135,TRUE,TRUE,582.546120497379,587.713888915122,587.956683740707,592.930158982336,,,,,1.99889251017063,1.98425432374518,1.98298788464349,1.97546299032262,0.24354478875579,0.248243338430686,0.258062236699337,0.263713334132079,0.244764559925457,0.252762788232664,,,0.00646351714619007,0.0239523497851155,0,8.24149871963129e-15,FALSE,FALSE,TRUE,TRUE
"Pre-growing season",62,135,TRUE,TRUE,556.308295933113,551.726195279894,557.842444721835,551.916266439582,,,,,1.80700425307693,1.74686919279593,1.77370489735429,1.67005845896077,0.296547111921657,0.350850863728802,0.330652594369639,0.387261870362669,0.300379533841563,,,0.397652301076635,0.0179818841654007,6.93191365754875e-17,0,0.0488728904952137,FALSE,TRUE,TRUE,FALSE
"Pre-growing season",63,135,TRUE,TRUE,575.356232055384,578.642661854244,581.218425790793,582.864095366683,,,,,1.94695642308723,1.89245337837025,1.93411185023006,1.89807436569544,0.236613992384324,0.25476863423887,0.248601558231139,0.272931635444025,0.237610509750812,0.270586947151565,,0.274901883521392,0.00496116138544125,0.0791622976447764,3.58201462335054e-15,0.00981545341011338,FALSE,FALSE,TRUE,FALSE
"Pre-growing season",64,135,TRUE,TRUE,546.714910306329,549.591900762687,551.027263988148,552.841349694094,,,,,1.57005829743564,1.55739476587187,1.58160073896091,1.56218798092162,0.220809009944912,0.25120297877562,0.257149232517152,0.290329976837277,0.349631710883382,0.369829870545963,0.350172317754343,0.375169809900274,0.536067575577811,0.500047592292661,0.387161341388007,0.357412387368123,FALSE,FALSE,FALSE,FALSE
"Pre-growing season",65,135,TRUE,TRUE,562.649218798988,565.752575147094,563.292163146944,563.171491640487,,,,,1.71025170894451,1.67043263533789,1.78384775908736,1.76307622238381,0.309399968940047,0.317474589628334,0.372177364275274,0.400713056028776,0.388440572697992,0.41158151501727,0.381791664954334,0.402854808095927,0.406997416193644,0.485071760257334,0.0501944338377181,0.0111880555691698,FALSE,FALSE,FALSE,FALSE
"Pre-growing season",66,135,TRUE,TRUE,543.058958396453,548.161145551493,546.772766174449,551.986797322793,,,,,1.6466768159047,1.62438243325855,1.635701828541,1.63677948689804,0.23657445400639,0.241849321758,0.263436830478054,0.269654777813486,0.281880333703062,0.298297948830013,0.297813314433319,0.300291492529438,0.179074699356464,0.224150461913526,0.136014840844755,0.121420552185678,FALSE,FALSE,FALSE,FALSE
"Pre-growing season",67,135,TRUE,TRUE,545.338714398995,549.503193531407,546.917411409465,551.722034438927,,,,,1.61426195119623,1.6152613711508,1.64939926753196,1.66429064604189,0.235356875259714,0.245717164677069,0.274321977941052,0.276494103285304,0.314367928648332,0.314425484234171,0.300787430374472,0.291118549874689,0.321759403341537,0.278523193512295,0.106181852365006,0.058196373475686,FALSE,FALSE,FALSE,FALSE
"Pre-growing season",68,135,TRUE,TRUE,572.80288494782,576.680646446045,578.540596099715,582.148436894991,,,,,1.9049929716178,1.91601794663612,1.91502435628559,1.89813247011307,0.208921483847118,0.218811757371824,0.219626466763889,0.233411067101735,0.220241403228024,,,,0.0533925121818249,4.4682167890424e-14,3.92873879447903e-15,0,FALSE,TRUE,TRUE,TRUE
"Pre-growing season",69,135,TRUE,TRUE,583.978045573162,587.282155449448,588.193239560633,591.707289789766,,,,,1.82372136389271,1.83018847348727,1.84145220899449,1.84720109648156,0.241340353281124,0.258245859900952,0.282089394973391,0.295526931580756,0.349615007287757,0.345498768165092,0.353841607374351,0.351794789553072,0.60262976761868,0.481144082906208,0.402544949244628,0.313524872793807,FALSE,FALSE,FALSE,FALSE
"Pre-growing season",70,135,TRUE,TRUE,545.673776907263,547.329465522916,550.766695897687,551.284390666591,,,,,1.66530982221819,1.65147951083379,1.67762518058488,1.66427557473447,0.36923603979652,0.386310440134593,0.381144698187097,0.402323922633972,0.405636776350418,0.415072337817478,0.401725130498372,0.413335811136061,0.177516919971326,0.139228760983878,0.0995801601454531,0.0528667698073932,FALSE,FALSE,FALSE,FALSE
"Pre-growing season",71,135,TRUE,TRUE,572.013276109287,576.552711900292,569.591005043208,574.207055249359,,,,,1.88787328029432,1.85903158884108,1.85258823576485,1.84311664537564,0.186483246027907,0.195293926629176,0.249565926771734,0.25726211183259,0.203802704262025,0.222090760111255,,,0.0790286290449833,0.122484421517703,0,0,FALSE,FALSE,TRUE,TRUE
"Pre-growing season",72,135,TRUE,TRUE,583.537806985196,588.794506167127,582.971573346161,588.217942471829,,,,,1.91397776188091,1.90645074738353,1.94671116779112,1.9412850343192,0.204648464750647,0.209755455573572,0.254452725409848,0.258626073633716,0.252282409020994,0.25847681240184,,,0.24409657968066,0.250029045072927,0,1.03996225491889e-14,FALSE,FALSE,TRUE,TRUE
"Pre-growing season",73,135,TRUE,TRUE,565.601951870281,569.14382783603,569.866742114916,571.95428348702,,,,,1.83106375707074,1.81077201281725,1.85325965200322,1.82565335957546,0.247334149083368,0.259976921011581,0.269382671800686,0.290362419571835,0.269425754851356,0.283543973449475,0.269865298204449,0.291201068928955,0.104006454703149,0.110853788721552,0.00227178123831953,0.00394824462974699,FALSE,FALSE,FALSE,FALSE
"Pre-growing season",74,135,TRUE,TRUE,569.977345863657,572.356768912538,577.676504319812,580.302761096211,,,,,1.84706449719817,1.83124617149471,1.84784546432214,1.83198957738765,0.120164624579508,0.145200940015476,0.12238738492788,0.145483227505722,0.153964728916102,0.17293373812294,0.154408984932718,0.17257498802538,0.140799040971812,0.115649020621835,0.133386560146012,0.112955411173275,FALSE,FALSE,FALSE,FALSE
"Pre-growing season",75,135,TRUE,TRUE,575.497490515802,575.610071956941,580.071128038026,579.911895596184,,,,,1.8092432991415,1.81222237167716,1.8331494009601,1.81501325789885,0.132797008165903,0.180807552606366,0.166863445993513,0.208435570962783,0.21680930953576,0.231468087494134,0.215648442312968,0.241262391154854,0.375773484375676,0.227177752146574,0.21888361627914,0.147562550379736,FALSE,FALSE,FALSE,FALSE
"Pre-growing season",76,135,TRUE,TRUE,589.941177469277,592.845511210375,596.57194921489,598.589093707486,,,,,1.85013618361143,1.8314272886488,1.86311054774365,1.84457750046155,0.154483357371169,0.167441684308209,0.174258339112441,0.194873554530888,0.286431364864744,0.295247613854795,0.284142386491682,0.295021855968093,0.692935845642884,0.665288013250121,0.578232057519339,0.522679664422406,FALSE,FALSE,FALSE,FALSE
"Pre-growing season",77,135,TRUE,TRUE,559.016129266477,562.165760797556,564.207639308804,567.469000688999,,,,,1.67731294682216,1.70524120832053,1.66812123707434,1.74396391720504,0.238556882094322,0.252930063513035,0.26784702418746,0.274545302815162,0.334894197091196,0.312972097284761,0.353968308331485,0.299454758346952,0.440669129879568,0.269033255824551,0.399651469764596,0.111320486583151,FALSE,FALSE,FALSE,FALSE
"Pre-growing season",78,135,TRUE,TRUE,522.839906527729,528.592806923353,525.01001080286,529.830489851286,,,,,1.60489947240006,1.60343136642664,1.57061759435976,1.56377116596456,0.414382961428937,0.41545854700064,0.439237787728912,0.44413616900133,,,,,0,0,0,0,TRUE,TRUE,TRUE,TRUE
"Pre-growing season",79,135,TRUE,TRUE,555.755920178937,552.619659020165,558.798990079233,556.101260046585,,,,,1.76427858811274,1.70734651501516,1.7799998533273,1.7235730089944,0.364323009838724,0.407127181872192,0.397457979257448,0.43521267323088,0.383604922573963,0.424355661050032,,,0.0999471844865229,0.0894678627484131,1.39341936872091e-14,0,FALSE,FALSE,TRUE,TRUE
"Pre-growing season",80,135,TRUE,TRUE,579.708948090228,578.39667919594,582.811176054656,577.778953154765,,,,,1.95519294108301,1.9282343180782,1.94555504012592,1.86766169738256,0.199848421736185,0.245062874696754,0.231361087911969,0.291995024019836,0.210945157818002,,,,0.0544618105602809,0,0,0,FALSE,TRUE,TRUE,TRUE
"Pre-growing season",81,135,TRUE,TRUE,548.817851580765,553.401004762126,552.715853216467,558.007435361769,,,,,1.52506396544222,1.53095389739529,1.52779702155401,1.52899468131955,0.256228408257143,0.276475884518544,0.315121885738398,0.322955972261878,0.439624353452642,0.439653048558444,0.457488246424476,0.458637597714688,0.85575977927168,0.763069414529509,0.68138264769662,0.650345713491749,FALSE,FALSE,FALSE,FALSE
"Pre-growing season",82,135,TRUE,TRUE,581.526207535137,584.941316957181,587.930824375164,591.647091172098,,,,,1.8243029329008,1.82357219292352,1.83749893926343,1.83296668585107,0.256346392099279,0.282439378858481,0.282222843175216,0.302615190657566,0.34808378107549,0.359470025235477,0.354510927549554,0.366010984432745,0.506395408350919,0.429386599242492,0.404729150853887,0.357883884957437,FALSE,FALSE,FALSE,FALSE
"Pre-growing season",83,135,TRUE,TRUE,538.069377792915,542.260882199236,540.081131009777,544.489147224999,,,,,1.6226076390117,1.62529724258506,1.66078084104401,1.65101729722919,0.354475278526102,0.363455177393025,0.390201736975437,0.397382681543564,0.389347143792806,0.390678080676517,,,0.15687786522012,0.122235569492513,0,0,FALSE,FALSE,TRUE,TRUE
"Pre-growing season",84,135,TRUE,TRUE,511.374253774743,516.581204135245,504.961572877756,510.095236569911,,,,,1.50219811260699,1.50477899837425,1.4582184347195,1.45354701626418,0.49043416080107,0.493979253183096,0.543265676019229,0.54619718976194,0.503578386972102,0.504290439080772,,,0.0611336519377318,0.0479806780152867,0,0,FALSE,FALSE,TRUE,TRUE
"Pre-growing season",85,135,TRUE,TRUE,567.796420330203,568.544499278306,570.065548935339,571.574460866215,,,,,1.71729507207769,1.67138053389972,1.74371582943864,1.702785947954,0.198472956126401,0.238883603084128,0.257562451570216,0.28042637557993,0.312949385972529,0.358983029736592,0.316479022722846,0.345698834912657,0.53492340360856,0.572883322256403,0.277367899625391,0.307897147473561,FALSE,FALSE,FALSE,FALSE
"Pre-growing season",86,135,TRUE,TRUE,564.457075090858,569.614974795399,568.772841911836,573.766811942963,,,,,1.68161340904952,1.67750795255474,1.69306804980136,1.6963422032808,0.336839685675195,0.339334553608841,0.371727965619368,0.376771700955871,0.442631291173643,0.443847127219411,0.447725489998231,0.445928948265213,0.588049724085582,0.579092591811303,0.425706685255675,0.385946349875381,FALSE,FALSE,FALSE,FALSE
"Pre-growing season",87,135,TRUE,TRUE,553.593896025887,556.874968794871,559.602031092927,560.904044713906,,,,,1.64291108470608,1.63610395734732,1.64551642444194,1.65415357361972,0.195007755715638,0.213125929043419,0.214940010349714,0.247286665569139,0.295588261462546,0.303245110979738,0.300744925678008,0.302299650902617,0.417175068081073,0.373080548396833,0.357191713248715,0.227733285158305,FALSE,FALSE,FALSE,FALSE
"Pre-growing season",88,135,TRUE,TRUE,556.553885189533,556.508575870161,560.152029349242,558.34518365204,,,,,1.6275505486601,1.61251957902132,1.63243677796788,1.63502442859934,0.261690967970348,0.300892047465369,0.295296443692238,0.339729383027424,0.378722664281223,0.394949091096335,0.382478617511597,0.389269546480105,0.548760741832115,0.440264909313708,0.407860362426105,0.229382683689937,FALSE,FALSE,FALSE,FALSE
"Pre-growing season",89,135,TRUE,TRUE,550.635123567522,555.400895072906,547.262300987964,551.669622868951,,,,,1.60484615314741,1.63473914717908,1.6623812118007,1.69551409535374,0.285818416235839,0.301533615912074,0.372590159692148,0.38119486100041,0.393941574737476,0.377411353493811,0.390422712195328,,0.501625742189824,0.349544994404475,0.0828608755124852,1.14094489659475e-14,FALSE,FALSE,FALSE,TRUE
"Pre-growing season",90,135,TRUE,TRUE,555.192474733726,559.018506834254,559.01694837892,561.52276591022,,,,,1.64788938564102,1.62918928264523,1.63542413724536,1.62421635786669,0.339821075789974,0.351729542067218,0.368815931086295,0.388117831304822,0.42478354268888,0.439081703967022,0.441354554595367,0.452179491239119,0.435231528149124,0.44965185810024,0.374591555413308,0.33117520832102,FALSE,FALSE,FALSE,FALSE
"Pre-growing season",91,135,TRUE,TRUE,577.585980569793,582.00897287277,579.834067673748,584.227119754558,,,,,1.77755022741637,1.7866797182693,1.79422035207374,1.7925917181948,0.332967257193229,0.344910956706902,0.384520567333321,0.394134925038325,0.431595233385238,0.427940656683847,0.441174852663822,0.444912498535893,0.597288322300338,0.500774811869523,0.347473933357182,0.311697160317875,FALSE,FALSE,FALSE,FALSE
"Pre-growing season",92,135,TRUE,TRUE,569.162750161663,568.6983397115,573.967167862376,569.601344211495,,,,,1.66069471307066,1.60492209851338,1.66926585553248,1.60357962458291,0.212382150233667,0.245440370972374,0.25849264659163,0.323545489254298,0.39626863510718,0.440833704281739,0.401944239277454,0.457111223914318,0.936551834493522,1.00946244934149,0.737421233936561,0.698798142845066,FALSE,FALSE,FALSE,FALSE
"Pre-growing season",93,135,TRUE,TRUE,535.90319038396,539.014092450774,538.17631661068,540.27405629703,,,,,1.68445766826887,1.66652945051727,1.64910548367107,1.62544267459913,0.302643017061519,0.317483609964314,0.331751549342968,0.350883421948716,,,,,0,2.54782318418829e-14,0,0,TRUE,TRUE,TRUE,TRUE
"Pre-growing season",94,135,TRUE,TRUE,532.60583667331,536.078565027557,533.467248174515,536.955491682136,,,,,1.53042892238038,1.51676966450705,1.55385656606609,1.54139292667551,0.301649096085986,0.318454765640923,0.35446853950229,0.368463121470979,0.379819051026768,0.394291836264714,0.38621116878076,0.398466094769629,0.318055867343999,0.310225784489831,0.129913346254427,0.123156113640671,FALSE,FALSE,FALSE,FALSE
"Pre-growing season",95,135,TRUE,TRUE,585.494491347027,591.219207495611,589.988566829447,595.230049430791,,,,,1.79018238945399,1.79157578924947,1.79809542468768,1.80819113565434,0.13470894605553,0.137559714673246,0.186403172965515,0.195059451963567,0.290731067152302,0.290029541514161,0.306260522979962,0.301521636513293,0.781928121703158,0.763608025551561,0.611950215049327,0.542549856645577,FALSE,FALSE,FALSE,FALSE
"Pre-growing season",96,135,TRUE,TRUE,546.47890059213,548.525761992148,551.927822799761,553.749856802375,,,,,1.70573609746643,1.71595996494791,1.72830641366538,1.70862775528425,0.283100686966893,0.30824905017197,0.301362227148489,0.322853160510696,0.304170564359431,0.312494349455835,0.304215785560133,,0.0903878466563546,0.0182906591106223,0.0122995885990334,0,FALSE,FALSE,FALSE,TRUE
"Pre-growing season",97,135,TRUE,TRUE,552.993859711579,556.382104970213,554.463638617769,559.191561911735,,,,,1.67106099457897,1.65120204765436,1.68319004018668,1.67626102909007,0.217494475904582,0.234503154876716,0.275072634211394,0.282853712253226,0.291712958180454,0.310090144773545,0.309068960221934,0.315912926967015,0.311812939022631,0.318886441947941,0.144718066880174,0.140896310450604,FALSE,FALSE,FALSE,FALSE
"Pre-growing season",98,135,TRUE,TRUE,577.876902620398,579.948473960604,579.693840462144,580.917730755929,,,,,1.92398428701528,1.93934853716305,1.92322144629275,1.88950014669986,0.099884520146354,0.12967883070095,0.144185412324418,0.17411694604647,0.122051234006675,,,,0.0955166865731633,5.571562610588e-15,0,0,FALSE,TRUE,TRUE,TRUE
"Pre-growing season",99,135,TRUE,TRUE,584.045112267931,589.210254248434,589.547182326629,594.16797444146,,,,,1.95700926368344,1.97170678052027,1.99470361503417,1.98454029532242,0.317636330099624,0.319511367497063,0.324404409997243,0.331305664691313,0.339229912952202,0.332463595025705,,,0.12860250805705,0.076747331380151,3.67076856472307e-15,0,FALSE,FALSE,TRUE,TRUE
"Pre-growing season",100,135,TRUE,TRUE,594.653655307876,598.137593581659,593.628659397507,594.599028492643,,,,,1.96659358854086,1.99710093728382,2.00776192536757,1.98771113737556,0.249641929710965,0.268723489596373,0.313049887113973,0.338838589295171,0.307799402249681,0.3004300692237,0.31913489397527,,0.34421938548263,0.187415537384009,0.0363339288159661,0,FALSE,FALSE,FALSE,TRUE
"Pre-growing season",101,135,TRUE,TRUE,526.443047505958,531.716256690945,531.850233480494,537.845544702859,,,,,1.62646034683056,1.62208809915088,1.61091617876371,1.61088820408902,0.379168543802935,0.382517253694832,0.391032147939043,0.391053394166188,,,,,0,2.13967985984026e-15,0,0,TRUE,TRUE,TRUE,TRUE
"Pre-growing season",102,135,TRUE,TRUE,548.474465202223,551.20098740644,546.497343987162,549.725416239366,,,,,1.7542236253349,1.74345496158554,1.70071989608613,1.68334894804897,0.308294438698743,0.324642830970818,0.357515562986981,0.370634381955514,0.312533088338824,0.32465038455551,,,0.0190861176763912,3.39977963972606e-05,0,0,FALSE,FALSE,TRUE,TRUE
"Pre-growing season",103,135,TRUE,TRUE,570.503878259082,575.631375936887,566.785397868695,572.094881320473,,,,,1.85436924777847,1.87647362357799,1.83343740809835,1.82875444014346,0.218290294556843,0.225418056653539,0.288794045583864,0.292441691309047,0.246384783001421,0.239389277589394,,,0.132182731132605,0.0657589841210204,0,0,FALSE,FALSE,TRUE,TRUE
"Pre-growing season",104,135,TRUE,TRUE,568.695865414908,571.446158618835,563.423724236255,566.707314133848,,,,,1.86954536252213,1.86272364774663,1.81075145373643,1.79262521996461,0.205229905667648,0.225543367074576,0.283609030625274,0.297954641585012,0.220012819598758,0.232657670504645,,,0.0673598794649581,0.0324499881378365,9.14787246656351e-15,0,FALSE,FALSE,TRUE,TRUE
"Pre-growing season",105,135,TRUE,TRUE,574.81622534364,578.465008312111,572.536846192116,576.814166481679,,,,,1.76059479370706,1.78962746806664,1.82356448741316,1.8609999210673,0.317309488111041,0.333898112009178,0.401809466116827,0.407418038002856,0.414295134812791,0.399245915904102,0.419476004005082,,0.5595298456881,0.372570672504925,0.103831668210474,3.97652959751059e-14,FALSE,FALSE,FALSE,TRUE
"Pre-growing season",106,135,TRUE,TRUE,559.486275639433,563.829378633154,565.045577211106,568.905841740527,,,,,1.76746562509608,1.76083405168618,1.77005790015185,1.7752698351007,0.312813464526342,0.323083259205284,0.330286894386294,0.341569496173822,0.343895975535687,0.351602705936495,0.351649295712607,0.354128022583566,0.153589695070267,0.141230881913671,0.106120339876194,0.0623577415540919,FALSE,FALSE,FALSE,FALSE
"Pre-growing season",107,135,TRUE,TRUE,543.312020586624,547.687473853368,550.45029603539,554.760459113668,,,,,1.54219843655162,1.54664036319492,1.54020800959797,1.54502758371239,0.114488084779773,0.13101276483333,0.122813538428465,0.139087678394925,0.263829901295312,0.262847032564899,0.26752799357654,0.265874290939148,0.5323033560703,0.468990975969269,0.51638345021771,0.451163943316352,FALSE,FALSE,FALSE,FALSE
"Pre-growing season",108,135,TRUE,TRUE,584.30257872433,578.646347434866,588.61614902729,583.75146452677,,,,,1.91434131311364,1.93001817555372,1.89763459466995,1.88289690764935,0.208581387145113,0.280714276904684,0.236736544111626,0.295838962582395,0.258953176661491,,0.279863327180581,0.306331893887802,0.261169488985512,0,0.225156251689468,0.0543672369525725,FALSE,TRUE,FALSE,FALSE
"Pre-growing season",109,135,TRUE,TRUE,562.87849763293,563.732552642699,568.350816223644,566.239412602637,,,,,1.74394359960585,1.66099632040719,1.74542068909807,1.67629113962168,0.252392471873169,0.282349970709729,0.272292032455893,0.319569315172624,0.312635124571255,0.37452290435294,0.32017889552651,0.374562288495266,0.282973148899019,0.441923295151799,0.225856081186735,0.262327617139351,FALSE,FALSE,FALSE,FALSE
"Pre-growing season",110,135,TRUE,TRUE,564.869176574396,569.619748243178,568.2191667552,573.781180744981,,,,,1.73789227872412,1.71940002143413,1.74738413913528,1.73763111704432,0.207322796544536,0.20959555133803,0.251795903764967,0.252333929513146,0.285006624869534,0.294834993077579,0.299659471417654,0.304394426908702,0.351428833638512,0.384562773351813,0.219299259682084,0.238288605357174,FALSE,FALSE,FALSE,FALSE
"Pre-growing season",111,135,TRUE,TRUE,574.321927255465,579.327117171988,581.298984572011,586.109490614587,,,,,1.88395134144954,1.88494542752432,1.8915989839841,1.9038667466991,0.274716957170999,0.28079509853964,0.282748302600004,0.290469772767607,0.299602187547975,0.301701523036164,0.300450483181758,0.299144033459891,0.129814669783533,0.109080514707211,0.092537087460246,0.0453782656071962,FALSE,FALSE,FALSE,FALSE
"Pre-growing season",112,135,TRUE,TRUE,539.363522537967,539.475616781769,542.892651442513,543.521151057232,,,,,1.70618468338333,1.66938056767381,1.67816496983459,1.64510871587437,0.334239868049557,0.362787422829471,0.356031348158539,0.381267077982804,,,,,3.75652324637395e-18,0,0,0,TRUE,TRUE,TRUE,TRUE
"Pre-growing season",113,135,TRUE,TRUE,545.595050006362,547.191896181401,546.809831182603,545.01350554461,,,,,1.5697715113857,1.5369089737481,1.58031744772928,1.5579713600561,0.266405352007185,0.286447683840481,0.330396225474187,0.369744613555546,0.380711012796623,0.404482471706361,0.396225292393804,0.417069382020912,0.498000330744395,0.514369723293287,0.291087960626539,0.20816808638422,FALSE,FALSE,FALSE,FALSE
"Pre-growing season",114,135,TRUE,TRUE,564.108867438918,568.303320351517,568.470544460771,571.789693374695,,,,,1.62921258600125,1.64087903314537,1.63572185592839,1.65141795672731,0.348540133386576,0.362273753982844,0.398704605630388,0.416481359486312,0.496068846887249,0.486803605162247,0.511364520249483,0.502418916675895,0.867950344581347,0.723414314653701,0.681416238363502,0.513381467966494,FALSE,FALSE,FALSE,FALSE
"Pre-growing season",115,135,TRUE,TRUE,559.844905362402,562.616673016354,566.636171945744,568.537548646801,,,,,1.77264036761108,1.77752929854615,1.78295907584085,1.80481807118326,0.309114816638221,0.328915368793213,0.319950601008002,0.343222166623137,0.338680474139123,0.345575022624285,0.340395707848148,,0.145601759433157,0.082243235748965,0.101168936758124,4.80363721068061e-21,FALSE,FALSE,FALSE,TRUE
"Pre-growing season",116,135,TRUE,TRUE,583.743674219518,589.54487732107,586.260045821702,590.885524310262,,,,,1.86889298947052,1.86125521282994,1.90642131154384,1.89545180585183,0.273051823226544,0.27471602622793,0.30363518628528,0.310604603395453,0.341353643930619,0.346753758640358,0.329498946473099,0.336796086520815,0.386994906140602,0.409283640309197,0.144700092394519,0.146536716729375,FALSE,FALSE,FALSE,FALSE
"Pre-growing season",117,135,TRUE,TRUE,597.359766953585,599.85856026544,602.571507033881,604.704096779729,,,,,1.91150428270547,1.89806723944084,1.93552958083263,1.91253555874175,0.250647490554948,0.276351546702785,0.277035577177339,0.303816381722882,0.359347593280098,0.373254738277629,0.352201942536646,0.373431175969818,0.676176796375837,0.604940892815594,0.466095102186425,0.434946242610929,FALSE,FALSE,FALSE,FALSE
"Pre-growing season",118,135,TRUE,TRUE,551.037543645901,554.260759922349,554.767665669001,558.451109973607,,,,,1.78157323463807,1.76334474613722,1.75362039971769,1.73863898538287,0.384362072212016,0.396952049726355,0.403614507573893,0.413805369473089,,,,,0,2.44002076606027e-15,1.77295072151602e-15,0,TRUE,TRUE,TRUE,TRUE
"Pre-growing season",119,135,TRUE,TRUE,526.071967645651,526.049363251405,532.730489589938,533.844440442206,,,,,1.5822662572377,1.58839770453954,1.59614725912025,1.58719261036,0.323816677356805,0.356231235617825,0.332231892338848,0.357212385041788,0.343355722377237,,0.340966093251556,,0.0763969449789757,0,0.034180630668579,0,FALSE,TRUE,FALSE,TRUE
"Pre-growing season",120,135,TRUE,TRUE,571.89451817518,575.357942316081,578.489255555709,582.000132190673,,,,,1.92465141349647,1.90665451230882,1.91466024871077,1.89709015649213,0.308013925831773,0.320959847243761,0.315216312170662,0.327789391383799,,,,,0,0,0,0,TRUE,TRUE,TRUE,TRUE
"Pre-growing season",121,135,TRUE,TRUE,565.774035061736,568.838644810917,563.787504802482,566.050302057576,,,,,1.80401923944813,1.77050144965376,1.81319278760431,1.7882683881434,0.189915024143577,0.20590517998625,0.265887262941751,0.286037773081049,0.230296649331389,0.25434958921056,,,0.177604818753355,0.213291896036958,0,0,FALSE,FALSE,TRUE,TRUE
"Pre-growing season",122,135,TRUE,TRUE,537.230943144724,536.215005279471,534.082013205295,535.95979408802,,,,,1.69276156293815,1.6493418031792,1.62428695589685,1.599676537746,0.161366289106181,0.204089113028269,0.228224732519298,0.251564331274042,,,,,3.50377932673359e-14,0,0,1.53463752522459e-16,TRUE,TRUE,TRUE,TRUE
"Pre-growing season",123,135,TRUE,TRUE,565.539049944482,570.009044892647,565.847546491856,569.358117682755,,,,,1.87987652448467,1.86925398140259,1.82707996771107,1.81031151769866,0.347057905372766,0.35445161311123,0.38338519319269,0.394702397544001,,,,,4.47724126121418e-15,0,1.32301153318913e-15,0,TRUE,TRUE,TRUE,TRUE
"Pre-growing season",124,135,TRUE,TRUE,560.75620878727,560.594391290861,567.794367885573,565.968157862076,,,,,1.73700386204321,1.68593592959769,1.73716020320737,1.68999246644933,0.233858695769734,0.269612229440944,0.242985404606374,0.285117478315177,0.293767433551144,0.334915896707058,0.297906937119863,0.335396798200766,0.270623787788973,0.296788207385074,0.24884891360779,0.2274969336803,FALSE,FALSE,FALSE,FALSE
"Pre-growing season",125,135,TRUE,TRUE,589.923624594463,593.435037060955,592.386514404152,595.071966178028,,,,,1.88510591920062,1.87342439643639,1.90545402026023,1.91407975333176,0.234116714073654,0.247382185477102,0.287583343923651,0.309303651031465,0.325901528337229,0.333627180371557,0.336943331705644,0.340926644403568,0.522560392204681,0.489449569970508,0.284669331984956,0.182467720630677,FALSE,FALSE,FALSE,FALSE
"Pre-growing season",126,135,TRUE,TRUE,548.31003720281,548.635424102307,545.311439727957,545.491379559237,,,,,1.67030775208454,1.65018328212946,1.69326631047988,1.65715721511171,0.267324851323669,0.296362406965533,0.329034758489856,0.357482201173502,0.315845278353724,0.334130347233793,,,0.208065736345128,0.161178272499712,1.37206610545579e-19,0,FALSE,FALSE,TRUE,TRUE
"Pre-growing season",127,135,TRUE,TRUE,551.222293887967,556.365183777024,554.346447407319,559.51236985492,,,,,1.59184677716062,1.56979743343486,1.60817350106623,1.58518224824336,0.402363801737105,0.405131942432403,0.436570972907663,0.440368720455869,0.498149753301083,0.512683254671422,0.499053725466054,0.513052488282769,0.533072678689406,0.604006515302238,0.348056954335949,0.408254908206539,FALSE,FALSE,FALSE,FALSE
"Pre-growing season",128,135,TRUE,TRUE,566.555634857142,568.290661580386,567.137339121588,569.110116750454,,,,,1.71867929382269,1.7094863568727,1.79396941595674,1.77470931918002,0.377516741670908,0.402002564280392,0.437292449860309,0.454394040358614,0.459618470709557,0.469662066458457,0.451526648870935,0.465548501045623,0.486718427279622,0.401158559055682,0.0854045533106974,0.0669558863366509,FALSE,FALSE,FALSE,FALSE
"Pre-growing season",129,135,TRUE,TRUE,570.266946875966,570.604843529137,575.999389845462,573.840843195048,,,,,1.62442798461253,1.60167571954225,1.63000768291503,1.61876815171378,0.16270727528592,0.211001205785725,0.207744662488033,0.258212677813337,0.394257332903713,0.416530014315176,0.405088743028392,0.405098715608362,1.14672509686922,1.02318078545137,0.994953483797655,0.719641905082851,FALSE,FALSE,FALSE,FALSE
"Pre-growing season",130,135,TRUE,TRUE,559.917310619129,563.497791010086,556.417493836422,558.446903901328,,,,,1.74574197186303,1.75078539963708,1.76436865782982,1.73861190099665,0.248214208668166,0.269677622630838,0.326011337674455,0.345641253837972,0.298218938623627,0.305713982363449,,,0.228026507752931,0.165374702886582,0,0,FALSE,FALSE,TRUE,TRUE
"Pre-growing season",131,135,TRUE,TRUE,598.617949544554,603.150753440679,592.354797180026,597.527017022882,,,,,2.02284244879969,2.04260276172022,2.01555390601106,2.00938397803989,0.279000580232434,0.288409465406617,0.357725907651106,0.36167079639994,0.322407353518104,0.316356418800636,,,0.274347646953775,0.176153038241273,0,0,FALSE,FALSE,TRUE,TRUE
"Pre-growing season",132,135,TRUE,TRUE,557.651182318956,562.723990105966,561.43136688775,565.280298436001,,,,,1.8257516617295,1.81949270086655,1.79743891304687,1.78317575284904,0.345171356740522,0.349675122023628,0.365418758298006,0.375496694688307,,,,,3.32070428660191e-14,0,0,0,TRUE,TRUE,TRUE,TRUE
"Pre-growing season",133,135,TRUE,TRUE,571.59987446733,576.699315327456,574.95099492102,579.665536354683,,,,,1.7260356111981,1.72113927193577,1.72688731894229,1.71798253469771,0.246012359486033,0.25029001970153,0.297552122817974,0.303505356138103,0.366679795679985,0.369542135044514,0.386398759240322,0.392116639418087,0.622143612675265,0.613921604877501,0.467143893668547,0.46559518628349,FALSE,FALSE,FALSE,FALSE
"Pre-growing season",134,135,TRUE,TRUE,564.425533237657,566.439400276245,567.15357451539,567.66201420187,,,,,1.7318523715768,1.68296798963198,1.75448984161991,1.71013893597238,0.334035615785958,0.351731301756963,0.384908480273005,0.409792918188005,0.401673479071725,0.432718177754887,0.417631523528841,0.445459667097022,0.363603155632966,0.43835061175882,0.180496661578972,0.197197537156968,FALSE,FALSE,FALSE,FALSE
"Pre-growing season",135,135,TRUE,TRUE,569.758464631986,561.067614247857,570.100134951851,560.911751072672,,,,,1.90948497294617,1.80836478104467,1.85608489475121,1.75455646836249,0.254711092074852,0.331940319864837,0.296029194748544,0.37128913563771,,,,,0,3.43344017293045e-15,0,1.95525391842957e-15,TRUE,TRUE,TRUE,TRUE
"Pre-growing season",136,135,TRUE,TRUE,542.444050909201,547.281266230564,544.222129749916,548.460670075817,,,,,1.67880852100782,1.68246843617311,1.68644862121266,1.67548216841762,0.154125440363564,0.163293996236362,0.197345808227186,0.207812203082623,0.180398865133593,0.182636166420004,,,0.09276209894489,0.0683656605461419,0,0,FALSE,FALSE,TRUE,TRUE
"Pre-growing season",137,135,TRUE,TRUE,551.40978031652,551.977270333342,554.822492521469,556.397293928675,,,,,1.54183603120614,1.56456315414925,1.55218439744447,1.57612080063586,0.278286395075019,0.325003474319589,0.344590368867162,0.368986304865887,0.449865561849915,0.435270059850558,0.466414192456931,0.447560030657125,0.83330167843104,0.525164916398233,0.608977509772623,0.382464256925281,FALSE,FALSE,FALSE,FALSE
"Pre-growing season",138,135,TRUE,TRUE,559.723300964035,563.868962683455,562.023292243845,567.248510575656,,,,,1.63102244505488,1.62562236909263,1.62986386156084,1.6160216175836,0.228670403157236,0.242408457603799,0.284301036113674,0.291458899034793,0.374848087542797,0.380187426524222,0.389680596048758,0.403804293201616,0.687055618330461,0.64730558551318,0.499546715442442,0.538114417453475,FALSE,FALSE,FALSE,FALSE
"Pre-growing season",139,135,TRUE,TRUE,559.288451705234,562.607344910786,565.181878620757,567.379366908299,,,,,1.66165138749133,1.65418134278671,1.66594202689126,1.67710363154054,0.195207106984317,0.220170285782433,0.219242057451928,0.247334917993182,0.310159273449602,0.323761679225502,0.316003379551877,0.314333980428662,0.50171068209643,0.455247219420779,0.42481492816958,0.292557870772857,FALSE,FALSE,FALSE,FALSE
"Pre-growing season",140,135,TRUE,TRUE,555.529958807856,558.713053442795,556.465210957559,559.110302825672,,,,,1.61492370913056,1.61841123656236,1.6482921273866,1.68255034705301,0.318426693732567,0.341206946799583,0.38259296231454,0.407813877702776,0.436887662877287,0.43923765922283,0.437278702151566,0.431809607245033,0.604224384259233,0.499814221351878,0.280788713312578,0.123617812708223,FALSE,FALSE,FALSE,FALSE
"Pre-growing season",141,135,TRUE,TRUE,544.607923455906,546.937972097528,550.526683648081,553.261752775173,,,,,1.67881160414633,1.66095537549735,1.69491248568039,1.67923910157167,0.252656081069122,0.271683303194588,0.25917145144638,0.276210416549029,0.283372417119851,0.298867502556454,0.273820221329395,0.288199519307278,0.124942348719467,0.110339620315776,0.0589922946465728,0.048221742042972,FALSE,FALSE,FALSE,FALSE
"Pre-growing season",142,135,TRUE,TRUE,570.681200287788,573.505726105703,578.207909947614,580.721504793486,,,,,1.86371560755735,1.83798727613405,1.86786272438002,1.84583494397858,0.305021955762551,0.321521302005973,0.308999987528131,0.327219317849509,0.326553746021217,0.344358969802248,0.327046580704325,0.343941958274463,0.114039165558885,0.121070428073607,0.0957246196740181,0.0887662232578672,FALSE,FALSE,FALSE,FALSE
"Pre-growing season",143,135,TRUE,TRUE,545.571299289744,550.838179615035,551.581118977664,556.269804690111,,,,,1.58939839717862,1.59206221795666,1.6065963161577,1.63523096289652,0.233309439771137,0.238407304346657,0.26316819008742,0.273472388283756,0.330662801298137,0.329392231558111,0.334626638618992,0.319597451282529,0.399086860967477,0.372265663330857,0.296836025311158,0.190489306137384,FALSE,FALSE,FALSE,FALSE
"Pre-growing season",144,135,TRUE,TRUE,558.620814409304,561.527267049294,562.019527114138,562.37861718777,,,,,1.70342482169385,1.66750113360684,1.73868489241898,1.71473334874071,0.196483525407019,0.220415731806614,0.233052724388868,0.267119713051904,0.274013943251003,0.308737716562848,0.26436249915031,0.290462450888425,0.330789111857353,0.382189722440486,0.133053199080879,0.0993970745035227,FALSE,FALSE,FALSE,FALSE
"Pre-growing season",145,135,TRUE,TRUE,586.234078329294,591.108772542729,589.828784061642,594.45848758213,,,,,1.9954723222052,2.00351388022288,1.99678511512641,1.98667675944753,0.14971794532274,0.157985298253802,0.179818735413932,0.188151931994091,0.165224655424892,0.165664105112648,,,0.0751998421728209,0.0372648426209706,0,1.53297941664718e-15,FALSE,FALSE,TRUE,TRUE
"Pre-growing season",146,135,TRUE,TRUE,554.048389459723,557.05759408445,555.771095927322,556.474228440978,,,,,1.80155124118581,1.78170554075304,1.76014969448656,1.72595553662123,0.247218250811542,0.263802648126829,0.281603483368337,0.309387174615309,,,,,0,0,0,0,TRUE,TRUE,TRUE,TRUE
"Pre-growing season",147,135,TRUE,TRUE,575.42810573277,579.330989708637,579.595506725515,582.270898443707,,,,,1.8428222706012,1.85581879930032,1.85643340326342,1.89737779753397,0.265021771887766,0.276843916291453,0.29026464662071,0.299894200853372,0.316383539898583,0.312207738113839,0.318634574453664,0.300492130764245,0.268767252867073,0.184169255364758,0.148342312680145,0.00307988517409205,FALSE,FALSE,FALSE,FALSE
"Pre-growing season",148,135,TRUE,TRUE,587.610117480803,587.90314426798,588.173787042062,587.700996881091,,,,,1.84915361180139,1.7773262901382,1.85759485534366,1.78971391521111,0.187156347921685,0.228203307502912,0.261209791771405,0.298015539153322,0.303276104086608,0.36740057222529,0.324634124607304,0.373920724379211,0.619961058137306,0.765964170705643,0.343976486765274,0.416551578847326,FALSE,FALSE,FALSE,FALSE
"Pre-growing season",149,135,TRUE,TRUE,542.943347568625,547.789664259327,543.964245541738,547.855157011362,,,,,1.569811299533,1.55240128419116,1.58568900384975,1.578484757045,0.351550485047529,0.354757613271627,0.414816231593483,0.425578528529498,0.440062805109376,0.451242209115889,0.459189527469657,0.466322172053076,0.423493993321014,0.462954987833436,0.218074135181613,0.200526430226095,FALSE,FALSE,FALSE,FALSE
"Pre-growing season",150,135,TRUE,TRUE,544.255149198427,546.212581355038,547.688500621489,549.156304780326,,,,,1.54669003484638,1.53486307042596,1.58976852038682,1.57454335212398,0.279760464329079,0.304573346902368,0.331737810273436,0.35626948068955,0.401124238483765,0.412171942234035,0.392784952178411,0.408034688081443,0.535270575980147,0.473625081130536,0.271208215577707,0.230035768753541,FALSE,FALSE,FALSE,FALSE
"Pre-growing season",151,135,TRUE,TRUE,552.224391861058,555.920316938856,558.610732942224,562.117015962417,,,,,1.7233496912375,1.70058035165255,1.74018737368077,1.71310399229483,0.348087388713158,0.362403176310176,0.361181111528755,0.374564864204393,0.376883378458211,0.394756851227591,0.376583448202159,0.394617633351944,0.1421943470899,0.160833482780101,0.0764165648310321,0.0998801465598195,FALSE,FALSE,FALSE,FALSE
"Pre-growing season",152,135,TRUE,TRUE,502.991471291174,494.89764380964,500.411129477131,494.560350367949,,,,,1.47713101317587,1.41531063418381,1.43384829679442,1.37227530920818,0.290837830648668,0.36177594942196,0.344865334672498,0.40016989035111,0.297774611451088,,,,0.0217554454309826,0,0,0,FALSE,TRUE,TRUE,TRUE
"Pre-growing season",153,135,TRUE,TRUE,546.346913488129,550.026837501873,547.011951964901,548.943793756695,,,,,1.75088978859506,1.73590906910898,1.70396448351768,1.6784828712012,0.228958113172223,0.242170130332829,0.269955563158083,0.291741467499623,,,,,0,0,0,0,TRUE,TRUE,TRUE,TRUE
"Pre-growing season",154,135,TRUE,TRUE,578.030447010105,580.091851259929,578.68445142649,578.144357303167,,,,,1.80058411922312,1.74178338596815,1.79430080374171,1.75579012962686,0.253647370347511,0.277398682648576,0.322210689145433,0.354155880574523,0.347369405963519,0.39432861387872,0.379585612582935,0.40623169682222,0.503194872814553,0.641493752303642,0.315928180131505,0.286306397356471,FALSE,FALSE,FALSE,FALSE
"Pre-growing season",155,135,TRUE,TRUE,546.369095340725,549.949502460779,546.299937586296,546.231238328225,,,,,1.7104612084315,1.70173889935755,1.69947689501046,1.66170441389467,0.312218529789245,0.32713536714655,0.358553360589409,0.386879021550406,0.330141693317917,0.341544156523419,,,0.0800653346665163,0.0645831206444149,0,1.36715804932983e-16,FALSE,FALSE,TRUE,TRUE
"Pre-growing season",156,135,TRUE,TRUE,552.336408836379,556.293987731191,552.580350617961,557.249933334892,,,,,1.69513508408049,1.68960249414073,1.73288741914247,1.71994870666128,0.307311034409935,0.319569195715738,0.362192926327737,0.368139259739364,0.35498253330154,0.361959739549951,0.364652466398605,0.372271699719751,0.22322420835098,0.198643322479891,0.0116686329391965,0.0195974231736245,FALSE,FALSE,FALSE,FALSE
"Pre-growing season",157,135,TRUE,TRUE,565.601321170791,566.067649273878,572.151009533981,571.449790465232,,,,,1.59523419515099,1.54901406989582,1.60135822729724,1.55692635399228,0.210861515751563,0.239557157285773,0.230348471339454,0.268643316438252,0.432095514947662,0.469264453026452,0.429287018260419,0.463400630612177,1.12676070341527,1.18619450217019,1.01060124581247,0.996605515497073,FALSE,FALSE,FALSE,FALSE
"Pre-growing season",158,135,TRUE,TRUE,568.798856191133,573.138498597136,568.619760930416,571.718049713113,,,,,1.76271703352885,1.79217298627697,1.84593607633773,1.82620387793186,0.253927591342787,0.264427477275887,0.316186809563238,0.330800581893993,0.328848066761974,0.312448051405435,,,0.371405687578668,0.235759681721762,2.61760920492293e-14,0,FALSE,FALSE,TRUE,TRUE
"Pre-growing season",159,135,TRUE,TRUE,532.890714879357,537.374031450955,534.233716517403,536.526323768121,,,,,1.62491833667765,1.59164527086591,1.62519984089085,1.60303659585957,0.261221828833119,0.267640291906878,0.299566559661992,0.318636736408856,0.281274173374635,0.301294115184787,,,0.0754543312539663,0.126716076238161,0,2.56484227069006e-14,FALSE,FALSE,TRUE,TRUE
"Pre-growing season",160,135,TRUE,TRUE,545.83971907944,549.797882799661,549.756679016645,553.307696521421,,,,,1.52083615729145,1.51260000917984,1.52833504770522,1.51795860922923,0.235800174725229,0.250294944990115,0.287407089354622,0.305110654039397,0.407040040946069,0.414753730279007,0.416535745073416,0.427819531990411,0.747740807318346,0.718753295336329,0.571068006881834,0.545041435685671,FALSE,FALSE,FALSE,FALSE
"Pre-growing season",161,135,TRUE,TRUE,529.316392969797,534.430924110733,532.661218544797,537.800025022192,,,,,1.54057533989801,1.52422473586916,1.57100952906919,1.55620653651282,0.386292856556398,0.39106199183096,0.418918990254209,0.423357964963187,0.435545295587181,0.446753258332923,0.436860352402106,0.445594658123967,0.219796488569505,0.249733923867909,0.0807892230170199,0.10037891237208,FALSE,FALSE,FALSE,FALSE
"Pre-growing season",162,135,TRUE,TRUE,559.358859359815,563.501344501537,563.350400012566,566.557547633815,,,,,1.71606013928322,1.69605133286547,1.70454019707885,1.6762542993767,0.294967190570547,0.304538981381734,0.326387299163521,0.340051838556502,0.355481826199288,0.369455408746186,0.376035962323085,0.394968721435606,0.294250257255364,0.316421900630924,0.244370779430003,0.271029616251182,FALSE,FALSE,FALSE,FALSE
"Pre-growing season",163,135,TRUE,TRUE,542.109988055525,544.930472406058,547.168707759078,549.936146480979,,,,,1.72362872604543,1.70345034526777,1.70495405336495,1.68466328507788,0.206390951103347,0.224970460393334,0.22359362181009,0.242067685614366,,,,,8.52226010351665e-20,3.9060470305734e-14,0,0,TRUE,TRUE,TRUE,TRUE
"Pre-growing season",164,135,TRUE,TRUE,566.004029851188,568.894226378185,563.433665646864,567.615350004496,,,,,1.6944352909617,1.6385533952119,1.80574351198692,1.74130447183586,0.37336906534535,0.388286140248954,0.467154715297602,0.467758700345959,0.472200733212975,0.51313559452279,0.468668151197707,0.487495113875542,0.587964099325459,0.764328175699025,0.00931372964681726,0.120418528383002,FALSE,FALSE,FALSE,FALSE
"Pre-growing season",165,135,TRUE,TRUE,549.972877920901,550.592200676732,555.773677558183,555.423001495074,,,,,1.66536323874965,1.66029384456409,1.67655729516262,1.67277442326673,0.330658779890342,0.364913552903243,0.345098182361715,0.382280685936105,0.383919020486604,0.399924815571716,0.38304558105058,0.40097914973046,0.254083337209063,0.168007534453984,0.180922185653999,0.089678882544406,FALSE,FALSE,FALSE,FALSE
"Pre-growing season",166,135,TRUE,TRUE,577.966497529784,579.329310135942,580.348842511357,577.403589435517,,,,,1.93337061247637,1.88525850117939,1.92789271746296,1.86506701089143,0.256422181267692,0.281636254996653,0.286501367261557,0.332474184203752,0.270747367835471,0.302277661552532,,,0.0747226007932631,0.107810787931796,0,0,FALSE,FALSE,TRUE,TRUE
"Pre-growing season",167,135,TRUE,TRUE,584.284300370602,590.161859893599,586.295319912088,591.211319843547,,,,,2.01502771500588,2.01411414085349,1.97082362777929,1.96292699774241,0.168226576781582,0.168985301718509,0.204534131617502,0.21093331437294,,,,,1.13761424223284e-14,7.5149436721611e-16,0,0,TRUE,TRUE,TRUE,TRUE
"Pre-growing season",168,135,TRUE,TRUE,557.098190119541,552.173399291252,551.041689379953,546.523419352525,,,,,1.75966702915076,1.68244032637183,1.72958680436139,1.66350360387584,0.281723040796961,0.336270449998107,0.359819876143061,0.408016692720322,0.310596764114806,0.366871792779402,,,0.134030510074489,0.14195300892356,0,0,FALSE,FALSE,TRUE,TRUE
"Pre-growing season",169,135,TRUE,TRUE,580.162893447129,583.901813547443,583.939821387828,587.387768824846,,,,,1.77458182935499,1.74798980050841,1.80683962549382,1.77753777935806,0.193579534469188,0.208151902644024,0.248153151590331,0.262322334177926,0.329142085135262,0.352298791568013,0.32704356304997,0.348609259193652,0.699122614057449,0.750498977485894,0.410203521800352,0.450992343543341,FALSE,FALSE,FALSE,FALSE
"Pre-growing season",170,135,TRUE,TRUE,538.767567487211,534.752330718867,538.786290079471,537.375556011829,,,,,1.63507459925467,1.63832360979558,1.65283528998741,1.60753631321956,0.341507771002012,0.394670856930292,0.385808855103781,0.418727527453367,0.372931154681862,0.395453290860053,,0.41892675552545,0.13914091071692,0.00347835828511291,0,0.000886318449791085,FALSE,FALSE,TRUE,FALSE
"Pre-growing season",171,135,TRUE,TRUE,547.783707910838,553.634916043269,550.329642941362,555.165253601008,,,,,1.69558741655636,1.69295189105568,1.72503153166287,1.71760825969419,0.11658621789517,0.117443550300108,0.153253329166856,0.16057075763364,0.154508614773807,0.156485384375819,,,0.133607819550251,0.137569634605786,2.80759429527385e-22,0,FALSE,FALSE,TRUE,TRUE
"Pre-growing season",172,135,TRUE,TRUE,534.763552025011,537.198051758821,535.984651830514,537.635697276032,,,,,1.44455681994174,1.42118630658934,1.46615134809525,1.4422205578699,0.240460989747925,0.25680706393037,0.301022563686539,0.323096878345631,0.429322812904613,0.447043363715068,0.414148921946429,0.433122288017792,0.777572218012722,0.78382797664254,0.455427140980105,0.443055205074939,FALSE,FALSE,FALSE,FALSE
"Pre-growing season",173,135,TRUE,TRUE,549.59795165441,550.039767651523,553.95011308722,552.899530182163,,,,,1.58323248725196,1.57870771775288,1.60466996009019,1.62280298315979,0.162502036727477,0.210810148794183,0.216110449355905,0.271955784574401,0.301906991342463,0.315786739900145,0.30755138292964,0.314215811205336,0.550838835679604,0.415380131069911,0.366779123138341,0.169767084507172,FALSE,FALSE,FALSE,FALSE
"Pre-growing season",174,135,TRUE,TRUE,563.9129423976,567.715262644743,563.661748741744,565.297351676739,,,,,1.73525135181451,1.73183025946209,1.81182585304172,1.78328838205544,0.266794571907862,0.274506911948956,0.32999487114413,0.351428061585056,0.337727064794994,0.337536397382885,0.330188321772538,,0.344681118999292,0.303465265768466,0.000948365033878349,0,FALSE,FALSE,FALSE,TRUE
"Pre-growing season",175,135,TRUE,TRUE,566.265002136395,562.281371099074,568.410028655996,565.694416613635,,,,,1.7392869269054,1.67738191500302,1.73552194006054,1.67974035686836,0.361997592022954,0.407722711388708,0.393899545116504,0.431942678846865,0.429777457997062,0.469922301161088,0.439637930367985,0.475140137688338,0.386334029467833,0.35450645953432,0.259984517820225,0.245649411781798,FALSE,FALSE,FALSE,FALSE
"Pre-growing season",176,135,TRUE,TRUE,589.455153924164,593.702685370995,586.701430211157,592.147546222014,,,,,1.99416011694192,2.02896406012211,1.97379019814697,1.96974527149652,0.226730050706896,0.240801938249597,0.290973466673328,0.293891830304921,0.252382371516319,0.245282687763071,,,0.140362248113218,0.0245809512330979,0,0,FALSE,FALSE,TRUE,TRUE
"Pre-growing season",177,135,TRUE,TRUE,568.948330559094,574.020935944515,572.658286816264,576.874197219463,,,,,1.87033117960043,1.86455295269663,1.87375419743816,1.86141373446946,0.260153543057034,0.265507285859489,0.286258156583963,0.295677795143381,0.274272763613529,0.279235578215372,,,0.0692399562443309,0.0673465209396332,0,0,FALSE,FALSE,TRUE,TRUE
"Pre-growing season",178,135,TRUE,TRUE,551.27433937429,556.3101433261,552.552573806274,557.49897114306,,,,,1.61006949412395,1.59322464423855,1.62331175194839,1.61263218077881,0.29320409745662,0.299058923232412,0.348767632996024,0.353413909379493,0.39596099774885,0.410266499170439,0.406222120511407,0.413230151778442,0.481540874574975,0.525286018134991,0.271420754399406,0.28281972304755,FALSE,FALSE,FALSE,FALSE
"Pre-growing season",179,135,TRUE,TRUE,584.348787342104,579.288108298826,579.475531606288,574.83360792035,,,,,1.86684659612075,1.71970800031178,1.91413621326809,1.75880660860762,0.270776160822322,0.313192584633132,0.377400159298594,0.416342097751234,0.346710343629676,0.439679329413737,0.379886962948522,0.451487704071867,0.433530967077188,0.736050451520167,0.0147506383561605,0.207424451110223,FALSE,FALSE,FALSE,FALSE
"Pre-growing season",180,135,TRUE,TRUE,589.539581865533,594.983677754213,593.646237528721,598.653816679939,,,,,1.84303321680664,1.83456615064621,1.83324682024216,1.83104030980849,0.214300762064783,0.21445810613623,0.262219628847845,0.264131210434083,0.349298678131695,0.353890953652783,0.374472121145576,0.372285556123045,0.770931053613715,0.79589907203659,0.655734741238258,0.627006831329338,FALSE,FALSE,FALSE,FALSE
"Pre-growing season",181,135,TRUE,TRUE,577.503454227735,577.698384859735,578.208242675566,577.494633721813,,,,,1.86116000148333,1.78952584894122,1.91266852910703,1.86569601951036,0.195173092424281,0.230138341201972,0.25262770034896,0.289078176368852,0.248718962685075,0.302556862034044,,,0.259571675893903,0.354741055454271,0,0,FALSE,FALSE,TRUE,TRUE
"Pre-growing season",182,135,TRUE,TRUE,576.202240861705,576.855650949866,578.08169297579,581.052628130852,,,,,1.95560458430412,1.91726024464426,1.91177226646696,1.89044441445551,0.330217312401236,0.3563501460784,0.360047219902751,0.374312579798451,,,,,6.72995439860443e-15,1.00435907421435e-14,9.98617535425682e-15,0,TRUE,TRUE,TRUE,TRUE
"Pre-growing season",183,135,TRUE,TRUE,579.277277753801,578.296041179529,580.349219939972,583.370579869946,,,,,1.96623270079519,1.92751573468451,1.92789541243476,1.90674375680146,0.231756489490997,0.270750616938513,0.270461732548159,0.286466760518076,0.236452422765947,,,,0.02391800301549,0,0,0,FALSE,TRUE,TRUE,TRUE
"Pre-growing season",184,135,TRUE,TRUE,588.160117483965,591.269472809008,590.445865844946,592.575315824604,,,,,1.90152694008142,1.93595613263777,1.92887338136926,1.97286847513119,0.245125511817247,0.27729421103216,0.301660606346642,0.336740128401504,0.316017324355113,0.314404098316995,0.331212870249585,,0.399977688077413,0.211359436461691,0.170254734074431,2.13692051193576e-13,FALSE,FALSE,FALSE,TRUE
"Pre-growing season",185,135,TRUE,TRUE,559.189413371354,563.401985418584,562.34766363072,565.181938701256,,,,,1.63651003372726,1.63354405114988,1.66066515111293,1.66288225837238,0.292495079098279,0.314690373082897,0.327948977335312,0.353291524711203,0.413005684505215,0.424931293644933,0.402017784385631,0.410740606254372,0.60598172093427,0.561893391622863,0.36756218171865,0.287085938421123,FALSE,FALSE,FALSE,FALSE
"Pre-growing season",186,135,TRUE,TRUE,547.460577039521,552.433914869279,550.212521235571,554.472899212965,,,,,1.75812656280141,1.75145406405766,1.72428340269511,1.7132094811463,0.266665753248205,0.272251711348664,0.294773895854006,0.30385010965854,,,,,0,1.00139219739631e-14,0,0,TRUE,TRUE,TRUE,TRUE
"Pre-growing season",187,135,TRUE,TRUE,554.722445312991,556.949596052313,558.562977193041,561.252260045492,,,,,1.55752945355454,1.55197218587191,1.57258740730058,1.57333476868157,0.304722151010492,0.32473931386096,0.353827901087296,0.372223925885963,0.481960617862373,0.479757267649379,0.480301737463658,0.477743869477474,0.93180358741916,0.800874550355597,0.665531823403789,0.548461044853097,FALSE,FALSE,FALSE,FALSE
"Pre-growing season",188,135,TRUE,TRUE,564.681222785626,567.827090534244,565.547650293377,569.027217567986,,,,,1.79463298814143,1.83029362348945,1.82505170790874,1.80809423856872,0.24108482874219,0.267274736063688,0.295146400339821,0.308251147710358,0.281629137355071,0.277427587832053,,,0.189175222900416,0.0476707572673803,0,0,FALSE,FALSE,TRUE,TRUE
"Pre-growing season",189,135,TRUE,TRUE,540.992471144467,542.32800433186,541.535481553355,542.582377251535,,,,,1.71650945363065,1.57826063611607,1.66975074606747,1.63939870397793,0.218521731154154,0.243877321840788,0.260749356575505,0.287522276668926,,0.308217012190412,,,0,0.246124847436578,0,1.46757472555595e-14,TRUE,FALSE,TRUE,TRUE
"Pre-growing season",190,135,TRUE,TRUE,547.72738526996,549.597378484942,548.511704369639,551.113129760831,,,,,1.61653988346212,1.58912273256705,1.60005816796941,1.58719853163651,0.24512112846034,0.270930574753532,0.293652291274239,0.313518557011278,0.329704530322948,0.35482386832858,0.354268751612407,0.367763809981584,0.355681416457513,0.354688206086841,0.255816198793883,0.229209840924281,FALSE,FALSE,FALSE,FALSE
"Pre-growing season",191,135,TRUE,TRUE,540.464902302388,545.751972194247,546.402881374902,551.512583269451,,,,,1.5311407421074,1.54883813072968,1.53246820507932,1.55907713857074,0.341442638725153,0.348603826430503,0.356447378094851,0.364355160950008,0.456305226695526,0.443181165612863,0.45721342311209,0.438550307606817,0.543792156944047,0.443012990549102,0.475904234661571,0.345461562896671,FALSE,FALSE,FALSE,FALSE
"Pre-growing season",192,135,TRUE,TRUE,577.516543287283,578.868057105338,580.939317939888,582.25385932087,,,,,1.81851647226269,1.79229300748149,1.85810500891111,1.84938788689068,0.108570835442301,0.142847335614642,0.154446465303324,0.184676491932345,0.200742329640758,0.227636939200071,0.192914923874208,0.208585504873328,0.408680808785088,0.377093788279149,0.170736152059426,0.105982567054039,FALSE,FALSE,FALSE,FALSE
"Pre-growing season",193,135,TRUE,TRUE,581.72515857691,586.719503457279,579.923125821564,585.030433588539,,,,,1.82456093952416,1.79329262001168,1.86594703642525,1.85075139671165,0.211269919560614,0.219442987496696,0.284850150980927,0.290524194323705,0.309385774677322,0.33632391072916,0.30985561422058,0.319739262158981,0.51158378722648,0.618724919768818,0.12995514848755,0.152209726855566,FALSE,FALSE,FALSE,FALSE
"Pre-growing season",194,135,TRUE,TRUE,591.795750399255,596.135810649019,596.632659723938,599.822660271707,,,,,1.94839593390433,1.94922364865391,1.97312799126344,1.97821230703545,0.233769653895181,0.244778907156763,0.260753171526124,0.279617905732224,0.294028484111038,0.296538284332514,0.292760437876433,0.29887108633381,0.34264098198148,0.294000215585786,0.182472772499712,0.109986420965602,FALSE,FALSE,FALSE,FALSE
"Pre-growing season",195,135,TRUE,TRUE,570.988574282215,576.343900811189,572.632675742521,576.330773674828,,,,,1.91820436080383,1.91362976703716,1.87357646936043,1.85767107230974,0.313304115151152,0.316592201620382,0.345039359780738,0.356165706897263,,,,,0,0,0,0,TRUE,TRUE,TRUE,TRUE
"Pre-growing season",196,135,TRUE,TRUE,540.948163810741,545.426370693743,547.700147777674,552.113688941088,,,,,1.68030493677132,1.64614914180848,1.69352425990109,1.67459291318558,0.220284991547004,0.231993311122243,0.227202849943543,0.237289108029442,0.238359086229964,0.26427927250988,0.234183057884267,0.248690872352706,0.0683847046272772,0.12302963212024,0.0263662932854951,0.0431459517578108,FALSE,FALSE,FALSE,FALSE
"Pre-growing season",197,135,TRUE,TRUE,579.624480579538,578.817022209808,578.789150143843,579.918262923181,,,,,1.7905618451929,1.75513125963998,1.87633036445688,1.83734613287216,0.24745137491645,0.285594245376197,0.309336827347922,0.334772274728135,0.360272915315086,0.385302705161737,0.325467624553215,0.35268017003957,0.615997516914978,0.542341334026882,0.0859459360654443,0.0955990761250485,FALSE,FALSE,FALSE,FALSE
"Pre-growing season",198,135,TRUE,TRUE,563.459632690598,568.003863309413,566.550691173432,569.576034246088,,,,,1.86535469187497,1.85542320405341,1.83184432271303,1.81177320698099,0.350015981713504,0.357012988715475,0.373327361888348,0.38704723066104,0.350050654592282,,,,0.000185633519348458,0,0,0,FALSE,TRUE,TRUE,TRUE
"Pre-growing season",199,135,TRUE,TRUE,538.237595925471,543.704178575812,539.96699668997,544.826976135015,,,,,1.58202040357512,1.57577911321063,1.6285901787839,1.62739210309319,0.333740311193696,0.336469095323941,0.38311706054438,0.388961544607724,0.394927527090574,0.399494789937309,0.395807863807996,0.399112720924324,0.269965139982957,0.27843118604834,0.0567584509587142,0.0454318144190714,FALSE,FALSE,FALSE,FALSE
"Pre-growing season",200,135,TRUE,TRUE,546.686253218512,550.532623271085,552.556645310399,556.572033959829,,,,,1.60066107526057,1.60352339978234,1.62697595875756,1.63766745042621,0.239499291589913,0.254021783322355,0.270062703622852,0.284404107830906,0.334711002988733,0.334711458259455,0.331866871054217,0.330117449110477,0.397037319207954,0.335180252573498,0.260164840494804,0.19221428790337,FALSE,FALSE,FALSE,FALSE
"Growing season",1,135,TRUE,TRUE,550.33548934495,553.849671452116,551.649983971095,555.46572547618,,,,,1.61504362955802,1.60360357042314,1.61101859776016,1.60543956312389,0.26367161748389,0.266683410032296,0.327186823450861,0.328726427834667,0.37044445289737,0.381084583820438,0.395951786838844,0.400729583005813,0.479759159123785,0.517435737858647,0.315153063588073,0.331035046095295,FALSE,FALSE,FALSE,FALSE
"Growing season",2,135,TRUE,TRUE,510.269726778066,495.020377938832,510.106688030626,496.728649059675,,,,,1.24512886616931,1.12402684733329,1.25223938943735,1.13018919855596,0.228410961709647,0.338765145796949,0.361204280075074,0.416184567260443,0.556988999464314,0.676917244429311,0.57041838917538,0.668452394448161,1.33083852816286,1.55084881044828,0.868213405285392,1.12600058506568,FALSE,FALSE,FALSE,FALSE
"Growing season",3,135,TRUE,TRUE,571.212105600653,572.674995171007,568.550137664749,569.99040719812,,,,,1.65379024528766,1.63980530269829,1.68538228979609,1.68238925450468,0.256410241101167,0.275455875104035,0.378251772808315,0.395688005708305,0.462784273894154,0.474797027854232,0.464239826252268,0.469872168407476,1.17793114589995,1.14363130420677,0.492414623795949,0.425421612658509,FALSE,FALSE,FALSE,FALSE
"Growing season",4,135,TRUE,TRUE,548.656746404268,548.161556624314,547.821837756251,548.489272875072,,,,,1.53928489490205,1.49302130432186,1.60139586744474,1.52368932675252,0.180552302794563,0.214531858687091,0.280818073160748,0.298042276868844,0.371730731307787,0.424031410564876,0.343147866354455,0.407727808032163,0.80481398989366,0.912770303507939,0.257976630703303,0.468883793231844,FALSE,FALSE,FALSE,FALSE
"Growing season",5,135,TRUE,TRUE,539.497061048512,541.427534628101,543.373778035027,545.873075682281,,,,,1.40863683120817,1.40371150647847,1.41224509816219,1.4078278337072,0.222988543212609,0.243430717156062,0.299978650134143,0.309471324077599,0.516811368402404,0.520799968233837,0.530493037624628,0.532357755200949,1.38605383332196,1.30752719251908,1.115010523564,1.07430463301395,FALSE,FALSE,FALSE,FALSE
"Growing season",6,135,TRUE,TRUE,528.209234593391,526.876750866041,528.906750099194,529.199393813807,,,,,1.31290286175761,1.28212316009708,1.32887948290668,1.29211070658356,0.184548689058841,0.238204747025786,0.305259258028918,0.336860027774504,0.55664260026759,0.594179980778942,0.547524365656296,0.593997149438722,1.68452437097802,1.68184932556791,1.08102040289983,1.2175237101353,FALSE,FALSE,FALSE,FALSE
"Growing season",7,135,TRUE,TRUE,536.642478830915,530.501737155425,536.522659019946,533.456854142203,,,,,1.46774385822591,1.41677982597127,1.51244913590892,1.4350762424718,0.225033523493911,0.301032909739084,0.30062531733752,0.345385045233293,0.426653112619543,0.478777586361479,0.384116293509813,0.460682306211789,0.844393748570445,0.761982192220733,0.332271565488576,0.480534095275102,FALSE,FALSE,FALSE,FALSE
"Growing season",8,135,TRUE,TRUE,536.697510838835,538.668427633864,539.36161818059,541.834083848807,,,,,1.40204115794023,1.39145270672798,1.41206849635787,1.40190646691791,0.150939362034233,0.177115496887524,0.244787793333513,0.262706844819111,0.466501032713386,0.483099392435284,0.470094895383513,0.485732059952995,1.33131557301271,1.31235445343363,0.957260663202452,0.963204547109865,FALSE,FALSE,FALSE,FALSE
"Growing season",9,135,TRUE,TRUE,561.480332355742,560.678290186319,560.182124216739,560.378900171373,,,,,1.52472470884524,1.47480912697331,1.52381339516971,1.47096202794115,0.216988130077834,0.266498355814712,0.331709304262366,0.367359048724709,0.509703972754841,0.571927021838799,0.522002266408245,0.582354552212825,1.59834462034564,1.79969977182811,1.04622133415359,1.27485118929794,FALSE,FALSE,FALSE,FALSE
"Growing season",10,135,TRUE,TRUE,508.107298014072,507.264880479516,511.168945280022,509.5308184352,,,,,1.24518511053543,1.19477369796727,1.24773770306349,1.19290017275206,0.295521508059618,0.334143814914312,0.361517176732259,0.40662010894145,0.581705286967634,0.648639942137551,0.584716793272764,0.653899294083829,1.22218920511831,1.48707053986037,0.954631534961666,1.1733752471928,FALSE,FALSE,FALSE,FALSE
"Growing season",11,135,TRUE,TRUE,515.464983721425,514.944534385296,518.435066058983,517.775681865087,,,,,1.32866503948444,1.30131328015312,1.33427699703127,1.3086474013262,0.166851400561865,0.206312171619488,0.236084669791185,0.269145952240385,0.421582268154666,0.457816806017102,0.423610126872806,0.452538140716452,0.877847623547602,0.888864092832414,0.645713713428342,0.640354505701041,FALSE,FALSE,FALSE,FALSE
"Growing season",12,135,TRUE,TRUE,523.085343510429,521.371721000568,527.724961855833,525.926719105865,,,,,1.27883404695115,1.22003031258054,1.27992819332251,1.22002488806066,0.147244379287822,0.192540490394967,0.210267828142395,0.255055178021019,0.552999678558762,0.634657088099726,0.556626607704734,0.636816159516475,1.73312012026059,2.12276548137739,1.48600809986563,1.83568829669158,FALSE,FALSE,FALSE,FALSE
"Growing season",13,135,TRUE,TRUE,551.655892520056,551.807109855988,553.355634945545,555.056821300792,,,,,1.45362259381715,1.45684924481864,1.46758849590679,1.46110951311998,0.150804352282601,0.201244692543743,0.27107670956563,0.292411323531326,0.500612760684113,0.493617337896849,0.505353618035744,0.51213537596245,1.71079324030067,1.40581443512087,1.1607893278672,1.09176798886324,FALSE,FALSE,FALSE,FALSE
"Growing season",14,135,TRUE,TRUE,541.014971627566,542.95896592006,541.44578041199,545.131351026952,,,,,1.44904316461225,1.45170576566826,1.45259241136906,1.45305057543484,0.277647722361118,0.302112386336158,0.352103374276458,0.355278606279744,0.508918688365274,0.5081631997358,0.508858444868076,0.508929569231807,1.12310609024808,0.997586957741815,0.751651651777836,0.736674145025172,FALSE,FALSE,FALSE,FALSE
"Growing season",15,135,TRUE,TRUE,548.93462279137,549.844175174563,552.880500980179,554.227111436165,,,,,1.44558926872703,1.43284057892385,1.46786844631771,1.44999617850054,0.18690204601006,0.216040108216792,0.238927822587244,0.255128196362343,0.496472191021263,0.509248690723045,0.469980203400172,0.485742490887806,1.48855382325571,1.41937028150297,1.07109836459278,1.07661678518974,FALSE,FALSE,FALSE,FALSE
"Growing season",16,135,TRUE,TRUE,530.174122979278,523.325054499682,533.526804307673,527.816942132842,,,,,1.36499889484249,1.34278428826579,1.36887502745311,1.34639566945855,0.234597472722007,0.3339807263382,0.316028053110091,0.389615036854963,0.529607222201612,0.545416097750719,0.540303899584249,0.557252041145833,1.33644809250651,0.948206660599411,1.03558865719531,0.769596510137504,FALSE,FALSE,FALSE,FALSE
"Growing season",17,135,TRUE,TRUE,538.433053982006,531.74002755224,540.268857260379,534.948065620287,,,,,1.40565057662916,1.35123320778333,1.43718477828167,1.38337198873048,0.216477257010356,0.297146124754682,0.318828793011471,0.362949347350461,0.506987198441351,0.557514389211829,0.491358470153137,0.530052517268181,1.33728214002673,1.23392600434369,0.78529672317903,0.764370050960375,FALSE,FALSE,FALSE,FALSE
"Growing season",18,135,TRUE,TRUE,544.009467793216,545.269101463787,548.825080686719,550.005246072022,,,,,1.44810574427752,1.40967950551256,1.45501332885951,1.41718448654121,0.312946655377236,0.334242292371522,0.335688712256965,0.353191272966752,0.538348898012187,0.580900684657025,0.526598956653102,0.564334210206771,1.17501692692604,1.35399167221667,0.970739752489479,1.11666054945835,FALSE,FALSE,FALSE,FALSE
"Growing season",19,135,TRUE,TRUE,531.491142103066,531.942299299137,533.059718688654,533.375096785303,,,,,1.35501580834254,1.33796378676611,1.37089039013845,1.35867251392733,0.15309983279118,0.200806984317833,0.260655935470039,0.287960460512443,0.48374466192669,0.511795447998194,0.480590999805685,0.491366195821669,1.35986136238882,1.31838282882214,0.903646093725227,0.836089669295334,FALSE,FALSE,FALSE,FALSE
"Growing season",20,135,TRUE,TRUE,537.638030177838,536.33972771433,539.989687863106,541.22148915174,,,,,1.56965076883701,1.46968118649037,1.66021846581472,1.50346439740718,0.178231514444181,0.226457544541289,0.239796117686291,0.252864041357435,0.269791024959717,0.389152862465331,,0.353548594615999,0.330353911575478,0.635476517962189,4.06161874392241e-14,0.379823440888511,FALSE,FALSE,TRUE,FALSE
"Growing season",21,135,TRUE,TRUE,527.168407159189,516.452535404226,525.688228686055,517.804977520503,,,,,1.33279045221091,1.25350114368081,1.32902021839455,1.25263177845201,0.275060810335631,0.376176128099351,0.404817562461182,0.462021529255513,0.564254930938838,0.636608108851592,0.591188542524458,0.651918171147188,1.36314148154453,1.30619272197201,0.915872577919684,0.981499876382663,FALSE,FALSE,FALSE,FALSE
"Growing season",22,135,TRUE,TRUE,528.83291553088,530.496243749719,527.044578558699,529.742776491868,,,,,1.43397717043943,1.38658316835206,1.44151568095113,1.39489980197234,0.201439449562559,0.21648552244386,0.29807004365957,0.306915101917691,0.38735488394229,0.44949569280825,0.39570856329471,0.445814772904441,0.694120037679503,0.918136647832943,0.363479194685259,0.537993565270623,FALSE,FALSE,FALSE,FALSE
"Growing season",23,135,TRUE,TRUE,551.982418653965,552.885616243628,557.906110364116,559.071821329318,,,,,1.4730527391663,1.42694062936341,1.47743717787284,1.43129282807829,0.2745204512822,0.29310948454116,0.291111328005264,0.309043821105709,0.551217201753427,0.602306357308227,0.540920550838375,0.592644577944033,1.53883259905444,1.83813324156741,1.35901892449158,1.6487425236966,FALSE,FALSE,FALSE,FALSE
"Growing season",24,135,TRUE,TRUE,549.230359807071,547.915465773287,548.008946334224,548.313419531574,,,,,1.50132607614572,1.49482468248015,1.51255518283024,1.51292309542955,0.249358468772957,0.303134225989949,0.387245234832632,0.410122702354155,0.478747750480704,0.487890738980062,0.510263528932247,0.510119792609916,1.12233994799811,0.904583514709851,0.634837465202398,0.511483718913416,FALSE,FALSE,FALSE,FALSE
"Growing season",25,135,TRUE,TRUE,544.790959485915,546.159029393617,547.183815227247,549.270859343961,,,,,1.52991842283206,1.55009336390263,1.52410931312705,1.55118250903982,0.260280782547516,0.279229211017973,0.309553485685894,0.317162442451103,0.419082854126796,0.397751275054809,0.431711844694902,0.403740700809412,0.710396779724132,0.516999919168629,0.548159870840385,0.376839412585466,FALSE,FALSE,FALSE,FALSE
"Growing season",26,135,TRUE,TRUE,572.771319149818,575.486722970129,574.821419902837,577.196075904924,,,,,1.7279220816919,1.71176777272146,1.82245616749356,1.87749008183692,0.237206049067669,0.250883606803789,0.272598238139597,0.275042462812708,0.377619933247696,0.396886170032389,0.303995066294365,,0.737726457943586,0.779231854964089,0.154913629499919,0,FALSE,FALSE,FALSE,TRUE
"Growing season",27,135,TRUE,TRUE,552.986821747644,553.292717849791,554.94344880504,554.328262257725,,,,,1.55894063211183,1.53299761101256,1.59854929346817,1.57574482258416,0.222630324286455,0.253907589063247,0.269800011661999,0.299921002244965,0.405202928371967,0.434504805077523,0.368049594683176,0.390520910694839,0.83512645429822,0.841842980354698,0.430578101714371,0.399221699267962,FALSE,FALSE,FALSE,FALSE
"Growing season",28,135,TRUE,TRUE,556.10744586857,557.290489443188,555.926592749605,558.584490019634,,,,,1.48822048624222,1.470179860559,1.50517642384828,1.49021150876059,0.186751362252245,0.203822734940692,0.292000867088595,0.296374492433045,0.507208823218872,0.521472289653542,0.49157438862802,0.503849226362858,1.65976272931981,1.65475236275654,1.00349078025021,1.05077977202968,FALSE,FALSE,FALSE,FALSE
"Growing season",29,135,TRUE,TRUE,540.907006448729,543.376146132416,545.175260957926,548.019910226089,,,,,1.50514476456454,1.47385848914706,1.53055379457292,1.4979527881424,0.232326876053986,0.253682935296922,0.260679409527201,0.273661706687987,0.406016193992689,0.451729325873162,0.375791019874627,0.414752937040598,0.735030062121059,0.878459243137339,0.469963587219149,0.595264916367652,FALSE,FALSE,FALSE,FALSE
"Growing season",30,135,TRUE,TRUE,553.169073819466,549.351034076943,555.741068434105,552.617313165522,,,,,1.50273477426009,1.43856410910981,1.52167063469903,1.45377692695708,0.249899630034612,0.298367365771538,0.331545867142591,0.36544348726891,0.485969877456214,0.545322633756054,0.489815570605065,0.544319251818486,1.18772137336425,1.29701412001043,0.807411691701567,0.943193320284471,FALSE,FALSE,FALSE,FALSE
"Growing season",31,135,TRUE,TRUE,524.820780461235,524.75351310456,522.487630829977,522.630150770185,,,,,1.36583377032145,1.34401759483224,1.39556948338874,1.36790630677918,0.208906681551446,0.237643393378059,0.358328056458714,0.372528921480221,0.456502479698693,0.478339264354062,0.466854282593961,0.486412097682608,0.965151659879959,0.947072886053611,0.434184244600334,0.45616919469535,FALSE,FALSE,FALSE,FALSE
"Growing season",32,135,TRUE,TRUE,543.10421062169,546.218777262142,543.280610016809,546.55843232887,,,,,1.461173154222,1.45667116217964,1.47968967193979,1.47213691783674,0.247575878067772,0.256437521121542,0.363631027996977,0.36645806055386,0.500025331017169,0.50549891323236,0.50518998517855,0.511312253489365,1.219776300123,1.20912385087353,0.692754210372932,0.711493572076239,FALSE,FALSE,FALSE,FALSE
"Growing season",33,135,TRUE,TRUE,509.340556156339,510.565340610519,511.492383897854,512.525106804354,,,,,1.20940344860812,1.20081150768484,1.2321236334297,1.22173195618788,0.289542127124163,0.298810259104697,0.423121118043993,0.431846792776335,0.648601877622764,0.646957603488655,0.648706636483825,0.649980157483058,1.74529693839459,1.6585150722085,1.1190829778203,1.06653394231625,FALSE,FALSE,FALSE,FALSE
"Growing season",34,135,TRUE,TRUE,523.00786305596,526.277838981076,525.057855273782,528.578091460895,,,,,1.35808362249543,1.35174455123512,1.36611764740538,1.3588556142841,0.218332871292766,0.225108592291996,0.275884183028858,0.278400290713984,0.465703753768174,0.47435776928015,0.45365281502791,0.461855204630283,0.969537017956345,0.984805697594979,0.678272671049962,0.704636302341518,FALSE,FALSE,FALSE,FALSE
"Growing season",35,135,TRUE,TRUE,551.284949498762,554.916228553599,549.569636172688,553.23663827578,,,,,1.4628956698782,1.45610460842808,1.47549944918229,1.46757242509782,0.182440388753635,0.191943113739316,0.316799712034136,0.321122616566225,0.501913576099722,0.515101153387206,0.502363415277812,0.512694592964791,1.58146741811085,1.63042529462743,0.914239322892863,0.955748942258598,FALSE,FALSE,FALSE,FALSE
"Growing season",36,135,TRUE,TRUE,537.472119615465,532.376808578817,540.100858840314,535.880988851744,,,,,1.41065757616085,1.35230017983584,1.41963406946336,1.36175676131366,0.130866356316568,0.200568058287594,0.231451037268943,0.270552687461381,0.458062472231645,0.521187719681145,0.464176436930155,0.514033251185643,1.37121252737938,1.40333863386805,0.985476383081465,1.05229983321177,FALSE,FALSE,FALSE,FALSE
"Growing season",37,135,TRUE,TRUE,507.648793879551,497.099407455051,502.742816094853,495.294513651753,,,,,1.16582142098028,1.09818115291305,1.17446293670174,1.10613891560618,0.27035180085613,0.346907099013889,0.453742857860296,0.489080174059877,0.671017277863796,0.715595270915706,0.672571423527862,0.71797090057446,1.96285567180465,1.85748717462077,1.06977524010167,1.16110157568613,FALSE,FALSE,FALSE,FALSE
"Growing season",38,135,TRUE,TRUE,555.831441344336,558.5152491034,553.159705858,555.794619524368,,,,,1.54438818857056,1.52388139970974,1.59798118627979,1.5702490355377,0.13107351692038,0.144398220711767,0.285478671367798,0.29414194139455,0.389345724511674,0.417694942070713,0.377003046414432,0.402248216290413,1.14076302501236,1.23833611263924,0.404328938654474,0.484987809968383,FALSE,FALSE,FALSE,FALSE
"Growing season",39,135,TRUE,TRUE,541.504093439214,542.75564845337,545.195122311743,547.379848923838,,,,,1.41582758926586,1.3911573673328,1.4203740833537,1.40153556178106,0.130719991129694,0.158517624229227,0.191688966788437,0.206896837692461,0.515711324422604,0.55020877264118,0.502300746492684,0.527717326688284,1.8213992323117,1.93259534843625,1.42620612679811,1.51630443814538,FALSE,FALSE,FALSE,FALSE
"Growing season",40,135,TRUE,TRUE,542.383238131451,544.867470597614,543.183461003422,546.278592070554,,,,,1.48274424174044,1.47221267318157,1.49075181078968,1.48234435285106,0.221132472314914,0.233515263068603,0.292443834100711,0.296889464756338,0.446138857665783,0.458097442070314,0.438309093048161,0.445800238216482,1.0022690531958,1.00883968202561,0.635280027375944,0.650869991704597,FALSE,FALSE,FALSE,FALSE
"Growing season",41,135,TRUE,TRUE,547.896105330025,545.902835266675,543.949646896946,543.887450953197,,,,,1.44336951464685,1.3883004776697,1.4476943756471,1.39595185792823,0.170331366863121,0.222737081036041,0.334458088015691,0.351560083963517,0.525080416135176,0.593745572566158,0.527875554699573,0.579312190727293,1.78604791892109,2.03421688629384,0.96290984135711,1.1963662728251,FALSE,FALSE,FALSE,FALSE
"Growing season",42,135,TRUE,TRUE,556.804493320331,559.881007079279,555.943820941376,559.086705901909,,,,,1.57068993399486,1.56958428624018,1.59796732027122,1.60158668092197,0.200997246993624,0.212795032690751,0.297641117293869,0.304334076378045,0.414625511591115,0.417685303866733,0.402174554860927,0.400081539838028,1.0086396141169,0.969607689788634,0.484689948299994,0.44270527383034,FALSE,FALSE,FALSE,FALSE
"Growing season",43,135,TRUE,TRUE,526.224598936124,528.977331935375,526.532889052408,530.012647913924,,,,,1.39272061746874,1.38939212560823,1.40338377908561,1.39739082442544,0.297149260130018,0.307658387442861,0.375737441990128,0.37885625789188,0.491945523333735,0.495700382161618,0.495500762435915,0.50126752546085,0.838810063789847,0.810797609656342,0.515475846553656,0.529257698652033,FALSE,FALSE,FALSE,FALSE
"Growing season",44,135,TRUE,TRUE,544.444989552926,544.487745550269,545.629269131918,546.320469809565,,,,,1.43013458541987,1.38833611710424,1.45979649827963,1.4161544665347,0.266166030811974,0.276878736045133,0.375136399356658,0.379475499199421,0.568171695593866,0.606741415886374,0.550273755685891,0.584725482407958,1.63939196488945,1.86474232514184,0.929880041368968,1.12130853630286,FALSE,FALSE,FALSE,FALSE
"Growing season",45,135,TRUE,TRUE,527.250151180883,527.78405303823,528.839084068263,528.177797385744,,,,,1.37267872137864,1.36834538517573,1.39545750791343,1.41162351287659,0.312461287267135,0.351065807318239,0.370970547805722,0.406989283472769,0.539457999630498,0.548208576843191,0.512823445258867,0.501881232554436,1.05542273039003,0.923855008243947,0.630101246569866,0.414049132636838,FALSE,FALSE,FALSE,FALSE
"Growing season",46,135,TRUE,TRUE,554.083931748827,556.856735724538,556.059956677623,559.439667134181,,,,,1.58766828559207,1.57045213309205,1.62397302918767,1.60800249219334,0.114825818392122,0.132020903231738,0.185523221919184,0.192799114028504,0.307028218957921,0.334385821600418,0.281485213300362,0.300019428699074,0.773088214945085,0.832278602574367,0.377959549729288,0.427339451033187,FALSE,FALSE,FALSE,FALSE
"Growing season",47,135,TRUE,TRUE,570.273389262096,568.211153746042,575.943751782503,573.810252689,,,,,1.61330563096106,1.53790271905206,1.6164779848584,1.54265751992226,0.203774310076052,0.288631244301545,0.226226825319185,0.298334901959022,0.469447180065533,0.578169925019089,0.461524546164563,0.559430042816922,1.47736175995974,1.86238779352278,1.28722219104702,1.60914543386802,FALSE,FALSE,FALSE,FALSE
"Growing season",48,135,TRUE,TRUE,559.567916775716,558.933223949916,560.612560589332,560.948896005791,,,,,1.57581125522615,1.56780708051782,1.57935817362975,1.57034332231769,0.237663943696646,0.279266286163168,0.324197061962374,0.35219977347907,0.452055537576606,0.460190671490424,0.468054343711665,0.478440664169091,1.09498942279416,0.921819689450613,0.747265144840721,0.65780020122433,FALSE,FALSE,FALSE,FALSE
"Growing season",49,135,TRUE,TRUE,538.157918166016,541.042592472122,538.092262949122,541.317755182565,,,,,1.3961826398392,1.38254661996524,1.43406084425742,1.41609567693036,0.16318896519263,0.171403844606339,0.288932234860553,0.293821792502653,0.49126293336022,0.509566052309716,0.46008536079321,0.481048587565673,1.44557482205973,1.51948409315118,0.727692774396539,0.812166712435181,FALSE,FALSE,FALSE,FALSE
"Growing season",50,135,TRUE,TRUE,548.923801887912,545.840864410028,550.864441093161,548.884593997975,,,,,1.52759882143734,1.49047427946307,1.53479993390173,1.49627669888714,0.204933715875924,0.253889174520641,0.30067071084336,0.330173521705728,0.416736685569026,0.449497120213925,0.439939214440407,0.468746370154367,0.948891060848936,0.883071527042272,0.645119401821737,0.644512988723174,FALSE,FALSE,FALSE,FALSE
"Growing season",51,135,TRUE,TRUE,535.382655826245,535.303234118065,539.560008592747,539.031548472245,,,,,1.37441046089781,1.34340582844404,1.38101059573052,1.35158002470753,0.236973721565155,0.271793840054083,0.294430377153064,0.322500655040653,0.557998161703386,0.594667051218233,0.552393481206728,0.579520902926093,1.57836433312325,1.65916416238251,1.25378969901449,1.27655824159705,FALSE,FALSE,FALSE,FALSE
"Growing season",52,135,TRUE,TRUE,549.652470452796,553.515068454853,547.458090421126,551.371487209809,,,,,1.50381475721523,1.50206563762719,1.51691658542792,1.51343526834567,0.203344289518799,0.206668803540215,0.326519480281827,0.328005455787193,0.460950920126022,0.464683894445333,0.461239102444121,0.465658876279094,1.22015932255912,1.22816452021122,0.632683259416592,0.649625020186399,FALSE,FALSE,FALSE,FALSE
"Growing season",53,135,TRUE,TRUE,534.673507687891,534.11405512494,537.880359553882,538.871617549353,,,,,1.42500764983721,1.37653505124331,1.43004211853211,1.38366966303566,0.167497096845971,0.194338836529015,0.239608981808232,0.248205003256769,0.424450080896745,0.4816137904743,0.432325151331514,0.481332687034347,1.02539426595434,1.19901577400082,0.775629500258631,0.973612489184727,FALSE,FALSE,FALSE,FALSE
"Growing season",54,135,TRUE,TRUE,522.285665154481,523.339634388774,523.257205833564,526.196780906822,,,,,1.31171458047457,1.28115016458465,1.33333761033996,1.3056528255181,0.228910249004822,0.241050345111271,0.297134670742584,0.289269856361308,0.539144980643605,0.573564748017813,0.498654708962164,0.52532204888164,1.33465902690334,1.48297201486679,0.806062547811792,0.964990695980732,FALSE,FALSE,FALSE,FALSE
"Growing season",55,135,TRUE,TRUE,549.436329761111,548.916922524519,550.742677579917,550.803395526484,,,,,1.46738443527211,1.42994367771399,1.46866117206082,1.42892897863592,0.17729232366759,0.20698842781123,0.26619947760539,0.287267554944471,0.491320068673705,0.529578226608159,0.495166033657042,0.534312133232984,1.52398588284954,1.61495016591095,1.10624655977669,1.23353592002359,FALSE,FALSE,FALSE,FALSE
"Growing season",56,135,TRUE,TRUE,567.146541918382,561.472154854335,571.520217160069,565.557829496798,,,,,1.68635973121907,1.58986050460516,1.72781819092362,1.62231029872588,0.13737021744492,0.227471025400985,0.177995178174843,0.252491448606019,0.303480849856883,0.419942390549637,0.270135385385503,0.376669402473265,0.744607485010023,0.934330077318717,0.402895201473049,0.571165674117048,FALSE,FALSE,FALSE,FALSE
"Growing season",57,135,TRUE,TRUE,551.402159173123,549.443517476966,557.228095478581,554.558685571977,,,,,1.45877510655326,1.42292902974778,1.47245339905218,1.4387706958544,0.14532372989674,0.184055939097719,0.181623345656524,0.22598069708277,0.5141463553814,0.543012692612569,0.492521896844638,0.516471901143839,1.85584597987212,1.82923989234928,1.51422101135591,1.41671868630407,FALSE,FALSE,FALSE,FALSE
"Growing season",58,135,TRUE,TRUE,532.66113421366,535.233106990773,534.799001019326,537.895400229968,,,,,1.37122522848512,1.36343651385754,1.37461734513533,1.36452214932547,0.195874384335978,0.209293284422212,0.277007668926894,0.285733506552298,0.508261313588215,0.517365681402924,0.509929603670175,0.523592183817772,1.37317722583009,1.36438955583565,1.02000159177706,1.05804880039251,FALSE,FALSE,FALSE,FALSE
"Growing season",59,135,TRUE,TRUE,555.449957715175,558.197983105857,547.56754284752,551.327198182646,,,,,1.4353072030732,1.43278126135058,1.46031559400921,1.46050670003836,0.188086001944062,0.204396683809544,0.396642286642739,0.397115786967675,0.588657576079558,0.590485393804296,0.567635791596393,0.566386224163257,2.34412918605117,2.25899555471092,0.951057092848913,0.938469201215782,FALSE,FALSE,FALSE,FALSE
"Growing season",60,135,TRUE,TRUE,511.088163292615,504.496269109766,514.802659807487,508.658873252458,,,,,1.28025961897586,1.19219197422141,1.29393682004107,1.19762358964497,0.266385308529765,0.329897579065158,0.326152603865837,0.359910789275749,0.537871300955714,0.638376963436713,0.526462227997075,0.620690759013378,1.09961831301788,1.40580790447473,0.797384098534593,1.13352508743173,FALSE,FALSE,FALSE,FALSE
"Growing season",61,135,TRUE,TRUE,552.067283531668,555.739983519867,556.985619745245,560.410208749647,,,,,1.44853723160694,1.44311688693273,1.4435664130505,1.43576790053108,0.267941773469043,0.268999165750035,0.314243408766912,0.318840802389203,0.568933157418405,0.574444823208635,0.581817799402782,0.590496521094135,1.70462445077466,1.74123176069526,1.54543976400885,1.58752493585132,FALSE,FALSE,FALSE,FALSE
"Growing season",62,135,TRUE,TRUE,569.499074503812,570.215058786254,565.441946221803,567.548578699182,,,,,1.65834860310829,1.64019852623636,1.70819052054683,1.7213203340976,0.202896182927302,0.225677950138676,0.303005828887645,0.310754358104133,0.388058615134065,0.403460097702925,0.362369515219353,0.353921849472344,0.930807678380168,0.896185341713652,0.288280002788055,0.2075401310398,FALSE,FALSE,FALSE,FALSE
"Growing season",63,135,TRUE,TRUE,537.748303924832,541.54870725349,539.586479116026,542.881113704395,,,,,1.38064486635882,1.37636513353647,1.38258853107359,1.37413081960935,0.20515764184007,0.205762205993767,0.313108411984899,0.317771917027152,0.570610566116899,0.576973154474189,0.575808524047038,0.586280284463005,1.8581164562114,1.90552468423585,1.34317529675689,1.39247991103793,FALSE,FALSE,FALSE,FALSE
"Growing season",64,135,TRUE,TRUE,563.690751672873,566.062372329391,564.820887522399,566.510501399018,,,,,1.57911472055814,1.55075322883561,1.57926586319981,1.55213329827863,0.175958783602256,0.185600587522651,0.246176992456471,0.258375586167938,0.459140932984247,0.494690947593494,0.450196496312571,0.477297612836792,1.47488467723964,1.6716121335605,1.03134005489769,1.12987482456187,FALSE,FALSE,FALSE,FALSE
"Growing season",65,135,TRUE,TRUE,521.58283096328,509.973980664994,523.443954157153,515.783539827671,,,,,1.25916422964793,1.17234292074371,1.27250245329681,1.17863072214166,0.174155961679905,0.285773802811295,0.296019539888956,0.340014702796173,0.588746273824495,0.670697775408096,0.584892670425936,0.671649747751865,1.87470081959111,1.89397303344307,1.30315114134267,1.64575620478071,FALSE,FALSE,FALSE,FALSE
"Growing season",66,135,TRUE,TRUE,548.395260283645,552.073325563312,544.464291253414,548.355336539627,,,,,1.48528409225383,1.48839638571894,1.49291014803834,1.49313127730548,0.11847209060166,0.121428078393991,0.249147877598964,0.249265019161754,0.391286962631586,0.38600546468279,0.393855930369919,0.393056124805381,1.12695836921204,1.08613840506706,0.588833479278248,0.584291161135351,FALSE,FALSE,FALSE,FALSE
"Growing season",67,135,TRUE,TRUE,535.390723110167,534.340135919718,534.646023208819,534.315888365695,,,,,1.30611683602442,1.2800776065229,1.31443984771226,1.28438473264752,0.180656938896247,0.211594517534862,0.31187986298235,0.338130589042138,0.633074504021855,0.650025179078999,0.616911318247217,0.644861758726571,2.47420613524833,2.41576607779981,1.59478534403332,1.65650048236745,FALSE,FALSE,FALSE,FALSE
"Growing season",68,135,TRUE,TRUE,534.635728371904,533.49506101045,534.797714435358,533.578398834476,,,,,1.3738803152034,1.32066767593582,1.39038457428659,1.33467916144079,0.212514769120486,0.247620152657163,0.363560289844212,0.382356721458668,0.570506498574208,0.638742317173708,0.570869292737876,0.624898542082949,1.79786971290252,2.17389889683711,1.04814529388455,1.30577486311021,FALSE,FALSE,FALSE,FALSE
"Growing season",69,135,TRUE,TRUE,579.151045677215,576.052741572811,579.850611032049,576.74606442287,,,,,1.700637036435,1.64403889119116,1.72263859544839,1.67400924655082,0.0824698337618071,0.150854759818292,0.189580280619797,0.238624684763144,0.335784868449311,0.402089072340388,0.335058511413899,0.379267784094976,1.23914783997413,1.28136655314572,0.711402755803461,0.696820252942866,FALSE,FALSE,FALSE,FALSE
"Growing season",70,135,TRUE,TRUE,547.785123578752,548.557652950039,547.752709811392,549.911812641968,,,,,1.48673437584395,1.44394118440629,1.4983729413222,1.46146689923863,0.191255419589858,0.220548812470543,0.279348819035303,0.290377955804489,0.447662048967894,0.504783843370566,0.438402219170257,0.478938849444598,1.16398400851987,1.36916699909906,0.706198434954476,0.867633831918746,FALSE,FALSE,FALSE,FALSE
"Growing season",71,135,TRUE,TRUE,531.254093921647,523.513797568793,528.467166620353,522.383825023042,,,,,1.34979421480714,1.29310782968153,1.37215380517136,1.31327416701376,0.181043650571675,0.277418354161414,0.360091438738273,0.420551379826174,0.51995598786366,0.575260508714769,0.526828844467572,0.581200922505868,1.4845162055781,1.35290177383456,0.744277886476203,0.744892777659995,FALSE,FALSE,FALSE,FALSE
"Growing season",72,135,TRUE,TRUE,527.536350936454,518.02042361166,531.11520482694,522.248091155113,,,,,1.34091110175944,1.25813583020679,1.35230413980219,1.27120042532965,0.186984070193076,0.272670777538797,0.269496430224005,0.337755840015446,0.491617129053057,0.571780430282923,0.495992656388252,0.567317818347645,1.24416223894161,1.28489426814717,0.93704114595079,0.984848395451373,FALSE,FALSE,FALSE,FALSE
"Growing season",73,135,TRUE,TRUE,545.713479137791,549.647708027475,548.199961434601,551.848852472164,,,,,1.50533812455418,1.5074441942246,1.52949538113923,1.5352751666351,0.259366213833808,0.260097742483879,0.323320079573578,0.326921331932776,0.452683638068958,0.450202964216728,0.442611279094842,0.438303024458898,0.899047450400186,0.881739403169363,0.549689421135029,0.511390391503079,FALSE,FALSE,FALSE,FALSE
"Growing season",74,135,TRUE,TRUE,550.714198355245,549.4140363477,543.318287316697,543.35384368275,,,,,1.53799893147011,1.53545802445541,1.59853619388865,1.59702247182094,0.184377104776373,0.226782983167366,0.350215187723109,0.369802357543533,0.386913037092459,0.386865351608084,0.390616790712258,0.39672685987858,0.877447973572494,0.683344379046963,0.177436976379471,0.117806398216442,FALSE,FALSE,FALSE,FALSE
"Growing season",75,135,TRUE,TRUE,526.735653127461,525.376316974785,528.689025965471,529.728475757863,,,,,1.35126465620995,1.32118959357027,1.34857619973259,1.32736625202483,0.315124086868772,0.344628836994533,0.391649058665127,0.399448595880664,0.568010229580886,0.591582002914766,0.581696607319386,0.595099608973357,1.22264081928908,1.20876156855637,0.935686510121536,0.966518367291591,FALSE,FALSE,FALSE,FALSE
"Growing season",76,135,TRUE,TRUE,557.307187105318,547.817477717448,557.89307103104,550.378957857955,,,,,1.53993944377392,1.40528861595127,1.55458430149386,1.40880075125335,0.240121981812239,0.318097871430837,0.34408410835196,0.39308436820278,0.49137087139949,0.628021824318209,0.49516560074222,0.627431702160058,1.32584426922518,1.8960159106606,0.802533746734287,1.42534277809267,FALSE,FALSE,FALSE,FALSE
"Growing season",77,135,TRUE,TRUE,541.055189951937,543.025299582552,539.624558277213,541.60623822284,,,,,1.4045050174577,1.38517547356329,1.41483622512916,1.39283844447911,0.185223020101439,0.201704238952902,0.315616992988061,0.323365888113244,0.508101615367746,0.5315326121743,0.511728879665965,0.531263801180054,1.49777971285414,1.56746000175362,0.909085714489665,0.977509696741905,FALSE,FALSE,FALSE,FALSE
"Growing season",78,135,TRUE,TRUE,523.06275783043,523.19352189732,526.7530333774,527.091988289109,,,,,1.3051430147579,1.29165349433318,1.32360067652929,1.30656307085706,0.226765250626948,0.256638903209384,0.295179381930845,0.318044163596339,0.545055525541705,0.554693047584793,0.528787751032736,0.542998136501947,1.38189051921025,1.29249219604508,0.992329966314035,0.959772349463844,FALSE,FALSE,FALSE,FALSE
"Growing season",79,135,TRUE,TRUE,587.666175820265,587.012757843275,590.962240490974,590.768332909013,,,,,1.78618539521696,1.7280258424035,1.79974788555164,1.74041675841406,0.186997847390547,0.236216557884807,0.240967227705908,0.277117067112572,0.364320221906386,0.432119516299608,0.364634445773231,0.42312990969462,0.990358348420187,1.15702633014949,0.690353663356581,0.84947843715873,FALSE,FALSE,FALSE,FALSE
"Growing season",80,135,TRUE,TRUE,550.562536380225,553.731978813004,554.503736673953,557.683672964168,,,,,1.56445874865752,1.54468987198755,1.59607471504383,1.56701293777276,0.17382180953423,0.188424099715116,0.202057546418308,0.214533500813472,0.352205153903925,0.382599120977696,0.312921010875267,0.348880406202428,0.747071088709934,0.836756232540824,0.445019410501967,0.554434486276516,FALSE,FALSE,FALSE,FALSE
"Growing season",81,135,TRUE,TRUE,572.700944640023,575.575890484173,577.258260926498,580.740330837995,,,,,1.80676384994216,1.76769430255285,1.79520506635708,1.77156039049033,0.250124993098955,0.260155914843308,0.274089074178469,0.279224130413449,0.314004576294462,0.345140117026489,0.328746767737437,0.346459056336696,0.322734533595601,0.436587117816161,0.277164021840167,0.344182283948627,FALSE,FALSE,FALSE,FALSE
"Growing season",82,135,TRUE,TRUE,559.007538202432,560.20824317145,557.481083795478,559.252409757069,,,,,1.61945911974649,1.60784573540497,1.66620851883601,1.66948732435553,0.228276162952597,0.250551686178411,0.336702190729145,0.351448095736564,0.385063420784886,0.397419359120934,0.389112800981615,0.392432333194764,0.740138382602082,0.696000440712193,0.251747205549371,0.197041648709368,FALSE,FALSE,FALSE,FALSE
"Growing season",83,135,TRUE,TRUE,574.338836376499,575.318448978658,578.637229405486,580.553632317932,,,,,1.80423102738425,1.77187219012946,1.8557388271777,1.81071396457333,0.148624416858907,0.172697653204692,0.186305045462631,0.199149694776112,0.232831277493473,0.264462899220315,0.21586855313293,0.246744080322304,0.381517528124,0.420481274959808,0.133823487763134,0.216706709525818,FALSE,FALSE,FALSE,FALSE
"Growing season",84,135,TRUE,TRUE,530.007095444603,532.431878689709,529.049317217525,531.802454466403,,,,,1.26740527738433,1.26769074747437,1.26846828810863,1.26739519510502,0.0650467898235804,0.0798175206121492,0.218907950873942,0.225251475619126,0.586792822404764,0.578718374939584,0.584014862800134,0.579498477991581,2.40592384355376,2.25274423287327,1.6537649245647,1.5821489638401,FALSE,FALSE,FALSE,FALSE
"Growing season",85,135,TRUE,TRUE,568.974226793175,568.512651001089,569.852293014733,571.495224205492,,,,,1.71171446473645,1.62658737140653,1.74935684110146,1.65420267700383,0.211520189654674,0.25153246026967,0.294906904625852,0.316906968025364,0.344562513465815,0.440281228269821,0.348481168378728,0.430757158002382,0.649456570262784,0.995264764225961,0.265239850583955,0.597273401341214,FALSE,FALSE,FALSE,FALSE
"Growing season",86,135,TRUE,TRUE,545.605669837257,549.558356480697,546.611974324294,550.579093749247,,,,,1.47217125260898,1.47493502936732,1.47768537227777,1.47835127749628,0.234399840444322,0.2337872945909,0.291978418292319,0.292899832874512,0.478399141354796,0.47384051431122,0.464311546643548,0.464027434578516,1.15299455715096,1.12751007558187,0.78551977302906,0.780043056933403,FALSE,FALSE,FALSE,FALSE
"Growing season",87,135,TRUE,TRUE,551.593216790525,543.110115656941,556.444173968243,547.156872539076,,,,,1.50088012450757,1.42411244031995,1.50913887838045,1.4341101774723,0.210478638039852,0.292234465622436,0.253037649186669,0.329603359153767,0.462561994613163,0.529787762100991,0.458996770873178,0.517425910765313,1.20469477117351,1.17208371534881,0.97921269942509,0.904961397922988,FALSE,FALSE,FALSE,FALSE
"Growing season",88,135,TRUE,TRUE,557.798876845697,555.037582488348,555.598871063297,554.595387447346,,,,,1.53767919194362,1.47026870264742,1.56478351739183,1.48687909822804,0.244701336826563,0.288298515583737,0.344868835869074,0.36675327214333,0.491021475371704,0.557341725871949,0.470615105046682,0.536829890280082,1.30390528903135,1.51311480146926,0.640478177913872,0.912895095110554,FALSE,FALSE,FALSE,FALSE
"Growing season",89,135,TRUE,TRUE,541.590106491631,542.540329034007,538.939373288771,540.945423111996,,,,,1.44763152410495,1.41672151918326,1.43930601436986,1.40849523621122,0.148960055421647,0.177977231694897,0.28842702606501,0.30927767080336,0.431587089471617,0.474280363147998,0.461942732031217,0.502811851311395,1.18456929383074,1.29272243280675,0.745311811378752,0.868710713209695,FALSE,FALSE,FALSE,FALSE
"Growing season",90,135,TRUE,TRUE,530.089735357615,531.607976495912,533.209933514929,535.413028054483,,,,,1.37607029462376,1.36131966534491,1.39152056766288,1.37745680227242,0.148390181348294,0.173219458742433,0.223030200129177,0.238416001116101,0.446497047343138,0.466174673149442,0.435391150128644,0.453370563884515,1.16565362379915,1.16335788281973,0.81913629197465,0.840894304515546,FALSE,FALSE,FALSE,FALSE
"Growing season",91,135,TRUE,TRUE,525.641154959562,524.527499570665,526.47274693769,526.940295434282,,,,,1.41193378085994,1.3462035257824,1.42723006860341,1.36708275344633,0.186253047994252,0.232029306037196,0.283780375542027,0.300882017727053,0.383114315242247,0.475203824194679,0.395777088757869,0.457456507069334,0.709812551763067,0.952118275850619,0.411170463820477,0.599089856930756,FALSE,FALSE,FALSE,FALSE
"Growing season",92,135,TRUE,TRUE,540.972971716526,540.320566384587,539.049933143635,540.194783798136,,,,,1.39476427516421,1.36932935014863,1.41963115020323,1.39096461216851,0.109157314157258,0.159544639159225,0.2737030889541,0.289280164064061,0.516619182526697,0.546907817197418,0.48988422682659,0.520642270926457,1.88827192887716,1.84681587920844,0.958248845303253,1.05318683017994,FALSE,FALSE,FALSE,FALSE
"Growing season",93,135,TRUE,TRUE,529.994082967094,530.543609740194,523.798766597076,523.527902164935,,,,,1.47421907251642,1.41329607890643,1.53694676493798,1.48419054807538,0.187817285319501,0.197994285801977,0.35122218605382,0.371624463810328,0.33529970745933,0.402342847992884,0.363323063354597,0.3986813207968,0.528155718942833,0.761397024841314,0.0456514530581418,0.102548346898688,FALSE,FALSE,FALSE,FALSE
"Growing season",94,135,TRUE,TRUE,536.823001482563,538.644840198746,535.031471088078,537.440825560001,,,,,1.46992176090991,1.46430469072849,1.48017922148846,1.48876530863897,0.277468431971681,0.290483561106229,0.37841502093954,0.385664614980582,0.451851111562294,0.454412710250693,0.468189194947644,0.460357314469442,0.767586724630391,0.717582423552673,0.401446339331349,0.330167031311051,FALSE,FALSE,FALSE,FALSE
"Growing season",95,135,TRUE,TRUE,594.133821258147,594.586540171295,589.888117049751,591.430700937525,,,,,1.69874543985125,1.68153764647793,1.69549308020938,1.69693086707596,0.0885897751229826,0.122736098370376,0.276969200390723,0.288968435011847,0.461120449127108,0.474290709598553,0.489725464162652,0.480535613208312,2.31304250341246,2.18939435380592,1.35935018937453,1.19752356065666,FALSE,FALSE,FALSE,FALSE
"Growing season",96,135,TRUE,TRUE,548.253736727656,550.258350573483,552.395310440976,553.872444516164,,,,,1.48418540926664,1.45833954417406,1.48380816341587,1.45259946382822,0.245377744062782,0.263077093536394,0.295112388971578,0.319702516273532,0.484245111487434,0.516030000208605,0.492951108088624,0.53129919870005,1.16200769538334,1.27282108140566,0.970906317410125,1.0837499576704,FALSE,FALSE,FALSE,FALSE
"Growing season",97,135,TRUE,TRUE,595.122117408404,595.950277046682,594.648336295317,595.22396132881,,,,,1.83976531992842,1.83753069972201,1.8397274395028,1.8370073838106,0.0999944733791175,0.138846685311113,0.204709121063327,0.236804345188054,0.304474414378192,0.312476567418567,0.327704799858329,0.337150689117121,1.10406598639485,0.939964003436274,0.673227799160751,0.551062442749362,FALSE,FALSE,FALSE,FALSE
"Growing season",98,135,TRUE,TRUE,530.689774602515,517.901702860215,535.595977799727,523.449239509461,,,,,1.38608254388088,1.30568422378794,1.40014762898327,1.31467441932179,0.322330433471502,0.425919650128491,0.379450887278215,0.457509647160955,0.561314655175348,0.624304559136951,0.560100498858574,0.620245567189504,1.18831308822619,1.02091187481069,0.904280772379037,0.83332253659696,FALSE,FALSE,FALSE,FALSE
"Growing season",99,135,TRUE,TRUE,532.733136596365,533.884330648698,537.145359597482,538.873648284117,,,,,1.36598199311497,1.33307830478449,1.38574327144495,1.34922074781521,0.259734231616604,0.281048052119363,0.324582689940962,0.338218969276146,0.549903751567106,0.590097717752494,0.539257863260491,0.580815262654399,1.3873777232703,1.55525136683951,1.01747508423685,1.20952723852519,FALSE,FALSE,FALSE,FALSE
"Growing season",100,135,TRUE,TRUE,570.474294623139,571.851125124655,568.378747348517,569.376559884267,,,,,1.74805088344247,1.72499025379555,1.76438771178634,1.81067551960839,0.233641677183703,0.256129528550168,0.330560050687769,0.339914912093143,0.339916934040283,0.364835821626309,0.367522726679662,0.344903916656628,0.531434028829237,0.55149877281397,0.189506557592248,0.0251481291502705,FALSE,FALSE,FALSE,FALSE
"Growing season",101,135,TRUE,TRUE,541.320444671074,541.565655127242,540.872444473164,542.523772291932,,,,,1.47077173276637,1.43276519663739,1.51688198559451,1.47411028116375,0.150704949403172,0.184739677407075,0.27514733049965,0.282802096036089,0.387666353022579,0.43891585783319,0.373679196029063,0.409865438809886,0.942972941732308,1.0542916420222,0.392194364984426,0.513904534182417,FALSE,FALSE,FALSE,FALSE
"Growing season",102,135,TRUE,TRUE,530.897495554365,526.557251043989,530.900746180793,529.704287427943,,,,,1.34254845547228,1.2602436680496,1.35773953180021,1.27646003109356,0.172432787232864,0.214551145981086,0.277461144174086,0.290274051583044,0.521021102488244,0.615325458010017,0.501937359423624,0.592387457903064,1.51971414199707,1.94310806551318,0.943186063289668,1.40009783008866,FALSE,FALSE,FALSE,FALSE
"Growing season",103,135,TRUE,TRUE,530.785460991092,530.656650203961,530.757593546637,530.898777501274,,,,,1.25293732010604,1.24274329016094,1.25249153571178,1.2436966864594,0.134596339882465,0.168398625961658,0.27447190299916,0.295781537286901,0.668493651091887,0.665930007478257,0.664697497607254,0.660306999171956,2.99566923471136,2.71957296506224,2.14315142295041,1.94349194097988,FALSE,FALSE,FALSE,FALSE
"Growing season",104,135,TRUE,TRUE,545.503849526615,544.093252044779,545.838695736712,543.071372154206,,,,,1.56581152773637,1.52260121254155,1.6295812052798,1.65458137353714,0.169311246644537,0.224072916397084,0.245404781731374,0.290999698767879,0.314937894464721,0.374158641254178,0.282494231569697,,0.570068687761918,0.611321295165069,0.142504662637221,0,FALSE,FALSE,FALSE,TRUE
"Growing season",105,135,TRUE,TRUE,538.920622718439,539.35692855134,541.42652712885,542.140756049985,,,,,1.50278822724373,1.47567729910053,1.53898154316399,1.5150038196166,0.22276507764569,0.251655977096738,0.283544649900412,0.303182440531287,0.386885940444476,0.418637749996386,0.367200715652516,0.389263092903228,0.668757617454517,0.694099649951195,0.335965191820858,0.348030608159915,FALSE,FALSE,FALSE,FALSE
"Growing season",106,135,TRUE,TRUE,548.596244475084,550.168519239234,542.379491276739,545.018210645607,,,,,1.54636033322573,1.52104632362758,1.67497848995362,1.66655486957399,0.164432639858085,0.190256537399239,0.299252380673143,0.306319300637986,0.342610398670946,0.376452987189006,,,0.722412764715171,0.773799756866495,0,7.48200364428429e-15,FALSE,FALSE,TRUE,TRUE
"Growing season",107,135,TRUE,TRUE,524.102535893663,524.343880865893,527.614380734562,528.971535301224,,,,,1.3244689211235,1.29723315360955,1.33628245742418,1.30882154425618,0.280924646149596,0.309455670327393,0.362672492080578,0.371352943433851,0.583809249724993,0.614268768504023,0.583597700860126,0.609322751959057,1.46391730493848,1.5295574534423,1.07313577067636,1.18837292921656,FALSE,FALSE,FALSE,FALSE
"Growing season",108,135,TRUE,TRUE,539.046141595619,539.268087222776,541.796826080641,542.736289739758,,,,,1.37253880344124,1.35314573748848,1.37121085951454,1.35554170626392,0.147319805764395,0.192621372789343,0.234060973797988,0.260769545395583,0.523320003276833,0.549184658400321,0.532172868376472,0.548810287995153,1.72583855270599,1.68212925305479,1.38041130131122,1.35163002357223,FALSE,FALSE,FALSE,FALSE
"Growing season",109,135,TRUE,TRUE,534.54106910518,538.222703393565,534.007193141858,537.890821275167,,,,,1.38400524863574,1.37752769318482,1.40378205349937,1.39937281563391,0.20594980301045,0.211662176805774,0.320523095810626,0.323678107118946,0.501098838398882,0.512518061383986,0.490066713634393,0.497010967160925,1.30016240748398,1.34578116634391,0.734382872474792,0.757555502073411,FALSE,FALSE,FALSE,FALSE
"Growing season",110,135,TRUE,TRUE,557.648141372683,559.318287593788,553.927076587129,555.154998327683,,,,,1.52165616576834,1.51910754397879,1.54728231765158,1.56418563654183,0.102805917337631,0.117099988902949,0.296941715961778,0.30811804649696,0.461833537030308,0.450483947942642,0.451036182136733,0.422977340962903,1.75034980349326,1.58189271543694,0.739400802887962,0.528949032424482,FALSE,FALSE,FALSE,FALSE
"Growing season",111,135,TRUE,TRUE,540.267127104476,542.802795549172,538.15497261422,541.676357477904,,,,,1.41046502242782,1.4035672048415,1.39341449881269,1.39110550153047,0.135661712696976,0.147772233575858,0.268294613959531,0.267150731992613,0.462242516836378,0.468544593519491,0.494473573980614,0.49346193943815,1.38878176254339,1.36645915339481,0.98616499881654,0.981451138578141,FALSE,FALSE,FALSE,FALSE
"Growing season",112,135,TRUE,TRUE,517.133886299868,520.200224014506,522.378897557299,525.632895476879,,,,,1.25247451430896,1.24736765488903,1.25513407494603,1.24787351026894,0.143713178536195,0.153046510600528,0.165584365221866,0.172885003006277,0.552930561342121,0.55922590694045,0.536719047360247,0.547541080373335,1.68003126991569,1.67807518324102,1.46837886947091,1.50237067567121,FALSE,FALSE,FALSE,FALSE
"Growing season",113,135,TRUE,TRUE,548.67945208133,547.01261256212,548.149810435628,548.842447999971,,,,,1.4791864621502,1.41232395003554,1.50336762416367,1.44112383397348,0.284668726781315,0.335505909609581,0.381492253702503,0.404165695592983,0.54166369897241,0.622647703303473,0.523526949590743,0.588467138919459,1.39556114266501,1.74739290357469,0.746259006783814,1.04823281527681,FALSE,FALSE,FALSE,FALSE
"Growing season",114,135,TRUE,TRUE,530.171745911867,533.57078822783,532.391515550748,536.137666455611,,,,,1.41302510424688,1.41388420043844,1.42203998981847,1.42011746715595,0.255934666947877,0.262436442308985,0.304641193376107,0.307291877562646,0.466494744372483,0.465629850218081,0.452588703117151,0.455359625681519,0.88659279659125,0.853901270544738,0.605049150630101,0.60713210755133,FALSE,FALSE,FALSE,FALSE
"Growing season",115,135,TRUE,TRUE,537.613419668584,537.994332140655,540.206779903886,540.063865768247,,,,,1.45625806608243,1.42100612560968,1.46949793707865,1.43611726552962,0.222257160328386,0.249865859182771,0.295156519672282,0.321182365320529,0.428804220607882,0.470193521334708,0.433860707115522,0.466515638364976,0.863208990316111,0.951142412753748,0.58504689509611,0.624351300425543,FALSE,FALSE,FALSE,FALSE
"Growing season",116,135,TRUE,TRUE,564.695275840132,567.046881080871,566.622110225092,569.095455381485,,,,,1.60051646597627,1.58593486342638,1.61993946838821,1.60469710747049,0.221920896772394,0.245813734888114,0.291105450002928,0.308182565796606,0.449955603914826,0.4729574779227,0.437386931757789,0.457175588998786,1.19754431002329,1.22439259681173,0.753724411655512,0.782660432513089,FALSE,FALSE,FALSE,FALSE
"Growing season",117,135,TRUE,TRUE,524.67413793667,522.440879669982,528.651313294252,526.278815476247,,,,,1.28895696975341,1.24971221227088,1.31074532781586,1.26546148726781,0.105799593401807,0.141540695694288,0.178868299522582,0.218319219280526,0.518091844620074,0.555653558717134,0.486877878296481,0.535930379153918,1.6612367078277,1.70655379790936,1.1881804487677,1.26967546826198,FALSE,FALSE,FALSE,FALSE
"Growing season",118,135,TRUE,TRUE,533.190763510009,537.047728966823,528.404605828382,532.087285810112,,,,,1.46141164360567,1.46423590786974,1.57032003444152,1.57865714750496,0.19330770357169,0.192600539980136,0.334386547142186,0.337399673562793,0.397234057438612,0.391143641307424,0.343555666111831,0.341730087233112,0.799359883915575,0.772366160384853,0.0348736533610013,0.0164966665175087,FALSE,FALSE,FALSE,FALSE
"Growing season",119,135,TRUE,TRUE,533.868414988766,536.690612287368,531.291654865994,534.613917727591,,,,,1.35185639713589,1.34766527113037,1.35659190435096,1.346602431251,0.200991390120247,0.215466198926962,0.355836684581004,0.361359461220879,0.532321410290249,0.538136090738178,0.550752585540317,0.562522470442473,1.505359803505,1.47445049183797,0.908981173347345,0.951718957439775,FALSE,FALSE,FALSE,FALSE
"Growing season",120,135,TRUE,TRUE,552.930360440956,550.920995039624,544.266163561988,543.244985636899,,,,,1.51706271051261,1.47225972699479,1.60418780978727,1.53985283205615,0.195691445880352,0.232922254672488,0.384113791908639,0.404657416307318,0.451407698987559,0.493141363045966,0.422921439246921,0.464090556153701,1.2159828858174,1.26627348493261,0.181208504359633,0.280354948506693,FALSE,FALSE,FALSE,FALSE
"Growing season",121,135,TRUE,TRUE,548.978765922114,546.20944361598,553.626763145805,552.337777434317,,,,,1.56490908664789,1.50829564348867,1.60504076884832,1.52944193794366,0.146435944922861,0.214258069667902,0.183824008080657,0.228559504562416,0.329111047424995,0.406018324821642,0.288252138374174,0.376537356813764,0.734951627943313,0.815344700934924,0.406134689324759,0.608401670124883,FALSE,FALSE,FALSE,FALSE
"Growing season",122,135,TRUE,TRUE,576.812848784926,578.161710180738,576.527658127299,578.701883276149,,,,,1.61914922013654,1.58368656072893,1.63184961299765,1.59895763025732,0.182846528794617,0.215435419742031,0.322946845461511,0.332094230863254,0.506985038752675,0.554629979237211,0.518203375677286,0.549701337277939,1.97407758362393,2.20005562246671,1.21182506545831,1.39759546090039,FALSE,FALSE,FALSE,FALSE
"Growing season",123,135,TRUE,TRUE,547.279167407167,542.825132664493,549.746822240912,544.3050152166,,,,,1.37272713515738,1.31013829247361,1.37683927212145,1.31257084634705,0.143835183603999,0.203074743923281,0.23348572953718,0.291241921791703,0.588528009294208,0.650224782760043,0.581877986828544,0.638582190598212,2.39674815067583,2.59565231394596,1.84260197886905,1.94113263921039,FALSE,FALSE,FALSE,FALSE
"Growing season",124,135,TRUE,TRUE,533.318582397204,525.376510982564,536.663469484763,528.052529796941,,,,,1.42929827404465,1.32994272897507,1.4418667063054,1.34162905579628,0.196117604767133,0.294296000841494,0.258057884557203,0.330492099431367,0.417039435450422,0.539522717393437,0.415273305548025,0.513388945253939,0.872661553738147,1.07777779644117,0.620292477499724,0.762304816991628,FALSE,FALSE,FALSE,FALSE
"Growing season",125,135,TRUE,TRUE,538.440757416214,536.504336930764,538.954069306292,538.665004556569,,,,,1.43597928127397,1.35636121103858,1.46650847921998,1.38015342308751,0.164790147894485,0.216013899667507,0.262563011937835,0.288522977408681,0.444335744207611,0.55988261739961,0.413351691033501,0.518581707261669,1.17425891468876,1.65277414130183,0.608886389901305,1.02834795253128,FALSE,FALSE,FALSE,FALSE
"Growing season",126,135,TRUE,TRUE,542.961538252837,534.511839300165,548.185820855582,539.926467996478,,,,,1.4055670224659,1.31312896219334,1.41907749438674,1.31828638224632,0.161168810994527,0.230338533410338,0.201282916676493,0.258811973879704,0.532528552217021,0.619674533413411,0.509061496678237,0.6050064091558,1.81071798568492,2.0550307579745,1.44342431152176,1.76367269587675,FALSE,FALSE,FALSE,FALSE
"Growing season",127,135,TRUE,TRUE,591.567879967422,591.850545448572,593.047833992264,592.467070226837,,,,,1.85430292132891,1.84903001875795,1.89262611820144,1.91644382061226,0.10049672706457,0.139255288206019,0.185598899610513,0.217056396801033,0.267185152324186,0.276876190815734,0.259916718415587,0.251148460829404,0.855172749194003,0.706342206590794,0.381081500004914,0.172915154193831,FALSE,FALSE,FALSE,FALSE
"Growing season",128,135,TRUE,TRUE,553.39330537664,552.522553701883,559.327629471892,557.761036893552,,,,,1.55417823230024,1.55100147429865,1.58047246386186,1.58457121960642,0.120295355230929,0.173331732045077,0.155272828592611,0.207856066700149,0.335071265422878,0.345005385710172,0.315190105264067,0.320457792808668,0.876033876289959,0.700850123367745,0.644785201932421,0.452488427575027,FALSE,FALSE,FALSE,FALSE
"Growing season",129,135,TRUE,TRUE,529.493133858333,530.147122045363,532.269766525483,530.446866180894,,,,,1.50064203406241,1.48463428629734,1.52356765242171,1.5789982086652,0.255044269049368,0.283792003912806,0.289142069634939,0.311291895449279,0.365719585999501,0.387500622832885,0.34515288364406,,0.424074826996158,0.402318604476012,0.208914179675389,0,FALSE,FALSE,FALSE,TRUE
"Growing season",130,135,TRUE,TRUE,548.209668696251,550.811636254551,548.511113234647,551.366961198062,,,,,1.46011014832511,1.45635927270447,1.49344423371924,1.48822880882377,0.120046520186412,0.132326514941658,0.255437438132176,0.26264414522924,0.431537303509751,0.433523105042458,0.424361727840132,0.428679080165489,1.34282113105598,1.29460791867494,0.731055302011449,0.718600766968444,FALSE,FALSE,FALSE,FALSE
"Growing season",131,135,TRUE,TRUE,527.626882251461,529.261120110459,527.591287663883,529.841367302501,,,,,1.31922160795273,1.3103023139629,1.33842791802838,1.32390606089854,0.236818564697643,0.266328600283896,0.31978342515503,0.338998195653011,0.570575079082541,0.58311886671216,0.534815701805421,0.555734050523712,1.56987830748501,1.51294342776738,0.940935021145197,0.973884255083308,FALSE,FALSE,FALSE,FALSE
"Growing season",132,135,TRUE,TRUE,521.839162158047,520.972266494558,527.204628642085,527.05512013053,,,,,1.34466189783875,1.30958296676977,1.3439520848519,1.30957720238015,0.264030800534991,0.29907024407909,0.300849557555938,0.330628105301389,0.511736160338161,0.551412558489336,0.518468767991651,0.558352648128723,1.04244421655657,1.10100326060119,0.92318968894462,1.00561805874213,FALSE,FALSE,FALSE,FALSE
"Growing season",133,135,TRUE,TRUE,551.687918721601,552.153419420904,548.75494475726,551.118615813177,,,,,1.42780749597181,1.40839890076627,1.43712420597269,1.42066728339759,0.23371586241029,0.256771819288363,0.405061620921756,0.405065754943761,0.598605330260085,0.611942408315,0.609224966798695,0.6182410144497,2.15587969941302,2.11247000558171,1.22895927391501,1.28709476440438,FALSE,FALSE,FALSE,FALSE
"Growing season",134,135,TRUE,TRUE,556.861755694705,555.834213365523,557.825823613109,557.666613757387,,,,,1.54680328738772,1.4957053767057,1.57524558195017,1.51842364672949,0.19257929704702,0.231337267985983,0.288200789760758,0.315508832240935,0.432439355998017,0.490441110559879,0.422818023749221,0.479052372186318,1.14426785331307,1.29737339284735,0.637913446239284,0.808509638666796,FALSE,FALSE,FALSE,FALSE
"Growing season",135,135,TRUE,TRUE,505.730732389106,505.471089075913,506.042679548522,507.175561254846,,,,,1.21282406081319,1.1853475251651,1.21673637229033,1.18930981477773,0.264054833245276,0.296891181303116,0.360410146528684,0.378533931485085,0.633466225695243,0.665272089251098,0.618259549438388,0.652699562884435,1.70760247478531,1.78571582303279,1.13715012182625,1.27638241831478,FALSE,FALSE,FALSE,FALSE
"Growing season",136,135,TRUE,TRUE,538.426146787482,533.675004477216,536.105961383822,532.512965905171,,,,,1.34603285463986,1.28074645733334,1.33978946933217,1.27435943027778,0.150029475188767,0.229389409121669,0.298486115667449,0.348405157361206,0.558516654940403,0.635764933132507,0.571461293799054,0.640890995801024,1.96494115107449,2.15929244150613,1.32078682443211,1.54297302226404,FALSE,FALSE,FALSE,FALSE
"Growing season",137,135,TRUE,TRUE,523.894349062501,520.611953549268,526.549651241098,524.088302101856,,,,,1.25337536266019,1.20828183440233,1.25132516611758,1.20500372134821,0.210845677540945,0.260345716173399,0.285610693568554,0.317052230831445,0.653957436287913,0.695614943798248,0.649629159605842,0.692084564220783,2.35893351439988,2.45537867831768,1.89613545811106,2.07099055161274,FALSE,FALSE,FALSE,FALSE
"Growing season",138,135,TRUE,TRUE,540.839624957591,541.707935772269,542.785001221546,543.493802953128,,,,,1.38439409474184,1.36823763442097,1.39551388500101,1.38052786153369,0.202421537087129,0.228779714067334,0.296076533107482,0.319212475468022,0.547072568816721,0.562335406060092,0.542503785964536,0.555029493253249,1.69628657077473,1.6596088749756,1.20251504936953,1.15702904887103,FALSE,FALSE,FALSE,FALSE
"Growing season",139,135,TRUE,TRUE,505.46679744934,507.606914650629,503.942188230904,507.16434292167,,,,,1.29638249629875,1.28029474367468,1.30856915414442,1.29639876106583,0.335846812293218,0.34096718823119,0.427467033610072,0.427694724627,0.516414386185637,0.529856950643914,0.521643540849609,0.530016649595302,0.703881496010569,0.741024938887259,0.367747834281023,0.400882509373871,FALSE,FALSE,FALSE,FALSE
"Growing season",140,135,TRUE,TRUE,546.593353704162,540.275425428883,549.956953618407,534.251910114713,,,,,1.61103509428782,1.59304400619764,1.63765018489885,1.60140818229843,0.278464882538894,0.335391645665044,0.323921249411622,0.410224243112095,0.366849534850971,0.385010520252898,0.367352797166041,,0.389654287532492,0.215618316171917,0.192831420731503,0,FALSE,FALSE,FALSE,TRUE
"Growing season",141,135,TRUE,TRUE,549.596299067051,546.948783929411,545.501926593947,540.764651573122,,,,,1.50707857324457,1.45638059180581,1.53710272695684,1.4869630161746,0.209491919216513,0.246044439480381,0.379183217821484,0.418670623995386,0.463513263838993,0.509050807985738,0.476253936661809,0.510603843089023,1.21295934156041,1.2879023903539,0.474942020740942,0.450733584996439,FALSE,FALSE,FALSE,FALSE
"Growing season",142,135,TRUE,TRUE,569.856040937747,569.757657363491,571.437288133468,572.936673720975,,,,,1.56645193186042,1.53687961450921,1.56944844793099,1.54777692729111,0.188120257804852,0.243077430925211,0.273682670929436,0.299460674850465,0.503777809938186,0.54553535996746,0.505332606939996,0.531559891838463,1.79904959616433,1.81497550797072,1.31301619223394,1.35432833483766,FALSE,FALSE,FALSE,FALSE
"Growing season",143,135,TRUE,TRUE,560.900939008426,563.003100033789,563.12608721216,564.019933377159,,,,,1.61540777756517,1.61526744188602,1.63541148977288,1.64278486762694,0.182315099938556,0.20650911984909,0.255632381376621,0.281817155577862,0.373174536675173,0.378323610146597,0.371829321313453,0.370650728029128,0.883965640797842,0.798789550226821,0.538445465429501,0.40984861267729,FALSE,FALSE,FALSE,FALSE
"Growing season",144,135,TRUE,TRUE,567.28434877738,568.839877358113,571.530220288632,572.388094853003,,,,,1.51465909798048,1.49285347545141,1.51266031060303,1.48937063017898,0.179512514825145,0.195643176577328,0.22677303419448,0.250035119241017,0.560578142486978,0.581521002402912,0.55854302817839,0.579994817019255,2.31687857184776,2.39831362436162,1.99205630851318,2.02210343800769,FALSE,FALSE,FALSE,FALSE
"Growing season",145,135,TRUE,TRUE,552.780666891622,555.796110656224,552.264771051416,556.23277289216,,,,,1.54289061514555,1.54569042286267,1.5482639560823,1.54739700226436,0.283578914381508,0.295038849015826,0.373534944766714,0.373882095342211,0.473823420603044,0.472733962558222,0.488426967481006,0.489316053334135,0.96784854501608,0.902488608588939,0.592201578524255,0.595539948119538,FALSE,FALSE,FALSE,FALSE
"Growing season",146,135,TRUE,TRUE,525.252488412849,527.11062912045,522.963013177293,526.548544038601,,,,,1.41319346221159,1.40640273300771,1.44697482616329,1.44083489152086,0.351535140452314,0.370132375925489,0.482281428922594,0.482811850059638,0.510388157548801,0.519346741438825,0.536977429509239,0.540112216238228,0.7203937808381,0.681437508739209,0.263914112957412,0.276569606784221,FALSE,FALSE,FALSE,FALSE
"Growing season",147,135,TRUE,TRUE,565.087257130709,567.043848094596,564.227132354363,567.668191920729,,,,,1.53047378325958,1.51219122515234,1.54627920999588,1.53221861698357,0.1225760738345,0.145247691389513,0.276572933009751,0.279653552345041,0.496982984179867,0.521207436818634,0.495787024484996,0.512043269241268,2.00715718075383,2.0709507951738,1.17284903521202,1.26608165803884,FALSE,FALSE,FALSE,FALSE
"Growing season",148,135,TRUE,TRUE,555.142972198992,553.778188976638,551.878902032827,552.717600596292,,,,,1.50794858529931,1.48828392656107,1.52159025783036,1.4932152556739,0.112193909993156,0.157651590832111,0.27057130371861,0.29065885323857,0.415539899420729,0.430517260049603,0.427705272907565,0.455200075624531,1.35098312640782,1.21063086543655,0.706873717385528,0.752157688264894,FALSE,FALSE,FALSE,FALSE
"Growing season",149,135,TRUE,TRUE,558.547901001135,560.574261531069,557.59206193981,559.943747773342,,,,,1.56774405710986,1.57228531186956,1.59077187624886,1.59601450117357,0.155947239566714,0.173474602191839,0.260015242109614,0.273799441729244,0.389087982491913,0.381145717654484,0.383387803940704,0.380974290437299,1.058970091278,0.930924676792707,0.554429822408594,0.47971201670428,FALSE,FALSE,FALSE,FALSE
"Growing season",150,135,TRUE,TRUE,511.748233097661,511.823917191144,511.067436785167,512.094991453185,,,,,1.24857886753783,1.22586812277415,1.24467192296856,1.22251542933511,0.223243007474444,0.250721488555872,0.341320458314961,0.353234025011371,0.548770585780075,0.572526620759845,0.566037226762566,0.585804001051798,1.30542583499389,1.31536625844664,0.918105882936062,0.963832933261579,FALSE,FALSE,FALSE,FALSE
"Growing season",151,135,TRUE,TRUE,529.648353951963,529.99523692631,534.902357921877,535.283724330741,,,,,1.36900137849206,1.33118679095626,1.37177477354273,1.33252089547965,0.149212537596736,0.180249209594153,0.191844995896837,0.217483856364606,0.442093050902708,0.493968478963286,0.444460631571911,0.493945422520755,1.12826628946292,1.26888790854944,0.975000285346063,1.11433801124703,FALSE,FALSE,FALSE,FALSE
"Growing season",152,135,TRUE,TRUE,547.608347947281,549.363995652874,550.388651160365,553.081096071378,,,,,1.4819144776962,1.48400950421825,1.47798019979496,1.48979998553962,0.13636864800646,0.167408261099692,0.227189726177175,0.237263104616151,0.42709524389104,0.424881312819936,0.451374122094844,0.432407379908705,1.26361435368301,1.11243567286501,1.00346458671564,0.851796009674627,FALSE,FALSE,FALSE,FALSE
"Growing season",153,135,TRUE,TRUE,546.131664260921,550.120009747533,541.573261409821,545.237780781335,,,,,1.49223860155263,1.49226940042976,1.55401362662315,1.55423798473783,0.155115389429956,0.15464681816456,0.320312452698969,0.32368228617327,0.401304232807865,0.400832611714165,0.388022872187416,0.389408246557627,1.03465684822509,1.03383546384923,0.284780103687637,0.276838747189584,FALSE,FALSE,FALSE,FALSE
"Growing season",154,135,TRUE,TRUE,545.334759638275,548.894549181527,546.892280708733,550.885324936912,,,,,1.49475792550583,1.49246985418377,1.50294422072856,1.50328823533543,0.135260874996764,0.140949816995007,0.220501798696738,0.220502050303296,0.391582125445543,0.395353274208111,0.39165295089494,0.391159143149977,1.0579015710827,1.05324552726437,0.702012195633356,0.699627126768787,FALSE,FALSE,FALSE,FALSE
"Growing season",155,135,TRUE,TRUE,555.02536557522,557.280946334634,557.468057374879,560.386384986919,,,,,1.54925280925273,1.53043583227757,1.55995124921944,1.54200706504606,0.12333410592881,0.139114617690102,0.178798732687884,0.186379766541487,0.372687754920882,0.396676351158848,0.357009246363385,0.377615128887646,1.07522520651534,1.13069949636435,0.74726251439523,0.813416351393693,FALSE,FALSE,FALSE,FALSE
"Growing season",156,135,TRUE,TRUE,558.276918080764,560.932371745383,559.265469607615,561.228258045725,,,,,1.5231758937686,1.51008240253899,1.5404445110976,1.52538616201738,0.1621369777293,0.17655621243188,0.270767471510828,0.287380848239424,0.460801143953075,0.478518929942294,0.458157996607598,0.474616235474518,1.46886605020603,1.5118567206442,0.919883243110174,0.930682825449823,FALSE,FALSE,FALSE,FALSE
"Growing season",157,135,TRUE,TRUE,526.496558002974,529.823479204125,530.523736979921,533.493521632325,,,,,1.35567205439296,1.34663331209033,1.37034446752669,1.36311449330477,0.225574168576766,0.231618820945121,0.309103124081984,0.315208532585868,0.526959807557593,0.540589923546086,0.524980953866727,0.532141088177202,1.33074155493944,1.38861195118766,0.958135086462721,0.967988289391088,FALSE,FALSE,FALSE,FALSE
"Growing season",158,135,TRUE,TRUE,559.139173554098,558.433262260495,560.83750232453,561.545398247985,,,,,1.57905897701833,1.51551206118622,1.61754425057879,1.55428021517145,0.184160051190927,0.203163901943418,0.263875380384215,0.277876766044202,0.410217509337667,0.475395049567198,0.383559495579644,0.441612240172988,1.07295989834714,1.35490111525197,0.5537327108388,0.786166860583035,FALSE,FALSE,FALSE,FALSE
"Growing season",159,135,TRUE,TRUE,537.519000378775,540.415205261825,543.69894599738,546.431530318037,,,,,1.42320987427966,1.41373337057229,1.43112836446892,1.42074191752217,0.284279480361085,0.298094843023937,0.305220350793976,0.314671482300513,0.525984679356533,0.540044014430345,0.517113945576324,0.528365721428124,1.17628426938608,1.19900068098692,1.016713388457,1.03612476758392,FALSE,FALSE,FALSE,FALSE
"Growing season",160,135,TRUE,TRUE,517.214237964435,519.585211443463,518.938271514977,521.681152083482,,,,,1.26907415775794,1.2536578595295,1.27350202347004,1.25637629269157,0.21443841533357,0.235261997675224,0.270258536943012,0.287357258629795,0.554927741528515,0.579655908308783,0.533678895932243,0.561640398998607,1.43234429903748,1.50102064455169,1.0515979828635,1.13868854105443,FALSE,FALSE,FALSE,FALSE
"Growing season",161,135,TRUE,TRUE,500.948570104705,498.651883015979,503.647882889364,502.964913600986,,,,,1.22297249626472,1.20109304290462,1.22326154793665,1.19953405858708,0.302356756727392,0.344743273589844,0.351641870670134,0.377075400556697,0.582976791300982,0.597861808922481,0.573872823452166,0.594706618010878,1.14959316603934,1.03481140311828,0.883386361387147,0.875561470848018,FALSE,FALSE,FALSE,FALSE
"Growing season",162,135,TRUE,TRUE,550.949389158401,553.271059594676,549.138776635399,552.857467809402,,,,,1.40850704057616,1.40508235349837,1.4060495807675,1.40385254091186,0.109695198651021,0.131615340555523,0.252044400352724,0.258028188226972,0.576863591419848,0.577710419346603,0.568269182108617,0.572867767072326,2.55078791600082,2.42548084296611,1.66369845582536,1.66939001625901,FALSE,FALSE,FALSE,FALSE
"Growing season",163,135,TRUE,TRUE,522.618327102759,524.846061620191,525.626463289433,527.839548783709,,,,,1.29915860570198,1.28449614741332,1.31383843759957,1.29964765241922,0.24880340921785,0.263337369490266,0.342931490921737,0.351133452167659,0.556794394841305,0.574648792722834,0.561642836918995,0.57414685433227,1.36460094408123,1.40810213569079,0.987075034751916,1.01608075005771,FALSE,FALSE,FALSE,FALSE
"Growing season",164,135,TRUE,TRUE,551.864440258519,555.373884892582,554.932831926822,558.567831242244,,,,,1.44630549663846,1.44428786475229,1.45977791427903,1.45842861877312,0.156935519057414,0.160986570586299,0.248572918025887,0.2470697764718,0.531722531340645,0.532962795990628,0.523798993168996,0.521943674488579,1.93752562561179,1.92238084746814,1.40753035125158,1.39739471076389,FALSE,FALSE,FALSE,FALSE
"Growing season",165,135,TRUE,TRUE,559.036289039743,560.695362696485,563.1679669693,565.873512975539,,,,,1.5687017307464,1.57078907838602,1.58231942447162,1.58343695349529,0.193344457169132,0.208534165665159,0.217898510354152,0.229930392215238,0.416885247991266,0.408645096071288,0.391878017287731,0.391626437543385,1.06625218750148,0.938102581495508,0.798319460421028,0.740062676394014,FALSE,FALSE,FALSE,FALSE
"Growing season",166,135,TRUE,TRUE,598.950746635607,598.259475256409,598.402860624817,599.766648055133,,,,,1.78649501804667,1.76963248156643,1.79982119470391,1.79075815744286,0.188134239063074,0.222669607869794,0.30212526666261,0.315252966918318,0.458868295748183,0.465662532423058,0.465345424889213,0.467693866128689,1.81976032892715,1.61608275541218,1.10190471185855,1.02026385944832,FALSE,FALSE,FALSE,FALSE
"Growing season",167,135,TRUE,TRUE,560.984900040555,554.640692529036,557.928759214431,555.645676063303,,,,,1.56618997146253,1.49302780016661,1.58410421311894,1.50790234027236,0.12632794366638,0.210478508237962,0.262687582078728,0.291903651291204,0.408295121693738,0.487160947538535,0.399487721917988,0.469069299322254,1.32043169758123,1.36474237287727,0.626964465964481,0.845276906177099,FALSE,FALSE,FALSE,FALSE
"Growing season",168,135,TRUE,TRUE,514.998778016746,511.160847204755,518.301859469477,514.962098858073,,,,,1.26738089621242,1.21785406363808,1.27512530359226,1.22439197193849,0.263985577346773,0.304963902968763,0.328982107821414,0.362148375838103,0.569228004764356,0.613936369193905,0.564352776214508,0.609074823265942,1.31792445153321,1.38108177145392,1.00575690860957,1.09132188035915,FALSE,FALSE,FALSE,FALSE
"Growing season",169,135,TRUE,TRUE,503.387879157928,505.39139456268,506.60603904908,509.097011795797,,,,,1.21405194950883,1.19554755104245,1.22119158535448,1.20342744533799,0.195773824408219,0.209762048491406,0.292333167524192,0.297154812287157,0.522495790345817,0.547809132709603,0.535416579857807,0.555385183865431,1.16980286642845,1.24389069459916,0.894776263181091,0.96894983189838,FALSE,FALSE,FALSE,FALSE
"Growing season",170,135,TRUE,TRUE,544.765755273729,547.467967020687,544.873164321426,546.543583974281,,,,,1.48386018205393,1.47549718448165,1.52820119947358,1.54123954893245,0.18213009020006,0.200452693537382,0.267576731718013,0.291756047642486,0.416409740725157,0.431204509104049,0.37846002608098,0.375498398165887,0.999364362667374,0.999041021335662,0.453858538775557,0.342679808916993,FALSE,FALSE,FALSE,FALSE
"Growing season",171,135,TRUE,TRUE,532.147340034453,533.678386454518,534.983967035472,536.338470444531,,,,,1.45643686854458,1.43498282730886,1.48937136452557,1.46798218662807,0.115823958505673,0.13274713621821,0.204912826813278,0.216057572073737,0.314282794063204,0.339479226920247,0.310678548695602,0.327676890372599,0.68186593009615,0.718309363007914,0.367654565270152,0.387768064738197,FALSE,FALSE,FALSE,FALSE
"Growing season",172,135,TRUE,TRUE,528.19065939564,527.144905066957,528.652300684769,529.723436130169,,,,,1.37827493437016,1.31844124528672,1.38475213499947,1.32946195339878,0.192912869642397,0.249957509195698,0.290946383162646,0.321619445296867,0.480897329767707,0.578061304452906,0.475951983752741,0.558043750115852,1.19134342874079,1.5446053686742,0.752907540461956,1.06751970833122,FALSE,FALSE,FALSE,FALSE
"Growing season",173,135,TRUE,TRUE,528.653285658265,525.572665574991,532.886048297511,530.505964835904,,,,,1.35413509425227,1.30626712593509,1.36642025412372,1.31474479530184,0.203903234218654,0.257034172865852,0.256580089237135,0.296505904406555,0.494072386093051,0.546866063655683,0.483692490721682,0.538194346823263,1.2115789414461,1.26351204466213,0.934527483115656,1.03780799416784,FALSE,FALSE,FALSE,FALSE
"Growing season",174,135,TRUE,TRUE,560.375206321152,559.75570223944,564.612783659653,563.825995265488,,,,,1.59439916552221,1.60050632164368,1.62092346959206,1.64037008400463,0.185123187111334,0.226995669741738,0.245803395320517,0.278851013872017,0.404928827216532,0.394898083241966,0.392567884487382,0.372487191869803,1.05140200741213,0.78564710718981,0.69732748734057,0.431996193492258,FALSE,FALSE,FALSE,FALSE
"Growing season",175,135,TRUE,TRUE,577.68760721208,579.61694708797,576.751913535001,577.81187376115,,,,,1.75054375428924,1.75468967587771,1.79887577496613,1.8777053298411,0.238180407984651,0.256736616328932,0.323191960397522,0.334438788269474,0.382749212431549,0.381150559695877,0.372130081723092,0.335895800135675,0.789295497470171,0.676178450090064,0.265345183204434,0.00775209002426647,FALSE,FALSE,FALSE,FALSE
"Growing season",176,135,TRUE,TRUE,572.834434270578,575.694663353218,574.926727275902,578.062966648064,,,,,1.71023809820909,1.70624359373152,1.73720181562832,1.73596938756041,0.10222680898027,0.115832648615626,0.169195057874185,0.174968725278239,0.293306275807516,0.299866200666148,0.274869357162441,0.275731637454763,0.871300709712997,0.842094192480443,0.472492091059819,0.449615540535082,FALSE,FALSE,FALSE,FALSE
"Growing season",177,135,TRUE,TRUE,541.507361897548,542.799079949392,539.794337073577,541.35261539388,,,,,1.37751622814981,1.36803733468356,1.39295283880774,1.37452882316695,0.17569204439079,0.201319263877862,0.290773419390598,0.309314712982344,0.543935385640258,0.551193381252258,0.517023416369111,0.537371697205805,1.78624864659173,1.69877273841516,1.03688996671929,1.06480933450181,FALSE,FALSE,FALSE,FALSE
"Growing season",178,135,TRUE,TRUE,532.460974233231,520.535285070676,535.89056485801,525.334043453494,,,,,1.37211217064848,1.22882806602997,1.37979196960661,1.23596239627746,0.30921760271693,0.392369532201333,0.366957536748826,0.431901810345636,0.589965533092563,0.730940416273428,0.582656105364813,0.719389585781941,1.47580372138252,2.21953956145601,1.11447306226033,1.816737961981,FALSE,FALSE,FALSE,FALSE
"Growing season",179,135,TRUE,TRUE,525.610041387334,529.207523036094,524.07703481565,527.58528400215,,,,,1.38036418960534,1.36711841514952,1.39720373995231,1.3770621316107,0.273329981624964,0.271644085864584,0.377445607672591,0.379298369934574,0.496149785065378,0.510728041697756,0.495284996959658,0.51523755127693,0.952637775582027,1.03725970304502,0.500279864641166,0.588603794563026,FALSE,FALSE,FALSE,FALSE
"Growing season",180,135,TRUE,TRUE,565.080483352044,559.829956599609,567.328523576553,564.188475279611,,,,,1.58397846045268,1.50945200115317,1.5964491889662,1.5168426584959,0.181966437652154,0.251340512009678,0.287184457962209,0.32628970720628,0.452950641253522,0.529914836330487,0.465962424696684,0.540886068896442,1.40696188972252,1.53839096457647,0.951312504472317,1.21481610980172,FALSE,FALSE,FALSE,FALSE
"Growing season",181,135,TRUE,TRUE,581.404841692528,583.64852559888,584.100332477451,586.545702547167,,,,,1.84698583836159,1.79346633567536,1.84710339400198,1.80204736650571,0.192324481927061,0.207788823537841,0.239748281574462,0.254084982528401,0.279260670934566,0.328909067129103,0.295686403640227,0.333313748330374,0.439925544188361,0.631084652351821,0.285242259448337,0.412352231718365,FALSE,FALSE,FALSE,FALSE
"Growing season",182,135,TRUE,TRUE,569.981072455405,573.38159500939,575.781451988516,579.501159736367,,,,,1.70889746306023,1.70067887714832,1.72524692629996,1.71359400069432,0.130371396064406,0.138315326646064,0.15691463330427,0.160943631612758,0.288447631300607,0.299962012422218,0.278337287771005,0.291783651628938,0.711593077497058,0.733826461730628,0.542534475502581,0.590112197499067,FALSE,FALSE,FALSE,FALSE
"Growing season",183,135,TRUE,TRUE,545.760921197402,541.969194195324,550.024285162544,547.362656383669,,,,,1.46262376740848,1.41061782595661,1.47551985488124,1.41473769575573,0.30662448396995,0.368120687907421,0.353142191540545,0.39288238327357,0.527877984776487,0.581407656417763,0.523974039374513,0.578742450810213,1.14791616557005,1.16551180856151,0.883111015382204,1.00819904244761,FALSE,FALSE,FALSE,FALSE
"Growing season",184,135,TRUE,TRUE,576.74276948722,577.579228065666,576.538530223205,578.661742258954,,,,,1.62959312588377,1.6361889889698,1.67596713105433,1.65749299178817,0.2016787860877,0.240584530908999,0.307473263177886,0.32424316203796,0.501035867778052,0.491713849256548,0.458728024224003,0.478739463356781,1.81999514852402,1.49890914729573,0.867910216984273,0.902676636667833,FALSE,FALSE,FALSE,FALSE
"Growing season",185,135,TRUE,TRUE,547.535944496006,551.22430914049,552.867859237204,556.197125093804,,,,,1.45296958461962,1.44499691162349,1.46078236013922,1.44813124648507,0.18994751568884,0.190784007222937,0.243699800588392,0.247573943548141,0.502078374836152,0.512567907343645,0.502814015587481,0.518377436310932,1.51753737470598,1.58385772132956,1.26576733554998,1.3462411056694,FALSE,FALSE,FALSE,FALSE
"Growing season",186,135,TRUE,TRUE,526.198722842768,526.730679675806,529.597428849062,530.702059345499,,,,,1.34217732409501,1.3277550083401,1.36274079114009,1.35005553087808,0.258466410299731,0.286741043793583,0.341594157363581,0.358766978969625,0.520910980304157,0.535389902748185,0.521097775619875,0.531465497341507,1.13680632923145,1.08576887883472,0.788144837775483,0.760081546873539,FALSE,FALSE,FALSE,FALSE
"Growing season",187,135,TRUE,TRUE,541.057429706917,544.032946838456,537.056812749543,540.305660020847,,,,,1.4593025645806,1.45255763259561,1.50002362322613,1.49153405641317,0.235307474990797,0.244389150178221,0.330929248416489,0.33535153168268,0.476615317934908,0.484581507041291,0.423875735168685,0.431712764971795,1.10890106676463,1.11099528212967,0.392003548203126,0.408198566248205,FALSE,FALSE,FALSE,FALSE
"Growing season",188,135,TRUE,TRUE,559.552982927051,559.280409150043,555.795760558177,556.593881790948,,,,,1.55882373724104,1.53395021017407,1.59301944107398,1.56983292510563,0.178484656317373,0.210142557019101,0.305525348963463,0.323762533225685,0.442934358798638,0.464989209125156,0.414074179616261,0.433610571226882,1.30309862361635,1.2663162999305,0.511013707966561,0.520496716335376,FALSE,FALSE,FALSE,FALSE
"Growing season",189,135,TRUE,TRUE,552.761143853521,554.857221942049,551.662425891909,554.333659634407,,,,,1.61965440405126,1.62490031108079,1.66214142352623,1.7250571945284,0.182577937607137,0.197291697938653,0.260527067901482,0.270481801782717,0.305950556586357,0.302582656075545,0.297833991332361,,0.508595559848945,0.43148652618291,0.152671667509628,1.01470113503503e-14,FALSE,FALSE,FALSE,TRUE
"Growing season",190,135,TRUE,TRUE,545.533350603453,545.571158823314,544.544098112131,545.500879399507,,,,,1.39218287369779,1.3628109128085,1.41595062921366,1.38224688891623,0.163005366380706,0.195204345822199,0.329140178375001,0.341909120140067,0.559152006319879,0.591090692674111,0.553192479628089,0.58465930180495,2.03125454179122,2.10253021137795,1.14605591454083,1.28111370979093,FALSE,FALSE,FALSE,FALSE
"Growing season",191,135,TRUE,TRUE,546.965126005589,546.254917595569,550.719463492164,549.734903484998,,,,,1.43450925952374,1.40842085818131,1.43050268234214,1.40330265753068,0.158941406986493,0.196325321082339,0.224602975362467,0.25616880407624,0.531018371295795,0.554068750045029,0.537388410557185,0.557869076702579,1.87367988956411,1.82703832263064,1.57889893863138,1.53397782911356,FALSE,FALSE,FALSE,FALSE
"Growing season",192,135,TRUE,TRUE,529.363566014595,531.624341701111,524.905209456966,526.529352491764,,,,,1.35562860951115,1.33856178663223,1.3918649111936,1.37036536948372,0.227602986980772,0.256769740413704,0.376375664243788,0.403671702593891,0.542806727644799,0.573641605449699,0.50619961697379,0.537911409025481,1.45096978430745,1.52934083965553,0.560807827746811,0.603200253407303,FALSE,FALSE,FALSE,FALSE
"Growing season",193,135,TRUE,TRUE,562.414095870766,563.219327823355,563.032820293776,564.396068915188,,,,,1.5680236233751,1.55037750284193,1.582658601995,1.56775387760969,0.122944176435269,0.147209302601112,0.20892744366609,0.22624841003199,0.390112298096538,0.405852750653797,0.379283238853829,0.392339628371592,1.22512299924594,1.1898824470234,0.765656510673075,0.748092526301107,FALSE,FALSE,FALSE,FALSE
"Growing season",194,135,TRUE,TRUE,540.793040401319,530.672299050739,539.797404042767,533.56140272752,,,,,1.48674131489914,1.35720278668424,1.49907281449986,1.36925300864738,0.341101370522456,0.402058798959873,0.401466801349232,0.445136280716705,0.509840862833843,0.618858115364685,0.495679809437514,0.603459152683409,0.850253881303503,1.19481247753442,0.456971387867726,0.841618716299336,FALSE,FALSE,FALSE,FALSE
"Growing season",195,135,TRUE,TRUE,565.166033064245,568.153721405118,568.647945027998,571.294480715141,,,,,1.52869487546011,1.51958582541173,1.53959733437343,1.53050429005467,0.0962863839899741,0.105898012384734,0.17953672936187,0.190832937035769,0.451988883747985,0.463165786225458,0.450819490469564,0.460289758391974,1.75795240528426,1.7828420727754,1.34140542757198,1.34041430738753,FALSE,FALSE,FALSE,FALSE
"Growing season",196,135,TRUE,TRUE,571.505246152353,569.064514383246,571.838837809814,568.065049507869,,,,,1.59321290542529,1.54018926595667,1.60659795211547,1.54882349003517,0.21823452082068,0.257015637690071,0.349666905389249,0.387343401109879,0.506643489949405,0.551930160230162,0.525317514997328,0.565269553337773,1.69974649438849,1.79688437789876,1.07321696293214,1.10802791519212,FALSE,FALSE,FALSE,FALSE
"Growing season",197,135,TRUE,TRUE,549.591994980594,552.817467683619,544.522568145144,548.158894400238,,,,,1.50581067906596,1.49476864088562,1.56112049148007,1.57855278585844,0.209236527920816,0.213596202028845,0.372040673538232,0.376322851649074,0.459659504773584,0.472716819331729,0.44314590481418,0.432676252790379,1.18587205266922,1.24186564345656,0.333086369204097,0.262416733075314,FALSE,FALSE,FALSE,FALSE
"Growing season",198,135,TRUE,TRUE,542.7378972852,544.983145619643,543.668220740591,546.505387559454,,,,,1.45665750717468,1.43510784844889,1.45875146702666,1.43676144076078,0.211872606656942,0.230375763242551,0.313352253844888,0.324529739790226,0.479762111073052,0.510211812522405,0.495143631147051,0.522965639599542,1.23932488567054,1.34045490727178,0.85592630657352,0.9652055318396,FALSE,FALSE,FALSE,FALSE
"Growing season",199,135,TRUE,TRUE,543.835113047959,547.360701068579,547.594670797931,551.356360237751,,,,,1.50108974036144,1.48726160412072,1.54592652105395,1.52878283237345,0.233654835040816,0.241736237328544,0.275715911070519,0.276089763444494,0.439522317967972,0.460306067269741,0.391674867898334,0.408667265548986,0.926079316956405,1.0068000647511,0.495022772763831,0.573432421327775,FALSE,FALSE,FALSE,FALSE
"Growing season",200,135,TRUE,TRUE,549.174258273749,548.729804426839,549.774261237593,550.87643849037,,,,,1.54571172956882,1.51403880224957,1.58732173222717,1.54529394494906,0.108490179637693,0.143385859859521,0.216140905527895,0.22999700923955,0.320689637718109,0.356616224720816,0.307819590002768,0.34508079148595,0.829769816238343,0.846739271354673,0.35799974049235,0.455363138110498,FALSE,FALSE,FALSE,FALSE
"Post-growing season",1,135,TRUE,TRUE,539.206304376624,544.831141499115,543.54413908086,547.846649780456,,,,,1.36597312732174,1.3720592277373,1.38911170168153,1.42678471516743,0.0548690162175439,0.0738984227803181,0.198164445502604,0.298575911868043,0.551497721878064,0.543864266460631,0.543576501646952,0.529029484194906,2.38388691804818,2.23319586420281,1.66496260365454,1.11835445289706,FALSE,FALSE,FALSE,FALSE
"Post-growing season",2,135,TRUE,TRUE,540.038856185531,533.944221832863,535.066916840371,523.268470468732,,,,,1.44366878353621,1.40827744605993,1.46637723955758,1.44018944116275,0.0628041759064744,0.213084532804076,0.274911332186904,0.413575887419888,0.403778292979563,0.452044607515397,0.40862216037532,0.461208006629893,1.34585779048059,0.966709983232249,0.529592412081111,0.193020562486331,FALSE,FALSE,FALSE,FALSE
"Post-growing season",3,135,TRUE,TRUE,528.777496016358,531.679130409742,516.642845568616,521.406418692423,,,,,1.24976307403647,1.19094763193115,1.26631591685647,1.25959190855423,0.029885554528024,0.0734091443386985,0.417714425866156,0.410097432053123,0.715117685570187,0.803394349998239,0.678600528600161,0.67582467267731,4.39491022938465,6.21474150216251,1.47535475523883,1.47457926434082,FALSE,FALSE,FALSE,FALSE
"Post-growing season",4,135,TRUE,TRUE,545.468550445099,543.516015366478,541.523438228456,538.845934646841,,,,,1.37694876359874,1.32605690706508,1.39117816599356,1.35541401019454,0.070782980336804,0.164101654036205,0.332303515845885,0.423612318483517,0.5924114166781,0.653510083272184,0.595717740407522,0.64027788905416,2.81818513024803,2.89217723053546,1.43399100188073,1.25479952752877,FALSE,FALSE,FALSE,FALSE
"Post-growing season",5,135,TRUE,TRUE,559.729469388756,565.132037484024,551.616542988061,555.568678790302,,,,,1.53371061447529,1.52801855188211,1.56812584107973,1.62621551613508,0.0682764458708523,0.0856315432739421,0.407222305356626,0.446532709599322,0.462284288726303,0.476809176369371,0.512186341197999,0.490833304048664,1.95211991572876,1.97841862682537,0.573615295341438,0.241770842238338,FALSE,FALSE,FALSE,FALSE
"Post-growing season",6,135,TRUE,TRUE,530.398770825766,536.053923191597,522.846479492885,526.772219817337,,,,,1.38828571555331,1.38871622758725,1.42739597450629,1.47031155682323,0.104317290219049,0.10877520812173,0.392886288349359,0.427037313326343,0.43553055779905,0.434158542624168,0.479724336678764,0.466617629161362,1.28202238076816,1.2561739388988,0.366010919447767,0.167816076924933,FALSE,FALSE,FALSE,FALSE
"Post-growing season",7,135,TRUE,TRUE,527.31561493831,529.911127131079,529.668933351161,528.37439835465,,,,,1.36414850573369,1.36374171805841,1.3813435974982,1.3915310925586,0.0922482017967642,0.144939403907794,0.266821097024072,0.366548290653941,0.469623329694014,0.465986690557493,0.492739515727713,0.497994769955289,1.49740039336909,1.25749322364989,0.94589333737471,0.553499597312563,FALSE,FALSE,FALSE,FALSE
"Post-growing season",8,135,TRUE,TRUE,536.594318282609,540.685722336167,528.257855290209,524.205781175474,,,,,1.30731204343747,1.300977362313,1.3375282382044,1.38242172009,0.0185732300640419,0.0724526544839665,0.278089140188062,0.478122232101903,0.66094610399879,0.673978038856531,0.567116016103384,0.576899815440569,3.77402227300729,3.63734778552297,1.34791980786248,0.48407698859534,FALSE,FALSE,FALSE,FALSE
"Post-growing season",9,135,TRUE,TRUE,552.472295785476,555.904837672913,542.460072471489,533.018992349993,,,,,1.50001972405491,1.49251105607158,1.54543150184607,1.58234763090154,0.0652618829345357,0.0926947761417757,0.404930355367092,0.472276263997516,0.458360247692127,0.460715562471708,0.484740429333896,,1.84344560077493,1.71262823898328,0.395602510701524,2.91686707712273e-15,FALSE,FALSE,FALSE,TRUE
"Post-growing season",10,135,TRUE,TRUE,565.278200664715,566.641829976808,563.57875849264,558.101714887105,,,,,1.6036127037866,1.62111921566926,1.62127006841834,1.65330196665627,0.0208108601555433,0.109697912214419,0.243361583490497,0.381634027726708,0.37306173285507,0.349533174377618,0.404916061477562,0.423976848651981,1.61543130243976,1.0680529810774,0.778103998973044,0.209872490243462,FALSE,FALSE,FALSE,FALSE
"Post-growing season",11,135,TRUE,TRUE,555.399357457624,560.896452075812,552.089311200153,556.178973920887,,,,,1.50059426232303,1.48015660184531,1.51428538474047,1.57967773487913,0.00521826359182372,0.0196981419705388,0.192821746189171,0.275147957172426,0.432177846375947,0.47728923844261,0.412280421840032,0.378293621596978,1.92522898779338,2.19179006268419,0.949298616722059,0.445193392750524,FALSE,FALSE,FALSE,FALSE
"Post-growing season",12,135,TRUE,TRUE,561.700865599483,562.909191377356,557.908312648369,553.330040646359,,,,,1.47358731311852,1.50984010431519,1.48564512070713,1.55183186614353,0.0607458029671795,0.172887551229744,0.289794739176369,0.485012058671836,0.583467860102307,0.52611617882216,0.571484014116062,0.568556045019728,3.15494634129408,1.93451103278987,1.64437164185302,0.503936331527949,FALSE,FALSE,FALSE,FALSE
"Post-growing season",13,135,TRUE,TRUE,527.451905329171,532.130984228197,525.950082935612,530.901153845007,,,,,1.312669538412,1.30174812567519,1.32858380376046,1.33441185210255,0.0186276998841036,0.0466663196351019,0.251136573604587,0.276299284896554,0.529097551191721,0.552668526295496,0.530312891962161,0.527690948487915,2.15272986672621,2.21191273588814,1.18513261819146,1.06625625889371,FALSE,FALSE,FALSE,FALSE
"Post-growing season",14,135,TRUE,TRUE,563.426101710213,563.098388498933,551.827580409497,544.743714077199,,,,,1.53793406097999,1.49383980981706,1.58142291986197,1.57951524933022,0.0336250310444443,0.14307017705331,0.430236571304598,0.509785009179789,0.485194003631146,0.559993943706897,0.519656272911922,0.5390464138113,2.35402662810374,2.40416728986568,0.502008895786591,0.164975982436177,FALSE,FALSE,FALSE,FALSE
"Post-growing season",15,135,TRUE,TRUE,537.116653980946,537.821281935265,531.870959422912,530.412580795772,,,,,1.34706977097134,1.29112528159913,1.35108566175587,1.35807640454174,0.0318873249098633,0.110207566101985,0.328965937041453,0.39136739566995,0.585227931097012,0.679573704374374,0.599792336930933,0.573503723972948,2.78972680776589,3.43691377073653,1.3953629384939,0.87559450753139,FALSE,FALSE,FALSE,FALSE
"Post-growing season",16,135,TRUE,TRUE,554.922982088375,556.385887782536,553.791044142189,555.486714809216,,,,,1.48607812095337,1.45774285466253,1.50920782514437,1.48851945860445,0.0438383973867577,0.0928645672581408,0.281251917804174,0.337349296742471,0.46326626783321,0.49787503253415,0.487378559955025,0.523290744864627,1.96993371126343,1.95839836110675,1.0221149855159,0.963396124136711,FALSE,FALSE,FALSE,FALSE
"Post-growing season",17,135,TRUE,TRUE,529.471304094268,526.87923602617,528.397112421568,523.681206093533,,,,,1.32892100476769,1.2965101460919,1.34265442144592,1.31805770291288,0.0935485100528541,0.193602011039017,0.317226348363437,0.415747692273898,0.532362198131877,0.566370711811903,0.556605260245088,0.584643674344697,1.90999191100028,1.6608564265382,1.10054436370839,0.790099113134541,FALSE,FALSE,FALSE,FALSE
"Post-growing season",18,135,TRUE,TRUE,536.127434917763,539.239191092471,534.203351432768,534.717065461539,,,,,1.40353906281426,1.40351070726122,1.42730115156482,1.44394361390007,0.188655522609931,0.258009397621505,0.369868981945813,0.45228764885461,0.523717675486973,0.539734219877547,0.528726143285771,0.544545164950399,1.5746573505504,1.36322282787159,0.758906066091753,0.457491512794663,FALSE,FALSE,FALSE,FALSE
"Post-growing season",19,135,TRUE,TRUE,540.576682870895,537.801657713497,541.331267912147,539.470819094513,,,,,1.46864621179434,1.46708602090228,1.49972318649463,1.50429374101164,0.108676030818114,0.221815793701579,0.254373450683871,0.356777827653244,0.409757022190003,0.411278614118867,0.402201371167952,0.433693848598723,1.23101407924078,0.761506679219907,0.605337259966885,0.327289849397145,FALSE,FALSE,FALSE,FALSE
"Post-growing season",20,135,TRUE,TRUE,546.743804207382,549.184073867875,545.470230206232,550.042581542251,,,,,1.46194385598079,1.38696644500979,1.48266392128745,1.44703626570554,0.092268951970242,0.118179998279971,0.29925726297332,0.316990441503082,0.483690964909704,0.611176597124697,0.493038219738229,0.546289796316349,1.83471723505925,2.80430900580121,0.928940342959679,1.18181535527523,FALSE,FALSE,FALSE,FALSE
"Post-growing season",21,135,TRUE,FALSE,544.340741708414,546.946189119774,530.953449221724,536.417355096392,,,,,1.46925419695675,1.41263105896214,1.4859804189411,1.47975147901802,0.0710378982006897,0.115531200063828,0.382798141638072,0.38797304583333,0.460512101695616,0.568815892770005,0.477539242196536,0.485517102189933,1.7467713262229,2.37746588945103,0.428797994976552,0.445225153653732,FALSE,FALSE,FALSE,FALSE
"Post-growing season",22,135,TRUE,TRUE,550.312976677277,552.926659861778,550.293442204008,551.308265644823,,,,,1.43257051647459,1.4020077637408,1.44671073805875,1.42290370355536,0.0611709310368993,0.0999742605915581,0.269175745261744,0.304345844565347,0.539350532467688,0.584112066576716,0.548856924598134,0.56645148384125,2.44790130965772,2.63724060769638,1.46787774961108,1.38358084253471,FALSE,FALSE,FALSE,FALSE
"Post-growing season",23,135,TRUE,TRUE,534.570686949382,529.076946052975,533.932538272367,526.190377214254,,,,,1.33059991207618,1.2825206557019,1.3571143225466,1.32013101618537,0.0363225691924065,0.230955478854416,0.325119275368152,0.521438452291499,0.585399251463546,0.65535927484555,0.59813288401909,0.67983637353911,2.70763238499898,2.33470899883952,1.41716366536068,0.9659561682837,FALSE,FALSE,FALSE,FALSE
"Post-growing season",24,135,TRUE,TRUE,559.846724701126,561.045444073772,560.941909991342,559.406396209678,,,,,1.55862928431707,1.61718987683912,1.56351371005819,1.66778412907922,0.1044834383222,0.211490904523463,0.281818956966232,0.411525954425037,0.443234285226769,0.378539841601339,0.488271453316034,0.447752496616206,1.66203828663248,0.767430587513069,1.09295650389782,0.190004799223342,FALSE,FALSE,FALSE,FALSE
"Post-growing season",25,135,TRUE,TRUE,536.250229939349,539.328645314517,534.578642460792,538.337900371369,,,,,1.40861230153914,1.41189773309652,1.42399011781783,1.41301102488751,0.101724746063944,0.158635368039168,0.300258663789203,0.342223833980172,0.474878427527362,0.471290843656649,0.486126408913665,0.515847165545692,1.59352102196692,1.32487182543149,0.810871550648036,0.791364252906876,FALSE,FALSE,FALSE,FALSE
"Post-growing season",26,135,TRUE,TRUE,542.653749922649,542.46830009674,542.659964096264,539.297077267262,,,,,1.32598516474152,1.29492402941243,1.33785580875054,1.31821521116255,0.00830014435228475,0.134685113502368,0.20553147035442,0.382395333744684,0.654155488227803,0.70008189138288,0.634910961980107,0.678496085469531,3.84277389349159,3.7003767762234,2.43416603854485,1.83678813684035,FALSE,FALSE,FALSE,FALSE
"Post-growing season",27,135,TRUE,TRUE,549.925334956037,550.737374678989,548.537557865607,542.97141861784,,,,,1.44693218728001,1.45350069680664,1.48088742881639,1.54079483318916,0.0454557252939618,0.119352762309036,0.257681820129277,0.417055862152975,0.503975813302655,0.476883986099725,0.481190768709538,0.471592191684422,2.21813369559137,1.63792876553463,1.0533698217876,0.258917696920101,FALSE,FALSE,FALSE,FALSE
"Post-growing season",28,135,TRUE,TRUE,555.532428186181,556.548580531167,554.095919674018,555.272612996902,,,,,1.48532380160628,1.46160187601273,1.50825157169944,1.48909196322328,0.0870393438769922,0.182298712223091,0.333801326142223,0.40000364452275,0.53492017876398,0.576905256523495,0.547933445413218,0.583049978569428,2.41580914182324,2.26356262693373,1.19910519122087,1.08055509961274,FALSE,FALSE,FALSE,FALSE
"Post-growing season",29,135,TRUE,TRUE,548.741853556744,552.630246275222,534.928399056382,539.137117900492,,,,,1.42832259100479,1.37222033632686,1.49165115483115,1.5916625121501,0.0617655410943176,0.0882150631329069,0.425650429793765,0.489931613496067,0.544090410943478,0.644809311065523,0.511979791654807,0.499661948158254,2.48186426554544,3.43161540140213,0.423414057209938,0.0500656844120849,FALSE,FALSE,FALSE,FALSE
"Post-growing season",30,135,TRUE,TRUE,566.286745916045,571.695587068807,558.346530900802,559.638161315666,,,,,1.5542993445912,1.55838800976401,1.59348321238112,1.69724014584946,0.0642953005340509,0.0771297287867641,0.356037349271833,0.423651202145925,0.451191587238569,0.44548512122106,0.473932422175652,0.442870304688026,1.94921021939467,1.8423506221571,0.621919357848443,0.102082226502947,FALSE,FALSE,FALSE,FALSE
"Post-growing season",31,135,TRUE,TRUE,562.250476180983,563.468904269176,564.715669652937,563.956422091651,,,,,1.63279178987129,1.63952574838788,1.64962739948814,1.67726168307903,0.154875187168333,0.239417529100553,0.28255229416359,0.36907937565254,0.384316852248981,0.393765145656735,0.409929473888766,0.419916620614539,1.09146491990624,0.743304121377072,0.634721879658997,0.25900040953519,FALSE,FALSE,FALSE,FALSE
"Post-growing season",32,135,TRUE,TRUE,541.053423738923,544.751186526685,535.216926752203,536.945869077132,,,,,1.42161925475048,1.43627419101518,1.45475091018859,1.51234983056669,0.0901881491194306,0.155134560623847,0.363506741334986,0.45389066417619,0.480599176342801,0.468995369542713,0.498004147373677,0.501010643595391,1.73142605843252,1.37722607053634,0.620709364857854,0.227597617482457,FALSE,FALSE,FALSE,FALSE
"Post-growing season",33,135,TRUE,TRUE,558.325208651339,557.40306242797,555.378428989803,552.169285852214,,,,,1.48577687345624,1.44111047995546,1.53507584440335,1.55097551851607,0.0562815177575613,0.147352237081345,0.290096399200977,0.396446274154135,0.529420999348589,0.587718595980136,0.485813053264085,0.491194723489778,2.54903499121363,2.55243264236052,0.994230656841209,0.482792860126498,FALSE,FALSE,FALSE,FALSE
"Post-growing season",34,135,TRUE,TRUE,571.798880394276,576.310197262822,567.863667453928,569.043000584275,,,,,1.59870103966457,1.65323740895686,1.61413171345563,1.80819993492026,0.0200463334690731,0.0762919809807983,0.278522394855663,0.338146993864003,0.469276930411012,0.376848249181213,0.478830836689353,,2.44559363146776,1.46438412559387,1.10392412034766,4.03420110266602e-15,FALSE,FALSE,FALSE,TRUE
"Post-growing season",35,135,TRUE,TRUE,535.050090830336,533.295910312309,533.060231493669,530.780220559099,,,,,1.32233396121625,1.25611091772583,1.35759176708854,1.30247764009266,0.0747191631244389,0.174927501320696,0.339846240565353,0.393219990759906,0.610862484562128,0.704642721751281,0.595990875056866,0.648814815750687,2.80150147155513,3.31548647501437,1.32325188687145,1.40535085371589,FALSE,FALSE,FALSE,FALSE
"Post-growing season",36,135,TRUE,TRUE,566.337326208295,570.700304451647,557.785199450262,559.738658509273,,,,,1.57130089417991,1.55832363621022,1.60485335823641,1.74694983032906,0.0313493884030058,0.0591881287086046,0.315823186688398,0.359546619993563,0.462407680155464,0.485303963907184,0.438545428069505,,2.23210746283406,2.26864486720601,0.609517343717838,0,FALSE,FALSE,FALSE,TRUE
"Post-growing season",37,135,TRUE,TRUE,538.27415286346,533.403775963737,540.11866787828,532.917068014787,,,,,1.38174264643343,1.33312252127689,1.4042051974091,1.34707081439801,0.102598962673143,0.294035517644889,0.284845456938785,0.487015843797296,0.559921739965214,0.643259308892505,0.555323233605288,0.668531597376131,2.26365502076413,1.98191802025549,1.34782973282639,1.11303487163279,FALSE,FALSE,FALSE,FALSE
"Post-growing season",38,135,TRUE,TRUE,534.932961757302,538.586965485749,532.074583972765,534.400320296138,,,,,1.32551366376562,1.30699352106562,1.3459087752994,1.34802112976567,0.00146667173620397,0.0413983204420333,0.268112345719939,0.341004963319059,0.563171429628722,0.595820543379441,0.555688610869064,0.569596145626885,2.6234698089428,2.72571436979396,1.33198639855498,1.08845143377409,FALSE,FALSE,FALSE,FALSE
"Post-growing season",39,135,TRUE,TRUE,531.05630585811,534.327336969728,518.536619600736,520.437226177824,,,,,1.30454997383779,1.2666510938902,1.33660062781771,1.36868356444673,0.00860951824887309,0.0493335173958945,0.40111092541312,0.456645929137924,0.56838002482336,0.639185047308488,0.558887296732655,0.545611887927007,2.56424208367498,3.06525391112669,0.709926826390202,0.397737522919413,FALSE,FALSE,FALSE,FALSE
"Post-growing season",40,135,TRUE,TRUE,538.793977468838,535.847998139622,530.155888645157,526.054077449314,,,,,1.3336193603445,1.27094670940898,1.37785842190441,1.3177856445061,0.0112936715372752,0.116636334078199,0.406717593853651,0.483821284145513,0.651437320160944,0.725224262783858,0.61105680115465,0.673791221486172,3.7796284225571,4.15738430758212,1.11115757199704,1.13070927199342,FALSE,FALSE,FALSE,FALSE
"Post-growing season",41,135,TRUE,TRUE,557.744431947708,559.489953070383,557.326011422841,554.659877963703,,,,,1.5325507622975,1.53988175543413,1.56210453720564,1.61255735246317,0.191935796051972,0.274224026523339,0.34983197339412,0.489191024742287,0.496405921239975,0.502174255554208,0.499246579351143,0.53310452839609,1.60770022886797,1.21727935114615,0.803061789322988,0.258175818490652,FALSE,FALSE,FALSE,FALSE
"Post-growing season",42,135,TRUE,TRUE,534.819839506314,540.550915089977,531.700201079133,536.810734826186,,,,,1.35988154429968,1.35592863256606,1.39018250876794,1.41622174034078,0.0579243628511807,0.0624703992384963,0.368606464425651,0.401150825540919,0.532478859120036,0.540364444177463,0.560842211847733,0.545088307514574,2.15330802170695,2.19448458585257,0.94275617693645,0.698671998385768,FALSE,FALSE,FALSE,FALSE
"Post-growing season",43,135,TRUE,TRUE,564.176794218927,566.424555834526,550.927197034201,543.784552573436,,,,,1.53004599256576,1.50309423527049,1.58342360346359,1.64671440315559,0.00744503235694578,0.0627462140377883,0.358840115453287,0.445338278621195,0.480708714564069,0.521404172736444,0.451174002842311,,2.43607669668445,2.47584225187874,0.453685156201756,0,FALSE,FALSE,FALSE,TRUE
"Post-growing season",44,135,TRUE,TRUE,527.248762780072,530.572593637259,529.510426078839,529.087865956084,,,,,1.33706947005536,1.33542884069991,1.37937846254234,1.48627112303292,0.0602096315585558,0.121621816408865,0.212981241718959,0.355731711254151,0.502918238424132,0.511456234454199,0.45552719952358,0.398393719463015,1.82085611575554,1.62131236741228,0.945018654712093,0.163516955011859,FALSE,FALSE,FALSE,FALSE
"Post-growing season",45,135,TRUE,TRUE,554.951557613068,556.379770958831,557.822771443046,558.004219827734,,,,,1.5454304668704,1.5413241212221,1.57162114456058,1.63516213034129,0.129949831856124,0.227127326239261,0.277315390768066,0.386277494240646,0.441680732251121,0.468253723557481,0.454595649401351,0.44146711216328,1.49059811634855,1.19543038627323,0.88033148721656,0.278179843442177,FALSE,FALSE,FALSE,FALSE
"Post-growing season",46,135,TRUE,TRUE,542.085129355771,545.526685780947,522.47352089095,526.000884237743,,,,,1.38209575663394,1.3463938965908,1.4494531825763,1.47276176953684,0.0283687972030453,0.0681343756109053,0.48270534374972,0.502756715808925,0.523325277309455,0.588335077017165,0.537021915659626,0.532533295222122,2.29499202761926,2.66701089116152,0.262077860333266,0.144024016189082,FALSE,FALSE,FALSE,FALSE
"Post-growing season",47,135,TRUE,TRUE,555.12452045135,553.086989521761,548.353903626072,541.830869007278,,,,,1.41585929581567,1.3805678515082,1.42236559440236,1.40794281169466,0.00797135204055841,0.155932994290674,0.353590518737524,0.46835175969239,0.612772163366788,0.659123391914493,0.627150600318272,0.632939728582311,3.63172153735629,3.25919781478049,1.68619754149269,0.992611481122267,FALSE,FALSE,FALSE,FALSE
"Post-growing season",48,135,TRUE,TRUE,528.642956475562,533.047580847329,527.82502029737,531.683989679775,,,,,1.23969088479718,1.21023338450315,1.24572030505585,1.21694874631712,0.0857126209036321,0.109428869151304,0.312637908906909,0.353246356868421,0.716006007408674,0.762439438583221,0.715829665704102,0.761122849687633,4.00598665366072,4.74809792466057,2.55902427637633,2.95268981210668,FALSE,FALSE,FALSE,FALSE
"Post-growing season",49,135,TRUE,TRUE,540.416955818603,545.803673385603,531.73269172146,535.706476967699,,,,,1.38699776150271,1.37997119278507,1.41441948239741,1.4863641921368,0.0696204613652377,0.0822741844877021,0.433970915687237,0.48316931699952,0.577111269345365,0.591414357995908,0.587536485288417,0.543113071591034,2.63442131913436,2.71041302439201,0.820278111501732,0.308097570565254,FALSE,FALSE,FALSE,FALSE
"Post-growing season",50,135,TRUE,TRUE,537.256746623119,536.251982328255,534.414109612613,530.770814473838,,,,,1.42446483305846,1.40496368097789,1.43904115240154,1.41860575087588,0.0791871010129841,0.215061639489938,0.372350788510747,0.481686062334375,0.492780027624041,0.53135764034559,0.538411664915138,0.583311443931151,1.84996431169809,1.4825405948158,0.814734333252493,0.530548901237111,FALSE,FALSE,FALSE,FALSE
"Post-growing season",51,135,TRUE,TRUE,545.325507877989,549.319398064033,541.051968571789,542.606067424601,,,,,1.41247578214349,1.41233359036346,1.4410750027794,1.46283068826042,0.180090753089249,0.205017532902222,0.395560479712575,0.458736578445597,0.569429598546557,0.564725171082865,0.564910119164635,0.565662143948433,2.07806187574774,1.89327634387015,0.902874007087751,0.577476623191532,FALSE,FALSE,FALSE,FALSE
"Post-growing season",52,135,TRUE,TRUE,548.42371585669,550.247457120455,549.336536804468,546.049829092766,,,,,1.52638798539648,1.550394696285,1.54026896832347,1.64185142040328,0.103275091126651,0.178472008460972,0.252011535549121,0.379802041150751,0.370365295842894,0.349227441738953,0.399063210275887,0.38735469986036,1.09964700166144,0.689775428659458,0.633284081863948,0.0336018103955081,FALSE,FALSE,FALSE,FALSE
"Post-growing season",53,135,TRUE,TRUE,573.499898080075,576.619827809865,570.006130776041,570.337646152692,,,,,1.52411843223648,1.50170301212661,1.53118934986269,1.56593961489148,0.00859283097436893,0.0585902546930589,0.267404448062539,0.319555369247854,0.555687036920856,0.589250901183225,0.569753913517617,0.514974205168157,3.33550161274819,3.40233749669035,1.88535017739402,1.1059468732844,FALSE,FALSE,FALSE,FALSE
"Post-growing season",54,135,TRUE,TRUE,547.137898385914,552.39388659682,520.134912558754,517.490622877317,,,,,1.42698555088696,1.41508689398597,1.47056788137132,1.49391039312169,0.0658689161263575,0.0734664437061203,0.499611901476349,0.537654607688216,0.5396999058818,0.560613681393606,0.532014131224308,,2.3959770667129,2.54249633890572,0.156286240207287,0,FALSE,FALSE,FALSE,TRUE
"Post-growing season",55,135,TRUE,TRUE,529.656096859418,529.567427893976,522.000187788527,524.539038740961,,,,,1.25723148925579,1.19494897084694,1.27841257856169,1.23371763605597,0.0228169725416236,0.10944040512523,0.393396698344687,0.389191042724362,0.675140113752035,0.768126471858972,0.660357331109227,0.702309228231739,3.7062514511836,4.76410005959777,1.46545091585055,1.8418830579926,FALSE,FALSE,FALSE,FALSE
"Post-growing season",56,135,TRUE,TRUE,503.763262587647,507.085279665595,503.337220391143,503.306961363438,,,,,1.17409301996766,1.16377982047952,1.18127371134923,1.18501343735269,0.065585492148938,0.122234621421101,0.28797514618275,0.436994222961218,0.675955567414162,0.692736214926474,0.668293250022959,0.68839849433573,2.99020249327266,2.89509938957593,1.82106570674165,1.27701461336038,FALSE,FALSE,FALSE,FALSE
"Post-growing season",57,135,TRUE,TRUE,552.130381991005,556.52566674188,542.403972326607,543.330490633983,,,,,1.44639282695221,1.45748488355179,1.47453712031328,1.54649873639033,0.03468041111648,0.0647571729804466,0.356974672885924,0.438621125461338,0.518938944979131,0.494098418962866,0.512877652360884,0.487492014112143,2.42056390746776,2.06099982527101,0.767952808919017,0.240640993500752,FALSE,FALSE,FALSE,FALSE
"Post-growing season",58,135,TRUE,TRUE,522.731617389428,523.979155503109,524.575896834742,524.314522154258,,,,,1.27135956759111,1.26458567866035,1.28563688377262,1.27622595257773,0.0402421087776968,0.15399367272142,0.203587010580871,0.361694090863515,0.634627123003888,0.645324936416921,0.609250785229932,0.652588647904934,3.02528724266627,2.53926839997023,1.95207169140068,1.54176112322008,FALSE,FALSE,FALSE,FALSE
"Post-growing season",59,135,TRUE,TRUE,560.651284380945,564.047436678964,557.2888355127,554.50972990734,,,,,1.58106388529393,1.59784998701495,1.60050438151905,1.66365000962829,0.166315053292739,0.241882170705211,0.370882740893911,0.462447754240866,0.431085905635224,0.437587664467712,0.47704384736565,0.481263103128809,1.30311608477156,0.984639918432859,0.564610242181025,0.103211766942535,FALSE,FALSE,FALSE,FALSE
"Post-growing season",60,135,TRUE,TRUE,535.849987868495,540.171454957066,524.909925486833,524.311006249861,,,,,1.36727231810371,1.38048337483262,1.48057332663866,1.53212825662717,0.0316445935751077,0.0826840086646524,0.435626171435704,0.496524328628558,0.527793457218684,0.50684928981949,0.48512830363094,,2.25291954737899,1.86772396874035,0.221784708488161,0,FALSE,FALSE,FALSE,TRUE
"Post-growing season",61,135,TRUE,TRUE,566.222564087036,571.312549029685,554.799273595048,555.234980175885,,,,,1.59840979683083,1.57410832083376,1.66372392025129,1.71805188342176,0.0274785728319319,0.0404921132691871,0.341206664275409,0.38205382229611,0.417613872503358,0.466720331357039,0.391360332362057,,1.9135693302678,2.22502283896791,0.238875662711395,0,FALSE,FALSE,FALSE,TRUE
"Post-growing season",62,135,TRUE,TRUE,562.037564535517,566.437873722249,559.814057605574,560.36324373383,,,,,1.55912425718075,1.55544906617732,1.59994124137779,1.68292824440747,0.0288956365388462,0.0802951123176712,0.275359387829681,0.374850094356811,0.432812499618785,0.451613624429874,0.428775652125462,0.407355017609765,1.94856661557556,1.84116736056253,0.749137398738441,0.161030798627702,FALSE,FALSE,FALSE,FALSE
"Post-growing season",63,135,TRUE,TRUE,553.31056282256,551.376465917744,538.946321187988,535.074760660986,,,,,1.40198715105448,1.34538537420568,1.41317542138855,1.378563258745,0.0233214443467051,0.0872116802777425,0.436005632365045,0.499621722092921,0.640142732546408,0.693338731047736,0.632404360281579,0.655345534337049,3.91405023447241,4.17125748935263,1.19441716458162,0.955366903317262,FALSE,FALSE,FALSE,FALSE
"Post-growing season",64,135,TRUE,TRUE,561.444818593295,561.037862494571,557.36711926203,557.373169817151,,,,,1.60865067108912,1.61977343239133,1.62157324482183,1.63574048284228,0.0591376350213815,0.194805895919791,0.340364935039002,0.402796469565178,0.369363839165875,0.37774736356035,0.447627228397475,0.455421765907566,1.40673499650755,0.838877067455136,0.547909867169946,0.271560384737045,FALSE,FALSE,FALSE,FALSE
"Post-growing season",65,135,TRUE,TRUE,548.308122646372,552.819686378326,542.089874184922,539.64176928463,,,,,1.39994021681911,1.40901933354121,1.4294616306663,1.51346916982065,0.0391919876302922,0.0759129556788347,0.363530924792738,0.480083276767343,0.60358754403487,0.583180738262218,0.583071570020007,0.534669223189253,3.211473025999,2.77076716013426,1.20419200147017,0.285076458592134,FALSE,FALSE,FALSE,FALSE
"Post-growing season",66,135,TRUE,TRUE,542.285012436545,547.123269894981,537.2412946876,538.086185853613,,,,,1.4707300963844,1.47832985187396,1.53275131251283,1.61232456997741,0.13303650457797,0.157696498026101,0.355505370782127,0.409456843320984,0.415367442939537,0.408899591221654,0.421626288662834,,1.17497403516296,1.03948033140598,0.285345236910882,0,FALSE,FALSE,FALSE,TRUE
"Post-growing season",67,135,TRUE,TRUE,523.348723731844,528.391553746005,523.574788319806,525.607360395976,,,,,1.41029699657449,1.42710808011505,1.43520113405171,1.47075166890082,0.144501250220688,0.169022944120007,0.300114771623512,0.349253682992812,0.386948813669102,0.36453004940291,0.404505354298008,0.390922824419961,0.866674150989713,0.684506982476309,0.386958604441712,0.154120691173637,FALSE,FALSE,FALSE,FALSE
"Post-growing season",68,135,TRUE,TRUE,564.140663143256,568.762767706156,553.547672450683,559.452342076729,,,,,1.50631035933998,1.46861577833233,1.53887956081357,1.53133433343111,0.108703652267014,0.112167477982179,0.390320456633861,0.392848220796018,0.558007827141312,0.612426309030508,0.535919095020282,0.545347597662458,2.66396861226752,3.24001387199156,0.82002560238559,0.870526766116555,FALSE,FALSE,FALSE,FALSE
"Post-growing season",69,135,TRUE,TRUE,558.828724210405,564.259439633736,550.623416428167,556.329496350673,,,,,1.46882332159312,1.44736610848527,1.49634365014331,1.50903625705519,0.0606571918844042,0.0676896771840329,0.340692949417214,0.344817775341748,0.503284403072163,0.540984654115524,0.507538645795003,0.495119717150683,2.23331603733885,2.52084660751076,0.848595895617949,0.754055962657032,FALSE,FALSE,FALSE,FALSE
"Post-growing season",70,135,TRUE,TRUE,546.638740512923,549.095610888057,543.195849480749,544.936477495946,,,,,1.42570213898107,1.40446490618033,1.45292646134809,1.45117364803407,0.0914022262489748,0.145401479519494,0.386590106732242,0.44205594316313,0.533353749826901,0.566258064912008,0.566284547511732,0.581886645631142,2.20437450182796,2.19314504456289,0.974414397930957,0.778422567699862,FALSE,FALSE,FALSE,FALSE
"Post-growing season",71,135,TRUE,TRUE,560.717108830333,565.643550226596,555.159146290406,560.600724491388,,,,,1.54514077698691,1.50220359791645,1.54589046420376,1.54976576559496,0.0428395336802511,0.0506402586104625,0.246161345556515,0.268639751043729,0.450671293983556,0.531335297324702,0.44389031301881,0.450409759338021,2.00149338807227,2.63980515245546,0.935456603840523,0.872256864828674,FALSE,FALSE,FALSE,FALSE
"Post-growing season",72,135,TRUE,TRUE,545.411244755254,547.157622558133,536.380551692325,534.488877750036,,,,,1.37737965892897,1.35140110829346,1.40762640672624,1.39926350228445,0.0329240809529859,0.0778539015063437,0.362559931260505,0.408151892444005,0.57639714653939,0.604775545054223,0.55935024546182,0.552180310190045,2.8317459656734,2.83597271753197,0.991017250195791,0.695899778698623,FALSE,FALSE,FALSE,FALSE
"Post-growing season",73,135,TRUE,TRUE,552.741703995503,551.098266860983,539.938659039154,533.180059130899,,,,,1.44877446722146,1.4063190409971,1.46593958584024,1.47931655021,0.00765509932552025,0.109353225225999,0.367649203861282,0.491792365229223,0.536303358851078,0.587785192357952,0.52738448205135,0.546227330353759,2.74747134735667,2.63696486106404,0.798577710083052,0.278134489431713,FALSE,FALSE,FALSE,FALSE
"Post-growing season",74,135,TRUE,TRUE,591.21527498369,595.627905764504,581.268973570901,579.080331010905,,,,,1.70045155339998,1.7064644089949,1.71680535724526,1.8766854028796,0.0658695993245982,0.0922656296819212,0.331094209798471,0.405123252976233,0.445198490406354,0.435987829993506,0.465165334904297,,2.26821732989541,2.02740652035436,0.813746801348039,0,FALSE,FALSE,FALSE,TRUE
"Post-growing season",75,135,TRUE,TRUE,519.989553250113,518.017547081095,509.460237610375,500.957729059117,,,,,1.29599586851579,1.23963676261461,1.32762288864991,1.30006945781646,0.0223331659533785,0.111758244534833,0.402736695887418,0.488143461177023,0.542985940364473,0.6303712242571,0.532143421694881,0.554310584513867,2.17220500783205,2.4589666045663,0.530844379034319,0.267631449808314,FALSE,FALSE,FALSE,FALSE
"Post-growing season",76,135,TRUE,TRUE,567.319441176616,568.39781240889,559.87138285536,560.513267987981,,,,,1.55757733322491,1.59176335685866,1.56042145514955,1.59744739005203,0.0357460365328787,0.142792095831709,0.28131513614569,0.369518458149731,0.447629664952407,0.406608744578577,0.464159086558569,0.462668437951679,2.06953701461422,1.26443294202883,0.922816348268303,0.477942891958249,FALSE,FALSE,FALSE,FALSE
"Post-growing season",77,135,TRUE,TRUE,533.915187765616,536.099466195061,525.858328323895,530.317067901682,,,,,1.33026435517957,1.29725928993093,1.36445536108684,1.36103637319293,0.130397355245348,0.18851737152858,0.481226094568589,0.523353302784926,0.626060193572831,0.678218007623894,0.63673205517552,0.661622714947233,2.70590435571565,2.96446341577222,0.886921044302156,0.840938836032576,FALSE,FALSE,FALSE,FALSE
"Post-growing season",78,135,TRUE,TRUE,551.125676276515,556.466886257568,539.230348242037,537.402703563876,,,,,1.4761775690065,1.48740246964464,1.55568028348068,1.60824826752965,0.125866123194814,0.147809255090266,0.454867272356282,0.511627893656346,0.498599813809926,0.4848780243893,0.50405666727127,,1.84561273835358,1.64163790127965,0.253447797605973,0,FALSE,FALSE,FALSE,TRUE
"Post-growing season",79,135,TRUE,TRUE,572.804610819024,571.239664313484,560.817626380676,551.858042499785,,,,,1.5805843376188,1.51728908748497,1.6183543539151,1.60768595699642,0.0687601424883045,0.162428119403017,0.406906607134595,0.487451036353653,0.51867072432793,0.602072738061974,0.515230860372655,0.525988263092099,2.66328809804904,2.91472315849564,0.635427536014742,0.220409271476634,FALSE,FALSE,FALSE,FALSE
"Post-growing season",80,135,TRUE,FALSE,557.122338297558,561.395628122974,560.272488329312,564.558021240013,,,,,1.56913855208858,1.58244836823573,1.57587206078416,1.5942139615876,0.112044387404556,0.129273238220271,0.195054305324841,0.20309303981365,0.416719286650195,0.385550111805685,0.431982238488702,0.393074248202027,1.43123183257782,1.15343772999862,1.14395634552142,0.86982534547376,FALSE,FALSE,FALSE,FALSE
"Post-growing season",81,135,TRUE,TRUE,566.19911471566,565.419125503089,568.002310255949,562.02899463717,,,,,1.59857621715462,1.58860175425306,1.6179729084383,1.64254441426876,0.00374560854034017,0.11423624823541,0.167116967378063,0.293706361293314,0.381745421391697,0.393710378417027,0.386727266694297,0.3695703558087,1.74980977537987,1.29179407506994,1.03256261371596,0.344657415342813,FALSE,FALSE,FALSE,FALSE
"Post-growing season",82,135,TRUE,TRUE,545.448588205412,546.64530051773,542.240370834348,540.280994163867,,,,,1.40761713490989,1.39376471383526,1.42022914010166,1.43302053295878,0.0182500834849842,0.0963454865024248,0.237549147310362,0.371171431212709,0.529432150111928,0.545411391665946,0.517109836050304,0.530146647240965,2.48241295629886,2.20590380746082,1.3155008066656,0.765888357167694,FALSE,FALSE,FALSE,FALSE
"Post-growing season",83,135,TRUE,TRUE,541.533249635538,543.910735624003,532.306513962845,534.51838852287,,,,,1.36799594534892,1.3385062782732,1.3904486762814,1.38070304362929,0.0691785990629653,0.126905929724817,0.379167429832861,0.437372536523703,0.587791812818925,0.635015153270901,0.572180820709303,0.600692982996809,2.72594946616903,2.89584655009357,0.974622846974621,0.867875460544511,FALSE,FALSE,FALSE,FALSE
"Post-growing season",84,135,TRUE,TRUE,559.475136747379,563.481908302847,555.194237437363,554.507181134569,,,,,1.44518471308072,1.44799992627456,1.46597347315757,1.50198160658152,0.0600270707378421,0.0915112029305647,0.348734345778048,0.448890809159077,0.582752135008198,0.571563763801959,0.593641796248979,0.580121743560171,3.04684858342149,2.72738188751508,1.47377392237504,0.781785459405381,FALSE,FALSE,FALSE,FALSE
"Post-growing season",85,135,TRUE,TRUE,535.762945209388,538.776347256792,540.209528162604,541.881620194381,,,,,1.39602031479152,1.39025470213668,1.39560485232475,1.39412272051253,0.119888937373597,0.182541512234751,0.226444472014594,0.312374155970706,0.47678357132737,0.496725599803952,0.509814603956312,0.533614071452377,1.51508985540037,1.37093251959723,1.27575750296621,1.03699494288338,FALSE,FALSE,FALSE,FALSE
"Post-growing season",86,135,TRUE,TRUE,570.220292525398,574.971256701926,570.432223635466,570.775234368094,,,,,1.55664388547938,1.56704530101722,1.59216848483371,1.79683271494271,0.0434511604373449,0.0720486725791585,0.244010626964089,0.372139575159713,0.517753647923783,0.498279772642072,0.493954130911946,0.380872385836049,2.72742593670726,2.37704948562726,1.4010697992187,0.046104421329277,FALSE,FALSE,FALSE,FALSE
"Post-growing season",87,135,TRUE,TRUE,560.992419461001,561.485728568014,550.471626144882,542.595176988532,,,,,1.47836564521738,1.45663465554532,1.5335691506148,1.63947642386548,0.0377320318210329,0.119355790520596,0.395374018842717,0.51782086637028,0.533044193612709,0.557658887168424,0.520777842380713,,2.68068984645071,2.42616072911204,0.6762302313046,0,FALSE,FALSE,FALSE,TRUE
"Post-growing season",88,135,TRUE,TRUE,551.397514685914,555.423158348523,548.624479195604,549.695458978931,,,,,1.42520596594645,1.43184768550702,1.43492503451459,1.45762899621867,0.0683555040150292,0.09664692119858,0.29819995641773,0.380714449255375,0.59094084228716,0.568857215335014,0.584942105933694,0.566039431606315,2.98393911524906,2.5714530561443,1.60669243535533,1.00844028929763,FALSE,FALSE,FALSE,FALSE
"Post-growing season",89,135,TRUE,TRUE,513.069833844087,517.392882717204,510.702983937716,514.794871619117,,,,,1.21315080043179,1.19671138459194,1.2334785692338,1.2228266417894,0.0511034560181316,0.0603616844731825,0.39456320009244,0.41463502261294,0.647113161533154,0.670770859724415,0.669163841972782,0.683245831241182,2.87564251744308,3.07832759772774,1.43287811796089,1.43971212606374,FALSE,FALSE,FALSE,FALSE
"Post-growing season",90,135,TRUE,TRUE,535.421521495798,535.811117794721,532.731034814621,526.92201883398,,,,,1.36194668525793,1.34991133342198,1.39076099246869,1.37672342737792,0.0475765190035819,0.176255629056861,0.364010026998736,0.539902884712426,0.578537796649783,0.602575564599612,0.586619895099104,0.650743155657744,2.6661034675426,2.22075320438673,1.1588702056967,0.657349338163844,FALSE,FALSE,FALSE,FALSE
"Post-growing season",91,135,TRUE,TRUE,539.054374046134,533.184869181689,538.667426864879,529.304268441173,,,,,1.36790710725052,1.31166119562452,1.38124019412465,1.33833507813883,0.0170139644506381,0.159162050393956,0.22509520368625,0.389021339511719,0.547652069056607,0.607780963205009,0.540756705714303,0.588213367944974,2.5221428141524,2.25958705946806,1.48320201486133,0.968476227715145,FALSE,FALSE,FALSE,FALSE
"Post-growing season",92,135,TRUE,TRUE,573.996935702568,578.420117555621,569.258481236738,572.673205564661,,,,,1.63449453742052,1.65179530187378,1.64444308415623,1.71473270482793,0.0653429957004666,0.0964468886701038,0.276310843463499,0.30317835653164,0.424048528440275,0.395260738803543,0.435910832209715,0.371628810134776,1.87446416790463,1.50746316000207,0.838811016862815,0.339295388000205,FALSE,FALSE,FALSE,FALSE
"Post-growing season",93,135,TRUE,TRUE,501.840787913115,501.41940428778,499.730842687495,499.224833798084,,,,,1.12052248094374,1.0521813211918,1.12168553941598,1.06271352711232,0.082635965506565,0.167467506996538,0.36058333814959,0.452452236464611,0.754305776531295,0.846410923579663,0.762751385075904,0.841718333316059,4.01166908339214,5.76177165562265,2.46815621651089,3.23983280166173,FALSE,FALSE,FALSE,FALSE
"Post-growing season",94,135,TRUE,TRUE,532.766551797662,531.722844580733,537.917922460016,535.540905775784,,,,,1.36388030858624,1.37021567816451,1.37482944147831,1.38109019523317,0.0688688294335947,0.217675764403414,0.159406388267615,0.345426418544595,0.503831955641459,0.508002251490908,0.503237088873643,0.541835209195253,1.86582958878404,1.25008801443519,1.48473968924996,0.911473507288244,FALSE,FALSE,FALSE,FALSE
"Post-growing season",95,135,TRUE,TRUE,554.429175529889,559.066759818733,545.247536360627,544.407875848973,,,,,1.48661134831468,1.49443077519958,1.51674205319485,1.60343058316708,0.0636001000921339,0.0891412532478522,0.378730899198027,0.456418599483927,0.490276708526633,0.473568165550274,0.50267433963915,0.475297805516889,2.10561057159876,1.8483808477269,0.625444858357862,0.0950472786654675,FALSE,FALSE,FALSE,FALSE
"Post-growing season",96,135,TRUE,TRUE,555.692885723873,561.100678785786,532.435381491993,535.783094832234,,,,,1.43428825180593,1.42283384928495,1.47630625397592,1.5416713857479,0.0632248427318114,0.0684467291006481,0.525603839163867,0.555037812871864,0.59556370275783,0.6143387834111,0.594037893050875,0.575023001401512,3.1320876939427,3.32040871551586,0.395820534416243,0.115586231460343,FALSE,FALSE,FALSE,FALSE
"Post-growing season",97,135,TRUE,TRUE,540.108393509727,544.368722967778,537.301240563368,540.319898016508,,,,,1.36356850882346,1.37350425437041,1.36995094309419,1.39353707102166,0.0330183434998672,0.069857266402932,0.307853609379326,0.343031380640439,0.594468661533616,0.568471228070532,0.606917401888612,0.565511063263097,2.95746326211031,2.49357738898886,1.61484427184834,1.11056344972891,FALSE,FALSE,FALSE,FALSE
"Post-growing season",98,135,TRUE,TRUE,559.168150837329,557.867773045304,560.513566262505,555.269788597199,,,,,1.53006102125161,1.50724306542375,1.54620758607146,1.53191251692067,0.112189759033166,0.224243044570581,0.298232457622681,0.420414125406758,0.499450945527486,0.53027632093039,0.520441487923006,0.546464659358381,2.04469087763161,1.66293937595081,1.23182588670251,0.712932170112332,FALSE,FALSE,FALSE,FALSE
"Post-growing season",99,135,TRUE,TRUE,519.043351988897,513.184248266134,518.809153123905,511.614866934968,,,,,1.28495071005001,1.24258921604129,1.29254363683903,1.26003809275139,0.0720129169859845,0.233917646197498,0.26604714713315,0.422834981944409,0.522146459620766,0.580643985862595,0.538753679943552,0.596463555268391,1.78578883848402,1.45963377904473,1.11633521218983,0.76295953256283,FALSE,FALSE,FALSE,FALSE
"Post-growing season",100,135,TRUE,TRUE,556.127172358175,557.365157288929,552.393888165551,552.880937649776,,,,,1.45474027180022,1.42050924498789,1.47111207718642,1.44764347987468,0.0378569355186422,0.10573075764824,0.320956105186841,0.377393210285307,0.566103007783768,0.613929255682808,0.574307198989745,0.6010828534355,2.96517071797774,3.06316565238749,1.44995737806308,1.32014532794611,FALSE,FALSE,FALSE,FALSE
"Post-growing season",101,135,TRUE,TRUE,516.770410374776,517.864648637091,514.278103968383,510.783434228864,,,,,1.27513839764204,1.28949739049862,1.29869880125892,1.35164919607287,0.12843578836124,0.226476854343003,0.328976825032385,0.491756756399104,0.56417393448759,0.542068304972634,0.545125111150959,0.553993678671654,1.86679133840958,1.29933159176129,0.896098348439711,0.27173948802636,FALSE,FALSE,FALSE,FALSE
"Post-growing season",102,135,TRUE,TRUE,561.023381820285,566.226366770567,557.78176851113,561.903294170274,,,,,1.57606139376742,1.5845950822488,1.60406526550893,1.65457756704897,0.0258047688371274,0.04111820990368,0.272415609573555,0.304617135391909,0.382026737626605,0.364703159414275,0.405408297025043,0.369600858914598,1.60097102234837,1.42450839376674,0.623359061617301,0.297812912093166,FALSE,FALSE,FALSE,FALSE
"Post-growing season",103,135,TRUE,TRUE,573.030634071735,572.54173986484,556.484408936213,549.18591547114,,,,,1.63174072080823,1.6585727488863,1.70180152763372,1.67998872091473,0.0467294027919721,0.149361278676524,0.361998513774516,0.425407384908273,0.44079649200299,0.385773675881966,0.392760978457256,,2.10654539586522,1.16531824640719,0.1516354521349,0,FALSE,FALSE,FALSE,TRUE
"Post-growing season",104,135,TRUE,TRUE,562.590737849334,566.920464306296,558.721995666035,560.115122552356,,,,,1.56934198636516,1.56818394615312,1.58756481485613,1.61779147127719,0.114930276606117,0.141740461605306,0.363051819266803,0.400277661917089,0.472787383792293,0.47299640678357,0.506944668798537,0.478342699383083,1.87850610496194,1.73261588159278,0.80297200183366,0.417900752427044,FALSE,FALSE,FALSE,FALSE
"Post-growing season",105,135,TRUE,TRUE,558.67784978272,558.73263781458,551.407338284114,544.691606229055,,,,,1.5005844925226,1.47642252388435,1.52888166462953,1.54228427871387,0.0356041206532485,0.149166599861934,0.413080722623276,0.523948845142728,0.519296009301597,0.55869085734543,0.558930362733842,0.573968736180196,2.57314447457757,2.29273229145362,0.849400464194419,0.296213448984742,FALSE,FALSE,FALSE,FALSE
"Post-growing season",106,135,TRUE,TRUE,555.351664643353,551.752490281341,545.634498594712,540.623224372841,,,,,1.37349924867847,1.32950030933108,1.38619772637998,1.38940378361354,0.0253516595982072,0.136422686801257,0.407188686000433,0.460045479108967,0.706235513623871,0.732958754267299,0.689115548762934,0.642432354874137,5.11032259719249,4.61168975062818,1.99127532174855,1.10405709101906,FALSE,FALSE,FALSE,FALSE
"Post-growing season",107,135,TRUE,TRUE,534.576656984391,536.09021904146,528.420829708416,528.802698093367,,,,,1.34107794799759,1.29782410674074,1.34614672486462,1.3127696551394,0.0536219550272181,0.117698677929517,0.357061899703554,0.408910357202257,0.599518190598435,0.671422992406258,0.606657854677676,0.646959616161013,2.81155986354761,3.2707901581599,1.29098280621889,1.30712474341597,FALSE,FALSE,FALSE,FALSE
"Post-growing season",108,135,TRUE,TRUE,545.328056474182,543.382248717613,546.156954725871,535.822762749202,,,,,1.48818160431994,1.51245440662194,1.51901734606394,1.59886487033487,0.180768037533053,0.289048044375862,0.323372462414773,0.477890737623934,0.481133267680549,0.448737488338921,0.472514254603619,,1.43535532619431,0.723576001610795,0.71175344380491,0,FALSE,FALSE,FALSE,TRUE
"Post-growing season",109,135,TRUE,TRUE,550.173821832341,552.912162286791,539.367783973632,531.136624151462,,,,,1.45864517538495,1.4703394060202,1.61769628313615,1.57135428986751,0.0068026786237501,0.0750885145925429,0.375119447407943,0.450928993865569,0.445349330054867,0.427046894229758,0.392215879815478,,1.92566006896597,1.50618800784122,0.0752827670432753,0,FALSE,FALSE,FALSE,TRUE
"Post-growing season",110,135,TRUE,TRUE,547.373413960768,548.815359161583,539.149262048655,540.267192552202,,,,,1.46329732373853,1.42770998349387,1.51892669959856,1.48683642125546,0.150748219138563,0.199738423744946,0.414440369730041,0.441605637260323,0.516709752490409,0.565519227914874,0.497238337661735,0.524866416231135,1.83449090995233,1.94745597610603,0.407978180894503,0.416887068029228,FALSE,FALSE,FALSE,FALSE
"Post-growing season",111,135,TRUE,TRUE,550.223452258901,553.968229068956,553.213304899658,556.64030392339,,,,,1.47123923461468,1.45145573090747,1.46141601589553,1.44143458642723,0.0880578469891476,0.131294636433275,0.214450671819108,0.276128167998941,0.477227528565897,0.5159261174197,0.52092460120174,0.567999233427628,1.83538473846847,1.91114946345508,1.54756158945264,1.59326458614092,FALSE,FALSE,FALSE,FALSE
"Post-growing season",112,135,TRUE,TRUE,532.290381924114,527.244542932829,531.407279084379,519.809914850576,,,,,1.33986060799963,1.29330347151308,1.35315049042842,1.31232335015497,0.0557805495713999,0.212274493382799,0.313694462656522,0.518630269294747,0.58984561591172,0.642907056893462,0.599220394138563,0.662063942684996,2.66597636585353,2.29657483930852,1.46544674061945,0.808341229995057,FALSE,FALSE,FALSE,FALSE
"Post-growing season",113,135,TRUE,TRUE,558.551510994731,561.687215454755,551.533922691757,550.82069256001,,,,,1.49324321409677,1.50725002149245,1.55265960322394,1.69019145518497,0.0452038479722226,0.0812687085262553,0.286174434944918,0.36379641596537,0.490793705585152,0.45486481653205,0.426194465800543,,2.24337176906163,1.77400542652078,0.642621600924241,0,FALSE,FALSE,FALSE,TRUE
"Post-growing season",114,135,TRUE,TRUE,533.663541633799,538.314076497505,532.797905166224,538.065486445351,,,,,1.35217795757882,1.32145845610606,1.36930475097276,1.34561767259963,0.124252239896473,0.141434341687758,0.348682805257567,0.330685593633309,0.549875646169025,0.60579123636457,0.574431842376434,0.592598177465341,1.98985781525191,2.38299159840922,1.12221005238805,1.32264234084053,FALSE,FALSE,FALSE,FALSE
"Post-growing season",115,135,TRUE,TRUE,544.341848439868,547.010192644909,540.388308569695,537.943769040394,,,,,1.43079720840236,1.43336880186143,1.48692089412172,1.51989514352702,0.0840370063200482,0.172020847787808,0.343704230003366,0.479032982091881,0.523478779583897,0.530776672041957,0.486829256795375,0.524887947081565,2.1486200488845,1.77707740380916,0.672761536624347,0.234545585390078,FALSE,FALSE,FALSE,FALSE
"Post-growing season",116,135,TRUE,TRUE,572.455256070233,577.360047251064,562.260462804099,566.001103962113,,,,,1.58932748195679,1.57867851885612,1.60111669826957,1.63057215929648,0.0483438741362899,0.0572421974867215,0.372205176715212,0.398030057559857,0.49437637258487,0.507801481463669,0.51436015044408,0.492198989457653,2.5287104650794,2.59138606463568,0.82276025485946,0.531751347882286,FALSE,FALSE,FALSE,FALSE
"Post-growing season",117,135,TRUE,TRUE,539.814553154793,541.237941569265,535.767469917401,538.392835159496,,,,,1.35970758683225,1.31797952822089,1.39871348150327,1.46725297788712,0.0510436524947088,0.125440824989828,0.386579999523665,0.47489589464223,0.59645982930709,0.665819420330435,0.594634444516879,0.561906485941247,2.87970173599331,3.25124629018,1.12336864345049,0.46205670553381,FALSE,FALSE,FALSE,FALSE
"Post-growing season",118,135,TRUE,TRUE,540.915608036524,545.094194481828,538.540714405136,536.487404700651,,,,,1.4304007935372,1.44868463026237,1.43821354541834,1.53267245827114,0.0766592650202217,0.112399059931963,0.264036863280751,0.427463455743965,0.453271321572498,0.420925740392102,0.466325428726063,0.461368414337602,1.60036425904908,1.25792242163271,0.870665314940556,0.153979734558892,FALSE,FALSE,FALSE,FALSE
"Post-growing season",119,135,TRUE,TRUE,528.290967356383,517.253101143244,531.797903772819,520.838461887024,,,,,1.29961455632562,1.24575144935156,1.30811700978741,1.25589942702266,0.152878423290885,0.331334151407159,0.272850366307448,0.446588468135682,0.608171006836879,0.64940723989584,0.613515966317745,0.668962258352195,2.2790381730056,1.62191314645536,1.73581802587199,1.20761560402445,FALSE,FALSE,FALSE,FALSE
"Post-growing season",120,135,TRUE,TRUE,523.964211126145,526.987417136702,519.029433100717,517.120282198237,,,,,1.31749579358924,1.32481536690576,1.32117189301428,1.36179926124374,0.173239774764201,0.232436201185697,0.397187484966012,0.522998811204177,0.587549395566221,0.575472804882155,0.599560583588165,0.600707461320534,1.99060760732046,1.60820562677848,0.984322383701708,0.38872110958472,FALSE,FALSE,FALSE,FALSE
"Post-growing season",121,135,TRUE,TRUE,542.172976042356,544.76979139899,540.164014087422,539.726457286017,,,,,1.4129062954485,1.40007057299988,1.42849625833626,1.43632454116867,0.0766907299411831,0.132647494349071,0.376223375108262,0.463926150261622,0.504030447198745,0.524379181180923,0.570259378488662,0.585382398615347,1.96442823048589,1.84129309013817,1.02968675305097,0.664503046888749,FALSE,FALSE,FALSE,FALSE
"Post-growing season",122,135,TRUE,TRUE,527.879023620291,531.80473117114,522.524437679665,525.145978641669,,,,,1.32542036744862,1.31614757701306,1.34297168171382,1.35846671853229,0.127794063436058,0.144123007385989,0.364328837772682,0.411244969252627,0.553696515817229,0.560303236350407,0.553248664342096,0.546701819470877,1.92769217862742,1.88484453422613,0.851738902822824,0.60740222269629,FALSE,FALSE,FALSE,FALSE
"Post-growing season",123,135,TRUE,TRUE,534.800621689952,537.653737552046,532.481236492778,531.94554405119,,,,,1.33060945704905,1.33479256066804,1.35281040618279,1.39875071971632,0.080042445394094,0.161685110253171,0.366008731499594,0.502556770600959,0.617084223097448,0.613487944587094,0.627328626358748,0.619381714555288,2.87156734055398,2.39550063049701,1.45134632660983,0.658612920971792,FALSE,FALSE,FALSE,FALSE
"Post-growing season",124,135,FALSE,TRUE,560.469619840819,560.848919396839,562.990943322037,562.0727750088,,,,,1.56415660891694,1.46262685797157,1.5619094713433,1.44887266946647,0.0607706165305111,0.161410138378165,0.0892382808759982,0.214230339404289,0.432301835665603,0.631081433618587,0.436459025766713,0.652058249291188,1.7913288874499,3.09853686084874,1.67873308043235,3.00449755413021,FALSE,FALSE,FALSE,FALSE
"Post-growing season",125,135,TRUE,TRUE,573.07008691726,577.261663969232,571.73405156189,573.844999377855,,,,,1.6160752760904,1.61898959787919,1.6329457665025,1.72033369143405,0.00512560484269775,0.0346904726523865,0.204488437020793,0.287396204244821,0.413213333014616,0.404308965125458,0.419630296069506,0.360710046079467,2.0566640919719,1.83446662118935,1.09425326295615,0.359734015834337,FALSE,FALSE,FALSE,FALSE
"Post-growing season",126,135,TRUE,TRUE,549.942306846095,553.927022301944,531.303296103014,528.344477996839,,,,,1.42793951949076,1.4194950979594,1.45609480225416,1.55518820503979,0.0880620501029665,0.0984725955278436,0.508425534918829,0.556988721668509,0.580072539235479,0.580325651863617,0.59286123066429,,2.73764471153022,2.64980868207515,0.476359573426773,0,FALSE,FALSE,FALSE,TRUE
"Post-growing season",127,135,TRUE,TRUE,570.526059284517,575.661995668199,568.332068771036,572.26644264204,,,,,1.48898014170701,1.50207859164305,1.49364994228189,1.52501896477188,0.0257169442233051,0.0465887209139694,0.266409213690505,0.32642592015653,0.596649172619062,0.572994836024964,0.609209364741126,0.584252822781001,3.67426873126732,3.24363692687943,2.25738832741854,1.6428233523896,FALSE,FALSE,FALSE,FALSE
"Post-growing season",128,135,TRUE,TRUE,532.096144707919,532.000354343607,518.710404920155,514.458510049963,,,,,1.32668907576223,1.2879538618648,1.40354537130588,1.42398801593658,0.0117689178310556,0.0842152172036869,0.460035061475718,0.513506970525517,0.565815406496429,0.617689344108637,0.541195030769238,0.536331296425563,2.58567641315998,2.6708543275942,0.37504574023822,0.103234305498637,FALSE,FALSE,FALSE,FALSE
"Post-growing season",129,135,TRUE,TRUE,572.266835414719,573.48295404544,561.000824225903,558.10723623768,,,,,1.57003340690598,1.51917964736689,1.61420405460837,1.67610163351292,0.0624398105637162,0.11720957288613,0.372765122042717,0.443249193599042,0.494451128976093,0.565180634817899,0.48483334776442,0.467255757170657,2.41864823703923,2.74600930600447,0.617904039005622,0.130826844024097,FALSE,FALSE,FALSE,FALSE
"Post-growing season",130,135,TRUE,TRUE,533.593392605533,537.608236790256,524.485261515055,528.442362647973,,,,,1.29030072787808,1.27030231654624,1.30176625510947,1.29421879748843,0.0284963280384103,0.0684589849394278,0.397017600135042,0.399090776734373,0.653935736624085,0.688940763136931,0.653569744602667,0.651432838743366,3.51133246143081,3.76502668877822,1.42645578433038,1.37724552146253,FALSE,FALSE,FALSE,FALSE
"Post-growing season",131,135,TRUE,TRUE,529.215076754476,535.019667218054,519.874106942003,523.313800316658,,,,,1.32224114045061,1.31771834951751,1.34763816441578,1.42023309023644,0.0574237192888917,0.0596032538034456,0.396487613501947,0.479758105763642,0.547026549388971,0.55611193984504,0.553407580258707,0.536033059838468,2.17315783397489,2.23561846766029,0.70690169369233,0.260329663101086,FALSE,FALSE,FALSE,FALSE
"Post-growing season",132,135,TRUE,TRUE,546.415604584774,550.918148997225,538.128940679022,543.515821448847,,,,,1.40052723707874,1.37081058349182,1.41818386835062,1.43881601848361,0.0091998181625825,0.0271369332039218,0.35608704019663,0.390094809075029,0.570091334337587,0.625284485318023,0.567729314514595,0.558752529238682,2.9425494769108,3.46656058823055,1.09828438898832,0.8748117614099,FALSE,FALSE,FALSE,FALSE
"Post-growing season",133,135,TRUE,TRUE,535.024626407097,533.968797854749,540.270579698986,535.651323713569,,,,,1.42997920843389,1.454527019412,1.44927854659823,1.49004031263431,0.178929743090852,0.353572194466511,0.269992820592113,0.46333833287351,0.486153387443193,0.508455021596441,0.488220331104512,0.524897966091798,1.3706728750223,0.729658406542656,0.99154953309993,0.3051049183759,FALSE,FALSE,FALSE,FALSE
"Post-growing season",134,135,TRUE,TRUE,550.240791790397,552.821180156841,547.475744549772,545.386213672648,,,,,1.41982507483342,1.43621163034032,1.42306234088309,1.46157351351238,0.0229082116780408,0.0923788867278986,0.260040338722252,0.374803193525071,0.507690763828532,0.477914028226687,0.535211602315318,0.510777178556724,2.30299974129109,1.75001871984351,1.36627917431149,0.65603387508322,FALSE,FALSE,FALSE,FALSE
"Post-growing season",135,135,TRUE,TRUE,545.702065307648,550.864482381771,548.336012846237,552.175405270624,,,,,1.48671873219725,1.505030394455,1.49792334348754,1.53633404551495,0.0857954197042243,0.120433638447078,0.221166376648384,0.289223148046513,0.408759692860009,0.389269703822084,0.431153878327191,0.415900886255856,1.35564630820568,1.11077698990117,0.916681264659372,0.555175952698464,FALSE,FALSE,FALSE,FALSE
"Post-growing season",136,135,TRUE,TRUE,564.624750655448,567.291389547976,557.99401592975,557.579619754232,,,,,1.52913535402613,1.52385796851536,1.54810548807211,1.56836793806669,0.0663419940055138,0.103327635822199,0.352429140334155,0.43598511387806,0.522117417747263,0.515571399757337,0.533706360602685,0.536907227934928,2.55264793548843,2.25393611413299,1.03323191885305,0.581178765763056,FALSE,FALSE,FALSE,FALSE
"Post-growing season",137,135,TRUE,TRUE,565.476234497944,570.148424810234,558.83325763107,563.417378052117,,,,,1.53762047687316,1.51786655128443,1.57204868236226,1.60112074645675,0.0257952341438724,0.0440913249971235,0.333211724232774,0.328419487971504,0.492160160374987,0.526444148559648,0.493172746869141,0.447162416969206,2.47927074391725,2.68779421036088,0.858508215321303,0.597349325432125,FALSE,FALSE,FALSE,FALSE
"Post-growing season",138,135,TRUE,TRUE,560.259226969972,556.888129648239,551.84109706225,544.237951294153,,,,,1.47363287847545,1.39438329494367,1.48844278357686,1.44676472582849,0.0188183359968665,0.11774789734824,0.333694715229807,0.444277610977927,0.540313986002066,0.6407878660535,0.542360664613612,0.583206267128159,2.84576710097712,3.29277658642257,1.13122923615057,0.771892671942339,FALSE,FALSE,FALSE,FALSE
"Post-growing season",139,135,TRUE,TRUE,558.627799464663,560.977152725153,556.302263401198,555.665101025646,,,,,1.44093365735247,1.44570111236628,1.44922067175052,1.46919209649595,0.0652423023052598,0.140505169324191,0.327081892197446,0.423442847122608,0.615384128208378,0.603359494695191,0.633121538768263,0.617463376285203,3.45155835722521,2.81833808182638,2.00306520270201,1.22934386860346,FALSE,FALSE,FALSE,FALSE
"Post-growing season",140,135,TRUE,TRUE,553.572331793242,554.750418721586,551.318241736804,540.938495146832,,,,,1.4889286982414,1.5239213675967,1.50444017736388,1.62944762733437,0.0295362094456147,0.138029139562335,0.264323048864005,0.446056629425625,0.435486953029139,0.391402578929802,0.465271917937536,,1.81656552304185,1.07985910264385,0.946214113316263,0,FALSE,FALSE,FALSE,TRUE
"Post-growing season",141,135,TRUE,TRUE,536.072374711915,541.366787158994,530.956109631146,532.081222144463,,,,,1.4131818702236,1.42297218523472,1.4326397300264,1.47843053617895,0.175623722467489,0.192884320220912,0.380202900639994,0.447686144252682,0.498968764173743,0.485005584816471,0.508617936556405,0.499451523536611,1.45752513796381,1.29325511737563,0.586988578863197,0.239112651128381,FALSE,FALSE,FALSE,FALSE
"Post-growing season",142,135,TRUE,TRUE,552.095936080459,556.613816656874,550.157549638665,550.596142226532,,,,,1.49543345851597,1.50624547656342,1.5404181866413,1.60510462236036,0.145455737549369,0.19228485480936,0.337029752131412,0.417476502250731,0.458849451559281,0.458422810654985,0.461090156768791,0.455521903172037,1.47218985669159,1.25967985340365,0.598616873310368,0.188544995522126,FALSE,FALSE,FALSE,FALSE
"Post-growing season",143,135,TRUE,TRUE,549.819574246231,555.033623706989,545.910176894237,551.704153472667,,,,,1.47356388099206,1.45729510067511,1.51837312089021,1.52725346224445,0.104722763340724,0.103876529326146,0.372034872744613,0.380761827235319,0.49406987390981,0.518959656519718,0.498574199804837,0.494762443448241,1.890344134306,2.079157191467,0.635077314121077,0.572195999222209,FALSE,FALSE,FALSE,FALSE
"Post-growing season",144,135,TRUE,TRUE,538.954945263138,542.649978136944,525.693612507981,529.514339465837,,,,,1.33976497221696,1.32062813297277,1.3660687836464,1.34597656619797,0.06808591625498,0.11356546454258,0.429105747395063,0.415776351909049,0.666724932060353,0.698404681709162,0.608750865823786,0.612691583008625,3.71243181632357,3.900293254311,0.949704842124353,1.02433878995625,FALSE,FALSE,FALSE,FALSE
"Post-growing season",145,135,TRUE,TRUE,558.131200691296,563.255396427519,554.491161689252,558.166631575874,,,,,1.54283565989689,1.55596793359419,1.55793590872251,1.58457778445522,0.0872104076774062,0.100089853308079,0.319640645064222,0.344522336214546,0.423491770047944,0.399207399811422,0.465619824169376,0.443545331071668,1.56739083800709,1.35287043724408,0.727295236680321,0.482088453129031,FALSE,FALSE,FALSE,FALSE
"Post-growing season",146,135,TRUE,TRUE,560.87761250835,565.151141362888,556.873341920822,560.633803068364,,,,,1.58883325342509,1.55529114280596,1.59152538509131,1.57749427859274,0.0454207531243192,0.0698114693780493,0.24542783551879,0.277469892426034,0.334541612551883,0.393115783322862,0.379854030834574,0.407173293153916,1.2268179389167,1.45239826183852,0.597780547798372,0.592981804563004,FALSE,FALSE,FALSE,FALSE
"Post-growing season",147,135,TRUE,TRUE,535.824858602938,537.734674945559,534.549121104555,533.921762512959,,,,,1.3909759882156,1.40470719441399,1.39970976518943,1.44010622800446,0.129004970980413,0.225876552880258,0.337552819069293,0.460329391205637,0.520798088673171,0.512310942453024,0.550170514297212,0.552402887328243,1.80028103976913,1.30386928795557,1.03365987437282,0.46162325023861,FALSE,FALSE,FALSE,FALSE
"Post-growing season",148,135,TRUE,TRUE,541.271102753852,544.331388716402,537.834563553658,539.267517866952,,,,,1.40757639301741,1.39482381769233,1.4509095262223,1.4948381989603,0.127599440392616,0.186195616250012,0.397418094127644,0.490717414138401,0.525634901177675,0.55286042885137,0.539881862828342,0.553541262989967,1.90072064398842,1.8227480310606,0.719353327882869,0.336584442361863,FALSE,FALSE,FALSE,FALSE
"Post-growing season",149,135,FALSE,TRUE,544.885422346762,543.842893535017,547.968348887043,547.391009573606,,,,,1.46331397229938,1.46696566771925,1.46654667847313,1.46675619250418,0.106495862598571,0.272336811222139,0.113106271193599,0.273671399722946,0.500864466162735,0.519887715929715,0.486772003737824,0.516924216854393,1.89998251126867,1.23026370531895,1.7544538448885,1.20024587203211,FALSE,FALSE,FALSE,FALSE
"Post-growing season",150,135,TRUE,TRUE,558.468228345575,563.76558252878,557.536276944511,557.554252590244,,,,,1.53245857139525,1.54177956020508,1.55063329782091,1.60799085784582,0.108990802756231,0.138801792884788,0.325637904466102,0.457490200406764,0.492091537878379,0.482912732052187,0.513216925202505,0.522139639361627,1.99517216537119,1.77560167381964,1.02264989874822,0.372563673157737,FALSE,FALSE,FALSE,FALSE
"Post-growing season",151,135,TRUE,TRUE,566.90366803653,568.621318367686,561.959148835043,561.90490964701,,,,,1.60694757555203,1.62643096350659,1.62157667260468,1.66399066261927,0.0600654983315716,0.125726766882081,0.283919043774039,0.330518291756274,0.36707457890563,0.343122300398671,0.40947363829221,0.381884880424067,1.41136103188902,0.971347576970779,0.609146707910213,0.242051516808104,FALSE,FALSE,FALSE,FALSE
"Post-growing season",152,135,TRUE,TRUE,547.493731372715,551.575806273259,544.696162864732,543.314189480355,,,,,1.47015215291808,1.47872436817738,1.49740499510658,1.64384818314701,0.0798976931184877,0.111208247820693,0.299439060100188,0.421774736235589,0.448489312594106,0.431204736528094,0.457847809576228,,1.63670515975379,1.38542613204317,0.719910749200759,0,FALSE,FALSE,FALSE,TRUE
"Post-growing season",153,135,TRUE,TRUE,544.351841373939,548.593009100508,542.617135954084,544.91977963432,,,,,1.40958892131636,1.43222410813725,1.42699795176775,1.47579856655755,0.0177565173464952,0.0647018224981307,0.229403386104529,0.332791524968298,0.521662667356232,0.47598903686914,0.503271972577425,0.474932192346355,2.39607137503402,1.82685984520923,1.25920067832471,0.644531392591896,FALSE,FALSE,FALSE,FALSE
"Post-growing season",154,135,TRUE,TRUE,544.635817437776,548.311131914394,542.484823824203,546.07549679127,,,,,1.45439948455533,1.44995749928574,1.48221394580675,1.48944532397107,0.0286744632765063,0.0565466556195686,0.266390926676992,0.28801458182766,0.43377015345753,0.432978086762619,0.443341521468744,0.432442695215196,1.71238561109185,1.57537578014902,0.76758741988116,0.615318496074449,FALSE,FALSE,FALSE,FALSE
"Post-growing season",155,135,TRUE,TRUE,542.308124458749,546.183970990469,543.102746891069,546.310261509897,,,,,1.38683321728679,1.35888086593215,1.40712911654892,1.41334883533256,0.032936886720299,0.0784080854236237,0.259024525203022,0.288659953370553,0.529717825988085,0.588037058662231,0.542087518651898,0.527690409350934,2.3368683812819,2.63821221552188,1.38535142306674,1.13648517759179,FALSE,FALSE,FALSE,FALSE
"Post-growing season",156,135,FALSE,TRUE,536.144318282544,539.847981785996,538.018928312412,541.96498636069,,,,,1.34586246205425,1.31512607267986,1.3488167519204,1.31690064131213,0.0539403128081023,0.0836651426375766,0.105868966301825,0.125065465529019,0.592678407542598,0.646259845279992,0.586663136750448,0.640254102517226,2.75793301577356,3.18119123789294,2.42775096456855,2.86486144347595,FALSE,FALSE,FALSE,FALSE
"Post-growing season",157,135,TRUE,TRUE,558.239782928075,557.865434704076,554.389688222504,551.160245980005,,,,,1.47852034574756,1.47644668539094,1.50641988826558,1.55401906405205,0.0267843817123536,0.141468536845477,0.307102234294602,0.45039755941496,0.540168475925703,0.530895248532955,0.5295578292075,0.527327416476696,2.79389877964766,2.05518768214992,1.19715008463539,0.421890972084583,FALSE,FALSE,FALSE,FALSE
"Post-growing season",158,135,TRUE,TRUE,558.516960960624,555.813889013096,548.672450917333,547.079063490151,,,,,1.42083537267659,1.31708980359537,1.41953479245376,1.34413450938311,0.0185386313127505,0.145677547292089,0.404119488833556,0.447500672505592,0.611734149953694,0.759981531797358,0.646781853726619,0.717565565311388,3.60036672444547,5.23867260966952,1.57863848428606,1.9911015209051,FALSE,FALSE,FALSE,FALSE
"Post-growing season",159,135,TRUE,TRUE,539.459574695082,537.287458735262,535.487485504268,529.755307193622,,,,,1.34701004297684,1.30770461872669,1.36565552207111,1.34743079206568,0.0408423806014062,0.144406112261334,0.289651177541025,0.414024025466338,0.574152527168057,0.618530532315659,0.562566834040452,0.588131692762195,2.64771506468577,2.47602458375381,1.32307359763459,0.859004047585906,FALSE,FALSE,FALSE,FALSE
"Post-growing season",160,135,TRUE,TRUE,515.645190518646,520.703388628908,512.600921889993,516.988198566558,,,,,1.26298221925499,1.25743051173225,1.277430143991,1.28298040806228,0.123186019610664,0.131980146149059,0.393575313593274,0.412406945572012,0.551926463571874,0.558942364771681,0.590982774310097,0.58579018760828,1.75424814594188,1.75975992185423,0.885573242591198,0.770728057666025,FALSE,FALSE,FALSE,FALSE
"Post-growing season",161,135,TRUE,TRUE,536.707522800168,541.315144798878,527.319193249574,532.696959540579,,,,,1.31394994450175,1.27956609832246,1.33419521142182,1.31684542480517,0.0164795948583643,0.0487723657259199,0.332240398403923,0.325365439214035,0.614147041224973,0.68075321289635,0.580096970587895,0.597819936458804,3.12638047559309,3.81407925786943,1.18870075853931,1.3360103176651,FALSE,FALSE,FALSE,FALSE
"Post-growing season",162,135,TRUE,TRUE,570.176158120709,570.553904895548,567.538487734753,564.612433815568,,,,,1.57075715874636,1.564504991544,1.60441194985047,1.62795698551171,0.00412804695942026,0.0843011412616323,0.239780958534091,0.335695246822012,0.460912232539208,0.45441586709947,0.443992024810074,0.431351661451175,2.38410229142135,1.88043755438035,1.04792537767545,0.479872837358297,FALSE,FALSE,FALSE,FALSE
"Post-growing season",163,135,TRUE,TRUE,564.042381200804,568.282042649859,563.79862881267,565.24875130243,,,,,1.50858497886118,1.51149736933329,1.53809654310629,1.57630843235076,0.0367906954322061,0.0760915649588506,0.274288316477627,0.377613254777153,0.577837902356722,0.568065592041334,0.554172748777408,0.531960663086602,3.32316865017699,2.95709818916822,1.66212264196509,0.898990538430342,FALSE,FALSE,FALSE,FALSE
"Post-growing season",164,135,TRUE,TRUE,530.191238602092,531.290379797804,518.790672730279,520.399907746528,,,,,1.25513812646268,1.18974796427876,1.27647053956473,1.22728667820421,0.0744986676090925,0.194512093485564,0.457825369788397,0.418449678425132,0.699062779367578,0.805839829408044,0.681093056634895,0.699818857727761,3.83334227597492,5.2669904570746,1.29671583087851,1.62053692341416,FALSE,FALSE,FALSE,FALSE
"Post-growing season",165,135,TRUE,TRUE,516.912351520065,518.783428701509,507.856530699861,512.763690901711,,,,,1.22969812140084,1.19423019654812,1.244668092286,1.22901330866242,0.088316376854703,0.141828511632879,0.44215835589891,0.442659414425734,0.678023309680982,0.731605624154798,0.664200898884779,0.680928589514098,3.19341866775561,3.62622344800499,1.15066209926311,1.27166229234992,FALSE,FALSE,FALSE,FALSE
"Post-growing season",166,135,TRUE,TRUE,568.176035680283,572.306283161663,558.904192582185,560.906792016717,,,,,1.50464054814969,1.50883301825524,1.52344052541189,1.55889405430216,0.0763019323068856,0.102099758523341,0.416902572210315,0.457107191351739,0.614382754632994,0.597265236462715,0.611171977151605,0.577259547382011,3.64070079226117,3.2167293713484,1.29829285891571,0.757678028679224,FALSE,FALSE,FALSE,FALSE
"Post-growing season",167,135,TRUE,TRUE,560.512055643583,562.691835749484,548.414004910835,545.908368539566,,,,,1.57112464939384,1.52479311205501,1.64233732129475,1.65063432739671,0.0448890549076904,0.0894727403679012,0.327253925247124,0.377164441095705,0.368958833826024,0.443818760674533,0.36326570561521,0.380698982352616,1.4233108086251,1.67530993966843,0.1585316502683,0.0156346444432583,FALSE,FALSE,FALSE,FALSE
"Post-growing season",168,135,TRUE,TRUE,518.35219193047,521.490184959538,514.118661328446,515.35642281818,,,,,1.22954778536512,1.21431747387145,1.23479468915142,1.22629582115518,0.0829162585015028,0.110341325519303,0.341838997464317,0.398887658179426,0.634774830554777,0.650420926515339,0.639918523704593,0.651257598142541,2.66466781543727,2.65890152416647,1.44665467702609,1.24158710850194,FALSE,FALSE,FALSE,FALSE
"Post-growing season",169,135,TRUE,TRUE,562.820997303473,563.313343866705,563.117365304963,564.930250672771,,,,,1.54245324627131,1.48445906432614,1.54948088539807,1.50589352579142,0.0227683021645221,0.141788185349405,0.21789112810795,0.311098405575596,0.452887008896774,0.569707268116204,0.478511407213654,0.569313856464942,2.12354504315829,2.50575187571134,1.3418139603906,1.53001057327608,FALSE,FALSE,FALSE,FALSE
"Post-growing season",170,135,TRUE,TRUE,513.40136168916,512.200719216326,502.713013906227,503.959275592753,,,,,1.21629939202017,1.16652122049074,1.22949128462232,1.18603449512026,0.013041101037517,0.111905363930198,0.407090241200982,0.406424007490862,0.671765547043561,0.743638318921142,0.641308637463958,0.679608927904175,3.41020742265241,3.8646186048176,1.10385334767338,1.35156500830064,FALSE,FALSE,FALSE,FALSE
"Post-growing season",171,135,TRUE,TRUE,518.778122371592,520.838893251542,513.323604592742,511.881403343668,,,,,1.28018902163844,1.25802969483761,1.31087404265699,1.32767884864647,0.146809938044097,0.200896038424267,0.429531196569346,0.501899168605839,0.592615551147284,0.625547348781056,0.595518104995008,0.590089331565018,2.05917325108936,2.06304088438929,0.781672024634479,0.410124900025,FALSE,FALSE,FALSE,FALSE
"Post-growing season",172,135,TRUE,TRUE,537.000829083944,536.25168812896,538.088252576077,530.113062650034,,,,,1.37401757140766,1.38668523792709,1.40723119162812,1.4928195359333,0.112339455970484,0.290040977645189,0.291624045868047,0.504074120753584,0.563683573046888,0.574569638918536,0.541456706862366,0.537399946651009,2.24121349531297,1.45378880634883,1.21037302299552,0.167458118315236,FALSE,FALSE,FALSE,FALSE
"Post-growing season",173,135,TRUE,TRUE,545.033756602271,550.713304931962,541.336164216947,545.999211096602,,,,,1.45622642534348,1.45802372647705,1.52423127781144,1.57741805759706,0.0851077255554466,0.0915644247798337,0.342810965400925,0.375993457298163,0.431161544906222,0.428504538590181,0.435517021964235,0.417692377982558,1.46492849202249,1.421638641251,0.411700728794026,0.186634902117796,FALSE,FALSE,FALSE,FALSE
"Post-growing season",174,135,TRUE,TRUE,525.612269794133,528.841428885163,515.491871577446,518.861862048214,,,,,1.35807786227062,1.29758123352655,1.44088407058144,1.48023407091835,0.0898786815346864,0.151241172545002,0.483136703601363,0.497693052184164,0.512634867961948,0.651158315427543,0.52270544657681,0.505827124235901,1.79752884327685,2.74517457892333,0.179900273886351,0.0365613832451165,FALSE,FALSE,FALSE,FALSE
"Post-growing season",175,135,TRUE,TRUE,540.776665128254,541.938548994108,538.55559669263,537.389357083283,,,,,1.31744079448464,1.31236799465247,1.33064772058614,1.33722607207987,0.0384791609603972,0.0917797916575225,0.276973944427645,0.356304237021755,0.659750778862828,0.641730314236268,0.639772642461323,0.615240701180106,3.69855295348463,3.07448471413308,2.0525325756336,1.36842862354436,FALSE,FALSE,FALSE,FALSE
"Post-growing season",176,135,TRUE,TRUE,544.482301596661,548.2837878906,542.047057154646,545.456385848782,,,,,1.38368796300999,1.38405812609405,1.38916454973394,1.40387427445679,0.147242038267476,0.192424514385459,0.39720694804791,0.441626949120579,0.598655525787853,0.598814557043401,0.636264804639682,0.629048165083592,2.49209096649646,2.23952775191077,1.44492561728328,1.12409485230834,FALSE,FALSE,FALSE,FALSE
"Post-growing season",177,135,TRUE,TRUE,555.574300164483,559.556142485042,554.909218683385,556.124089257399,,,,,1.49878663268057,1.50707363861006,1.53202757174726,1.56200095981034,0.0540954018173685,0.111421093622651,0.299979518850859,0.390986359279885,0.487610846800652,0.480688384879038,0.498949270696944,0.499808613711496,2.15897705448319,1.82437687305485,1.0315502386117,0.574556885224504,FALSE,FALSE,FALSE,FALSE
"Post-growing season",178,135,TRUE,TRUE,559.91875347317,564.659191422566,553.094139658136,555.354214548472,,,,,1.48476110729625,1.45919955315782,1.49848739010989,1.55380480986299,0.0253238688560447,0.0478165605711349,0.370793459181078,0.431674598627089,0.572574814578703,0.621632639362708,0.586197441844384,0.538253208362602,3.22446535614583,3.70375652264363,1.30127271808816,0.60357107751668,FALSE,FALSE,FALSE,FALSE
"Post-growing season",179,135,TRUE,TRUE,568.209899542592,572.787474417531,566.065241455964,568.391347566054,,,,,1.53193803197886,1.55809628934261,1.55277670671551,1.61686217315652,0.0352811109863097,0.0777468454582075,0.304636091316134,0.391461176025901,0.540700407837381,0.495093929245003,0.554727907786257,0.513603932942476,2.9654494628408,2.28476935404317,1.52216097283355,0.71608445688845,FALSE,FALSE,FALSE,FALSE
"Post-growing season",180,135,TRUE,TRUE,555.379869779336,553.56884279772,550.855033267792,548.816998681967,,,,,1.60302230420216,1.55629085345807,1.68495461886863,1.67769482158354,0.0900058315442669,0.206338148966896,0.286355452884369,0.33520466916998,0.2958093849821,0.387244284962613,0.307568361438386,,0.825825781502905,0.786618123127345,0.0890944819033415,0,FALSE,FALSE,FALSE,TRUE
"Post-growing season",181,135,TRUE,TRUE,541.004887291182,546.176720409604,530.468770236269,535.993958781255,,,,,1.38113785557927,1.35916024986953,1.40162149111003,1.38067757749011,0.0326550548820309,0.0396860845503026,0.378667560321444,0.371106230843142,0.570287705193276,0.613681280418473,0.551283488914154,0.572362699821519,2.73133464307649,3.15364417454568,0.835055682572292,0.998078667747837,FALSE,FALSE,FALSE,FALSE
"Post-growing season",182,135,TRUE,TRUE,545.954371459207,550.935214979266,538.065851135015,542.487426798287,,,,,1.44728274386053,1.42431036578427,1.47758859841546,1.47805604304397,0.111377306221355,0.114471347337648,0.423011428397761,0.437660832150109,0.506818230735079,0.545028526190389,0.537015477600767,0.539731889034108,1.9049152316308,2.18729893530814,0.586283872620414,0.526336388268279,FALSE,FALSE,FALSE,FALSE
"Post-growing season",183,135,TRUE,TRUE,566.289171202958,567.052534457423,563.147101301834,555.23051701483,,,,,1.54339292900479,1.55198439712842,1.55039016730149,1.70229944579618,0.0537231465729486,0.137346628301687,0.301775817408207,0.480201229378871,0.505240657682526,0.479546933356926,0.532736239259997,0.485315908103301,2.48325601305225,1.7901372289461,1.32956636259294,0.0290568303350998,FALSE,FALSE,FALSE,FALSE
"Post-growing season",184,135,TRUE,TRUE,533.659018127294,534.585500168748,532.124189910784,535.324084392508,,,,,1.38415880835898,1.34455499785109,1.40203345859654,1.35929988231874,0.0529286100824812,0.114389925664183,0.251814512621575,0.292682628363376,0.503238322521342,0.567601110019394,0.48162164717746,0.559806253495336,1.96164870746439,2.14793966433408,0.96419297624356,1.25254579514479,FALSE,FALSE,FALSE,FALSE
"Post-growing season",185,135,TRUE,TRUE,549.255115068612,554.154466654481,549.77136417834,553.849778638296,,,,,1.47769175154986,1.48196851991385,1.47737249060881,1.49918327610817,0.0668171360602304,0.105236742082248,0.195012766337701,0.267692929199158,0.451001189587732,0.453551324114026,0.456206016402576,0.457478651935461,1.73089370909844,1.58081130644366,1.17213754476565,0.868832904186365,FALSE,FALSE,FALSE,FALSE
"Post-growing season",186,135,FALSE,TRUE,536.525807756159,533.540610534374,536.394307409482,531.865444268483,,,,,1.43753901356741,1.48880115049951,1.43435257337687,1.50337853120805,0.0539188233923291,0.257730459696781,0.124783092833462,0.33565666960812,0.416959211141061,0.381578248899538,0.420590863408944,0.398006480451032,1.43696547017503,0.478018218806251,1.1660308047823,0.246836217071486,FALSE,FALSE,FALSE,FALSE
"Post-growing season",187,135,TRUE,TRUE,547.148038834411,549.406261856902,548.483427950526,551.638255103975,,,,,1.44707631911308,1.41268274084516,1.46219133735652,1.46451736729085,0.131168210419811,0.180512466063825,0.30963230877986,0.367440086198065,0.517422670279412,0.571852702697847,0.539363039068646,0.554549558287454,1.90917355254973,2.08603879780546,1.1958215348353,1.004210017903,FALSE,FALSE,FALSE,FALSE
"Post-growing season",188,135,TRUE,TRUE,545.239233629325,541.065035757936,545.011877242331,534.211492122827,,,,,1.41206503214665,1.38688338949395,1.42231904277024,1.42439195341377,0.0788217404370766,0.209117317338234,0.31184646363884,0.497382496415927,0.558931667074105,0.569076281355813,0.583410630456399,0.597848554032881,2.48143054655738,1.82412846288979,1.48636869476819,0.552775176590841,FALSE,FALSE,FALSE,FALSE
"Post-growing season",189,135,TRUE,TRUE,503.373528007476,495.683806414999,492.995393781559,487.892759064991,,,,,1.20135653391951,1.10941256865318,1.2290237986171,1.21038989377116,0.0568283159110466,0.216077099019756,0.492019778784214,0.546303598759473,0.606447254847997,0.745283782213981,0.628009578532253,0.632545089237966,2.29863752829374,2.93837185264622,0.60678111576046,0.372278783925836,FALSE,FALSE,FALSE,FALSE
"Post-growing season",190,135,TRUE,TRUE,569.389949445574,569.486555148626,554.761945392454,553.343630157474,,,,,1.54733280727069,1.49866745590335,1.56380500136375,1.55162956240853,0.0337676659209459,0.0974242868813295,0.42222559744439,0.457647923773068,0.516909769543091,0.577838974674527,0.543307310788627,0.54428343738002,2.74312047956125,2.93851875934652,0.709614096781792,0.494698384050739,FALSE,FALSE,FALSE,FALSE
"Post-growing season",191,135,TRUE,TRUE,554.432346032355,558.73302443744,542.217947676033,543.23274230602,,,,,1.51654018240118,1.49844179963438,1.54357429670585,1.58279764482487,0.115717101788743,0.137876121848554,0.415515839353795,0.461961971670596,0.453678697390734,0.483048214479149,0.49015101789942,0.487407267912982,1.60768314827109,1.69842873939896,0.373511757968672,0.128734865060738,FALSE,FALSE,FALSE,FALSE
"Post-growing season",192,135,TRUE,TRUE,554.439323948174,557.178380381356,552.781320696418,554.296591360979,,,,,1.51440552063791,1.52004024664373,1.54841306439804,1.58188497422144,0.101041925990148,0.167234241905322,0.334930399683948,0.415700472256651,0.456152224502728,0.453606794580939,0.480141977857673,0.488806232050769,1.69108904309541,1.35783172305985,0.734170076430512,0.382636575262426,FALSE,FALSE,FALSE,FALSE
"Post-growing season",193,135,TRUE,TRUE,539.733202336008,542.058412402574,542.527963157709,545.143681115807,,,,,1.39747535276011,1.38274301486474,1.4164824328886,1.40244321303719,0.145323306399679,0.182773004193261,0.266269557715784,0.302376612766139,0.523104763873096,0.536626367873586,0.519163818661354,0.537606448850975,1.77656087279806,1.67448384838551,1.19333361714089,1.1299992067669,FALSE,FALSE,FALSE,FALSE
"Post-growing season",194,135,TRUE,TRUE,532.632615785871,530.489494666819,531.835632611558,525.484312421955,,,,,1.31548517864825,1.28143001673302,1.33257857662322,1.31840692721443,0.065163527004321,0.144547429687178,0.324748125355514,0.43968391210567,0.58738329781902,0.612379356403798,0.6078687110485,0.615089635529252,2.54145391272662,2.29668356733726,1.46193983451724,0.888103718211117,FALSE,FALSE,FALSE,FALSE
"Post-growing season",195,135,TRUE,TRUE,559.830074015912,563.753388188469,559.392021477943,563.196229644705,,,,,1.45205543967833,1.44108847707931,1.48180631308544,1.53300869286683,0.025833591507693,0.0617329859618683,0.212839090847049,0.290254722376962,0.598326135900677,0.612813223525921,0.545796528024935,0.496239702799278,3.47395844452978,3.4168287705879,1.82676020861189,1.06918082773906,FALSE,FALSE,FALSE,FALSE
"Post-growing season",196,135,TRUE,TRUE,512.595448743857,511.508056788673,511.898518646905,509.164669232294,,,,,1.20458958026356,1.14897032995591,1.21973969032139,1.16044076604292,0.0187417984379205,0.0904716115590855,0.341217272502746,0.389196856089541,0.634287374378577,0.714289771560957,0.66344384204914,0.721942231387368,2.83542873986682,3.36429871790017,1.62974973023264,1.85534065985602,FALSE,FALSE,FALSE,FALSE
"Post-growing season",197,135,TRUE,TRUE,577.01714277805,582.517329644403,560.869646785875,564.193717681449,,,,,1.63814251000895,1.62791920907829,1.69343378841904,1.74400044381765,0.130472470603846,0.134840961298048,0.396163945974789,0.416627315093319,0.441688729646904,0.455456016243293,0.441277089811223,0.42818554890954,1.7041917970669,1.78134744351762,0.243910656234077,0.0625722377064208,FALSE,FALSE,FALSE,FALSE
"Post-growing season",198,135,TRUE,TRUE,537.728048442313,543.248827606313,531.248115308101,535.345090964725,,,,,1.32472564818498,1.31157934076064,1.33705169619555,1.36000836781605,0.0156171937302945,0.0251596884838284,0.36332629304555,0.39808053585412,0.624265116207304,0.651052239823116,0.63099780491238,0.604950423949647,3.29779492500335,3.58745962739638,1.47133794963417,1.08685274354834,FALSE,FALSE,FALSE,FALSE
"Post-growing season",199,135,TRUE,TRUE,538.06931159039,538.916324417112,536.9471239272,535.657321542338,,,,,1.40101098703633,1.37857288045775,1.41884019760786,1.405090322382,0.0684685798428777,0.150067628366987,0.326615472803175,0.437447399027324,0.530136902046156,0.562717543854822,0.552822673251905,0.594497486573984,2.18601231979486,2.03045282968117,1.13074679726107,0.841374596873376,FALSE,FALSE,FALSE,FALSE
"Post-growing season",200,135,TRUE,TRUE,542.324311446245,534.235296319071,532.231527553018,521.082482844261,,,,,1.28898248297568,1.21153966111041,1.29567750954433,1.24007590800594,0.0168592677982226,0.194551722034165,0.397848835864807,0.533173196469955,0.67449578288626,0.752558987787969,0.680777637972467,0.725856827677142,3.98165620631872,3.93496965278595,1.72605848420955,1.24370972000298,FALSE,FALSE,FALSE,FALSE
