"Season","Rep","n","Dropped","Variable_Group","AIC_Dropped","AIC_Full","Delta_AIC","Chisq","P_Value"
"June",1,92,"Tillage_Passes","Agricultural",395.400181700988,396.106350169018,-0.706168468030512,1.29383153196949,0.255343046999259
"June",1,92,"PerennialFrac","Agricultural",395.084308692532,396.106350169018,-1.02204147648666,0.977958523513337,0.322703334045562
"June",1,92,"MeanSlope_per","Site",395.004218071236,396.106350169018,-1.1021320977826,0.897867902217399,0.343354048919281
"June",1,92,"Hydrologic_Group","Site",396.609170547506,396.106350169018,0.502820378488252,4.50282037848825,0.105250696460028
"June",1,92,"Tile","Site",396.291877996035,396.106350169018,0.185527827016699,2.1855278270167,0.139313297282773
"June",2,92,"Tillage_Passes","Agricultural",389.936451406469,391.035346803813,-1.09889539734371,0.901104602656289,0.342485699180436
"June",2,92,"PerennialFrac","Agricultural",389.129214830754,391.035346803813,-1.90613197305913,0.0938680269408678,0.759316176029081
"June",2,92,"MeanSlope_per","Site",391.705981806414,391.035346803813,0.670635002601387,2.67063500260139,0.102215233721501
"June",2,92,"Hydrologic_Group","Site",392.159215602607,391.035346803813,1.12386879879392,5.12386879879392,0.0771553467401334
"June",2,92,"Tile","Site",389.376629463596,391.035346803813,-1.65871734021698,0.341282659783019,0.559089780465529
"June",3,92,"Tillage_Passes","Agricultural",380.322706498251,382.301172736177,-1.97846623792685,0.0215337620731475,0.883334193672855
"June",3,92,"PerennialFrac","Agricultural",381.047894612571,382.301172736177,-1.25327812360672,0.746721876393281,0.38751609289997
"June",3,92,"MeanSlope_per","Site",382.126482883027,382.301172736177,-0.174689853150142,1.82531014684986,0.176682493410416
"June",3,92,"Hydrologic_Group","Site",380.488326003361,382.301172736177,-1.81284673281624,2.18715326718376,0.335016118432093
"June",3,92,"Tile","Site",380.763871894433,382.301172736177,-1.53730084174458,0.462699158255418,0.496365212397527
"June",4,92,"Tillage_Passes","Agricultural",371.005039036526,373.001812743441,-1.99677370691563,0.00322629308436717,0.954704141697188
"June",4,92,"PerennialFrac","Agricultural",372.602414753208,373.001812743441,-0.39939799023324,1.60060200976676,0.205817918040089
"June",4,92,"MeanSlope_per","Site",371.057019780145,373.001812743441,-1.94479296329661,0.0552070367033934,0.814238400215778
"June",4,92,"Hydrologic_Group","Site",370.478971655008,373.001812743441,-2.52284108843344,1.47715891156656,0.477792158557501
"June",4,92,"Tile","Site",371.496309512641,373.001812743441,-1.50550323079983,0.494496769200168,0.481928226487094
"June",5,92,"Tillage_Passes","Agricultural",387.857098829579,389.771123832627,-1.91402500304764,0.0859749969523591,0.769357870565446
"June",5,92,"PerennialFrac","Agricultural",387.788540086624,389.771123832627,-1.98258374600243,0.0174162539975669,0.895007501971463
"June",5,92,"MeanSlope_per","Site",388.223115930573,389.771123832627,-1.54800790205337,0.451992097946629,0.501390453844121
"June",5,92,"Hydrologic_Group","Site",389.214822690102,389.771123832627,-0.556301142524376,3.44369885747562,0.178735283880607
"June",5,92,"Tile","Site",387.87324926457,389.771123832627,-1.89787456805635,0.102125431943648,0.749293788928585
"June",6,92,"Tillage_Passes","Agricultural",385.872451060253,387.871811790446,-1.99936073019308,0.000639269806924858,0.979828607130254
"June",6,92,"PerennialFrac","Agricultural",385.878296830436,387.871811790446,-1.99351496001026,0.00648503998974093,0.935815939172133
"June",6,92,"MeanSlope_per","Site",387.11057045251,387.871811790446,-0.76124133793644,1.23875866206356,0.265710424087621
"June",6,92,"Hydrologic_Group","Site",388.006728095171,387.871811790446,0.134916304724356,4.13491630472436,0.1265069347243
"June",6,92,"Tile","Site",385.872257138907,387.871811790446,-1.9995546515396,0.000445348460402784,0.983163267781081
"June",7,92,"Tillage_Passes","Agricultural",397.767861339568,396.921567066572,0.846294272995806,2.84629427299581,0.0915848166008299
"June",7,92,"PerennialFrac","Agricultural",395.126747811335,396.921567066572,-1.79481925523703,0.20518074476297,0.650571199374634
"June",7,92,"MeanSlope_per","Site",394.922012741747,396.921567066572,-1.99955432482574,0.000445675174262306,0.983157093999292
"June",7,92,"Hydrologic_Group","Site",402.290095425624,396.921567066572,5.36852835905125,9.36852835905125,0.00923953074745483
"June",7,92,"Tile","Site",395.930375960225,396.921567066572,-0.991191106347856,1.00880889365214,0.315188360399388
"June",8,92,"Tillage_Passes","Agricultural",395.529575857705,396.862556442624,-1.3329805849192,0.667019415080802,0.414092708596315
"June",8,92,"PerennialFrac","Agricultural",399.195632167743,396.862556442624,2.33307572511876,4.33307572511876,0.0373786445017658
"June",8,92,"MeanSlope_per","Site",396.17450148402,396.862556442624,-0.688054958604255,1.31194504139575,0.252042796794466
"June",8,92,"Hydrologic_Group","Site",402.681220851257,396.862556442624,5.81866440863297,9.81866440863297,0.007377413291503
"June",8,92,"Tile","Site",394.87739683618,396.862556442624,-1.98515960644448,0.0148403935555166,0.903040660278177
"June",9,92,"Tillage_Passes","Agricultural",384.857392096955,386.388154036237,-1.53076193928183,0.469238060718169,0.493337905203036
"June",9,92,"PerennialFrac","Agricultural",385.168304553603,386.388154036237,-1.21984948263355,0.780150517366451,0.377095110183321
"June",9,92,"MeanSlope_per","Site",384.462453753557,386.388154036237,-1.92570028267988,0.0742997173201161,0.785176283769642
"June",9,92,"Hydrologic_Group","Site",385.437763252976,386.388154036237,-0.950390783261241,3.04960921673876,0.217663582352818
"June",9,92,"Tile","Site",384.433144620497,386.388154036237,-1.95500941573943,0.0449905842605745,0.832021343088642
"June",10,92,"Tillage_Passes","Agricultural",358.813232941451,360.582043997846,-1.76881105639524,0.231188943604764,0.630643642717414
"June",10,92,"PerennialFrac","Agricultural",358.822304589297,360.582043997846,-1.75973940854885,0.240260591451147,0.624017965235464
"June",10,92,"MeanSlope_per","Site",362.017102194287,360.582043997846,1.43505819644133,3.43505819644133,0.0638263364703079
"June",10,92,"Hydrologic_Group","Site",360.962667364667,360.582043997846,0.380623366821283,4.38062336682128,0.11188187145901
"June",10,92,"Tile","Site",358.582732970625,360.582043997846,-1.99931102722064,0.000688972779357755,0.979059298502953
"June",11,92,"Tillage_Passes","Agricultural",397.72242666833,399.681502862738,-1.95907619440868,0.0409238055913193,0.839685068012986
"June",11,92,"PerennialFrac","Agricultural",400.175466642039,399.681502862738,0.493963779301055,2.49396377930105,0.114283573489461
"June",11,92,"MeanSlope_per","Site",398.093256365399,399.681502862738,-1.58824649733953,0.411753502660474,0.521080835831493
"June",11,92,"Hydrologic_Group","Site",409.156900704709,399.681502862738,9.47539784197033,13.4753978419703,0.00118537165461002
"June",11,92,"Tile","Site",397.866502222408,399.681502862738,-1.81500064033077,0.184999359669234,0.66711161162835
"June",12,92,"Tillage_Passes","Agricultural",377.29156269691,378.194226679923,-0.90266398301253,1.09733601698747,0.294851481394687
"June",12,92,"PerennialFrac","Agricultural",376.823391741668,378.194226679923,-1.37083493825492,0.629165061745084,0.42766174018469
"June",12,92,"MeanSlope_per","Site",377.431506910197,378.194226679923,-0.762719769726232,1.23728023027377,0.265995864304839
"June",12,92,"Hydrologic_Group","Site",383.769460026708,378.194226679923,5.57523334678513,9.57523334678513,0.00833229230994156
"June",12,92,"Tile","Site",377.316403969745,378.194226679923,-0.877822710177725,1.12217728982228,0.289450109753443
"June",13,92,"Tillage_Passes","Agricultural",388.033948126325,389.164205882388,-1.1302577560632,0.869742243936798,0.351026676288317
"June",13,92,"PerennialFrac","Agricultural",388.717075861263,389.164205882388,-0.447130021125304,1.5528699788747,0.212712253911826
"June",13,92,"MeanSlope_per","Site",387.371288565381,389.164205882388,-1.79291731700727,0.207082682992734,0.649063639865666
"June",13,92,"Hydrologic_Group","Site",393.131240542499,389.164205882388,3.96703466011121,7.96703466011121,0.0186200312272113
"June",13,92,"Tile","Site",387.346197537716,389.164205882388,-1.81800834467202,0.181991655327977,0.669667201043779
"June",14,92,"Tillage_Passes","Agricultural",385.249012801021,380.999881198111,4.24913160291027,6.24913160291027,0.0124254207952002
"June",14,92,"PerennialFrac","Agricultural",379.01300693228,380.999881198111,-1.98687426583092,0.0131257341690798,0.908787864787785
"June",14,92,"MeanSlope_per","Site",379.430065990929,380.999881198111,-1.5698152071817,0.430184792818295,0.511898287160416
"June",14,92,"Hydrologic_Group","Site",384.918050873171,380.999881198111,3.91816967506065,7.91816967506065,0.0190805681236943
"June",14,92,"Tile","Site",379.299632530559,380.999881198111,-1.70024866755136,0.299751332448636,0.584038354981917
"June",15,92,"Tillage_Passes","Agricultural",341.786205286672,343.785299178033,-1.99909389136047,0.000906108639526337,0.975985994001829
"June",15,92,"PerennialFrac","Agricultural",342.384999002105,343.785299178033,-1.40030017592733,0.599699824072673,0.438692579717081
"June",15,92,"MeanSlope_per","Site",341.828670962912,343.785299178033,-1.95662821512116,0.0433717848788433,0.835026792112211
"June",15,92,"Hydrologic_Group","Site",344.487444995328,343.785299178033,0.702145817295161,4.70214581729516,0.0952668946883635
"June",15,92,"Tile","Site",342.602761707256,343.785299178033,-1.18253747077722,0.81746252922278,0.365923108708955
"June",16,92,"Tillage_Passes","Agricultural",403.299010597363,405.232613003211,-1.9336024058486,0.0663975941513968,0.796655961791846
"June",16,92,"PerennialFrac","Agricultural",403.975844446029,405.232613003211,-1.25676855718194,0.743231442818058,0.388627694043855
"June",16,92,"MeanSlope_per","Site",403.568933433261,405.232613003211,-1.66367956994998,0.336320430050023,0.561960879024228
"June",16,92,"Hydrologic_Group","Site",407.419851941643,405.232613003211,2.18723893843151,6.18723893843151,0.0453375591726106
"June",16,92,"Tile","Site",403.549452083678,405.232613003211,-1.68316091953324,0.316839080466764,0.573513462813154
"June",17,92,"Tillage_Passes","Agricultural",392.755506116377,394.743325900744,-1.98781978436654,0.0121802156334638,0.912120691245319
"June",17,92,"PerennialFrac","Agricultural",392.815568002375,394.743325900744,-1.9277578983689,0.0722421016311046,0.788099824893352
"June",17,92,"MeanSlope_per","Site",392.94412181392,394.743325900744,-1.79920408682358,0.200795913176421,0.654079173413812
"June",17,92,"Hydrologic_Group","Site",394.674623825139,394.743325900744,-0.0687020756049606,3.93129792439504,0.14006496025072
"June",17,92,"Tile","Site",392.760834969825,394.743325900744,-1.98249093091903,0.0175090690809725,0.894729734218264
"June",18,92,"Tillage_Passes","Agricultural",388.739998329953,389.66001104677,-0.920012716817553,1.07998728318245,0.298700400850834
"June",18,92,"PerennialFrac","Agricultural",388.705306851129,389.66001104677,-0.954704195641455,1.04529580435855,0.306592998481717
"June",18,92,"MeanSlope_per","Site",389.286851518386,389.66001104677,-0.373159528384576,1.62684047161542,0.202140613245965
"June",18,92,"Hydrologic_Group","Site",398.4488168771,389.66001104677,8.78880583032969,12.7888058303297,0.00167088322491545
"June",18,92,"Tile","Site",389.153937793035,389.66001104677,-0.506073253735451,1.49392674626455,0.221608201113224
"June",19,92,"Tillage_Passes","Agricultural",393.791853186153,395.140711776477,-1.34885859032363,0.65114140967637,0.419704891217486
"June",19,92,"PerennialFrac","Agricultural",393.45777041801,395.140711776477,-1.68294135846719,0.31705864153281,0.573380678663626
"June",19,92,"MeanSlope_per","Site",394.293183853589,395.140711776477,-0.847527922888162,1.15247207711184,0.283032254655866
"June",19,92,"Hydrologic_Group","Site",396.288736073655,395.140711776477,1.14802429717832,5.14802429717832,0.0762290886295106
"June",19,92,"Tile","Site",394.146498598722,395.140711776477,-0.99421317775483,1.00578682224517,0.31591430608296
"June",20,92,"Tillage_Passes","Agricultural",386.631583801945,388.089871495776,-1.45828769383144,0.541712306168563,0.461723956369504
"June",20,92,"PerennialFrac","Agricultural",389.807042478244,388.089871495776,1.71717098246779,3.71717098246779,0.0538555460866168
"June",20,92,"MeanSlope_per","Site",387.883647676152,388.089871495776,-0.20622381962437,1.79377618037563,0.180466749171433
"June",20,92,"Hydrologic_Group","Site",395.415998989302,388.089871495776,7.32612749352546,11.3261274935255,0.00347186367605913
"June",20,92,"Tile","Site",387.481236204214,388.089871495776,-0.60863529156228,1.39136470843772,0.238174768217806
"June",21,92,"Tillage_Passes","Agricultural",383.651538685024,385.149132338168,-1.49759365314497,0.502406346855025,0.478444698238295
"June",21,92,"PerennialFrac","Agricultural",383.920089700023,385.149132338168,-1.22904263814513,0.770957361854869,0.379921047637461
"June",21,92,"MeanSlope_per","Site",383.23042524097,385.149132338168,-1.91870709719859,0.0812929028014082,0.775552895259251
"June",21,92,"Hydrologic_Group","Site",385.779407586822,385.149132338168,0.630275248653788,4.63027524865379,0.0987525923078337
"June",21,92,"Tile","Site",383.150691087273,385.149132338168,-1.99844125089544,0.00155874910456077,0.968506904097813
"June",22,92,"Tillage_Passes","Agricultural",385.067822854614,386.935041890104,-1.86721903549039,0.132780964509607,0.715565887520987
"June",22,92,"PerennialFrac","Agricultural",384.950773596377,386.935041890104,-1.98426829372704,0.0157317062729589,0.90018622736626
"June",22,92,"MeanSlope_per","Site",385.43844673525,386.935041890104,-1.49659515485371,0.503404845146292,0.478007871040098
"June",22,92,"Hydrologic_Group","Site",386.683329024918,386.935041890104,-0.251712865186448,3.74828713481355,0.15348636129408
"June",22,92,"Tile","Site",384.947568573814,386.935041890104,-1.9874733162905,0.0125266837094955,0.91088472271738
"June",23,92,"Tillage_Passes","Agricultural",370.639606822345,372.632270834229,-1.99266401188368,0.00733598811632419,0.931744345701025
"June",23,92,"PerennialFrac","Agricultural",372.424621726409,372.632270834229,-0.207649107819975,1.79235089218002,0.180639992349851
"June",23,92,"MeanSlope_per","Site",371.340318543608,372.632270834229,-1.2919522906202,0.708047709379798,0.400092687885972
"June",23,92,"Hydrologic_Group","Site",375.133180690579,372.632270834229,2.50090985635075,6.50090985635075,0.0387565723638414
"June",23,92,"Tile","Site",371.651821091983,372.632270834229,-0.980449742245867,1.01955025775413,0.312625713022397
"June",24,92,"Tillage_Passes","Agricultural",411.078157263018,412.81717805126,-1.7390207882421,0.260979211757899,0.609448220025001
"June",24,92,"PerennialFrac","Agricultural",410.824936368697,412.81717805126,-1.99224168256279,0.00775831743720801,0.929812049895765
"June",24,92,"MeanSlope_per","Site",410.877394538989,412.81717805126,-1.93978351227162,0.0602164877283826,0.806154099489171
"June",24,92,"Hydrologic_Group","Site",413.817823222793,412.81717805126,1.00064517153299,5.00064517153299,0.0820585234421878
"June",24,92,"Tile","Site",412.185797445986,412.81717805126,-0.631380605273819,1.36861939472618,0.242049232462823
"June",25,92,"Tillage_Passes","Agricultural",380.778089426842,376.724857058788,4.05323236805361,6.05323236805361,0.013880863549731
"June",25,92,"PerennialFrac","Agricultural",374.764807891419,376.724857058788,-1.96004916736979,0.0399508326302112,0.841576744566997
"June",25,92,"MeanSlope_per","Site",379.027799682083,376.724857058788,2.3029426232946,4.3029426232946,0.0380464884843711
"June",25,92,"Hydrologic_Group","Site",381.030707581226,376.724857058788,4.3058505224372,8.3058505224372,0.0157183688322201
"June",25,92,"Tile","Site",375.679369413055,376.724857058788,-1.04548764573332,0.954512354266683,0.32857336980607
"June",26,92,"Tillage_Passes","Agricultural",371.526856911956,372.77508309063,-1.2482261786742,0.751773821325799,0.385915208918894
"June",26,92,"PerennialFrac","Agricultural",370.843135938244,372.77508309063,-1.9319471523865,0.0680528476135009,0.794193217674903
"June",26,92,"MeanSlope_per","Site",375.818406590751,372.77508309063,3.04332350012089,5.04332350012089,0.0247210181710878
"June",26,92,"Hydrologic_Group","Site",370.009794052304,372.77508309063,-2.7652890383261,1.2347109616739,0.539368924680071
"June",26,92,"Tile","Site",370.829230097144,372.77508309063,-1.94585299348614,0.0541470065138583,0.815998179508574
"June",27,92,"Tillage_Passes","Agricultural",400.037520455578,401.751930833586,-1.71441037800781,0.285589621992187,0.593060766339831
"June",27,92,"PerennialFrac","Agricultural",399.793374695144,401.751930833586,-1.95855613844191,0.0414438615580934,0.838683556299204
"June",27,92,"MeanSlope_per","Site",399.770625272771,401.751930833586,-1.98130556081469,0.0186944391853103,0.891246105291029
"June",27,92,"Hydrologic_Group","Site",404.811317013644,401.751930833586,3.05938618005837,7.05938618005837,0.0293139112182251
"June",27,92,"Tile","Site",402.765119746381,401.751930833586,1.01318891279521,3.01318891279521,0.0825896631442515
"June",28,92,"Tillage_Passes","Agricultural",396.14162268812,398.108129649971,-1.96650696185105,0.0334930381489471,0.854789361850226
"June",28,92,"PerennialFrac","Agricultural",396.130922931498,398.108129649971,-1.97720671847264,0.0227932815273562,0.879995878701264
"June",28,92,"MeanSlope_per","Site",396.261014959249,398.108129649971,-1.84711469072124,0.152885309278759,0.695793162649196
"June",28,92,"Hydrologic_Group","Site",396.524305087791,398.108129649971,-1.58382456217976,2.41617543782024,0.298768062022836
"June",28,92,"Tile","Site",396.112307863769,398.108129649971,-1.99582178620216,0.004178213797843,0.948461349110835
"June",29,92,"Tillage_Passes","Agricultural",394.594878390957,396.545400697267,-1.95052230630972,0.0494776936902781,0.823974630427475
"June",29,92,"PerennialFrac","Agricultural",394.582148598644,396.545400697267,-1.96325209862295,0.0367479013770549,0.847979225942623
"June",29,92,"MeanSlope_per","Site",395.047208609594,396.545400697267,-1.49819208767303,0.501807912326967,0.478706816551476
"June",29,92,"Hydrologic_Group","Site",399.549383216347,396.545400697267,3.00398251907995,7.00398251907995,0.0301373124228209
"June",29,92,"Tile","Site",394.601749485758,396.545400697267,-1.94365121150958,0.0563487884904248,0.812362781656261
"June",30,92,"Tillage_Passes","Agricultural",374.512714743496,376.505972611736,-1.99325786823988,0.00674213176012017,0.934558855392825
"June",30,92,"PerennialFrac","Agricultural",374.506352328402,376.505972611736,-1.9996202833338,0.000379716666202512,0.984453150050276
"June",30,92,"MeanSlope_per","Site",374.709112797107,376.505972611736,-1.7968598146287,0.203140185371296,0.652198029326941
"June",30,92,"Hydrologic_Group","Site",381.605757678811,376.505972611736,5.09978506707466,9.09978506707466,0.0105683400649508
"June",30,92,"Tile","Site",375.358760635008,376.505972611736,-1.14721197672833,0.852788023271671,0.355764814185166
"June",31,92,"Tillage_Passes","Agricultural",387.324335122393,388.726319051737,-1.40198392934445,0.598016070655547,0.439335987721036
"June",31,92,"PerennialFrac","Agricultural",387.06668080186,388.726319051737,-1.65963824987733,0.340361750122668,0.559620487296473
"June",31,92,"MeanSlope_per","Site",388.516462458359,388.726319051737,-0.209856593378618,1.79014340662138,0.18090869123945
"June",31,92,"Hydrologic_Group","Site",390.821130751093,388.726319051737,2.09481169935589,6.09481169935589,0.0474819400516728
"June",31,92,"Tile","Site",388.049783237512,388.726319051737,-0.676535814224962,1.32346418577504,0.24997128275243
"June",32,92,"Tillage_Passes","Agricultural",380.321209564303,380.409773930731,-0.0885643664281019,1.9114356335719,0.16680387333919
"June",32,92,"PerennialFrac","Agricultural",379.603157695854,380.409773930731,-0.806616234876685,1.19338376512331,0.274648071871369
"June",32,92,"MeanSlope_per","Site",378.672652202161,380.409773930731,-1.73712172856995,0.262878271430054,0.608149603725203
"June",32,92,"Hydrologic_Group","Site",382.340020477483,380.409773930731,1.93024654675219,5.93024654675219,0.0515541136037461
"June",32,92,"Tile","Site",378.758278192786,380.409773930731,-1.65149573794446,0.348504262055542,0.554961054649441
"June",33,92,"Tillage_Passes","Agricultural",376.372384759657,377.0999419835,-0.727557223843348,1.27244277615665,0.25930891652159
"June",33,92,"PerennialFrac","Agricultural",375.165697397466,377.0999419835,-1.93424458603397,0.0657554139660306,0.797620226890681
"June",33,92,"MeanSlope_per","Site",376.384361908278,377.0999419835,-0.715580075222363,1.28441992477764,0.257078839754191
"June",33,92,"Hydrologic_Group","Site",375.645422808969,377.0999419835,-1.45451917453153,2.54548082546847,0.280063080766639
"June",33,92,"Tile","Site",375.430397502513,377.0999419835,-1.66954448098727,0.33045551901273,0.565390985013974
"June",34,92,"Tillage_Passes","Agricultural",404.427873970617,406.281863647677,-1.85398967705981,0.146010322940185,0.702377570745356
"June",34,92,"PerennialFrac","Agricultural",404.285517824528,406.281863647677,-1.99634582314894,0.0036541768510574,0.951797406157658
"June",34,92,"MeanSlope_per","Site",404.285814784456,406.281863647677,-1.99604886322095,0.00395113677905101,0.94987952524618
"June",34,92,"Hydrologic_Group","Site",407.758515922768,406.281863647677,1.47665227509043,5.47665227509043,0.0646785192801174
"June",34,92,"Tile","Site",404.790249093812,406.281863647677,-1.49161455386502,0.50838544613498,0.475838620588784
"June",35,92,"Tillage_Passes","Agricultural",356.529075390953,358.52530527122,-1.99622988026636,0.00377011973364461,0.951039616468522
"June",35,92,"PerennialFrac","Agricultural",356.805686801914,358.52530527122,-1.71961846930503,0.280381530694967,0.596451257015072
"June",35,92,"MeanSlope_per","Site",357.111940371309,358.52530527122,-1.41336489991068,0.586635100089325,0.443723262427395
"June",35,92,"Hydrologic_Group","Site",361.285527898899,358.52530527122,2.76022262767981,6.76022262767981,0.0340436649926031
"June",35,92,"Tile","Site",356.73501367971,358.52530527122,-1.79029159150912,0.209708408490883,0.646996046458571
"June",36,92,"Tillage_Passes","Agricultural",377.140586821956,379.140447267762,-1.99986044580595,0.000139554194049651,0.990574564912914
"June",36,92,"PerennialFrac","Agricultural",377.211737308984,379.140447267762,-1.92870995877752,0.0712900412224826,0.789467659814722
"June",36,92,"MeanSlope_per","Site",377.858608236945,379.140447267762,-1.28183903081703,0.718160969182975,0.396747807893971
"June",36,92,"Hydrologic_Group","Site",386.198767450157,379.140447267762,7.0583201823946,11.0583201823946,0.00396932155752729
"June",36,92,"Tile","Site",377.582936869838,379.140447267762,-1.55751039792392,0.44248960207608,0.505923271709613
"June",37,92,"Tillage_Passes","Agricultural",375.594768587543,377.21713895825,-1.62237037070656,0.377629629293438,0.538874556582169
"June",37,92,"PerennialFrac","Agricultural",375.224972316969,377.21713895825,-1.99216664128062,0.00783335871938107,0.929474306141942
"June",37,92,"MeanSlope_per","Site",378.798179579999,377.21713895825,1.58104062174937,3.58104062174937,0.0584425303121884
"June",37,92,"Hydrologic_Group","Site",380.252299712894,377.21713895825,3.03516075464415,7.03516075464415,0.0296711413484442
"June",37,92,"Tile","Site",375.397858913894,377.21713895825,-1.81928004435588,0.180719955644122,0.670755250760921
"June",38,92,"Tillage_Passes","Agricultural",393.260702281268,392.862267036974,0.398435244294717,2.39843524429472,0.121456683806647
"June",38,92,"PerennialFrac","Agricultural",391.17137798992,392.862267036974,-1.69088904705353,0.309110952946469,0.57822625316563
"June",38,92,"MeanSlope_per","Site",391.410432104519,392.862267036974,-1.45183493245429,0.54816506754571,0.459068417265746
"June",38,92,"Hydrologic_Group","Site",396.292021723045,392.862267036974,3.42975468607113,7.42975468607113,0.0243584286627163
"June",38,92,"Tile","Site",392.764749061928,392.862267036974,-0.0975179750455482,1.90248202495445,0.167800764413854
"June",39,92,"Tillage_Passes","Agricultural",372.295134073573,369.645468653122,2.6496654204513,4.6496654204513,0.0310596007606593
"June",39,92,"PerennialFrac","Agricultural",369.47241378297,369.645468653122,-0.17305487015193,1.82694512984807,0.176488798058171
"June",39,92,"MeanSlope_per","Site",368.406651887058,369.645468653122,-1.23881676606328,0.76118323393672,0.382958486117405
"June",39,92,"Hydrologic_Group","Site",375.921000399426,369.645468653122,6.27553174630418,10.2755317463042,0.00587079116489378
"June",39,92,"Tile","Site",369.484947079178,369.645468653122,-0.160521573943925,1.83947842605608,0.175012091203557
"June",40,92,"Tillage_Passes","Agricultural",366.72059251152,368.720573196305,-1.99998068478527,1.93152147289766e-05,0.996493382194359
"June",40,92,"PerennialFrac","Agricultural",367.955143101551,368.720573196305,-0.765430094754777,1.23456990524522,0.266520137682177
"June",40,92,"MeanSlope_per","Site",366.866402973068,368.720573196305,-1.8541702232373,0.145829776762696,0.702552859786698
"June",40,92,"Hydrologic_Group","Site",374.293353037175,368.720573196305,5.57277984086932,9.57277984086932,0.00834252024647191
"June",40,92,"Tile","Site",366.972041793926,368.720573196305,-1.74853140237929,0.251468597620715,0.616042885889297
"June",41,92,"Tillage_Passes","Agricultural",352.417801513931,351.015749355136,1.40205215879547,3.40205215879547,0.0651153616810166
"June",41,92,"PerennialFrac","Agricultural",353.016728912906,351.015749355136,2.00097955776988,4.00097955776988,0.0454738283539079
"June",41,92,"MeanSlope_per","Site",350.36462511961,351.015749355136,-0.65112423552597,1.34887576447403,0.245474753350718
"June",41,92,"Hydrologic_Group","Site",367.089266496108,351.015749355136,16.0735171409722,20.0735171409722,4.37613928751547e-05
"June",41,92,"Tile","Site",349.153272306309,351.015749355136,-1.86247704882692,0.137522951173082,0.710756058203486
"June",42,92,"Tillage_Passes","Agricultural",373.924339494453,374.749071311371,-0.824731816917961,1.17526818308204,0.278321408932363
"June",42,92,"PerennialFrac","Agricultural",372.790189795913,374.749071311371,-1.95888151545807,0.0411184845419257,0.839309388200417
"June",42,92,"MeanSlope_per","Site",374.009314400438,374.749071311371,-0.739756910932385,1.26024308906761,0.261605082163933
"June",42,92,"Hydrologic_Group","Site",373.826296741311,374.749071311371,-0.922774570059971,3.07722542994003,0.214678715509749
"June",42,92,"Tile","Site",372.812446761901,374.749071311371,-1.93662454946985,0.0633754505301454,0.80123831697792
"June",43,92,"Tillage_Passes","Agricultural",408.220910494672,409.559976527613,-1.33906603294105,0.660933967058952,0.416230411326699
"June",43,92,"PerennialFrac","Agricultural",407.902863459139,409.559976527613,-1.65711306847334,0.342886931526664,0.558167551575853
"June",43,92,"MeanSlope_per","Site",407.797145128374,409.559976527613,-1.76283139923851,0.237168600761493,0.626258621425279
"June",43,92,"Hydrologic_Group","Site",406.956374191074,409.559976527613,-2.6036023365383,1.3963976634617,0.497480543480157
"June",43,92,"Tile","Site",408.065122272791,409.559976527613,-1.49485425482203,0.50514574517797,0.477247810311423
"June",44,92,"Tillage_Passes","Agricultural",405.527161544916,406.796712263812,-1.26955071889557,0.730449281104427,0.392737597762443
"June",44,92,"PerennialFrac","Agricultural",404.860392762018,406.796712263812,-1.93631950179423,0.0636804982057697,0.800770581099628
"June",44,92,"MeanSlope_per","Site",405.703359553582,406.796712263812,-1.09335271023031,0.906647289769694,0.341005559153037
"June",44,92,"Hydrologic_Group","Site",415.864357697301,406.796712263812,9.06764543348879,13.0676454334888,0.00145343913046923
"June",44,92,"Tile","Site",405.009880556888,406.796712263812,-1.78683170692437,0.213168293075626,0.64429538129554
"June",45,92,"Tillage_Passes","Agricultural",388.231018484169,389.807753882413,-1.5767353982443,0.423264601755704,0.515312550165139
"June",45,92,"PerennialFrac","Agricultural",387.957654024511,389.807753882413,-1.85009985790231,0.149900142097692,0.698630804346536
"June",45,92,"MeanSlope_per","Site",389.619710407662,389.807753882413,-0.188043474750827,1.81195652524917,0.1782737044087
"June",45,92,"Hydrologic_Group","Site",393.63582388021,389.807753882413,3.82806999779655,7.82806999779655,0.0199598005846391
"June",45,92,"Tile","Site",389.316491105301,389.807753882413,-0.49126277711207,1.50873722288793,0.219331876107853
"June",46,92,"Tillage_Passes","Agricultural",372.694539000845,372.9512627765,-0.256723775655246,1.74327622434475,0.186724242318251
"June",46,92,"PerennialFrac","Agricultural",371.114661180977,372.9512627765,-1.83660159552346,0.163398404476538,0.686046767669673
"June",46,92,"MeanSlope_per","Site",371.452236146474,372.9512627765,-1.49902663002575,0.500973369974247,0.479072743837811
"June",46,92,"Hydrologic_Group","Site",376.361022229923,372.9512627765,3.40975945342268,7.40975945342268,0.0246031762946192
"June",46,92,"Tile","Site",371.445180157797,372.9512627765,-1.50608261870258,0.493917381297422,0.482185034951007
"June",47,92,"Tillage_Passes","Agricultural",388.297163744928,390.152045776251,-1.85488203132297,0.145117968677027,0.703245155418274
"June",47,92,"PerennialFrac","Agricultural",389.696050903587,390.152045776251,-0.455994872663609,1.54400512733639,0.214022633145565
"June",47,92,"MeanSlope_per","Site",389.842214697486,390.152045776251,-0.309831078764432,1.69016892123557,0.193578703133847
"June",47,92,"Hydrologic_Group","Site",389.363685699804,390.152045776251,-0.788360076447134,3.21163992355287,0.200724900668239
"June",47,92,"Tile","Site",390.852184417705,390.152045776251,0.700138641454032,2.70013864145403,0.100339520705378
"June",48,92,"Tillage_Passes","Agricultural",367.544890964011,369.343535618671,-1.79864465465943,0.201355345340573,0.653629067330887
"June",48,92,"PerennialFrac","Agricultural",368.191490293607,369.343535618671,-1.15204532506374,0.847954674936261,0.357131594930712
"June",48,92,"MeanSlope_per","Site",367.373264003827,369.343535618671,-1.97027161484368,0.0297283851563179,0.86310796824696
"June",48,92,"Hydrologic_Group","Site",375.917156117491,369.343535618671,6.57362049882033,10.5736204988203,0.00505786789346302
"June",48,92,"Tile","Site",368.479792421141,369.343535618671,-0.863743197529004,1.136256802471,0.286444675689636
"June",49,92,"Tillage_Passes","Agricultural",398.303965009613,399.214816760017,-0.910851750403765,1.08914824959624,0.296660006275466
"June",49,92,"PerennialFrac","Agricultural",397.361534029509,399.214816760017,-1.85328273050806,0.146717269491944,0.701692401802818
"June",49,92,"MeanSlope_per","Site",397.269118559296,399.214816760017,-1.94569820072104,0.0543017992789601,0.815740079053622
"June",49,92,"Hydrologic_Group","Site",399.446728844776,399.214816760017,0.231912084759017,4.23191208475902,0.120518014128842
"June",49,92,"Tile","Site",398.658377156526,399.214816760017,-0.556439603490617,1.44356039650938,0.229564058779752
"June",50,92,"Tillage_Passes","Agricultural",390.660930989824,392.547245425053,-1.88631443522888,0.113685564771117,0.735986564749124
"June",50,92,"PerennialFrac","Agricultural",390.685899347057,392.547245425053,-1.86134607799522,0.138653922004778,0.709622879795105
"June",50,92,"MeanSlope_per","Site",390.55478190903,392.547245425053,-1.99246351602272,0.00753648397727602,0.930820213610655
"June",50,92,"Hydrologic_Group","Site",395.658677668222,392.547245425053,3.11143224316913,7.11143224316913,0.028560914503733
"June",50,92,"Tile","Site",390.564690124524,392.547245425053,-1.98255530052876,0.0174446994712412,0.894922293326346
"June",51,92,"Tillage_Passes","Agricultural",397.345658777222,399.196584331524,-1.85092555430145,0.149074445698545,0.699421424756273
"June",51,92,"PerennialFrac","Agricultural",397.201184848574,399.196584331524,-1.99539948294921,0.00460051705078968,0.94592326161995
"June",51,92,"MeanSlope_per","Site",397.905545349815,399.196584331524,-1.29103898170894,0.708961018291063,0.399788944545151
"June",51,92,"Hydrologic_Group","Site",404.415674213607,399.196584331524,5.21908988208372,9.21908988208372,0.00995634800248007
"June",51,92,"Tile","Site",397.227106120654,399.196584331524,-1.96947821087008,0.0305217891299208,0.861311546483272
"June",52,92,"Tillage_Passes","Agricultural",377.34121473078,379.335666986036,-1.99445225525631,0.00554774474369424,0.940625920980873
"June",52,92,"PerennialFrac","Agricultural",377.345479324717,379.335666986036,-1.99018766131974,0.00981233868026266,0.921092815034641
"June",52,92,"MeanSlope_per","Site",377.762532642408,379.335666986036,-1.57313434362874,0.426865656371263,0.513530944341777
"June",52,92,"Hydrologic_Group","Site",380.9227287307,379.335666986036,1.58706174466374,5.58706174466374,0.0612047258709343
"June",52,92,"Tile","Site",377.799501319333,379.335666986036,-1.53616566670308,0.463834333296916,0.495837423374883
"June",53,92,"Tillage_Passes","Agricultural",382.047317826772,383.60877218751,-1.56145436073831,0.43854563926169,0.507825249874121
"June",53,92,"PerennialFrac","Agricultural",381.923054853702,383.60877218751,-1.68571733380816,0.314282666191843,0.5750639838387
"June",53,92,"MeanSlope_per","Site",382.54428263658,383.60877218751,-1.06448955092975,0.93551044907025,0.333435120088518
"June",53,92,"Hydrologic_Group","Site",382.395169491588,383.60877218751,-1.21360269592202,2.78639730407798,0.248279872234573
"June",53,92,"Tile","Site",382.033304705844,383.60877218751,-1.57546748166618,0.42453251833382,0.514684026642736
"June",54,92,"Tillage_Passes","Agricultural",384.733241864795,385.955319573632,-1.22207770883682,0.777922291163179,0.377777331133527
"June",54,92,"PerennialFrac","Agricultural",385.999744985065,385.955319573632,0.0444254114327691,2.04442541143277,0.152764653795749
"June",54,92,"MeanSlope_per","Site",386.298042697325,385.955319573632,0.342723123692849,2.34272312369285,0.125869351034515
"June",54,92,"Hydrologic_Group","Site",387.705912385159,385.955319573632,1.75059281152733,5.75059281152733,0.0563994199128788
"June",54,92,"Tile","Site",383.959025670235,385.955319573632,-1.99629390339629,0.00370609660370746,0.951456594626898
"June",55,92,"Tillage_Passes","Agricultural",389.975905245139,391.971004333594,-1.99509908845459,0.00490091154540551,0.944188477536263
"June",55,92,"PerennialFrac","Agricultural",390.734279176112,391.971004333594,-1.23672515748183,0.763274842518172,0.3823056082035
"June",55,92,"MeanSlope_per","Site",391.330210424701,391.971004333594,-0.640793908892306,1.35920609110769,0.243675120311069
"June",55,92,"Hydrologic_Group","Site",392.792816524686,391.971004333594,0.821812191092818,4.82181219109282,0.0897339501922919
"June",55,92,"Tile","Site",390.95865589886,391.971004333594,-1.01234843473395,0.987651565266049,0.320317030606069
"June",56,92,"Tillage_Passes","Agricultural",369.060822927881,370.996200836699,-1.93537790881771,0.0646220911822866,0.799334287121469
"June",56,92,"PerennialFrac","Agricultural",378.570326522624,370.996200836699,7.57412568592582,9.57412568592582,0.00197338809545582
"June",56,92,"MeanSlope_per","Site",369.099882199196,370.996200836699,-1.8963186375023,0.103681362497696,0.747455797183237
"June",56,92,"Hydrologic_Group","Site",382.427881210101,370.996200836699,11.4316803734027,15.4316803734027,0.00044571082676854
"June",56,92,"Tile","Site",370.015517009472,370.996200836699,-0.980683827226073,1.01931617277393,0.312681269808708
"June",57,92,"Tillage_Passes","Agricultural",378.301740531134,379.8232606074,-1.52152007626626,0.478479923733744,0.489111656633499
"June",57,92,"PerennialFrac","Agricultural",378.322276163542,379.8232606074,-1.50098444385861,0.499015556141387,0.479932997911049
"June",57,92,"MeanSlope_per","Site",377.921458009477,379.8232606074,-1.90180259792339,0.0981974020766074,0.754003640073165
"June",57,92,"Hydrologic_Group","Site",382.683693173103,379.8232606074,2.86043256570258,6.86043256570258,0.03237993679046
"June",57,92,"Tile","Site",380.859042478289,379.8232606074,1.03578187088914,3.03578187088914,0.0814473021852636
"June",58,92,"Tillage_Passes","Agricultural",385.190912229645,387.135948318419,-1.94503608877409,0.0549639112259115,0.814640432202267
"June",58,92,"PerennialFrac","Agricultural",385.710286692317,387.135948318419,-1.42566162610188,0.574338373898115,0.448540093945596
"June",58,92,"MeanSlope_per","Site",388.520776390399,387.135948318419,1.38482807197937,3.38482807197937,0.0657990410918956
"June",58,92,"Hydrologic_Group","Site",390.280448488217,387.135948318419,3.14450016979771,7.14450016979771,0.0280925718405747
"June",58,92,"Tile","Site",386.076839863808,387.135948318419,-1.05910845461176,0.94089154538824,0.332048664428326
"June",59,92,"Tillage_Passes","Agricultural",391.040944857148,392.429326567832,-1.38838171068397,0.611618289316027,0.434179145473473
"June",59,92,"PerennialFrac","Agricultural",390.705769624891,392.429326567832,-1.7235569429406,0.276443057059396,0.599042097250202
"June",59,92,"MeanSlope_per","Site",390.429471951331,392.429326567832,-1.99985461650141,0.000145383498590945,0.990379733649432
"June",59,92,"Hydrologic_Group","Site",391.835271305938,392.429326567832,-0.594055261894425,3.40594473810557,0.182141327402849
"June",59,92,"Tile","Site",391.090336098071,392.429326567832,-1.33899046976086,0.661009530239141,0.41620376725133
"June",60,92,"Tillage_Passes","Agricultural",381.728853596157,383.569158068634,-1.84030447247699,0.159695527523013,0.689436991922114
"June",60,92,"PerennialFrac","Agricultural",382.897098200087,383.569158068634,-0.672059868547763,1.32794013145224,0.249172001351563
"June",60,92,"MeanSlope_per","Site",381.85097779875,383.569158068634,-1.71818026988416,0.281819730115842,0.595510974261531
"June",60,92,"Hydrologic_Group","Site",399.45019986636,383.569158068634,15.8810417977259,19.8810417977259,4.81822000412751e-05
"June",60,92,"Tile","Site",381.806338873158,383.569158068634,-1.76281919547608,0.237180804523916,0.626249742348823
"June",61,92,"Tillage_Passes","Agricultural",385.822576615043,387.77553895429,-1.95296233924756,0.0470376607524372,0.828300559304586
"June",61,92,"PerennialFrac","Agricultural",386.520801159974,387.77553895429,-1.25473779431621,0.745262205683787,0.387980402684849
"June",61,92,"MeanSlope_per","Site",385.807667530717,387.77553895429,-1.9678714235738,0.0321285764262029,0.857745754981966
"June",61,92,"Hydrologic_Group","Site",391.428588205156,387.77553895429,3.65304925086542,7.65304925086542,0.0217851959347359
"June",61,92,"Tile","Site",385.787315607479,387.77553895429,-1.98822334681159,0.0117766531884058,0.913582987026584
"June",62,92,"Tillage_Passes","Agricultural",359.231440836509,359.893840187181,-0.66239935067216,1.33760064932784,0.247457542120875
"June",62,92,"PerennialFrac","Agricultural",359.348853765882,359.893840187181,-0.544986421299143,1.45501357870086,0.227725182003925
"June",62,92,"MeanSlope_per","Site",360.10491851817,359.893840187181,0.211078330989039,2.21107833098904,0.137022863304
"June",62,92,"Hydrologic_Group","Site",360.055583621742,359.893840187181,0.161743434561117,4.16174343456112,0.124821355826629
"June",62,92,"Tile","Site",357.897117683299,359.893840187181,-1.99672250388221,0.00327749611778927,0.954346511025666
"June",63,92,"Tillage_Passes","Agricultural",366.995280478283,368.548854260449,-1.55357378216627,0.446426217833732,0.504036990606669
"June",63,92,"PerennialFrac","Agricultural",366.724647294078,368.548854260449,-1.82420696637126,0.175793033628736,0.675013851035503
"June",63,92,"MeanSlope_per","Site",366.620845584234,368.548854260449,-1.92800867621543,0.0719913237845731,0.788459178080137
"June",63,92,"Hydrologic_Group","Site",372.32564078679,368.548854260449,3.77678652634103,7.77678652634103,0.0204782227334343
"June",63,92,"Tile","Site",367.346740547418,368.548854260449,-1.20211371303139,0.797886286968605,0.371726087275763
"June",64,92,"Tillage_Passes","Agricultural",381.651474068047,383.002963232303,-1.35148916425578,0.648510835744219,0.420645598260267
"June",64,92,"PerennialFrac","Agricultural",381.565154621609,383.002963232303,-1.43780861069405,0.562191389305951,0.453378643625913
"June",64,92,"MeanSlope_per","Site",381.111557155527,383.002963232303,-1.89140607677638,0.108593923223623,0.741750647685336
"June",64,92,"Hydrologic_Group","Site",386.285935002557,383.002963232303,3.28297177025399,7.28297177025399,0.0262133649645712
"June",64,92,"Tile","Site",381.012575054879,383.002963232303,-1.99038817742382,0.00961182257617565,0.92190060797911
"June",65,92,"Tillage_Passes","Agricultural",397.196161979409,399.156807740464,-1.96064576105522,0.0393542389447816,0.842748524217403
"June",65,92,"PerennialFrac","Agricultural",397.400774880816,399.156807740464,-1.75603285964786,0.24396714035214,0.621355405455693
"June",65,92,"MeanSlope_per","Site",397.728529763633,399.156807740464,-1.42827797683168,0.57172202316832,0.449575440561631
"June",65,92,"Hydrologic_Group","Site",400.071149112078,399.156807740464,0.914341371613375,4.91434137161338,0.0856770155636194
"June",65,92,"Tile","Site",397.492778208027,399.156807740464,-1.66402953243681,0.335970467563186,0.562164430803898
"June",66,92,"Tillage_Passes","Agricultural",395.671063014814,397.525204194451,-1.85414117963739,0.145858820362605,0.702524653488249
"June",66,92,"PerennialFrac","Agricultural",396.648090159435,397.525204194451,-0.877114035015779,1.12288596498422,0.28929787866578
"June",66,92,"MeanSlope_per","Site",396.027557695725,397.525204194451,-1.49764649872657,0.502353501273433,0.478467835512607
"June",66,92,"Hydrologic_Group","Site",403.117137504685,397.525204194451,5.59193331023414,9.59193331023414,0.00826300748748795
"June",66,92,"Tile","Site",397.113020585493,397.525204194451,-0.412183608958173,1.58781639104183,0.207638388224556
"June",67,92,"Tillage_Passes","Agricultural",406.705640584011,407.278030411088,-0.57238982707662,1.42761017292338,0.232154855795272
"June",67,92,"PerennialFrac","Agricultural",405.584747419335,407.278030411088,-1.69328299175277,0.306717008247233,0.579701782401531
"June",67,92,"MeanSlope_per","Site",405.338817424496,407.278030411088,-1.93921298659211,0.0607870134078894,0.805256330166693
"June",67,92,"Hydrologic_Group","Site",405.172115037675,407.278030411088,-2.10591537341281,1.89408462658719,0.387886575495317
"June",67,92,"Tile","Site",405.708967671574,407.278030411088,-1.56906273951353,0.430937260486473,0.511529406855016
"June",68,92,"Tillage_Passes","Agricultural",361.447613742393,362.155941309954,-0.708327567560502,1.2916724324395,0.255739971299589
"June",68,92,"PerennialFrac","Agricultural",360.645616506719,362.155941309954,-1.51032480323425,0.489675196765745,0.484072227500246
"June",68,92,"MeanSlope_per","Site",360.172659347083,362.155941309954,-1.98328196287031,0.0167180371296922,0.897121657098599
"June",68,92,"Hydrologic_Group","Site",364.775598421112,362.155941309954,2.61965711115863,6.61965711115863,0.0365224347846893
"June",68,92,"Tile","Site",360.296345072883,362.155941309954,-1.85959623707038,0.140403762929623,0.70787994683243
"June",69,92,"Tillage_Passes","Agricultural",394.664956313682,396.657811831034,-1.99285551735147,0.00714448264852763,0.932638993804831
"June",69,92,"PerennialFrac","Agricultural",394.708481543422,396.657811831034,-1.94933028761193,0.0506697123880713,0.821901995240213
"June",69,92,"MeanSlope_per","Site",395.297945647231,396.657811831034,-1.35986618380343,0.640133816196567,0.423662344543175
"June",69,92,"Hydrologic_Group","Site",394.448283766504,396.657811831034,-2.20952806453028,1.79047193546972,0.408511191806248
"June",69,92,"Tile","Site",394.783459014506,396.657811831034,-1.87435281652762,0.125647183472381,0.722988582674584
"June",70,92,"Tillage_Passes","Agricultural",397.080701228011,398.884383940098,-1.8036827120871,0.196317287912905,0.657709991741584
"June",70,92,"PerennialFrac","Agricultural",397.071239852162,398.884383940098,-1.81314408793628,0.18685591206372,0.665546399639411
"June",70,92,"MeanSlope_per","Site",396.968111274554,398.884383940098,-1.91627266554383,0.0837273344561709,0.772308380948085
"June",70,92,"Hydrologic_Group","Site",398.800205074831,398.884383940098,-0.0841788652664377,3.91582113473356,0.14115304279147
"June",70,92,"Tile","Site",397.153668358741,398.884383940098,-1.73071558135712,0.269284418642883,0.603812194636186
"June",71,92,"Tillage_Passes","Agricultural",403.731967739872,402.575149366238,1.1568183736336,3.1568183736336,0.0756104095696227
"June",71,92,"PerennialFrac","Agricultural",401.916401553624,402.575149366238,-0.658747812614365,1.34125218738563,0.246813263134141
"June",71,92,"MeanSlope_per","Site",401.646656411823,402.575149366238,-0.928492954415219,1.07150704558478,0.300605287886666
"June",71,92,"Hydrologic_Group","Site",402.719509372346,402.575149366238,0.144360006107718,4.14436000610772,0.125910995941295
"June",71,92,"Tile","Site",400.702662454308,402.575149366238,-1.8724869119302,0.127513088069804,0.721024619191488
"June",72,92,"Tillage_Passes","Agricultural",385.472279962705,386.749133358732,-1.27685339602681,0.723146603973191,0.395113701669636
"June",72,92,"PerennialFrac","Agricultural",384.886434933191,386.749133358732,-1.8626984255406,0.1373015744594,0.71097848678957
"June",72,92,"MeanSlope_per","Site",384.750720457178,386.749133358732,-1.99841290155416,0.00158709844583882,0.968221958431133
"June",72,92,"Hydrologic_Group","Site",387.57245603094,386.749133358732,0.823322672208064,4.82332267220806,0.0896662050588672
"June",72,92,"Tile","Site",386.038482229201,386.749133358732,-0.710651129531186,1.28934887046881,0.256167980207509
"June",73,92,"Tillage_Passes","Agricultural",393.133011164897,393.980521675418,-0.847510510520351,1.15248948947965,0.28302861807684
"June",73,92,"PerennialFrac","Agricultural",391.981519906853,393.980521675418,-1.99900176856494,0.00099823143506228,0.974795189714048
"June",73,92,"MeanSlope_per","Site",392.005794063292,393.980521675418,-1.9747276121256,0.025272387874395,0.873690212706462
"June",73,92,"Hydrologic_Group","Site",394.93097237659,393.980521675418,0.950450701172031,4.95045070117203,0.0841440262149944
"June",73,92,"Tile","Site",392.28361136445,393.980521675418,-1.69691031096738,0.303089689032618,0.581951915433167
"June",74,92,"Tillage_Passes","Agricultural",390.519683126733,392.220241642534,-1.70055851580111,0.299441484198894,0.584232772008253
"June",74,92,"PerennialFrac","Agricultural",390.672263595763,392.220241642534,-1.54797804677099,0.452021953229007,0.501376321748151
"June",74,92,"MeanSlope_per","Site",390.780348569188,392.220241642534,-1.43989307334562,0.560106926654385,0.454217163405764
"June",74,92,"Hydrologic_Group","Site",396.451514691699,392.220241642534,4.23127304916505,8.23127304916505,0.0163155518536738
"June",74,92,"Tile","Site",390.25674246622,392.220241642534,-1.96349917631409,0.0365008236859126,0.848484941503157
"June",75,92,"Tillage_Passes","Agricultural",382.458674933872,383.903585985299,-1.44491105142743,0.555088948572575,0.456245775518811
"June",75,92,"PerennialFrac","Agricultural",382.699191133333,383.903585985299,-1.20439485196624,0.795605148033758,0.372410614923363
"June",75,92,"MeanSlope_per","Site",383.024057948126,383.903585985299,-0.879528037172918,1.12047196282708,0.289816850843839
"June",75,92,"Hydrologic_Group","Site",385.828291942263,383.903585985299,1.92470595696346,5.92470595696346,0.0516971317111458
"June",75,92,"Tile","Site",381.953830995445,383.903585985299,-1.94975498985445,0.0502450101455452,0.822637485067851
"June",76,92,"Tillage_Passes","Agricultural",391.161775154229,392.996039528179,-1.8342643739507,0.165735626049297,0.68392983841289
"June",76,92,"PerennialFrac","Agricultural",391.021109868349,392.996039528179,-1.97492965983093,0.0250703401690657,0.874191914449859
"June",76,92,"MeanSlope_per","Site",391.114293371114,392.996039528179,-1.88174615706504,0.118253842934962,0.73093610846449
"June",76,92,"Hydrologic_Group","Site",397.447568940034,392.996039528179,4.45152941185495,8.45152941185495,0.0146141549046269
"June",76,92,"Tile","Site",391.52333256791,392.996039528179,-1.4727069602697,0.527293039730296,0.46774715033475
"June",77,92,"Tillage_Passes","Agricultural",410.449840759545,412.265970662942,-1.81612990339619,0.183870096603812,0.668068221646286
"June",77,92,"PerennialFrac","Agricultural",410.630909242587,412.265970662942,-1.63506142035425,0.364938579645752,0.545776185809445
"June",77,92,"MeanSlope_per","Site",410.389825560839,412.265970662942,-1.87614510210267,0.123854897897331,0.724890575573784
"June",77,92,"Hydrologic_Group","Site",410.493865789585,412.265970662942,-1.77210487335702,2.22789512664298,0.328260570633518
"June",77,92,"Tile","Site",410.395644781783,412.265970662942,-1.87032588115812,0.129674118841876,0.718770163157552
"June",78,92,"Tillage_Passes","Agricultural",395.635377708764,397.031506047234,-1.39612833846945,0.603871661530547,0.437104613068927
"June",78,92,"PerennialFrac","Agricultural",395.347989638716,397.031506047234,-1.68351640851796,0.31648359148204,0.573728580728178
"June",78,92,"MeanSlope_per","Site",395.188111219522,397.031506047234,-1.84339482771202,0.156605172287982,0.69230148153207
"June",78,92,"Hydrologic_Group","Site",405.955864896185,397.031506047234,8.92435884895161,12.9243588489516,0.00156138906992953
"June",78,92,"Tile","Site",395.532457271636,397.031506047234,-1.49904877559749,0.500951224402513,0.479082460382698
"June",79,92,"Tillage_Passes","Agricultural",375.096011698518,376.843603246389,-1.74759154787108,0.252408452128918,0.615384294766242
"June",79,92,"PerennialFrac","Agricultural",374.855834894932,376.843603246389,-1.98776835145719,0.0122316485428087,0.911936098154833
"June",79,92,"MeanSlope_per","Site",375.401986375444,376.843603246389,-1.44161687094532,0.558383129054675,0.454912438939827
"June",79,92,"Hydrologic_Group","Site",376.660396817124,376.843603246389,-0.183206429265283,3.81679357073472,0.148317981645099
"June",79,92,"Tile","Site",374.984211903337,376.843603246389,-1.85939134305193,0.140608656948075,0.707676673183938
"June",80,92,"Tillage_Passes","Agricultural",365.603588450634,365.589184679161,0.01440377147361,2.01440377147361,0.155812467204034
"June",80,92,"PerennialFrac","Agricultural",367.539462350415,365.589184679161,1.95027767125396,3.95027767125396,0.0468636343573694
"June",80,92,"MeanSlope_per","Site",363.628906554518,365.589184679161,-1.96027812464212,0.0397218753578841,0.842025360633317
"June",80,92,"Hydrologic_Group","Site",369.696894662418,365.589184679161,4.10770998325768,8.10770998325768,0.0173553408215229
"June",80,92,"Tile","Site",364.070223681486,365.589184679161,-1.51896099767504,0.481039002324962,0.487952067838612
"June",81,92,"Tillage_Passes","Agricultural",372.528491764112,373.936128397873,-1.40763663376106,0.592363366238942,0.441506672102345
"June",81,92,"PerennialFrac","Agricultural",373.179312181154,373.936128397873,-0.756816216718789,1.24318378328121,0.264858342248225
"June",81,92,"MeanSlope_per","Site",373.219060025209,373.936128397873,-0.717068372663562,1.28293162733644,0.257354659604747
"June",81,92,"Hydrologic_Group","Site",374.155408112578,373.936128397873,0.219279714704612,4.21927971470461,0.121281637259005
"June",81,92,"Tile","Site",373.349394662718,373.936128397873,-0.586733735154894,1.41326626484511,0.234514930607067
"June",82,92,"Tillage_Passes","Agricultural",385.402396241386,387.073913089311,-1.67151684792441,0.328483152075592,0.566553631098205
"June",82,92,"PerennialFrac","Agricultural",385.090199821278,387.073913089311,-1.98371326803226,0.0162867319677389,0.898450113472827
"June",82,92,"MeanSlope_per","Site",385.197163383372,387.073913089311,-1.87674970593838,0.12325029406162,0.725535674434005
"June",82,92,"Hydrologic_Group","Site",388.429374114112,387.073913089311,1.3554610248018,5.3554610248018,0.0687189340858347
"June",82,92,"Tile","Site",386.667431779112,387.073913089311,-0.406481310198558,1.59351868980144,0.206824130733537
"June",83,92,"Tillage_Passes","Agricultural",383.320835423892,383.83806142328,-0.517225999388415,1.48277400061158,0.22334100804687
"June",83,92,"PerennialFrac","Agricultural",381.975511015899,383.83806142328,-1.86255040738143,0.137449592618566,0.710829742747933
"June",83,92,"MeanSlope_per","Site",381.864445917082,383.83806142328,-1.97361550619871,0.026384493801288,0.870964850960649
"June",83,92,"Hydrologic_Group","Site",387.65218799969,383.83806142328,3.81412657640971,7.81412657640971,0.0200994407395969
"June",83,92,"Tile","Site",381.907330929155,383.83806142328,-1.93073049412482,0.0692695058751838,0.792403362332417
"June",84,92,"Tillage_Passes","Agricultural",382.476940502174,383.29691394117,-0.819973438995817,1.18002656100418,0.277350588329711
"June",84,92,"PerennialFrac","Agricultural",382.149147060953,383.29691394117,-1.14776688021732,0.852233119782682,0.35592136571886
"June",84,92,"MeanSlope_per","Site",382.821080368082,383.29691394117,-0.475833573088494,1.52416642691151,0.216990075841113
"June",84,92,"Hydrologic_Group","Site",391.781938232696,383.29691394117,8.48502429152552,12.4850242915255,0.00194496334905507
"June",84,92,"Tile","Site",382.954851302544,383.29691394117,-0.342062638625691,1.65793736137431,0.197882047437918
"June",85,92,"Tillage_Passes","Agricultural",384.717387480687,386.216213766256,-1.49882628556833,0.501173714431673,0.478984855767734
"June",85,92,"PerennialFrac","Agricultural",384.557222854164,386.216213766256,-1.65899091209184,0.341009087908162,0.559247335605889
"June",85,92,"MeanSlope_per","Site",384.226536487987,386.216213766256,-1.98967727826846,0.0103227217315407,0.919073547667484
"June",85,92,"Hydrologic_Group","Site",387.095907132604,386.216213766256,0.87969336634842,4.87969336634842,0.0871742157115166
"June",85,92,"Tile","Site",384.640159222317,386.216213766256,-1.57605454393843,0.423945456061574,0.514974875028446
"June",86,92,"Tillage_Passes","Agricultural",389.54507186617,388.756475940381,0.788595925788741,2.78859592578874,0.0949373778522101
"June",86,92,"PerennialFrac","Agricultural",387.347927457922,388.756475940381,-1.40854848245863,0.591451517541373,0.441858374175701
"June",86,92,"MeanSlope_per","Site",387.441165409254,388.756475940381,-1.3153105311265,0.684689468873501,0.407976584426025
"June",86,92,"Hydrologic_Group","Site",390.97052745126,388.756475940381,2.21405151087885,6.21405151087885,0.044733806957757
"June",86,92,"Tile","Site",388.933246376376,388.756475940381,0.176770435995195,2.17677043599519,0.140108197279096
"June",87,92,"Tillage_Passes","Agricultural",398.257462785923,398.885111527932,-0.627648742009455,1.37235125799054,0.241408315535641
"June",87,92,"PerennialFrac","Agricultural",397.513136305017,398.885111527932,-1.37197522291524,0.628024777084761,0.428080765567394
"June",87,92,"MeanSlope_per","Site",396.926055860588,398.885111527932,-1.95905566734376,0.0409443326562382,0.839645412301549
"June",87,92,"Hydrologic_Group","Site",402.762359689999,398.885111527932,3.87724816206645,7.87724816206645,0.0194749923305927
"June",87,92,"Tile","Site",396.940179704396,398.885111527932,-1.94493182353591,0.0550681764640899,0.814467904676065
"June",88,92,"Tillage_Passes","Agricultural",370.203757169476,372.03702792926,-1.83327075978372,0.166729240216284,0.683035146341062
"June",88,92,"PerennialFrac","Agricultural",370.320583104632,372.03702792926,-1.7164448246279,0.283555175372101,0.594380440492348
"June",88,92,"MeanSlope_per","Site",370.090598858434,372.03702792926,-1.9464290708259,0.0535709291741,0.816962159742071
"June",88,92,"Hydrologic_Group","Site",368.825161891879,372.03702792926,-3.21186603738147,0.788133962618531,0.674308888635558
"June",88,92,"Tile","Site",372.392831994411,372.03702792926,0.355804065151403,2.3558040651514,0.124817512833483
"June",89,92,"Tillage_Passes","Agricultural",374.652020573416,376.323444981665,-1.67142440824921,0.328575591750791,0.566499037448396
"June",89,92,"PerennialFrac","Agricultural",381.463658514599,376.323444981665,5.14021353293367,7.14021353293367,0.00753741833652748
"June",89,92,"MeanSlope_per","Site",376.694638939132,376.323444981665,0.37119395746663,2.37119395746663,0.12359249277843
"June",89,92,"Hydrologic_Group","Site",374.373288762295,376.323444981665,-1.95015621936977,2.04984378063023,0.358824491979362
"June",89,92,"Tile","Site",380.703718230042,376.323444981665,4.3802732483768,6.3802732483768,0.0115395664195644
"June",90,92,"Tillage_Passes","Agricultural",392.895669223433,392.051752555852,0.843916667580856,2.84391666758086,0.0917203960645081
"June",90,92,"PerennialFrac","Agricultural",390.525914460178,392.051752555852,-1.52583809567415,0.474161904325854,0.491078703067822
"June",90,92,"MeanSlope_per","Site",390.128283913063,392.051752555852,-1.92346864278949,0.0765313572105129,0.782054232748687
"June",90,92,"Hydrologic_Group","Site",394.638322367405,392.051752555852,2.58656981155264,6.58656981155264,0.0371316747870453
"June",90,92,"Tile","Site",393.481466019391,392.051752555852,1.4297134635388,3.4297134635388,0.0640332101059346
"June",91,92,"Tillage_Passes","Agricultural",368.123181411253,369.705061438635,-1.58188002738251,0.41811997261749,0.517876635136494
"June",91,92,"PerennialFrac","Agricultural",367.817077324937,369.705061438635,-1.88798411369851,0.112015886301492,0.737860647305998
"June",91,92,"MeanSlope_per","Site",370.038746690042,369.705061438635,0.333685251406109,2.33368525140611,0.126601840442714
"June",91,92,"Hydrologic_Group","Site",370.991846141876,369.705061438635,1.28678470324058,5.28678470324058,0.0711195971885694
"June",91,92,"Tile","Site",368.565214955829,369.705061438635,-1.13984648280632,0.86015351719368,0.353695734456176
"June",92,92,"Tillage_Passes","Agricultural",363.184901445018,362.432848229461,0.752053215556657,2.75205321555666,0.0971296270498842
"June",92,92,"PerennialFrac","Agricultural",360.433693260586,362.432848229461,-1.99915496887456,0.000845031125436435,0.976809225527838
"June",92,92,"MeanSlope_per","Site",360.54017146158,362.432848229461,-1.89267676788057,0.107323232119427,0.743212422899833
"June",92,92,"Hydrologic_Group","Site",362.874936256909,362.432848229461,0.442088027447653,4.44208802744765,0.108495778594264
"June",92,92,"Tile","Site",360.49333815459,362.432848229461,-1.93951007487084,0.0604899251291613,0.805723262912192
"June",93,92,"Tillage_Passes","Agricultural",398.664122103103,400.590683591703,-1.9265614886005,0.0734385113995017,0.786394563703689
"June",93,92,"PerennialFrac","Agricultural",398.726097786613,400.590683591703,-1.86458580509014,0.135414194909856,0.712883167999064
"June",93,92,"MeanSlope_per","Site",399.616395974657,400.590683591703,-0.974287617045718,1.02571238295428,0.311167837414785
"June",93,92,"Hydrologic_Group","Site",401.529439166958,400.590683591703,0.938755575254561,4.93875557525456,0.0846375051242162
"June",93,92,"Tile","Site",399.097933680193,400.590683591703,-1.49274991150986,0.507250088490139,0.476331700918951
"June",94,92,"Tillage_Passes","Agricultural",390.889535613129,391.854218849415,-0.96468323628585,1.03531676371415,0.308913175776309
"June",94,92,"PerennialFrac","Agricultural",389.916207934138,391.854218849415,-1.93801091527695,0.0619890847230522,0.803379290018396
"June",94,92,"MeanSlope_per","Site",389.868381268713,391.854218849415,-1.98583758070129,0.0141624192987138,0.905270631336272
"June",94,92,"Hydrologic_Group","Site",396.728945259523,391.854218849415,4.874726410108,8.874726410108,0.0118270830336273
"June",94,92,"Tile","Site",389.856773389175,391.854218849415,-1.99744546023987,0.00255453976012632,0.959690118398536
"June",95,92,"Tillage_Passes","Agricultural",361.281678585262,363.251958233039,-1.97027964777698,0.0297203522230234,0.863126281830886
"June",95,92,"PerennialFrac","Agricultural",361.552152434823,363.251958233039,-1.69980579821561,0.300194201784393,0.583760699316388
"June",95,92,"MeanSlope_per","Site",361.693844036703,363.251958233039,-1.5581141963354,0.441885803664604,0.506213659863858
"June",95,92,"Hydrologic_Group","Site",375.62337125073,363.251958233039,12.3714130176913,16.3714130176913,0.000278607518894996
"June",95,92,"Tile","Site",362.648441368609,363.251958233039,-0.603516864429821,1.39648313557018,0.237313296958678
"June",96,92,"Tillage_Passes","Agricultural",388.642033738112,390.609589661802,-1.96755592368947,0.0324440763105258,0.857056483371064
"June",96,92,"PerennialFrac","Agricultural",388.750458005476,390.609589661802,-1.8591316563261,0.140868343673901,0.707419282732902
"June",96,92,"MeanSlope_per","Site",390.398445169692,390.609589661802,-0.211144492109838,1.78885550789016,0.181065670091463
"June",96,92,"Hydrologic_Group","Site",392.431836584993,390.609589661802,1.82224692319159,5.82224692319159,0.0544145628446142
"June",96,92,"Tile","Site",388.640242547615,390.609589661802,-1.96934711418692,0.0306528858130832,0.861017043817095
"June",97,92,"Tillage_Passes","Agricultural",387.780897472943,389.612575718017,-1.83167824507461,0.168321754925387,0.68160764430882
"June",97,92,"PerennialFrac","Agricultural",388.045297834215,389.612575718017,-1.56727788380226,0.432722116197738,0.510656261358615
"June",97,92,"MeanSlope_per","Site",387.613936758783,389.612575718017,-1.99863895923392,0.0013610407660849,0.970570890444612
"June",97,92,"Hydrologic_Group","Site",389.928370953764,389.612575718017,0.315795235747146,4.31579523574715,0.115567833559095
"June",97,92,"Tile","Site",387.627188340959,389.612575718017,-1.98538737705769,0.0146126229423089,0.903783958891321
"June",98,92,"Tillage_Passes","Agricultural",360.802669092097,362.279180037891,-1.47651094579379,0.523489054206209,0.469357133731558
"June",98,92,"PerennialFrac","Agricultural",364.22502076999,362.279180037891,1.94584073209893,3.94584073209893,0.046987369111407
"June",98,92,"MeanSlope_per","Site",360.998896215685,362.279180037891,-1.28028382220634,0.719716177793657,0.396237023755655
"June",98,92,"Hydrologic_Group","Site",364.654938639063,362.279180037891,2.37575860117198,6.37575860117198,0.0412592767496095
"June",98,92,"Tile","Site",361.307045148557,362.279180037891,-0.972134889334257,1.02786511066574,0.310660619720959
"June",99,92,"Tillage_Passes","Agricultural",397.176218969836,398.375393755747,-1.1991747859106,0.8008252140894,0.370846758561507
"June",99,92,"PerennialFrac","Agricultural",396.411153071401,398.375393755747,-1.96424068434578,0.035759315654218,0.850013393619921
"June",99,92,"MeanSlope_per","Site",396.543165607241,398.375393755747,-1.83222814850564,0.167771851494365,0.682099673229792
"June",99,92,"Hydrologic_Group","Site",401.26565468469,398.375393755747,2.89026092894306,6.89026092894306,0.031900599876202
"June",99,92,"Tile","Site",396.408256457712,398.375393755747,-1.96713729803514,0.0328627019648593,0.856147233056675
"June",100,92,"Tillage_Passes","Agricultural",409.851491782894,410.44288191602,-0.591390133125685,1.40860986687431,0.2352873003614
"June",100,92,"PerennialFrac","Agricultural",408.526966762279,410.44288191602,-1.91591515374085,0.0840848462591453,0.771836226601475
"June",100,92,"MeanSlope_per","Site",408.559453529766,410.44288191602,-1.88342838625351,0.116571613746487,0.732783014527084
"June",100,92,"Hydrologic_Group","Site",415.653894795637,410.44288191602,5.21101287961721,9.21101287961721,0.00999663802706464
"June",100,92,"Tile","Site",408.466390174539,410.44288191602,-1.97649174148052,0.0235082585194846,0.878142750633843
"June",101,92,"Tillage_Passes","Agricultural",346.79863642436,348.723891325964,-1.92525490160358,0.07474509839642,0.784549212993648
"June",101,92,"PerennialFrac","Agricultural",351.122591231611,348.723891325964,2.39869990564659,4.39869990564659,0.035966338993409
"June",101,92,"MeanSlope_per","Site",347.11512776296,348.723891325964,-1.60876356300423,0.391236436995769,0.531650193060803
"June",101,92,"Hydrologic_Group","Site",356.293080103668,348.723891325964,7.56918877770443,11.5691887777044,0.00307455719766468
"June",101,92,"Tile","Site",346.91909817774,348.723891325964,-1.80479314822435,0.195206851775652,0.65861787641446
"June",102,92,"Tillage_Passes","Agricultural",386.239565275811,388.221338520551,-1.9817732447396,0.0182267552604003,0.892606734490089
"June",102,92,"PerennialFrac","Agricultural",386.468480702223,388.221338520551,-1.75285781832753,0.247142181672473,0.619094582650372
"June",102,92,"MeanSlope_per","Site",386.409605881308,388.221338520551,-1.81173263924239,0.188267360757607,0.66436260726724
"June",102,92,"Hydrologic_Group","Site",389.657159080919,388.221338520551,1.4358205603682,5.4358205603682,0.0660125581415242
"June",102,92,"Tile","Site",387.688917614574,388.221338520551,-0.532420905976664,1.46757909402334,0.225728046879162
"June",103,92,"Tillage_Passes","Agricultural",350.913248553433,350.640563928111,0.272684625321972,2.27268462532197,0.131671638613186
"June",103,92,"PerennialFrac","Agricultural",348.879806643486,350.640563928111,-1.76075728462502,0.239242715374985,0.62475360135646
"June",103,92,"MeanSlope_per","Site",353.549371303951,350.640563928111,2.90880737584087,4.90880737584087,0.0267200843098988
"June",103,92,"Hydrologic_Group","Site",352.188704662806,350.640563928111,1.54814073469544,5.54814073469544,0.0624074657491421
"June",103,92,"Tile","Site",349.753154975135,350.640563928111,-0.887408952975818,1.11259104702418,0.291519405203963
"June",104,92,"Tillage_Passes","Agricultural",387.837423600715,388.243246050153,-0.405822449438233,1.59417755056177,0.206730292348142
"June",104,92,"PerennialFrac","Agricultural",386.468454144668,388.243246050153,-1.77479190548564,0.225208094514358,0.635099945834867
"June",104,92,"MeanSlope_per","Site",386.555905309154,388.243246050153,-1.6873407409995,0.312659259000498,0.576052923899185
"June",104,92,"Hydrologic_Group","Site",385.070338485962,388.243246050153,-3.17290756419146,0.827092435808538,0.661300969729213
"June",104,92,"Tile","Site",387.443113468078,388.243246050153,-0.800132582075094,1.19986741792491,0.273348178785525
"June",105,92,"Tillage_Passes","Agricultural",364.688380633719,363.131570849442,1.55680978427733,3.55680978427733,0.0593016076774964
"June",105,92,"PerennialFrac","Agricultural",364.437094466805,363.131570849442,1.30552361736375,3.30552361736375,0.0690473367946462
"June",105,92,"MeanSlope_per","Site",361.306448045996,363.131570849442,-1.82512280344605,0.17487719655395,0.67581317110214
"June",105,92,"Hydrologic_Group","Site",365.974469814415,363.131570849442,2.84289896497341,6.84289896497341,0.032665053185285
"June",105,92,"Tile","Site",361.180568896295,363.131570849442,-1.9510019531462,0.0489980468537965,0.824816009070331
"June",106,92,"Tillage_Passes","Agricultural",376.448614398438,376.268900902323,0.179713496115482,2.17971349611548,0.139840491956448
"June",106,92,"PerennialFrac","Agricultural",375.131818892721,376.268900902323,-1.13708200960201,0.862917990397989,0.352923399057394
"June",106,92,"MeanSlope_per","Site",374.269206114983,376.268900902323,-1.99969478733971,0.000305212660293819,0.986061397212348
"June",106,92,"Hydrologic_Group","Site",381.27900911723,376.268900902323,5.0101082149074,9.0101082149074,0.0110529921214202
"June",106,92,"Tile","Site",374.27047961333,376.268900902323,-1.99842128899292,0.00157871100708462,0.968305995074617
"June",107,92,"Tillage_Passes","Agricultural",389.339274477146,390.631466273925,-1.29219179677881,0.707808203221191,0.400172396933489
"June",107,92,"PerennialFrac","Agricultural",388.664242406041,390.631466273925,-1.96722386788366,0.0327761321163393,0.856334769097349
"June",107,92,"MeanSlope_per","Site",389.281255751358,390.631466273925,-1.35021052256667,0.64978947743333,0.420187956907952
"June",107,92,"Hydrologic_Group","Site",390.330857847254,390.631466273925,-0.300608426670749,3.69939157332925,0.157285007232991
"June",107,92,"Tile","Site",389.781787524525,390.631466273925,-0.849678749399686,1.15032125060031,0.283481910724728
"June",108,92,"Tillage_Passes","Agricultural",390.775448829172,388.803853117553,1.9715957116199,3.9715957116199,0.0462739013871856
"June",108,92,"PerennialFrac","Agricultural",389.383065272014,388.803853117553,0.5792121544618,2.5792121544618,0.108275541133724
"June",108,92,"MeanSlope_per","Site",388.029745647184,388.803853117553,-0.774107470369017,1.22589252963098,0.268207332940751
"June",108,92,"Hydrologic_Group","Site",403.539652123102,388.803853117553,14.735799005549,18.735799005549,8.54226301031929e-05
"June",108,92,"Tile","Site",387.889170961312,388.803853117553,-0.91468215624019,1.08531784375981,0.297510956651738
"June",109,92,"Tillage_Passes","Agricultural",381.512646281604,383.473861526824,-1.96121524521908,0.0387847547809201,0.843875700741555
"June",109,92,"PerennialFrac","Agricultural",381.777976559775,383.473861526824,-1.69588496704887,0.304115032951131,0.581314091473618
"June",109,92,"MeanSlope_per","Site",382.265804772045,383.473861526824,-1.20805675477897,0.791943245221034,0.373513176914268
"June",109,92,"Hydrologic_Group","Site",388.308783472423,383.473861526824,4.83492194559909,8.83492194559909,0.0120648263509787
"June",109,92,"Tile","Site",381.801386550591,383.473861526824,-1.67247497623248,0.327525023767521,0.56712009086845
"June",110,92,"Tillage_Passes","Agricultural",379.52989182301,377.588661722678,1.94123010033218,3.94123010033218,0.0471163127613864
"June",110,92,"PerennialFrac","Agricultural",376.061002996947,377.588661722678,-1.52765872573161,0.472341274268388,0.491912040204335
"June",110,92,"MeanSlope_per","Site",375.994270979723,377.588661722678,-1.59439074295517,0.40560925704483,0.524206528317692
"June",110,92,"Hydrologic_Group","Site",381.929358642941,377.588661722678,4.34069692026242,8.34069692026242,0.0154468765653515
"June",110,92,"Tile","Site",376.728493773746,377.588661722678,-0.86016794893186,1.13983205106814,0.285687818765181
"June",111,92,"Tillage_Passes","Agricultural",360.527871641067,361.936493441631,-1.40862180056462,0.591378199435383,0.441886671872117
"June",111,92,"PerennialFrac","Agricultural",360.006631950358,361.936493441631,-1.92986149127279,0.0701385087272115,0.791135218329183
"June",111,92,"MeanSlope_per","Site",362.215687215418,361.936493441631,0.279193773786517,2.27919377378652,0.131120018023104
"June",111,92,"Hydrologic_Group","Site",363.023147105854,361.936493441631,1.08665366422309,5.08665366422309,0.0786044604749838
"June",111,92,"Tile","Site",362.660802742209,361.936493441631,0.724309300577659,2.72430930057766,0.0988308672145177
"June",112,92,"Tillage_Passes","Agricultural",382.264810118428,383.921365065628,-1.65655494719971,0.343445052800291,0.557847390140551
"June",112,92,"PerennialFrac","Agricultural",384.60699151739,383.921365065628,0.685626451762062,2.68562645176206,0.101257397406008
"June",112,92,"MeanSlope_per","Site",382.713490701726,383.921365065628,-1.20787436390185,0.792125636098149,0.37345815280106
"June",112,92,"Hydrologic_Group","Site",386.823912610308,383.921365065628,2.90254754468077,6.90254754468077,0.031705225407174
"June",112,92,"Tile","Site",384.898875577468,383.921365065628,0.977510511840194,2.97751051184019,0.0844290423992216
"June",113,92,"Tillage_Passes","Agricultural",381.301166498827,382.657973088085,-1.35680658925827,0.643193410741731,0.422556777110173
"June",113,92,"PerennialFrac","Agricultural",381.285050563814,382.657973088085,-1.37292252427102,0.627077475728981,0.428429345771803
"June",113,92,"MeanSlope_per","Site",381.098783090918,382.657973088085,-1.55918999716727,0.440810002832734,0.506731760395406
"June",113,92,"Hydrologic_Group","Site",390.350515307587,382.657973088085,7.6925422195016,11.6925422195016,0.00289065803284259
"June",113,92,"Tile","Site",382.107024479451,382.657973088085,-0.550948608634258,1.44905139136574,0.22868022578392
"June",114,92,"Tillage_Passes","Agricultural",401.912858883325,402.877146973521,-0.96428809019659,1.03571190980341,0.308820869630265
"June",114,92,"PerennialFrac","Agricultural",400.942851484133,402.877146973521,-1.93429548938843,0.0657045106115675,0.797696875045702
"June",114,92,"MeanSlope_per","Site",401.116333262806,402.877146973521,-1.76081371071535,0.239186289284646,0.624794438137811
"June",114,92,"Hydrologic_Group","Site",404.907193415007,402.877146973521,2.03004644148524,6.03004644148524,0.049044696619517
"June",114,92,"Tile","Site",402.036938476956,402.877146973521,-0.840208496565197,1.1597915034348,0.281508784977256
"June",115,92,"Tillage_Passes","Agricultural",389.83000515449,391.763419929812,-1.93341477532243,0.0665852246775671,0.796375164781319
"June",115,92,"PerennialFrac","Agricultural",391.565357913095,391.763419929812,-0.198062016717245,1.80193798328276,0.179478378618494
"June",115,92,"MeanSlope_per","Site",389.812862199927,391.763419929812,-1.95055772988508,0.0494422701149233,0.824036622390794
"June",115,92,"Hydrologic_Group","Site",393.25360063137,391.763419929812,1.49018070155739,5.49018070155739,0.0642424963227129
"June",115,92,"Tile","Site",392.12464305951,391.763419929812,0.361223129697862,2.36122312969786,0.124384629570789
"June",116,92,"Tillage_Passes","Agricultural",379.496723700583,381.447892674824,-1.95116897424106,0.0488310257589433,0.825110004736538
"June",116,92,"PerennialFrac","Agricultural",381.855208861935,381.447892674824,0.407316187111007,2.40731618711101,0.120769256954428
"June",116,92,"MeanSlope_per","Site",379.646540982037,381.447892674824,-1.80135169278731,0.198648307212693,0.655814112726529
"June",116,92,"Hydrologic_Group","Site",384.165351563312,381.447892674824,2.71745888848778,6.71745888848778,0.03477942007658
"June",116,92,"Tile","Site",379.648672876516,381.447892674824,-1.79921979830846,0.200780201691543,0.654091825373106
"June",117,92,"Tillage_Passes","Agricultural",389.762830176007,390.295245953465,-0.532415777458027,1.46758422254197,0.2257272360683
"June",117,92,"PerennialFrac","Agricultural",388.516266845136,390.295245953465,-1.77897910832837,0.221020891671628,0.638263148724956
"June",117,92,"MeanSlope_per","Site",388.430554199808,390.295245953465,-1.86469175365704,0.135308246342959,0.712990533490177
"June",117,92,"Hydrologic_Group","Site",395.125045964189,390.295245953465,4.82980001072417,8.82980001072417,0.0120957635761066
"June",117,92,"Tile","Site",388.423589175972,390.295245953465,-1.8716567774926,0.128343222507397,0.720156065230639
"June",118,92,"Tillage_Passes","Agricultural",383.104852836634,385.084577349523,-1.9797245128895,0.0202754871104958,0.886770365970349
"June",118,92,"PerennialFrac","Agricultural",383.101267701135,385.084577349523,-1.98330964838834,0.0166903516116577,0.897206403783887
"June",118,92,"MeanSlope_per","Site",384.040548478669,385.084577349523,-1.04402887085462,0.955971129145382,0.328204040603356
"June",118,92,"Hydrologic_Group","Site",385.271583931138,385.084577349523,0.187006581615037,4.18700658161504,0.123254581934953
"June",118,92,"Tile","Site",384.181110998903,385.084577349523,-0.903466350620761,1.09653364937924,0.295028083827799
"June",119,92,"Tillage_Passes","Agricultural",365.656432615126,365.720693209222,-0.064260594095515,1.93573940590449,0.164131890447605
"June",119,92,"PerennialFrac","Agricultural",364.324070026181,365.720693209222,-1.39662318304096,0.603376816959042,0.437292510229143
"June",119,92,"MeanSlope_per","Site",365.001525243926,365.720693209222,-0.719167965296265,1.28083203470374,0.257744389835505
"June",119,92,"Hydrologic_Group","Site",364.808011738697,365.720693209222,-0.912681470525058,3.08731852947494,0.213598057777913
"June",119,92,"Tile","Site",363.967777423727,365.720693209222,-1.75291578549468,0.247084214505321,0.619135696128972
"June",120,92,"Tillage_Passes","Agricultural",397.019527014534,398.624566455526,-1.60503944099196,0.394960559008041,0.529703378343951
"June",120,92,"PerennialFrac","Agricultural",397.669859972051,398.624566455526,-0.95470648347515,1.04529351652485,0.306593527818776
"June",120,92,"MeanSlope_per","Site",396.700936170675,398.624566455526,-1.92363028485119,0.0763697151488145,0.782278710456989
"June",120,92,"Hydrologic_Group","Site",402.55241664986,398.624566455526,3.9278501943333,7.9278501943333,0.0189884363706425
"June",120,92,"Tile","Site",396.737655975439,398.624566455526,-1.88691048008741,0.113089519912592,0.736653809174188
"June",121,92,"Tillage_Passes","Agricultural",393.077114118665,394.856341544735,-1.77922742606989,0.220772573930105,0.638451885301471
"June",121,92,"PerennialFrac","Agricultural",393.500387001292,394.856341544735,-1.35595454344309,0.64404545655691,0.422249664045257
"June",121,92,"MeanSlope_per","Site",392.925115081149,394.856341544735,-1.93122646358512,0.0687735364148807,0.793130950519213
"June",121,92,"Hydrologic_Group","Site",397.742246165663,394.856341544735,2.88590462092878,6.88590462092878,0.031970160024509
"June",121,92,"Tile","Site",392.905815787247,394.856341544735,-1.95052575748775,0.0494742425122467,0.823980669033677
"June",122,92,"Tillage_Passes","Agricultural",367.839524195566,369.71092490361,-1.87140070804418,0.128599291955823,0.719888784454029
"June",122,92,"PerennialFrac","Agricultural",370.831249656789,369.71092490361,1.12032475317869,3.12032475317869,0.0773213722722683
"June",122,92,"MeanSlope_per","Site",368.107450596097,369.71092490361,-1.60347430751312,0.396525692486875,0.528889010702675
"June",122,92,"Hydrologic_Group","Site",377.741789659401,369.71092490361,8.03086475579045,12.0308647557904,0.00244079279151446
"June",122,92,"Tile","Site",374.06528261224,369.71092490361,4.35435770863,6.35435770863,0.011709332674892
"June",123,92,"Tillage_Passes","Agricultural",337.517512429394,338.244056653264,-0.726544223869439,1.27345577613056,0.259119378410532
"June",123,92,"PerennialFrac","Agricultural",336.634930581676,338.244056653264,-1.60912607158741,0.390873928412589,0.531840385302831
"June",123,92,"MeanSlope_per","Site",336.656734433092,338.244056653264,-1.5873222201721,0.412677779827902,0.520613489692779
"June",123,92,"Hydrologic_Group","Site",340.773237195802,338.244056653264,2.52918054253809,6.52918054253809,0.0382125886720617
"June",123,92,"Tile","Site",336.358537102028,338.244056653264,-1.88551955123518,0.114480448764823,0.735099753405206
"June",124,92,"Tillage_Passes","Agricultural",408.277783904335,410.078328071945,-1.80054416760998,0.199455832390015,0.65516044139706
"June",124,92,"PerennialFrac","Agricultural",408.279272256861,410.078328071945,-1.79905581508359,0.200944184916409,0.653959804157364
"June",124,92,"MeanSlope_per","Site",409.270297029836,410.078328071945,-0.808031042109519,1.19196895789048,0.274932753664983
"June",124,92,"Hydrologic_Group","Site",408.170162775049,410.078328071945,-1.90816529689585,2.09183470310415,0.351369342276757
"June",124,92,"Tile","Site",408.175217662914,410.078328071945,-1.90311040903089,0.0968895909691128,0.755594665911871
"June",125,92,"Tillage_Passes","Agricultural",404.475319151623,406.417120219791,-1.94180106816844,0.058198931831555,0.809365586137605
"June",125,92,"PerennialFrac","Agricultural",404.495687775078,406.417120219791,-1.92143244471293,0.0785675552870657,0.779248082507697
"June",125,92,"MeanSlope_per","Site",406.239424740121,406.417120219791,-0.17769547966958,1.82230452033042,0.17703920809912
"June",125,92,"Hydrologic_Group","Site",409.376853056776,406.417120219791,2.95973283698487,6.95973283698487,0.0308115266080373
"June",125,92,"Tile","Site",404.463720446099,406.417120219791,-1.95339977369213,0.0466002263078735,0.829088415322302
"June",126,92,"Tillage_Passes","Agricultural",397.318584273819,399.297065131241,-1.97848085742214,0.0215191425778585,0.883373519857254
"June",126,92,"PerennialFrac","Agricultural",397.29878851769,399.297065131241,-1.99827661355152,0.00172338644847514,0.966886379306895
"June",126,92,"MeanSlope_per","Site",397.916870233951,399.297065131241,-1.38019489729027,0.619805102709734,0.431119720220717
"June",126,92,"Hydrologic_Group","Site",399.247181753337,399.297065131241,-0.0498833779040524,3.95011662209595,0.138753221161322
"June",126,92,"Tile","Site",397.365062966739,399.297065131241,-1.93200216450231,0.0679978354976924,0.794274549691935
"June",127,92,"Tillage_Passes","Agricultural",381.788012981999,380.482430390685,1.30558259131408,3.30558259131408,0.0690448584797924
"June",127,92,"PerennialFrac","Agricultural",380.658512581479,380.482430390685,0.176082190793693,2.17608219079369,0.140170884109346
"June",127,92,"MeanSlope_per","Site",378.654744852907,380.482430390685,-1.82768553777805,0.172314462221948,0.678063010324451
"June",127,92,"Hydrologic_Group","Site",385.570655397019,380.482430390685,5.08822500633437,9.08822500633437,0.0106296022696323
"June",127,92,"Tile","Site",378.613215759505,380.482430390685,-1.86921463118028,0.130785368819716,0.717619127472689
"June",128,92,"Tillage_Passes","Agricultural",383.496232730164,384.576227112718,-1.07999438255388,0.920005617446122,0.33747349731275
"June",128,92,"PerennialFrac","Agricultural",382.576442504282,384.576227112718,-1.99978460843562,0.000215391564381662,0.988290487449542
"June",128,92,"MeanSlope_per","Site",383.03875511884,384.576227112718,-1.53747199387772,0.462528006122284,0.496444870128589
"June",128,92,"Hydrologic_Group","Site",392.911308508577,384.576227112718,8.33508139585922,12.3350813958592,0.00209638531080025
"June",128,92,"Tile","Site",383.211996881435,384.576227112718,-1.36423023128299,0.635769768717012,0.425246789372318
"June",129,92,"Tillage_Passes","Agricultural",374.700227528169,372.968341304365,1.73188622380371,3.73188622380371,0.053383078079944
"June",129,92,"PerennialFrac","Agricultural",371.248053597863,372.968341304365,-1.72028770650212,0.27971229349788,0.596889851759145
"June",129,92,"MeanSlope_per","Site",374.670160280351,372.968341304365,1.70181897598525,3.70181897598525,0.0543531835762506
"June",129,92,"Hydrologic_Group","Site",379.245915218396,372.968341304365,6.27757391403077,10.2775739140308,0.00586479965420855
"June",129,92,"Tile","Site",371.315530812702,372.968341304365,-1.65281049166373,0.347189508336271,0.555708409176779
"June",130,92,"Tillage_Passes","Agricultural",385.601217054379,386.410243874969,-0.809026820590304,1.1909731794097,0.275133342343946
"June",130,92,"PerennialFrac","Agricultural",387.94831052981,386.410243874969,1.53806665484024,3.53806665484024,0.0599753303956287
"June",130,92,"MeanSlope_per","Site",384.431136338838,386.410243874969,-1.97910753613161,0.0208924638683925,0.885072291035194
"June",130,92,"Hydrologic_Group","Site",390.86971059234,386.410243874969,4.45946671737107,8.45946671737107,0.0145562713343265
"June",130,92,"Tile","Site",384.426280368939,386.410243874969,-1.98396350603042,0.0160364939695796,0.899229072852671
"June",131,92,"Tillage_Passes","Agricultural",394.274851847723,395.909869019068,-1.63501717134494,0.364982828655059,0.545751839095403
"June",131,92,"PerennialFrac","Agricultural",394.356950290414,395.909869019068,-1.55291872865428,0.447081271345724,0.503724280843002
"June",131,92,"MeanSlope_per","Site",395.075210311692,395.909869019068,-0.83465870737632,1.16534129262368,0.280360551322691
"June",131,92,"Hydrologic_Group","Site",401.347381505973,395.909869019068,5.43751248690484,9.43751248690484,0.00892627375857187
"June",131,92,"Tile","Site",395.359560644173,395.909869019068,-0.550308374895508,1.44969162510449,0.228577440309309
"June",132,92,"Tillage_Passes","Agricultural",379.379662078683,381.351231928092,-1.97156984940904,0.0284301505909639,0.866101505068687
"June",132,92,"PerennialFrac","Agricultural",379.570662393962,381.351231928092,-1.7805695341296,0.219430465870403,0.639474217827932
"June",132,92,"MeanSlope_per","Site",381.451755441635,381.351231928092,0.100523513543806,2.10052351354381,0.147248714861999
"June",132,92,"Hydrologic_Group","Site",397.368242540232,381.351231928092,16.0170106121407,20.0170106121407,4.50154269392972e-05
"June",132,92,"Tile","Site",379.657203590075,381.351231928092,-1.69402833801672,0.305971661983278,0.580162719315598
"June",133,92,"Tillage_Passes","Agricultural",387.167303083353,386.263988440524,0.903314642829059,2.90331464282906,0.0883976089047704
"June",133,92,"PerennialFrac","Agricultural",385.180538648782,386.263988440524,-1.08344979174154,0.916550208258457,0.338382408248782
"June",133,92,"MeanSlope_per","Site",384.381587783769,386.263988440524,-1.88240065675456,0.117599343245445,0.731652922752303
"June",133,92,"Hydrologic_Group","Site",389.103058900881,386.263988440524,2.83907046035762,6.83907046035762,0.0327276422252272
"June",133,92,"Tile","Site",384.430742588966,386.263988440524,-1.83324585155822,0.166754148441782,0.683012757931092
"June",134,92,"Tillage_Passes","Agricultural",369.193711725001,371.189833368169,-1.99612164316773,0.00387835683227422,0.950342678358786
"June",134,92,"PerennialFrac","Agricultural",369.49489177875,371.189833368169,-1.69494158941825,0.305058410581751,0.580728492710273
"June",134,92,"MeanSlope_per","Site",369.457326097161,371.189833368169,-1.73250727100719,0.267492728992806,0.605018651306052
"June",134,92,"Hydrologic_Group","Site",370.231707375485,371.189833368169,-0.958125992684018,3.04187400731598,0.218507049095992
"June",134,92,"Tile","Site",369.782031169826,371.189833368169,-1.40780219834301,0.592197801656994,0.441570498695171
"June",135,92,"Tillage_Passes","Agricultural",367.666396808501,367.045851631112,0.620545177388294,2.62054517738829,0.10548819232311
"June",135,92,"PerennialFrac","Agricultural",365.684666762219,367.045851631112,-1.36118486889359,0.638815131106412,0.424140181270895
"June",135,92,"MeanSlope_per","Site",365.328610032193,367.045851631112,-1.71724159891954,0.282758401080457,0.594898936366865
"June",135,92,"Hydrologic_Group","Site",366.587511103666,367.045851631112,-0.458340527446637,3.54165947255336,0.170191715983172
"June",135,92,"Tile","Site",365.316344300023,367.045851631112,-1.72950733108922,0.270492668910777,0.603001477195738
"June",136,92,"Tillage_Passes","Agricultural",398.290907185878,400.290540209017,-1.99963302313887,0.000366976861130297,0.984716147411259
"June",136,92,"PerennialFrac","Agricultural",398.362421274813,400.290540209017,-1.92811893420458,0.0718810657954236,0.788617385078258
"June",136,92,"MeanSlope_per","Site",398.326500253361,400.290540209017,-1.96403995565601,0.0359600443439945,0.849598028603548
"June",136,92,"Hydrologic_Group","Site",401.727900911639,400.290540209017,1.43736070262139,5.43736070262139,0.0659617433445219
"June",136,92,"Tile","Site",398.331589754947,400.290540209017,-1.95895045407042,0.0410495459295817,0.839442315726159
"June",137,92,"Tillage_Passes","Agricultural",364.061924771314,364.322466612102,-0.260541840788505,1.73945815921149,0.18720749619365
"June",137,92,"PerennialFrac","Agricultural",362.357793871641,364.322466612102,-1.96467274046176,0.035327259538235,0.850911557016756
"June",137,92,"MeanSlope_per","Site",363.557610402989,364.322466612102,-0.764856209113589,1.23514379088641,0.266409020462396
"June",137,92,"Hydrologic_Group","Site",364.830747034418,364.322466612102,0.50828042231592,4.50828042231592,0.104963751613323
"June",137,92,"Tile","Site",362.365317033144,364.322466612102,-1.95714957895831,0.0428504210416918,0.836007177860311
"June",138,92,"Tillage_Passes","Agricultural",393.621508756975,395.536651380754,-1.91514262377984,0.0848573762201568,0.770819674068684
"June",138,92,"PerennialFrac","Agricultural",393.560435997683,395.536651380754,-1.97621538307101,0.0237846169289924,0.877434206327213
"June",138,92,"MeanSlope_per","Site",393.636620408749,395.536651380754,-1.90003097200508,0.0999690279949164,0.751866804824415
"June",138,92,"Hydrologic_Group","Site",393.247564288185,395.536651380754,-2.28908709256973,1.71091290743027,0.425089113286855
"June",138,92,"Tile","Site",393.549318342869,395.536651380754,-1.98733303788515,0.0126669621148494,0.910389230649954
"June",139,92,"Tillage_Passes","Agricultural",371.426342561753,373.246694682835,-1.82035212108178,0.179647878918217,0.671676022591483
"June",139,92,"PerennialFrac","Agricultural",371.42212256093,373.246694682835,-1.82457212190451,0.175427878095491,0.675332255762657
"June",139,92,"MeanSlope_per","Site",372.235490902112,373.246694682835,-1.0112037807225,0.988796219277503,0.320036767087471
"June",139,92,"Hydrologic_Group","Site",374.024894891009,373.246694682835,0.778200208174155,4.77820020817416,0.091712178168099
"June",139,92,"Tile","Site",371.251431609886,373.246694682835,-1.99526307294946,0.00473692705054418,0.94512864967875
"June",140,92,"Tillage_Passes","Agricultural",359.786540326416,361.786016424892,-1.99947609847629,0.000523901523706627,0.981738898419154
"June",140,92,"PerennialFrac","Agricultural",362.893747942467,361.786016424892,1.10773151757417,3.10773151757417,0.0779214187774747
"June",140,92,"MeanSlope_per","Site",360.965351219148,361.786016424892,-0.820665205744433,1.17933479425557,0.277491459824121
"June",140,92,"Hydrologic_Group","Site",368.213669977791,361.786016424892,6.42765355289856,10.4276535528986,0.0054408130234059
"June",140,92,"Tile","Site",360.308648199209,361.786016424892,-1.47736822568316,0.522631774316835,0.469721196025873
"June",141,92,"Tillage_Passes","Agricultural",376.924717342302,378.420781771649,-1.49606442934623,0.503935570653766,0.477775952044942
"June",141,92,"PerennialFrac","Agricultural",376.465471279993,378.420781771649,-1.95531049165612,0.044689508343879,0.832575990250705
"June",141,92,"MeanSlope_per","Site",377.609030795324,378.420781771649,-0.811750976324561,1.18824902367544,0.275683033672471
"June",141,92,"Hydrologic_Group","Site",380.365065946285,378.420781771649,1.94428417463592,5.94428417463592,0.0511935317810853
"June",141,92,"Tile","Site",376.771366974961,378.420781771649,-1.64941479668801,0.350585203311994,0.553782047486238
"June",142,92,"Tillage_Passes","Agricultural",351.460733213727,352.875902620584,-1.41516940685659,0.584830593143408,0.444425087301887
"June",142,92,"PerennialFrac","Agricultural",356.005174658831,352.875902620584,3.12927203824728,5.12927203824728,0.0235255925042939
"June",142,92,"MeanSlope_per","Site",350.909537827768,352.875902620584,-1.9663647928158,0.0336352071842043,0.854484930534431
"June",142,92,"Hydrologic_Group","Site",365.430486369108,352.875902620584,12.5545837485238,16.5545837485238,0.000254224741205484
"June",142,92,"Tile","Site",351.383740233073,352.875902620584,-1.49216238751063,0.507837612489368,0.476076438329066
"June",143,92,"Tillage_Passes","Agricultural",378.018660037247,379.821008878488,-1.80234884124098,0.197651158759015,0.656623480421456
"June",143,92,"PerennialFrac","Agricultural",378.78128157312,379.821008878488,-1.0397273053685,0.960272694631499,0.32711818213956
"June",143,92,"MeanSlope_per","Site",378.035998334705,379.821008878488,-1.78501054378302,0.214989456216983,0.642884512878643
"June",143,92,"Hydrologic_Group","Site",384.374809956599,379.821008878488,4.55380107811055,8.55380107811055,0.0138856334365974
"June",143,92,"Tile","Site",377.89571994708,379.821008878488,-1.92528893140815,0.0747110685918528,0.784597054032807
"June",144,92,"Tillage_Passes","Agricultural",383.128937635415,385.085107915962,-1.95617028054636,0.0438297194536403,0.834170739871538
"June",144,92,"PerennialFrac","Agricultural",385.760296318953,385.085107915962,0.675188402991466,2.67518840299147,0.101923263605911
"June",144,92,"MeanSlope_per","Site",384.595065380541,385.085107915962,-0.490042535420628,1.50995746457937,0.219145577014702
"June",144,92,"Hydrologic_Group","Site",390.758065760486,385.085107915962,5.6729578445246,9.6729578445246,0.00793494447694776
"June",144,92,"Tile","Site",384.960278435914,385.085107915962,-0.124829480047651,1.87517051995235,0.17088406639848
"June",145,92,"Tillage_Passes","Agricultural",387.801617435397,389.50666249859,-1.7050450631923,0.294954936807699,0.587062647029397
"June",145,92,"PerennialFrac","Agricultural",388.666432023943,389.50666249859,-0.84023047464666,1.15976952535334,0.28151334396896
"June",145,92,"MeanSlope_per","Site",389.50298133903,389.50666249859,-0.00368115955950543,1.99631884044049,0.157681754229854
"June",145,92,"Hydrologic_Group","Site",392.558758077238,389.50666249859,3.05209557864862,7.05209557864862,0.0294209642411362
"June",145,92,"Tile","Site",387.893193506406,389.50666249859,-1.61346899218421,0.38653100781579,0.53412851088032
"June",146,92,"Tillage_Passes","Agricultural",387.430077138735,388.28330532441,-0.853228185675505,1.1467718143245,0.284225942917681
"June",146,92,"PerennialFrac","Agricultural",386.431172119385,388.28330532441,-1.85213320502532,0.147866794974675,0.700582317664429
"June",146,92,"MeanSlope_per","Site",386.293020035298,388.28330532441,-1.99028528911174,0.00971471088826092,0.921485063686752
"June",146,92,"Hydrologic_Group","Site",391.057727641493,388.28330532441,2.77442231708329,6.77442231708329,0.0338028162640823
"June",146,92,"Tile","Site",386.285291944461,388.28330532441,-1.9980133799495,0.0019866200505021,0.964448846920069
"June",147,92,"Tillage_Passes","Agricultural",393.820120106962,394.053772851246,-0.233652744284257,1.76634725571574,0.183834781694539
"June",147,92,"PerennialFrac","Agricultural",392.496664067987,394.053772851246,-1.55710878325982,0.442891216740179,0.505730279141562
"June",147,92,"MeanSlope_per","Site",392.053774385587,394.053772851246,-1.99999846565987,1.53434012872822e-06,0.999011672744528
"June",147,92,"Hydrologic_Group","Site",397.064891404375,394.053772851246,3.0111185531282,7.0111185531282,0.0300299735863083
"June",147,92,"Tile","Site",392.2575305248,394.053772851246,-1.79624232644659,0.203757673553412,0.651704704716582
"June",148,92,"Tillage_Passes","Agricultural",394.554519339202,396.071164233861,-1.51664489465827,0.48335510534173,0.486906509331477
"June",148,92,"PerennialFrac","Agricultural",394.318074302442,396.071164233861,-1.75308993141829,0.246910068581712,0.619259246107812
"June",148,92,"MeanSlope_per","Site",394.374249147357,396.071164233861,-1.69691508650362,0.303084913496377,0.581954889383898
"June",148,92,"Hydrologic_Group","Site",397.667969488724,396.071164233861,1.59680525486283,5.59680525486283,0.060907276573926
"June",148,92,"Tile","Site",394.097306579593,396.071164233861,-1.97385765426804,0.0261423457319552,0.871553170922104
"June",149,92,"Tillage_Passes","Agricultural",389.06471481098,390.943370198241,-1.87865538726123,0.121344612738767,0.727580699626556
"June",149,92,"PerennialFrac","Agricultural",389.774512400969,390.943370198241,-1.16885779727147,0.831142202728529,0.361942457012953
"June",149,92,"MeanSlope_per","Site",388.948200346066,390.943370198241,-1.99516985217485,0.00483014782514601,0.944592217745085
"June",149,92,"Hydrologic_Group","Site",394.298030533908,390.943370198241,3.35466033566735,7.35466033566735,0.0252904059195576
"June",149,92,"Tile","Site",388.951780562703,390.943370198241,-1.99158963553793,0.00841036446206544,0.926930009918767
"June",150,92,"Tillage_Passes","Agricultural",388.228669362789,387.298692392261,0.929976970528401,2.9299769705284,0.0869487328093012
"June",150,92,"PerennialFrac","Agricultural",385.856627797296,387.298692392261,-1.44206459496456,0.557935405035437,0.455093297328733
"June",150,92,"MeanSlope_per","Site",385.583313389898,387.298692392261,-1.7153790023624,0.284620997637603,0.593688323308813
"June",150,92,"Hydrologic_Group","Site",385.645892088341,387.298692392261,-1.65280030391978,2.34719969608022,0.309251676037312
"June",150,92,"Tile","Site",386.013338083819,387.298692392261,-1.28535430844187,0.714645691558133,0.397905855544331
"June",151,92,"Tillage_Passes","Agricultural",375.486168392096,375.915801602822,-0.429633210726195,1.57036678927381,0.210153755015903
"June",151,92,"PerennialFrac","Agricultural",374.700969034752,375.915801602822,-1.21483256807005,0.785167431929949,0.375565399810021
"June",151,92,"MeanSlope_per","Site",375.942658595436,375.915801602822,0.0268569926134887,2.02685699261349,0.154539914067496
"June",151,92,"Hydrologic_Group","Site",379.001866180427,375.915801602822,3.08606457760544,7.08606457760544,0.0289254835461499
"June",151,92,"Tile","Site",373.919823861177,375.915801602822,-1.99597774164545,0.00402225835455283,0.949431044896052
"June",152,92,"Tillage_Passes","Agricultural",374.478074873287,376.477354007473,-1.999279134186,0.000720865814002991,0.97858021530606
"June",152,92,"PerennialFrac","Agricultural",375.332408493143,376.477354007473,-1.14494551432955,0.855054485670451,0.355126369609681
"June",152,92,"MeanSlope_per","Site",374.514397379944,376.477354007473,-1.96295662752902,0.0370433724709756,0.847376768094326
"June",152,92,"Hydrologic_Group","Site",383.53461706882,376.477354007473,7.05726306134704,11.057263061347,0.00397142013877352
"June",152,92,"Tile","Site",375.2502510971,376.477354007473,-1.22710291037305,0.772897089626952,0.379322303946999
"June",153,92,"Tillage_Passes","Agricultural",382.021531728122,384.02140731307,-1.99987558494774,0.000124415052255245,0.991100460822434
"June",153,92,"PerennialFrac","Agricultural",382.58854485696,384.02140731307,-1.43286245611046,0.567137543889544,0.451398627466609
"June",153,92,"MeanSlope_per","Site",382.289013843306,384.02140731307,-1.73239346976402,0.26760653023598,0.604941869692554
"June",153,92,"Hydrologic_Group","Site",382.55139768834,384.02140731307,-1.47000962473055,2.52999037526945,0.28224065438238
"June",153,92,"Tile","Site",382.88325828319,384.02140731307,-1.13814902988054,0.861850970119463,0.353221228686219
"June",154,92,"Tillage_Passes","Agricultural",396.819405393832,398.707659987304,-1.88825459347231,0.111745406527689,0.738165698612103
"June",154,92,"PerennialFrac","Agricultural",396.412178527728,398.707659987304,-2.29548145957654,0,1
"June",154,92,"MeanSlope_per","Site",396.840917720252,398.707659987304,-1.86674226705196,0.133257732948039,0.715077937252443
"June",154,92,"Hydrologic_Group","Site",398.08956213909,398.707659987304,-0.618097848214518,3.38190215178548,0.184344115348668
"June",154,92,"Tile","Site",396.742208632705,398.707659987304,-1.96545135459957,0.0345486454004345,0.852544623429073
"June",155,92,"Tillage_Passes","Agricultural",396.940585662442,395.089553155759,1.851032506683,3.851032506683,0.0497153771157941
"June",155,92,"PerennialFrac","Agricultural",394.267394319243,395.089553155759,-0.822158836516167,1.17784116348383,0.277795930334891
"June",155,92,"MeanSlope_per","Site",393.74006709781,395.089553155759,-1.34948605794858,0.650513942051418,0.41992899179098
"June",155,92,"Hydrologic_Group","Site",402.00473656367,395.089553155759,6.91518340791163,10.9151834079116,0.0042638119112746
"June",155,92,"Tile","Site",393.135777450262,395.089553155759,-1.95377570549675,0.0462242945032472,0.82976859773686
"June",156,92,"Tillage_Passes","Agricultural",360.858935572209,362.756066098857,-1.89713052664729,0.102869473352712,0.748412954332578
"June",156,92,"PerennialFrac","Agricultural",361.257667842174,362.756066098857,-1.49839825668323,0.501601743316769,0.478797174319733
"June",156,92,"MeanSlope_per","Site",360.7571965269,362.756066098857,-1.9988695719569,0.00113042804309771,0.973178707281947
"June",156,92,"Hydrologic_Group","Site",366.137640354833,362.756066098857,3.38157425597666,7.38157425597666,0.0249523536144722
"June",156,92,"Tile","Site",361.595421009441,362.756066098857,-1.16064508941554,0.839354910584461,0.35958133189386
"June",157,92,"Tillage_Passes","Agricultural",370.97865535548,371.849385361105,-0.870730005625603,1.1292699943744,0.287931103962291
"June",157,92,"PerennialFrac","Agricultural",370.463265670438,371.849385361105,-1.38611969066682,0.613880309333183,0.433330534659278
"June",157,92,"MeanSlope_per","Site",371.116705333866,371.849385361105,-0.732680027239212,1.26731997276079,0.260270053900991
"June",157,92,"Hydrologic_Group","Site",375.428297400933,371.849385361105,3.57891203982774,7.57891203982774,0.0226078967523505
"June",157,92,"Tile","Site",370.523099334216,371.849385361105,-1.32628602688879,0.673713973111205,0.411759735960279
"June",158,92,"Tillage_Passes","Agricultural",383.144756518092,384.795171344252,-1.65041482616067,0.34958517383933,0.554348047061472
"June",158,92,"PerennialFrac","Agricultural",382.796791276673,384.795171344252,-1.99838006757938,0.00161993242062408,0.967895103943794
"June",158,92,"MeanSlope_per","Site",384.154069222902,384.795171344252,-0.641102121350514,1.35889787864949,0.243728580173083
"June",158,92,"Hydrologic_Group","Site",391.861431060241,384.795171344252,7.06625971598805,11.0662597159881,0.00395359551162241
"June",158,92,"Tile","Site",382.825140803203,384.795171344252,-1.97003054104914,0.029969458950859,0.862559546035398
"June",159,92,"Tillage_Passes","Agricultural",389.888676435159,388.78816542515,1.10051101000892,3.10051101000892,0.0782677228086479
"June",159,92,"PerennialFrac","Agricultural",387.022591709157,388.78816542515,-1.76557371599313,0.234426284006872,0.628261052296163
"June",159,92,"MeanSlope_per","Site",386.788967277391,388.78816542515,-1.99919814775956,0.000801852240442713,0.977409325497695
"June",159,92,"Hydrologic_Group","Site",389.145600006822,388.78816542515,0.357434581672067,4.35743458167207,0.11318662308352
"June",159,92,"Tile","Site",387.690961796764,388.78816542515,-1.09720362838647,0.902796371613533,0.342033006160215
"June",160,92,"Tillage_Passes","Agricultural",384.59931556936,386.598053854468,-1.99873828510869,0.00126171489131366,0.971664599359331
"June",160,92,"PerennialFrac","Agricultural",384.63324690551,386.598053854468,-1.9648069489582,0.0351930510418015,0.851191707594399
"June",160,92,"MeanSlope_per","Site",384.564484989771,386.598053854468,-2.0335688646976,0,1
"June",160,92,"Hydrologic_Group","Site",387.830841809685,386.598053854468,1.23278795521611,5.23278795521611,0.0730658654927452
"June",160,92,"Tile","Site",384.811682209441,386.598053854468,-1.78637164502749,0.213628354972514,0.643938279490719
"June",161,92,"Tillage_Passes","Agricultural",382.879157599782,379.103871049475,3.7752865503071,5.7752865503071,0.0162530699820284
"June",161,92,"PerennialFrac","Agricultural",380.417627549436,379.103871049475,1.31375649996176,3.31375649996176,0.0687022781003781
"June",161,92,"MeanSlope_per","Site",377.203104598608,379.103871049475,-1.90076645086708,0.0992335491329186,0.752751350837481
"June",161,92,"Hydrologic_Group","Site",382.322778651254,379.103871049475,3.21890760177899,7.21890760177899,0.0270666265970167
"June",161,92,"Tile","Site",377.104003566182,379.103871049475,-1.99986748329229,0.000132516707708419,0.990815282806755
"June",162,92,"Tillage_Passes","Agricultural",379.171958488647,380.880806758585,-1.70884826993796,0.29115173006204,0.589483418222611
"June",162,92,"PerennialFrac","Agricultural",379.079528486427,380.880806758585,-1.8012782721579,0.198721727842099,0.655754614816819
"June",162,92,"MeanSlope_per","Site",379.261594440154,380.880806758585,-1.61921231843104,0.380787681568961,0.537181983729972
"June",162,92,"Hydrologic_Group","Site",384.141395072474,380.880806758585,3.26058831388934,7.26058831388934,0.0265083856361919
"June",162,92,"Tile","Site",379.212123885608,380.880806758585,-1.668682872977,0.331317127022999,0.564884543324204
"June",163,92,"Tillage_Passes","Agricultural",387.893387883982,387.47935946155,0.414028422432182,2.41402842243218,0.120252557754924
"June",163,92,"PerennialFrac","Agricultural",386.509040497658,387.47935946155,-0.970318963892396,1.0296810361076,0.310233594883022
"June",163,92,"MeanSlope_per","Site",386.607735475101,387.47935946155,-0.871623986449436,1.12837601355056,0.288122003361264
"June",163,92,"Hydrologic_Group","Site",389.277113937153,387.47935946155,1.79775447560314,5.79775447560314,0.0550850327419023
"June",163,92,"Tile","Site",386.006100151107,387.47935946155,-1.47325931044276,0.526740689557244,0.467980373705137
"June",164,92,"Tillage_Passes","Agricultural",391.513484329537,393.305324814836,-1.79184048529896,0.208159514701038,0.648213797787354
"June",164,92,"PerennialFrac","Agricultural",392.249769150277,393.305324814836,-1.05555566455882,0.944444335441176,0.331137487173705
"June",164,92,"MeanSlope_per","Site",391.966319565,393.305324814836,-1.3390052498363,0.660994750163695,0.416208978604343
"June",164,92,"Hydrologic_Group","Site",398.957160105822,393.305324814836,5.6518352909859,9.6518352909859,0.00801919171785174
"June",164,92,"Tile","Site",391.502924806858,393.305324814836,-1.80240000797795,0.197599992022049,0.656665077455586
"June",165,92,"Tillage_Passes","Agricultural",384.60899662611,385.877143806849,-1.26814718073973,0.731852819260268,0.392283276162156
"June",165,92,"PerennialFrac","Agricultural",384.138110428883,385.877143806849,-1.73903337796668,0.260966622033322,0.609456848996337
"June",165,92,"MeanSlope_per","Site",383.893318551911,385.877143806849,-1.9838252549381,0.0161747450619032,0.898797957350396
"June",165,92,"Hydrologic_Group","Site",385.123818810029,385.877143806849,-0.753324996820822,3.24667500317918,0.197239312824261
"June",165,92,"Tile","Site",384.449571928996,385.877143806849,-1.42757187785378,0.572428122146221,0.449295655422158
"June",166,92,"Tillage_Passes","Agricultural",381.968744418249,383.48875289764,-1.52000847939047,0.479991520609531,0.488426157462849
"June",166,92,"PerennialFrac","Agricultural",381.599570149624,383.48875289764,-1.88918274801568,0.110817251984315,0.739215617606771
"June",166,92,"MeanSlope_per","Site",383.670344562696,383.48875289764,0.18159166505643,2.18159166505643,0.139669950946849
"June",166,92,"Hydrologic_Group","Site",390.19918291578,383.48875289764,6.71043001814019,10.7104300181402,0.00472345380290797
"June",166,92,"Tile","Site",384.063903060202,383.48875289764,0.575150162562466,2.57515016256247,0.108553800014059
"June",167,92,"Tillage_Passes","Agricultural",387.654993109403,389.641767494139,-1.98677438473652,0.0132256152634795,0.908443001748484
"June",167,92,"PerennialFrac","Agricultural",387.666488009681,389.641767494139,-1.9752794844585,0.0247205155415031,0.875065483824753
"June",167,92,"MeanSlope_per","Site",387.648198530384,389.641767494139,-1.99356896375537,0.00643103624463492,0.936083167350099
"June",167,92,"Hydrologic_Group","Site",392.03547793113,389.641767494139,2.39371043699049,6.39371043699049,0.040890593976966
"June",167,92,"Tile","Site",387.713897454764,389.641767494139,-1.9278700393757,0.0721299606242951,0.78826043503732
"June",168,92,"Tillage_Passes","Agricultural",390.980437947837,392.777278479686,-1.79684053184843,0.203159468151568,0.652182610260995
"June",168,92,"PerennialFrac","Agricultural",390.790231222805,392.777278479686,-1.98704725688094,0.0129527431190581,0.909388317151363
"June",168,92,"MeanSlope_per","Site",391.815586250604,392.777278479686,-0.961692229081734,1.03830777091827,0.308215366449869
"June",168,92,"Hydrologic_Group","Site",389.946913853381,392.777278479686,-2.83036462630497,1.16963537369503,0.557207438797238
"June",168,92,"Tile","Site",392.259426471834,392.777278479686,-0.5178520078519,1.4821479921481,0.2234387511953
"June",169,92,"Tillage_Passes","Agricultural",405.755123433759,406.869857052915,-1.11473361915642,0.885266380843575,0.3467633057192
"June",169,92,"PerennialFrac","Agricultural",405.101516553603,406.869857052915,-1.76834049931256,0.231659500687442,0.630296054610182
"June",169,92,"MeanSlope_per","Site",404.908056493231,406.869857052915,-1.96180055968449,0.038199440315509,0.845043204538924
"June",169,92,"Hydrologic_Group","Site",408.450043028008,406.869857052915,1.58018597509295,5.58018597509295,0.0614155027725535
"June",169,92,"Tile","Site",405.079480312356,406.869857052915,-1.79037674055991,0.209623259440093,0.647062849723568
"June",170,92,"Tillage_Passes","Agricultural",388.266782525747,385.186308305886,3.0804742198606,5.0804742198606,0.0241967510328103
"June",170,92,"PerennialFrac","Agricultural",383.30949932685,385.186308305886,-1.87680897903647,0.123191020963532,0.725599013099677
"June",170,92,"MeanSlope_per","Site",384.929720566733,385.186308305886,-0.256587739152678,1.74341226084732,0.186707050905964
"June",170,92,"Hydrologic_Group","Site",387.010494804457,385.186308305886,1.82418649857061,5.82418649857061,0.0543618178512936
"June",170,92,"Tile","Site",383.575410886602,385.186308305886,-1.61089741928424,0.389102580715758,0.532771500923564
"June",171,92,"Tillage_Passes","Agricultural",410.954282764481,409.853974627753,1.1003081367279,3.1003081367279,0.0782774767468539
"June",171,92,"PerennialFrac","Agricultural",409.653495838648,409.853974627753,-0.200478789105432,1.79952121089457,0.179770388925838
"June",171,92,"MeanSlope_per","Site",407.865133443286,409.853974627753,-1.98884118446693,0.0111588155330651,0.915871720113156
"June",171,92,"Hydrologic_Group","Site",410.064906979129,409.853974627753,0.2109323513763,4.2109323513763,0.12178888601571
"June",171,92,"Tile","Site",407.918733098178,409.853974627753,-1.93524152957508,0.0647584704249198,0.799127181651705
"June",172,92,"Tillage_Passes","Agricultural",366.38553913645,367.74245923598,-1.35692009953038,0.643079900469615,0.422597716206265
"June",172,92,"PerennialFrac","Agricultural",368.012798450434,367.74245923598,0.270339214453656,2.27033921445366,0.131871035789583
"June",172,92,"MeanSlope_per","Site",366.044049592295,367.74245923598,-1.69840964368495,0.301590356315046,0.582887123776437
"June",172,92,"Hydrologic_Group","Site",370.212966462118,367.74245923598,2.47050722613773,6.47050722613773,0.0393502239434493
"June",172,92,"Tile","Site",365.887064261269,367.74245923598,-1.85539497471137,0.144605025288627,0.703745243991369
"June",173,92,"Tillage_Passes","Agricultural",386.061767721249,387.327073750727,-1.26530602947815,0.734693970521846,0.39136590833893
"June",173,92,"PerennialFrac","Agricultural",385.562599793594,387.327073750727,-1.76447395713251,0.235526042867491,0.627456282710332
"June",173,92,"MeanSlope_per","Site",385.55818259761,387.327073750727,-1.76889115311712,0.231108846882876,0.630702851421261
"June",173,92,"Hydrologic_Group","Site",392.456145888751,387.327073750727,5.12907213802441,9.12907213802441,0.0104147097927449
"June",173,92,"Tile","Site",385.827155886895,387.327073750727,-1.49991786383157,0.50008213616843,0.479464034493038
"June",174,92,"Tillage_Passes","Agricultural",391.391382230303,393.377700288969,-1.98631805866563,0.0136819413343687,0.906883960810327
"June",174,92,"PerennialFrac","Agricultural",391.377946959341,393.377700288969,-1.99975332962731,0.00024667037268955,0.987469145070089
"June",174,92,"MeanSlope_per","Site",391.860309045198,393.377700288969,-1.51739124377087,0.482608756229126,0.487243027484484
"June",174,92,"Hydrologic_Group","Site",392.304400528157,393.377700288969,-1.07329976081212,2.92670023918788,0.231459557210098
"June",174,92,"Tile","Site",391.519351757811,393.377700288969,-1.85834853115716,0.141651468842838,0.706644717407441
"June",175,92,"Tillage_Passes","Agricultural",394.936054558247,396.932026731532,-1.99597217328585,0.00402782671415025,0.949396100454724
"June",175,92,"PerennialFrac","Agricultural",395.283245719423,396.932026731532,-1.64878101210985,0.351218987890149,0.553423900429256
"June",175,92,"MeanSlope_per","Site",394.933272491862,396.932026731532,-1.99875423967018,0.00124576032982304,0.971844247019391
"June",175,92,"Hydrologic_Group","Site",400.688970115543,396.932026731532,3.7569433840107,7.7569433840107,0.0206824101325526
"June",175,92,"Tile","Site",395.538579447225,396.932026731532,-1.39344728430717,0.606552715692828,0.436088733865206
"June",176,92,"Tillage_Passes","Agricultural",391.565145108546,392.775579158826,-1.21043405028041,0.789565949719588,0.374231405035553
"June",176,92,"PerennialFrac","Agricultural",390.796152020252,392.775579158826,-1.97942713857378,0.0205728614262171,0.885948673832715
"June",176,92,"MeanSlope_per","Site",390.931136728931,392.775579158826,-1.8444424298948,0.155557570105202,0.693279932270789
"June",176,92,"Hydrologic_Group","Site",399.836350706548,392.775579158826,7.0607715477218,11.0607715477218,0.0039644594092421
"June",176,92,"Tile","Site",391.215494171675,392.775579158826,-1.56008498715124,0.439915012848758,0.507163477887238
"June",177,92,"Tillage_Passes","Agricultural",382.374669775376,383.26289405249,-0.888224277114034,1.11177572288597,0.291696271315066
"June",177,92,"PerennialFrac","Agricultural",382.968677433274,383.26289405249,-0.294216619215433,1.70578338078457,0.191533370521234
"June",177,92,"MeanSlope_per","Site",381.483433957723,383.26289405249,-1.77946009476688,0.220539905233125,0.638628845273541
"June",177,92,"Hydrologic_Group","Site",385.983069021603,383.26289405249,2.72017496911303,6.72017496911303,0.0347322202789344
"June",177,92,"Tile","Site",382.329221250937,383.26289405249,-0.933672801552575,1.06632719844742,0.301776520766496
"June",178,92,"Tillage_Passes","Agricultural",402.748136378377,404.712686638533,-1.96455026015678,0.0354497398432159,0.850656368633259
"June",178,92,"PerennialFrac","Agricultural",402.798110415552,404.712686638533,-1.91457622298122,0.0854237770187751,0.770077547082666
"June",178,92,"MeanSlope_per","Site",402.797610072765,404.712686638533,-1.91507656576874,0.084923434231257,0.77073298336114
"June",178,92,"Hydrologic_Group","Site",406.455711874843,404.712686638533,1.74302523630962,5.74302523630962,0.0566132275854115
"June",178,92,"Tile","Site",402.712718720968,404.712686638533,-1.99996791756502,3.20824349842042e-05,0.995480697616034
"June",179,92,"Tillage_Passes","Agricultural",390.262222707621,392.034980097247,-1.77275738962675,0.227242610373253,0.633575971758731
"June",179,92,"PerennialFrac","Agricultural",392.370478038246,392.034980097247,0.335497940998152,2.33549794099815,0.12645454884946
"June",179,92,"MeanSlope_per","Site",391.938039949121,392.034980097247,-0.0969401481260661,1.90305985187393,0.167736223794826
"June",179,92,"Hydrologic_Group","Site",390.880397184947,392.034980097247,-1.15458291229999,2.84541708770001,0.241060209715525
"June",179,92,"Tile","Site",390.759453723352,392.034980097247,-1.27552637389545,0.724473626104555,0.394680387776491
"June",180,92,"Tillage_Passes","Agricultural",375.974596340053,377.197169343076,-1.22257300302346,0.777426996976544,0.377929212478043
"June",180,92,"PerennialFrac","Agricultural",375.444912023734,377.197169343076,-1.75225731934171,0.247742680658291,0.618669029401385
"June",180,92,"MeanSlope_per","Site",375.236373383686,377.197169343076,-1.96079595938994,0.0392040406100591,0.8430449834952
"June",180,92,"Hydrologic_Group","Site",376.149773250314,377.197169343076,-1.04739609276203,2.95260390723797,0.228481061568968
"June",180,92,"Tile","Site",376.028058053195,377.197169343076,-1.16911128988079,0.830888710119211,0.362015675054079
"June",181,92,"Tillage_Passes","Agricultural",377.636881546893,379.24790148445,-1.61101993755716,0.38898006244284,0.53283601193012
"June",181,92,"PerennialFrac","Agricultural",377.328334972269,379.24790148445,-1.91956651218038,0.0804334878196187,0.776710818940746
"June",181,92,"MeanSlope_per","Site",377.31445568017,379.24790148445,-1.93344580427976,0.0665541957202436,0.796421571780759
"June",181,92,"Hydrologic_Group","Site",383.942110936405,379.24790148445,4.69420945195492,8.69420945195492,0.0129442354883026
"June",181,92,"Tile","Site",377.307129802574,379.24790148445,-1.94077168187584,0.0592283181241555,0.80771979834137
"June",182,92,"Tillage_Passes","Agricultural",389.375148419468,391.224955451453,-1.84980703198494,0.150192968015062,0.698351019347435
"June",182,92,"PerennialFrac","Agricultural",390.675608223149,391.224955451453,-0.549347228304214,1.45065277169579,0.228423238655144
"June",182,92,"MeanSlope_per","Site",390.446065488749,391.224955451453,-0.778889962703602,1.2211100372964,0.269142916724692
"June",182,92,"Hydrologic_Group","Site",389.82983219189,391.224955451453,-1.39512325956298,2.60487674043702,0.271868069157404
"June",182,92,"Tile","Site",389.446572864159,391.224955451453,-1.77838258729332,0.221617412706678,0.637810284930495
"June",183,92,"Tillage_Passes","Agricultural",387.047821556485,384.565023673547,2.48279788293809,4.48279788293809,0.0342376279363916
"June",183,92,"PerennialFrac","Agricultural",383.963812483863,384.565023673547,-0.601211189684022,1.39878881031598,0.236926468539022
"June",183,92,"MeanSlope_per","Site",383.863064259099,384.565023673547,-0.701959414448311,1.29804058555169,0.254571443585086
"June",183,92,"Hydrologic_Group","Site",389.87847011265,384.565023673547,5.31344643910245,9.31344643910245,0.00949753279826031
"June",183,92,"Tile","Site",383.0843138875,384.565023673547,-1.48070978604761,0.519290213952388,0.471144613631931
"June",184,92,"Tillage_Passes","Agricultural",385.314153355082,386.331299648627,-1.01714629354473,0.982853706455273,0.321495286097588
"June",184,92,"PerennialFrac","Agricultural",384.66474184957,386.331299648627,-1.66655779905687,0.333442200943125,0.563639190940935
"June",184,92,"MeanSlope_per","Site",384.361569476193,386.331299648627,-1.96973017243374,0.0302698275662578,0.861879402324875
"June",184,92,"Hydrologic_Group","Site",388.244005061344,386.331299648627,1.9127054127178,5.9127054127178,0.0520082610663087
"June",184,92,"Tile","Site",384.342163793703,386.331299648627,-1.98913585492363,0.0108641450763685,0.916985867093486
"June",185,92,"Tillage_Passes","Agricultural",385.362277713538,386.388021607109,-1.02574389357068,0.974256106429323,0.323621007137265
"June",185,92,"PerennialFrac","Agricultural",385.256837673383,386.388021607109,-1.13118393372599,0.868816066274007,0.351283280153461
"June",185,92,"MeanSlope_per","Site",384.749568264907,386.388021607109,-1.63845334220218,0.361546657797817,0.547648513644012
"June",185,92,"Hydrologic_Group","Site",391.943880470807,386.388021607109,5.55585886369801,9.55585886369801,0.00841340146586139
"June",185,92,"Tile","Site",384.963310829291,386.388021607109,-1.42471077781778,0.575289222182221,0.448164742125774
"June",186,92,"Tillage_Passes","Agricultural",384.652191469345,386.537241856563,-1.88505038721797,0.114949612782027,0.734577940528356
"June",186,92,"PerennialFrac","Agricultural",384.546939610057,386.537241856563,-1.99030224650625,0.00969775349375368,0.921553397587389
"June",186,92,"MeanSlope_per","Site",387.005540434251,386.537241856563,0.468298577687904,2.4682985776879,0.116163608458251
"June",186,92,"Hydrologic_Group","Site",393.005761473571,386.537241856563,6.4685196170077,10.4685196170077,0.00533076881360439
"June",186,92,"Tile","Site",384.725676840561,386.537241856563,-1.81156501600191,0.188434983998093,0.664222371043409
"June",187,92,"Tillage_Passes","Agricultural",391.770155329388,393.402421008293,-1.6322656789053,0.367734321094701,0.544241854759157
"June",187,92,"PerennialFrac","Agricultural",392.14968164574,393.402421008293,-1.25273936255286,0.747260637447141,0.38734491747227
"June",187,92,"MeanSlope_per","Site",393.259743530151,393.402421008293,-0.142677478142275,1.85732252185772,0.172934137930926
"June",187,92,"Hydrologic_Group","Site",404.175035664448,393.402421008293,10.7726146561546,14.7726146561546,0.000619680008750198
"June",187,92,"Tile","Site",391.983317294935,393.402421008293,-1.41910371335797,0.58089628664203,0.445961219490705
"June",188,92,"Tillage_Passes","Agricultural",368.453507012564,370.431747162176,-1.97824014961259,0.0217598503874115,0.882727747548989
"June",188,92,"PerennialFrac","Agricultural",372.980236011031,370.431747162176,2.54848884885445,4.54848884885445,0.0329478128915706
"June",188,92,"MeanSlope_per","Site",368.620920942182,370.431747162176,-1.81082621999388,0.189173780006115,0.663605164592039
"June",188,92,"Hydrologic_Group","Site",378.111221267298,370.431747162176,7.67947410512221,11.6794741051222,0.00290960759910067
"June",188,92,"Tile","Site",368.434120447693,370.431747162176,-1.99762671448281,0.00237328551719429,0.961145323356609
"June",189,92,"Tillage_Passes","Agricultural",367.571495538323,368.279100480184,-0.707604941861177,1.29239505813882,0.255607040692731
"June",189,92,"PerennialFrac","Agricultural",366.951235049712,368.279100480184,-1.327865430472,0.672134569527998,0.412308387445307
"June",189,92,"MeanSlope_per","Site",367.248263995874,368.279100480184,-1.03083648431016,0.969163515689843,0.324888884287558
"June",189,92,"Hydrologic_Group","Site",375.016753229455,368.279100480184,6.73765274927115,10.7376527492711,0.00465959672338477
"June",189,92,"Tile","Site",366.79216074346,368.279100480184,-1.48693973672374,0.513060263276259,0.473817083975399
"June",190,92,"Tillage_Passes","Agricultural",369.48999899668,371.22174701167,-1.73174801499039,0.268251985009613,0.604506772973717
"June",190,92,"PerennialFrac","Agricultural",369.354054056456,371.22174701167,-1.86769295521367,0.13230704478633,0.716051906725161
"June",190,92,"MeanSlope_per","Site",369.229669548974,371.22174701167,-1.99207746269622,0.00792253730378434,0.929075046734007
"June",190,92,"Hydrologic_Group","Site",374.411887454572,371.22174701167,3.1901404429014,7.1901404429014,0.0274587549147098
"June",190,92,"Tile","Site",369.676281626432,371.22174701167,-1.5454653852384,0.454534614761599,0.500189367324991
"June",191,92,"Tillage_Passes","Agricultural",398.283929727333,400.283914878415,-1.99998515108189,1.48489181128753e-05,0.996925415787529
"June",191,92,"PerennialFrac","Agricultural",398.350514275935,400.283914878415,-1.93340060247971,0.0665993975202923,0.79635397167319
"June",191,92,"MeanSlope_per","Site",398.74227209498,400.283914878415,-1.5416427834345,0.458357216565503,0.498392732556195
"June",191,92,"Hydrologic_Group","Site",400.676679376598,400.283914878415,0.392764498182999,4.392764498183,0.111204742566976
"June",191,92,"Tile","Site",398.449038428153,400.283914878415,-1.83487645026185,0.165123549738155,0.684482534860024
"June",192,92,"Tillage_Passes","Agricultural",406.30735948658,407.342881684628,-1.03552219804811,0.964477801951887,0.326061271419223
"June",192,92,"PerennialFrac","Agricultural",405.828691431258,407.342881684628,-1.5141902533702,0.485809746629798,0.48580245861978
"June",192,92,"MeanSlope_per","Site",405.530279729495,407.342881684628,-1.81260195513312,0.187398044866882,0.665091082947499
"June",192,92,"Hydrologic_Group","Site",404.195398941386,407.342881684628,-3.14748274324273,0.852517256757267,0.652947449541202
"June",192,92,"Tile","Site",405.648222001589,407.342881684628,-1.69465968303888,0.305340316961122,0.580553729516747
"June",193,92,"Tillage_Passes","Agricultural",389.339665085108,391.328929875004,-1.98926478989614,0.01073521010386,0.917478169808506
"June",193,92,"PerennialFrac","Agricultural",393.54689095142,391.328929875004,2.21796107641529,4.21796107641529,0.039998196788972
"June",193,92,"MeanSlope_per","Site",391.251700307681,391.328929875004,-0.0772295673232293,1.92277043267677,0.165551570994785
"June",193,92,"Hydrologic_Group","Site",393.28081604592,391.328929875004,1.95188617091611,5.95188617091611,0.0509993146053931
"June",193,92,"Tile","Site",391.398831017056,391.328929875004,0.0699011420517763,2.06990114205178,0.150231258996929
"June",194,92,"Tillage_Passes","Agricultural",379.596173832226,380.959412709907,-1.36323887768094,0.636761122319058,0.424886080976482
"June",194,92,"PerennialFrac","Agricultural",379.69088004588,380.959412709907,-1.26853266402679,0.731467335973207,0.392407980907299
"June",194,92,"MeanSlope_per","Site",379.227822464661,380.959412709907,-1.7315902452462,0.268409754753804,0.604400522428936
"June",194,92,"Hydrologic_Group","Site",386.199092033638,380.959412709907,5.23967932373085,9.23967932373085,0.00985437596678421
"June",194,92,"Tile","Site",378.971996392143,380.959412709907,-1.98741631776392,0.0125836822360839,0.910683055116994
"June",195,92,"Tillage_Passes","Agricultural",374.263610918858,376.263281443967,-1.99967052510925,0.000329474890747861,0.985518038948119
"June",195,92,"PerennialFrac","Agricultural",375.365430111505,376.263281443967,-0.897851332462153,1.10214866753785,0.293795044741183
"June",195,92,"MeanSlope_per","Site",374.623286986412,376.263281443967,-1.63999445755462,0.360005542445379,0.548503157384326
"June",195,92,"Hydrologic_Group","Site",376.827020106687,376.263281443967,0.56373866271997,4.56373866271997,0.102093182239941
"June",195,92,"Tile","Site",374.711607285848,376.263281443967,-1.55167415811854,0.448325841881456,0.503131059374176
"June",196,92,"Tillage_Passes","Agricultural",375.44036096465,376.926967406438,-1.48660644178841,0.51339355821159,0.473673489321734
"June",196,92,"PerennialFrac","Agricultural",375.416417715711,376.926967406438,-1.51054969072766,0.489450309272343,0.484172611382686
"June",196,92,"MeanSlope_per","Site",379.913511294207,376.926967406438,2.98654388776856,4.98654388776856,0.0255451809882388
"June",196,92,"Hydrologic_Group","Site",387.863358919833,376.926967406438,10.9363915133951,14.9363915133951,0.000570957514390394
"June",196,92,"Tile","Site",377.886285746993,376.926967406438,0.959318340554375,2.95931834055438,0.0853839302076744
"June",197,92,"Tillage_Passes","Agricultural",380.822733141036,382.79124676859,-1.96851362755405,0.0314863724459542,0.859159650155295
"June",197,92,"PerennialFrac","Agricultural",383.211052584272,382.79124676859,0.41980581568157,2.41980581568157,0.119809781231438
"June",197,92,"MeanSlope_per","Site",381.127590861338,382.79124676859,-1.66365590725218,0.336344092747822,0.561947120988373
"June",197,92,"Hydrologic_Group","Site",386.224691029654,382.79124676859,3.43344426106319,7.43344426106319,0.0243135339614206
"June",197,92,"Tile","Site",381.380243468625,382.79124676859,-1.4110032999651,0.588996700034897,0.442807351035816
"June",198,92,"Tillage_Passes","Agricultural",379.569782921094,381.023192983127,-1.45341006203302,0.546589937966985,0.459714400923153
"June",198,92,"PerennialFrac","Agricultural",379.235222533308,381.023192983127,-1.787970449819,0.212029550181001,0.645181292916257
"June",198,92,"MeanSlope_per","Site",380.908226199022,381.023192983127,-0.114966784104809,1.88503321589519,0.169763190920026
"June",198,92,"Hydrologic_Group","Site",378.592401493447,381.023192983127,-2.43079148968025,1.56920851031975,0.456300244526172
"June",198,92,"Tile","Site",379.310847555618,381.023192983127,-1.71234542750892,0.287654572491078,0.591727470460189
"June",199,92,"Tillage_Passes","Agricultural",372.39011131629,374.35447025625,-1.96435893995994,0.0356410600400636,0.850258663680487
"June",199,92,"PerennialFrac","Agricultural",372.652755416019,374.35447025625,-1.70171484023024,0.298285159769762,0.584959474017307
"June",199,92,"MeanSlope_per","Site",373.396261866163,374.35447025625,-0.958208390086895,1.0417916099131,0.307405156654858
"June",199,92,"Hydrologic_Group","Site",377.060756861654,374.35447025625,2.70628660540444,6.70628660540444,0.0349742464972166
"June",199,92,"Tile","Site",374.839366550604,374.35447025625,0.484896294354542,2.48489629435454,0.114943924631408
"June",200,92,"Tillage_Passes","Agricultural",395.725811620498,397.494880424084,-1.76906880358558,0.230931196414417,0.630834218415128
"June",200,92,"PerennialFrac","Agricultural",395.565947846563,397.494880424084,-1.92893257752098,0.0710674224790182,0.789788907897084
"June",200,92,"MeanSlope_per","Site",397.297171352436,397.494880424084,-0.197709071647807,1.80229092835219,0.179435779381576
"June",200,92,"Hydrologic_Group","Site",398.984432266178,397.494880424084,1.48955184209495,5.48955184209495,0.0642626992495984
"June",200,92,"Tile","Site",395.502384031703,397.494880424084,-1.99249639238064,0.00750360761935553,0.93097089195047
"July",1,92,"Tillage_Passes","Agricultural",401.840388678828,403.565597038906,-1.72520836007828,0.274791639921716,0.600135460872299
"July",1,92,"PerennialFrac","Agricultural",401.784016236903,403.565597038906,-1.78158080200365,0.218419197996354,0.640247058869918
"July",1,92,"MeanSlope_per","Site",404.717747200757,403.565597038906,1.15215016185061,3.15215016185061,0.075826984941527
"July",1,92,"Hydrologic_Group","Site",405.921765893111,403.565597038906,2.35616885420501,6.35616885420501,0.0416653918213965
"July",1,92,"Tile","Site",401.603043956897,403.565597038906,-1.96255308200909,0.0374469179909056,0.846557960780892
"July",2,92,"Tillage_Passes","Agricultural",380.233008288156,381.78916382272,-1.55615553456431,0.443844465435689,0.505272708477684
"July",2,92,"PerennialFrac","Agricultural",381.028025407981,381.78916382272,-0.761138414739264,1.23886158526074,0.265690566944716
"July",2,92,"MeanSlope_per","Site",380.199261268822,381.78916382272,-1.58990255389841,0.410097446101588,0.521920049712136
"July",2,92,"Hydrologic_Group","Site",378.107320100493,381.78916382272,-3.68184372222777,0.318156277772232,0.852929709387777
"July",2,92,"Tile","Site",380.024643749704,381.78916382272,-1.76452007301612,0.235479926983885,0.62748998221903
"July",3,92,"Tillage_Passes","Agricultural",381.234693238285,376.490199922562,4.74449331572214,6.74449331572214,0.00940374797629256
"July",3,92,"PerennialFrac","Agricultural",377.55227133632,376.490199922562,1.06207141375791,3.06207141375791,0.0801394466008401
"July",3,92,"MeanSlope_per","Site",382.694526097503,376.490199922562,6.20432617494038,8.20432617494038,0.00417906259371016
"July",3,92,"Hydrologic_Group","Site",374.483663507428,376.490199922562,-2.00653641513446,1.99346358486554,0.369083714380393
"July",4,92,"Tillage_Passes","Agricultural",381.473595107562,383.47042650696,-1.99683139939782,0.00316860060218005,0.955110526758648
"July",4,92,"PerennialFrac","Agricultural",381.472023127506,383.47042650696,-1.99840337945312,0.00159662054687715,0.968126822340079
"July",4,92,"MeanSlope_per","Site",383.327763352017,383.47042650696,-0.142663154942113,1.85733684505789,0.172932481430275
"July",4,92,"Hydrologic_Group","Site",382.564564164965,383.47042650696,-0.905862341994293,3.09413765800571,0.212871021615541
"July",5,92,"Tillage_Passes","Agricultural",343.107346494948,338.841719859181,4.26562663576738,6.26562663576738,0.0123102622622086
"July",5,92,"PerennialFrac","Agricultural",337.07799398487,338.841719859181,-1.76372587431058,0.23627412568942,0.626910184431083
"July",5,92,"MeanSlope_per","Site",336.85882204415,338.841719859181,-1.98289781503109,0.0171021849689055,0.895953045128282
"July",5,92,"Hydrologic_Group","Site",338.855008514248,338.841719859181,0.0132886550674698,4.01328865506747,0.134439052011983
"July",6,92,"Tillage_Passes","Agricultural",349.504892482085,350.680185624286,-1.17529314220155,0.824706857798446,0.363807575611724
"July",6,92,"PerennialFrac","Agricultural",349.218021312876,350.680185624286,-1.46216431141005,0.537835688589951,0.463331073878215
"July",6,92,"MeanSlope_per","Site",350.20519320406,350.680185624286,-0.474992420226272,1.52500757977373,0.216863267145172
"July",6,92,"Hydrologic_Group","Site",346.877696027606,350.680185624286,-3.80248959668046,0.197510403319541,0.905964459476234
"July",6,92,"Tile","Site",349.459856905171,350.680185624286,-1.22032871911523,0.77967128088477,0.377241692624808
"July",7,92,"Tillage_Passes","Agricultural",360.756193617864,361.744118166693,-0.987924548828687,1.01207545117131,0.314406138087449
"July",7,92,"PerennialFrac","Agricultural",360.029269146263,361.744118166693,-1.71484902043062,0.28515097956938,0.593344786374809
"July",7,92,"MeanSlope_per","Site",360.099924904041,361.744118166693,-1.64419326265244,0.355806737347564,0.550844339887621
"July",7,92,"Hydrologic_Group","Site",367.524122721302,361.744118166693,5.78000455460875,9.78000455460875,0.00752140534644446
"July",8,92,"Tillage_Passes","Agricultural",387.526971255592,377.374616491538,10.1523547640543,12.1523547640543,0.000490259269842884
"July",8,92,"PerennialFrac","Agricultural",376.068401456825,377.374616491538,-1.30621503471366,0.693784965286341,0.404879949724028
"July",8,92,"MeanSlope_per","Site",375.980115549692,377.374616491538,-1.39450094184593,0.605499058154066,0.436487544903354
"July",8,92,"Hydrologic_Group","Site",378.209628988814,377.374616491538,0.835012497276125,4.83501249727613,0.0891436425867024
"July",9,92,"Tillage_Passes","Agricultural",381.268653146333,382.203820705509,-0.935167559176648,1.06483244082335,0.302115599215108
"July",9,92,"PerennialFrac","Agricultural",380.401208377048,382.203820705509,-1.80261232846141,0.197387671538593,0.65683775663233
"July",9,92,"MeanSlope_per","Site",380.58510024612,382.203820705509,-1.61872045938946,0.381279540610535,0.536919242206486
"July",9,92,"Hydrologic_Group","Site",380.72475193902,382.203820705509,-1.47906876648887,2.52093123351113,0.283521983175426
"July",10,92,"Tillage_Passes","Agricultural",384.974584128585,386.44522655769,-1.47064242910534,0.529357570894661,0.46687707527579
"July",10,92,"PerennialFrac","Agricultural",384.445242104145,386.44522655769,-1.99998445354555,1.55464544491224e-05,0.996854029719781
"July",10,92,"MeanSlope_per","Site",384.486199580527,386.44522655769,-1.95902697716303,0.0409730228369654,0.839590003809774
"July",10,92,"Hydrologic_Group","Site",384.4348805318,386.44522655769,-2.01034602589027,1.98965397410973,0.369787417019959
"July",11,92,"Tillage_Passes","Agricultural",383.965228754792,385.859548628164,-1.8943198733723,0.105680126627703,0.745116893230147
"July",11,92,"PerennialFrac","Agricultural",385.463537027058,385.859548628164,-0.396011601106352,1.60398839889365,0.205338911045809
"July",11,92,"MeanSlope_per","Site",384.303157232613,385.859548628164,-1.55639139555126,0.443608604448741,0.50538585845977
"July",11,92,"Hydrologic_Group","Site",383.005544750598,385.859548628164,-2.85400387756619,1.14599612243381,0.56383249785281
"July",12,92,"Tillage_Passes","Agricultural",365.065046296136,365.846664734424,-0.781618438287865,1.21838156171214,0.269678505163616
"July",12,92,"PerennialFrac","Agricultural",363.934871988685,365.846664734424,-1.91179274573904,0.0882072542609649,0.766468752919581
"July",12,92,"MeanSlope_per","Site",364.588341686627,365.846664734424,-1.25832304779658,0.74167695220342,0.389124219542262
"July",12,92,"Hydrologic_Group","Site",364.811213637576,365.846664734424,-1.03545109684813,2.96454890315187,0.227120525838256
"July",13,92,"Tillage_Passes","Agricultural",370.926979996111,372.9233616255,-1.99638162938868,0.00361837061132064,0.952033863176023
"July",13,92,"PerennialFrac","Agricultural",371.113611109862,372.9233616255,-1.80975051563786,0.190249484362141,0.66270905494626
"July",13,92,"MeanSlope_per","Site",371.223094894139,372.9233616255,-1.70026673136118,0.299733268638818,0.584049685693538
"July",13,92,"Hydrologic_Group","Site",369.394948836731,372.9233616255,-3.52841278876951,0.471587211230485,0.789943697052042
"July",14,92,"Tillage_Passes","Agricultural",378.259640759597,375.025441217179,3.23419954241865,5.23419954241865,0.0221469973716292
"July",14,92,"PerennialFrac","Agricultural",373.639218195646,375.025441217179,-1.3862230215326,0.613776978467399,0.433369244854621
"July",14,92,"MeanSlope_per","Site",373.217526902299,375.025441217179,-1.80791431487955,0.192085685120446,0.66118635961901
"July",14,92,"Hydrologic_Group","Site",372.982696256887,375.025441217179,-2.04274496029188,1.95725503970812,0.375826559531985
"July",15,92,"Tillage_Passes","Agricultural",361.130512806839,361.291838535283,-0.161325728443785,1.83867427155621,0.175106410235868
"July",15,92,"PerennialFrac","Agricultural",359.934143747804,361.291838535283,-1.35769478747903,0.642305212520967,0.42287727705237
"July",15,92,"MeanSlope_per","Site",359.503538678321,361.291838535283,-1.78829985696223,0.211700143037774,0.645438100472425
"July",15,92,"Hydrologic_Group","Site",359.543770842217,361.291838535283,-1.7480676930661,2.2519323069339,0.324338954726504
"July",15,92,"Tile","Site",359.670562343525,361.291838535283,-1.62127619175857,0.378723808241432,0.5382870251004
"July",16,92,"Tillage_Passes","Agricultural",365.965744054744,361.731875916412,4.23386813833275,6.23386813833275,0.0125329671518993
"July",16,92,"PerennialFrac","Agricultural",360.460722089259,361.731875916412,-1.2711538271526,0.728846172847398,0.393257444614126
"July",16,92,"MeanSlope_per","Site",362.271329184204,361.731875916412,0.539453267792965,2.53945326779296,0.111033227582032
"July",16,92,"Hydrologic_Group","Site",358.296190350927,361.731875916412,-3.43568556548439,0.564314434515609,0.754155109014076
"July",16,92,"Tile","Site",360.981274805622,361.731875916412,-0.750601110789887,1.24939888921011,0.263667317240176
"July",17,92,"Tillage_Passes","Agricultural",380.262007597999,382.257681916782,-1.99567431878307,0.00432568121692611,0.947561011749199
"July",17,92,"PerennialFrac","Agricultural",380.288704074607,382.257681916782,-1.96897784217464,0.0310221578253618,0.86019096320798
"July",17,92,"MeanSlope_per","Site",380.53649443858,382.257681916782,-1.7211874782019,0.278812521798102,0.597480590245163
"July",17,92,"Hydrologic_Group","Site",382.406159407497,382.257681916782,0.148477490714811,4.14847749071481,0.125652044296284
"July",17,92,"Tile","Site",380.274642537245,382.257681916782,-1.98303937953654,0.0169606204634647,0.896382128672363
"July",18,92,"Tillage_Passes","Agricultural",390.417620743871,389.052628808273,1.36499193559808,3.36499193559808,0.0665959101452309
"July",18,92,"PerennialFrac","Agricultural",387.053088768704,389.052628808273,-1.99954003956805,0.000459960431953732,0.982889330372065
"July",18,92,"MeanSlope_per","Site",388.911123108921,389.052628808273,-0.141505699351171,1.85849430064883,0.172798680173503
"July",18,92,"Hydrologic_Group","Site",385.874218650765,389.052628808273,-3.17841015750793,0.821589842492074,0.663122910077226
"July",19,92,"Tillage_Passes","Agricultural",364.481462722052,364.674649868807,-0.193187146754894,1.80681285324511,0.178891031513836
"July",19,92,"PerennialFrac","Agricultural",362.76874499894,364.674649868807,-1.90590486986713,0.094095130132871,0.759034205200469
"July",19,92,"MeanSlope_per","Site",363.797449163281,364.674649868807,-0.877200705525752,1.12279929447425,0.289316490955004
"July",19,92,"Hydrologic_Group","Site",363.364759802154,364.674649868807,-1.30989006665249,2.69010993334751,0.260525387252435
"July",20,92,"Tillage_Passes","Agricultural",377.180074442615,379.107351815835,-1.92727737322036,0.0727226267796368,0.787413118180049
"July",20,92,"PerennialFrac","Agricultural",377.298316867045,379.107351815835,-1.80903494878999,0.190965051210014,0.662114624665119
"July",20,92,"MeanSlope_per","Site",377.145866616778,379.107351815835,-1.96148519905722,0.038514800942778,0.844413022043203
"July",20,92,"Hydrologic_Group","Site",376.576554031621,379.107351815835,-2.53079778421369,1.46920221578631,0.479696768070976
"July",21,92,"Tillage_Passes","Agricultural",394.995717323825,396.705016416121,-1.70929909229613,0.290700907703865,0.58977172191109
"July",21,92,"PerennialFrac","Agricultural",394.715341474267,396.705016416121,-1.9896749418541,0.0103250581458951,0.919064421331669
"July",21,92,"MeanSlope_per","Site",398.129839396743,396.705016416121,1.42482298062203,3.42482298062203,0.0642231281047682
"July",21,92,"Hydrologic_Group","Site",401.287776122947,396.705016416121,4.58275970682581,8.58275970682581,0.0136860275504785
"July",21,92,"Tile","Site",394.810069221758,396.705016416121,-1.89494719436334,0.10505280563666,0.745848317147701
"July",22,92,"Tillage_Passes","Agricultural",385.381229251341,387.371543836838,-1.99031458549717,0.00968541450282601,0.921603158444242
"July",22,92,"PerennialFrac","Agricultural",385.374583959633,387.371543836838,-1.99695987720446,0.00304012279553945,0.95602907340428
"July",22,92,"MeanSlope_per","Site",388.344107789894,387.371543836838,0.97256395305584,2.97256395305584,0.0846875338199936
"July",22,92,"Hydrologic_Group","Site",387.329491967765,387.371543836838,-0.04205186907285,3.95794813092715,0.138210959996536
"July",23,92,"Tillage_Passes","Agricultural",387.415280293194,389.286754636886,-1.87147434369172,0.128525656308284,0.719965613259982
"July",23,92,"PerennialFrac","Agricultural",387.909940492772,389.286754636886,-1.37681414411327,0.623185855886732,0.429865859970117
"July",23,92,"MeanSlope_per","Site",387.359148486604,389.286754636886,-1.92760615028141,0.0723938497185941,0.787882701521144
"July",23,92,"Hydrologic_Group","Site",392.458753548184,389.286754636886,3.17199891129883,7.17199891129883,0.0277089599096469
"July",24,92,"Tillage_Passes","Agricultural",389.518501665325,391.294042231355,-1.77554056602929,0.224459433970708,0.635662860274689
"July",24,92,"PerennialFrac","Agricultural",390.712546817236,391.294042231355,-0.581495414118478,1.41850458588152,0.233649697770736
"July",24,92,"MeanSlope_per","Site",389.993488443867,391.294042231355,-1.30055378748767,0.699446212512328,0.402969837443653
"July",24,92,"Hydrologic_Group","Site",388.122885504748,391.294042231355,-3.17115672660628,0.828843273393716,0.660722307755493
"July",24,92,"Tile","Site",389.464627494526,391.294042231355,-1.82941473682905,0.170585263170949,0.679592188780317
"July",25,92,"Tillage_Passes","Agricultural",387.836739946872,388.450809749442,-0.614069802569361,1.38593019743064,0.239093595979109
"July",25,92,"PerennialFrac","Agricultural",386.541840607226,388.450809749442,-1.90896914221616,0.091030857783835,0.762870701362223
"July",25,92,"MeanSlope_per","Site",386.530798147635,388.450809749442,-1.92001160180723,0.0799883981927678,0.77731313380871
"July",25,92,"Hydrologic_Group","Site",388.139572832443,388.450809749442,-0.311236916999178,3.68876308300082,0.158123083220358
"July",26,92,"Tillage_Passes","Agricultural",358.528271642139,360.283724257044,-1.75545261490498,0.244547385095018,0.620940873670075
"July",26,92,"PerennialFrac","Agricultural",359.014379161101,360.283724257044,-1.26934509594275,0.730654904057246,0.392670990943426
"July",26,92,"MeanSlope_per","Site",358.507757802391,360.283724257044,-1.77596645465331,0.224033545346686,0.635983597102395
"July",26,92,"Hydrologic_Group","Site",358.917592870421,360.283724257044,-1.36613138662278,2.63386861337722,0.267955513490421
"July",26,92,"Tile","Site",358.386585615802,360.283724257044,-1.89713864124178,0.102861358758219,0.748422541829843
"July",27,92,"Tillage_Passes","Agricultural",385.856167348377,387.142301800796,-1.28613445241876,0.713865547581236,0.398163522889161
"July",27,92,"PerennialFrac","Agricultural",385.579758622967,387.142301800796,-1.56254317782879,0.437456822171214,0.508352499990715
"July",27,92,"MeanSlope_per","Site",386.495500165042,387.142301800796,-0.646801635753718,1.35319836424628,0.244719751809987
"July",27,92,"Hydrologic_Group","Site",386.347497546071,387.142301800796,-0.794804254724852,3.20519574527515,0.201372697259316
"July",28,92,"Tillage_Passes","Agricultural",368.817350659406,370.76160420912,-1.94425354971384,0.0557464502861649,0.813349749338394
"July",28,92,"PerennialFrac","Agricultural",369.161444534967,370.76160420912,-1.60015967415364,0.399840325846355,0.527171730755926
"July",28,92,"MeanSlope_per","Site",369.45477927717,370.76160420912,-1.30682493195036,0.693175068049641,0.405086517465328
"July",28,92,"Hydrologic_Group","Site",367.432745582511,370.76160420912,-3.3288586266097,0.671141373390299,0.714929968888825
"July",29,92,"Tillage_Passes","Agricultural",393.222310865724,394.815125186414,-1.59281432068997,0.407185679310032,0.52340141073532
"July",29,92,"PerennialFrac","Agricultural",393.009836257236,394.815125186414,-1.80528892917766,0.194711070822336,0.659024220181661
"July",29,92,"MeanSlope_per","Site",392.904780221874,394.815125186414,-1.9103449645396,0.089655035460396,0.76461616544312
"July",29,92,"Hydrologic_Group","Site",393.105468372587,394.815125186414,-1.70965681382694,2.29034318617306,0.318169317450812
"July",30,92,"Tillage_Passes","Agricultural",370.744533826401,370.100175495874,0.644358330527041,2.64435833052704,0.103918108821348
"July",30,92,"PerennialFrac","Agricultural",372.144500014621,370.100175495874,2.04432451874715,4.04432451874715,0.0443201122413687
"July",30,92,"MeanSlope_per","Site",368.171629813493,370.100175495874,-1.92854568238079,0.0714543176192137,0.789230946569995
"July",30,92,"Hydrologic_Group","Site",367.257337264932,370.100175495874,-2.84283823094177,1.15716176905823,0.560693491052807
"July",31,92,"Tillage_Passes","Agricultural",395.342141733476,396.477997071146,-1.13585533766951,0.864144662330489,0.352581430599038
"July",31,92,"PerennialFrac","Agricultural",399.036345760208,396.477997071146,2.55834868906248,4.55834868906248,0.0327586440867978
"July",31,92,"MeanSlope_per","Site",394.590111948507,396.477997071146,-1.88788512263852,0.112114877361478,0.737749106025518
"July",31,92,"Hydrologic_Group","Site",393.91501899659,396.477997071146,-2.56297807455587,1.43702192544413,0.487477588103497
"July",32,92,"Tillage_Passes","Agricultural",372.248804998821,374.223026373633,-1.97422137481288,0.0257786251871153,0.872442140619079
"July",32,92,"PerennialFrac","Agricultural",373.192777623178,374.223026373633,-1.03024875045537,0.969751249544629,0.324742224373423
"July",32,92,"MeanSlope_per","Site",373.904922605682,374.223026373633,-0.318103767951129,1.68189623204887,0.194672678327266
"July",32,92,"Hydrologic_Group","Site",371.430937197949,374.223026373633,-2.79208917568485,1.20791082431515,0.546645147378914
"July",33,92,"Tillage_Passes","Agricultural",380.588383441219,379.235758061953,1.35262537926548,3.35262537926548,0.0670979191056023
"July",33,92,"PerennialFrac","Agricultural",377.315413574184,379.235758061953,-1.92034448776894,0.0796555122310565,0.777764793670763
"July",33,92,"MeanSlope_per","Site",377.57446006153,379.235758061953,-1.66129800042353,0.338701999576472,0.560579412228918
"July",33,92,"Hydrologic_Group","Site",378.437691713498,379.235758061953,-0.798066348455791,3.20193365154421,0.201701413568951
"July",34,92,"Tillage_Passes","Agricultural",377.313763218718,378.860015558354,-1.54625233963645,0.453747660363547,0.500560602202834
"July",34,92,"PerennialFrac","Agricultural",377.8084240325,378.860015558354,-1.05159152585418,0.948408474145822,0.330124737620007
"July",34,92,"MeanSlope_per","Site",378.447403752664,378.860015558354,-0.412611805689949,1.58738819431005,0.207699685207734
"July",34,92,"Hydrologic_Group","Site",379.764339082957,378.860015558354,0.904323524602432,4.90432352460243,0.086107241766318
"July",35,92,"Tillage_Passes","Agricultural",357.295154534213,358.814480149295,-1.51932561508249,0.480674384917506,0.488117006679507
"July",35,92,"PerennialFrac","Agricultural",360.979198300432,358.814480149295,2.16471815113636,4.16471815113636,0.0412742795718985
"July",35,92,"MeanSlope_per","Site",356.963277794866,358.814480149295,-1.85120235442969,0.148797645570312,0.699687029265509
"July",35,92,"Hydrologic_Group","Site",354.935022018689,358.814480149295,-3.87945813060679,0.120541869393207,0.941509411458348
"July",35,92,"Tile","Site",357.034465681248,358.814480149295,-1.78001446804785,0.219985531952148,0.639050942518082
"July",36,92,"Tillage_Passes","Agricultural",387.05979511703,387.797994996334,-0.738199879304716,1.26180012069528,0.261310627170677
"July",36,92,"PerennialFrac","Agricultural",387.305645769281,387.797994996334,-0.49234922705341,1.50765077294659,0.219497907816224
"July",36,92,"MeanSlope_per","Site",389.61428858241,387.797994996334,1.81629358607597,3.81629358607597,0.0507563981035781
"July",36,92,"Hydrologic_Group","Site",390.558272308217,387.797994996334,2.76027731188304,6.76027731188304,0.0340427341799807
"July",37,92,"Tillage_Passes","Agricultural",380.462658483474,382.289956601714,-1.82729811823981,0.17270188176019,0.677721638909832
"July",37,92,"PerennialFrac","Agricultural",380.403908715564,382.289956601714,-1.88604788614936,0.113952113850644,0.735688805808828
"July",37,92,"MeanSlope_per","Site",382.429017964661,382.289956601714,0.139061362947757,2.13906136294776,0.143589723905471
"July",37,92,"Hydrologic_Group","Site",379.393244578924,382.289956601714,-2.89671202279015,1.10328797720985,0.576002090700236
"July",38,92,"Tillage_Passes","Agricultural",411.405191409061,413.296107012754,-1.8909156036928,0.109084396307196,0.741188954922762
"July",38,92,"PerennialFrac","Agricultural",411.547806548213,413.296107012754,-1.7483004645407,0.251699535459295,0.615880916545026
"July",38,92,"MeanSlope_per","Site",413.664465815678,413.296107012754,0.368358802923979,2.36835880292398,0.123817161597971
"July",38,92,"Hydrologic_Group","Site",414.688893189789,413.296107012754,1.39278617703508,5.39278617703508,0.0674483547669062
"July",39,92,"Tillage_Passes","Agricultural",373.241550754233,374.16404111533,-0.922490361096834,1.07750963890317,0.299255335476694
"July",39,92,"PerennialFrac","Agricultural",372.896152686983,374.16404111533,-1.26788842834713,0.732111571652865,0.392199601056391
"July",39,92,"MeanSlope_per","Site",374.541940902545,374.16404111533,0.377899787214858,2.37789978721486,0.123062894704815
"July",39,92,"Hydrologic_Group","Site",378.680411420358,374.16404111533,4.51637030502786,8.51637030502786,0.0141479555063781
"July",40,92,"Tillage_Passes","Agricultural",389.853535550003,389.519111868423,0.334423681580176,2.33442368158018,0.126541815669804
"July",40,92,"PerennialFrac","Agricultural",394.483613714872,389.519111868423,4.96450184644954,6.96450184644954,0.00831425771149619
"July",40,92,"MeanSlope_per","Site",388.016580830482,389.519111868423,-1.5025310379404,0.4974689620596,0.480614354378968
"July",40,92,"Hydrologic_Group","Site",388.031620588745,389.519111868423,-1.48749127967778,2.51250872032222,0.28471848461574
"July",41,92,"Tillage_Passes","Agricultural",386.477821196484,386.767340215188,-0.289519018704368,1.71048098129563,0.190922977529454
"July",41,92,"PerennialFrac","Agricultural",385.376692460135,386.767340215188,-1.39064775505312,0.609352244946876,0.435031805642776
"July",41,92,"MeanSlope_per","Site",384.777326920647,386.767340215188,-1.99001329454154,0.00998670545845926,0.920397116194237
"July",41,92,"Hydrologic_Group","Site",383.723978190707,386.767340215188,-3.04336202448127,0.956637975518731,0.619824449031886
"July",42,92,"Tillage_Passes","Agricultural",407.119730722436,409.050401809078,-1.93067108664189,0.0693289133581061,0.79231639844297
"July",42,92,"PerennialFrac","Agricultural",407.13328808784,409.050401809078,-1.91711372123774,0.0828862787622597,0.773423461388095
"July",42,92,"MeanSlope_per","Site",407.051232332913,409.050401809078,-1.99916947616481,0.000830523835190888,0.977009098548339
"July",42,92,"Hydrologic_Group","Site",408.14965066782,409.050401809078,-0.900751141257956,3.09924885874204,0.212327702902785
"July",43,92,"Tillage_Passes","Agricultural",374.405784177504,376.020820324146,-1.61503614664161,0.384963853358386,0.534958565459073
"July",43,92,"PerennialFrac","Agricultural",374.352777270901,376.020820324146,-1.66804305324519,0.331956946754815,0.564509032743843
"July",43,92,"MeanSlope_per","Site",374.979435354867,376.020820324146,-1.04138496927851,0.958615030721489,0.327536066631869
"July",43,92,"Hydrologic_Group","Site",373.669118607589,376.020820324146,-2.35170171655739,1.64829828344261,0.438608027013563
"July",44,92,"Tillage_Passes","Agricultural",390.428655169372,392.422602233549,-1.99394706417718,0.00605293582282229,0.937986656577789
"July",44,92,"PerennialFrac","Agricultural",390.589748203864,392.422602233549,-1.83285402968482,0.167145970315175,0.682660830764759
"July",44,92,"MeanSlope_per","Site",393.44024368509,392.422602233549,1.01764145154067,3.01764145154067,0.0823631698720224
"July",44,92,"Hydrologic_Group","Site",390.247323311939,392.422602233549,-2.17527892161036,1.82472107838964,0.401575170405771
"July",45,92,"Tillage_Passes","Agricultural",397.897657844719,399.485485512926,-1.5878276682065,0.412172331793499,0.52086896981842
"July",45,92,"PerennialFrac","Agricultural",398.067936782969,399.485485512926,-1.41754872995642,0.582451270043578,0.445353102175248
"July",45,92,"MeanSlope_per","Site",398.585110782372,399.485485512926,-0.900374730553324,1.09962526944668,0.294348356697993
"July",45,92,"Hydrologic_Group","Site",397.01020969528,399.485485512926,-2.47527581764575,1.52472418235425,0.466563059908697
"July",46,92,"Tillage_Passes","Agricultural",398.587996378757,400.587192082309,-1.99919570355161,0.000804296448393416,0.977374930436793
"July",46,92,"PerennialFrac","Agricultural",401.554309380897,400.587192082309,0.967117298588278,2.96711729858828,0.084973148740311
"July",46,92,"MeanSlope_per","Site",399.16808661684,400.587192082309,-1.41910546546944,0.580894534530557,0.445961905425749
"July",46,92,"Hydrologic_Group","Site",398.328643751545,400.587192082309,-2.25854833076409,1.74145166923591,0.418647570042609
"July",47,92,"Tillage_Passes","Agricultural",376.005773975067,377.565230919969,-1.5594569449018,0.440543055098203,0.506860462206903
"July",47,92,"PerennialFrac","Agricultural",375.669319937746,377.565230919969,-1.89591098222309,0.104089017776914,0.746976761175797
"July",47,92,"MeanSlope_per","Site",378.217240974951,377.565230919969,0.652010054981815,2.65201005498182,0.103419052017458
"July",47,92,"Hydrologic_Group","Site",379.310090013242,377.565230919969,1.74485909327302,5.74485909327302,0.0565613410963325
"July",47,92,"Tile","Site",375.890075954411,377.565230919969,-1.67515496555791,0.324845034442092,0.56871040195523
"July",48,92,"Tillage_Passes","Agricultural",395.165548982911,396.735175763913,-1.56962678100206,0.430373218997943,0.5118058721887
"July",48,92,"PerennialFrac","Agricultural",394.910127361388,396.735175763913,-1.82504840252511,0.174951597474887,0.675748144146444
"July",48,92,"MeanSlope_per","Site",394.850966612763,396.735175763913,-1.88420915115,0.115790848849997,0.733645267274332
"July",48,92,"Hydrologic_Group","Site",396.248572036491,396.735175763913,-0.486603727422278,3.51339627257772,0.172613871391359
"July",49,92,"Tillage_Passes","Agricultural",380.26083362331,380.251048389369,0.00978523394098829,2.00978523394099,0.156287441218142
"July",49,92,"PerennialFrac","Agricultural",383.993326783893,380.251048389369,3.74227839452391,5.74227839452391,0.0165612960390101
"July",49,92,"MeanSlope_per","Site",379.494774037413,380.251048389369,-0.756274351955483,1.24372564804452,0.264754236853624
"July",49,92,"Hydrologic_Group","Site",378.961486727022,380.251048389369,-1.28956166234696,2.71043833765304,0.257890766640789
"July",50,92,"Tillage_Passes","Agricultural",374.93371196716,376.925217223295,-1.99150525613487,0.00849474386512838,0.926565408424156
"July",50,92,"PerennialFrac","Agricultural",375.021216104857,376.925217223295,-1.90400111843792,0.0959988815620818,0.756685017603052
"July",50,92,"MeanSlope_per","Site",375.447721885602,376.925217223295,-1.47749533769365,0.522504662306346,0.469775215569579
"July",50,92,"Hydrologic_Group","Site",373.387485879804,376.925217223295,-3.53773134349154,0.462268656508456,0.793632851559287
"July",51,92,"Tillage_Passes","Agricultural",352.019522081043,354.019422171692,-1.99990009064811,9.99093518885275e-05,0.992024904346303
"July",51,92,"PerennialFrac","Agricultural",353.977251373479,354.019422171692,-0.0421707982126804,1.95782920178732,0.161745671812207
"July",51,92,"MeanSlope_per","Site",352.094138510517,354.019422171692,-1.92528366117466,0.0747163388253398,0.784589644071938
"July",51,92,"Hydrologic_Group","Site",351.003734073616,354.019422171692,-3.01568809807532,0.984311901924684,0.61130702447956
"July",51,92,"Tile","Site",352.026449812827,354.019422171692,-1.99297235886428,0.0070276411357213,0.933190778633377
"July",52,92,"Tillage_Passes","Agricultural",400.472881927449,399.291134554066,1.18174737338342,3.18174737338342,0.0744650580123229
"July",52,92,"PerennialFrac","Agricultural",398.570504618337,399.291134554066,-0.720629935728368,1.27937006427163,0.258016194033245
"July",52,92,"MeanSlope_per","Site",397.429228691133,399.291134554066,-1.86190586293299,0.138094137067014,0.710183097313934
"July",52,92,"Hydrologic_Group","Site",396.707845893132,399.291134554066,-2.58328866093314,1.41671133906686,0.492453288017384
"July",53,92,"Tillage_Passes","Agricultural",384.503270624474,385.842019425967,-1.3387488014929,0.661251198507102,0.416118570406447
"July",53,92,"PerennialFrac","Agricultural",383.948658260217,385.842019425967,-1.89336116574952,0.106638834250475,0.74400371217858
"July",53,92,"MeanSlope_per","Site",383.917710270463,385.842019425967,-1.92430915550341,0.0756908444965916,0.783224283710494
"July",53,92,"Hydrologic_Group","Site",388.865475576721,385.842019425967,3.02345615075404,7.02345615075404,0.0298452949292847
"July",54,92,"Tillage_Passes","Agricultural",393.301912538125,395.21580827207,-1.91389573394497,0.0861042660550311,0.769189458852569
"July",54,92,"PerennialFrac","Agricultural",393.218657223196,395.21580827207,-1.997151048874,0.0028489511259977,0.957432672363556
"July",54,92,"MeanSlope_per","Site",394.040655617961,395.21580827207,-1.17515265410901,0.824847345890987,0.363766717037017
"July",54,92,"Hydrologic_Group","Site",393.604891142186,395.21580827207,-1.61091712988349,2.38908287011651,0.302842795434691
"July",54,92,"Tile","Site",393.216403930811,395.21580827207,-1.99940434125909,0.000595658740905947,0.980528665951497
"July",55,92,"Tillage_Passes","Agricultural",378.775882738952,376.912694298435,1.86318844051749,3.86318844051749,0.0493564488943802
"July",55,92,"PerennialFrac","Agricultural",375.004006800484,376.912694298435,-1.90868749795095,0.0913125020490497,0.762515165463021
"July",55,92,"MeanSlope_per","Site",378.365440671563,376.912694298435,1.45274637312775,3.45274637312775,0.0631467629636805
"July",55,92,"Hydrologic_Group","Site",373.847823852027,376.912694298435,-3.06487044640818,0.935129553591821,0.626526143043532
"July",56,92,"Tillage_Passes","Agricultural",368.772326118208,369.824506654171,-1.05218053596298,0.947819464037025,0.330274955704283
"July",56,92,"PerennialFrac","Agricultural",368.302590156802,369.824506654171,-1.52191649736909,0.478083502630909,0.489291695969146
"July",56,92,"MeanSlope_per","Site",368.417821403714,369.824506654171,-1.40668525045731,0.593314749542685,0.441140180629616
"July",56,92,"Hydrologic_Group","Site",367.844627031653,369.824506654171,-1.97987962251841,2.02012037748159,0.364197058349481
"July",57,92,"Tillage_Passes","Agricultural",410.945665417953,407.700275536994,3.24538988095907,5.24538988095907,0.0220049968188704
"July",57,92,"PerennialFrac","Agricultural",406.098152457615,407.700275536994,-1.60212307937877,0.397876920621229,0.528187745240751
"July",57,92,"MeanSlope_per","Site",405.712599261609,407.700275536994,-1.98767627538524,0.0123237246147596,0.911606614949777
"July",57,92,"Hydrologic_Group","Site",404.268055880102,407.700275536994,-3.43221965689224,0.567780343107756,0.752849324437287
"July",58,92,"Tillage_Passes","Agricultural",380.634559117265,377.5078122397,3.1267468775651,5.1267468775651,0.0235598449521344
"July",58,92,"PerennialFrac","Agricultural",375.576573529018,377.5078122397,-1.93123871068195,0.0687612893180471,0.793148952455531
"July",58,92,"MeanSlope_per","Site",375.662743493201,377.5078122397,-1.84506874649941,0.154931253500592,0.693866725850188
"July",58,92,"Hydrologic_Group","Site",378.468781004631,377.5078122397,0.960968764930328,4.96096876493033,0.0837026716647414
"July",59,92,"Tillage_Passes","Agricultural",409.702969293104,411.574126657757,-1.87115736465296,0.128842635347041,0.719635065079844
"July",59,92,"PerennialFrac","Agricultural",410.820377588612,411.574126657757,-0.75374906914476,1.24625093085524,0.264269739048293
"July",59,92,"MeanSlope_per","Site",410.512501514849,411.574126657757,-1.06162514290764,0.938374857092356,0.332696137555544
"July",59,92,"Hydrologic_Group","Site",411.441679364171,411.574126657757,-0.132447293585983,3.86755270641402,0.144601101285091
"July",59,92,"Tile","Site",409.5779536815,411.574126657757,-1.9961729762561,0.0038270237438951,0.950671977975342
"July",60,92,"Tillage_Passes","Agricultural",357.793194541172,359.146079809016,-1.35288526784387,0.647114732156126,0.421146130772441
"July",60,92,"PerennialFrac","Agricultural",359.820574840562,359.146079809016,0.674495031546485,2.67449503154648,0.101967664578152
"July",60,92,"MeanSlope_per","Site",357.295786522158,359.146079809016,-1.85029328685766,0.149706713142336,0.698815791385575
"July",60,92,"Hydrologic_Group","Site",356.794274571335,359.146079809016,-2.35180523768145,1.64819476231855,0.438630730199112
"July",61,92,"Tillage_Passes","Agricultural",394.372489345782,393.78476793746,0.587721408321897,2.5877214083219,0.107695166864243
"July",61,92,"PerennialFrac","Agricultural",392.343698692694,393.78476793746,-1.44106924476552,0.558930755234485,0.454691378579625
"July",61,92,"MeanSlope_per","Site",392.490654545215,393.78476793746,-1.29411339224492,0.705886607755076,0.400812749858243
"July",61,92,"Hydrologic_Group","Site",390.035555057779,393.78476793746,-3.74921287968112,0.250787120318876,0.882149655298742
"July",61,92,"Tile","Site",391.807649506708,393.78476793746,-1.97711843075194,0.0228815692480566,0.879765454589511
"July",62,92,"Tillage_Passes","Agricultural",372.002142368707,373.609998011039,-1.60785564233248,0.392144357667519,0.531174384650272
"July",62,92,"PerennialFrac","Agricultural",375.186972344052,373.609998011039,1.57697433301286,3.57697433301286,0.0585857674095136
"July",62,92,"MeanSlope_per","Site",372.335518154771,373.609998011039,-1.2744798562681,0.725520143731899,0.394339149674965
"July",62,92,"Hydrologic_Group","Site",370.987051180395,373.609998011039,-2.62294683064414,1.37705316935586,0.502315643647863
"July",63,92,"Tillage_Passes","Agricultural",347.129955761665,348.597157514911,-1.46720175324617,0.532798246753828,0.465432788515358
"July",63,92,"PerennialFrac","Agricultural",346.718629629373,348.597157514911,-1.87852788553846,0.12147211446154,0.727443314935637
"July",63,92,"MeanSlope_per","Site",346.601729945895,348.597157514911,-1.99542756901599,0.0045724309840125,0.946088330837032
"July",63,92,"Hydrologic_Group","Site",345.263125841146,348.597157514911,-3.3340316737652,0.665968326234804,0.716781545650999
"July",63,92,"Tile","Site",348.650505811378,348.597157514911,0.0533482964663108,2.05334829646631,0.151871868112994
"July",64,92,"Tillage_Passes","Agricultural",386.677814632065,386.339708485315,0.338106146749396,2.3381061467494,0.126242951165571
"July",64,92,"PerennialFrac","Agricultural",384.479962397941,386.339708485315,-1.8597460873745,0.140253912625496,0.708028719183892
"July",64,92,"MeanSlope_per","Site",387.808806276642,386.339708485315,1.46909779132693,3.46909779132693,0.0625254046534155
"July",64,92,"Hydrologic_Group","Site",389.874153098504,386.339708485315,3.53444461318901,7.53444461318901,0.0231161838638257
"July",64,92,"Tile","Site",384.379239760905,386.339708485315,-1.96046872441013,0.0395312755898658,0.842399845854585
"July",65,92,"Tillage_Passes","Agricultural",365.734298583312,362.851552476684,2.88274610662887,4.88274610662887,0.0271264295030357
"July",65,92,"PerennialFrac","Agricultural",366.502600818016,362.851552476684,3.651048341332,5.651048341332,0.0174449400405716
"July",65,92,"MeanSlope_per","Site",361.858351283277,362.851552476684,-0.993201193406833,1.00679880659317,0.315670969169622
"July",65,92,"Hydrologic_Group","Site",359.362986985734,362.851552476684,-3.4885654909495,0.511434509050503,0.774360884878045
"July",65,92,"Tile","Site",360.87670742648,362.851552476684,-1.97484505020367,0.025154949796331,0.873981570204876
"July",66,92,"Tillage_Passes","Agricultural",393.531343492846,390.187352444615,3.34399104823149,5.34399104823149,0.020793813976885
"July",66,92,"PerennialFrac","Agricultural",388.35943374067,390.187352444615,-1.82791870394504,0.172081296054955,0.678268679607325
"July",66,92,"MeanSlope_per","Site",388.275995366135,390.187352444615,-1.91135707847997,0.0886429215200337,0.765909541122068
"July",66,92,"Hydrologic_Group","Site",390.016214265006,390.187352444615,-0.171138179608306,3.82886182039169,0.147425707184638
"July",67,92,"Tillage_Passes","Agricultural",349.679029407402,349.54012027546,0.138909131941944,2.13890913194194,0.143603974551192
"July",67,92,"PerennialFrac","Agricultural",353.393862517702,349.54012027546,3.85374224224125,5.85374224224125,0.0155439627190618
"July",67,92,"MeanSlope_per","Site",348.761233610781,349.54012027546,-0.778886664679646,1.22111333532035,0.269142270140408
"July",67,92,"Hydrologic_Group","Site",346.897253809462,349.54012027546,-2.64286646599822,1.35713353400178,0.507343613141013
"July",68,92,"Tillage_Passes","Agricultural",419.422956658355,420.070591993744,-0.647635335388713,1.35236466461129,0.244865148020183
"July",68,92,"PerennialFrac","Agricultural",420.751925846439,420.070591993744,0.681333852694877,2.68133385269488,0.101530654262492
"July",68,92,"MeanSlope_per","Site",418.263005348143,420.070591993744,-1.80758664560051,0.192413354399491,0.660915548337835
"July",68,92,"Hydrologic_Group","Site",421.805536628532,420.070591993744,1.73494463478846,5.73494463478846,0.0568424247528435
"July",69,92,"Tillage_Passes","Agricultural",367.670723351928,369.536811881785,-1.86608852985677,0.133911470143232,0.714410473186363
"July",69,92,"PerennialFrac","Agricultural",369.430481183909,369.536811881785,-0.106330697875819,1.89366930212418,0.168788640647691
"July",69,92,"MeanSlope_per","Site",367.596963575577,369.536811881785,-1.93984830620758,0.0601516937924202,0.806256342771536
"July",69,92,"Hydrologic_Group","Site",369.051133296251,369.536811881785,-0.485678585533776,3.51432141446622,0.172534043694288
"July",70,92,"Tillage_Passes","Agricultural",390.338538892688,392.302934746793,-1.96439585410548,0.0356041458945242,0.850335312368541
"July",70,92,"PerennialFrac","Agricultural",390.986833322462,392.302934746793,-1.31610142433118,0.68389857566882,0.408247487546209
"July",70,92,"MeanSlope_per","Site",390.734759625696,392.302934746793,-1.56817512109757,0.431824878902432,0.511094863916373
"July",70,92,"Hydrologic_Group","Site",390.954274336826,392.302934746793,-1.34866040996684,2.65133959003316,0.265624985201202
"July",71,92,"Tillage_Passes","Agricultural",367.114248804983,369.06032556408,-1.94607675909668,0.0539232409033161,0.816371973225259
"July",71,92,"PerennialFrac","Agricultural",367.137679970068,369.06032556408,-1.92264559401224,0.0773544059877622,0.7809151766399
"July",71,92,"MeanSlope_per","Site",369.985273675774,369.06032556408,0.924948111694164,2.92494811169416,0.0872200289750953
"July",71,92,"Hydrologic_Group","Site",366.221125853118,369.06032556408,-2.83919971096236,1.16080028903764,0.559674371121188
"July",72,92,"Tillage_Passes","Agricultural",405.619978457973,407.604150708999,-1.98417225102639,0.0158277489736065,0.899883606645061
"July",72,92,"PerennialFrac","Agricultural",405.982765500418,407.604150708999,-1.62138520858139,0.378614791418613,0.538345510376717
"July",72,92,"MeanSlope_per","Site",406.616114130816,407.604150708999,-0.988036578183198,1.0119634218168,0.314432923000731
"July",72,92,"Hydrologic_Group","Site",405.572535195317,407.604150708999,-2.03161551368248,1.96838448631752,0.373740996888971
"July",73,92,"Tillage_Passes","Agricultural",400.235550796334,401.375079418457,-1.13952862212312,0.860471377876877,0.353606813463144
"July",73,92,"PerennialFrac","Agricultural",399.375486851596,401.375079418457,-1.99959256686151,0.000407433138491342,0.983895815184804
"July",73,92,"MeanSlope_per","Site",401.609671243878,401.375079418457,0.234591825420239,2.23459182542024,0.134952257690532
"July",73,92,"Hydrologic_Group","Site",400.095053439303,401.375079418457,-1.28002597915446,2.71997402084554,0.256664110890193
"July",74,92,"Tillage_Passes","Agricultural",391.494136443709,392.492180093869,-0.998043650160355,1.00195634983965,0.316837591070222
"July",74,92,"PerennialFrac","Agricultural",390.748726601193,392.492180093869,-1.74345349267645,0.256546507323549,0.612502740121177
"July",74,92,"MeanSlope_per","Site",391.625147515861,392.492180093869,-0.867032578008832,1.13296742199117,0.287143266435884
"July",74,92,"Hydrologic_Group","Site",395.07329803054,392.492180093869,2.58111793667041,6.58111793667041,0.0372330314928553
"July",75,92,"Tillage_Passes","Agricultural",379.224824937553,380.434902968538,-1.21007803098558,0.789921969014415,0.37412372139541
"July",75,92,"PerennialFrac","Agricultural",378.57004305363,380.434902968538,-1.86485991490861,0.135140085091393,0.713161041705988
"July",75,92,"MeanSlope_per","Site",378.435390982529,380.434902968538,-1.99951198600922,0.000488013990775471,0.982375334815949
"July",75,92,"Hydrologic_Group","Site",380.996835569999,380.434902968538,0.561932601460342,4.56193260146034,0.102185417149805
"July",76,92,"Tillage_Passes","Agricultural",383.147887404821,384.094018490972,-0.94613108615016,1.05386891384984,0.304617720908182
"July",76,92,"PerennialFrac","Agricultural",383.762364759879,384.094018490972,-0.331653731092388,1.66834626890761,0.196480184579084
"July",76,92,"MeanSlope_per","Site",382.165433907003,384.094018490972,-1.92858458396881,0.0714154160311864,0.789286975250707
"July",76,92,"Hydrologic_Group","Site",383.640697564145,384.094018490972,-0.453320926826962,3.54667907317304,0.169765104340621
"July",77,92,"Tillage_Passes","Agricultural",392.166769787336,392.909207096947,-0.742437309610409,1.25756269038959,0.26211294472943
"July",77,92,"PerennialFrac","Agricultural",391.532105795725,392.909207096947,-1.37710130122213,0.622898698777874,0.429972146682113
"July",77,92,"MeanSlope_per","Site",391.460792521345,392.909207096947,-1.44841457560182,0.551585424398183,0.45767061326745
"July",77,92,"Hydrologic_Group","Site",390.466797612515,392.909207096947,-2.44240948443132,1.55759051556868,0.458958605178703
"July",78,92,"Tillage_Passes","Agricultural",401.955558067397,401.388316795009,0.567241272388515,2.56724127238851,0.109097839746149
"July",78,92,"PerennialFrac","Agricultural",400.946923569423,401.388316795009,-0.441393225586125,1.55860677441387,0.211869331921696
"July",78,92,"MeanSlope_per","Site",399.691021236927,401.388316795009,-1.69729555808209,0.302704441917911,0.582191925077121
"July",78,92,"Hydrologic_Group","Site",398.367081348439,401.388316795009,-3.02123544656985,0.978764553430153,0.613004944680753
"July",79,92,"Tillage_Passes","Agricultural",384.481582482729,382.980277623152,1.50130485957675,3.50130485957675,0.0613204962961427
"July",79,92,"PerennialFrac","Agricultural",380.981139707223,382.980277623152,-1.99913791592911,0.000862084070888613,0.976576462967836
"July",79,92,"MeanSlope_per","Site",383.599622866705,382.980277623152,0.619345243553369,2.61934524355337,0.10556799315176
"July",79,92,"Hydrologic_Group","Site",380.310912491843,382.980277623152,-2.66936513130884,1.33063486869116,0.514110305533447
"July",79,92,"Tile","Site",381.897777336213,382.980277623152,-1.08250028693931,0.917499713060693,0.33813232348105
"July",80,92,"Tillage_Passes","Agricultural",378.990669810813,380.909833401043,-1.91916359022986,0.0808364097701428,0.776167118058878
"July",80,92,"PerennialFrac","Agricultural",380.036032093444,380.909833401043,-0.873801307599138,1.12619869240086,0.288587619485334
"July",80,92,"MeanSlope_per","Site",379.193708956399,380.909833401043,-1.71612444464427,0.283875555355735,0.594172218774791
"July",80,92,"Hydrologic_Group","Site",387.848380188137,380.909833401043,6.93854678709351,10.9385467870935,0.00421429317840305
"July",81,92,"Tillage_Passes","Agricultural",381.664173589426,382.21368452584,-0.549510936413981,1.45048906358602,0.228449494337202
"July",81,92,"PerennialFrac","Agricultural",380.327807312198,382.21368452584,-1.88587721364132,0.114122786358678,0.735498353166428
"July",81,92,"MeanSlope_per","Site",380.786714085035,382.21368452584,-1.42697044080444,0.573029559195561,0.449057555500963
"July",81,92,"Hydrologic_Group","Site",384.69096734331,382.21368452584,2.47728281747078,6.47728281747078,0.0392171389849062
"July",81,92,"Tile","Site",380.435711730197,382.21368452584,-1.77797279564237,0.22202720435763,0.637499612644555
"July",82,92,"Tillage_Passes","Agricultural",377.605377369041,373.046517491218,4.55885987782273,6.55885987782273,0.0104363210877909
"July",82,92,"PerennialFrac","Agricultural",373.17870946123,373.046517491218,0.132191970011093,2.13219197001109,0.144234369283166
"July",82,92,"MeanSlope_per","Site",371.155560407201,373.046517491218,-1.89095708401749,0.109042915982513,0.741236404168895
"July",82,92,"Hydrologic_Group","Site",370.24029674863,373.046517491218,-2.80622074258827,1.19377925741173,0.55052130152162
"July",83,92,"Tillage_Passes","Agricultural",374.818644771276,375.679755805781,-0.861111034504972,1.13888896549503,0.285887217140579
"July",83,92,"PerennialFrac","Agricultural",374.973394142206,375.679755805781,-0.706361663575194,1.29363833642481,0.25537853271336
"July",83,92,"MeanSlope_per","Site",375.647820147532,375.679755805781,-0.0319356582489831,1.96806434175102,0.160653471138002
"July",83,92,"Hydrologic_Group","Site",375.380304985902,375.679755805781,-0.299450819879155,3.70054918012084,0.157193996477904
"July",84,92,"Tillage_Passes","Agricultural",365.643971751069,367.370813153397,-1.72684140232826,0.273158597671738,0.601220785270155
"July",84,92,"PerennialFrac","Agricultural",365.625430629795,367.370813153397,-1.74538252360219,0.254617476397812,0.613842374018429
"July",84,92,"MeanSlope_per","Site",366.536422703557,367.370813153397,-0.834390449839987,1.16560955016001,0.280305199660462
"July",84,92,"Hydrologic_Group","Site",368.034962448556,367.370813153397,0.664149295158381,4.66414929515838,0.0970941019469974
"July",85,92,"Tillage_Passes","Agricultural",401.574044852514,397.844369697686,3.72967515482839,5.72967515482839,0.0166805679214294
"July",85,92,"PerennialFrac","Agricultural",396.634248015855,397.844369697686,-1.2101216818308,0.789878318169201,0.374136921944305
"July",85,92,"MeanSlope_per","Site",396.327285352573,397.844369697686,-1.51708434511301,0.482915654886995,0.487104604582339
"July",85,92,"Hydrologic_Group","Site",396.381359412061,397.844369697686,-1.46301028562459,2.53698971437541,0.281254631740708
"July",86,92,"Tillage_Passes","Agricultural",412.206715853145,413.906772355685,-1.70005650253989,0.299943497460106,0.58391784495167
"July",86,92,"PerennialFrac","Agricultural",412.439283567678,413.906772355685,-1.46748878800668,0.532511211993324,0.465553003101831
"July",86,92,"MeanSlope_per","Site",412.385803111999,413.906772355685,-1.5209692436863,0.479030756313705,0.488861672471937
"July",86,92,"Hydrologic_Group","Site",413.528520158108,413.906772355685,-0.378252197577183,3.62174780242282,0.163511181727705
"July",86,92,"Tile","Site",412.089611670417,413.906772355685,-1.81716068526777,0.182839314732234,0.668944448028905
"July",87,92,"Tillage_Passes","Agricultural",387.04361840336,389.014170926964,-1.97055252360406,0.0294474763959442,0.863749908135302
"July",87,92,"PerennialFrac","Agricultural",387.197630397044,389.014170926964,-1.81654052991973,0.183459470080265,0.66841692963313
"July",87,92,"MeanSlope_per","Site",387.026525528198,389.014170926964,-1.98764539876589,0.012354601234108,0.911496405805378
"July",87,92,"Hydrologic_Group","Site",386.339957950051,389.014170926964,-2.67421297691305,1.32578702308695,0.515357980749148
"July",87,92,"Tile","Site",390.204003616336,389.014170926964,1.18983268937171,3.18983268937171,0.0740975950750973
"July",88,92,"Tillage_Passes","Agricultural",370.564409916889,372.563145900009,-1.99873598312024,0.00126401687975886,0.971638773165469
"July",88,92,"PerennialFrac","Agricultural",370.815301384659,372.563145900009,-1.74784451535021,0.252155484649791,0.615561407316357
"July",88,92,"MeanSlope_per","Site",370.585373932262,372.563145900009,-1.97777196774712,0.0222280322528832,0.881482076301912
"July",88,92,"Hydrologic_Group","Site",370.408571253806,372.563145900009,-2.15457464620329,1.84542535379671,0.397439452637552
"July",89,92,"Tillage_Passes","Agricultural",367.766121698424,368.307323625672,-0.541201927248437,1.45879807275156,0.227121456785019
"July",89,92,"PerennialFrac","Agricultural",366.371204029645,368.307323625672,-1.93611959602754,0.0638804039724619,0.800464707506238
"July",89,92,"MeanSlope_per","Site",366.578318509792,368.307323625672,-1.72900511588062,0.270994884119375,0.602665175174806
"July",89,92,"Hydrologic_Group","Site",367.422853253352,368.307323625672,-0.88447037232055,3.11552962767945,0.210606289756121
"July",90,92,"Tillage_Passes","Agricultural",356.286372880428,355.507847229855,0.778525650572931,2.77852565057293,0.095536078146272
"July",90,92,"PerennialFrac","Agricultural",353.616052438889,355.507847229855,-1.8917947909656,0.108205209034395,0.742196805196599
"July",90,92,"MeanSlope_per","Site",353.692054454313,355.507847229855,-1.81579277554147,0.184207224458532,0.667782273862311
"July",90,92,"Hydrologic_Group","Site",351.624783122257,355.507847229855,-3.88306410759799,0.116935892402012,0.943208473329938
"July",91,92,"Tillage_Passes","Agricultural",379.557071477447,381.254609926899,-1.69753844945217,0.302461550547832,0.582343349120575
"July",91,92,"PerennialFrac","Agricultural",379.763129146631,381.254609926899,-1.49148078026724,0.508519219732761,0.475780578059239
"July",91,92,"MeanSlope_per","Site",384.577135662408,381.254609926899,3.3225257355092,5.3225257355092,0.0210514767721702
"July",91,92,"Hydrologic_Group","Site",385.524054533147,381.254609926899,4.26944460624827,8.26944460624827,0.0160071096370156
"July",91,92,"Tile","Site",379.312308776187,381.254609926899,-1.94230115071161,0.0576988492883856,0.810170680539124
"July",92,92,"Tillage_Passes","Agricultural",387.542761130184,389.515103892919,-1.97234276273514,0.0276572372648616,0.867917205289524
"July",92,92,"PerennialFrac","Agricultural",388.148792839003,389.515103892919,-1.36631105391626,0.633688946083737,0.426005404213
"July",92,92,"MeanSlope_per","Site",388.574751502535,389.515103892919,-0.940352390384817,1.05964760961518,0.303295570777335
"July",92,92,"Hydrologic_Group","Site",388.150740320274,389.515103892919,-1.36436357264563,2.63563642735437,0.267718770384276
"July",92,92,"Tile","Site",387.527893286425,389.515103892919,-1.9872106064941,0.0127893935058978,0.909959043819825
"July",93,92,"Tillage_Passes","Agricultural",384.69936726694,386.642806843369,-1.94343957642957,0.0565604235704313,0.812017328417928
"July",93,92,"PerennialFrac","Agricultural",384.959576707291,386.642806843369,-1.68323013607824,0.316769863921763,0.573555335527563
"July",93,92,"MeanSlope_per","Site",384.657763621142,386.642806843369,-1.98504322222703,0.0149567777729658,0.902663090447531
"July",93,92,"Hydrologic_Group","Site",386.515724835796,386.642806843369,-0.127082007573222,3.87291799242678,0.144213708003278
"July",93,92,"Tile","Site",384.643610151792,386.642806843369,-1.99919669157714,0.000803308422860027,0.977388827692614
"July",94,92,"Tillage_Passes","Agricultural",383.744056666085,385.738723469808,-1.99466680372268,0.00533319627731998,0.941783250559974
"July",94,92,"PerennialFrac","Agricultural",383.862709130527,385.738723469808,-1.87601433928154,0.123985660718461,0.724751287406097
"July",94,92,"MeanSlope_per","Site",384.380265909737,385.738723469808,-1.35845756007097,0.641542439929026,0.423152808668612
"July",94,92,"Hydrologic_Group","Site",389.312749426629,385.738723469808,3.57402595682129,7.57402595682129,0.0226631963044632
"July",95,92,"Tillage_Passes","Agricultural",347.328374766105,349.095491135243,-1.76711636913825,0.23288363086175,0.629393854329795
"July",95,92,"PerennialFrac","Agricultural",347.096560994036,349.095491135243,-1.99893014120664,0.00106985879335753,0.973906889205967
"July",95,92,"MeanSlope_per","Site",351.576427713357,349.095491135243,2.48093657811427,4.48093657811427,0.0342749334477002
"July",95,92,"Hydrologic_Group","Site",346.961931635101,349.095491135243,-2.13355950014159,1.86644049985841,0.393285192382403
"July",96,92,"Tillage_Passes","Agricultural",382.583692092988,384.487827557041,-1.90413546405307,0.0958645359469301,0.756849955781685
"July",96,92,"PerennialFrac","Agricultural",382.691069948263,384.487827557041,-1.79675760877831,0.203242391221693,0.652116312620119
"July",96,92,"MeanSlope_per","Site",382.511679246052,384.487827557041,-1.97614831098895,0.0238516890110532,0.877262879300947
"July",96,92,"Hydrologic_Group","Site",384.657152918118,384.487827557041,0.169325361076915,4.16932536107691,0.124349058449522
"July",97,92,"Tillage_Passes","Agricultural",377.406934432986,377.394331527939,0.0126029050470038,2.012602905047,0.15599747444905
"July",97,92,"PerennialFrac","Agricultural",376.08547218518,377.394331527939,-1.30885934275932,0.69114065724068,0.405776671707788
"July",97,92,"MeanSlope_per","Site",375.745849657048,377.394331527939,-1.64848187089115,0.351518129108854,0.553255009558229
"July",97,92,"Hydrologic_Group","Site",375.784590139403,377.394331527939,-1.60974138853607,2.39025861146393,0.30266481535627
"July",98,92,"Tillage_Passes","Agricultural",392.000731864148,393.882526948877,-1.88179508472808,0.118204915271917,0.73098961768855
"July",98,92,"PerennialFrac","Agricultural",391.925844691679,393.882526948877,-1.95668225719754,0.0433177428024578,0.83512812760834
"July",98,92,"MeanSlope_per","Site",392.403964573065,393.882526948877,-1.47856237581129,0.521437624188707,0.470229075916461
"July",98,92,"Hydrologic_Group","Site",391.972030352706,393.882526948877,-1.91049659617084,2.08950340382916,0.351779154625616
"July",98,92,"Tile","Site",392.281609675361,393.882526948877,-1.60091727351573,0.399082726484266,0.52756335564404
"July",99,92,"Tillage_Passes","Agricultural",372.355949193516,373.615335943629,-1.25938675011332,0.740613249886678,0.389464503114157
"July",99,92,"PerennialFrac","Agricultural",371.626116656594,373.615335943629,-1.98921928703453,0.0107807129654702,0.917304090174544
"July",99,92,"MeanSlope_per","Site",372.087695110086,373.615335943629,-1.52764083354259,0.472359166457409,0.491903839107588
"July",99,92,"Hydrologic_Group","Site",370.793749314291,373.615335943629,-2.82158662933807,1.17841337066193,0.554767215179499
"July",99,92,"Tile","Site",374.342463467443,373.615335943629,0.727127523813522,2.72712752381352,0.0986565810923001
"July",100,92,"Tillage_Passes","Agricultural",393.267279571005,395.267233048682,-1.99995347767657,4.65223234300538e-05,0.994557889042598
"July",100,92,"PerennialFrac","Agricultural",394.449059032278,395.267233048682,-0.8181740164041,1.1818259835959,0.276984574890985
"July",100,92,"MeanSlope_per","Site",394.953788462834,395.267233048682,-0.313444585847719,1.68655541415228,0.19405566446958
"July",100,92,"Hydrologic_Group","Site",394.678757752762,395.267233048682,-0.588475295919409,3.41152470408059,0.181633864433772
"July",101,92,"Tillage_Passes","Agricultural",396.325481879097,397.728571042925,-1.40308916382844,0.59691083617156,0.439759115316605
"July",101,92,"PerennialFrac","Agricultural",397.357838651303,397.728571042925,-0.370732391622084,1.62926760837792,0.201804378529496
"July",101,92,"MeanSlope_per","Site",397.310399345119,397.728571042925,-0.418171697806088,1.58182830219391,0.208497537778439
"July",101,92,"Hydrologic_Group","Site",398.865013279533,397.728571042925,1.13644223660748,5.13644223660748,0.0766718142719248
"July",102,92,"Tillage_Passes","Agricultural",386.368201735372,388.367288018051,-1.99908628267934,0.000913717320656815,0.97588541139576
"July",102,92,"PerennialFrac","Agricultural",386.620165882819,388.367288018051,-1.74712213523168,0.252877864768323,0.615055934677058
"July",102,92,"MeanSlope_per","Site",386.387588251542,388.367288018051,-1.97969976650876,0.0203002334912412,0.886701754267005
"July",102,92,"Hydrologic_Group","Site",386.654255733124,388.367288018051,-1.71303228492673,2.28696771507327,0.318706756518697
"July",103,92,"Tillage_Passes","Agricultural",398.10011458084,399.951016824674,-1.8509022438339,0.1490977561661,0.699399070056742
"July",103,92,"PerennialFrac","Agricultural",399.541934699905,399.951016824674,-0.409082124769213,1.59091787523079,0.207195044071214
"July",103,92,"MeanSlope_per","Site",398.058073647896,399.951016824674,-1.89294317677809,0.10705682322191,0.7435201074369
"July",103,92,"Hydrologic_Group","Site",397.211226981931,399.951016824674,-2.73978984274356,1.26021015725644,0.532535839931255
"July",103,92,"Tile","Site",397.96615125696,399.951016824674,-1.98486556771439,0.0151344322856062,0.902089613082961
"July",104,92,"Tillage_Passes","Agricultural",390.761812692609,392.671840139438,-1.91002744682976,0.0899725531702416,0.764212051477041
"July",104,92,"PerennialFrac","Agricultural",390.898273302829,392.671840139438,-1.77356683660884,0.226433163391164,0.634181289855884
"July",104,92,"MeanSlope_per","Site",390.790890281672,392.671840139438,-1.88094985776604,0.119050142233959,0.730066978764507
"July",104,92,"Hydrologic_Group","Site",392.791441164233,392.671840139438,0.119601024794633,4.11960102479463,0.127479397917931
"July",105,92,"Tillage_Passes","Agricultural",384.549802156526,385.785031117285,-1.23522896075968,0.764771039240316,0.381839549974769
"July",105,92,"PerennialFrac","Agricultural",383.804957755514,385.785031117285,-1.98007336177176,0.0199266382282417,0.887742166531704
"July",105,92,"MeanSlope_per","Site",385.453271378925,385.785031117285,-0.331759738360745,1.66824026163926,0.196494402766403
"July",105,92,"Hydrologic_Group","Site",385.93934959898,385.785031117285,0.154318481694872,4.15431848169487,0.125285613407932
"July",106,92,"Tillage_Passes","Agricultural",395.883389528217,397.242464444848,-1.35907491663119,0.640925083368813,0.423376009506515
"July",106,92,"PerennialFrac","Agricultural",402.173160477737,397.242464444848,4.93069603288808,6.93069603288808,0.00847287083822119
"July",106,92,"MeanSlope_per","Site",395.863810555468,397.242464444848,-1.37865388938053,0.62134611061947,0.430547502330569
"July",106,92,"Hydrologic_Group","Site",394.182840154868,397.242464444848,-3.05962428998026,0.940375710019737,0.624884869502745
"July",106,92,"Tile","Site",395.285772160551,397.242464444848,-1.95669228429773,0.0433077157022694,0.835146936898491
"July",107,92,"Tillage_Passes","Agricultural",377.033756984207,377.762683602615,-0.728926618408195,1.2710733815918,0.259565410806391
"July",107,92,"PerennialFrac","Agricultural",379.607632394198,377.762683602615,1.84494879158223,3.84494879158223,0.0498960452940663
"July",107,92,"MeanSlope_per","Site",375.861648391621,377.762683602615,-1.90103521099445,0.0989647890055494,0.753075482079339
"July",107,92,"Hydrologic_Group","Site",374.674389885736,377.762683602615,-3.08829371687955,0.911706283120452,0.633906924844966
"July",108,92,"Tillage_Passes","Agricultural",390.046911754458,391.505692425238,-1.45878067078019,0.541219329219814,0.461927835777435
"July",108,92,"PerennialFrac","Agricultural",389.570125424756,391.505692425238,-1.93556700048259,0.0644329995174076,0.799621826958598
"July",108,92,"MeanSlope_per","Site",390.476593919048,391.505692425238,-1.02909850619022,0.970901493809777,0.324455451830104
"July",108,92,"Hydrologic_Group","Site",390.589664620246,391.505692425238,-0.916027804992382,3.08397219500762,0.213955742198843
"July",108,92,"Tile","Site",391.00957801313,391.505692425238,-0.496114412108739,1.50388558789126,0.220074467356275
"July",109,92,"Tillage_Passes","Agricultural",353.660783124781,355.249197974779,-1.58841484999823,0.41158515000177,0.521166040410596
"July",109,92,"PerennialFrac","Agricultural",353.525032730492,355.249197974779,-1.72416524428684,0.275834755713163,0.599444353056124
"July",109,92,"MeanSlope_per","Site",355.913087784449,355.249197974779,0.663889809669968,2.66388980966997,0.102649427248543
"July",109,92,"Hydrologic_Group","Site",354.846123814893,355.249197974779,-0.403074159885875,3.59692584011412,0.165553161196144
"July",110,92,"Tillage_Passes","Agricultural",369.241453054815,371.00289070043,-1.76143764561527,0.238562354384726,0.625246391706617
"July",110,92,"PerennialFrac","Agricultural",369.232273330608,371.00289070043,-1.77061736982239,0.229382630177611,0.631981977186904
"July",110,92,"MeanSlope_per","Site",369.020715583795,371.00289070043,-1.98217511663501,0.0178248833649945,0.893790165009463
"July",110,92,"Hydrologic_Group","Site",371.313587329459,371.00289070043,0.31069662902928,4.31069662902928,0.11586282687934
"July",110,92,"Tile","Site",369.085758682597,371.00289070043,-1.91713201783301,0.082867982166988,0.773447787150181
"July",111,92,"Tillage_Passes","Agricultural",387.455853357568,389.453500106145,-1.9976467485763,0.00235325142369902,0.961309537678489
"July",111,92,"PerennialFrac","Agricultural",387.977185897597,389.453500106145,-1.47631420854799,0.52368579145201,0.469273649108872
"July",111,92,"MeanSlope_per","Site",389.398173064504,389.453500106145,-0.055327041640453,1.94467295835955,0.163162048605144
"July",111,92,"Hydrologic_Group","Site",387.573808761547,389.453500106145,-1.87969134459723,2.12030865540277,0.346402346726782
"July",112,92,"Tillage_Passes","Agricultural",362.583468093513,364.079338207454,-1.49587011394101,0.50412988605899,0.47769108509069
"July",112,92,"PerennialFrac","Agricultural",362.588340445857,364.079338207454,-1.49099776159659,0.509002238403411,0.475571098706912
"July",112,92,"MeanSlope_per","Site",362.514791409196,364.079338207454,-1.56454679825799,0.435453201742007,0.509325205017486
"July",112,92,"Hydrologic_Group","Site",361.389715827793,364.079338207454,-2.68962237966076,1.31037762033924,0.519343995901389
"July",112,92,"Tile","Site",362.191112660837,364.079338207454,-1.88822554661647,0.111774453383532,0.738132919455488
"July",113,92,"Tillage_Passes","Agricultural",401.036787598173,403.004114552815,-1.96732695464249,0.0326730453575124,0.856558419629451
"July",113,92,"PerennialFrac","Agricultural",401.643613896192,403.004114552815,-1.3605006566234,0.639499343376599,0.423892150329088
"July",113,92,"MeanSlope_per","Site",402.498526178867,403.004114552815,-0.505588373948513,1.49441162605149,0.221533230761956
"July",113,92,"Hydrologic_Group","Site",405.625831789829,403.004114552815,2.62171723701431,6.62171723701431,0.036484833747625
"July",114,92,"Tillage_Passes","Agricultural",376.03335398097,377.879999650862,-1.84664566989215,0.153354330107845,0.695350230619716
"July",114,92,"PerennialFrac","Agricultural",385.690311314775,377.879999650862,7.81031166391324,9.81031166391324,0.0017353609509554
"July",114,92,"MeanSlope_per","Site",375.884259070039,377.879999650862,-1.99574058082322,0.00425941917677619,0.947963625223847
"July",114,92,"Hydrologic_Group","Site",377.676185258597,377.879999650862,-0.203814392264746,3.79618560773525,0.149854148107985
"July",114,92,"Tile","Site",375.948978523916,377.879999650862,-1.93102112694606,0.0689788730539362,0.79282938216948
"July",115,92,"Tillage_Passes","Agricultural",359.311396572785,360.036133213119,-0.724736640334413,1.27526335966559,0.258781594583611
"July",115,92,"PerennialFrac","Agricultural",358.142744542209,360.036133213119,-1.89338867091016,0.106611329089844,0.744035571844807
"July",115,92,"MeanSlope_per","Site",358.554311326989,360.036133213119,-1.48182188613038,0.518178113869624,0.47161988309408
"July",115,92,"Hydrologic_Group","Site",359.004632065456,360.036133213119,-1.03150114766316,2.96849885233684,0.226672411223439
"July",116,92,"Tillage_Passes","Agricultural",374.139549075624,375.442150811797,-1.30260173617347,0.697398263826528,0.403659298649841
"July",116,92,"PerennialFrac","Agricultural",373.698188996434,375.442150811797,-1.74396181536332,0.256038184636679,0.612855134221151
"July",116,92,"MeanSlope_per","Site",374.594957041741,375.442150811797,-0.847193770056265,1.15280622994374,0.282962477041301
"July",116,92,"Hydrologic_Group","Site",375.431536388726,375.442150811797,-0.0106144230706491,3.98938557692935,0.13605544554944
"July",117,92,"Tillage_Passes","Agricultural",402.039713425028,403.468696994833,-1.42898356980487,0.571016430195129,0.449855296592028
"July",117,92,"PerennialFrac","Agricultural",401.551499367442,403.468696994833,-1.91719762739092,0.0828023726090805,0.773535040548893
"July",117,92,"MeanSlope_per","Site",402.645647446408,403.468696994833,-0.823049548424876,1.17695045157512,0.277977698510581
"July",117,92,"Hydrologic_Group","Site",403.533411268283,403.468696994833,0.0647142734495105,4.06471427344951,0.131026309938046
"July",117,92,"Tile","Site",401.548269624777,403.468696994833,-1.92042737005625,0.0795726299437547,0.777877406771614
"July",118,92,"Tillage_Passes","Agricultural",372.399096552784,374.332168689637,-1.93307213685353,0.0669278631464749,0.795863478658377
"July",118,92,"PerennialFrac","Agricultural",372.337527428639,374.332168689637,-1.99464126099855,0.00535873900145134,0.941644254155949
"July",118,92,"MeanSlope_per","Site",372.462300624099,374.332168689637,-1.86986806553813,0.130131934461872,0.71829528396895
"July",118,92,"Hydrologic_Group","Site",374.621734628718,374.332168689637,0.289565939080944,4.28956593908094,0.117093447131284
"July",119,92,"Tillage_Passes","Agricultural",402.214225216641,402.372853812562,-0.158628595921471,1.84137140407853,0.174790295340531
"July",119,92,"PerennialFrac","Agricultural",400.437465189196,402.372853812562,-1.93538862336629,0.0646113766337066,0.799350568084784
"July",119,92,"MeanSlope_per","Site",402.139521439429,402.372853812562,-0.23333237313318,1.76666762686682,0.183795024702732
"July",119,92,"Hydrologic_Group","Site",399.455537942546,402.372853812562,-2.91731587001607,1.08268412998393,0.581966690915794
"July",119,92,"Tile","Site",400.761643238279,402.372853812562,-1.61121057428363,0.388789425716368,0.532936418224616
"July",120,92,"Tillage_Passes","Agricultural",356.671559946234,356.586792236251,0.0847677099835096,2.08476770998351,0.148774851872524
"July",120,92,"PerennialFrac","Agricultural",354.739019156884,356.586792236251,-1.84777307936662,0.152226920633382,0.69641625257425
"July",120,92,"MeanSlope_per","Site",355.214854690109,356.586792236251,-1.37193754614145,0.628062453858547,0.428066910426941
"July",120,92,"Hydrologic_Group","Site",353.596351874534,356.586792236251,-2.99044036171631,1.00955963828369,0.603638470432471
"July",120,92,"Tile","Site",355.930410284352,356.586792236251,-0.656381951898595,1.3436180481014,0.246396924599096
"July",121,92,"Tillage_Passes","Agricultural",378.162673436551,377.932814157892,0.229859278659035,2.22985927865903,0.135366175940664
"July",121,92,"PerennialFrac","Agricultural",377.55698165019,377.932814157892,-0.375832507701318,1.62416749229868,0.202511668041797
"July",121,92,"MeanSlope_per","Site",377.057316833851,377.932814157892,-0.875497324040623,1.12450267595938,0.288950973074973
"July",121,92,"Hydrologic_Group","Site",378.094495208829,377.932814157892,0.161681050937091,4.16168105093709,0.124825249291617
"July",122,92,"Tillage_Passes","Agricultural",368.845064643209,369.599714435543,-0.754649792333055,1.24535020766695,0.264442424204189
"July",122,92,"PerennialFrac","Agricultural",368.204886105019,369.599714435543,-1.39482833052364,0.605171669476363,0.436611575490759
"July",122,92,"MeanSlope_per","Site",368.047650898305,369.599714435543,-1.55206353723793,0.447936462762073,0.503316527689609
"July",122,92,"Hydrologic_Group","Site",370.688455827727,369.599714435543,1.08874139218437,5.08874139218437,0.0785224509208329
"July",122,92,"Tile","Site",367.606799115989,369.599714435543,-1.99291531955333,0.00708468044666688,0.93292083768638
"July",123,92,"Tillage_Passes","Agricultural",392.545155261312,393.85788830116,-1.31273303984779,0.687266960152215,0.407095547438634
"July",123,92,"PerennialFrac","Agricultural",392.939024663463,393.85788830116,-0.918863637697484,1.08113636230252,0.298443483045708
"July",123,92,"MeanSlope_per","Site",391.857891432114,393.85788830116,-1.99999686904658,3.13095341653025e-06,0.9985881838749
"July",123,92,"Hydrologic_Group","Site",396.385564121828,393.85788830116,2.52767582066753,6.52767582066753,0.0382413491487874
"July",124,92,"Tillage_Passes","Agricultural",385.542059224226,386.090204035019,-0.548144810792394,1.45185518920761,0.228230504859845
"July",124,92,"PerennialFrac","Agricultural",384.093380717217,386.090204035019,-1.9968233178011,0.00317668219889811,0.955053377854774
"July",124,92,"MeanSlope_per","Site",387.238170378934,386.090204035019,1.14796634391564,3.14796634391564,0.07602165414215
"July",124,92,"Hydrologic_Group","Site",388.177881820167,386.090204035019,2.08767778514863,6.08767778514863,0.0476516085152063
"July",124,92,"Tile","Site",384.761924250013,386.090204035019,-1.32827978500552,0.67172021499448,0.412452503981865
"July",125,92,"Tillage_Passes","Agricultural",391.06322346458,390.502057661966,0.561165802614084,2.56116580261408,0.10951779627066
"July",125,92,"PerennialFrac","Agricultural",388.536103154833,390.502057661966,-1.96595450713301,0.0340454928669942,0.853610082325717
"July",125,92,"MeanSlope_per","Site",388.59688148153,390.502057661966,-1.90517618043583,0.0948238195641693,0.758131971552433
"July",125,92,"Hydrologic_Group","Site",389.155374828184,390.502057661966,-1.34668283378187,2.65331716621813,0.265362468187006
"July",125,92,"Tile","Site",388.510288295001,390.502057661966,-1.99176936696477,0.00823063303522531,0.92771282467374
"July",126,92,"Tillage_Passes","Agricultural",373.011641031702,374.990977413629,-1.97933638192762,0.0206636180723763,0.885699107622322
"July",126,92,"PerennialFrac","Agricultural",373.004039201902,374.990977413629,-1.98693821172708,0.0130617882729211,0.909009351454846
"July",126,92,"MeanSlope_per","Site",373.052248664867,374.990977413629,-1.93872874876234,0.0612712512376561,0.80449784207773
"July",126,92,"Hydrologic_Group","Site",371.490604897656,374.990977413629,-3.50037251597337,0.499627484026632,0.778945854447219
"July",127,92,"Tillage_Passes","Agricultural",352.205933516265,354.192854626072,-1.98692110980681,0.0130788901931851,0.908950062560886
"July",127,92,"PerennialFrac","Agricultural",352.850469281226,354.192854626072,-1.34238534484604,0.657614655153964,0.417403324867285
"July",127,92,"MeanSlope_per","Site",353.688887073236,354.192854626072,-0.503967552836116,1.49603244716388,0.221282845356938
"July",127,92,"Hydrologic_Group","Site",360.463868519339,354.192854626072,6.27101389326623,10.2710138932662,0.00588406784061534
"July",128,92,"Tillage_Passes","Agricultural",418.589269558374,419.500931353499,-0.911661795125156,1.08833820487484,0.296839702419068
"July",128,92,"PerennialFrac","Agricultural",417.560604208365,419.500931353499,-1.94032714513349,0.0596728548665055,0.807013755724952
"July",128,92,"MeanSlope_per","Site",417.971972807391,419.500931353499,-1.52895854610802,0.471041453891985,0.492508440855461
"July",128,92,"Hydrologic_Group","Site",420.156977713656,419.500931353499,0.656046360156552,4.65604636015655,0.0974882734929968
"July",129,92,"Tillage_Passes","Agricultural",366.18779743791,368.15643732047,-1.96863988255956,0.0313601174404425,0.8594393613888
"July",129,92,"PerennialFrac","Agricultural",366.236395696839,368.15643732047,-1.9200416236306,0.0799583763694045,0.777353825747951
"July",129,92,"MeanSlope_per","Site",367.062469478537,368.15643732047,-1.09396784193279,0.906032158067205,0.341169400500019
"July",129,92,"Hydrologic_Group","Site",370.484644639485,368.15643732047,2.32820731901489,6.32820731901489,0.0422519970218161
"July",130,92,"Tillage_Passes","Agricultural",403.335914476855,403.802511510968,-0.466597034112965,1.53340296588703,0.215602437864233
"July",130,92,"PerennialFrac","Agricultural",402.725910519044,403.802511510968,-1.07660099192429,0.923399008075705,0.336584083605424
"July",130,92,"MeanSlope_per","Site",403.454716699339,403.802511510968,-0.347794811629058,1.65220518837094,0.198659058737975
"July",130,92,"Hydrologic_Group","Site",400.566769865862,403.802511510968,-3.23574164510654,0.764258354893457,0.682406895931101
"July",130,92,"Tile","Site",405.115474913573,403.802511510968,1.31296340260485,3.31296340260485,0.0687354381592332
"July",131,92,"Tillage_Passes","Agricultural",389.130990820465,388.161543854708,0.969446965756902,2.9694469657569,0.0848508569986128
"July",131,92,"PerennialFrac","Agricultural",386.979077070175,388.161543854708,-1.18246678453278,0.817533215467222,0.365902384199902
"July",131,92,"MeanSlope_per","Site",387.382096717641,388.161543854708,-0.779447137066938,1.22055286293306,0.269252179735207
"July",131,92,"Hydrologic_Group","Site",387.56563810887,388.161543854708,-0.595905745838479,3.40409425416152,0.182309930190963
"July",131,92,"Tile","Site",386.539617749356,388.161543854708,-1.6219261053518,0.378073894648196,0.538635862119811
"July",132,92,"Tillage_Passes","Agricultural",343.57315214458,345.414577876793,-1.84142573221322,0.158574267786776,0.690472559930537
"July",132,92,"PerennialFrac","Agricultural",345.320165656228,345.414577876793,-0.0944122205654594,1.90558777943454,0.167454200026009
"July",132,92,"MeanSlope_per","Site",343.434239128602,345.414577876793,-1.98033874819072,0.019661251809282,0.888487287614898
"July",132,92,"Hydrologic_Group","Site",342.279669014588,345.414577876793,-3.13490886220558,0.865091137794423,0.648855284840981
"July",133,92,"Tillage_Passes","Agricultural",376.887803638244,378.813977433078,-1.9261737948334,0.073826205166597,0.785845179887676
"July",133,92,"PerennialFrac","Agricultural",377.557242595395,378.813977433078,-1.25673483768242,0.743265162317584,0.388616933606965
"July",133,92,"MeanSlope_per","Site",376.956936929168,378.813977433078,-1.85704050391001,0.142959496089986,0.705356420213593
"July",133,92,"Hydrologic_Group","Site",377.199811726479,378.813977433078,-1.61416570659918,2.38583429340082,0.303335099174952
"July",133,92,"Tile","Site",377.933871255241,378.813977433078,-0.880106177836979,1.11989382216302,0.289941317923014
"July",134,92,"Tillage_Passes","Agricultural",371.244151210764,369.998132943342,1.24601826742145,3.24601826742145,0.0715971887811711
"July",134,92,"PerennialFrac","Agricultural",368.408730648376,369.998132943342,-1.58940229496659,0.41059770503341,0.521666289712921
"July",134,92,"MeanSlope_per","Site",369.335965159057,369.998132943342,-0.662167784285714,1.33783221571429,0.24741662339314
"July",134,92,"Hydrologic_Group","Site",368.629228691665,369.998132943342,-1.36890425167763,2.63109574832237,0.26832727338068
"July",135,92,"Tillage_Passes","Agricultural",394.671975736927,394.170223837765,0.50175189916115,2.50175189916115,0.113719732659497
"July",135,92,"PerennialFrac","Agricultural",392.399248745291,394.170223837765,-1.77097509247477,0.229024907525229,0.632247789260531
"July",135,92,"MeanSlope_per","Site",393.61864749448,394.170223837765,-0.55157634328549,1.44842365671451,0.228781058615795
"July",135,92,"Hydrologic_Group","Site",393.094105526031,394.170223837765,-1.07611831173409,2.92388168826591,0.23178597743827
"July",136,92,"Tillage_Passes","Agricultural",357.176466416178,355.679400685386,1.49706573079186,3.49706573079186,0.0614776645837399
"July",136,92,"PerennialFrac","Agricultural",355.182397598733,355.679400685386,-0.497003086653137,1.50299691334686,0.220210813063387
"July",136,92,"MeanSlope_per","Site",354.244305535003,355.679400685386,-1.43509515038295,0.564904849617051,0.45229072707493
"July",136,92,"Hydrologic_Group","Site",355.213058277472,355.679400685386,-0.466342407913942,3.53365759208606,0.170874006859443
"July",137,92,"Tillage_Passes","Agricultural",396.559924938525,398.104722841539,-1.54479790301355,0.455202096986454,0.499874857990377
"July",137,92,"PerennialFrac","Agricultural",396.497572448589,398.104722841539,-1.6071503929499,0.392849607050096,0.53080531779858
"July",137,92,"MeanSlope_per","Site",396.301379794373,398.104722841539,-1.80334304716541,0.196656952834587,0.65743289773623
"July",137,92,"Hydrologic_Group","Site",397.838641213886,398.104722841539,-0.266081627652511,3.73391837234749,0.154593036455706
"July",137,92,"Tile","Site",396.209373233365,398.104722841539,-1.89534960817349,0.10465039182651,0.746318782227171
"July",138,92,"Tillage_Passes","Agricultural",409.259938211181,408.349695816045,0.910242395135981,2.91024239513598,0.0880186449058352
"July",138,92,"PerennialFrac","Agricultural",406.522571272314,408.349695816045,-1.82712454373132,0.172875456268685,0.677568840859424
"July",138,92,"MeanSlope_per","Site",406.469329662356,408.349695816045,-1.88036615368918,0.119633846310819,0.729431952461534
"July",138,92,"Hydrologic_Group","Site",407.221418310507,408.349695816045,-1.12827750553822,2.87172249446178,0.237910376102104
"July",139,92,"Tillage_Passes","Agricultural",373.854327949317,375.633583593587,-1.7792556442696,0.220744355730403,0.638473341046253
"July",139,92,"PerennialFrac","Agricultural",378.535610298784,375.633583593587,2.90202670519744,4.90202670519744,0.0268251950976101
"July",139,92,"MeanSlope_per","Site",375.373452769239,375.633583593587,-0.260130824348153,1.73986917565185,0.18715540390365
"July",139,92,"Hydrologic_Group","Site",373.239421952104,375.633583593587,-2.39416164148292,1.60583835851708,0.448019204965889
"July",140,92,"Tillage_Passes","Agricultural",360.863546454739,362.0418732839,-1.17832682916116,0.821673170838835,0.364691423788712
"July",140,92,"PerennialFrac","Agricultural",360.131150701261,362.0418732839,-1.91072258263887,0.0892774173611315,0.765097787336303
"July",140,92,"MeanSlope_per","Site",360.042985645279,362.0418732839,-1.99888763862123,0.00111236137877313,0.973393821346984
"July",140,92,"Hydrologic_Group","Site",362.049719488389,362.0418732839,0.00784620448899886,4.007846204489,0.134805389177096
"July",141,92,"Tillage_Passes","Agricultural",369.427423937096,370.305720759867,-0.878296822770835,1.12170317722916,0.28955201122944
"July",141,92,"PerennialFrac","Agricultural",368.357080091739,370.305720759867,-1.94864066812841,0.0513593318715948,0.820714593772999
"July",141,92,"MeanSlope_per","Site",371.192180052846,370.305720759867,0.886459292979339,2.88645929297934,0.0893270416019053
"July",141,92,"Hydrologic_Group","Site",369.616829312766,370.305720759867,-0.688891447101582,3.31110855289842,0.190986167227812
"July",141,92,"Tile","Site",368.357959933668,370.305720759867,-1.94776082619916,0.0522391738008423,0.819211766865569
"July",142,92,"Tillage_Passes","Agricultural",319.674988581679,320.854311708563,-1.17932312688396,0.820676873116042,0.364982338365671
"July",142,92,"PerennialFrac","Agricultural",319.081245196684,320.854311708563,-1.77306651187888,0.226933488121119,0.633806982237873
"July",142,92,"MeanSlope_per","Site",319.322448380098,320.854311708563,-1.53186332846553,0.468136671534467,0.493845637961894
"July",142,92,"Hydrologic_Group","Site",318.152803844648,320.854311708563,-2.70150786391565,1.29849213608435,0.522439512161764
"July",142,92,"Tile","Site",319.468735698626,320.854311708563,-1.38557600993761,0.614423990062392,0.433126945528183
"July",143,92,"Tillage_Passes","Agricultural",366.337217630083,367.370480576634,-1.03326294655136,0.966737053448639,0.325495298694759
"July",143,92,"PerennialFrac","Agricultural",365.800154461734,367.370480576634,-1.57032611490001,0.429673885099987,0.512149011239063
"July",143,92,"MeanSlope_per","Site",367.773404983991,367.370480576634,0.402924407356068,2.40292440735607,0.121108661133028
"July",143,92,"Hydrologic_Group","Site",367.400600568667,367.370480576634,0.0301199920322688,4.03011999203227,0.133312404912818
"July",144,92,"Tillage_Passes","Agricultural",351.352680290212,352.945542728532,-1.5928624383198,0.407137561680202,0.523425953125327
"July",144,92,"PerennialFrac","Agricultural",351.186279247822,352.945542728532,-1.75926348070999,0.24073651929001,0.623674667132249
"July",144,92,"MeanSlope_per","Site",351.03782580122,352.945542728532,-1.90771692731147,0.0922830726885309,0.761294521277953
"July",144,92,"Hydrologic_Group","Site",354.555734250188,352.945542728532,1.61019152165653,5.61019152165653,0.060500977271476
"July",145,92,"Tillage_Passes","Agricultural",376.892687086718,378.86858849564,-1.97590140892214,0.0240985910778591,0.876634315245745
"July",145,92,"PerennialFrac","Agricultural",376.868734204741,378.86858849564,-1.99985429089838,0.000145709101616376,0.990368967351953
"July",145,92,"MeanSlope_per","Site",381.202261451267,378.86858849564,2.3336729556267,4.3336729556267,0.0373655328119323
"July",145,92,"Hydrologic_Group","Site",379.657282001554,378.86858849564,0.788693505913898,4.7886935059139,0.0912322566628838
"July",145,92,"Tile","Site",377.192310077109,378.86858849564,-1.67627841853113,0.323721581468874,0.569379647740353
"July",146,92,"Tillage_Passes","Agricultural",379.522001646671,380.742762827731,-1.22076118105974,0.779238818940257,0.377374037131257
"July",146,92,"PerennialFrac","Agricultural",380.18462485615,380.742762827731,-0.558137971581118,1.44186202841888,0.22983826132044
"July",146,92,"MeanSlope_per","Site",378.804823167928,380.742762827731,-1.93793965980262,0.0620603401973767,0.803268633387105
"July",146,92,"Hydrologic_Group","Site",377.600111376722,380.742762827731,-3.14265145100859,0.857348548991411,0.651372063124184
"July",146,92,"Tile","Site",378.839688777999,380.742762827731,-1.90307404973163,0.0969259502683713,0.755550274085197
"July",147,92,"Tillage_Passes","Agricultural",356.249200283658,355.124828112646,1.12437217101149,3.12437217101149,0.0771295768610424
"July",147,92,"PerennialFrac","Agricultural",355.746941182773,355.124828112646,0.622113070126886,2.62211307012689,0.105384020257485
"July",147,92,"MeanSlope_per","Site",354.091254962297,355.124828112646,-1.03357315034873,0.96642684965127,0.325572931849331
"July",147,92,"Hydrologic_Group","Site",351.926877609032,355.124828112646,-3.19795050361364,0.80204949638636,0.669633488613931
"July",147,92,"Tile","Site",356.068889904081,355.124828112646,0.944061791434706,2.94406179143471,0.0861937376723207
"July",148,92,"Tillage_Passes","Agricultural",351.377693437268,351.099826948661,0.277866488606946,2.27786648860695,0.131232289752145
"July",148,92,"PerennialFrac","Agricultural",349.174508392736,351.099826948661,-1.925318555925,0.0746814440749972,0.784638711402089
"July",148,92,"MeanSlope_per","Site",349.939435276933,351.099826948661,-1.16039167172835,0.839608328271652,0.359508813149176
"July",148,92,"Hydrologic_Group","Site",350.042193077423,351.099826948661,-1.05763387123818,2.94236612876182,0.229653629378106
"July",149,92,"Tillage_Passes","Agricultural",385.271980636156,383.873781471491,1.39819916466473,3.39819916466473,0.065267638272471
"July",149,92,"PerennialFrac","Agricultural",382.243582350097,383.873781471491,-1.63019912139436,0.369800878605645,0.543112826358151
"July",149,92,"MeanSlope_per","Site",382.280407342101,383.873781471491,-1.59337412938953,0.406625870610469,0.523687067392698
"July",149,92,"Hydrologic_Group","Site",384.701855591771,383.873781471491,0.828074120280519,4.82807412028052,0.0894534357409366
"July",150,92,"Tillage_Passes","Agricultural",380.52898868044,382.249961305073,-1.72097262463257,0.279027375367434,0.59733941902675
"July",150,92,"PerennialFrac","Agricultural",381.257142695153,382.249961305073,-0.99281860992005,1.00718139007995,0.315579038892551
"July",150,92,"MeanSlope_per","Site",382.148427116745,382.249961305073,-0.101534188327946,1.89846581167205,0.16825014408235
"July",150,92,"Hydrologic_Group","Site",381.785817574788,382.249961305073,-0.464143730285002,3.535856269715,0.170686261648026
"July",151,92,"Tillage_Passes","Agricultural",402.66454796114,403.514386788602,-0.849838827461895,1.15016117253811,0.283515413109135
"July",151,92,"PerennialFrac","Agricultural",402.295630636882,403.514386788602,-1.21875615172019,0.781243848279814,0.376760996552372
"July",151,92,"MeanSlope_per","Site",402.131220051819,403.514386788602,-1.38316673678344,0.616833263216563,0.432226505141445
"July",151,92,"Hydrologic_Group","Site",402.111656527498,403.514386788602,-1.40273026110401,2.59726973889599,0.272904088569264
"July",151,92,"Tile","Site",401.51730897787,403.514386788602,-1.99707781073238,0.00292218926762189,0.956889529939538
"July",152,92,"Tillage_Passes","Agricultural",393.648994194858,395.400823436145,-1.75182924128683,0.248170758713172,0.618366057732141
"July",152,92,"PerennialFrac","Agricultural",394.306920800412,395.400823436145,-1.09390263573283,0.906097364267168,0.341152027697843
"July",152,92,"MeanSlope_per","Site",393.792135895755,395.400823436145,-1.60868754038927,0.391312459610731,0.531610322902526
"July",152,92,"Hydrologic_Group","Site",392.317618870966,395.400823436145,-3.08320456517873,0.916795434821267,0.632295951084299
"July",153,92,"Tillage_Passes","Agricultural",347.771182225289,347.344328399438,0.426853825851254,2.42685382585125,0.119272067081536
"July",153,92,"PerennialFrac","Agricultural",346.993113079035,347.344328399438,-0.351215320403469,1.64878467959653,0.199124423431596
"July",153,92,"MeanSlope_per","Site",345.849345046912,347.344328399438,-1.49498335252622,0.505016647473781,0.477304105463628
"July",153,92,"Hydrologic_Group","Site",344.049815550601,347.344328399438,-3.29451284883658,0.705487151163425,0.702757374425778
"July",153,92,"Tile","Site",345.629501386115,347.344328399438,-1.71482701332337,0.285172986676628,0.593330530132286
"July",154,92,"Tillage_Passes","Agricultural",348.021810478167,349.910760836979,-1.88895035881291,0.111049641187094,0.738952284216109
"July",154,92,"PerennialFrac","Agricultural",348.099815344979,349.910760836979,-1.81094549200071,0.189054507999288,0.663704709942132
"July",154,92,"MeanSlope_per","Site",348.461046799601,349.910760836979,-1.4497140373781,0.550285962621899,0.458200873508815
"July",154,92,"Hydrologic_Group","Site",348.718346946967,349.910760836979,-1.19241389001269,2.80758610998731,0.245663379783444
"July",155,92,"Tillage_Passes","Agricultural",367.599030095526,366.938675901136,0.660354194390322,2.66035419439032,0.102877823391597
"July",155,92,"PerennialFrac","Agricultural",365.894756073736,366.938675901136,-1.04391982739952,0.95608017260048,0.328176455376158
"July",155,92,"MeanSlope_per","Site",365.592205027686,366.938675901136,-1.34647087344933,0.653529126550666,0.418853743482048
"July",155,92,"Hydrologic_Group","Site",364.901121699439,366.938675901136,-2.03755420169699,1.96244579830301,0.374852411748262
"July",155,92,"Tile","Site",366.055737653551,366.938675901136,-0.882938247584548,1.11706175241545,0.290552015436202
"July",156,92,"Tillage_Passes","Agricultural",391.299416520586,392.957720279349,-1.65830375876305,0.341696241236946,0.558851751938675
"July",156,92,"PerennialFrac","Agricultural",391.034257768707,392.957720279349,-1.92346251064254,0.0765374893574631,0.782045721858759
"July",156,92,"MeanSlope_per","Site",391.824504003731,392.957720279349,-1.13321627561851,0.866783724381492,0.351847251217095
"July",156,92,"Hydrologic_Group","Site",391.810956478326,392.957720279349,-1.1467638010235,2.8532361989765,0.240119611272506
"July",157,92,"Tillage_Passes","Agricultural",394.600918825222,392.299927239546,2.30099158567538,4.30099158567538,0.038090158355191
"July",157,92,"PerennialFrac","Agricultural",392.234776849464,392.299927239546,-0.065150390082124,1.93484960991788,0.164228848330423
"July",157,92,"MeanSlope_per","Site",390.46705447427,392.299927239546,-1.83287276527597,0.167127234724035,0.68267764776109
"July",157,92,"Hydrologic_Group","Site",392.306281477294,392.299927239546,0.00635423774758692,4.00635423774759,0.134905989274038
"July",158,92,"Tillage_Passes","Agricultural",397.215964534537,393.828866897227,3.38709763731015,5.38709763731015,0.0202861853604676
"July",158,92,"PerennialFrac","Agricultural",393.541466765191,393.828866897227,-0.287400132036112,1.71259986796389,0.190648398100443
"July",158,92,"MeanSlope_per","Site",392.781849900353,393.828866897227,-1.04701699687342,0.952983003126576,0.328961160087371
"July",158,92,"Hydrologic_Group","Site",390.502755875672,393.828866897227,-3.32611102155511,0.673888978444893,0.713948470637482
"July",159,92,"Tillage_Passes","Agricultural",343.003789876206,341.675011645147,1.32877823105906,3.32877823105906,0.0680774277776282
"July",159,92,"PerennialFrac","Agricultural",339.815476290496,341.675011645147,-1.85953535465103,0.14046464534897,0.707819528237388
"July",159,92,"MeanSlope_per","Site",339.719461121387,341.675011645147,-1.95555052375914,0.0444494762408567,0.833019581342307
"July",159,92,"Hydrologic_Group","Site",344.718534016867,341.675011645147,3.04352237172031,7.04352237172031,0.0295473509396716
"July",160,92,"Tillage_Passes","Agricultural",348.779960373145,349.643755495415,-0.863795122269607,1.13620487773039,0.286455686561864
"July",160,92,"PerennialFrac","Agricultural",348.534688924811,349.643755495415,-1.109066570604,0.890933429396,0.34522448272058
"July",160,92,"MeanSlope_per","Site",352.572667887497,349.643755495415,2.92891239208222,4.92891239208222,0.0264109350474687
"July",160,92,"Hydrologic_Group","Site",348.071766711563,349.643755495415,-1.57198878385157,2.42801121614843,0.297005207080896
"July",161,92,"Tillage_Passes","Agricultural",384.428932499926,386.047318433426,-1.61838593349984,0.381614066500163,0.536740678701176
"July",161,92,"PerennialFrac","Agricultural",384.047552949106,386.047318433426,-1.99976548432022,0.000234515679778724,0.98778174936982
"July",161,92,"MeanSlope_per","Site",384.607134460392,386.047318433426,-1.44018397303336,0.559816026966644,0.454334377587857
"July",161,92,"Hydrologic_Group","Site",387.953791548095,386.047318433426,1.90647311466904,5.90647311466904,0.0521705793308933
"July",162,92,"Tillage_Passes","Agricultural",377.582757253717,379.394999830826,-1.8122425771092,0.187757422890797,0.664789685889344
"July",162,92,"PerennialFrac","Agricultural",378.274779503682,379.394999830826,-1.12022032714435,0.879779672855648,0.348262032331052
"July",162,92,"MeanSlope_per","Site",377.565767135673,379.394999830826,-1.82923269515373,0.170767304846265,0.679430778038579
"July",162,92,"Hydrologic_Group","Site",376.326325117916,379.394999830826,-3.06867471291031,0.931325287089692,0.627719013392393
"July",163,92,"Tillage_Passes","Agricultural",371.256014037408,373.19009304315,-1.93407900574209,0.0659209942579082,0.797371121441976
"July",163,92,"PerennialFrac","Agricultural",371.977931783671,373.19009304315,-1.21216125947922,0.787838740520783,0.374754443967837
"July",163,92,"MeanSlope_per","Site",372.188782136974,373.19009304315,-1.00131090617589,0.998689093824112,0.317627916826771
"July",163,92,"Hydrologic_Group","Site",371.960207806732,373.19009304315,-1.22988523641828,2.77011476358172,0.250309436175879
"July",164,92,"Tillage_Passes","Agricultural",402.282133086822,403.804246813974,-1.52211372715283,0.477886272847172,0.48938131131496
"July",164,92,"PerennialFrac","Agricultural",401.963106733943,403.804246813974,-1.84114008003121,0.158859919968791,0.690208336802212
"July",164,92,"MeanSlope_per","Site",402.279222172011,403.804246813974,-1.52502464196351,0.474975358036488,0.490707131749854
"July",164,92,"Hydrologic_Group","Site",407.345152916446,403.804246813974,3.54090610247141,7.54090610247141,0.023041621886891
"July",165,92,"Tillage_Passes","Agricultural",369.043818503866,369.380183248106,-0.336364744240313,1.66363525575969,0.197113212869893
"July",165,92,"PerennialFrac","Agricultural",367.899451385789,369.380183248106,-1.48073186231716,0.519268137682843,0.471154040669984
"July",165,92,"MeanSlope_per","Site",367.594289616763,369.380183248106,-1.78589363134336,0.214106368656644,0.643567737432048
"July",165,92,"Hydrologic_Group","Site",368.843288859872,369.380183248106,-0.536894388234089,3.46310561176591,0.17700933531916
"July",166,92,"Tillage_Passes","Agricultural",405.810213429403,406.939110177041,-1.12889674763835,0.87110325236165,0.350650062751817
"July",166,92,"PerennialFrac","Agricultural",407.768443859385,406.939110177041,0.8293336823441,2.8293336823441,0.0925567540236891
"July",166,92,"MeanSlope_per","Site",405.790671034582,406.939110177041,-1.1484391424591,0.851560857540903,0.356111153469382
"July",166,92,"Hydrologic_Group","Site",405.4745735414,406.939110177041,-1.46453663564165,2.53546336435835,0.28146936017395
"July",167,92,"Tillage_Passes","Agricultural",396.079519957987,397.020044186294,-0.940524228307254,1.05947577169275,0.303334779713442
"July",167,92,"PerennialFrac","Agricultural",395.255720924916,397.020044186294,-1.76432326137871,0.235676738621294,0.627346189136287
"July",167,92,"MeanSlope_per","Site",395.449390626925,397.020044186294,-1.57065355936948,0.429346440630525,0.512309814209514
"July",167,92,"Hydrologic_Group","Site",400.015075530137,397.020044186294,2.99503134384292,6.99503134384292,0.0302724968944743
"July",168,92,"Tillage_Passes","Agricultural",378.638055391975,380.073618074084,-1.43556268210949,0.564437317890508,0.45247788431179
"July",168,92,"PerennialFrac","Agricultural",378.085064539763,380.073618074084,-1.98855353432111,0.0114464656788869,0.914798375390401
"July",168,92,"MeanSlope_per","Site",379.396217528118,380.073618074084,-0.677400545965611,1.32259945403439,0.250126062319085
"July",168,92,"Hydrologic_Group","Site",376.502873088829,380.073618074084,-3.57074498525463,0.429255014745365,0.806841926878485
"July",168,92,"Tile","Site",379.010206356101,380.073618074084,-1.06341171798317,0.936588282016828,0.333156795457951
"July",169,92,"Tillage_Passes","Agricultural",383.008500745466,383.382612211564,-0.374111466098384,1.62588853390162,0.202272666499148
"July",169,92,"PerennialFrac","Agricultural",381.449110143068,383.382612211564,-1.93350206849595,0.0664979315040455,0.796505750145463
"July",169,92,"MeanSlope_per","Site",384.604559418782,383.382612211564,1.22194720721814,3.22194720721814,0.0726571525036442
"July",169,92,"Hydrologic_Group","Site",381.036419795961,383.382612211564,-2.34619241560375,1.65380758439625,0.437401477776481
"July",170,92,"Tillage_Passes","Agricultural",408.336589560908,410.259199906286,-1.92261034537887,0.077389654621129,0.780866540485021
"July",170,92,"PerennialFrac","Agricultural",408.470555841798,410.259199906286,-1.78864406448866,0.211355935511335,0.645706705271455
"July",170,92,"MeanSlope_per","Site",408.266440711758,410.259199906286,-1.99275919452811,0.00724080547189487,0.932187516869726
"July",170,92,"Hydrologic_Group","Site",410.199851173498,410.259199906286,-0.0593487327881803,3.94065126721182,0.139411451769101
"July",171,92,"Tillage_Passes","Agricultural",392.25815301142,389.65103072659,2.60712228482981,4.60712228482981,0.0318394206819443
"July",171,92,"PerennialFrac","Agricultural",388.117489195948,389.65103072659,-1.53354153064191,0.466458469358088,0.494620965926529
"July",171,92,"MeanSlope_per","Site",387.719312786933,389.65103072659,-1.93171793965729,0.0682820603427103,0.793854718162526
"July",171,92,"Hydrologic_Group","Site",386.558339135273,389.65103072659,-3.09269159131685,0.90730840868315,0.635302380072096
"July",172,92,"Tillage_Passes","Agricultural",376.666145769403,378.666145749664,-1.99999998026135,1.97386498257401e-08,0.999887901763278
"July",172,92,"PerennialFrac","Agricultural",377.875450296575,378.666145749664,-0.790695453088631,1.20930454691137,0.271469898342543
"July",172,92,"MeanSlope_per","Site",377.257137406251,378.666145749664,-1.40900834341272,0.590991656587278,0.442035907275615
"July",172,92,"Hydrologic_Group","Site",376.328849841866,378.666145749664,-2.33729590779768,1.66270409220232,0.435460125959787
"July",172,92,"Tile","Site",377.154773123947,378.666145749664,-1.51137262571729,0.488627374282714,0.484540241036792
"July",173,92,"Tillage_Passes","Agricultural",363.435343089492,358.601875899287,4.83346719020466,6.83346719020466,0.00894654330546709
"July",173,92,"PerennialFrac","Agricultural",364.65359299943,358.601875899287,6.05171710014264,8.05171710014264,0.00454605458665104
"July",173,92,"MeanSlope_per","Site",358.132286096551,358.601875899287,-0.469589802735754,1.53041019726425,0.216050891887241
"July",173,92,"Hydrologic_Group","Site",355.808082853377,358.601875899287,-2.79379304590958,1.20620695409042,0.547111052006046
"July",173,92,"Tile","Site",356.62574676819,358.601875899287,-1.97612913109651,0.0238708689034866,0.877213932087561
"July",174,92,"Tillage_Passes","Agricultural",351.720381898632,353.25584691686,-1.53546501822757,0.464534981772431,0.495512135046034
"July",174,92,"PerennialFrac","Agricultural",351.281290905786,353.25584691686,-1.97455601107367,0.0254439889263267,0.873265725045136
"July",174,92,"MeanSlope_per","Site",352.029050486418,353.25584691686,-1.22679643044199,0.773203569558007,0.379227823382432
"July",174,92,"Hydrologic_Group","Site",352.604199039991,353.25584691686,-0.651647876869049,3.34835212313095,0.187462573486976
"July",174,92,"Tile","Site",353.597499223205,353.25584691686,0.341652306345452,2.34165230634545,0.125955890663113
"July",175,92,"Tillage_Passes","Agricultural",397.999377168435,399.812008526626,-1.8126313581912,0.187368641808803,0.665115757387233
"July",175,92,"PerennialFrac","Agricultural",398.175837369471,399.812008526626,-1.63617115715471,0.363828842845294,0.546387445589742
"July",175,92,"MeanSlope_per","Site",397.838767211923,399.812008526626,-1.97324131470231,0.0267586852976933,0.870061143215331
"July",175,92,"Hydrologic_Group","Site",397.737220554034,399.812008526626,-2.07478797259199,1.92521202740801,0.381896360910059
"July",176,92,"Tillage_Passes","Agricultural",403.67213103638,405.106788546289,-1.43465750990873,0.565342490091268,0.452115645371555
"July",176,92,"PerennialFrac","Agricultural",403.919867733103,405.106788546289,-1.18692081318551,0.813079186814491,0.367211451342924
"July",176,92,"MeanSlope_per","Site",404.664443765073,405.106788546289,-0.442344781215638,1.55765521878436,0.212008871829785
"July",176,92,"Hydrologic_Group","Site",402.551809692923,405.106788546289,-2.55497885336604,1.44502114663396,0.485531761445721
"July",176,92,"Tile","Site",403.652924741486,405.106788546289,-1.45386380480255,0.546136195197448,0.45990075457066
"July",177,92,"Tillage_Passes","Agricultural",402.914510128727,401.991903759544,0.922606369182631,2.92260636918263,0.0873466736562534
"July",177,92,"PerennialFrac","Agricultural",400.091571945758,401.991903759544,-1.90033181378658,0.099668186213421,0.752228187444027
"July",177,92,"MeanSlope_per","Site",401.180998368628,401.991903759544,-0.810905390916275,1.18909460908372,0.275512260450129
"July",177,92,"Hydrologic_Group","Site",398.62957500038,401.991903759544,-3.36232875916482,0.637671240835175,0.726995042626461
"July",178,92,"Tillage_Passes","Agricultural",391.68670889584,391.738508047973,-0.0517991521327872,1.94820084786721,0.162780858489176
"July",178,92,"PerennialFrac","Agricultural",389.7874698998,391.738508047973,-1.95103814817315,0.0489618518268458,0.824879676006538
"July",178,92,"MeanSlope_per","Site",391.702022374635,391.738508047973,-0.0364856733377792,1.96351432666222,0.161137965744707
"July",178,92,"Hydrologic_Group","Site",389.691448615065,391.738508047973,-2.04705943290827,1.95294056709173,0.376638181347063
"July",178,92,"Tile","Site",389.841625175772,391.738508047973,-1.89688287220139,0.103117127798612,0.748120547794002
"July",179,92,"Tillage_Passes","Agricultural",397.220210324,398.313173716573,-1.09296339257281,0.907036607427187,0.340901918499177
"July",179,92,"PerennialFrac","Agricultural",397.075861789353,398.313173716573,-1.2373119272192,0.762688072780804,0.382488604152688
"July",179,92,"MeanSlope_per","Site",398.217220001933,398.313173716573,-0.0959537146395064,1.90404628536049,0.167626109400568
"July",179,92,"Hydrologic_Group","Site",397.333113069824,398.313173716573,-0.980060646748882,3.01993935325112,0.220916676796923
"July",180,92,"Tillage_Passes","Agricultural",366.873339201701,365.383467279754,1.48987192194738,3.48987192194738,0.061745361785712
"July",180,92,"PerennialFrac","Agricultural",364.247729897314,365.383467279754,-1.13573738243997,0.86426261756003,0.352548571187264
"July",180,92,"MeanSlope_per","Site",363.725358304025,365.383467279754,-1.65810897572834,0.341891024271661,0.558739715403119
"July",180,92,"Hydrologic_Group","Site",363.106947912382,365.383467279754,-2.27651936737124,1.72348063262876,0.422426286886369
"July",181,92,"Tillage_Passes","Agricultural",382.680939709258,380.386983377618,2.29395633164012,4.29395633164012,0.0382480644795024
"July",181,92,"PerennialFrac","Agricultural",379.791969191995,380.386983377618,-0.59501418562354,1.40498581437646,0.23589056332572
"July",181,92,"MeanSlope_per","Site",381.952738079762,380.386983377618,1.56575470214386,3.56575470214386,0.0589829229409701
"July",181,92,"Hydrologic_Group","Site",385.118995173795,380.386983377618,4.73201179617672,8.73201179617672,0.0127018719582994
"July",181,92,"Tile","Site",379.025789020202,380.386983377618,-1.36119435741682,0.638805642583179,0.424143622446168
"July",182,92,"Tillage_Passes","Agricultural",359.225546032836,361.21494149452,-1.9893954616843,0.0106045383157038,0.917980162468042
"July",182,92,"PerennialFrac","Agricultural",360.976587184596,361.21494149452,-0.238354309924205,1.7616456900758,0.184419379332204
"July",182,92,"MeanSlope_per","Site",362.298582777153,361.21494149452,1.08364128263281,3.08364128263281,0.0790832900250426
"July",182,92,"Hydrologic_Group","Site",364.110397605004,361.21494149452,2.89545611048362,6.89545611048362,0.0318178427035647
"July",183,92,"Tillage_Passes","Agricultural",374.276271311564,375.896504258543,-1.62023294697883,0.379767053021169,0.53772793198775
"July",183,92,"PerennialFrac","Agricultural",374.0642706582,375.896504258543,-1.83223360034305,0.167766399656955,0.682104556000584
"July",183,92,"MeanSlope_per","Site",374.538647295159,375.896504258543,-1.35785696338405,0.642143036615948,0.422935836354564
"July",183,92,"Hydrologic_Group","Site",374.080664758339,375.896504258543,-1.81583950020399,2.18416049979601,0.3355178063541
"July",184,92,"Tillage_Passes","Agricultural",363.956330541207,365.68372055871,-1.7273900175033,0.272609982496704,0.601586323336855
"July",184,92,"PerennialFrac","Agricultural",364.277929461107,365.68372055871,-1.40579109760245,0.594208902397554,0.440796161968469
"July",184,92,"MeanSlope_per","Site",363.685487558586,365.68372055871,-1.99823300012406,0.0017669998759402,0.966470240655911
"July",184,92,"Hydrologic_Group","Site",362.454383582344,365.68372055871,-3.2293369763654,0.770663023634597,0.680225096164257
"July",184,92,"Tile","Site",364.64847642119,365.68372055871,-1.03524413751956,0.964755862480445,0.32599154327444
"July",185,92,"Tillage_Passes","Agricultural",390.716071834015,392.668021279344,-1.95194944532926,0.0480505546707377,0.826490853551886
"July",185,92,"PerennialFrac","Agricultural",390.797246235026,392.668021279344,-1.87077504431784,0.129224955682162,0.719236988593558
"July",185,92,"MeanSlope_per","Site",391.812547893968,392.668021279344,-0.855473385376229,1.14452661462377,0.284697858979951
"July",185,92,"Hydrologic_Group","Site",389.842618096303,392.668021279344,-2.82540318304137,1.17459681695863,0.555826875355208
"July",186,92,"Tillage_Passes","Agricultural",342.332009830239,343.82642524238,-1.49441541214105,0.505584587858948,0.477056526755578
"July",186,92,"PerennialFrac","Agricultural",341.855277554237,343.82642524238,-1.97114768814322,0.0288523118567809,0.865120488711234
"July",186,92,"MeanSlope_per","Site",341.853229333226,343.82642524238,-1.97319590915419,0.0268040908458147,0.869951927035319
"July",186,92,"Hydrologic_Group","Site",347.376854775844,343.82642524238,3.55042953346373,7.55042953346373,0.0229321650468792
"July",187,92,"Tillage_Passes","Agricultural",393.895072315552,394.488965251192,-0.593892935640099,1.4061070643599,0.235703719217866
"July",187,92,"PerennialFrac","Agricultural",394.313078314027,394.488965251192,-0.175886937165387,1.82411306283461,0.176824466655576
"July",187,92,"MeanSlope_per","Site",393.490619334187,394.488965251192,-0.998345917005622,1.00165408299438,0.316910598943659
"July",187,92,"Hydrologic_Group","Site",395.716692657284,394.488965251192,1.22772740609207,5.22772740609207,0.0732509762853572
"July",187,92,"Tile","Site",392.581235963285,394.488965251192,-1.90772928790688,0.092270712093125,0.761310022477408
"July",188,92,"Tillage_Passes","Agricultural",372.199041075201,371.959691857761,0.239349217440463,2.23934921744046,0.1345375929068
"July",188,92,"PerennialFrac","Agricultural",370.343506839075,371.959691857761,-1.61618501868526,0.383814981314742,0.535568561579559
"July",188,92,"MeanSlope_per","Site",371.560374692285,371.959691857761,-0.399317165476134,1.60068283452387,0.20580646997139
"July",188,92,"Hydrologic_Group","Site",371.265454339716,371.959691857761,-0.694237518045099,3.3057624819549,0.19149736294519
"July",189,92,"Tillage_Passes","Agricultural",397.179068935927,398.873753522553,-1.69468458662618,0.305315413373819,0.580569163842159
"July",189,92,"PerennialFrac","Agricultural",398.110401731962,398.873753522553,-0.763351790590718,1.23664820940928,0.266118004765446
"July",189,92,"MeanSlope_per","Site",396.881978362914,398.873753522553,-1.99177515963851,0.00822484036149262,0.927738197118616
"July",189,92,"Hydrologic_Group","Site",399.891130896384,398.873753522553,1.01737737383075,5.01737737383075,0.0813748772489995
"July",190,92,"Tillage_Passes","Agricultural",394.45006645331,395.922805920051,-1.47273946674045,0.52726053325955,0.467760870642756
"July",190,92,"PerennialFrac","Agricultural",394.22602514476,395.922805920051,-1.69678077529028,0.303219224709721,0.581871259125667
"July",190,92,"MeanSlope_per","Site",399.504704972316,395.922805920051,3.58189905226567,5.58189905226567,0.0181470344985536
"July",190,92,"Hydrologic_Group","Site",394.49132128872,395.922805920051,-1.43148463133031,2.56851536866969,0.276856021934579
"July",190,92,"Tile","Site",393.943670469109,395.922805920051,-1.9791354509411,0.0208645490588992,0.885148562367815
"July",191,92,"Tillage_Passes","Agricultural",381.586209044931,383.339713292916,-1.75350424798523,0.246495752014766,0.61955340665038
"July",191,92,"PerennialFrac","Agricultural",381.34086080187,383.339713292916,-1.99885249104585,0.00114750895414772,0.972976907370443
"July",191,92,"MeanSlope_per","Site",383.535541705272,383.339713292916,0.195828412356036,2.19582841235604,0.138384792395884
"July",191,92,"Hydrologic_Group","Site",385.238194516386,383.339713292916,1.8984812234703,5.8984812234703,0.0523794672021193
"July",191,92,"Tile","Site",381.339973599858,383.339713292916,-1.99973969305768,0.000260306942323041,0.987127464578224
"July",192,92,"Tillage_Passes","Agricultural",418.749187060911,418.732091938631,0.0170951222798408,2.01709512227984,0.155536442622772
"July",192,92,"PerennialFrac","Agricultural",417.979487265298,418.732091938631,-0.752604673333224,1.24739532666678,0.264050539464602
"July",192,92,"MeanSlope_per","Site",417.574444122968,418.732091938631,-1.15764781566321,0.842352184336789,0.358724910361635
"July",192,92,"Hydrologic_Group","Site",415.56894846743,418.732091938631,-3.16314347120118,0.836856528798819,0.658080335687097
"July",193,92,"Tillage_Passes","Agricultural",389.229324771066,388.890817473371,0.338507297695173,2.33850729769517,0.126210441665148
"July",193,92,"PerennialFrac","Agricultural",387.228584161279,388.890817473371,-1.66223331209164,0.337766687908356,0.561121177351874
"July",193,92,"MeanSlope_per","Site",387.700480339175,388.890817473371,-1.19033713419572,0.809662865804285,0.368219943288189
"July",193,92,"Hydrologic_Group","Site",385.830632810126,388.890817473371,-3.06018466324463,0.939815336755373,0.625059978420275
"July",194,92,"Tillage_Passes","Agricultural",363.7222232013,363.338800267953,0.383422933346878,2.38342293334688,0.122628590464888
"July",194,92,"PerennialFrac","Agricultural",363.217587301679,363.338800267953,-0.121212966273561,1.87878703372644,0.170472073321619
"July",194,92,"MeanSlope_per","Site",361.348262207261,363.338800267953,-1.99053806069168,0.00946193930832351,0.922509994024546
"July",194,92,"Hydrologic_Group","Site",363.06853314898,363.338800267953,-0.270267118972981,3.72973288102702,0.15491689912475
"July",195,92,"Tillage_Passes","Agricultural",369.559840473447,371.468732026833,-1.9088915533855,0.0911084466144985,0.762772696658457
"July",195,92,"PerennialFrac","Agricultural",370.000860896522,371.468732026833,-1.46787113031098,0.532128869689018,0.465713211099541
"July",195,92,"MeanSlope_per","Site",370.432642751844,371.468732026833,-1.03608927498902,0.963910725010976,0.326203536287857
"July",195,92,"Hydrologic_Group","Site",368.999302522549,371.468732026833,-2.46942950428422,1.53057049571578,0.465201214396759
"July",196,92,"Tillage_Passes","Agricultural",390.861608874909,392.423144255256,-1.56153538034698,0.438464619653018,0.507864450471895
"July",196,92,"PerennialFrac","Agricultural",390.966347399187,392.423144255256,-1.45679685606819,0.543203143931805,0.461108263033539
"July",196,92,"MeanSlope_per","Site",396.398546581996,392.423144255256,3.97540232674055,5.97540232674055,0.0145067715854949
"July",196,92,"Hydrologic_Group","Site",392.953251805739,392.423144255256,0.530107550482967,4.53010755048297,0.10382445120574
"July",197,92,"Tillage_Passes","Agricultural",399.596967307633,400.793044270645,-1.19607696301193,0.803923036988067,0.369923028196249
"July",197,92,"PerennialFrac","Agricultural",399.478352827644,400.793044270645,-1.31469144300092,0.685308556999075,0.407764713219737
"July",197,92,"MeanSlope_per","Site",399.27768773932,400.793044270645,-1.51535653132527,0.484643468674733,0.486326510543478
"July",197,92,"Hydrologic_Group","Site",400.156833483403,400.793044270645,-0.636210787241737,3.36378921275826,0.186021205002154
"July",198,92,"Tillage_Passes","Agricultural",371.265339307078,373.228082317516,-1.96274301043724,0.0372569895627635,0.846942758832351
"July",198,92,"PerennialFrac","Agricultural",371.232403060644,373.228082317516,-1.99567925687182,0.00432074312817576,0.947590908702012
"July",198,92,"MeanSlope_per","Site",371.903084316711,373.228082317516,-1.32499800080427,0.675001999195729,0.411313099086817
"July",198,92,"Hydrologic_Group","Site",371.733827252363,373.228082317516,-1.49425506515314,2.50574493484686,0.285683002019065
"July",199,92,"Tillage_Passes","Agricultural",367.784250119537,369.115412443387,-1.33116232385009,0.668837676149906,0.413457139717921
"July",199,92,"PerennialFrac","Agricultural",369.247572496559,369.115412443387,0.132160053172072,2.13216005317207,0.144237372054592
"July",199,92,"MeanSlope_per","Site",367.138400641853,369.115412443387,-1.97701180153439,0.0229881984656117,0.879487765979416
"July",199,92,"Hydrologic_Group","Site",366.808860231342,369.115412443387,-2.30655221204529,1.69344778795471,0.428817484782894
"July",200,92,"Tillage_Passes","Agricultural",387.942740165946,385.0106519935,2.93208817244567,4.93208817244567,0.0263624429948409
"July",200,92,"PerennialFrac","Agricultural",384.725886982973,385.0106519935,-0.284765010527565,1.71523498947244,0.190307563698661
"July",200,92,"MeanSlope_per","Site",384.625324275095,385.0106519935,-0.385327718405449,1.61467228159455,0.203836265007647
"July",200,92,"Hydrologic_Group","Site",383.144793263613,385.0106519935,-1.86585872988741,2.13414127011259,0.344014787691874
"August",1,92,"Tillage_Passes","Agricultural",356.246868816234,358.15551291977,-1.90864410353566,0.0913558964643357,0.762460439397283
"August",1,92,"PerennialFrac","Agricultural",356.761221043085,358.15551291977,-1.39429187668514,0.605708123314855,0.436408369120626
"August",1,92,"MeanSlope_per","Site",356.627787473067,358.15551291977,-1.52772544670279,0.472274553297211,0.491942624568333
"August",1,92,"Hydrologic_Group","Site",364.137845928989,358.15551291977,5.98233300921919,9.98233300921919,0.00679773028177523
"August",1,92,"Tile","Site",360.959776469308,358.15551291977,2.80426354953858,4.80426354953858,0.0283893981407067
"August",2,92,"Tillage_Passes","Agricultural",343.579891126997,345.579776274109,-1.99988514711242,0.000114852887577399,0.991449279564637
"August",2,92,"PerennialFrac","Agricultural",344.157778104589,345.579776274109,-1.42199816952035,0.57800183047965,0.447096607110632
"August",2,92,"MeanSlope_per","Site",343.583587327614,345.579776274109,-1.99618894649507,0.00381105350493272,0.95077487798114
"August",2,92,"Hydrologic_Group","Site",348.482879006705,345.579776274109,2.90310273259513,6.90310273259513,0.031696425449654
"August",2,92,"Tile","Site",346.382231937866,345.579776274109,0.802455663756405,2.8024556637564,0.0941200534896931
"August",3,92,"Tillage_Passes","Agricultural",328.868827127151,329.807191210409,-0.938364083257852,1.06163591674215,0.302842366667031
"August",3,92,"PerennialFrac","Agricultural",330.238196129729,329.807191210409,0.431004919319605,2.43100491931961,0.118956617464274
"August",3,92,"MeanSlope_per","Site",328.026915665731,329.807191210409,-1.78027554467837,0.219724455321625,0.639249949821345
"August",3,92,"Hydrologic_Group","Site",333.046440034097,329.807191210409,3.2392488236884,7.2392488236884,0.0267927376380147
"August",3,92,"Tile","Site",332.835829659258,329.807191210409,3.02863844884905,5.02863844884905,0.0249314907860982
"August",4,92,"Tillage_Passes","Agricultural",345.472327206629,345.570758616861,-0.0984314102316262,1.90156858976837,0.167902848987734
"August",4,92,"PerennialFrac","Agricultural",344.316996053197,345.570758616861,-1.2537625636644,0.746237436335605,0.38767010155798
"August",4,92,"MeanSlope_per","Site",343.642588764998,345.570758616861,-1.9281698518634,0.0718301481365984,0.788690489714725
"August",4,92,"Hydrologic_Group","Site",346.700846505533,345.570758616861,1.13008788867165,5.13008788867165,0.0769158013537621
"August",4,92,"Tile","Site",348.282362137381,345.570758616861,2.71160352051947,4.71160352051947,0.0299596940088211
"August",5,92,"Tillage_Passes","Agricultural",346.100345579864,344.455665492698,1.64468008716631,3.64468008716631,0.0562486091450335
"August",5,92,"PerennialFrac","Agricultural",344.832885620605,344.455665492698,0.377220127906753,2.37722012790675,0.123116456486613
"August",5,92,"MeanSlope_per","Site",343.58405526277,344.455665492698,-0.871610229928365,1.12838977007164,0.288119064593919
"August",5,92,"Hydrologic_Group","Site",348.914073741063,344.455665492698,4.45840824836529,8.45840824836529,0.0145639770542366
"August",5,92,"Tile","Site",348.840454558807,344.455665492698,4.38478906610914,6.38478906610914,0.0115102439127753
"August",6,92,"Tillage_Passes","Agricultural",331.514178305378,332.795934169222,-1.28175586384396,0.718244136156045,0.396720468946758
"August",6,92,"PerennialFrac","Agricultural",330.920083260646,332.795934169222,-1.87585090857544,0.124149091424556,0.724577317527089
"August",6,92,"MeanSlope_per","Site",332.361663530769,332.795934169222,-0.43427063845337,1.56572936154663,0.210828299445317
"August",6,92,"Hydrologic_Group","Site",335.118724158032,332.795934169222,2.32278998881048,6.32278998881048,0.0423665986703225
"August",6,92,"Tile","Site",337.302643952293,332.795934169222,4.50670978307159,6.50670978307159,0.010746817598259
"August",7,92,"Tillage_Passes","Agricultural",339.33493945421,340.989613381625,-1.65467392741442,0.345326072585578,0.55677092715719
"August",7,92,"PerennialFrac","Agricultural",340.559577711189,340.989613381625,-0.430035670435757,1.56996432956424,0.21021219399699
"August",7,92,"MeanSlope_per","Site",339.36958748707,340.989613381625,-1.62002589455426,0.37997410544574,0.537617095000132
"August",7,92,"Hydrologic_Group","Site",340.453037520916,340.989613381625,-0.536575860708524,3.46342413929148,0.176981146391166
"August",7,92,"Tile","Site",341.711466335344,340.989613381625,0.721852953719235,2.72185295371924,0.0989830480533258
"August",8,92,"Tillage_Passes","Agricultural",342.594756518345,342.537134757054,0.0576217612908181,2.05762176129082,0.151446377131664
"August",8,92,"PerennialFrac","Agricultural",340.857591969203,342.537134757054,-1.67954278785118,0.320457212148824,0.571333006691792
"August",8,92,"MeanSlope_per","Site",342.038873339336,342.537134757054,-0.498261417717856,1.50173858228214,0.220404046319941
"August",8,92,"Hydrologic_Group","Site",340.689006356932,342.537134757054,-1.84812840012216,2.15187159987784,0.340978518276721
"August",8,92,"Tile","Site",342.483818127256,342.537134757054,-0.0533166297980188,1.94668337020198,0.162944697924985
"August",9,92,"Tillage_Passes","Agricultural",347.63544643559,349.556411411009,-1.92096497541894,0.07903502458106,0.778609399278082
"August",9,92,"PerennialFrac","Agricultural",348.618253064066,349.556411411009,-0.938158346942373,1.06184165305763,0.302795522174798
"August",9,92,"MeanSlope_per","Site",347.5585422602,349.556411411009,-1.99786915080813,0.00213084919187168,0.963181829507001
"August",9,92,"Hydrologic_Group","Site",352.263812477362,349.556411411009,2.70740106635299,6.70740106635299,0.0349547632100985
"August",9,92,"Tile","Site",352.927218651755,349.556411411009,3.3708072407461,5.3708072407461,0.0204764990200189
"August",10,92,"Tillage_Passes","Agricultural",333.369723356515,330.323951266257,3.04577209025865,5.04577209025865,0.0246861037016647
"August",10,92,"PerennialFrac","Agricultural",329.191693346864,330.323951266257,-1.13225791939283,0.867742080607172,0.351581155470089
"August",10,92,"MeanSlope_per","Site",328.376232711622,330.323951266257,-1.94771855463478,0.0522814453652245,0.819139900741243
"August",10,92,"Hydrologic_Group","Site",336.772487420587,330.323951266257,6.44853615433055,10.4485361543306,0.00538429940973528
"August",10,92,"Tile","Site",342.007020881636,330.323951266257,11.683069615379,13.683069615379,0.000216396594159521
"August",11,92,"Tillage_Passes","Agricultural",349.324004775294,350.803561715145,-1.47955693985102,0.520443060148978,0.470652746329274
"August",11,92,"PerennialFrac","Agricultural",349.842256929452,350.803561715145,-0.961304785692562,1.03869521430744,0.308125124799679
"August",11,92,"MeanSlope_per","Site",348.867775043023,350.803561715145,-1.93578667212188,0.0642133278781216,0.799956432343669
"August",11,92,"Hydrologic_Group","Site",350.437469820989,350.803561715145,-0.366091894155147,3.63390810584485,0.162520025180881
"August",11,92,"Tile","Site",350.864100563438,350.803561715145,0.0605388482934472,2.06053884829345,0.151156709944702
"August",12,92,"Tillage_Passes","Agricultural",356.005994381248,357.02543856195,-1.01944418070173,0.980555819298274,0.322061621852157
"August",12,92,"PerennialFrac","Agricultural",356.777123998824,357.02543856195,-0.248314563125291,1.75168543687471,0.185664989705916
"August",12,92,"MeanSlope_per","Site",355.152533422392,357.02543856195,-1.87290513955787,0.127094860442128,0.721463410742153
"August",12,92,"Hydrologic_Group","Site",356.085604779344,357.02543856195,-0.939833782605149,3.06016621739485,0.216517672066541
"August",12,92,"Tile","Site",358.053466805342,357.02543856195,1.02802824339244,3.02802824339244,0.0818374129387183
"August",13,92,"Tillage_Passes","Agricultural",365.126611063844,366.071106407931,-0.944495344087386,1.05550465591261,0.304242712610305
"August",13,92,"PerennialFrac","Agricultural",364.357485748965,366.071106407931,-1.71362065896585,0.286379341034149,0.592550131048182
"August",13,92,"MeanSlope_per","Site",364.077953007443,366.071106407931,-1.99315340048855,0.00684659951144795,0.934054953835509
"August",13,92,"Hydrologic_Group","Site",366.735254690593,366.071106407931,0.664148282662268,4.66414828266227,0.0970941511007103
"August",13,92,"Tile","Site",367.243326587761,366.071106407931,1.17222017982982,3.17222017982982,0.074900564957461
"August",14,92,"Tillage_Passes","Agricultural",325.724042221016,326.942667461595,-1.21862524057968,0.781374759420316,0.376721019017083
"August",14,92,"PerennialFrac","Agricultural",328.361066179461,326.942667461595,1.41839871786516,3.41839871786516,0.0644735227530525
"August",14,92,"MeanSlope_per","Site",324.942905489257,326.942667461595,-1.99976197233821,0.000238027661794149,0.987690609539385
"August",14,92,"Hydrologic_Group","Site",332.018070918235,326.942667461595,5.07540345663983,9.07540345663983,0.0106979651518905
"August",14,92,"Tile","Site",333.304785695488,326.942667461595,6.36211823389266,8.36211823389266,0.00383123706289202
"August",15,92,"Tillage_Passes","Agricultural",328.242649365283,327.421297331959,0.821352033324047,2.82135203332405,0.0930180209413042
"August",15,92,"PerennialFrac","Agricultural",327.799623153599,327.421297331959,0.378325821640487,2.37832582164049,0.123029333472305
"August",15,92,"MeanSlope_per","Site",325.505005120694,327.421297331959,-1.91629221126504,0.0837077887349551,0.772334225823558
"August",15,92,"Hydrologic_Group","Site",330.988613394933,327.421297331959,3.56731606297382,7.56731606297382,0.0227393578126584
"August",15,92,"Tile","Site",336.155194588929,327.421297331959,8.73389725697029,10.7338972569703,0.00105190669320111
"August",16,92,"Tillage_Passes","Agricultural",355.489452526537,355.398391854829,0.0910606717073392,2.09106067170734,0.148163171561965
"August",16,92,"PerennialFrac","Agricultural",354.098957057891,355.398391854829,-1.29943479693821,0.700565203061785,0.402593842986821
"August",16,92,"MeanSlope_per","Site",353.554476267779,355.398391854829,-1.84391558705062,0.156084412949383,0.692787391434073
"August",16,92,"Hydrologic_Group","Site",357.019023136424,355.398391854829,1.62063128159474,5.62063128159474,0.0601859922393386
"August",16,92,"Tile","Site",358.668233807705,355.398391854829,3.26984195287582,5.26984195287582,0.0216979825650863
"August",17,92,"Tillage_Passes","Agricultural",351.983798540493,352.983134239102,-0.999335698609286,1.00066430139071,0.317149819746775
"August",17,92,"PerennialFrac","Agricultural",351.156435413619,352.983134239102,-1.82669882548271,0.173301174517292,0.677194460635825
"August",17,92,"MeanSlope_per","Site",351.10567602302,352.983134239102,-1.87745821608223,0.122541783917768,0.72629390475944
"August",17,92,"Hydrologic_Group","Site",353.942396387316,352.983134239102,0.959262148214464,4.95926214821446,0.0837741263361526
"August",17,92,"Tile","Site",352.327409751183,352.983134239102,-0.655724487918349,1.34427551208165,0.246281378132933
"August",18,92,"Tillage_Passes","Agricultural",350.201551599015,352.148507321775,-1.9469557227597,0.0530442772403035,0.817848223442038
"August",18,92,"PerennialFrac","Agricultural",352.781772184846,352.148507321775,0.633264863070679,2.63326486307068,0.104646330743075
"August",18,92,"MeanSlope_per","Site",350.493134173086,352.148507321775,-1.65537314868919,0.344626851310807,0.557170613539461
"August",18,92,"Hydrologic_Group","Site",352.482456177205,352.148507321775,0.333948855430094,4.33394885543009,0.11452359266753
"August",18,92,"Tile","Site",356.718010017104,352.148507321775,4.56950269532894,6.56950269532894,0.0103740934598326
"August",19,92,"Tillage_Passes","Agricultural",347.060790949519,349.047893747734,-1.98710279821432,0.0128972017856768,0.909581961659686
"August",19,92,"PerennialFrac","Agricultural",347.047958562569,349.047893747734,-1.9999351851647,6.48148352979661e-05,0.993576487391239
"August",19,92,"MeanSlope_per","Site",347.289108962471,349.047893747734,-1.75878478526226,0.241215214737736,0.623329797140954
"August",19,92,"Hydrologic_Group","Site",349.285399511471,349.047893747734,0.237505763737204,4.2375057637372,0.120181415513344
"August",19,92,"Tile","Site",351.401112687663,349.047893747734,2.35321893992932,4.35321893992932,0.0369390653553647
"August",20,92,"Tillage_Passes","Agricultural",343.0290004871,342.302258978997,0.726741508102407,2.72674150810241,0.098680433454058
"August",20,92,"PerennialFrac","Agricultural",340.826784838216,342.302258978997,-1.47547414078167,0.524525859218329,0.468917438532821
"August",20,92,"MeanSlope_per","Site",340.712993262975,342.302258978997,-1.58926571602228,0.410734283977717,0.521597046938556
"August",20,92,"Hydrologic_Group","Site",342.40811864408,342.302258978997,0.105859665082789,4.10585966508279,0.128358283863827
"August",20,92,"Tile","Site",345.401468619554,342.302258978997,3.09920964055686,5.09920964055686,0.0239367478696895
"August",21,92,"Tillage_Passes","Agricultural",360.646950310126,362.0635794711,-1.41662916097431,0.58337083902569,0.444994084560446
"August",21,92,"PerennialFrac","Agricultural",360.427555475958,362.0635794711,-1.63602399514201,0.363976004857989,0.546306313454461
"August",21,92,"MeanSlope_per","Site",360.532815331049,362.0635794711,-1.53076414005091,0.469235859949094,0.493338918869136
"August",21,92,"Hydrologic_Group","Site",363.108159501444,362.0635794711,1.0445800303433,5.0445800303433,0.0802755638403276
"August",21,92,"Tile","Site",361.556860469657,362.0635794711,-0.506719001443116,1.49328099855688,0.221708091402424
"August",22,92,"Tillage_Passes","Agricultural",372.212961548045,373.967242573398,-1.75428102535216,0.245718974647843,0.620105742141284
"August",22,92,"PerennialFrac","Agricultural",372.74170079016,373.967242573398,-1.22554178323725,0.774458216762753,0.378841391033266
"August",22,92,"MeanSlope_per","Site",372.365666908795,373.967242573398,-1.60157566460236,0.398424335397635,0.527904119526273
"August",22,92,"Hydrologic_Group","Site",376.149645578414,373.967242573398,2.18240300501685,6.18240300501685,0.0454473165226153
"August",22,92,"Tile","Site",376.403106444439,373.967242573398,2.43586387104159,4.43586387104159,0.0351914062371116
"August",23,92,"Tillage_Passes","Agricultural",358.646337020433,359.710898217734,-1.0645611973012,0.935438802698798,0.333453632053766
"August",23,92,"PerennialFrac","Agricultural",361.573261110733,359.710898217734,1.86236289299939,3.86236289299939,0.0493807379889208
"August",23,92,"MeanSlope_per","Site",358.694451149907,359.710898217734,-1.0164470678265,0.983552932173495,0.321323215797154
"August",23,92,"Hydrologic_Group","Site",364.317873478529,359.710898217734,4.60697526079548,8.60697526079548,0.0135213193185159
"August",23,92,"Tile","Site",362.867515491609,359.710898217734,3.15661727387527,5.15661727387527,0.0231579593674303
"August",24,92,"Tillage_Passes","Agricultural",349.264237947112,346.991606234776,2.27263171233625,4.27263171233625,0.0387309011917779
"August",24,92,"PerennialFrac","Agricultural",347.674459479307,346.991606234776,0.682853244530804,2.6828532445308,0.101433841257136
"August",24,92,"MeanSlope_per","Site",345.530075011259,346.991606234776,-1.46153122351677,0.538468776483228,0.463068008765795
"August",24,92,"Hydrologic_Group","Site",349.161090889596,346.991606234776,2.16948465481983,6.16948465481983,0.045741818794755
"August",24,92,"Tile","Site",348.191879756803,346.991606234776,1.2002735220272,3.2002735220272,0.0736259556074784
"August",25,92,"Tillage_Passes","Agricultural",331.519584031652,333.198889084153,-1.6793050525003,0.320694947499703,0.571190306002
"August",25,92,"PerennialFrac","Agricultural",332.757412502156,333.198889084153,-0.441476581996483,1.55852341800352,0.211881551282441
"August",25,92,"MeanSlope_per","Site",331.505748057314,333.198889084153,-1.69314102683842,0.306858973161582,0.579614071464454
"August",25,92,"Hydrologic_Group","Site",330.65345571359,333.198889084153,-2.54543337056253,1.45456662943747,0.483219965097453
"August",25,92,"Tile","Site",332.372668769352,333.198889084153,-0.826220314800423,1.17377968519958,0.278625975878404
"August",26,92,"Tillage_Passes","Agricultural",354.233812926816,353.53044188866,0.703371038156092,2.70337103815609,0.100136316241405
"August",26,92,"PerennialFrac","Agricultural",352.458323656587,353.53044188866,-1.07211823207308,0.92788176792692,0.335413951916492
"August",26,92,"MeanSlope_per","Site",351.540996335608,353.53044188866,-1.98944555305258,0.0105544469474239,0.918173423164056
"August",26,92,"Hydrologic_Group","Site",352.879543735283,353.53044188866,-0.650898153376943,3.34910184662306,0.187392314108958
"August",26,92,"Tile","Site",354.352563826769,353.53044188866,0.822121938108694,2.82212193810869,0.0929734187266432
"August",27,92,"Tillage_Passes","Agricultural",353.151666090819,355.100120183455,-1.94845409263598,0.0515459073640159,0.820394786521345
"August",27,92,"PerennialFrac","Agricultural",353.497881428561,355.100120183455,-1.60223875489453,0.397761245105471,0.528247713768894
"August",27,92,"MeanSlope_per","Site",353.144494981942,355.100120183455,-1.95562520151316,0.0443747984868423,0.833157844522805
"August",27,92,"Hydrologic_Group","Site",357.772014706099,355.100120183455,2.67189452264421,6.67189452264421,0.0355808658648625
"August",27,92,"Tile","Site",356.075251186834,355.100120183455,0.975131003378351,2.97513100337835,0.0845532813181053
"August",28,92,"Tillage_Passes","Agricultural",362.890956434377,364.82437867787,-1.93342224349249,0.0665777565075132,0.796386333144306
"August",28,92,"PerennialFrac","Agricultural",363.788227416825,364.82437867787,-1.03615126104427,0.963848738955733,0.326219091961259
"August",28,92,"MeanSlope_per","Site",362.924363512135,364.82437867787,-1.90001516573477,0.0999848342652285,0.751847834277336
"August",28,92,"Hydrologic_Group","Site",368.287527227361,364.82437867787,3.46314854949094,7.46314854949094,0.0239550942367978
"August",28,92,"Tile","Site",368.286236372642,364.82437867787,3.46185769477239,5.46185769477239,0.0194359727248133
"August",29,92,"Tillage_Passes","Agricultural",352.609851363759,352.28391962381,0.325931739949453,2.32593173994945,0.127234015789436
"August",29,92,"PerennialFrac","Agricultural",354.846912008069,352.28391962381,2.56299238425896,4.56299238425896,0.0326699443048761
"August",29,92,"MeanSlope_per","Site",351.02758036216,352.28391962381,-1.25633926165028,0.743660738349718,0.38849073067391
"August",29,92,"Hydrologic_Group","Site",354.519087113317,352.28391962381,2.23516748950738,6.23516748950738,0.0442639924145959
"August",29,92,"Tile","Site",353.033503677227,352.28391962381,0.749584053417323,2.74958405341732,0.0972797323675242
"August",30,92,"Tillage_Passes","Agricultural",362.302976363338,364.297970263178,-1.99499389983993,0.00500610016007386,0.943593702186013
"August",30,92,"PerennialFrac","Agricultural",363.545609819399,364.297970263178,-0.752360443778912,1.24763955622109,0.264003788561958
"August",30,92,"MeanSlope_per","Site",362.864534480838,364.297970263178,-1.43343578233947,0.566564217660527,0.451627443988291
"August",30,92,"Hydrologic_Group","Site",367.11033178606,364.297970263178,2.81236152288278,6.81236152288278,0.0331676338885726
"August",30,92,"Tile","Site",363.684320289832,364.297970263178,-0.61364997334573,1.38635002665427,0.23902246108845
"August",31,92,"Tillage_Passes","Agricultural",376.195326240672,375.798473065082,0.396853175589627,2.39685317558963,0.121579597774447
"August",31,92,"PerennialFrac","Agricultural",375.265326371955,375.798473065082,-0.533146693127719,1.46685330687228,0.225842827968875
"August",31,92,"MeanSlope_per","Site",374.11723296926,375.798473065082,-1.68124009582186,0.318759904178137,0.572353851859469
"August",31,92,"Hydrologic_Group","Site",373.526992689016,375.798473065082,-2.27148037606617,1.72851962393383,0.42136332531886
"August",31,92,"Tile","Site",374.060189112534,375.798473065082,-1.73828395254822,0.261716047451785,0.608943650924145
"August",32,92,"Tillage_Passes","Agricultural",369.53499352892,368.15628919275,1.37870433617002,3.37870433617002,0.0660439552184416
"August",32,92,"PerennialFrac","Agricultural",366.609267566503,368.15628919275,-1.54702162624676,0.45297837375324,0.500923955177211
"August",32,92,"MeanSlope_per","Site",366.32454588092,368.15628919275,-1.83174331182977,0.168256688170231,0.681665814102903
"August",32,92,"Hydrologic_Group","Site",370.161522114005,368.15628919275,2.00523292125496,6.00523292125496,0.0496569727329931
"August",32,92,"Tile","Site",369.2815155788,368.15628919275,1.12522638604997,3.12522638604997,0.0770891635270104
"August",33,92,"Tillage_Passes","Agricultural",336.575340314659,338.359168091996,-1.78382777733748,0.216172222662522,0.641972099444939
"August",33,92,"PerennialFrac","Agricultural",336.688205492335,338.359168091996,-1.67096259966149,0.329037400338507,0.566226452114045
"August",33,92,"MeanSlope_per","Site",336.720856931554,338.359168091996,-1.63831116044224,0.361688839557758,0.547569790072517
"August",33,92,"Hydrologic_Group","Site",337.220461674127,338.359168091996,-1.13870641786878,2.86129358213122,0.239154189416225
"August",33,92,"Tile","Site",342.740947664441,338.359168091996,4.38177957244454,6.38177957244454,0.0115297769097807
"August",34,92,"Tillage_Passes","Agricultural",366.770490088201,368.119321608084,-1.34883151988259,0.651168480117406,0.419695226999305
"August",34,92,"PerennialFrac","Agricultural",366.119898268588,368.119321608084,-1.99942333949519,0.000576660504805204,0.980841635712261
"August",34,92,"MeanSlope_per","Site",366.132946214794,368.119321608084,-1.98637539329002,0.0136246067099819,0.907078382227709
"August",34,92,"Hydrologic_Group","Site",370.170709004147,368.119321608084,2.05138739606338,6.05138739606338,0.0485241484856943
"August",34,92,"Tile","Site",371.454252366115,368.119321608084,3.33493075803159,5.33493075803159,0.0209021704385651
"August",35,92,"Tillage_Passes","Agricultural",365.023116440224,366.583398225882,-1.56028178565742,0.439718214342577,0.50725849264987
"August",35,92,"PerennialFrac","Agricultural",364.586533582556,366.583398225882,-1.99686464332592,0.00313535667407905,0.955346383251777
"August",35,92,"MeanSlope_per","Site",364.896864291621,366.583398225882,-1.68653393426104,0.313466065738965,0.575561016490032
"August",35,92,"Hydrologic_Group","Site",368.134797893536,366.583398225882,1.55139966765438,5.55139966765438,0.0623058576815873
"August",35,92,"Tile","Site",369.245673488029,366.583398225882,2.66227526214755,4.66227526214755,0.030832308518918
"August",36,92,"Tillage_Passes","Agricultural",337.979720790908,339.880839340945,-1.90111855003698,0.0988814499630166,0.753176089218273
"August",36,92,"PerennialFrac","Agricultural",337.927472488274,339.880839340945,-1.95336685267023,0.0466331473297714,0.829028987475702
"August",36,92,"MeanSlope_per","Site",337.936648367506,339.880839340945,-1.94419097343825,0.0558090265617466,0.813246953067042
"August",36,92,"Hydrologic_Group","Site",343.637287172426,339.880839340945,3.75644783148113,7.75644783148113,0.0206875353778128
"August",36,92,"Tile","Site",340.693057816054,339.880839340945,0.812218475109091,2.81221847510909,0.0935489259706328
"August",37,92,"Tillage_Passes","Agricultural",360.498112647321,362.457497089552,-1.95938444223134,0.0406155577686604,0.840281813573231
"August",37,92,"PerennialFrac","Agricultural",360.86835127147,362.457497089552,-1.58914581808216,0.410854181917841,0.521536274482824
"August",37,92,"MeanSlope_per","Site",360.503819689269,362.457497089552,-1.95367740028303,0.0463225997169729,0.8295904531613
"August",37,92,"Hydrologic_Group","Site",364.431228446665,362.457497089552,1.97373135711246,5.97373135711246,0.0504453009842979
"August",37,92,"Tile","Site",362.562958559121,362.457497089552,0.105461469569036,2.10546146956904,0.146774058074534
"August",38,92,"Tillage_Passes","Agricultural",367.336412371134,367.977710357318,-0.641297986184441,1.35870201381556,0.243762560622258
"August",38,92,"PerennialFrac","Agricultural",366.10996495468,367.977710357318,-1.86774540263804,0.132254597361964,0.716105753708413
"August",38,92,"MeanSlope_per","Site",366.109104493158,367.977710357318,-1.86860586415986,0.131394135840139,0.716990908059192
"August",38,92,"Hydrologic_Group","Site",373.25067469569,367.977710357318,5.27296433837205,9.27296433837205,0.00969173160162747
"August",38,92,"Tile","Site",379.980933502747,367.977710357318,12.003223145429,14.003223145429,0.000182497528209593
"August",39,92,"Tillage_Passes","Agricultural",334.767370566935,335.424914740834,-0.657544173898714,1.34245582610129,0.246601342271717
"August",39,92,"PerennialFrac","Agricultural",333.520775800949,335.424914740834,-1.904138939885,0.0958610601149985,0.756854224794337
"August",39,92,"MeanSlope_per","Site",333.454552124479,335.424914740834,-1.97036261635412,0.029637383645877,0.863315583945974
"August",39,92,"Hydrologic_Group","Site",336.264395533024,335.424914740834,0.83948079219067,4.83948079219067,0.0889447048551473
"August",39,92,"Tile","Site",334.540718607369,335.424914740834,-0.884196133464116,1.11580386653588,0.290823787457994
"August",40,92,"Tillage_Passes","Agricultural",339.662885454728,340.8905973219,-1.22771186717233,0.772288132827669,0.379510129611979
"August",40,92,"PerennialFrac","Agricultural",339.213288139471,340.8905973219,-1.67730918242938,0.322690817570617,0.569995031827602
"August",40,92,"MeanSlope_per","Site",338.969925288921,340.8905973219,-1.9206720329791,0.0793279670209017,0.778210202835939
"August",40,92,"Hydrologic_Group","Site",341.151047963885,340.8905973219,0.260450641984903,4.2604506419849,0.11881052033185
"August",40,92,"Tile","Site",347.220441544382,340.8905973219,6.32984422248205,8.32984422248205,0.00389990018704283
"August",41,92,"Tillage_Passes","Agricultural",319.995371659902,316.84135297487,3.15401868503193,5.15401868503193,0.023192637593774
"August",41,92,"PerennialFrac","Agricultural",317.68221804651,316.84135297487,0.840865071639769,2.84086507163977,0.0918947283994785
"August",41,92,"MeanSlope_per","Site",314.88077441984,316.84135297487,-1.96057855503022,0.0394214449697756,0.842616064366769
"August",41,92,"Hydrologic_Group","Site",316.683566317597,316.84135297487,-0.15778665727305,3.84221334272695,0.146444806146916
"August",41,92,"Tile","Site",315.450948831203,316.84135297487,-1.39040414366747,0.609595856332533,0.434940017954324
"August",42,92,"Tillage_Passes","Agricultural",353.205762777671,354.505143014623,-1.29938023695212,0.700619763047882,0.402575523223627
"August",42,92,"PerennialFrac","Agricultural",352.946389024876,354.505143014623,-1.55875398974621,0.441246010253792,0.506521671612245
"August",42,92,"MeanSlope_per","Site",352.506992064519,354.505143014623,-1.99815095010359,0.001849049896407,0.965701071360662
"August",42,92,"Hydrologic_Group","Site",355.470944847021,354.505143014623,0.965801832398199,4.9658018323982,0.0835006455348353
"August",42,92,"Tile","Site",353.902271571135,354.505143014623,-0.602871443488141,1.39712855651186,0.237204936067438
"August",43,92,"Tillage_Passes","Agricultural",347.960149600836,349.813121435244,-1.85297183440832,0.147028165591678,0.701391682132833
"August",43,92,"PerennialFrac","Agricultural",347.84158679741,349.813121435244,-1.97153463783394,0.0284653621660595,0.866019395423081
"August",43,92,"MeanSlope_per","Site",347.821418385505,349.813121435244,-1.99170304973961,0.00829695026038735,0.9274229881235
"August",43,92,"Hydrologic_Group","Site",355.127572038929,349.813121435244,5.31445060368458,9.31445060368458,0.00949276545213368
"August",43,92,"Tile","Site",353.090029858827,349.813121435244,3.27690842358231,5.27690842358231,0.0216100864345728
"August",44,92,"Tillage_Passes","Agricultural",343.19045874595,345.189455618324,-1.99899687237462,0.00100312762538124,0.974733472845967
"August",44,92,"PerennialFrac","Agricultural",344.317567709905,345.189455618324,-0.871887908419069,1.12811209158093,0.288178391661251
"August",44,92,"MeanSlope_per","Site",343.306926039643,345.189455618324,-1.88252957868139,0.117470421318615,0.731794381922928
"August",44,92,"Hydrologic_Group","Site",348.909341372133,345.189455618324,3.71988575380897,7.71988575380897,0.0210692030267641
"August",44,92,"Tile","Site",351.603217702409,345.189455618324,6.41376208408474,8.41376208408474,0.00372391267731167
"August",45,92,"Tillage_Passes","Agricultural",338.192494712395,339.536076375612,-1.34358166321664,0.656418336783361,0.417827260042266
"August",45,92,"PerennialFrac","Agricultural",338.924050291368,339.536076375612,-0.612026084243553,1.38797391575645,0.238747554911055
"August",45,92,"MeanSlope_per","Site",337.889793119176,339.536076375612,-1.64628325643559,0.353716743564405,0.552016674913805
"August",45,92,"Hydrologic_Group","Site",342.392582539236,339.536076375612,2.8565061636242,6.8565061636242,0.0324435675555711
"August",45,92,"Tile","Site",340.891888910918,339.536076375612,1.35581253530574,3.35581253530574,0.0669681538634832
"August",46,92,"Tillage_Passes","Agricultural",351.464127352032,353.37487458811,-1.91074723607818,0.0892527639218201,0.765129269392389
"August",46,92,"PerennialFrac","Agricultural",352.10928688107,353.37487458811,-1.26558770704003,0.734412292959973,0.391456720608336
"August",46,92,"MeanSlope_per","Site",352.006380482854,353.37487458811,-1.36849410525645,0.631505894743555,0.426803479336484
"August",46,92,"Hydrologic_Group","Site",357.733118505605,353.37487458811,4.35824391749446,8.35824391749446,0.0153119461864428
"August",46,92,"Tile","Site",359.957729286693,353.37487458811,6.58285469858299,8.58285469858299,0.00339342947185857
"August",47,92,"Tillage_Passes","Agricultural",358.280765700554,360.161930682342,-1.88116498178812,0.118835018211882,0.73030145686769
"August",47,92,"PerennialFrac","Agricultural",358.707962183806,360.161930682342,-1.4539684985366,0.546031501463403,0.45994376962636
"August",47,92,"MeanSlope_per","Site",358.176081011114,360.161930682342,-1.98584967122764,0.0141503287723594,0.905310884984945
"August",47,92,"Hydrologic_Group","Site",359.725053623374,360.161930682342,-0.436877058968093,3.56312294103191,0.168375029252744
"August",47,92,"Tile","Site",359.328433994614,360.161930682342,-0.833496687728427,1.16650331227157,0.280120882274483
"August",48,92,"Tillage_Passes","Agricultural",357.542246669017,359.394180979498,-1.85193431048083,0.148065689519171,0.700390750451708
"August",48,92,"PerennialFrac","Agricultural",361.333710903267,359.394180979498,1.93952992376916,3.93952992376916,0.0471639550276056
"August",48,92,"MeanSlope_per","Site",357.396160873079,359.394180979498,-1.99802010641929,0.00197989358071027,0.9645090442574
"August",48,92,"Hydrologic_Group","Site",360.473482086355,359.394180979498,1.07930110685692,5.07930110685692,0.0788939641995552
"August",48,92,"Tile","Site",363.583078720178,359.394180979498,4.18889774068009,6.18889774068009,0.0128554233873517
"August",49,92,"Tillage_Passes","Agricultural",327.123343719725,328.507311393478,-1.3839676737536,0.616032326246398,0.432525531101407
"August",49,92,"PerennialFrac","Agricultural",327.001567127462,328.507311393478,-1.50574426601617,0.494255733983834,0.482035035851519
"August",49,92,"MeanSlope_per","Site",326.518863392993,328.507311393478,-1.98844800048488,0.0115519995151203,0.914408009837509
"August",49,92,"Hydrologic_Group","Site",328.09420825692,328.507311393478,-0.413103136558448,3.58689686344155,0.166385410500297
"August",49,92,"Tile","Site",327.156734104431,328.507311393478,-1.35057728904746,0.649422710952535,0.420319151065307
"August",50,92,"Tillage_Passes","Agricultural",345.088007600154,346.440981319151,-1.35297371899674,0.647026281003264,0.421177872326527
"August",50,92,"PerennialFrac","Agricultural",344.564273914615,346.440981319151,-1.87670740453581,0.123292595464193,0.72549048202026
"August",50,92,"MeanSlope_per","Site",344.538449813459,346.440981319151,-1.90253150569157,0.0974684943084299,0.754888952833745
"August",50,92,"Hydrologic_Group","Site",346.632995184831,346.440981319151,0.192013865680622,4.19201386568062,0.122946382554337
"August",50,92,"Tile","Site",350.309049126399,346.440981319151,3.86806780724834,5.86806780724834,0.0154179653564855
"August",51,92,"Tillage_Passes","Agricultural",303.68185071305,304.557244235561,-0.875393522511047,1.12460647748895,0.288928717971036
"August",51,92,"PerennialFrac","Agricultural",302.607483563593,304.557244235561,-1.94976067196791,0.0502393280320916,0.822647347313782
"August",51,92,"MeanSlope_per","Site",302.559389751238,304.557244235561,-1.99785448432254,0.00214551567745502,0.963055428630402
"August",51,92,"Hydrologic_Group","Site",305.880781323395,304.557244235561,1.32353708783438,5.32353708783438,0.0698246245683028
"August",51,92,"Tile","Site",304.575322485115,304.557244235561,0.018078249554776,2.01807824955478,0.15543575169586
"August",52,92,"Tillage_Passes","Agricultural",360.899161607431,359.838983549555,1.06017805787548,3.06017805787548,0.0802328767510668
"August",52,92,"PerennialFrac","Agricultural",359.917504923749,359.838983549555,0.0785213741935991,2.0785213741936,0.149384822898689
"August",52,92,"MeanSlope_per","Site",357.889507038268,359.838983549555,-1.94947651128712,0.0505234887128836,0.82215485533522
"August",52,92,"Hydrologic_Group","Site",359.650138831433,359.838983549555,-0.18884471812288,3.81115528187712,0.148736701395152
"August",52,92,"Tile","Site",360.638441905339,359.838983549555,0.799458355783941,2.79945835578394,0.0942961570805656
"August",53,92,"Tillage_Passes","Agricultural",339.111122638114,341.104477765375,-1.99335512726043,0.00664487273957093,0.935031530415164
"August",53,92,"PerennialFrac","Agricultural",339.184458774731,341.104477765375,-1.92001899064354,0.0799810093564588,0.777323147960806
"August",53,92,"MeanSlope_per","Site",339.367754963997,341.104477765375,-1.73672280137782,0.263277198622177,0.607877562268298
"August",53,92,"Hydrologic_Group","Site",339.818491463771,341.104477765375,-1.28598630160394,2.71401369839606,0.257430152217624
"August",53,92,"Tile","Site",339.89923571701,341.104477765375,-1.20524204836499,0.794757951635006,0.37266529183027
"August",54,92,"Tillage_Passes","Agricultural",358.173078963228,358.080364490581,0.0927144726475717,2.09271447264757,0.148002892589913
"August",54,92,"PerennialFrac","Agricultural",356.084477047914,358.080364490581,-1.99588744266714,0.00411255733285998,0.948867332581145
"August",54,92,"MeanSlope_per","Site",356.081160999263,358.080364490581,-1.99920349131816,0.000796508681844443,0.977484703614065
"August",54,92,"Hydrologic_Group","Site",358.159946447257,358.080364490581,0.0795819566757814,4.07958195667578,0.130055892536374
"August",54,92,"Tile","Site",358.196823267813,358.080364490581,0.116458777231742,2.11645877723174,0.145723140406406
"August",55,92,"Tillage_Passes","Agricultural",344.949763705301,346.939034430666,-1.98927072536452,0.0107292746354801,0.917500904515058
"August",55,92,"PerennialFrac","Agricultural",344.963042483002,346.939034430666,-1.97599194766349,0.0240080523365123,0.876864424492903
"August",55,92,"MeanSlope_per","Site",344.97330260816,346.939034430666,-1.96573182250603,0.0342681774939706,0.853137535317372
"August",55,92,"Hydrologic_Group","Site",349.102902376694,346.939034430666,2.16386794602778,6.16386794602778,0.0458704585811573
"August",55,92,"Tile","Site",346.639201911317,346.939034430666,-0.299832519348399,1.7001674806516,0.192266075752844
"August",56,92,"Tillage_Passes","Agricultural",321.046773493324,321.686478996522,-0.639705503197945,1.36029449680206,0.243486449251852
"August",56,92,"PerennialFrac","Agricultural",323.014407447073,321.686478996522,1.32792845055081,3.32792845055081,0.0681126129254361
"August",56,92,"MeanSlope_per","Site",320.279871327702,321.686478996522,-1.40660766881967,0.593392331180326,0.441110315310771
"August",56,92,"Hydrologic_Group","Site",322.560203348056,321.686478996522,0.873724351534008,4.87372435153401,0.0874347764333197
"August",56,92,"Tile","Site",321.443502175605,321.686478996522,-0.242976820917306,1.75702317908269,0.184996251383997
"August",57,92,"Tillage_Passes","Agricultural",375.626653966289,377.237887197611,-1.61123323132148,0.388766768678522,0.532948353713425
"August",57,92,"PerennialFrac","Agricultural",375.328398726941,377.237887197611,-1.90948847066971,0.0905115293302856,0.763527856516815
"August",57,92,"MeanSlope_per","Site",375.238823158475,377.237887197611,-1.99906403913599,0.000935960864012486,0.975593743937566
"August",57,92,"Hydrologic_Group","Site",379.240514696428,377.237887197611,2.00262749881733,6.00262749881733,0.049721703582112
"August",57,92,"Tile","Site",380.699650259053,377.237887197611,3.46176306144167,5.46176306144167,0.0194370253380531
"August",58,92,"Tillage_Passes","Agricultural",313.31340943899,315.124099107555,-1.81068966856452,0.189310331435479,0.663491243508886
"August",58,92,"PerennialFrac","Agricultural",313.676970344121,315.124099107555,-1.4471287634338,0.552871236566205,0.457146875966972
"August",58,92,"MeanSlope_per","Site",313.196593266612,315.124099107555,-1.92750584094273,0.0724941590572712,0.787739311403668
"August",58,92,"Hydrologic_Group","Site",318.794825649214,315.124099107555,3.67072654165952,7.67072654165952,0.0215934927591711
"August",58,92,"Tile","Site",318.960774858771,315.124099107555,3.83667575121575,5.83667575121575,0.0156954531350891
"August",59,92,"Tillage_Passes","Agricultural",355.918399958895,357.88403182338,-1.96563186448549,0.0343681355145122,0.852925936243444
"August",59,92,"PerennialFrac","Agricultural",357.488921069404,357.88403182338,-0.395110753976724,1.60488924602328,0.205211707231888
"August",59,92,"MeanSlope_per","Site",356.348560733091,357.88403182338,-1.53547109028926,0.464528909710737,0.495514952563508
"August",59,92,"Hydrologic_Group","Site",357.769778208937,357.88403182338,-0.114253614443555,3.88574638555644,0.143291653214387
"August",59,92,"Tile","Site",360.067833429432,357.88403182338,2.18380160605142,4.18380160605142,0.0408120571252022
"August",60,92,"Tillage_Passes","Agricultural",351.777377159634,353.534157524292,-1.75678036465837,0.243219635341632,0.621890334212144
"August",60,92,"PerennialFrac","Agricultural",351.599875252348,353.534157524292,-1.9342822719442,0.0657177280558017,0.797676969727142
"August",60,92,"MeanSlope_per","Site",351.597513309539,353.534157524292,-1.93664421475336,0.0633557852466424,0.801268511194981
"August",60,92,"Hydrologic_Group","Site",356.767463329535,353.534157524292,3.23330580524299,7.23330580524299,0.0268724709104152
"August",60,92,"Tile","Site",356.205202083408,353.534157524292,2.67104455911601,4.67104455911601,0.030675265010837
"August",61,92,"Tillage_Passes","Agricultural",336.466441612992,337.701488601857,-1.23504698886501,0.764953011134992,0.381782921461983
"August",61,92,"PerennialFrac","Agricultural",335.913612531723,337.701488601857,-1.78787607013385,0.212123929866152,0.645107758576951
"August",61,92,"MeanSlope_per","Site",335.853104167157,337.701488601857,-1.84838443469971,0.15161556530029,0.696996222512697
"August",61,92,"Hydrologic_Group","Site",339.798097874401,337.701488601857,2.09660927254367,6.09660927254367,0.0474392830931251
"August",61,92,"Tile","Site",339.901042111614,337.701488601857,2.19955350975715,4.19955350975715,0.0404346241735819
"August",62,92,"Tillage_Passes","Agricultural",324.380181900398,325.867282240347,-1.48710033994854,0.51289966005146,0.473886302437415
"August",62,92,"PerennialFrac","Agricultural",327.191846856389,325.867282240347,1.32456461604232,3.32456461604232,0.0682520834095316
"August",62,92,"MeanSlope_per","Site",326.640615274527,325.867282240347,0.773333034180382,2.77333303418038,0.0958463961420504
"August",62,92,"Hydrologic_Group","Site",332.015323276066,325.867282240347,6.14804103571953,10.1480410357195,0.00625721226673261
"August",62,92,"Tile","Site",327.916127054399,325.867282240347,2.04884481405236,4.04884481405236,0.0442015823143007
"August",63,92,"Tillage_Passes","Agricultural",330.841673238501,331.915279851562,-1.07360661306097,0.926393386939026,0.335801858175842
"August",63,92,"PerennialFrac","Agricultural",330.460431320453,331.915279851562,-1.45484853110912,0.545151468890879,0.46030559697248
"August",63,92,"MeanSlope_per","Site",331.861902381436,331.915279851562,-0.053377470125497,1.9466225298745,0.162951270673649
"August",63,92,"Hydrologic_Group","Site",335.015622719697,331.915279851562,3.10034286813493,7.10034286813493,0.0287197156945063
"August",63,92,"Tile","Site",341.166747769286,331.915279851562,9.25146791772448,11.2514679177245,0.000795600715868618
"August",64,92,"Tillage_Passes","Agricultural",359.077085416509,360.751334935996,-1.6742495194863,0.325750480513705,0.568172138690617
"August",64,92,"PerennialFrac","Agricultural",360.548601894427,360.751334935996,-0.202733041568763,1.79726695843124,0.180043257764358
"August",64,92,"MeanSlope_per","Site",358.751808483816,360.751334935996,-1.99952645217951,0.000473547820490694,0.98263848151405
"August",64,92,"Hydrologic_Group","Site",361.382307268166,360.751334935996,0.630972332170018,4.63097233217002,0.098718178903295
"August",64,92,"Tile","Site",362.432505297596,360.751334935996,1.68117036160083,3.68117036160083,0.0550302096163519
"August",65,92,"Tillage_Passes","Agricultural",339.77007942633,340.75558827178,-0.985508845449147,1.01449115455085,0.313829296302977
"August",65,92,"PerennialFrac","Agricultural",338.97816867112,340.75558827178,-1.77741960065953,0.222580399340472,0.637080778292927
"August",65,92,"MeanSlope_per","Site",339.281519411061,340.75558827178,-1.47406886071849,0.525931139281511,0.468322534339998
"August",65,92,"Hydrologic_Group","Site",342.734523883346,340.75558827178,1.97893561156621,5.97893561156621,0.0503142065293346
"August",65,92,"Tile","Site",345.338502576514,340.75558827178,4.58291430473446,6.58291430473446,0.0102962183340017
"August",66,92,"Tillage_Passes","Agricultural",321.287321248938,322.929347816837,-1.64202656789917,0.357973432100835,0.549633899239098
"August",66,92,"PerennialFrac","Agricultural",321.099662395757,322.929347816837,-1.82968542108063,0.170314578919374,0.679832382673362
"August",66,92,"MeanSlope_per","Site",320.930786465023,322.929347816837,-1.99856135181471,0.00143864818528527,0.969743879597297
"August",66,92,"Hydrologic_Group","Site",326.770931210931,322.929347816837,3.84158339409328,7.84158339409328,0.019825392824661
"August",66,92,"Tile","Site",322.118774649,322.929347816837,-0.810573167837163,1.18942683216284,0.275445201516118
"August",67,92,"Tillage_Passes","Agricultural",353.936933537656,355.705485020827,-1.768551483171,0.231448516829005,0.630451849010268
"August",67,92,"PerennialFrac","Agricultural",353.788307070956,355.705485020827,-1.91717794987045,0.0828220501295505,0.773508867711602
"August",67,92,"MeanSlope_per","Site",353.711567287716,355.705485020827,-1.99391773311112,0.0060822668888818,0.937836890950617
"August",67,92,"Hydrologic_Group","Site",356.278554199334,355.705485020827,0.573069178507467,4.57306917850747,0.101618000500125
"August",67,92,"Tile","Site",356.178205611704,355.705485020827,0.472720590877714,2.47272059087771,0.115837266668113
"August",68,92,"Tillage_Passes","Agricultural",350.41122512989,351.809715489473,-1.39849035958281,0.601509640417191,0.438002608897462
"August",68,92,"PerennialFrac","Agricultural",350.445573859625,351.809715489473,-1.36414162984732,0.635858370152675,0.425214532631293
"August",68,92,"MeanSlope_per","Site",349.936462163317,351.809715489473,-1.87325332615563,0.126746673844366,0.721829338528949
"August",68,92,"Hydrologic_Group","Site",354.980411691007,351.809715489473,3.17069620153416,7.17069620153416,0.0277270141551907
"August",68,92,"Tile","Site",359.313479503582,351.809715489473,7.50376401410932,9.50376401410932,0.0020505083264542
"August",69,92,"Tillage_Passes","Agricultural",356.934534927173,358.823228648439,-1.88869372126629,0.111306278733707,0.738661829119767
"August",69,92,"PerennialFrac","Agricultural",357.628744632102,358.823228648439,-1.19448401633719,0.805515983662815,0.369449281155871
"August",69,92,"MeanSlope_per","Site",357.148360942832,358.823228648439,-1.67486770560743,0.325132294392574,0.568539526115425
"August",69,92,"Hydrologic_Group","Site",358.165618943089,358.823228648439,-0.657609705349557,3.34239029465044,0.188022217052125
"August",69,92,"Tile","Site",357.551227519952,358.823228648439,-1.27200112848686,0.727998871513137,0.39353260211927
"August",70,92,"Tillage_Passes","Agricultural",360.835866650778,362.38515716993,-1.54929051915218,0.45070948084782,0.501998225663622
"August",70,92,"PerennialFrac","Agricultural",361.26456980387,362.38515716993,-1.12058736605991,0.879412633940092,0.348362604691836
"August",70,92,"MeanSlope_per","Site",360.539013951874,362.38515716993,-1.84614321805645,0.153856781943546,0.694876593011598
"August",70,92,"Hydrologic_Group","Site",363.280797401386,362.38515716993,0.895640231455957,4.89564023145596,0.086481901709468
"August",70,92,"Tile","Site",366.40035356354,362.38515716993,4.01519639360959,6.01519639360959,0.0141831999892222
"August",71,92,"Tillage_Passes","Agricultural",353.073071318247,355.053105637052,-1.98003431880494,0.0199656811950604,0.887632974227535
"August",71,92,"PerennialFrac","Agricultural",354.028688377645,355.053105637052,-1.02441725940622,0.975582740593779,0.323291794977322
"August",71,92,"MeanSlope_per","Site",353.192414998926,355.053105637052,-1.86069063812533,0.139309361874666,0.708968567540836
"August",71,92,"Hydrologic_Group","Site",358.02321049017,355.053105637052,2.97010485311836,6.97010485311836,0.0306521514002512
"August",71,92,"Tile","Site",355.031862668542,355.053105637052,-0.0212429685091706,1.97875703149083,0.159521412175249
"August",72,92,"Tillage_Passes","Agricultural",314.927100789537,316.763832217488,-1.83673142795101,0.163268572048992,0.68616487809076
"August",72,92,"PerennialFrac","Agricultural",314.779143549978,316.763832217488,-1.98468866751023,0.0153113324897731,0.901521955820427
"August",72,92,"MeanSlope_per","Site",314.968723654133,316.763832217488,-1.79510856335514,0.204891436644857,0.650801254831672
"August",72,92,"Hydrologic_Group","Site",322.793260465937,316.763832217488,6.02942824844905,10.0294282484491,0.00663952984667362
"August",72,92,"Tile","Site",320.048711644745,316.763832217488,3.28487942725684,5.28487942725684,0.0215113816432591
"August",73,92,"Tillage_Passes","Agricultural",366.794234093031,366.619442139622,0.17479195340934,2.17479195340934,0.140288486536673
"August",73,92,"PerennialFrac","Agricultural",364.731996109151,366.619442139622,-1.88744603047132,0.112553969528676,0.737255004222007
"August",73,92,"MeanSlope_per","Site",364.635170258949,366.619442139622,-1.98427188067348,0.0157281193265248,0.900197547618213
"August",73,92,"Hydrologic_Group","Site",364.713360684775,366.619442139622,-1.90608145484725,2.09391854515275,0.351003433828701
"August",73,92,"Tile","Site",369.593647110144,366.619442139622,2.97420497052184,4.97420497052184,0.0257280257835017
"August",74,92,"Tillage_Passes","Agricultural",368.970464636736,370.371261148961,-1.40079651222476,0.599203487775242,0.438882093046424
"August",74,92,"PerennialFrac","Agricultural",369.221229777192,370.371261148961,-1.15003137176922,0.849968628230783,0.356561212839017
"August",74,92,"MeanSlope_per","Site",368.441692918329,370.371261148961,-1.92956823063145,0.0704317693685539,0.790709158964569
"August",74,92,"Hydrologic_Group","Site",373.756896170555,370.371261148961,3.38563502159474,7.38563502159474,0.0249017421823262
"August",74,92,"Tile","Site",372.107619294615,370.371261148961,1.73635814565432,3.73635814565432,0.0532403676095651
"August",75,92,"Tillage_Passes","Agricultural",360.765997434385,362.697299214646,-1.93130178026166,0.0686982197383372,0.793241685206108
"August",75,92,"PerennialFrac","Agricultural",361.346577191972,362.697299214646,-1.3507220226748,0.649277977325198,0.420370939804758
"August",75,92,"MeanSlope_per","Site",360.806216189884,362.697299214646,-1.89108302476234,0.108916975237662,0.741380528848529
"August",75,92,"Hydrologic_Group","Site",366.791453382032,362.697299214646,4.09415416738551,8.09415416738551,0.0174733732785064
"August",75,92,"Tile","Site",367.865353067635,362.697299214646,5.16805385298835,7.16805385298835,0.00742132425955959
"August",76,92,"Tillage_Passes","Agricultural",330.822932525016,330.386499095879,0.436433429137196,2.4364334291372,0.118545486328499
"August",76,92,"PerennialFrac","Agricultural",328.434323759184,330.386499095879,-1.95217533669489,0.0478246633051072,0.826892702008007
"August",76,92,"MeanSlope_per","Site",328.403725914519,330.386499095879,-1.98277318136047,0.0172268186395286,0.895576771873711
"August",76,92,"Hydrologic_Group","Site",330.239798012856,330.386499095879,-0.146701083023288,3.85329891697671,0.145635339184829
"August",76,92,"Tile","Site",331.293043748837,330.386499095879,0.906544652958132,2.90654465295813,0.0882207003727211
"August",77,92,"Tillage_Passes","Agricultural",353.355616147758,355.293240463148,-1.9376243153896,0.0623756846104015,0.802779725510543
"August",77,92,"PerennialFrac","Agricultural",353.773582098006,355.293240463148,-1.51965836514199,0.480341634858007,0.488267610820148
"August",77,92,"MeanSlope_per","Site",353.334166438012,355.293240463148,-1.95907402513637,0.0409259748636259,0.839680876762186
"August",77,92,"Hydrologic_Group","Site",356.326083308245,355.293240463148,1.03284284509709,5.03284284509709,0.0807480534906751
"August",77,92,"Tile","Site",357.652811037392,355.293240463148,2.35957057424349,4.35957057424349,0.0368015810474169
"August",78,92,"Tillage_Passes","Agricultural",336.978027705691,337.400331555353,-0.422303849661489,1.57769615033851,0.209092856767603
"August",78,92,"PerennialFrac","Agricultural",337.101780597515,337.400331555353,-0.298550957837222,1.70144904216278,0.192098582990224
"August",78,92,"MeanSlope_per","Site",335.655818299616,337.400331555353,-1.74451325573608,0.255486744263919,0.613237916816394
"August",78,92,"Hydrologic_Group","Site",345.858408761036,337.400331555353,8.45807720568376,12.4580772056838,0.00197134623255486
"August",78,92,"Tile","Site",346.909177739137,337.400331555353,9.50884618378484,11.5088461837848,0.000692657593026477
"August",79,92,"Tillage_Passes","Agricultural",367.552395155463,368.574438407018,-1.02204325155532,0.977956748444683,0.322703773186977
"August",79,92,"PerennialFrac","Agricultural",366.84119591338,368.574438407018,-1.73324249363839,0.266757506361614,0.605515204992683
"August",79,92,"MeanSlope_per","Site",366.816544845793,368.574438407018,-1.75789356122539,0.242106438774613,0.622688856124627
"August",79,92,"Hydrologic_Group","Site",370.353530293541,368.574438407018,1.77909188652211,5.77909188652211,0.0556014530952166
"August",79,92,"Tile","Site",369.595236599534,368.574438407018,1.02079819251543,3.02079819251543,0.0822029979150303
"August",80,92,"Tillage_Passes","Agricultural",325.494974595531,326.719823685033,-1.2248490895015,0.775150910498496,0.378628278698854
"August",80,92,"PerennialFrac","Agricultural",324.738631005621,326.719823685033,-1.98119267941172,0.0188073205882802,0.890920305775159
"August",80,92,"MeanSlope_per","Site",324.729472866226,326.719823685033,-1.9903508188068,0.00964918119319691,0.921749465909466
"August",80,92,"Hydrologic_Group","Site",328.121356169496,326.719823685033,1.4015324844633,5.4015324844633,0.0671540367617415
"August",80,92,"Tile","Site",328.003587635728,326.719823685033,1.28376395069529,3.28376395069529,0.0699682936772583
"August",81,92,"Tillage_Passes","Agricultural",363.160293268026,364.772104602586,-1.61181133455972,0.388188665440282,0.533253055910947
"August",81,92,"PerennialFrac","Agricultural",363.120967925379,364.772104602586,-1.6511366772063,0.348863322793704,0.554757281761918
"August",81,92,"MeanSlope_per","Site",363.114186101744,364.772104602586,-1.65791850084122,0.34208149915878,0.558630198263355
"August",81,92,"Hydrologic_Group","Site",369.64764207207,364.772104602586,4.87553746948396,8.87553746948396,0.011822287772711
"August",81,92,"Tile","Site",371.032374343361,364.772104602586,6.26026974077513,8.26026974077513,0.00405221065568878
"August",82,92,"Tillage_Passes","Agricultural",368.639319075505,370.637479190575,-1.99816011507005,0.00183988492995013,0.965786127421726
"August",82,92,"PerennialFrac","Agricultural",369.755422165028,370.637479190575,-0.882057025547226,1.11794297445277,0.290361816250508
"August",82,92,"MeanSlope_per","Site",368.66131215036,370.637479190575,-1.97616704021505,0.0238329597849543,0.877310695859455
"August",82,92,"Hydrologic_Group","Site",372.092400135354,370.637479190575,1.45492094477851,5.45492094477851,0.0653851263392695
"August",82,92,"Tile","Site",374.675380416782,370.637479190575,4.03790122620694,6.03790122620694,0.0140019204106019
"August",83,92,"Tillage_Passes","Agricultural",367.585323542727,369.534903219796,-1.94957967706949,0.0504203229305062,0.822333488097287
"August",83,92,"PerennialFrac","Agricultural",368.125489173474,369.534903219796,-1.40941404632224,0.59058595367776,0.442192623481974
"August",83,92,"MeanSlope_per","Site",368.500920514282,369.534903219796,-1.03398270551423,0.966017294485766,0.325675466709679
"August",83,92,"Hydrologic_Group","Site",369.035870307107,369.534903219796,-0.499032912689188,3.50096708731081,0.173689936474772
"August",83,92,"Tile","Site",369.487592063497,369.534903219796,-0.0473111562989175,1.95268884370108,0.162297396634833
"August",84,92,"Tillage_Passes","Agricultural",342.368451216043,341.775407321094,0.593043894948551,2.59304389494855,0.107333883036222
"August",84,92,"PerennialFrac","Agricultural",339.795413991632,341.775407321094,-1.97999332946239,0.0200066705376116,0.887518455561395
"August",84,92,"MeanSlope_per","Site",340.436357514405,341.775407321094,-1.33904980668956,0.660950193310441,0.416224689630193
"August",84,92,"Hydrologic_Group","Site",345.537310521016,341.775407321094,3.76190319992128,7.76190319992128,0.0206311832044171
"August",84,92,"Tile","Site",339.850127481244,341.775407321094,-1.92527983985048,0.0747201601495249,0.784584271456659
"August",85,92,"Tillage_Passes","Agricultural",360.871817757438,361.71867298189,-0.84685522445227,1.15314477554773,0.282891804329185
"August",85,92,"PerennialFrac","Agricultural",359.750765614089,361.71867298189,-1.96790736780105,0.0320926321989532,0.857824503477581
"August",85,92,"MeanSlope_per","Site",360.522822200281,361.71867298189,-1.19585078160912,0.804149218390876,0.369855709615306
"August",85,92,"Hydrologic_Group","Site",361.689579493465,361.71867298189,-0.0290934884253602,3.97090651157464,0.137318359668201
"August",85,92,"Tile","Site",362.961356363627,361.71867298189,1.24268338173698,3.24268338173698,0.0717430451433854
"August",86,92,"Tillage_Passes","Agricultural",313.896092182232,315.785520133509,-1.88942795127673,0.11057204872327,0.739493804090458
"August",86,92,"PerennialFrac","Agricultural",314.268695913783,315.785520133509,-1.51682421972549,0.483175780274507,0.486987329256417
"August",86,92,"MeanSlope_per","Site",313.888692504401,315.785520133509,-1.89682762910786,0.103172370892139,0.74805537491591
"August",86,92,"Hydrologic_Group","Site",315.320987074735,315.785520133509,-0.464533058773895,3.5354669412261,0.170719491394404
"August",86,92,"Tile","Site",317.902175937124,315.785520133509,2.11665580361478,4.11665580361478,0.0424629389423545
"August",87,92,"Tillage_Passes","Agricultural",339.363372770155,341.293423678161,-1.93005090800676,0.0699490919932373,0.791410916474875
"August",87,92,"PerennialFrac","Agricultural",340.344831468731,341.293423678161,-0.948592209429876,1.05140779057012,0.305183082732096
"August",87,92,"MeanSlope_per","Site",339.326926611671,341.293423678161,-1.96649706649055,0.0335029335094532,0.854768150986901
"August",87,92,"Hydrologic_Group","Site",342.962873214276,341.293423678161,1.66944953611431,5.66944953611431,0.0587346892720636
"August",87,92,"Tile","Site",341.646717752676,341.293423678161,0.353294074514679,2.35329407451468,0.125018581560449
"August",88,92,"Tillage_Passes","Agricultural",355.594140809866,357.231920813451,-1.63778000358531,0.362219996414694,0.547275884005264
"August",88,92,"PerennialFrac","Agricultural",355.575169337103,357.231920813451,-1.65675147634857,0.343248523651425,0.557960087500506
"August",88,92,"MeanSlope_per","Site",355.539635699743,357.231920813451,-1.69228511370801,0.30771488629199,0.57908581924332
"August",88,92,"Hydrologic_Group","Site",358.564861453854,357.231920813451,1.33294064040274,5.33294064040274,0.0694970953922942
"August",88,92,"Tile","Site",357.156411822743,357.231920813451,-0.0755089907079878,1.92449100929201,0.165362418460586
"August",89,92,"Tillage_Passes","Agricultural",338.505953766622,340.505273387998,-1.99931962137572,0.000680378624281275,0.979190284315313
"August",89,92,"PerennialFrac","Agricultural",338.620479439505,340.505273387998,-1.88479394849344,0.115206051506561,0.734293226361695
"August",89,92,"MeanSlope_per","Site",338.563196846862,340.505273387998,-1.94207654113586,0.0579234588641384,0.809808621667034
"August",89,92,"Hydrologic_Group","Site",340.454406681457,340.505273387998,-0.0508667065415125,3.94913329345849,0.138821457942697
"August",89,92,"Tile","Site",341.188460891053,340.505273387998,0.683187503055251,2.68318750305525,0.101412556431258
"August",90,92,"Tillage_Passes","Agricultural",321.699774667209,320.397988241648,1.30178642556132,3.30178642556132,0.0692045824496588
"August",90,92,"PerennialFrac","Agricultural",318.457873621946,320.397988241648,-1.94011461970234,0.0598853802976578,0.806677193376163
"August",90,92,"MeanSlope_per","Site",318.428679386093,320.397988241648,-1.96930885555537,0.0306911444446314,0.860931219961526
"August",90,92,"Hydrologic_Group","Site",320.439722860194,320.397988241648,0.0417346185458882,4.04173461854589,0.132540461644133
"August",90,92,"Tile","Site",321.666022652362,320.397988241648,1.26803441071371,3.26803441071371,0.0706422169753907
"August",91,92,"Tillage_Passes","Agricultural",350.286232183359,351.619739236197,-1.33350705283777,0.666492947162226,0.414277003871227
"August",91,92,"PerennialFrac","Agricultural",350.906429814165,351.619739236197,-0.713309422031443,1.28669057796856,0.256658731876214
"August",91,92,"MeanSlope_per","Site",349.718349425867,351.619739236197,-1.90138981032931,0.0986101896706941,0.753503878431996
"August",91,92,"Hydrologic_Group","Site",356.482575138022,351.619739236197,4.86283590182506,8.86283590182506,0.0118976074831724
"August",91,92,"Tile","Site",356.423817618463,351.619739236197,4.8040783822662,6.8040783822662,0.00909498863397321
"August",92,92,"Tillage_Passes","Agricultural",347.565227000458,347.987628384699,-0.422401384241482,1.57759861575852,0.209106932854427
"August",92,92,"PerennialFrac","Agricultural",346.652030741461,347.987628384699,-1.33559764323803,0.664402356761968,0.415010034566188
"August",92,92,"MeanSlope_per","Site",345.98821425776,347.987628384699,-1.99941412693931,0.000585873060686026,0.980689237582133
"August",92,92,"Hydrologic_Group","Site",347.94770138049,347.987628384699,-0.0399270042093463,3.96007299579065,0.138064198166281
"August",92,92,"Tile","Site",348.541372557401,347.987628384699,0.553744172701556,2.55374417270156,0.110033216695277
"August",93,92,"Tillage_Passes","Agricultural",366.339569200744,365.131867448257,1.20770175248714,3.20770175248714,0.0732923653011797
"August",93,92,"PerennialFrac","Agricultural",363.133478233886,365.131867448257,-1.99838921437174,0.00161078562825878,0.967985822059326
"August",93,92,"MeanSlope_per","Site",363.326660182126,365.131867448257,-1.80520726613167,0.194792733868326,0.658957246380127
"August",93,92,"Hydrologic_Group","Site",363.088414561568,365.131867448257,-2.04345288668969,1.95654711331031,0.375959611849653
"August",94,92,"Tillage_Passes","Agricultural",342.21014677248,343.928006127298,-1.71785935481847,0.282140645181528,0.595301582458864
"August",94,92,"PerennialFrac","Agricultural",342.036946062815,343.928006127298,-1.89106006448293,0.108939935517071,0.741354246567846
"August",94,92,"MeanSlope_per","Site",342.04898163689,343.928006127298,-1.87902449040837,0.120975509591631,0.72797886971886
"August",94,92,"Hydrologic_Group","Site",351.15988450992,343.928006127298,7.23187838262209,11.2318783826221,0.00363939000903853
"August",94,92,"Tile","Site",350.347678751903,343.928006127298,6.41967262460457,8.41967262460457,0.00371182621661437
"August",95,92,"Tillage_Passes","Agricultural",315.089135542803,311.850980978241,3.2381545645618,5.2381545645618,0.0220967017096238
"August",95,92,"PerennialFrac","Agricultural",320.430714672753,311.850980978241,8.57973369451173,10.5797336945117,0.00114334128506511
"August",95,92,"MeanSlope_per","Site",311.370877439546,311.850980978241,-0.480103538694777,1.51989646130522,0.217635162409382
"August",95,92,"Hydrologic_Group","Site",317.614221280183,311.850980978241,5.76324030194195,9.76324030194195,0.00758471568320172
"August",95,92,"Tile","Site",320.159507214158,311.850980978241,8.30852623591687,10.3085262359169,0.00132416988039292
"August",96,92,"Tillage_Passes","Agricultural",347.434187540318,349.358230798656,-1.92404325833877,0.0759567416612299,0.782853384193957
"August",96,92,"PerennialFrac","Agricultural",348.537220469955,349.358230798656,-0.821010328701846,1.17898967129815,0.277561774391959
"August",96,92,"MeanSlope_per","Site",347.526466514318,349.358230798656,-1.8317642843387,0.168235715661297,0.681684566363129
"August",96,92,"Hydrologic_Group","Site",350.754447093238,349.358230798656,1.39621629458168,5.39621629458168,0.0673327760148255
"August",96,92,"Tile","Site",354.56178895296,349.358230798656,5.20355815430332,7.20355815430332,0.00727591804588506
"August",97,92,"Tillage_Passes","Agricultural",339.237698177346,341.235897700928,-1.99819952358189,0.00180047641811143,0.966154302149359
"August",97,92,"PerennialFrac","Agricultural",339.356000728043,341.235897700928,-1.87989697288441,0.12010302711559,0.72892277519393
"August",97,92,"MeanSlope_per","Site",339.235928468134,341.235897700928,-1.99996923279383,3.07672061694575e-05,0.99557430108229
"August",97,92,"Hydrologic_Group","Site",342.638131203655,341.235897700928,1.40223350272794,5.40223350272794,0.0671305027832626
"August",97,92,"Tile","Site",347.164908548947,341.235897700928,5.92901084801986,7.92901084801986,0.00486483846326143
"August",98,92,"Tillage_Passes","Agricultural",353.411473173064,354.196760792241,-0.78528761917687,1.21471238082313,0.27040085106662
"August",98,92,"PerennialFrac","Agricultural",352.613816779205,354.196760792241,-1.58294401303669,0.417055986963305,0.518409716971178
"August",98,92,"MeanSlope_per","Site",352.449023446899,354.196760792241,-1.74773734534261,0.252262654657386,0.615486359773666
"August",98,92,"Hydrologic_Group","Site",354.9142302065,354.196760792241,0.717469414259085,4.71746941425909,0.0945397680452132
"August",98,92,"Tile","Site",363.085726176672,354.196760792241,8.88896538443095,10.8889653844309,0.000967388496901244
"August",99,92,"Tillage_Passes","Agricultural",377.23578902742,378.992575838707,-1.75678681128727,0.24321318871273,0.62189495198456
"August",99,92,"PerennialFrac","Agricultural",377.457699903369,378.992575838707,-1.5348759353385,0.465124064661495,0.495238920886329
"August",99,92,"MeanSlope_per","Site",377.012140127791,378.992575838707,-1.98043571091654,0.019564289083462,0.888760806228334
"August",99,92,"Hydrologic_Group","Site",380.35934601319,378.992575838707,1.36677017448221,5.36677017448221,0.068331454279336
"August",99,92,"Tile","Site",377.446091831318,378.992575838707,-1.54648400738967,0.453515992610335,0.500669977437933
"August",100,92,"Tillage_Passes","Agricultural",369.876470471441,371.686968184743,-1.81049771330288,0.18950228669712,0.663331183135875
"August",100,92,"PerennialFrac","Agricultural",370.280096412186,371.686968184743,-1.40687177255705,0.593128227442946,0.441211995687858
"August",100,92,"MeanSlope_per","Site",369.786166683532,371.686968184743,-1.90080150121116,0.0991984987888372,0.752793595024637
"August",100,92,"Hydrologic_Group","Site",375.143880691627,371.686968184743,3.45691250688321,7.45691250688321,0.02402990329848
"August",100,92,"Tile","Site",373.069436948913,371.686968184743,1.38246876416963,3.38246876416963,0.0658932847606222
"August",101,92,"Tillage_Passes","Agricultural",371.518611547445,373.447879360016,-1.92926781257125,0.0707321874287459,0.790273684428012
"August",101,92,"PerennialFrac","Agricultural",373.716707521111,373.447879360016,0.268828161094234,2.26882816109423,0.13199967784052
"August",101,92,"MeanSlope_per","Site",371.547725230558,373.447879360016,-1.9001541294582,0.0998458705417988,0.752014673854597
"August",101,92,"Hydrologic_Group","Site",370.751477184966,373.447879360016,-2.69640217505065,1.30359782494935,0.521107506287106
"August",101,92,"Tile","Site",374.001901072123,373.447879360016,0.554021712107044,2.55402171210704,0.110013894094018
"August",102,92,"Tillage_Passes","Agricultural",303.986820145293,303.192848057901,0.793972087392319,2.79397208739232,0.0946194262475877
"August",102,92,"PerennialFrac","Agricultural",301.326313081088,303.192848057901,-1.86653497681243,0.133465023187568,0.714866093889289
"August",102,92,"MeanSlope_per","Site",301.819614579485,303.192848057901,-1.37323347841584,0.626766521584159,0.428543861538217
"August",102,92,"Hydrologic_Group","Site",305.298961189845,303.192848057901,2.10611313194477,6.10611313194477,0.0472143897167694
"August",102,92,"Tile","Site",305.565514696769,303.192848057901,2.372666638868,4.372666638868,0.0365197987179906
"August",103,92,"Tillage_Passes","Agricultural",325.038559408467,326.866527571347,-1.82796816287947,0.172031837120528,0.678312326927831
"August",103,92,"PerennialFrac","Agricultural",325.575206322951,326.866527571347,-1.29132124839589,0.708678751604111,0.399882783565787
"August",103,92,"MeanSlope_per","Site",325.209193285744,326.866527571347,-1.65733428560281,0.342665714397185,0.558294547705329
"August",103,92,"Hydrologic_Group","Site",326.548056359667,326.866527571347,-0.318471211680333,3.68152878831967,0.158696073380491
"August",103,92,"Tile","Site",326.545125228293,326.866527571347,-0.321402343054217,1.67859765694578,0.195110895161761
"August",104,92,"Tillage_Passes","Agricultural",359.393307881988,358.484974797042,0.908333084946037,2.90833308494604,0.0881229125222554
"August",104,92,"PerennialFrac","Agricultural",357.151946639281,358.484974797042,-1.33302815776051,0.666971842239491,0.414109356954163
"August",104,92,"MeanSlope_per","Site",357.496884735096,358.484974797042,-0.988090061946082,1.01190993805392,0.314445711397245
"August",104,92,"Hydrologic_Group","Site",364.349672566768,358.484974797042,5.86469776972592,9.86469776972592,0.00720954897685643
"August",104,92,"Tile","Site",366.890441773442,358.484974797042,8.40546697640082,10.4054669764008,0.00125642785848787
"August",105,92,"Tillage_Passes","Agricultural",380.892699323345,381.603804594512,-0.711105271167582,1.28889472883242,0.256251737990248
"August",105,92,"PerennialFrac","Agricultural",379.611300536009,381.603804594512,-1.99250405850364,0.00749594149635868,0.931006074977601
"August",105,92,"MeanSlope_per","Site",380.485185681115,381.603804594512,-1.11861891339709,0.881381086602914,0.347823689812304
"August",105,92,"Hydrologic_Group","Site",379.55912335433,381.603804594512,-2.04468124018172,1.95531875981828,0.376190588423651
"August",105,92,"Tile","Site",383.087315813184,381.603804594512,1.48351121867165,3.48351121867165,0.0619830914160049
"August",106,92,"Tillage_Passes","Agricultural",352.189165128636,353.187486640855,-0.998321512218808,1.00167848778119,0.316904703527252
"August",106,92,"PerennialFrac","Agricultural",352.148757887602,353.187486640855,-1.03872875325311,0.96127124674689,0.326866795793477
"August",106,92,"MeanSlope_per","Site",351.290695539441,353.187486640855,-1.89679110141446,0.103208898585535,0.748012292047256
"August",106,92,"Hydrologic_Group","Site",357.194682684474,353.187486640855,4.00719604361836,8.00719604361836,0.0182498572334447
"August",106,92,"Tile","Site",357.695757927074,353.187486640855,4.50827128621899,6.50827128621899,0.0107373843219107
"August",107,92,"Tillage_Passes","Agricultural",361.142380076192,363.0148520964,-1.87247202020734,0.12752797979266,0.721009010222498
"August",107,92,"PerennialFrac","Agricultural",361.047765226979,363.0148520964,-1.96708686942048,0.0329131305795158,0.856038107257624
"August",107,92,"MeanSlope_per","Site",361.217333185354,363.0148520964,-1.79751891104542,0.202481088954585,0.652725591982909
"August",107,92,"Hydrologic_Group","Site",362.174563245574,363.0148520964,-0.840288850825402,3.1597111491746,0.206004848391738
"August",107,92,"Tile","Site",368.172874569348,363.0148520964,5.15802247294863,7.15802247294863,0.00746294298274026
"August",108,92,"Tillage_Passes","Agricultural",338.062013975515,339.758683185901,-1.6966692103864,0.303330789613597,0.581801810441478
"August",108,92,"PerennialFrac","Agricultural",339.278916221115,339.758683185901,-0.479766964786279,1.52023303521372,0.217584231479688
"August",108,92,"MeanSlope_per","Site",338.265585098177,339.758683185901,-1.49309808772466,0.506901912275339,0.476483078824461
"August",108,92,"Hydrologic_Group","Site",344.622457249874,339.758683185901,4.86377406397281,8.86377406397281,0.0118920278494303
"August",108,92,"Tile","Site",343.587627796889,339.758683185901,3.82894461098806,5.82894461098806,0.0157645783419403
"August",109,92,"Tillage_Passes","Agricultural",348.416943313151,349.194509031753,-0.777565718602887,1.22243428139711,0.268883451843615
"August",109,92,"PerennialFrac","Agricultural",347.275700521241,349.194509031753,-1.91880851051212,0.0811914894878782,0.775689187996843
"August",109,92,"MeanSlope_per","Site",347.280711065459,349.194509031753,-1.91379796629445,0.0862020337055469,0.769062178384438
"August",109,92,"Hydrologic_Group","Site",352.185672913254,349.194509031753,2.99116388150014,6.99116388150014,0.0303310924010748
"August",109,92,"Tile","Site",353.973647597317,349.194509031753,4.77913856556336,6.77913856556336,0.00922293907467239
"August",110,92,"Tillage_Passes","Agricultural",345.944389414277,343.637809372807,2.30658004147028,4.30658004147028,0.0379652125800358
"August",110,92,"PerennialFrac","Agricultural",341.809516098636,343.637809372807,-1.82829327417056,0.171706725829438,0.678599419596472
"August",110,92,"MeanSlope_per","Site",342.377119966218,343.637809372807,-1.26068940658877,0.739310593411233,0.389881809147297
"August",110,92,"Hydrologic_Group","Site",344.075119195773,343.637809372807,0.437309822966199,4.4373098229662,0.108755295985364
"August",110,92,"Tile","Site",345.773885465349,343.637809372807,2.13607609254171,4.13607609254171,0.0419783698215715
"August",111,92,"Tillage_Passes","Agricultural",359.457566662192,361.16948914213,-1.71192247993741,0.288077520062586,0.591455142584703
"August",111,92,"PerennialFrac","Agricultural",359.265585176235,361.16948914213,-1.90390396589493,0.0960960341050736,0.756565820726362
"August",111,92,"MeanSlope_per","Site",359.169801869129,361.16948914213,-1.99968727300109,0.000312726998913604,0.985890873912309
"August",111,92,"Hydrologic_Group","Site",363.58264093977,361.16948914213,2.41315179764064,6.41315179764064,0.0404950352493281
"August",111,92,"Tile","Site",366.540280987693,361.16948914213,5.37079184556279,7.37079184556279,0.0066291736427378
"August",112,92,"Tillage_Passes","Agricultural",362.238650941537,363.217330986654,-0.978680045117414,1.02131995488259,0.312206116643889
"August",112,92,"PerennialFrac","Agricultural",362.00596361397,363.217330986654,-1.21136737268381,0.78863262731619,0.374513909444584
"August",112,92,"MeanSlope_per","Site",361.239177730518,363.217330986654,-1.97815325613612,0.0218467438638754,0.882495526359595
"August",112,92,"Hydrologic_Group","Site",365.59662864965,363.217330986654,2.37929766299533,6.37929766299533,0.0411863317422645
"August",112,92,"Tile","Site",364.247517242613,363.217330986654,1.03018625595871,3.03018625595871,0.0817286340870203
"August",113,92,"Tillage_Passes","Agricultural",349.432858874165,351.236377708728,-1.80351883456228,0.196481165437717,0.657576266917416
"August",113,92,"PerennialFrac","Agricultural",349.966813040758,351.236377708728,-1.26956466796929,0.730435332030709,0.392742116831148
"August",113,92,"MeanSlope_per","Site",349.472450652929,351.236377708728,-1.76392705579866,0.236072944201339,0.627056941168093
"August",113,92,"Hydrologic_Group","Site",356.14186572134,351.236377708728,4.90548801261247,8.90548801261247,0.0116465648360903
"August",113,92,"Tile","Site",357.365771286087,351.236377708728,6.129393577359,8.129393577359,0.00435533120225383
"August",114,92,"Tillage_Passes","Agricultural",339.398461519638,338.794618473974,0.60384304566378,2.60384304566378,0.106604930301933
"August",114,92,"PerennialFrac","Agricultural",336.815003938785,338.794618473974,-1.979614535189,0.0203854648109996,0.886465768267688
"August",114,92,"MeanSlope_per","Site",336.799269669423,338.794618473974,-1.99534880455093,0.00465119544907111,0.945626686973209
"August",114,92,"Hydrologic_Group","Site",340.388806550897,338.794618473974,1.59418807692344,5.59418807692344,0.0609870313359445
"August",114,92,"Tile","Site",339.41687907956,338.794618473974,0.622260605586575,2.62226060558658,0.105374223687924
"August",115,92,"Tillage_Passes","Agricultural",347.830150261534,349.632560711982,-1.80241045044863,0.197589549551367,0.656673567665884
"August",115,92,"PerennialFrac","Agricultural",348.061534361872,349.632560711982,-1.57102635010995,0.428973649890054,0.512492992767261
"August",115,92,"MeanSlope_per","Site",347.640342665106,349.632560711982,-1.99221804687602,0.00778195312398111,0.929705494152073
"August",115,92,"Hydrologic_Group","Site",350.920635447461,349.632560711982,1.28807473547897,5.28807473547897,0.0710737386933164
"August",115,92,"Tile","Site",356.054478794611,349.632560711982,6.42191808262862,8.42191808262862,0.00370724494541404
"August",116,92,"Tillage_Passes","Agricultural",356.961031529907,357.089902530249,-0.12887100034186,1.87112899965814,0.171345829783419
"August",116,92,"PerennialFrac","Agricultural",355.36472608206,357.089902530249,-1.72517644818817,0.274823551811835,0.600114293131137
"August",116,92,"MeanSlope_per","Site",355.263945477917,357.089902530249,-1.82595705233166,0.17404294766834,0.676543426041978
"August",116,92,"Hydrologic_Group","Site",358.911072322598,357.089902530249,1.82116979234974,5.82116979234974,0.0544438765395197
"August",116,92,"Tile","Site",357.665857139898,357.089902530249,0.575954609649614,2.57595460964961,0.108498630613221
"August",117,92,"Tillage_Passes","Agricultural",348.828659085062,346.556970300932,2.27168878413028,4.27168878413028,0.0387523981553889
"August",117,92,"PerennialFrac","Agricultural",345.237312302047,346.556970300932,-1.31965799888485,0.68034200111515,0.409468982155175
"August",117,92,"MeanSlope_per","Site",344.769141196785,346.556970300932,-1.78782910414708,0.212170895852921,0.645071173209384
"August",117,92,"Hydrologic_Group","Site",347.471991666234,346.556970300932,0.915021365302152,4.91502136530215,0.0856478906001695
"August",117,92,"Tile","Site",349.404258994542,346.556970300932,2.84728869361038,4.84728869361038,0.0276896241964012
"August",118,92,"Tillage_Passes","Agricultural",338.860540087951,338.770033145011,0.090506942939669,2.09050694293967,0.148216880264023
"August",118,92,"PerennialFrac","Agricultural",337.3696733689,338.770033145011,-1.40035977611046,0.599640223889537,0.438715329895083
"August",118,92,"MeanSlope_per","Site",336.773822649297,338.770033145011,-1.99621049571408,0.00378950428591907,0.950914068317201
"August",118,92,"Hydrologic_Group","Site",345.065358310474,338.770033145011,6.29532516546283,10.2953251654628,0.00581297621052934
"August",118,92,"Tile","Site",347.049579854286,338.770033145011,8.27954670927488,10.2795467092749,0.00134512989246593
"August",119,92,"Tillage_Passes","Agricultural",350.48153774921,352.341385446163,-1.85984769695312,0.140152303046875,0.708129649395934
"August",119,92,"PerennialFrac","Agricultural",350.365384741168,352.341385446163,-1.9760007049951,0.0239992950048986,0.876886705287483
"August",119,92,"MeanSlope_per","Site",351.970293394433,352.341385446163,-0.371092051730159,1.62890794826984,0.20185416119877
"August",119,92,"Hydrologic_Group","Site",356.102638181572,352.341385446163,3.76125273540902,7.76125273540902,0.0206378942219379
"August",119,92,"Tile","Site",357.149963554831,352.341385446163,4.80857810866746,6.80857810866746,0.00907209765039266
"August",120,92,"Tillage_Passes","Agricultural",342.79768644656,344.785079423365,-1.9873929768047,0.0126070231953008,0.910600605508152
"August",120,92,"PerennialFrac","Agricultural",342.788860923164,344.785079423365,-1.99621850020083,0.00378149979917453,0.950965871907818
"August",120,92,"MeanSlope_per","Site",342.827187426129,344.785079423365,-1.95789199723538,0.0421080027646212,0.837414036678811
"August",120,92,"Hydrologic_Group","Site",347.394942178015,344.785079423365,2.60986275465007,6.60986275465007,0.0367017303208835
"August",120,92,"Tile","Site",346.365141233112,344.785079423365,1.58006180974729,3.58006180974729,0.0584769754238444
"August",121,92,"Tillage_Passes","Agricultural",363.94803997305,365.742365396066,-1.79432542301635,0.205674576983654,0.650178959204696
"August",121,92,"PerennialFrac","Agricultural",364.115506257549,365.742365396066,-1.62685913851732,0.373140861482682,0.541297187497521
"August",121,92,"MeanSlope_per","Site",363.999920669983,365.742365396066,-1.74244472608348,0.257555273916523,0.61180471097249
"August",121,92,"Hydrologic_Group","Site",366.215423911353,365.742365396066,0.473058515287107,4.47305851528711,0.106828636364433
"August",121,92,"Tile","Site",367.599718366203,365.742365396066,1.85735297013662,3.85735297013662,0.049528409983166
"August",122,92,"Tillage_Passes","Agricultural",353.121571686893,354.93612441837,-1.81455273147685,0.185447268523149,0.666733141814709
"August",122,92,"PerennialFrac","Agricultural",353.014845035744,354.93612441837,-1.92127938262519,0.0787206173748132,0.779038735204457
"August",122,92,"MeanSlope_per","Site",353.123885936899,354.93612441837,-1.81223848147033,0.187761518529669,0.664786253003634
"August",122,92,"Hydrologic_Group","Site",355.194389699469,354.93612441837,0.258265281099,4.258265281099,0.118940413216617
"August",122,92,"Tile","Site",355.937703936767,354.93612441837,1.00157951839708,3.00157951839708,0.0831833824976779
"August",123,92,"Tillage_Passes","Agricultural",343.650465272829,342.688287744046,0.962177528782775,2.96217752878277,0.0852330841637459
"August",123,92,"PerennialFrac","Agricultural",340.806138893977,342.688287744046,-1.8821488500688,0.117851149931198,0.731376878395579
"August",123,92,"MeanSlope_per","Site",341.955114511526,342.688287744046,-0.733173232520471,1.26682676747953,0.26036282130872
"August",123,92,"Hydrologic_Group","Site",341.971756698603,342.688287744046,-0.716531045443162,3.28346895455684,0.193643879932334
"August",123,92,"Tile","Site",342.025009974035,342.688287744046,-0.66327777001095,1.33672222998905,0.247612837713141
"August",124,92,"Tillage_Passes","Agricultural",342.161123215129,342.65142563944,-0.490302424310357,1.50969757568964,0.219185239436775
"August",124,92,"PerennialFrac","Agricultural",340.775254025001,342.65142563944,-1.87617161443893,0.123828385561069,0.724918826510007
"August",124,92,"MeanSlope_per","Site",340.705629640699,342.65142563944,-1.94579599874106,0.0542040012589382,0.815903101657786
"August",124,92,"Hydrologic_Group","Site",344.993851902398,342.65142563944,2.34242626295872,6.34242626295872,0.0419526729121829
"August",124,92,"Tile","Site",345.320524916352,342.65142563944,2.66909927691194,4.66909927691194,0.0307100296471196
"August",125,92,"Tillage_Passes","Agricultural",315.214604451762,315.981210455363,-0.766606003600771,1.23339399639923,0.266748000556963
"August",125,92,"PerennialFrac","Agricultural",314.527235258049,315.981210455363,-1.45397519731387,0.546024802686134,0.459946522140634
"August",125,92,"MeanSlope_per","Site",314.464249449579,315.981210455363,-1.51696100578408,0.483038994215917,0.487048992253254
"August",125,92,"Hydrologic_Group","Site",317.471692218071,315.981210455363,1.49048176270799,5.49048176270799,0.0642328265905963
"August",125,92,"Tile","Site",318.825910478673,315.981210455363,2.84470002331045,4.84470002331045,0.0277312153624919
"August",126,92,"Tillage_Passes","Agricultural",359.824874347276,359.943430813447,-0.118556466170958,1.88144353382904,0.170170171377756
"August",126,92,"PerennialFrac","Agricultural",361.327211122466,359.943430813447,1.38378030901924,3.38378030901924,0.0658408767016428
"August",126,92,"MeanSlope_per","Site",358.350719747285,359.943430813447,-1.59271106616245,0.407288933837549,0.523348752665624
"August",126,92,"Hydrologic_Group","Site",363.018212326982,359.943430813447,3.07478151353519,7.07478151353519,0.0290891287590363
"August",126,92,"Tile","Site",357.980376092979,359.943430813447,-1.96305472046834,0.0369452795316647,0.847576499857717
"August",127,92,"Tillage_Passes","Agricultural",341.265695012638,343.23979433343,-1.97409932079205,0.0259006792079504,0.872143115188893
"August",127,92,"PerennialFrac","Agricultural",343.308857591587,343.23979433343,0.069063258156973,2.06906325815697,0.150313821094763
"August",127,92,"MeanSlope_per","Site",341.750795734134,343.23979433343,-1.48899859929583,0.511001400704174,0.47470567843101
"August",127,92,"Hydrologic_Group","Site",343.48590925311,343.23979433343,0.246114919679712,4.24611491967971,0.119665197087903
"August",127,92,"Tile","Site",343.054870612481,343.23979433343,-0.184923720948916,1.81507627905108,0.177900480296073
"August",128,92,"Tillage_Passes","Agricultural",353.696250005077,355.670720913413,-1.97447090833589,0.0255290916641115,0.873055751792042
"August",128,92,"PerennialFrac","Agricultural",353.670799240598,355.670720913413,-1.99992167281488,7.8327185121907e-05,0.992938602626429
"August",128,92,"MeanSlope_per","Site",354.017473105624,355.670720913413,-1.65324780778963,0.346752192210374,0.555957418339119
"August",128,92,"Hydrologic_Group","Site",357.093639443796,355.670720913413,1.42291853038301,5.42291853038301,0.0664397826781408
"August",128,92,"Tile","Site",358.96602553244,355.670720913413,3.29530461902698,5.29530461902698,0.0213829907122802
"August",129,92,"Tillage_Passes","Agricultural",330.173689041443,330.283778339859,-0.110089298415346,1.88991070158465,0.169211993977834
"August",129,92,"PerennialFrac","Agricultural",328.366248090683,330.283778339859,-1.91753024917529,0.0824697508247141,0.773977967379598
"August",129,92,"MeanSlope_per","Site",328.520101355577,330.283778339859,-1.76367698428163,0.236323015718369,0.626874532075373
"August",129,92,"Hydrologic_Group","Site",328.526174908225,330.283778339859,-1.75760343163415,2.24239656836585,0.325889052862526
"August",129,92,"Tile","Site",328.790552068085,330.283778339859,-1.49322627177406,0.506773728225937,0.476538829625602
"August",130,92,"Tillage_Passes","Agricultural",361.268089933434,362.708196707325,-1.44010677389076,0.559893226109239,0.454303266584345
"August",130,92,"PerennialFrac","Agricultural",360.747281624389,362.708196707325,-1.96091508293574,0.0390849170642582,0.84328052770547
"August",130,92,"MeanSlope_per","Site",360.709898332503,362.708196707325,-1.99829837482224,0.00170162517775907,0.967095987675801
"August",130,92,"Hydrologic_Group","Site",364.528106045196,362.708196707325,1.81990933787068,5.81990933787068,0.054478199367995
"August",130,92,"Tile","Site",365.704230300749,362.708196707325,2.9960335934241,4.9960335934241,0.0254054758106572
"August",131,92,"Tillage_Passes","Agricultural",313.42299562601,311.465026156199,1.95796946981164,3.95796946981164,0.0466499433336204
"August",131,92,"PerennialFrac","Agricultural",309.649033971237,311.465026156199,-1.8159921849612,0.184007815038797,0.66795137306115
"August",131,92,"MeanSlope_per","Site",310.868643963041,311.465026156199,-0.596382193157694,1.40361780684231,0.236118769871253
"August",131,92,"Hydrologic_Group","Site",316.302372789448,311.465026156199,4.8373466332489,8.8373466332489,0.0120502084959771
"August",131,92,"Tile","Site",313.254304094433,311.465026156199,1.78927793823408,3.78927793823408,0.0515818956935952
"August",132,92,"Tillage_Passes","Agricultural",341.241040440942,343.156670813063,-1.91563037212137,0.0843696278786297,0.771460902722588
"August",132,92,"PerennialFrac","Agricultural",342.478776741403,343.156670813063,-0.677894071660319,1.32210592833968,0.250214451874368
"August",132,92,"MeanSlope_per","Site",341.17165292325,343.156670813063,-1.98501788981321,0.0149821101867929,0.902581105660862
"August",132,92,"Hydrologic_Group","Site",340.605242156316,343.156670813063,-2.5514286567477,1.4485713432523,0.484670659333493
"August",132,92,"Tile","Site",343.672556151416,343.156670813063,0.515885338352689,2.51588533835269,0.112704320634617
"August",133,92,"Tillage_Passes","Agricultural",350.684418918942,352.538087187224,-1.85366826828192,0.146331731718078,0.702065827834092
"August",133,92,"PerennialFrac","Agricultural",350.838016631658,352.538087187224,-1.70007055556533,0.299929444434667,0.583926656148086
"August",133,92,"MeanSlope_per","Site",350.547497193391,352.538087187224,-1.99058999383254,0.00941000616745669,0.922722275811332
"August",133,92,"Hydrologic_Group","Site",355.831923100852,352.538087187224,3.29383591362847,7.29383591362847,0.0260713581317555
"August",133,92,"Tile","Site",356.516607921891,352.538087187224,3.97852073466754,5.97852073466754,0.0144811431486537
"August",134,92,"Tillage_Passes","Agricultural",356.749845510338,358.69235238359,-1.94250687325234,0.0574931267476586,0.81050294906057
"August",134,92,"PerennialFrac","Agricultural",356.97231484511,358.69235238359,-1.72003753847997,0.279962461520029,0.596725821829566
"August",134,92,"MeanSlope_per","Site",357.059402922206,358.69235238359,-1.63294946138404,0.367050538615956,0.544616383146428
"August",134,92,"Hydrologic_Group","Site",360.031559612866,358.69235238359,1.33920722927627,5.33920722927627,0.0692796813189559
"August",134,92,"Tile","Site",363.321605699884,358.69235238359,4.62925331629384,6.62925331629384,0.0100317307789664
"August",135,92,"Tillage_Passes","Agricultural",344.212626138204,345.684723366956,-1.47209722875186,0.527902771248137,0.467489914910319
"August",135,92,"PerennialFrac","Agricultural",343.799353198495,345.684723366956,-1.88537016846061,0.114629831539389,0.734933478009823
"August",135,92,"MeanSlope_per","Site",343.694231573828,345.684723366956,-1.99049179312726,0.0095082068727379,0.922321365646374
"August",135,92,"Hydrologic_Group","Site",349.787603059781,345.684723366956,4.10287969282513,8.10287969282513,0.0173973071468709
"August",135,92,"Tile","Site",348.748758132228,345.684723366956,3.06403476527186,5.06403476527186,0.024427305070139
"August",136,92,"Tillage_Passes","Agricultural",342.318961374629,344.316169873238,-1.99720849860881,0.00279150139118656,0.957863644662432
"August",136,92,"PerennialFrac","Agricultural",342.804829944881,344.316169873238,-1.51133992835662,0.48866007164338,0.484525625358831
"August",136,92,"MeanSlope_per","Site",342.404146962696,344.316169873238,-1.91202291054202,0.0879770894579792,0.766764793634987
"August",136,92,"Hydrologic_Group","Site",347.220161959806,344.316169873238,2.90399208656811,6.90399208656811,0.031682333912026
"August",136,92,"Tile","Site",345.533653429801,344.316169873238,1.21748355656354,3.21748355656354,0.0728555514596026
"August",137,92,"Tillage_Passes","Agricultural",359.643774196291,357.772968660527,1.87080553576374,3.87080553576374,0.049132934622394
"August",137,92,"PerennialFrac","Agricultural",357.733023125547,357.772968660527,-0.039945534979779,1.96005446502022,0.161507493652003
"August",137,92,"MeanSlope_per","Site",355.804903771456,357.772968660527,-1.96806488907072,0.0319351109292825,0.858170147286404
"August",137,92,"Hydrologic_Group","Site",360.223595461355,357.772968660527,2.45062680082765,6.45062680082765,0.0397433240500223
"August",137,92,"Tile","Site",360.065098182843,357.772968660527,2.29212952231569,4.29212952231569,0.0382891792876107
"August",138,92,"Tillage_Passes","Agricultural",348.284329354669,349.453266608933,-1.16893725426377,0.831062745736233,0.361965404931029
"August",138,92,"PerennialFrac","Agricultural",347.877865476427,349.453266608933,-1.57540113250593,0.424598867494069,0.514651173283765
"August",138,92,"MeanSlope_per","Site",347.455308636037,349.453266608933,-1.99795797289585,0.00204202710415302,0.963956826211023
"August",138,92,"Hydrologic_Group","Site",349.623070070115,349.453266608933,0.169803461182369,4.16980346118237,0.124319336353219
"August",138,92,"Tile","Site",350.166519575297,349.453266608933,0.713252966363996,2.713252966364,0.0995178715260336
"August",139,92,"Tillage_Passes","Agricultural",314.399680573023,316.284057862514,-1.88437728949094,0.115622710509058,0.733831378274641
"August",139,92,"PerennialFrac","Agricultural",315.132501591473,316.284057862514,-1.15155627104104,0.848443728958955,0.356992972387189
"August",139,92,"MeanSlope_per","Site",314.419532615715,316.284057862514,-1.86452524679919,0.13547475320081,0.712821821237792
"August",139,92,"Hydrologic_Group","Site",318.351401735176,316.284057862514,2.06734387266215,6.06734387266215,0.0481385515034485
"August",139,92,"Tile","Site",319.467808547926,316.284057862514,3.18375068541178,5.18375068541178,0.0227990578659158
"August",140,92,"Tillage_Passes","Agricultural",354.092658485165,353.992355025573,0.100303459591828,2.10030345959183,0.147269907637927
"August",140,92,"PerennialFrac","Agricultural",352.2265794451,353.992355025573,-1.76577558047308,0.234224419526925,0.628409023512055
"August",140,92,"MeanSlope_per","Site",351.992364766169,353.992355025573,-1.99999025940389,9.74059611280609e-06,0.997509812066106
"August",140,92,"Hydrologic_Group","Site",353.741367390997,353.992355025573,-0.250987634575893,3.74901236542411,0.153430714880054
"August",140,92,"Tile","Site",354.189079961225,353.992355025573,0.19672493565173,2.19672493565173,0.138304307810837
"August",141,92,"Tillage_Passes","Agricultural",348.19324230759,350.082181557814,-1.88893925022398,0.111060749776016,0.738939704113251
"August",141,92,"PerennialFrac","Agricultural",348.090408032001,350.082181557814,-1.99177352581285,0.00822647418715405,0.927731039899795
"August",141,92,"MeanSlope_per","Site",348.087387881315,350.082181557814,-1.99479367649934,0.00520632350065853,0.942478669761029
"August",141,92,"Hydrologic_Group","Site",350.290603002537,350.082181557814,0.208421444722546,4.20842144472255,0.121941882297585
"August",141,92,"Tile","Site",352.612885984537,350.082181557814,2.53070442672316,4.53070442672316,0.0332919112302275
"August",142,92,"Tillage_Passes","Agricultural",356.873621188525,358.724838915163,-1.85121772663769,0.148782273362315,0.699701788035898
"August",142,92,"PerennialFrac","Agricultural",358.055395897526,358.724838915163,-0.669443017637207,1.33055698236279,0.248706154225081
"August",142,92,"MeanSlope_per","Site",356.727074700553,358.724838915163,-1.99776421461058,0.00223578538941638,0.962286806366485
"August",142,92,"Hydrologic_Group","Site",364.763525701559,358.724838915163,6.03868678639589,10.0386867863959,0.0066088647105012
"August",142,92,"Tile","Site",364.376604985985,358.724838915163,5.65176607082157,7.65176607082157,0.00567167700752363
"August",143,92,"Tillage_Passes","Agricultural",327.933638882392,329.156965319063,-1.22332643667067,0.776673563329325,0.378160416941456
"August",143,92,"PerennialFrac","Agricultural",327.379179039528,329.156965319063,-1.77778627953484,0.222213720465163,0.637358326592326
"August",143,92,"MeanSlope_per","Site",327.999159415477,329.156965319063,-1.15780590358605,0.842194096413948,0.358770011239529
"August",143,92,"Hydrologic_Group","Site",328.750464043949,329.156965319063,-0.406501275114124,3.59349872488588,0.165837089270136
"August",143,92,"Tile","Site",329.993963592589,329.156965319063,0.836998273526035,2.83699827352604,0.0921161490153409
"August",144,92,"Tillage_Passes","Agricultural",345.798180163063,347.796667150593,-1.99848698752965,0.00151301247035462,0.968972140886592
"August",144,92,"PerennialFrac","Agricultural",346.086381301294,347.796667150593,-1.7102858492986,0.2897141507014,0.590403767452998
"August",144,92,"MeanSlope_per","Site",346.216681873166,347.796667150593,-1.57998527742649,0.420014722573512,0.51692969807872
"August",144,92,"Hydrologic_Group","Site",352.043127158286,347.796667150593,4.2464600076936,8.2464600076936,0.0161921292455502
"August",144,92,"Tile","Site",355.850752284801,347.796667150593,8.05408513420821,10.0540851342082,0.00152010486712128
"August",145,92,"Tillage_Passes","Agricultural",341.907475051855,342.244419803346,-0.336944751491046,1.66305524850895,0.197191314744845
"August",145,92,"PerennialFrac","Agricultural",340.256957087959,342.244419803346,-1.9874627153871,0.0125372846129039,0.910847180341935
"August",145,92,"MeanSlope_per","Site",340.247481398967,342.244419803346,-1.99693840437874,0.0030615956212614,0.955874217998687
"August",145,92,"Hydrologic_Group","Site",341.817122949746,342.244419803346,-0.427296853599444,3.57270314640056,0.167570424182078
"August",145,92,"Tile","Site",343.632330340113,342.244419803346,1.38791053676721,3.38791053676721,0.0656761273730094
"August",146,92,"Tillage_Passes","Agricultural",351.152158561469,352.769662944539,-1.61750438307001,0.382495616929987,0.536270641412069
"August",146,92,"PerennialFrac","Agricultural",351.147837529692,352.769662944539,-1.62182541484651,0.378174585153488,0.538581790087567
"August",146,92,"MeanSlope_per","Site",350.854333567442,352.769662944539,-1.91532937709735,0.0846706229026495,0.771064956516763
"August",146,92,"Hydrologic_Group","Site",355.876396873888,352.769662944539,3.10673392934888,7.10673392934888,0.0286280874423942
"August",146,92,"Tile","Site",356.525431004454,352.769662944539,3.75576805991523,5.75576805991523,0.0164346093856279
"August",147,92,"Tillage_Passes","Agricultural",338.51117430895,340.504251228115,-1.99307691916505,0.00692308083495163,0.933688495008098
"August",147,92,"PerennialFrac","Agricultural",339.118257187546,340.504251228115,-1.38599404056868,0.614005959431324,0.43328347023315
"August",147,92,"MeanSlope_per","Site",338.6300555239,340.504251228115,-1.87419570421469,0.125804295785315,0.722822583008677
"August",147,92,"Hydrologic_Group","Site",343.458057455782,340.504251228115,2.95380622766703,6.95380622766703,0.0309029659628042
"August",147,92,"Tile","Site",343.754450769429,340.504251228115,3.25019954131392,5.25019954131392,0.0219442544018378
"August",148,92,"Tillage_Passes","Agricultural",333.280893452442,334.785037025367,-1.50414357292533,0.495856427074671,0.481326452286639
"August",148,92,"PerennialFrac","Agricultural",333.457169612237,334.785037025367,-1.32786741313043,0.672132586869566,0.412309076856324
"August",148,92,"MeanSlope_per","Site",334.29596125256,334.785037025367,-0.489075772807098,1.5109242271929,0.218998111658134
"August",148,92,"Hydrologic_Group","Site",336.492471873962,334.785037025367,1.70743484859548,5.70743484859548,0.0576296881785039
"August",148,92,"Tile","Site",341.353208696211,334.785037025367,6.56817167084358,8.56817167084358,0.00342090511331127
"August",149,92,"Tillage_Passes","Agricultural",358.391815048824,359.98929117912,-1.5974761302956,0.402523869704396,0.525788695639237
"August",149,92,"PerennialFrac","Agricultural",358.741193516847,359.98929117912,-1.24809766227224,0.751902337727756,0.385874606968064
"August",149,92,"MeanSlope_per","Site",358.008211739573,359.98929117912,-1.98107943954705,0.0189205604529548,0.890594470994112
"August",149,92,"Hydrologic_Group","Site",360.43230530684,359.98929117912,0.443014127720403,4.4430141277204,0.108445551238979
"August",149,92,"Tile","Site",362.91433956772,359.98929117912,2.92504838860015,4.92504838860015,0.0264700608520132
"August",150,92,"Tillage_Passes","Agricultural",349.775222624874,350.398983688553,-0.623761063679524,1.37623893632048,0.240742833588032
"August",150,92,"PerennialFrac","Agricultural",349.072211954173,350.398983688553,-1.32677173437997,0.673228265620025,0.411928345830916
"August",150,92,"MeanSlope_per","Site",348.668053535449,350.398983688553,-1.73093015310383,0.269069846896173,0.603956410308748
"August",150,92,"Hydrologic_Group","Site",352.739132386822,350.398983688553,2.34014869826837,6.34014869826837,0.0420004750883996
"August",150,92,"Tile","Site",357.758410371181,350.398983688553,7.35942668262777,9.35942668262777,0.00221841527010276
"August",151,92,"Tillage_Passes","Agricultural",291.793995004276,291.223131727396,0.570863276879493,2.57086327687949,0.108848317024466
"August",151,92,"PerennialFrac","Agricultural",289.251771241764,291.223131727396,-1.97136048563215,0.0286395143678533,0.865614056913521
"August",151,92,"MeanSlope_per","Site",289.357009972214,291.223131727396,-1.86612175518269,0.133878244817311,0.714444351553414
"August",151,92,"Hydrologic_Group","Site",292.050128713008,291.223131727396,0.826996985612084,4.82699698561208,0.0895016254148875
"August",151,92,"Tile","Site",296.782656652723,291.223131727396,5.55952492532685,7.55952492532685,0.00596937258768096
"August",152,92,"Tillage_Passes","Agricultural",332.343909189746,334.343610180248,-1.99970099050228,0.000299009497723546,0.986203754604479
"August",152,92,"PerennialFrac","Agricultural",334.487972042342,334.343610180248,0.14436186209366,2.14436186209366,0.143094524744358
"August",152,92,"MeanSlope_per","Site",332.36208738703,334.343610180248,-1.98152279321812,0.0184772067818813,0.891875915638854
"August",152,92,"Hydrologic_Group","Site",336.053496972785,334.343610180248,1.70988679253674,5.70988679253674,0.0575590790873483
"August",152,92,"Tile","Site",335.778721243745,334.343610180248,1.435111063497,3.435111063497,0.0638242937574654
"August",153,92,"Tillage_Passes","Agricultural",320.656801317786,321.67508844575,-1.01828712796407,0.981712872035928,0.321776291217946
"August",153,92,"PerennialFrac","Agricultural",320.22121658836,321.67508844575,-1.45387185738969,0.546128142610314,0.459904062875541
"August",153,92,"MeanSlope_per","Site",319.900236012874,321.67508844575,-1.77485243287612,0.225147567123884,0.635145413479525
"August",153,92,"Hydrologic_Group","Site",323.171445600417,321.67508844575,1.49635715466644,5.49635715466644,0.0640444069694744
"August",153,92,"Tile","Site",324.993625861992,321.67508844575,3.3185374162415,5.3185374162415,0.0210997141647545
"August",154,92,"Tillage_Passes","Agricultural",342.007937674517,343.92125271733,-1.91331504281254,0.0866849571874582,0.768434623503566
"August",154,92,"PerennialFrac","Agricultural",341.947989851492,343.92125271733,-1.97326286583802,0.0267371341619764,0.870113014508761
"August",154,92,"MeanSlope_per","Site",342.248305108599,343.92125271733,-1.6729476087304,0.327052391269604,0.567399923483563
"August",154,92,"Hydrologic_Group","Site",344.714965689656,343.92125271733,0.793712972326432,4.79371297232643,0.0910035751237147
"August",154,92,"Tile","Site",347.645929995135,343.92125271733,3.72467727780491,5.72467727780491,0.0167281107490188
"August",155,92,"Tillage_Passes","Agricultural",358.8259818054,360.758268135685,-1.93228633028451,0.0677136697154879,0.794695231828402
"August",155,92,"PerennialFrac","Agricultural",359.036828409917,360.758268135685,-1.72143972576816,0.278560274231836,0.597646420281325
"August",155,92,"MeanSlope_per","Site",359.204591142393,360.758268135685,-1.55367699329128,0.446323006708724,0.504086291844136
"August",155,92,"Hydrologic_Group","Site",364.554184185171,360.758268135685,3.79591604948581,7.79591604948581,0.0202832871578462
"August",155,92,"Tile","Site",363.507314075952,360.758268135685,2.74904594026771,4.74904594026771,0.0293145429628628
"August",156,92,"Tillage_Passes","Agricultural",384.794221115506,385.405977262514,-0.61175614700835,1.38824385299165,0.238701894787621
"August",156,92,"PerennialFrac","Agricultural",384.157495565798,385.405977262514,-1.248481696716,0.751518303284001,0.385995952327081
"August",156,92,"MeanSlope_per","Site",383.437038337041,385.405977262514,-1.96893892547337,0.0310610745266331,0.860104200450814
"August",156,92,"Hydrologic_Group","Site",386.374310227376,385.405977262514,0.968332964862157,4.96833296486216,0.0833950367790313
"August",156,92,"Tile","Site",385.500458618304,385.405977262514,0.0944813557898669,2.09448135578987,0.147831870471723
"August",157,92,"Tillage_Passes","Agricultural",346.754925227754,348.743912822476,-1.988987594722,0.0110124052779952,0.916423412425828
"August",157,92,"PerennialFrac","Agricultural",346.824690682209,348.743912822476,-1.91922214026681,0.080777859733189,0.776246034110196
"August",157,92,"MeanSlope_per","Site",347.280055571104,348.743912822476,-1.46385725137191,0.536142748628095,0.464035707413066
"August",157,92,"Hydrologic_Group","Site",346.90787267888,348.743912822476,-1.83604014359611,2.16395985640389,0.338923816074253
"August",157,92,"Tile","Site",351.285001339106,348.743912822476,2.54108851663005,4.54108851663005,0.0330905432988471
"August",158,92,"Tillage_Passes","Agricultural",359.37664851774,359.741609653517,-0.364961135776355,1.63503886422365,0.201007516999452
"August",158,92,"PerennialFrac","Agricultural",357.760476751168,359.741609653517,-1.9811329023492,0.0188670976507979,0.890748179945572
"August",158,92,"MeanSlope_per","Site",357.89644444546,359.741609653517,-1.84516520805721,0.15483479194279,0.693957221981575
"August",158,92,"Hydrologic_Group","Site",360.230981587121,359.741609653517,0.489371933604616,4.48937193360462,0.105960810361439
"August",158,92,"Tile","Site",363.975782872908,359.741609653517,4.23417321939161,6.23417321939161,0.0125308082107615
"August",159,92,"Tillage_Passes","Agricultural",349.64156164623,350.649835140057,-1.00827349382678,0.991726506173222,0.319320767116101
"August",159,92,"PerennialFrac","Agricultural",348.65629399142,350.649835140057,-1.99354114863695,0.00645885136304969,0.935945388624415
"August",159,92,"MeanSlope_per","Site",348.821675679893,350.649835140057,-1.82815946016382,0.171840539836182,0.678481215309077
"August",159,92,"Hydrologic_Group","Site",352.981785134013,350.649835140057,2.33194999395579,6.33194999395579,0.0421730032116788
"August",159,92,"Tile","Site",348.693512807527,350.649835140057,-1.95632233252968,0.0436776674703196,0.834454462497143
"August",160,92,"Tillage_Passes","Agricultural",333.389100177172,335.343223356176,-1.95412317900389,0.0458768209961136,0.830399868043434
"August",160,92,"PerennialFrac","Agricultural",333.803301593498,335.343223356176,-1.53992176267803,0.460078237321966,0.49758741113422
"August",160,92,"MeanSlope_per","Site",333.525926219081,335.343223356176,-1.81729713709501,0.182702862904989,0.669060659083658
"August",160,92,"Hydrologic_Group","Site",337.654029345857,335.343223356176,2.31080598968117,6.31080598968117,0.0426212213989185
"August",160,92,"Tile","Site",336.764670622366,335.343223356176,1.42144726619034,3.42144726619034,0.0643545717190527
"August",161,92,"Tillage_Passes","Agricultural",353.082443386585,354.924786469188,-1.84234308260295,0.157656917397048,0.691322961610979
"August",161,92,"PerennialFrac","Agricultural",353.024967285817,354.924786469188,-1.89981918337111,0.100180816628892,0.751612754849732
"August",161,92,"MeanSlope_per","Site",352.924856039619,354.924786469188,-1.99993042956902,6.95704309805478e-05,0.993345010528813
"August",161,92,"Hydrologic_Group","Site",362.784380822721,354.924786469188,7.85959435353283,11.8595943535328,0.0026590212453748
"August",161,92,"Tile","Site",360.138121711876,354.924786469188,5.213335242688,7.213335242688,0.00723639002898518
"August",162,92,"Tillage_Passes","Agricultural",363.637469441453,365.298171795008,-1.66070235355591,0.339297646444095,0.560234914495327
"August",162,92,"PerennialFrac","Agricultural",363.592583826752,365.298171795008,-1.70558796825622,0.294412031743775,0.587406970328745
"August",162,92,"MeanSlope_per","Site",363.524583577307,365.298171795008,-1.77358821770144,0.226411782298555,0.634197296975146
"August",162,92,"Hydrologic_Group","Site",367.129020906916,365.298171795008,1.83084911190741,5.83084911190741,0.0541810232732698
"August",162,92,"Tile","Site",365.465787241422,365.298171795008,0.167615446413038,2.16761544641304,0.140944635725265
"August",163,92,"Tillage_Passes","Agricultural",315.223179938202,316.485891091378,-1.2627111531761,0.737288846823901,0.390530743635537
"August",163,92,"PerennialFrac","Agricultural",315.938040239229,316.485891091378,-0.547850852148258,1.45214914785174,0.228183416408704
"August",163,92,"MeanSlope_per","Site",315.932751562781,316.485891091378,-0.553139528596489,1.44686047140351,0.229032385239105
"August",163,92,"Hydrologic_Group","Site",317.938505512745,316.485891091378,1.45261442136695,5.45261442136695,0.0654605759998439
"August",163,92,"Tile","Site",318.776957545173,316.485891091378,2.29106645379511,4.29106645379511,0.0383131264000492
"August",164,92,"Tillage_Passes","Agricultural",327.692640657329,329.219480147704,-1.52683949037589,0.473160509624108,0.491536768275857
"August",164,92,"PerennialFrac","Agricultural",327.254697850043,329.219480147704,-1.96478229766183,0.0352177023381728,0.851140208381967
"August",164,92,"MeanSlope_per","Site",327.386265059579,329.219480147704,-1.83321508812548,0.166784911874515,0.68298510934259
"August",164,92,"Hydrologic_Group","Site",331.409676771242,329.219480147704,2.19019662353742,6.19019662353742,0.0452705616124906
"August",164,92,"Tile","Site",332.011602203254,329.219480147704,2.79212205555007,4.79212205555007,0.0285901825793141
"August",165,92,"Tillage_Passes","Agricultural",327.484380020322,325.575239858923,1.90914016139897,3.90914016139897,0.0480241619335144
"August",165,92,"PerennialFrac","Agricultural",323.817699652342,325.575239858923,-1.75754020658104,0.242459793418959,0.622435139912893
"August",165,92,"MeanSlope_per","Site",323.588268427359,325.575239858923,-1.98697143156329,0.0130285684367095,0.909124630376777
"August",165,92,"Hydrologic_Group","Site",327.793318278336,325.575239858923,2.2180784194137,6.2180784194137,0.0446438280977973
"August",165,92,"Tile","Site",327.634296827628,325.575239858923,2.05905696870576,4.05905696870576,0.0439350285948965
"August",166,92,"Tillage_Passes","Agricultural",360.246230627098,362.246195505846,-1.99996487874824,3.51212517557542e-05,0.995271509591547
"August",166,92,"PerennialFrac","Agricultural",361.01627029234,362.246195505846,-1.22992521350545,0.770074786494547,0.380193917519881
"August",166,92,"MeanSlope_per","Site",360.569986529088,362.246195505846,-1.67620897675755,0.32379102324245,0.569338236430505
"August",166,92,"Hydrologic_Group","Site",363.281367777191,362.246195505846,1.03517227134466,5.03517227134466,0.0806540599214519
"August",166,92,"Tile","Site",364.712125041268,362.246195505846,2.46592953542199,4.46592953542199,0.0345772714183812
"August",167,92,"Tillage_Passes","Agricultural",351.459407047322,353.244808551322,-1.78540150399988,0.214598496000121,0.643186779169544
"August",167,92,"PerennialFrac","Agricultural",351.657826361528,353.244808551322,-1.58698218979339,0.413017810206611,0.520441744712324
"August",167,92,"MeanSlope_per","Site",351.265560932366,353.244808551322,-1.9792476189557,0.0207523810443035,0.885455564205436
"August",167,92,"Hydrologic_Group","Site",354.889248710944,353.244808551322,1.64444015962266,5.64444015962266,0.0594737595417778
"August",167,92,"Tile","Site",355.920587696821,353.244808551322,2.67577914549986,4.67577914549986,0.0305908233528507
"August",168,92,"Tillage_Passes","Agricultural",367.642482395003,369.496635531135,-1.85415313613186,0.145846863868144,0.702536264897774
"August",168,92,"PerennialFrac","Agricultural",367.510860570643,369.496635531135,-1.98577496049199,0.0142250395080055,0.905062424752942
"August",168,92,"MeanSlope_per","Site",367.524391817813,369.496635531135,-1.97224371332197,0.0277562866780272,0.867683077580461
"August",168,92,"Hydrologic_Group","Site",369.781802127115,369.496635531135,0.285166595979945,4.28516659597994,0.117351297745049
"August",168,92,"Tile","Site",372.528563914688,369.496635531135,3.03192838355312,5.03192838355312,0.024884176855755
"August",169,92,"Tillage_Passes","Agricultural",342.427793863529,343.547782675128,-1.1199888115986,0.880011188401397,0.34819861501914
"August",169,92,"PerennialFrac","Agricultural",343.996716000577,343.547782675128,0.448933325449389,2.44893332544939,0.117604761572697
"August",169,92,"MeanSlope_per","Site",341.60888485114,343.547782675128,-1.93889782398787,0.0611021760121275,0.804762311252056
"August",169,92,"Hydrologic_Group","Site",342.143617633265,343.547782675128,-1.40416504186271,2.59583495813729,0.273099937578587
"August",169,92,"Tile","Site",344.244367244593,343.547782675128,0.696584569464903,2.6965845694649,0.100563467348622
"August",170,92,"Tillage_Passes","Agricultural",339.002958510426,340.503552403065,-1.50059389263913,0.499406107360869,0.479761189737479
"August",170,92,"PerennialFrac","Agricultural",338.686329583216,340.503552403065,-1.81722281984952,0.182777180150481,0.668997359428291
"August",170,92,"MeanSlope_per","Site",338.739696910884,340.503552403065,-1.76385549218111,0.236144507818892,0.627004728489226
"August",170,92,"Hydrologic_Group","Site",342.426011051266,340.503552403065,1.92245864820069,5.92245864820069,0.0517552540683035
"August",170,92,"Tile","Site",341.434871253199,340.503552403065,0.931318850134005,2.93131885013401,0.0868764958088399
"August",171,92,"Tillage_Passes","Agricultural",342.258682303754,342.606310073256,-0.347627769501855,1.65237223049814,0.198636365149453
"August",171,92,"PerennialFrac","Agricultural",340.641772123555,342.606310073256,-1.96453794970159,0.0354620502984062,0.850630744994523
"August",171,92,"MeanSlope_per","Site",340.867742736188,342.606310073256,-1.7385673370681,0.261432662931895,0.609137600340272
"August",171,92,"Hydrologic_Group","Site",344.188444113188,342.606310073256,1.58213403993221,5.58213403993221,0.0613557112059742
"August",171,92,"Tile","Site",340.985512025542,342.606310073256,-1.62079804771474,0.379201952285257,0.538030647685604
"August",172,92,"Tillage_Passes","Agricultural",338.546458948157,340.298300656998,-1.75184170884171,0.24815829115829,0.618374877014819
"August",172,92,"PerennialFrac","Agricultural",338.299992562363,340.298300656998,-1.99830809463504,0.00169190536496444,0.967190044233623
"August",172,92,"MeanSlope_per","Site",338.576366401259,340.298300656998,-1.7219342557396,0.278065744260402,0.597971807941993
"August",172,92,"Hydrologic_Group","Site",343.905741495782,340.298300656998,3.60744083878387,7.60744083878387,0.022287697833664
"August",172,92,"Tile","Site",348.746770311348,340.298300656998,8.44846965434908,10.4484696543491,0.00122751111779277
"August",173,92,"Tillage_Passes","Agricultural",358.349058617467,360.278790690867,-1.92973207339958,0.0702679266004225,0.79094707820394
"August",173,92,"PerennialFrac","Agricultural",358.317118553776,360.278790690867,-1.96167213709072,0.0383278629092842,0.844786253956362
"August",173,92,"MeanSlope_per","Site",358.335082340827,360.278790690867,-1.9437083500394,0.056291649960599,0.812456166671416
"August",173,92,"Hydrologic_Group","Site",363.452300454828,360.278790690867,3.17350976396182,7.17350976396182,0.0276880357360438
"August",173,92,"Tile","Site",363.423129946549,360.278790690867,3.14433925568238,5.14433925568238,0.023322284290691
"August",174,92,"Tillage_Passes","Agricultural",346.595866123558,348.108307568513,-1.51244144495428,0.487558555045723,0.485018403086532
"August",174,92,"PerennialFrac","Agricultural",346.488943873591,348.108307568513,-1.61936369492122,0.380636305078781,0.537262893256912
"August",174,92,"MeanSlope_per","Site",346.118405568826,348.108307568513,-1.98990199968654,0.0100980003134623,0.919956268652312
"August",174,92,"Hydrologic_Group","Site",350.808870278307,348.108307568513,2.70056270979455,6.70056270979455,0.0350744843345196
"August",174,92,"Tile","Site",351.780647955899,348.108307568513,3.6723403873869,5.6723403873869,0.0172344478881121
"August",175,92,"Tillage_Passes","Agricultural",330.783908978995,332.602997635614,-1.81908865661876,0.18091134338124,0.670591213479441
"August",175,92,"PerennialFrac","Agricultural",331.549456110508,332.602997635614,-1.05354152510574,0.946458474894257,0.330622403302315
"August",175,92,"MeanSlope_per","Site",331.028473045044,332.602997635614,-1.57452459056981,0.425475409430192,0.514217488923522
"August",175,92,"Hydrologic_Group","Site",336.713258595927,332.602997635614,4.1102609603135,8.1102609603135,0.017333218394857
"August",175,92,"Tile","Site",335.495039165363,332.602997635614,2.89204152974901,4.89204152974901,0.0269807638774285
"August",176,92,"Tillage_Passes","Agricultural",334.357063612057,334.342088497795,0.01497511426237,2.01497511426237,0.155753823889212
"August",176,92,"PerennialFrac","Agricultural",332.589866791815,334.342088497795,-1.75222170597971,0.247778294020293,0.618643811641173
"August",176,92,"MeanSlope_per","Site",332.396629152028,334.342088497795,-1.94545934576695,0.0545406542330511,0.815342573676784
"August",176,92,"Hydrologic_Group","Site",337.59058923167,334.342088497795,3.24850073387523,7.24850073387523,0.0266690818703994
"August",176,92,"Tile","Site",339.06082565473,334.342088497795,4.71873715693533,6.71873715693533,0.00954051579893474
"August",177,92,"Tillage_Passes","Agricultural",368.440077815914,370.17895300027,-1.73887518435527,0.261124815644735,0.609348442485296
"August",177,92,"PerennialFrac","Agricultural",368.179350730338,370.17895300027,-1.99960226993153,0.000397730068470992,0.984088706527236
"August",177,92,"MeanSlope_per","Site",368.192593542307,370.17895300027,-1.98635945796235,0.0136405420376491,0.907024304072394
"August",177,92,"Hydrologic_Group","Site",372.826702192625,370.17895300027,2.64774919235509,6.64774919235509,0.0360130251522909
"August",177,92,"Tile","Site",371.769107420042,370.17895300027,1.59015441977203,3.59015441977203,0.0581228419988872
"August",178,92,"Tillage_Passes","Agricultural",328.560558518283,327.971478401231,0.589080117052276,2.58908011705228,0.107602812673599
"August",178,92,"PerennialFrac","Agricultural",326.661654581956,327.971478401231,-1.3098238192747,0.690176180725302,0.40610446158735
"August",178,92,"MeanSlope_per","Site",325.984744609809,327.971478401231,-1.98673379142161,0.0132662085783863,0.908303220965898
"August",178,92,"Hydrologic_Group","Site",328.948327309244,327.971478401231,0.976848908013437,4.97684890801344,0.0830406980004566
"August",178,92,"Tile","Site",328.358619191908,327.971478401231,0.387140790677051,2.38714079067705,0.122337199752176
"August",179,92,"Tillage_Passes","Agricultural",358.650994520788,360.278648457902,-1.62765393711442,0.372346062885583,0.541728231896083
"August",179,92,"PerennialFrac","Agricultural",358.699592266036,360.278648457902,-1.57905619186613,0.42094380813387,0.516466477696857
"August",179,92,"MeanSlope_per","Site",358.344532248886,360.278648457902,-1.93411620901611,0.0658837909838894,0.797427062428064
"August",179,92,"Hydrologic_Group","Site",362.291918833638,360.278648457902,2.0132703757356,6.0132703757356,0.0494578153516313
"August",179,92,"Tile","Site",361.640664707671,360.278648457902,1.36201624976854,3.36201624976854,0.0667163376265159
"August",180,92,"Tillage_Passes","Agricultural",358.319507448783,357.858550268041,0.460957180742639,2.46095718074264,0.11670764304712
"August",180,92,"PerennialFrac","Agricultural",356.003672870904,357.858550268041,-1.85487739713687,0.145122602863125,0.703240641985235
"August",180,92,"MeanSlope_per","Site",355.940361813512,357.858550268041,-1.91818845452883,0.0818115454711688,0.774857307157631
"August",180,92,"Hydrologic_Group","Site",358.264149090635,357.858550268041,0.405598822593788,4.40559882259379,0.110493408509986
"August",180,92,"Tile","Site",364.58913829945,357.858550268041,6.73058803140884,8.73058803140884,0.00312915563242685
"August",181,92,"Tillage_Passes","Agricultural",337.373061882545,339.353541548738,-1.98047966619288,0.0195203338071224,0.888885025685178
"August",181,92,"PerennialFrac","Agricultural",339.778705615166,339.353541548738,0.425164066428408,2.42516406642841,0.119400740140228
"August",181,92,"MeanSlope_per","Site",337.440751062122,339.353541548738,-1.91279048661545,0.0872095133845505,0.767755115821334
"August",181,92,"Hydrologic_Group","Site",343.668545397271,339.353541548738,4.31500384853365,8.31500384853365,0.0156465955208177
"August",181,92,"Tile","Site",341.957359349744,339.353541548738,2.60381780100653,4.60381780100653,0.0319008409460937
"August",182,92,"Tillage_Passes","Agricultural",339.401859981307,338.813816348148,0.5880436331596,2.5880436331596,0.1076732567192
"August",182,92,"PerennialFrac","Agricultural",336.840860113962,338.813816348148,-1.9729562341858,0.0270437658141987,0.869376992800217
"August",182,92,"MeanSlope_per","Site",337.186103296421,338.813816348148,-1.62771305172697,0.372286948273029,0.541760316838699
"August",182,92,"Hydrologic_Group","Site",339.704940978725,338.813816348148,0.89112463057694,4.89112463057694,0.0866773811789325
"August",182,92,"Tile","Site",343.671208368905,338.813816348148,4.85739202075712,6.85739202075712,0.00882752988369341
"August",183,92,"Tillage_Passes","Agricultural",330.367806929392,331.751225890001,-1.38341896060848,0.616581039391519,0.432320637822496
"August",183,92,"PerennialFrac","Agricultural",329.961349190967,331.751225890001,-1.78987669903387,0.210123300966131,0.646670779150247
"August",183,92,"MeanSlope_per","Site",329.840463419301,331.751225890001,-1.91076247069907,0.0892375293009309,0.765148726132439
"August",183,92,"Hydrologic_Group","Site",334.630499754078,331.751225890001,2.87927386407699,6.87927386407699,0.0320763291014117
"August",183,92,"Tile","Site",332.941745641561,331.751225890001,1.19051975156094,3.19051975156094,0.0740664592185524
"August",184,92,"Tillage_Passes","Agricultural",337.381420643219,337.472271908872,-0.0908512656537823,1.90914873434622,0.167057849284001
"August",184,92,"PerennialFrac","Agricultural",336.519923750757,337.472271908872,-0.952348158115797,1.0476518418842,0.306048509215062
"August",184,92,"MeanSlope_per","Site",336.403963962005,337.472271908872,-1.06830794686715,0.931692053132849,0.334423631781864
"August",184,92,"Hydrologic_Group","Site",334.586648665021,337.472271908872,-2.88562324385174,1.11437675614826,0.572817347660516
"August",184,92,"Tile","Site",337.713706682066,337.472271908872,0.241434773193987,2.24143477319399,0.13435626068926
"August",185,92,"Tillage_Passes","Agricultural",291.023786383851,292.999741198989,-1.97595481513838,0.0240451848616203,0.876769996460365
"August",185,92,"PerennialFrac","Agricultural",296.964407813425,292.999741198989,3.96466661443577,5.96466661443577,0.0145953599609324
"August",185,92,"MeanSlope_per","Site",295.354739203684,292.999741198989,2.35499800469518,4.35499800469518,0.0369005024644472
"August",185,92,"Hydrologic_Group","Site",301.611205017849,292.999741198989,8.61146381885942,12.6114638188594,0.00182580935250842
"August",185,92,"Tile","Site",301.25738768829,292.999741198989,8.25764648930101,10.257646489301,0.001361192210863
"August",186,92,"Tillage_Passes","Agricultural",331.406590990689,333.341590762619,-1.93499977193068,0.0650002280693229,0.798760618451125
"August",186,92,"PerennialFrac","Agricultural",333.495207052854,333.341590762619,0.153616290234936,2.15361629023494,0.142234528607356
"August",186,92,"MeanSlope_per","Site",331.663721267466,333.341590762619,-1.67786949515335,0.322130504846655,0.570330093937712
"August",186,92,"Hydrologic_Group","Site",335.070028663984,333.341590762619,1.72843790136437,5.72843790136437,0.0570276551531963
"August",186,92,"Tile","Site",331.345496945655,333.341590762619,-1.99609381696445,0.00390618303555357,0.950165088548497
"August",187,92,"Tillage_Passes","Agricultural",329.332418957569,330.980027760975,-1.64760880340617,0.352391196593828,0.552762642894135
"August",187,92,"PerennialFrac","Agricultural",330.955266009532,330.980027760975,-0.0247617514435774,1.97523824855642,0.159892947438728
"August",187,92,"MeanSlope_per","Site",329.540373303792,330.980027760975,-1.43965445718356,0.560345542816435,0.454121051625168
"August",187,92,"Hydrologic_Group","Site",333.431312690532,330.980027760975,2.45128492955627,6.45128492955627,0.0397302480898925
"August",187,92,"Tile","Site",335.011748034939,330.980027760975,4.03172027396391,6.03172027396391,0.0140510328342343
"August",188,92,"Tillage_Passes","Agricultural",370.443585115792,371.58890845947,-1.14532334367863,0.854676656321374,0.355232692101727
"August",188,92,"PerennialFrac","Agricultural",369.620885117799,371.58890845947,-1.96802334167154,0.0319766583284604,0.858078895919772
"August",188,92,"MeanSlope_per","Site",369.610657198892,371.58890845947,-1.97825126057779,0.0217487394222076,0.882757475533498
"August",188,92,"Hydrologic_Group","Site",376.746882380276,371.58890845947,5.15797392080555,9.15797392080555,0.0102652901762348
"August",188,92,"Tile","Site",375.781009052627,371.58890845947,4.19210059315668,6.19210059315668,0.0128321781268564
"August",189,92,"Tillage_Passes","Agricultural",336.488167561504,338.023543197547,-1.53537563604374,0.464624363956261,0.495470663642675
"August",189,92,"PerennialFrac","Agricultural",336.153747946704,338.023543197547,-1.8697952508432,0.130204749156803,0.718219842398186
"August",189,92,"MeanSlope_per","Site",336.670323738555,338.023543197547,-1.35321945899216,0.646780541007843,0.421266077265399
"August",189,92,"Hydrologic_Group","Site",341.348530394431,338.023543197547,3.32498719688402,7.32498719688402,0.0256684261090687
"August",189,92,"Tile","Site",344.30233076098,338.023543197547,6.27878756343284,8.27878756343284,0.00401109035591806
"August",190,92,"Tillage_Passes","Agricultural",362.373348519087,363.999246672899,-1.62589815381239,0.374101846187614,0.540776856179123
"August",190,92,"PerennialFrac","Agricultural",362.063622262882,363.999246672899,-1.93562441001649,0.0643755899835128,0.799709214891908
"August",190,92,"MeanSlope_per","Site",362.493066314036,363.999246672899,-1.50618035886254,0.493819641137463,0.482228379576917
"August",190,92,"Hydrologic_Group","Site",366.028544326874,363.999246672899,2.02929765397539,6.02929765397539,0.0490630620853869
"August",190,92,"Tile","Site",369.173303909662,363.999246672899,5.17405723676285,7.17405723676285,0.00739653064065747
"August",191,92,"Tillage_Passes","Agricultural",358.610160983559,357.281719781311,1.32844120224831,3.32844120224831,0.0680913801237099
"August",191,92,"PerennialFrac","Agricultural",355.325621606251,357.281719781311,-1.95609817505942,0.0439018249405763,0.834036373621521
"August",191,92,"MeanSlope_per","Site",355.895592635215,357.281719781311,-1.38612714609576,0.61387285390424,0.433333327463949
"August",191,92,"Hydrologic_Group","Site",358.060863089101,357.281719781311,0.779143307790264,4.77914330779026,0.0916689415030093
"August",191,92,"Tile","Site",356.564197701224,357.281719781311,-0.717522080086781,1.28247791991322,0.257438815936462
"August",192,92,"Tillage_Passes","Agricultural",342.893616802344,344.609562666456,-1.71594586411169,0.284054135888312,0.594056220985031
"August",192,92,"PerennialFrac","Agricultural",344.991273673378,344.609562666456,0.381711006922103,2.3817110069221,0.122763023124408
"August",192,92,"MeanSlope_per","Site",343.540516482049,344.609562666456,-1.06904618440649,0.930953815593512,0.334615199291214
"August",192,92,"Hydrologic_Group","Site",347.469509297396,344.609562666456,2.85994663094027,6.85994663094027,0.0323878050147262
"August",192,92,"Tile","Site",351.700330041251,344.609562666456,7.09076737479489,9.09076737479489,0.00256903058376695
"August",193,92,"Tillage_Passes","Agricultural",335.178870537137,336.94276454983,-1.76389401269307,0.236105987306928,0.627032831765813
"August",193,92,"PerennialFrac","Agricultural",335.30822681627,336.94276454983,-1.63453773356059,0.365462266439408,0.545488171660401
"August",193,92,"MeanSlope_per","Site",335.106285020504,336.94276454983,-1.83647952932597,0.16352047067403,0.68593577207962
"August",193,92,"Hydrologic_Group","Site",337.815006107004,336.94276454983,0.87224155717405,4.87224155717405,0.0874996243660663
"August",193,92,"Tile","Site",341.735321200477,336.94276454983,4.79255665064659,6.79255665064659,0.00915387191791603
"August",194,92,"Tillage_Passes","Agricultural",335.643074031503,335.995962054127,-0.352888022623745,1.64711197737626,0.199352462633986
"August",194,92,"PerennialFrac","Agricultural",336.31917171104,335.995962054127,0.323209656913264,2.32320965691326,0.127456790569062
"August",194,92,"MeanSlope_per","Site",334.087076017807,335.995962054127,-1.90888603631976,0.0911139636802432,0.762765729626818
"August",194,92,"Hydrologic_Group","Site",337.787139231265,335.995962054127,1.79117717713797,5.79117717713797,0.0552664862975661
"August",194,92,"Tile","Site",337.19066072941,335.995962054127,1.19469867528306,3.19469867528306,0.0738773836137919
"August",195,92,"Tillage_Passes","Agricultural",346.730113243879,347.213689497475,-0.483576253596254,1.51642374640375,0.218161490232804
"August",195,92,"PerennialFrac","Agricultural",345.437433731815,347.213689497475,-1.7762557656601,0.223744234339904,0.636201690200917
"August",195,92,"MeanSlope_per","Site",347.267309363852,347.213689497475,0.0536198663762093,2.05361986637621,0.151844788800002
"August",195,92,"Hydrologic_Group","Site",344.97460896087,347.213689497475,-2.23908053660551,1.76091946339449,0.414592266655745
"August",195,92,"Tile","Site",348.059650488692,347.213689497475,0.845960991216771,2.84596099121677,0.0916038083816322
"August",196,92,"Tillage_Passes","Agricultural",343.774201817427,344.229616074593,-0.455414257166922,1.54458574283308,0.213936515131241
"August",196,92,"PerennialFrac","Agricultural",342.876955073962,344.229616074593,-1.35266100063171,0.647338999368287,0.421065666320684
"August",196,92,"MeanSlope_per","Site",342.268076771416,344.229616074593,-1.9615393031778,0.0384606968221988,0.844520946947451
"August",196,92,"Hydrologic_Group","Site",345.812967926136,344.229616074593,1.58335185154255,5.58335185154255,0.0613183627292469
"August",196,92,"Tile","Site",347.899178131227,344.229616074593,3.66956205663399,5.66956205663399,0.0172617649945653
"August",197,92,"Tillage_Passes","Agricultural",311.703389982234,311.748467210151,-0.0450772279179432,1.95492277208206,0.162057361322812
"August",197,92,"PerennialFrac","Agricultural",311.721634203686,311.748467210151,-0.0268330064650968,1.9731669935349,0.16011210435446
"August",197,92,"MeanSlope_per","Site",309.827951497268,311.748467210151,-1.92051571288391,0.0794842871160881,0.777997508902197
"August",197,92,"Hydrologic_Group","Site",311.462756255402,311.748467210151,-0.285710954749959,3.71428904525004,0.156117785304368
"August",197,92,"Tile","Site",312.675429744274,311.748467210151,0.926962534122367,2.92696253412237,0.087111245311568
"August",198,92,"Tillage_Passes","Agricultural",354.61749818028,354.524430351691,0.0930678285888007,2.0930678285888,0.147968672306243
"August",198,92,"PerennialFrac","Agricultural",352.598586496248,354.524430351691,-1.92584385544308,0.0741561445569232,0.785378856093463
"August",198,92,"MeanSlope_per","Site",352.53425158302,354.524430351691,-1.99017876867129,0.00982123132871493,0.921057184292079
"August",198,92,"Hydrologic_Group","Site",357.460872748833,354.524430351691,2.93644239714217,6.93644239714217,0.0311724309381025
"August",198,92,"Tile","Site",357.524377709903,354.524430351691,2.99994735821252,4.99994735821252,0.0253480896277031
"August",199,92,"Tillage_Passes","Agricultural",343.698621919944,344.835387640634,-1.13676572069056,0.863234279309438,0.35283518153014
"August",199,92,"PerennialFrac","Agricultural",343.021270968715,344.835387640634,-1.81411667191935,0.185883328080649,0.666365204458491
"August",199,92,"MeanSlope_per","Site",343.208533758629,344.835387640634,-1.62685388200492,0.373146117995077,0.541294338823566
"August",199,92,"Hydrologic_Group","Site",348.526153132387,344.835387640634,3.69076549175219,7.69076549175219,0.0213782175704493
"August",199,92,"Tile","Site",353.661556326388,344.835387640634,8.82616868575343,10.8261686857534,0.00100075505989563
"August",200,92,"Tillage_Passes","Agricultural",328.475418039691,330.433670760022,-1.95825272033051,0.0417472796694938,0.838102261546525
"August",200,92,"PerennialFrac","Agricultural",329.113417285794,330.433670760022,-1.32025347422791,0.679746525772089,0.409674020713513
"August",200,92,"MeanSlope_per","Site",328.814842590926,330.433670760022,-1.61882816909616,0.381171830903838,0.536976758610742
"August",200,92,"Hydrologic_Group","Site",330.339522396204,330.433670760022,-0.0941483638178511,3.90585163618215,0.141858411902804
"August",200,92,"Tile","Site",333.464190577173,330.433670760022,3.03051981715083,5.03051981715083,0.0249044226184276
"September",1,92,"Tillage_Passes","Agricultural",380.733854616775,381.998894404357,-1.26503978758126,0.734960212418741,0.391280100253413
"September",1,92,"PerennialFrac","Agricultural",380.196585270863,381.998894404357,-1.80230913349357,0.197690866506434,0.656591203648406
"September",1,92,"MeanSlope_per","Site",380.38979022086,381.998894404357,-1.6091041834963,0.390895816503701,0.531828898108966
"September",1,92,"Hydrologic_Group","Site",382.277182946949,381.998894404357,0.27828854259252,4.27828854259252,0.117755566738028
"September",2,92,"Tillage_Passes","Agricultural",391.873512794159,389.56788601607,2.30562677808911,4.30562677808911,0.0379864950623208
"September",2,92,"PerennialFrac","Agricultural",387.59277235311,389.56788601607,-1.97511366295919,0.0248863370408117,0.87465061606535
"September",2,92,"MeanSlope_per","Site",388.386764389378,389.56788601607,-1.18112162669144,0.818878373308564,0.365508307305342
"September",3,92,"Tillage_Passes","Agricultural",395.078943614907,397.049274624423,-1.9703310095158,0.0296689904841969,0.863243437267766
"September",3,92,"PerennialFrac","Agricultural",395.274663757789,397.049274624423,-1.77461086663362,0.225389133366377,0.634963995703759
"September",3,92,"MeanSlope_per","Site",395.200539897455,397.049274624423,-1.84873472696785,0.151265273032152,0.697329138711319
"September",3,92,"Hydrologic_Group","Site",397.129724696916,397.049274624423,0.0804500724928516,4.08045007249285,0.129999452997568
"September",4,92,"Tillage_Passes","Agricultural",362.161601636477,364.045559677522,-1.88395804104471,0.116041958955293,0.733367596003555
"September",4,92,"PerennialFrac","Agricultural",362.418964271138,364.045559677522,-1.62659540638361,0.373404593616385,0.541154296505939
"September",4,92,"MeanSlope_per","Site",363.139368634785,364.045559677522,-0.906191042737362,1.09380895726264,0.295628805396341
"September",4,92,"Hydrologic_Group","Site",366.991454989865,364.045559677522,2.94589531234351,6.94589531234351,0.0310254434037725
"September",5,92,"Tillage_Passes","Agricultural",366.378526020516,368.222835424721,-1.84430940420509,0.155690595794908,0.693155476839749
"September",5,92,"PerennialFrac","Agricultural",366.508016004354,368.222835424721,-1.71481942036695,0.28518057963305,0.593325611565887
"September",5,92,"MeanSlope_per","Site",367.175458724234,368.222835424721,-1.04737670048701,0.952623299512993,0.329052456708026
"September",5,92,"Hydrologic_Group","Site",369.146630359049,368.222835424721,0.923794934327987,4.92379493432799,0.0852729946551875
"September",6,92,"Tillage_Passes","Agricultural",347.165926577455,348.468166436368,-1.30223985891234,0.697760141087656,0.403537344325274
"September",6,92,"PerennialFrac","Agricultural",346.472699484048,348.468166436368,-1.99546695232016,0.00453304767984264,0.946320657057168
"September",6,92,"MeanSlope_per","Site",346.468275979244,348.468166436368,-1.99989045712385,0.000109542876145952,0.991649274610038
"September",6,92,"Hydrologic_Group","Site",352.382733058713,348.468166436368,3.91456662234555,7.91456662234555,0.0191149732516535
"September",7,92,"Tillage_Passes","Agricultural",372.71401403002,374.270812033024,-1.55679800300368,0.443201996996322,0.505581022921273
"September",7,92,"PerennialFrac","Agricultural",372.32065135155,374.270812033024,-1.95016068147333,0.049839318526665,0.82334310763804
"September",7,92,"MeanSlope_per","Site",372.688167176248,374.270812033024,-1.58264485677518,0.417355143224825,0.518259735334454
"September",7,92,"Hydrologic_Group","Site",375.200690228242,374.270812033024,0.92987819521835,4.92987819521835,0.0850140197710976
"September",8,92,"Tillage_Passes","Agricultural",370.394855353329,372.216716616106,-1.82186126277702,0.17813873722298,0.672977683731392
"September",8,92,"PerennialFrac","Agricultural",370.328591886236,372.216716616106,-1.8881247298703,0.111875270129701,0.73801918524711
"September",8,92,"MeanSlope_per","Site",370.303026386958,372.216716616106,-1.9136902291483,0.0863097708516989,0.768922009727138
"September",8,92,"Hydrologic_Group","Site",373.234197484886,372.216716616106,1.01748086877944,5.01748086877944,0.0813706664135777
"September",9,92,"Tillage_Passes","Agricultural",381.414919721562,383.070346095483,-1.65542637392127,0.344573626078727,0.557201060283204
"September",9,92,"PerennialFrac","Agricultural",381.960935481872,383.070346095483,-1.10941061361137,0.890589386388626,0.345317639770366
"September",9,92,"MeanSlope_per","Site",381.159552099276,383.070346095483,-1.91079399620747,0.0892060037925262,0.765188994358437
"September",9,92,"Hydrologic_Group","Site",385.095630440668,383.070346095483,2.02528434518473,6.02528434518473,0.0491616135408551
"September",10,92,"Tillage_Passes","Agricultural",373.20130911088,375.183970799763,-1.98266168888318,0.0173383111168164,0.895241343927331
"September",10,92,"PerennialFrac","Agricultural",373.240002415408,375.183970799763,-1.94396838435455,0.0560316156454519,0.812881790392684
"September",10,92,"MeanSlope_per","Site",374.023853403278,375.183970799763,-1.16011739648508,0.839882603514923,0.359430348428594
"September",10,92,"Hydrologic_Group","Site",375.182257122895,375.183970799763,-0.00171367686783697,3.99828632313216,0.135451293402642
"September",11,92,"Tillage_Passes","Agricultural",376.207942988389,378.080644008551,-1.87270102016203,0.127298979837974,0.721249153445975
"September",11,92,"PerennialFrac","Agricultural",376.671966904568,378.080644008551,-1.40867710398322,0.591322896016777,0.441908018506055
"September",11,92,"MeanSlope_per","Site",376.151113516262,378.080644008551,-1.92953049228936,0.0704695077106408,0.790654400374396
"September",11,92,"Hydrologic_Group","Site",379.357147098086,378.080644008551,1.2765030895352,5.2765030895352,0.071486150684249
"September",12,92,"Tillage_Passes","Agricultural",365.51996819624,366.980271531329,-1.46030333508912,0.539696664910878,0.462558465526728
"September",12,92,"PerennialFrac","Agricultural",365.637293853436,366.980271531329,-1.34297767789366,0.657022322106343,0.417613147932241
"September",12,92,"MeanSlope_per","Site",365.862744224747,366.980271531329,-1.11752730658299,0.882472693417014,0.347525321938767
"September",12,92,"Hydrologic_Group","Site",366.481344929174,366.980271531329,-0.498926602155109,3.50107339784489,0.173680704185191
"September",13,92,"Tillage_Passes","Agricultural",353.603682327302,354.784328858488,-1.18064653118631,0.819353468813688,0.365369264170888
"September",13,92,"PerennialFrac","Agricultural",354.38839934317,354.784328858488,-0.395929515318869,1.60407048468113,0.205327316298202
"September",13,92,"MeanSlope_per","Site",352.963007881578,354.784328858488,-1.82132097691039,0.178679023089614,0.672510933455139
"September",13,92,"Hydrologic_Group","Site",353.057680640828,354.784328858488,-1.72664821766,2.27335178234,0.320883903962245
"September",14,92,"Tillage_Passes","Agricultural",372.799950223453,373.751675110791,-0.951724887338287,1.04827511266171,0.305904678582799
"September",14,92,"PerennialFrac","Agricultural",372.571371879109,373.751675110791,-1.18030323168222,0.819696768317783,0.36526883855749
"September",14,92,"MeanSlope_per","Site",372.215968342579,373.751675110791,-1.53570676821232,0.464293231787678,0.495624331100019
"September",14,92,"Hydrologic_Group","Site",378.185911660707,373.751675110791,4.43423654991602,8.43423654991602,0.0147410630467872
"September",14,92,"Tile","Site",377.863147593482,373.751675110791,4.11147248269128,6.11147248269128,0.0134307189094273
"September",15,92,"Tillage_Passes","Agricultural",344.885554331954,345.789481115884,-0.903926783929592,1.09607321607041,0.29512948714266
"September",15,92,"PerennialFrac","Agricultural",344.873865219555,345.789481115884,-0.9156158963292,1.0843841036708,0.297718868220279
"September",15,92,"MeanSlope_per","Site",345.458973941973,345.789481115884,-0.330507173911144,1.66949282608886,0.196326479992105
"September",15,92,"Hydrologic_Group","Site",351.463845700209,345.789481115884,5.67436458432508,9.67436458432508,0.00792936523820695
"September",16,92,"Tillage_Passes","Agricultural",388.939019281018,389.985979719782,-1.04696043876464,0.953039561235357,0.328946808096375
"September",16,92,"PerennialFrac","Agricultural",388.946709768724,389.985979719782,-1.0392699510582,0.960730048941798,0.327003011008829
"September",16,92,"MeanSlope_per","Site",387.998649163216,389.985979719782,-1.98733055656646,0.0126694434335377,0.910380491197089
"September",16,92,"Hydrologic_Group","Site",388.734955391771,389.985979719782,-1.25102432801168,2.74897567198832,0.252969124312057
"September",17,92,"Tillage_Passes","Agricultural",363.44877509936,363.166804634409,0.281970464950916,2.28197046495092,0.130885491072226
"September",17,92,"PerennialFrac","Agricultural",361.755548823268,363.166804634409,-1.41125581114017,0.588744188859835,0.44290514435832
"September",17,92,"MeanSlope_per","Site",361.381731352601,363.166804634409,-1.78507328180723,0.214926718192771,0.642932995540348
"September",18,92,"Tillage_Passes","Agricultural",354.612694842298,351.320654544348,3.29204029794965,5.29204029794965,0.0214231067568043
"September",18,92,"PerennialFrac","Agricultural",349.417541387179,351.320654544348,-1.9031131571694,0.0968868428305996,0.755598021542839
"September",18,92,"MeanSlope_per","Site",349.898262999652,351.320654544348,-1.42239154469553,0.577608455304471,0.447251259819148
"September",18,92,"Hydrologic_Group","Site",352.186179802311,351.320654544348,0.865525257963554,4.86552525796355,0.0877939551218448
"September",19,92,"Tillage_Passes","Agricultural",369.210641524667,366.873093136957,2.33754838771046,4.33754838771046,0.0372805679662764
"September",19,92,"PerennialFrac","Agricultural",365.127555988323,366.873093136957,-1.74553714863384,0.254462851366156,0.613950030211766
"September",19,92,"MeanSlope_per","Site",364.927629771875,366.873093136957,-1.94546336508148,0.0545366349185201,0.815349255069091
"September",20,92,"Tillage_Passes","Agricultural",352.115359354821,354.039859459523,-1.92450010470213,0.0754998952978667,0.78349107096209
"September",20,92,"PerennialFrac","Agricultural",352.064409657431,354.039859459523,-1.97544980209221,0.0245501979077858,0.87549308748351
"September",20,92,"MeanSlope_per","Site",352.129466699536,354.039859459523,-1.91039275998685,0.0896072400131516,0.764677063577884
"September",20,92,"Hydrologic_Group","Site",355.792747918361,354.039859459523,1.75288845883824,5.75288845883824,0.0563347204634314
"September",21,92,"Tillage_Passes","Agricultural",355.468751548261,357.262908990946,-1.79415744268499,0.205842557315009,0.650045665499223
"September",21,92,"PerennialFrac","Agricultural",355.342486136744,357.262908990946,-1.92042285420206,0.0795771457979413,0.777871269398997
"September",21,92,"MeanSlope_per","Site",355.968890530618,357.262908990946,-1.29401846032846,0.705981539671541,0.400781079818684
"September",21,92,"Hydrologic_Group","Site",356.905622206981,357.262908990946,-0.357286783965662,3.64271321603434,0.161806094528684
"September",22,92,"Tillage_Passes","Agricultural",370.696902835686,371.463430751,-0.766527915313361,1.23347208468664,0.266732861403423
"September",22,92,"PerennialFrac","Agricultural",369.919289432396,371.463430751,-1.54414131860324,0.455858681396762,0.499565810780732
"September",22,92,"MeanSlope_per","Site",369.938721032895,371.463430751,-1.5247097181043,0.475290281895695,0.490563406079556
"September",22,92,"Hydrologic_Group","Site",372.30435964584,371.463430751,0.840928894840602,4.8409288948406,0.0888803276327673
"September",23,92,"Tillage_Passes","Agricultural",361.124296165731,363.066999076915,-1.94270291118426,0.0572970888157442,0.810820161138993
"September",23,92,"PerennialFrac","Agricultural",362.086704968124,363.066999076915,-0.980294108791611,1.01970589120839,0.31258878273329
"September",23,92,"MeanSlope_per","Site",361.387245374719,363.066999076915,-1.67975370219585,0.320246297804147,0.571459666590854
"September",23,92,"Hydrologic_Group","Site",362.49661022912,363.066999076915,-0.570388847794959,3.42961115220504,0.179998713362692
"September",24,92,"Tillage_Passes","Agricultural",381.242708677827,381.347631459622,-0.104922781795153,1.89507721820485,0.168630371538905
"September",24,92,"PerennialFrac","Agricultural",379.524828017598,381.347631459622,-1.82280344202383,0.177196557976174,0.673793626720322
"September",24,92,"MeanSlope_per","Site",379.3729346283,381.347631459622,-1.97469683132186,0.0253031686781355,0.873613962059419
"September",24,92,"Hydrologic_Group","Site",379.338095298489,381.347631459622,-2.00953616113247,1.99046383886753,0.369637708434471
"September",25,92,"Tillage_Passes","Agricultural",403.822655362524,405.233288796881,-1.41063343435718,0.58936656564282,0.442664168431237
"September",25,92,"PerennialFrac","Agricultural",403.272878854107,405.233288796881,-1.96040994277405,0.0395900572259507,0.842284253402292
"September",25,92,"MeanSlope_per","Site",403.253008886947,405.233288796881,-1.98027990993393,0.0197200900660732,0.888321648098509
"September",25,92,"Hydrologic_Group","Site",406.209624396516,405.233288796881,0.976335599635149,4.97633559963515,0.0830620134787042
"September",26,92,"Tillage_Passes","Agricultural",352.910522178441,354.907492341037,-1.99697016259574,0.00302983740425589,0.956103442770191
"September",26,92,"PerennialFrac","Agricultural",353.331882715622,354.907492341037,-1.5756096254147,0.4243903745853,0.514754422657743
"September",26,92,"MeanSlope_per","Site",353.042799596752,354.907492341037,-1.86469274428504,0.135307255714963,0.712991537591688
"September",26,92,"Hydrologic_Group","Site",355.275006666041,354.907492341037,0.367514325004436,4.36751432500444,0.112617612104427
"September",27,92,"Tillage_Passes","Agricultural",356.740332545377,358.551858214459,-1.81152566908202,0.188474330917984,0.664189463538015
"September",27,92,"PerennialFrac","Agricultural",356.782533801945,358.551858214459,-1.7693244125137,0.230675587486303,0.631023342435372
"September",27,92,"MeanSlope_per","Site",356.596471157256,358.551858214459,-1.95538705720304,0.0446129427969595,0.832717351675473
"September",27,92,"Hydrologic_Group","Site",357.068178242979,358.551858214459,-1.48367997147955,2.51632002852045,0.284176426320285
"September",28,92,"Tillage_Passes","Agricultural",375.818355614782,376.43489870237,-0.616543087587104,1.3834569124129,0.239513185973185
"September",28,92,"PerennialFrac","Agricultural",374.441965079531,376.43489870237,-1.99293362283879,0.00706637716120895,0.93300733912431
"September",28,92,"MeanSlope_per","Site",377.357243865535,376.43489870237,0.922345163165915,2.92234516316591,0.0873608123808209
"September",28,92,"Hydrologic_Group","Site",380.429239891348,376.43489870237,3.99434118897847,7.99434118897847,0.0183675346407815
"September",29,92,"Tillage_Passes","Agricultural",356.528227495526,358.279377335001,-1.75114983947566,0.248850160524341,0.617885880913964
"September",29,92,"PerennialFrac","Agricultural",356.297052932666,358.279377335001,-1.98232440233494,0.0176755976650611,0.894233235380747
"September",29,92,"MeanSlope_per","Site",356.36566654399,358.279377335001,-1.91371079101094,0.0862892089890579,0.768948753871615
"September",29,92,"Hydrologic_Group","Site",357.454158425878,358.279377335001,-0.825218909123805,3.17478109087619,0.204458441246896
"September",30,92,"Tillage_Passes","Agricultural",346.744104428324,348.743754153383,-1.99964972505876,0.000350274941240514,0.985067956626035
"September",30,92,"PerennialFrac","Agricultural",346.752394042142,348.743754153383,-1.99136011124074,0.00863988875926225,0.925942487417676
"September",30,92,"MeanSlope_per","Site",347.254396419188,348.743754153383,-1.48935773419413,0.51064226580587,0.474860956244496
"September",30,92,"Hydrologic_Group","Site",348.234071361059,348.743754153383,-0.509682792324043,3.49031720767596,0.174617291797774
"September",31,92,"Tillage_Passes","Agricultural",361.131177714605,363.088674277805,-1.95749656319987,0.042503436800132,0.836663107088476
"September",31,92,"PerennialFrac","Agricultural",361.361386236162,363.088674277805,-1.7272880416424,0.272711958357604,0.601518342206264
"September",31,92,"MeanSlope_per","Site",361.479035683486,363.088674277805,-1.60963859431894,0.390361405681062,0.532109492763953
"September",31,92,"Hydrologic_Group","Site",362.44133418084,363.088674277805,-0.647340096964854,3.35265990303515,0.18705923426363
"September",32,92,"Tillage_Passes","Agricultural",388.230536222706,390.028377771542,-1.79784154883572,0.20215845116428,0.652984218468789
"September",32,92,"PerennialFrac","Agricultural",388.096808014071,390.028377771542,-1.93156975747115,0.0684302425288479,0.793636206823206
"September",32,92,"MeanSlope_per","Site",388.492489956445,390.028377771542,-1.53588781509683,0.464112184903172,0.49570838288718
"September",32,92,"Hydrologic_Group","Site",390.841903624339,390.028377771542,0.813525852797284,4.81352585279728,0.090106504370791
"September",33,92,"Tillage_Passes","Agricultural",378.802859835376,380.757368212082,-1.95450837670631,0.0454916232936853,0.831102602791625
"September",33,92,"PerennialFrac","Agricultural",379.121560069729,380.757368212082,-1.63580814235314,0.364191857646858,0.546187351755194
"September",33,92,"MeanSlope_per","Site",378.77267408645,380.757368212082,-1.98469412563168,0.0153058743683232,0.901539420525465
"September",33,92,"Hydrologic_Group","Site",383.133956556604,380.757368212082,2.37658834452179,6.37658834452179,0.0412421629946106
"September",34,92,"Tillage_Passes","Agricultural",369.43107205013,369.565392911621,-0.13432086149038,1.86567913850962,0.171970774651605
"September",34,92,"PerennialFrac","Agricultural",368.173648816106,369.565392911621,-1.39174409551475,0.608255904485247,0.435445249625228
"September",34,92,"MeanSlope_per","Site",367.943619878814,369.565392911621,-1.62177303280691,0.378226967193086,0.538553664214806
"September",35,92,"Tillage_Passes","Agricultural",374.785637952011,376.1333209363,-1.34768298428963,0.652317015710366,0.419285502109119
"September",35,92,"PerennialFrac","Agricultural",374.326137805968,376.1333209363,-1.80718313033219,0.192816869667809,0.660582429580974
"September",35,92,"MeanSlope_per","Site",374.802986616204,376.1333209363,-1.3303343200958,0.669665679904199,0.41316819050545
"September",35,92,"Hydrologic_Group","Site",378.457426764974,376.1333209363,2.32410582867379,6.32410582867379,0.0423387340079843
"September",36,92,"Tillage_Passes","Agricultural",376.784332194923,378.404040954791,-1.61970875986788,0.380291240132124,0.537447410777691
"September",36,92,"PerennialFrac","Agricultural",376.414693943226,378.404040954791,-1.98934701156554,0.0106529884344582,0.917793672351751
"September",36,92,"MeanSlope_per","Site",378.774315088775,378.404040954791,0.37027413398431,2.37027413398431,0.123665333592717
"September",36,92,"Hydrologic_Group","Site",379.533453621371,378.404040954791,1.12941266658032,5.12941266658032,0.0769417733618571
"September",37,92,"Tillage_Passes","Agricultural",373.845231461673,375.312835602889,-1.46760414121621,0.532395858783786,0.465601328793176
"September",37,92,"PerennialFrac","Agricultural",373.313452831149,375.312835602889,-1.99938277174056,0.000617228259443436,0.980179331969658
"September",37,92,"MeanSlope_per","Site",373.31505288621,375.312835602889,-1.99778271667958,0.00221728332041948,0.962443061075506
"September",37,92,"Hydrologic_Group","Site",375.916280927828,375.312835602889,0.603445324938605,4.6034453249386,0.100086280252488
"September",38,92,"Tillage_Passes","Agricultural",362.715927725938,364.194034430393,-1.47810670445517,0.521893295544828,0.470035171565811
"September",38,92,"PerennialFrac","Agricultural",362.197271827926,364.194034430393,-1.99676260246633,0.00323739753366681,0.954626341592206
"September",38,92,"MeanSlope_per","Site",362.576982603059,364.194034430393,-1.61705182733363,0.382948172666374,0.536029632275303
"September",38,92,"Hydrologic_Group","Site",363.822268920428,364.194034430393,-0.371765509965257,3.62823449003474,0.1629817178301
"September",39,92,"Tillage_Passes","Agricultural",398.361936045484,400.241496782775,-1.87956073729146,0.120439262708544,0.728558561227355
"September",39,92,"PerennialFrac","Agricultural",398.474110322964,400.241496782775,-1.76738645981163,0.232613540188368,0.629592663053167
"September",39,92,"MeanSlope_per","Site",398.251185327426,400.241496782775,-1.99031145534974,0.0096885446502597,0.921590532113302
"September",39,92,"Hydrologic_Group","Site",397.654368335336,400.241496782775,-2.58712844743928,1.41287155256072,0.49339965393258
"September",40,92,"Tillage_Passes","Agricultural",380.33846814044,382.304185812525,-1.96571767208542,0.0342823279145819,0.853107561206592
"September",40,92,"PerennialFrac","Agricultural",380.341964963955,382.304185812525,-1.96222084856964,0.0377791514303567,0.845887277098883
"September",40,92,"MeanSlope_per","Site",380.353697426895,382.304185812525,-1.95048838563019,0.0495116143698056,0.823915290386449
"September",40,92,"Hydrologic_Group","Site",383.197582523819,382.304185812525,0.893396711293917,4.89339671129392,0.0865789680869515
"September",41,92,"Tillage_Passes","Agricultural",370.05229363394,370.009096842593,0.0431967913474978,2.0431967913475,0.152888049311199
"September",41,92,"PerennialFrac","Agricultural",368.013728807292,370.009096842593,-1.99536803530106,0.00463196469894456,0.945739035063495
"September",41,92,"MeanSlope_per","Site",368.65995361644,370.009096842593,-1.34914322615282,0.650856773847181,0.419806527035971
"September",41,92,"Hydrologic_Group","Site",368.733887597975,370.009096842593,-1.27520924461805,2.72479075538195,0.256046713205212
"September",42,92,"Tillage_Passes","Agricultural",371.768463101186,372.148454020068,-0.379990918882015,1.62000908111798,0.203090521349637
"September",42,92,"PerennialFrac","Agricultural",370.327287044916,372.148454020068,-1.82116697515181,0.178833024848188,0.672378044454062
"September",42,92,"MeanSlope_per","Site",370.1622177681,372.148454020068,-1.98623625196802,0.0137637480319768,0.906607268262745
"September",42,92,"Hydrologic_Group","Site",373.45405498835,372.148454020068,1.30560096828219,5.30560096828219,0.0704536322488002
"September",43,92,"Tillage_Passes","Agricultural",369.43635917088,371.41669920428,-1.98034003340001,0.0196599665999884,0.888490908512063
"September",43,92,"PerennialFrac","Agricultural",369.504651491441,371.41669920428,-1.91204771283873,0.0879522871612721,0.766796719780749
"September",43,92,"MeanSlope_per","Site",370.062702262949,371.41669920428,-1.35399694133116,0.646003058668839,0.421545325550105
"September",43,92,"Hydrologic_Group","Site",375.59792636631,371.41669920428,4.18122716203004,8.18122716203004,0.016728965833026
"September",43,92,"Tile","Site",375.22225499383,371.41669920428,3.80555578955045,5.80555578955045,0.015975617597637
"September",44,92,"Tillage_Passes","Agricultural",380.900789082467,382.066567498715,-1.16577841624809,0.834221583751912,0.361054647712461
"September",44,92,"PerennialFrac","Agricultural",380.076671561367,382.066567498715,-1.98989593734831,0.0101040626516919,0.919932325906211
"September",44,92,"MeanSlope_per","Site",380.097765701297,382.066567498715,-1.96880179741783,0.0311982025821749,0.859798926393827
"September",44,92,"Hydrologic_Group","Site",380.075986808794,382.066567498715,-1.99058068992105,2.00941931007895,0.366150929449368
"September",45,92,"Tillage_Passes","Agricultural",399.155340954653,400.54873836456,-1.39339740990692,0.606602590093075,0.436069870121583
"September",45,92,"PerennialFrac","Agricultural",398.67815702393,400.54873836456,-1.87058134062949,0.129418659370515,0.719035555773634
"September",45,92,"MeanSlope_per","Site",398.602330651507,400.54873836456,-1.94640771305257,0.0535922869474348,0.816926323449695
"September",45,92,"Hydrologic_Group","Site",400.380851533843,400.54873836456,-0.167886830717066,3.83211316928293,0.14718623568393
"September",46,92,"Tillage_Passes","Agricultural",358.726307515875,358.679816292058,0.0464912238168722,2.04649122381687,0.152557429798222
"September",46,92,"PerennialFrac","Agricultural",359.001333637793,358.679816292058,0.321517345735458,2.32151734573546,0.127595507794811
"September",46,92,"MeanSlope_per","Site",356.972020910737,358.679816292058,-1.70779538132126,0.292204618678738,0.588811210287098
"September",46,92,"Hydrologic_Group","Site",356.866302390814,358.679816292058,-1.81351390124377,2.18648609875623,0.335127893162665
"September",47,92,"Tillage_Passes","Agricultural",367.400279440378,369.053041291691,-1.65276185131307,0.347238148686927,0.555680726267359
"September",47,92,"PerennialFrac","Agricultural",367.226285010039,369.053041291691,-1.82675628165208,0.173243718347919,0.677244956562694
"September",47,92,"MeanSlope_per","Site",367.336761167834,369.053041291691,-1.71628012385713,0.283719876142868,0.594273379133144
"September",47,92,"Hydrologic_Group","Site",369.418183575352,369.053041291691,0.365142283661498,4.3651422836615,0.112751258158179
"September",48,92,"Tillage_Passes","Agricultural",378.875776092414,380.78321937934,-1.90744328692517,0.0925567130748277,0.760951643821386
"September",48,92,"PerennialFrac","Agricultural",379.764470379627,380.78321937934,-1.01874899971278,0.981251000287216,0.321890149393479
"September",48,92,"MeanSlope_per","Site",378.785197048033,380.78321937934,-1.9980223313068,0.00197766869320048,0.964528978033378
"September",48,92,"Hydrologic_Group","Site",380.293693341092,380.78321937934,-0.489526038247277,3.51047396175272,0.172866271436755
"September",49,92,"Tillage_Passes","Agricultural",375.12530067318,376.993348284789,-1.8680476116092,0.1319523883908,0.716416262882825
"September",49,92,"PerennialFrac","Agricultural",375.41841535407,376.993348284789,-1.57493293071877,0.425067069281226,0.514419443027396
"September",49,92,"MeanSlope_per","Site",375.412906686735,376.993348284789,-1.58044159805343,0.419558401946574,0.517157475372007
"September",49,92,"Hydrologic_Group","Site",376.055570612298,376.993348284789,-0.937777672490483,3.06222232750952,0.216295194358033
"September",50,92,"Tillage_Passes","Agricultural",336.518688496525,338.274239119684,-1.75555062315931,0.244449376840691,0.621010848617296
"September",50,92,"PerennialFrac","Agricultural",336.342336679368,338.274239119684,-1.93190244031643,0.0680975596835651,0.794127139501112
"September",50,92,"MeanSlope_per","Site",337.448816270648,338.274239119684,-0.825422849036556,1.17457715096344,0.278462751329682
"September",50,92,"Hydrologic_Group","Site",339.951559796231,338.274239119684,1.67732067654703,5.67732067654703,0.0585039890445405
"September",51,92,"Tillage_Passes","Agricultural",393.120254006631,394.486008161827,-1.36575415519661,0.634245844803388,0.425802173861038
"September",51,92,"PerennialFrac","Agricultural",392.737010991911,394.486008161827,-1.74899716991621,0.251002830083792,0.616369837519516
"September",51,92,"MeanSlope_per","Site",392.640820478627,394.486008161827,-1.84518768320021,0.154812316799791,0.693978311880838
"September",51,92,"Hydrologic_Group","Site",393.127834150814,394.486008161827,-1.35817401101343,2.64182598898657,0.266891520208829
"September",52,92,"Tillage_Passes","Agricultural",366.041138147515,367.426696981786,-1.3855588342708,0.614441165729204,0.433120516220406
"September",52,92,"PerennialFrac","Agricultural",365.599060673506,367.426696981786,-1.82763630827969,0.172363691720307,0.678019607235278
"September",52,92,"MeanSlope_per","Site",365.456093176994,367.426696981786,-1.97060380479149,0.0293961952085056,0.863867436969043
"September",52,92,"Hydrologic_Group","Site",370.699972483436,367.426696981786,3.27327550165063,7.27327550165063,0.026340759441658
"September",53,92,"Tillage_Passes","Agricultural",350.866371305024,351.253243184042,-0.386871879018315,1.61312812098168,0.204052641591202
"September",53,92,"PerennialFrac","Agricultural",350.770685049622,351.253243184042,-0.482558134419833,1.51744186558017,0.218007026062866
"September",53,92,"MeanSlope_per","Site",349.621314687261,351.253243184042,-1.63192849678057,0.368071503219426,0.544057345184176
"September",53,92,"Hydrologic_Group","Site",349.969707326458,351.253243184042,-1.28353585758413,2.71646414241587,0.257114936273302
"September",54,92,"Tillage_Passes","Agricultural",380.895137389107,382.781957206195,-1.886819817088,0.113180182912004,0.7365521901473
"September",54,92,"PerennialFrac","Agricultural",381.566443651194,382.781957206195,-1.21551355500179,0.784486444998208,0.375772527855127
"September",54,92,"MeanSlope_per","Site",380.971387812046,382.781957206195,-1.8105693941497,0.189430605850305,0.663390942356471
"September",54,92,"Hydrologic_Group","Site",386.935035125203,382.781957206195,4.15307791900801,8.15307791900801,0.0169660844585291
"September",55,92,"Tillage_Passes","Agricultural",361.504478333891,363.482389485185,-1.9779111512936,0.022088848706403,0.881850983617711
"September",55,92,"PerennialFrac","Agricultural",361.83647540482,363.482389485185,-1.64591408036404,0.354085919635963,0.551809253384138
"September",55,92,"MeanSlope_per","Site",361.484830242606,363.482389485185,-1.99755924257886,0.00244075742114092,0.960597322732477
"September",55,92,"Hydrologic_Group","Site",367.805627884281,363.482389485185,4.32323839909685,8.32323839909685,0.015582306618212
"September",56,92,"Tillage_Passes","Agricultural",351.64938251035,353.547350264101,-1.89796775375095,0.102032246249053,0.749404355877449
"September",56,92,"PerennialFrac","Agricultural",351.779877217584,353.547350264101,-1.76747304651724,0.232526953482761,0.629656428032007
"September",56,92,"MeanSlope_per","Site",351.947109109706,353.547350264101,-1.60024115439501,0.399758845604993,0.527213825301597
"September",56,92,"Hydrologic_Group","Site",356.253520784441,353.547350264101,2.70617052034009,6.70617052034009,0.0349762765499583
"September",57,92,"Tillage_Passes","Agricultural",348.670059393686,350.667089135933,-1.99702974224778,0.00297025775222437,0.956536751928909
"September",57,92,"PerennialFrac","Agricultural",348.768287376849,350.667089135933,-1.89880175908422,0.101198240915778,0.750396409099417
"September",57,92,"MeanSlope_per","Site",348.886577575202,350.667089135933,-1.7805115607315,0.219488439268503,0.63942997868916
"September",57,92,"Hydrologic_Group","Site",349.228121997568,350.667089135933,-1.43896713836511,2.56103286163489,0.277893750492844
"September",58,92,"Tillage_Passes","Agricultural",381.240008952831,382.326490141676,-1.08648118884526,0.913518811154745,0.33918249526488
"September",58,92,"PerennialFrac","Agricultural",380.330758939843,382.326490141676,-1.99573120183305,0.00426879816694736,0.947906447595052
"September",58,92,"MeanSlope_per","Site",380.331848489322,382.326490141676,-1.99464165235378,0.00535834764622223,0.941646381286969
"September",58,92,"Hydrologic_Group","Site",381.23195292443,382.326490141676,-1.09453721724623,2.90546278275377,0.23393045904119
"September",59,92,"Tillage_Passes","Agricultural",368.114440896091,370.04506149991,-1.93062060381965,0.0693793961803522,0.792242530263694
"September",59,92,"PerennialFrac","Agricultural",368.068209157949,370.04506149991,-1.97685234196103,0.0231476580389653,0.87907372065073
"September",59,92,"MeanSlope_per","Site",368.051002477727,370.04506149991,-1.99405902218297,0.0059409778170334,0.938561702179174
"September",59,92,"Hydrologic_Group","Site",370.827432898324,370.04506149991,0.782371398413659,4.78237139841366,0.0915211030188492
"September",60,92,"Tillage_Passes","Agricultural",372.465255525024,373.577280239652,-1.11202471462849,0.88797528537151,0.346026576717955
"September",60,92,"PerennialFrac","Agricultural",371.99056104952,373.577280239652,-1.58671919013193,0.41328080986807,0.520308975458674
"September",60,92,"MeanSlope_per","Site",371.615956444732,373.577280239652,-1.96132379492053,0.0386762050794687,0.844091525941744
"September",60,92,"Hydrologic_Group","Site",371.2014378198,373.577280239652,-2.3758424198524,1.6241575801476,0.443934260222675
"September",61,92,"Tillage_Passes","Agricultural",373.600183508518,375.59208809881,-1.99190459029154,0.00809540970846001,0.928307482833297
"September",61,92,"PerennialFrac","Agricultural",376.059131143063,375.59208809881,0.467043044252989,2.46704304425299,0.116256450962143
"September",61,92,"MeanSlope_per","Site",373.730959012597,375.59208809881,-1.86112908621283,0.138870913787173,0.709406066662711
"September",61,92,"Hydrologic_Group","Site",378.724025760784,375.59208809881,3.1319376619744,7.1319376619744,0.0282695837637666
"September",62,92,"Tillage_Passes","Agricultural",369.763061461848,371.536733863387,-1.77367240153944,0.226327598460557,0.634260330863411
"September",62,92,"PerennialFrac","Agricultural",370.894177297067,371.536733863387,-0.642556566320479,1.35744343367952,0.243981048682981
"September",62,92,"MeanSlope_per","Site",369.675511823644,371.536733863387,-1.86122203974332,0.138777960256675,0.70949892003004
"September",62,92,"Hydrologic_Group","Site",376.73240386702,371.536733863387,5.19567000363242,9.19567000363242,0.0100736215253428
"September",62,92,"Tile","Site",374.551685171289,371.536733863387,3.01495130790113,5.01495130790113,0.0251293360707943
"September",63,92,"Tillage_Passes","Agricultural",371.660261954534,373.178234176521,-1.51797222198644,0.48202777801356,0.487505249412026
"September",63,92,"PerennialFrac","Agricultural",371.210232901854,373.178234176521,-1.9680012746669,0.0319987253330964,0.85803045459988
"September",63,92,"MeanSlope_per","Site",373.104244386044,373.178234176521,-0.073989790476503,1.9260102095235,0.165195609790176
"September",63,92,"Hydrologic_Group","Site",376.341856831865,373.178234176521,3.16362265534423,7.16362265534423,0.0278252519328202
"September",64,92,"Tillage_Passes","Agricultural",367.753064629007,369.715345315273,-1.96228068626584,0.0377193137341578,0.846007845571718
"September",64,92,"PerennialFrac","Agricultural",368.16073907731,369.715345315273,-1.55460623796347,0.445393762036531,0.504530539187075
"September",64,92,"MeanSlope_per","Site",368.102970324746,369.715345315273,-1.61237499052703,0.38762500947297,0.53355044675642
"September",64,92,"Hydrologic_Group","Site",369.991673332107,369.715345315273,0.276328016833531,4.27632801683353,0.11787105474401
"September",65,92,"Tillage_Passes","Agricultural",363.270528828629,365.229897293442,-1.95936846481231,0.0406315351876856,0.840250824650109
"September",65,92,"PerennialFrac","Agricultural",364.523848196095,365.229897293442,-0.706049097346579,1.29395090265342,0.255321124303448
"September",65,92,"MeanSlope_per","Site",363.386278484181,365.229897293442,-1.8436188092611,0.156381190738898,0.692510359468438
"September",65,92,"Hydrologic_Group","Site",369.372208086399,365.229897293442,4.14231079295701,8.14231079295701,0.0170576687472058
"September",65,92,"Tile","Site",367.467435797845,365.229897293442,2.23753850440329,4.23753850440329,0.0395394535195887
"September",66,92,"Tillage_Passes","Agricultural",363.138817418471,365.131335988113,-1.99251856964196,0.00748143035804105,0.931072722290311
"September",66,92,"PerennialFrac","Agricultural",363.149527285376,365.131335988113,-1.9818087027374,0.0181912972626037,0.892710613290475
"September",66,92,"MeanSlope_per","Site",364.272771043533,365.131335988113,-0.858564944579712,1.14143505542029,0.285349297211319
"September",66,92,"Hydrologic_Group","Site",367.300707353589,365.131335988113,2.16937136547597,6.16937136547597,0.0457444098984595
"September",67,92,"Tillage_Passes","Agricultural",363.986358980799,365.873719302158,-1.88736032135915,0.112639678640846,0.737158682572653
"September",67,92,"PerennialFrac","Agricultural",363.879667076273,365.873719302158,-1.99405222588524,0.00594777411475889,0.938526640029467
"September",67,92,"MeanSlope_per","Site",364.19648085546,365.873719302158,-1.67723844669757,0.322761553302428,0.569952759835529
"September",67,92,"Hydrologic_Group","Site",369.189816557029,365.873719302158,3.31609725487135,7.31609725487135,0.0257827754704257
"September",68,92,"Tillage_Passes","Agricultural",381.287600339507,383.285640082685,-1.99803974317803,0.00196025682197387,0.964685368497847
"September",68,92,"PerennialFrac","Agricultural",381.290323099868,383.285640082685,-1.99531698281714,0.00468301718285602,0.945441292304776
"September",68,92,"MeanSlope_per","Site",381.285800458326,383.285640082685,-1.99983962435863,0.000160375641371502,0.989895899521459
"September",68,92,"Hydrologic_Group","Site",382.110498436058,383.285640082685,-1.17514164662629,2.82485835337371,0.243550935731304
"September",69,92,"Tillage_Passes","Agricultural",347.651710435378,349.425678079493,-1.77396764411463,0.226032355885366,0.634481511773946
"September",69,92,"PerennialFrac","Agricultural",347.460210549203,349.425678079493,-1.9654675302898,0.0345324697102001,0.852578751192831
"September",69,92,"MeanSlope_per","Site",347.698015988479,349.425678079493,-1.72766209101337,0.272337908986628,0.601767777478674
"September",69,92,"Hydrologic_Group","Site",351.16902279957,349.425678079493,1.74334472007752,5.74334472007752,0.0566041848040553
"September",70,92,"Tillage_Passes","Agricultural",344.909928728562,346.518264238499,-1.60833550993675,0.391664490063249,0.531425770296851
"September",70,92,"PerennialFrac","Agricultural",345.226957067794,346.518264238499,-1.29130717070439,0.708692829295615,0.399878102707607
"September",70,92,"MeanSlope_per","Site",344.712685491028,346.518264238499,-1.8055787474712,0.194421252528798,0.659262042568959
"September",70,92,"Hydrologic_Group","Site",347.578148694988,346.518264238499,1.05988445648961,5.05988445648961,0.0796636224602535
"September",71,92,"Tillage_Passes","Agricultural",358.543921845558,360.222404649817,-1.67848280425943,0.321517195740569,0.570697289366403
"September",71,92,"PerennialFrac","Agricultural",358.281326749116,360.222404649817,-1.94107790070126,0.0589220992987407,0.808207789193344
"September",71,92,"MeanSlope_per","Site",359.411522867547,360.222404649817,-0.810881782270485,1.18911821772951,0.275507494389041
"September",71,92,"Hydrologic_Group","Site",358.937455475209,360.222404649817,-1.28494917460847,2.71505082539153,0.257296692944012
"September",72,92,"Tillage_Passes","Agricultural",360.43926943515,362.437463876598,-1.99819444144873,0.0018055585512684,0.966106597058848
"September",72,92,"PerennialFrac","Agricultural",360.441369184797,362.437463876598,-1.99609469180115,0.00390530819885271,0.950170662163438
"September",72,92,"MeanSlope_per","Site",360.711388474453,362.437463876598,-1.72607540214528,0.273924597854716,0.600711186261139
"September",72,92,"Hydrologic_Group","Site",365.77963200984,362.437463876598,3.3421681332419,7.3421681332419,0.0254488667205635
"September",73,92,"Tillage_Passes","Agricultural",355.314281205891,357.298084866363,-1.98380366047229,0.0161963395277098,0.898730787515306
"September",73,92,"PerennialFrac","Agricultural",355.329420025869,357.298084866363,-1.9686648404944,0.031335159505602,0.859494723067843
"September",73,92,"MeanSlope_per","Site",357.070471493812,357.298084866363,-0.227613372551048,1.77238662744895,0.183086990695352
"September",73,92,"Hydrologic_Group","Site",358.270648151448,357.298084866363,0.97256328508513,4.97256328508513,0.083218829342905
"September",74,92,"Tillage_Passes","Agricultural",375.319914705714,376.577910801443,-1.25799609572914,0.742003904270859,0.389019711356825
"September",74,92,"PerennialFrac","Agricultural",374.825693104307,376.577910801443,-1.7522176971363,0.247782302863698,0.618640973127675
"September",74,92,"MeanSlope_per","Site",374.826335112363,376.577910801443,-1.75157568908014,0.248424310919859,0.618186760267394
"September",74,92,"Hydrologic_Group","Site",378.178388773663,376.577910801443,1.60047797221944,5.60047797221944,0.060795531601345
"September",75,92,"Tillage_Passes","Agricultural",366.511948405203,368.400444622713,-1.88849621751052,0.111503782489478,0.738438553257975
"September",75,92,"PerennialFrac","Agricultural",366.64143556251,368.400444622713,-1.75900906020274,0.240990939797257,0.623491320220092
"September",75,92,"MeanSlope_per","Site",366.783921104441,368.400444622713,-1.61652351827246,0.383476481727541,0.535748529635623
"September",75,92,"Hydrologic_Group","Site",368.718782612376,368.400444622713,0.318337989662382,4.31833798966238,0.115420996640782
"September",76,92,"Tillage_Passes","Agricultural",374.76685922777,374.678354086526,0.0885051412438997,2.0885051412439,0.148411227728444
"September",76,92,"PerennialFrac","Agricultural",372.682385662413,374.678354086526,-1.99596842411364,0.0040315758863585,0.949372586049377
"September",76,92,"MeanSlope_per","Site",373.508983710951,374.678354086526,-1.16937037557568,0.830629624424319,0.362090529718984
"September",76,92,"Hydrologic_Group","Site",377.015482797022,374.678354086526,2.33712871049585,6.33712871049585,0.0420639434553667
"September",77,92,"Tillage_Passes","Agricultural",383.694322700539,385.454769537645,-1.76044683710552,0.239553162894481,0.624529030455593
"September",77,92,"PerennialFrac","Agricultural",383.663341757815,385.454769537645,-1.79142777982958,0.208572220170424,0.647888792078769
"September",77,92,"MeanSlope_per","Site",383.952575845642,385.454769537645,-1.50219369200289,0.497806307997109,0.480465600496027
"September",77,92,"Hydrologic_Group","Site",386.894325576279,385.454769537645,1.43955603863395,5.43955603863395,0.0658893789725079
"September",78,92,"Tillage_Passes","Agricultural",362.945239447806,363.92169815498,-0.976458707173606,1.02354129282639,0.311680474815336
"September",78,92,"PerennialFrac","Agricultural",361.974374929886,363.92169815498,-1.94732322509412,0.0526767749058763,0.818469273475891
"September",78,92,"MeanSlope_per","Site",362.98624395188,363.92169815498,-0.935454203100051,1.06454579689995,0.302180679147784
"September",78,92,"Hydrologic_Group","Site",366.592071034164,363.92169815498,2.67037287918373,6.67037287918373,0.0356079468613922
"September",79,92,"Tillage_Passes","Agricultural",318.467402831786,318.879066451693,-0.41166361990679,1.58833638009321,0.20756397978961
"September",79,92,"PerennialFrac","Agricultural",316.888141907322,318.879066451693,-1.99092454437022,0.00907545562978385,0.924104194542243
"September",79,92,"MeanSlope_per","Site",316.897366817013,318.879066451693,-1.98169963467961,0.0183003653203855,0.892391412265728
"September",79,92,"Hydrologic_Group","Site",318.27935797135,318.879066451693,-0.599708480342713,3.40029151965729,0.182656898074119
"September",80,92,"Tillage_Passes","Agricultural",359.66497824514,361.471926943598,-1.80694869845803,0.193051301541971,0.660389087155147
"September",80,92,"PerennialFrac","Agricultural",359.56601222337,361.471926943598,-1.90591472022834,0.0940852797716616,0.759046427659396
"September",80,92,"MeanSlope_per","Site",360.060551428282,361.471926943598,-1.41137551531659,0.588624484683407,0.442951515410448
"September",80,92,"Hydrologic_Group","Site",360.248127436803,361.471926943598,-1.2237995067951,2.7762004932049,0.249548936036877
"September",81,92,"Tillage_Passes","Agricultural",337.346246669991,339.067251368537,-1.72100469854587,0.278995301454131,0.597360489027373
"September",81,92,"PerennialFrac","Agricultural",337.548935668881,339.067251368537,-1.51831569965611,0.481684300343886,0.487660386709106
"September",81,92,"MeanSlope_per","Site",337.539831530844,339.067251368537,-1.52741983769249,0.472580162307509,0.491802561895033
"September",81,92,"Hydrologic_Group","Site",340.557972020925,339.067251368537,1.49072065238795,5.49072065238795,0.0642251547690915
"September",82,92,"Tillage_Passes","Agricultural",374.075618083794,375.9268608517,-1.8512427679064,0.148757232093601,0.699725831892707
"September",82,92,"PerennialFrac","Agricultural",374.065612995167,375.9268608517,-1.861247856533,0.138752143467002,0.709524715283743
"September",82,92,"MeanSlope_per","Site",374.152742408324,375.9268608517,-1.77411844337644,0.225881556623563,0.634594551345
"September",82,92,"Hydrologic_Group","Site",377.088422362882,375.9268608517,1.16156151118139,5.16156151118139,0.0757148661346978
"September",83,92,"Tillage_Passes","Agricultural",349.834342348322,349.488843486244,0.345498862077875,2.34549886207787,0.125645333320954
"September",83,92,"PerennialFrac","Agricultural",347.488846127041,349.488843486244,-1.99999735920341,2.64079659473282e-06,0.998703396033046
"September",83,92,"MeanSlope_per","Site",348.743401343593,349.488843486244,-0.745442142651541,1.25455785734846,0.262683733384413
"September",83,92,"Hydrologic_Group","Site",350.733168446251,349.488843486244,1.24432496000645,5.24432496000645,0.0726455981944906
"September",84,92,"Tillage_Passes","Agricultural",373.07385954675,374.858887915187,-1.78502836843739,0.214971631562605,0.642898286532763
"September",84,92,"PerennialFrac","Agricultural",372.866819823218,374.858887915187,-1.99206809196954,0.00793190803045718,0.929033225056169
"September",84,92,"MeanSlope_per","Site",373.372496959009,374.858887915187,-1.48639095617841,0.513609043821589,0.473580688423915
"September",84,92,"Hydrologic_Group","Site",372.339400481034,374.858887915187,-2.51948743415346,1.48051256584654,0.476991655039338
"September",85,92,"Tillage_Passes","Agricultural",366.688367708837,367.945545907985,-1.25717819914848,0.742821800851516,0.388758451404908
"September",85,92,"PerennialFrac","Agricultural",366.82847365794,367.945545907985,-1.11707225004568,0.88292774995432,0.347401044328185
"September",85,92,"MeanSlope_per","Site",366.720843601528,367.945545907985,-1.22470230645757,0.775297693542427,0.378583141516132
"September",85,92,"Hydrologic_Group","Site",369.538405503098,367.945545907985,1.59285959511266,5.59285959511266,0.0610275548740623
"September",86,92,"Tillage_Passes","Agricultural",357.69345125429,359.525033193984,-1.83158193969342,0.168418060306578,0.681521571232021
"September",86,92,"PerennialFrac","Agricultural",358.246604717221,359.525033193984,-1.27842847676283,0.721571523237174,0.395628904395016
"September",86,92,"MeanSlope_per","Site",360.256013474932,359.525033193984,0.730980280948188,2.73098028094819,0.0984188591552147
"September",86,92,"Hydrologic_Group","Site",362.882721981669,359.525033193984,3.35768878768511,7.35768878768511,0.0252521395084483
"September",87,92,"Tillage_Passes","Agricultural",378.539515805893,380.389351582086,-1.84983577619295,0.150164223807053,0.698378469548244
"September",87,92,"PerennialFrac","Agricultural",378.614743566539,380.389351582086,-1.77460801554724,0.225391984452756,0.634961855231307
"September",87,92,"MeanSlope_per","Site",379.468348837938,380.389351582086,-0.921002744147984,1.07899725585202,0.298921985024047
"September",87,92,"Hydrologic_Group","Site",381.445059505954,380.389351582086,1.0557079238676,5.0557079238676,0.0798301551410247
"September",88,92,"Tillage_Passes","Agricultural",352.639698910204,353.899761287069,-1.2600623768646,0.739937623135404,0.38968086037958
"September",88,92,"PerennialFrac","Agricultural",351.912669542235,353.899761287069,-1.98709174483378,0.0129082551662236,0.909543390506171
"September",88,92,"MeanSlope_per","Site",352.074432465193,353.899761287069,-1.82532882187621,0.174671178123788,0.675993317582877
"September",88,92,"Hydrologic_Group","Site",353.761565922674,353.899761287069,-0.138195364394392,3.86180463560561,0.145017287750512
"September",89,92,"Tillage_Passes","Agricultural",367.03292532471,369.032292910827,-1.99936758611642,0.000632413883579375,0.97993704100409
"September",89,92,"PerennialFrac","Agricultural",367.147690344992,369.032292910827,-1.88460256583517,0.115397434164834,0.734080971670571
"September",89,92,"MeanSlope_per","Site",367.279603397325,369.032292910827,-1.75268951350216,0.247310486497838,0.618975245748205
"September",89,92,"Hydrologic_Group","Site",368.109976031492,369.032292910827,-0.922316879335256,3.07768312066474,0.214629592902262
"September",90,92,"Tillage_Passes","Agricultural",355.185074780243,357.098278401556,-1.91320362131307,0.0867963786869268,0.768290102086742
"September",90,92,"PerennialFrac","Agricultural",355.291042701932,357.098278401556,-1.80723569962413,0.19276430037587,0.660625804166741
"September",90,92,"MeanSlope_per","Site",355.099287624552,357.098278401556,-1.99899077700411,0.00100922299589001,0.974656850515438
"September",90,92,"Hydrologic_Group","Site",356.644669324431,357.098278401556,-0.453609077125122,3.54639092287488,0.169789565035384
"September",91,92,"Tillage_Passes","Agricultural",374.982352819152,376.97436653463,-1.99201371547827,0.00798628452173489,0.928791031988286
"September",91,92,"PerennialFrac","Agricultural",375.053361759925,376.97436653463,-1.92100477470558,0.0789952252944204,0.778663695839329
"September",91,92,"MeanSlope_per","Site",375.079200659266,376.97436653463,-1.89516587536474,0.104834124635261,0.74610385503455
"September",91,92,"Hydrologic_Group","Site",378.216492478638,376.97436653463,1.24212594400768,5.24212594400768,0.0727255165382034
"September",92,92,"Tillage_Passes","Agricultural",374.833805318265,376.609261138079,-1.7754558198136,0.224544180186399,0.635599082330874
"September",92,92,"PerennialFrac","Agricultural",374.617170404628,376.609261138079,-1.99209073345077,0.00790926654923396,0.929134316962595
"September",92,92,"MeanSlope_per","Site",374.689129462468,376.609261138079,-1.92013167561095,0.0798683243890537,0.777475932792251
"September",92,92,"Hydrologic_Group","Site",377.022657105509,376.609261138079,0.413395967430404,4.4133959674304,0.110063480552337
"September",93,92,"Tillage_Passes","Agricultural",346.584691167738,347.933834386865,-1.34914321912657,0.650856780873426,0.419806524526635
"September",93,92,"PerennialFrac","Agricultural",347.534007919876,347.933834386865,-0.39982646698877,1.60017353301123,0.205878620310402
"September",93,92,"MeanSlope_per","Site",346.713353896638,347.933834386865,-1.22048049022698,0.779519509773024,0.3772881310582
"September",93,92,"Hydrologic_Group","Site",348.807648786831,347.933834386865,0.873814399966193,4.87381439996619,0.0874308398396733
"September",94,92,"Tillage_Passes","Agricultural",374.041435382829,375.335362664951,-1.29392728212173,0.706072717878271,0.400750665466187
"September",94,92,"PerennialFrac","Agricultural",373.572180781353,375.335362664951,-1.76318188359716,0.236818116402844,0.626513743595194
"September",94,92,"MeanSlope_per","Site",374.064527089816,375.335362664951,-1.27083557513487,0.729164424865132,0.393154165048168
"September",94,92,"Hydrologic_Group","Site",374.744519189732,375.335362664951,-0.590843475218492,3.40915652478151,0.181849062594468
"September",95,92,"Tillage_Passes","Agricultural",362.034723774071,363.777789569553,-1.74306579548193,0.256934204518075,0.612234264267674
"September",95,92,"PerennialFrac","Agricultural",362.271520819649,363.777789569553,-1.50626874990445,0.49373125009555,0.482267583686924
"September",95,92,"MeanSlope_per","Site",362.186493797659,363.777789569553,-1.59129577189395,0.408704228106046,0.522627921696833
"September",95,92,"Hydrologic_Group","Site",370.74874853472,363.777789569553,6.97095896516663,10.9709589651666,0.00414654640577172
"September",95,92,"Tile","Site",369.151916415253,363.777789569553,5.37412684570029,7.37412684570029,0.00661689103479262
"September",96,92,"Tillage_Passes","Agricultural",369.295750436164,370.91228044891,-1.61653001274635,0.383469987253648,0.535751983588102
"September",96,92,"PerennialFrac","Agricultural",370.339591447355,370.91228044891,-0.572689001555204,1.4273109984448,0.232203786719576
"September",96,92,"MeanSlope_per","Site",374.6014769293,370.91228044891,3.68919648038974,5.68919648038974,0.0170696687955366
"September",96,92,"Hydrologic_Group","Site",376.140508489311,370.91228044891,5.22822804040084,9.22822804040084,0.00991096042899569
"September",97,92,"Tillage_Passes","Agricultural",393.303126685164,393.974641800889,-0.671515115725242,1.32848488427476,0.249074937371303
"September",97,92,"PerennialFrac","Agricultural",392.534822072906,393.974641800889,-1.43981972798304,0.560180272016964,0.454187617357698
"September",97,92,"MeanSlope_per","Site",393.688237803269,393.974641800889,-0.28640399762071,1.71359600237929,0.19051947152739
"September",97,92,"Hydrologic_Group","Site",394.437080976741,393.974641800889,0.462439175852012,4.46243917585201,0.107397369696808
"September",98,92,"Tillage_Passes","Agricultural",375.671802515872,376.86364902602,-1.19184651014854,0.808153489851463,0.368666735694711
"September",98,92,"PerennialFrac","Agricultural",374.872321109898,376.86364902602,-1.99132791612163,0.00867208387836627,0.925805031833932
"September",98,92,"MeanSlope_per","Site",375.333170848059,376.86364902602,-1.53047817796113,0.469521822038871,0.493207235035757
"September",98,92,"Hydrologic_Group","Site",376.617003380731,376.86364902602,-0.246645645288766,3.75335435471123,0.153097978934557
"September",99,92,"Tillage_Passes","Agricultural",356.287953077747,356.516179939726,-0.228226861979294,1.77177313802071,0.18316279140114
"September",99,92,"PerennialFrac","Agricultural",356.846307821249,356.516179939726,0.330127881523026,2.33012788152303,0.126891452459523
"September",99,92,"MeanSlope_per","Site",354.535811208076,356.516179939726,-1.98036873165029,0.0196312683497126,0.888571793268208
"September",99,92,"Hydrologic_Group","Site",353.44452497519,356.516179939726,-3.07165496453672,0.928345035463281,0.628655090961152
"September",100,92,"Tillage_Passes","Agricultural",372.029802710346,373.452251195743,-1.42244848539661,0.577551514603385,0.447273652542176
"September",100,92,"PerennialFrac","Agricultural",371.661576289146,373.452251195743,-1.79067490659691,0.209325093403095,0.647296903840886
"September",100,92,"MeanSlope_per","Site",372.886325025501,373.452251195743,-0.565926170241653,1.43407382975835,0.231100736278784
"September",100,92,"Hydrologic_Group","Site",376.497304250249,373.452251195743,3.04505305450584,7.04505305450584,0.0295247457803864
"September",101,92,"Tillage_Passes","Agricultural",382.239726832746,383.138440320223,-0.898713487477494,1.10128651252251,0.293983941873918
"September",101,92,"PerennialFrac","Agricultural",381.159050664639,383.138440320223,-1.97938965558393,0.0206103444160703,0.885845533661133
"September",101,92,"MeanSlope_per","Site",381.594524810414,383.138440320223,-1.54391550980972,0.456084490190278,0.499459599888085
"September",101,92,"Hydrologic_Group","Site",383.205153442224,383.138440320223,0.0667131220006922,4.06671312200069,0.1308954244791
"September",102,92,"Tillage_Passes","Agricultural",351.503276186855,353.497649848714,-1.99437366185913,0.00562633814087121,0.940207614429969
"September",102,92,"PerennialFrac","Agricultural",351.541584102437,353.497649848714,-1.95606574627709,0.0439342537229095,0.833975981183484
"September",102,92,"MeanSlope_per","Site",351.953023327491,353.497649848714,-1.54462652122328,0.455373478776721,0.499794159157081
"September",102,92,"Hydrologic_Group","Site",353.877797612593,353.497649848714,0.380147763878142,4.38014776387814,0.11190848029637
"September",103,92,"Tillage_Passes","Agricultural",361.501897732418,363.320626561508,-1.8187288290892,0.181271170910804,0.67028308467069
"September",103,92,"PerennialFrac","Agricultural",361.536513513763,363.320626561508,-1.78411304774494,0.215886952255062,0.642191885416363
"September",103,92,"MeanSlope_per","Site",361.359693191468,363.320626561508,-1.96093337003998,0.0390666299600184,0.843316719991962
"September",103,92,"Hydrologic_Group","Site",362.567091583452,363.320626561508,-0.753534978055313,3.24646502194469,0.197260022188584
"September",104,92,"Tillage_Passes","Agricultural",364.955384860195,365.982227619607,-1.0268427594122,0.973157240587796,0.323894032493435
"September",104,92,"PerennialFrac","Agricultural",365.521442136963,365.982227619607,-0.460785482644155,1.53921451735584,0.21473476054605
"September",104,92,"MeanSlope_per","Site",364.077128136918,365.982227619607,-1.90509948268891,0.0949005173110891,0.758037228559616
"September",104,92,"Hydrologic_Group","Site",365.278013912183,365.982227619607,-0.704213707423719,3.29578629257628,0.192454956221787
"September",105,92,"Tillage_Passes","Agricultural",378.523256782923,379.949758274831,-1.42650149190769,0.573498508092314,0.448872041989053
"September",105,92,"PerennialFrac","Agricultural",378.195098283917,379.949758274831,-1.75465999091409,0.245340009085908,0.620375604284767
"September",105,92,"MeanSlope_per","Site",378.486483530782,379.949758274831,-1.46327474404933,0.536725255950671,0.463793064190293
"September",105,92,"Hydrologic_Group","Site",382.431208585579,379.949758274831,2.48145031074756,6.48145031074756,0.0391355054846826
"September",106,92,"Tillage_Passes","Agricultural",365.907772111578,367.884121134453,-1.9763490228753,0.0236509771247029,0.877776310921293
"September",106,92,"PerennialFrac","Agricultural",366.030614937791,367.884121134453,-1.85350619666235,0.146493803337648,0.701908779095405
"September",106,92,"MeanSlope_per","Site",366.146837211419,367.884121134453,-1.73728392303457,0.262716076965432,0.608260283960489
"September",106,92,"Hydrologic_Group","Site",369.753497678473,367.884121134453,1.86937654402021,5.86937654402021,0.0531472842204693
"September",107,92,"Tillage_Passes","Agricultural",350.771788657479,352.771514260793,-1.9997256033144,0.000274396685597367,0.986783707828566
"September",107,92,"PerennialFrac","Agricultural",350.79873537103,352.771514260793,-1.97277888976379,0.0272211102362121,0.868953260036567
"September",107,92,"MeanSlope_per","Site",350.771623938204,352.771514260793,-1.99989032258969,0.00010967741030754,0.991644148434325
"September",107,92,"Hydrologic_Group","Site",353.345097798562,352.771514260793,0.573583537768286,4.57358353776829,0.101591869780602
"September",108,92,"Tillage_Passes","Agricultural",360.274352305523,362.050667717536,-1.77631541201299,0.223684587987009,0.636246675230752
"September",108,92,"PerennialFrac","Agricultural",360.903372318658,362.050667717536,-1.1472953988777,0.852704601122298,0.355788343539365
"September",108,92,"MeanSlope_per","Site",360.197442865052,362.050667717536,-1.85322485248349,0.146775147516507,0.701636390614188
"September",108,92,"Hydrologic_Group","Site",362.48308281932,362.050667717536,0.432415101784613,4.43241510178461,0.109021785375601
"September",109,92,"Tillage_Passes","Agricultural",373.785349129638,375.71983838704,-1.93448925740125,0.0655107425987467,0.797988932702331
"September",109,92,"PerennialFrac","Agricultural",373.747417226032,375.71983838704,-1.97242116100722,0.0275788389927811,0.868102824565713
"September",109,92,"MeanSlope_per","Site",373.739383587854,375.71983838704,-1.98045479918562,0.0195452008143775,0.888814732983693
"September",109,92,"Hydrologic_Group","Site",375.211374583404,375.71983838704,-0.508463803635721,3.49153619636428,0.174510895973151
"September",110,92,"Tillage_Passes","Agricultural",369.743481857586,370.761923474989,-1.01844161740286,0.981558382597143,0.321814369227439
"September",110,92,"PerennialFrac","Agricultural",369.224476892657,370.761923474989,-1.5374465823316,0.462553417668403,0.49643304170867
"September",110,92,"MeanSlope_per","Site",368.826810549182,370.761923474989,-1.93511292580666,0.0648870741933365,0.798932096628433
"September",110,92,"Hydrologic_Group","Site",371.181879897517,370.761923474989,0.419956422528685,4.41995642252868,0.109703038779984
"September",111,92,"Tillage_Passes","Agricultural",355.918558575957,356.697684621442,-0.779126045485327,1.22087395451467,0.269189206271523
"September",111,92,"PerennialFrac","Agricultural",355.22217473833,356.697684621442,-1.47550988311224,0.524490116887762,0.468932585351175
"September",111,92,"MeanSlope_per","Site",355.307101512587,356.697684621442,-1.39058310885468,0.609416891145315,0.435007445425733
"September",111,92,"Hydrologic_Group","Site",357.998672428461,356.697684621442,1.30098780701866,5.30098780701866,0.0706163267942945
"September",112,92,"Tillage_Passes","Agricultural",347.822974517968,349.198809058662,-1.37583454069426,0.624165459305743,0.429503573959283
"September",112,92,"PerennialFrac","Agricultural",347.41990634507,349.198809058662,-1.77890271359223,0.221097286407769,0.638205110122849
"September",112,92,"MeanSlope_per","Site",347.22355131545,349.198809058662,-1.97525774321213,0.0247422567878743,0.875011008486909
"September",112,92,"Hydrologic_Group","Site",348.220426881006,349.198809058662,-0.978382177656442,3.02161782234356,0.220731353665583
"September",113,92,"Tillage_Passes","Agricultural",388.154672465942,390.134586745835,-1.97991427989336,0.0200857201066356,0.887297939193114
"September",113,92,"PerennialFrac","Agricultural",388.184496554088,390.134586745835,-1.95009019174688,0.0499098082531191,0.823220288444371
"September",113,92,"MeanSlope_per","Site",390.331894424759,390.134586745835,0.197307678923607,2.19730767892361,0.138252020697251
"September",113,92,"Hydrologic_Group","Site",389.319235840896,390.134586745835,-0.815350904938896,3.1846490950611,0.203452127488564
"September",114,92,"Tillage_Passes","Agricultural",366.786892324098,366.982567227437,-0.195674903338386,1.80432509666161,0.179190490032358
"September",114,92,"PerennialFrac","Agricultural",365.173316795827,366.982567227437,-1.8092504316092,0.1907495683908,0.662293489183381
"September",114,92,"MeanSlope_per","Site",364.983011563794,366.982567227437,-1.99955566364298,0.000444336357020347,0.983182407489805
"September",114,92,"Hydrologic_Group","Site",367.041488107486,366.982567227437,0.0589208800494703,4.05892088004947,0.131406403659999
"September",115,92,"Tillage_Passes","Agricultural",372.466782275501,372.38909253986,0.0776897356406039,2.0776897356406,0.149466247567157
"September",115,92,"PerennialFrac","Agricultural",370.607398079638,372.38909253986,-1.78169446022275,0.218305539777248,0.640334056061383
"September",115,92,"MeanSlope_per","Site",370.770787423562,372.38909253986,-1.61830511629825,0.381694883701755,0.53669755624603
"September",115,92,"Hydrologic_Group","Site",376.002693509102,372.38909253986,3.61360096924193,7.61360096924193,0.0222191558815601
"September",115,92,"Tile","Site",374.656685690007,372.38909253986,2.26759315014692,4.26759315014692,0.0388459160871287
"September",116,92,"Tillage_Passes","Agricultural",380.136487252703,382.056679653678,-1.92019240097528,0.0798075990247185,0.77755831603637
"September",116,92,"PerennialFrac","Agricultural",380.056770699116,382.056679653678,-1.99990895456216,9.10454378413306e-05,0.992386881919153
"September",116,92,"MeanSlope_per","Site",380.358691913049,382.056679653678,-1.69798774062895,0.302012259371054,0.58262365637405
"September",116,92,"Hydrologic_Group","Site",382.371115043666,382.056679653678,0.314435389987466,4.31443538998747,0.115646437492583
"September",117,92,"Tillage_Passes","Agricultural",369.302002273675,369.166657404089,0.135344869585822,2.13534486958582,0.143938087633748
"September",117,92,"PerennialFrac","Agricultural",367.179903465771,369.166657404089,-1.98675393831729,0.0132460616827075,0.908372568534787
"September",117,92,"MeanSlope_per","Site",367.167949764966,369.166657404089,-1.99870763912298,0.00129236087701656,0.971322688977849
"September",117,92,"Hydrologic_Group","Site",366.466074566214,369.166657404089,-2.70058283787455,1.29941716212545,0.52219793295601
"September",118,92,"Tillage_Passes","Agricultural",296.045743162376,296.750090789458,-0.704347627082143,1.29565237291786,0.255008897442403
"September",118,92,"PerennialFrac","Agricultural",298.424896595552,296.750090789458,1.67480580609367,3.67480580609367,0.0552406884091671
"September",118,92,"MeanSlope_per","Site",294.762103296684,296.750090789458,-1.98798749277353,0.0120125072264727,0.912725354337481
"September",118,92,"Hydrologic_Group","Site",296.775129804299,296.750090789458,0.0250390148408428,4.02503901484084,0.133651514126324
"September",119,92,"Tillage_Passes","Agricultural",349.610124178412,351.055069543128,-1.44494536471655,0.555054635283454,0.456259696361589
"September",119,92,"PerennialFrac","Agricultural",349.060139981104,351.055069543128,-1.99492956202391,0.00507043797608731,0.943233004068273
"September",119,92,"MeanSlope_per","Site",349.107523892984,351.055069543128,-1.9475456501446,0.0524543498553953,0.818846262660486
"September",119,92,"Hydrologic_Group","Site",351.20586362697,351.055069543128,0.15079408384139,4.15079408384139,0.125506586223261
"September",120,92,"Tillage_Passes","Agricultural",338.404502677099,339.489839380006,-1.08533670290723,0.914663297092773,0.338880128894086
"September",120,92,"PerennialFrac","Agricultural",340.903768307668,339.489839380006,1.41392892766203,3.41392892766203,0.0646483533652406
"September",120,92,"MeanSlope_per","Site",337.76634020701,339.489839380006,-1.72349917299562,0.276500827004384,0.599003924682896
"September",120,92,"Hydrologic_Group","Site",338.901731786066,339.489839380006,-0.588107593940151,3.41189240605985,0.181600473937578
"September",121,92,"Tillage_Passes","Agricultural",398.841187942577,400.838181656233,-1.9969937136562,0.00300628634380473,0.956274208975469
"September",121,92,"PerennialFrac","Agricultural",398.964574020785,400.838181656233,-1.87360763544797,0.126392364552032,0.722202282797469
"September",121,92,"MeanSlope_per","Site",398.841591460998,400.838181656233,-1.99659019523557,0.00340980476443065,0.953435165437569
"September",121,92,"Hydrologic_Group","Site",400.835277836016,400.838181656233,-0.00290382021745472,3.99709617978255,0.135531920617769
"September",122,92,"Tillage_Passes","Agricultural",363.590916327288,365.340286663007,-1.7493703357186,0.250629664281405,0.616632060077765
"September",122,92,"PerennialFrac","Agricultural",363.565580334063,365.340286663007,-1.77470632894375,0.225293671056249,0.635035674259896
"September",122,92,"MeanSlope_per","Site",363.762937134466,365.340286663007,-1.5773495285402,0.422650471459804,0.515617464737405
"September",122,92,"Hydrologic_Group","Site",369.137320182183,365.340286663007,3.79703351917686,7.79703351917686,0.020271957344005
"September",122,92,"Tile","Site",368.641222723128,365.340286663007,3.30093606012156,5.30093606012156,0.0213139672561715
"September",123,92,"Tillage_Passes","Agricultural",377.083754160285,378.835540229747,-1.75178606946184,0.248213930538157,0.618335521039323
"September",123,92,"PerennialFrac","Agricultural",376.849410756258,378.835540229747,-1.98612947348812,0.0138705265118801,0.906247365460243
"September",123,92,"MeanSlope_per","Site",376.843549177573,378.835540229747,-1.99199105217338,0.00800894782662454,0.928690335000877
"September",123,92,"Hydrologic_Group","Site",383.948924308027,378.835540229747,5.11338407828049,9.11338407828049,0.0104967243291829
"September",123,92,"Tile","Site",380.953715091074,378.835540229747,2.1181748613273,4.1181748613273,0.0424248247572169
"September",124,92,"Tillage_Passes","Agricultural",377.801099127179,379.80104764748,-1.99994852030045,5.14796995503275e-05,0.994275278850919
"September",124,92,"PerennialFrac","Agricultural",377.849225062129,379.80104764748,-1.95182258535044,0.0481774146495582,0.826265610545116
"September",124,92,"MeanSlope_per","Site",378.956020647458,379.80104764748,-0.845027000021616,1.15497299997838,0.282510541065682
"September",124,92,"Hydrologic_Group","Site",381.805929846513,379.80104764748,2.00488219903275,6.00488219903275,0.049665681398464
"September",125,92,"Tillage_Passes","Agricultural",374.086256051602,375.402913893372,-1.31665784176965,0.683342158230346,0.408438234249114
"September",125,92,"PerennialFrac","Agricultural",373.582665511915,375.402913893372,-1.82024838145605,0.179751618543946,0.671586782561363
"September",125,92,"MeanSlope_per","Site",373.488994917602,375.402913893372,-1.91391897576943,0.0860810242305661,0.769219728159533
"September",125,92,"Hydrologic_Group","Site",376.641433455727,375.402913893372,1.23851956235518,5.23851956235518,0.0728567728269624
"September",126,92,"Tillage_Passes","Agricultural",381.233893385586,383.013296268592,-1.7794028830063,0.220597116993702,0.63858532137593
"September",126,92,"PerennialFrac","Agricultural",381.167537685393,383.013296268592,-1.8457585831988,0.154241416801199,0.694514618591654
"September",126,92,"MeanSlope_per","Site",381.246213169387,383.013296268592,-1.76708309920565,0.232916900794351,0.629369374784591
"September",126,92,"Hydrologic_Group","Site",382.543215456567,383.013296268592,-0.470080812025401,3.5299191879746,0.171193703600155
"September",127,92,"Tillage_Passes","Agricultural",377.063806790419,379.008811421212,-1.94500463079248,0.0549953692075178,0.814588360556916
"September",127,92,"PerennialFrac","Agricultural",377.091629381911,379.008811421212,-1.91718203930031,0.0828179606996855,0.773514306736754
"September",127,92,"MeanSlope_per","Site",377.021103716096,379.008811421212,-1.98770770511561,0.0122922948843893,0.91171894197155
"September",127,92,"Hydrologic_Group","Site",377.704308851371,379.008811421212,-1.30450256984068,2.69549743015932,0.259824541780307
"September",128,92,"Tillage_Passes","Agricultural",357.24551436043,358.870084981186,-1.62457062075646,0.375429379243542,0.540059563423787
"September",128,92,"PerennialFrac","Agricultural",356.968509818777,358.870084981186,-1.90157516240879,0.0984248375912102,0.7537281416514
"September",128,92,"MeanSlope_per","Site",356.890422987835,358.870084981186,-1.97966199335116,0.0203380066488421,0.886597106801413
"September",128,92,"Hydrologic_Group","Site",358.698473944023,358.870084981186,-0.171611037163416,3.82838896283658,0.147460566985135
"September",129,92,"Tillage_Passes","Agricultural",382.863273025376,384.600454501946,-1.7371814765699,0.262818523430099,0.608190370275971
"September",129,92,"PerennialFrac","Agricultural",382.743611981661,384.600454501946,-1.8568425202846,0.143157479715398,0.705162010573614
"September",129,92,"MeanSlope_per","Site",382.615499236682,384.600454501946,-1.98495526526386,0.0150447347361364,0.902378731555426
"September",129,92,"Hydrologic_Group","Site",385.36682727655,384.600454501946,0.766372774604861,4.76637277460486,0.0922561448626728
"September",130,92,"Tillage_Passes","Agricultural",370.226587945649,372.216337282991,-1.98974933734189,0.0102506626581089,0.919355533838622
"September",130,92,"PerennialFrac","Agricultural",370.775374604471,372.216337282991,-1.44096267851984,0.559037321480162,0.454648380586363
"September",130,92,"MeanSlope_per","Site",372.885200617001,372.216337282991,0.668863334010439,2.66886333401044,0.102329082581591
"September",130,92,"Hydrologic_Group","Site",376.438602050886,372.216337282991,4.22226476789558,8.22226476789558,0.016389205141621
"September",131,92,"Tillage_Passes","Agricultural",349.639677592149,351.474275943287,-1.8345983511374,0.165401648862598,0.684231267473087
"September",131,92,"PerennialFrac","Agricultural",349.944939667575,351.474275943287,-1.52933627571178,0.470663724288215,0.492681982727906
"September",131,92,"MeanSlope_per","Site",349.481309893949,351.474275943287,-1.99296604933818,0.00703395066182111,0.93316086440157
"September",131,92,"Hydrologic_Group","Site",350.580115126829,351.474275943287,-0.894160816457372,3.10583918354263,0.21162920011174
"September",132,92,"Tillage_Passes","Agricultural",359.239410211839,361.197098349083,-1.95768813724442,0.0423118627555823,0.837026449598946
"September",132,92,"PerennialFrac","Agricultural",359.201362288881,361.197098349083,-1.99573606020243,0.00426393979756767,0.947936058043005
"September",132,92,"MeanSlope_per","Site",359.294588122915,361.197098349083,-1.90251022616803,0.0974897738319669,0.754863055872326
"September",132,92,"Hydrologic_Group","Site",364.735654689245,361.197098349083,3.53855634016139,7.53855634016139,0.0230687089631587
"September",133,92,"Tillage_Passes","Agricultural",377.707310136039,379.570267741583,-1.86295760554464,0.137042394455364,0.711239157588218
"September",133,92,"PerennialFrac","Agricultural",377.597956620424,379.570267741583,-1.97231112115975,0.0276888788402516,0.867842365858528
"September",133,92,"MeanSlope_per","Site",377.673057404309,379.570267741583,-1.89721033727483,0.102789662725172,0.748507269738339
"September",133,92,"Hydrologic_Group","Site",379.576870652469,379.570267741583,0.00660291088541953,4.00660291088542,0.134889216568957
"September",134,92,"Tillage_Passes","Agricultural",373.611377226686,373.472216049907,0.139161176779623,2.13916117677962,0.143580380999107
"September",134,92,"PerennialFrac","Agricultural",371.991195879872,373.472216049907,-1.4810201700343,0.518979829965701,0.471277182173352
"September",134,92,"MeanSlope_per","Site",371.474314225962,373.472216049907,-1.99790182394486,0.00209817605514218,0.963464994681118
"September",134,92,"Hydrologic_Group","Site",372.347328821732,373.472216049907,-1.124887228175,2.875112771825,0.237507426644912
"September",135,92,"Tillage_Passes","Agricultural",381.028634203415,382.970469297883,-1.94183509446776,0.0581649055322373,0.809420249548335
"September",135,92,"PerennialFrac","Agricultural",382.505944849495,382.970469297883,-0.464524448387635,1.53547555161236,0.215292518626025
"September",135,92,"MeanSlope_per","Site",382.118847919195,382.970469297883,-0.851621378687639,1.14837862131236,0.28388881830274
"September",135,92,"Hydrologic_Group","Site",388.969060751268,382.970469297883,5.99859145338542,9.99859145338542,0.00674269402670908
"September",136,92,"Tillage_Passes","Agricultural",363.997379378925,364.728365182944,-0.73098580401944,1.26901419598056,0.259951697540404
"September",136,92,"PerennialFrac","Agricultural",364.853934396033,364.728365182944,0.125569213089307,2.12556921308931,0.144858956654843
"September",136,92,"MeanSlope_per","Site",363.379344611619,364.728365182944,-1.34902057132524,0.650979428674759,0.419762725789595
"September",136,92,"Hydrologic_Group","Site",364.979830265216,364.728365182944,0.251465082272489,4.25146508227249,0.119345510741469
"September",137,92,"Tillage_Passes","Agricultural",375.501986992813,377.329915834874,-1.82792884206134,0.17207115793866,0.678277625857098
"September",137,92,"PerennialFrac","Agricultural",376.943852212233,377.329915834874,-0.386063622640961,1.61393637735904,0.203939350355246
"September",137,92,"MeanSlope_per","Site",376.630279560155,377.329915834874,-0.699636274719523,1.30036372528048,0.254146795692228
"September",137,92,"Hydrologic_Group","Site",383.007864660107,377.329915834874,5.67794882523248,9.67794882523248,0.00791516758632974
"September",138,92,"Tillage_Passes","Agricultural",351.678049337806,353.284081633012,-1.60603229520621,0.393967704793795,0.530221146223362
"September",138,92,"PerennialFrac","Agricultural",351.70320002197,353.284081633012,-1.58088161104172,0.419118388958282,0.517377279119142
"September",138,92,"MeanSlope_per","Site",351.296613268227,353.284081633012,-1.98746836478517,0.0125316352148275,0.910867185298375
"September",138,92,"Hydrologic_Group","Site",352.487822767351,353.284081633012,-0.7962588656614,3.2037411343386,0.201519209996493
"September",139,92,"Tillage_Passes","Agricultural",368.960856544025,370.955363701557,-1.99450715753125,0.00549284246875459,0.940919903798829
"September",139,92,"PerennialFrac","Agricultural",369.297228102381,370.955363701557,-1.65813559917558,0.34186440082442,0.558755026318524
"September",139,92,"MeanSlope_per","Site",369.745569221292,370.955363701557,-1.20979448026486,0.790205519735139,0.37403798808454
"September",139,92,"Hydrologic_Group","Site",374.802215944886,370.955363701557,3.84685224332975,7.84685224332975,0.0197732330573915
"September",139,92,"Tile","Site",375.2708780521,370.955363701557,4.31551435054297,6.31551435054297,0.0119686021138379
"September",140,92,"Tillage_Passes","Agricultural",395.131364218756,397.034412991231,-1.90304877247456,0.0969512275254374,0.755519417936547
"September",140,92,"PerennialFrac","Agricultural",395.056742140191,397.034412991231,-1.97767085104005,0.0223291489599546,0.881214805401504
"September",140,92,"MeanSlope_per","Site",395.086539939835,397.034412991231,-1.94787305139539,0.0521269486046094,0.819402710119968
"September",140,92,"Hydrologic_Group","Site",397.835770879422,397.034412991231,0.801357888191603,4.8013578881916,0.0906563817748168
"September",141,92,"Tillage_Passes","Agricultural",370.877376672213,370.933164392049,-0.0557877198365873,1.94421228016341,0.163211900286497
"September",141,92,"PerennialFrac","Agricultural",371.190322012338,370.933164392049,0.25715762028841,2.25715762028841,0.132997971497425
"September",141,92,"MeanSlope_per","Site",368.936688516673,370.933164392049,-1.99647587537589,0.00352412462410712,0.952661917110282
"September",142,92,"Tillage_Passes","Agricultural",360.186785913736,361.580972595951,-1.39418668221509,0.605813317784907,0.436368538859565
"September",142,92,"PerennialFrac","Agricultural",359.650017010917,361.580972595951,-1.93095558503404,0.0690444149659584,0.792733224858348
"September",142,92,"MeanSlope_per","Site",359.892065675113,361.580972595951,-1.68890692083806,0.311093079161935,0.577010201670122
"September",142,92,"Hydrologic_Group","Site",361.971719467425,361.580972595951,0.390746871473823,4.39074687147382,0.111316984002181
"September",143,92,"Tillage_Passes","Agricultural",366.332551435414,368.115965861943,-1.78341442652851,0.216585573471491,0.641653946914264
"September",143,92,"PerennialFrac","Agricultural",366.120898727444,368.115965861943,-1.99506713449904,0.00493286550096173,0.944007125516017
"September",143,92,"MeanSlope_per","Site",366.504160861017,368.115965861943,-1.61180500092541,0.388194999074585,0.533249715921706
"September",143,92,"Hydrologic_Group","Site",369.621588589998,368.115965861943,1.5056227280549,5.5056227280549,0.0637483891162575
"September",144,92,"Tillage_Passes","Agricultural",365.69378459477,367.690482787967,-1.99669819319718,0.0033018068028241,0.954177693036393
"September",144,92,"PerennialFrac","Agricultural",365.749008012276,367.690482787967,-1.94147477569032,0.0585252243096761,0.808842252040528
"September",144,92,"MeanSlope_per","Site",365.718301972166,367.690482787967,-1.97218081580053,0.0278191841994726,0.867534626603259
"September",144,92,"Hydrologic_Group","Site",366.8404908394,367.690482787967,-0.849991948566355,3.15000805143364,0.207006719329043
"September",145,92,"Tillage_Passes","Agricultural",376.448176887586,378.132137031508,-1.68396014392243,0.316039856077566,0.573997322702111
"September",145,92,"PerennialFrac","Agricultural",376.252933787735,378.132137031508,-1.87920324377325,0.120796756226753,0.728171944695563
"September",145,92,"MeanSlope_per","Site",376.218245698191,378.132137031508,-1.91389133331728,0.0861086666827191,0.769183728134705
"September",145,92,"Hydrologic_Group","Site",377.890452518083,378.132137031508,-0.241684513425355,3.75831548657465,0.152718679936378
"September",146,92,"Tillage_Passes","Agricultural",355.919214858935,357.907361409025,-1.98814655008954,0.0118534499104612,0.913302785878271
"September",146,92,"PerennialFrac","Agricultural",355.946973920951,357.907361409025,-1.96038748807399,0.0396125119260091,0.842240120409216
"September",146,92,"MeanSlope_per","Site",355.996304056118,357.907361409025,-1.91105735290654,0.0889426470934609,0.765525688877585
"September",146,92,"Hydrologic_Group","Site",356.863323138234,357.907361409025,-1.0440382707913,2.9559617292087,0.228097784039211
"September",147,92,"Tillage_Passes","Agricultural",390.848656595382,392.844857093918,-1.99620049853604,0.00379950146395913,0.950849445456711
"September",147,92,"PerennialFrac","Agricultural",390.850150020683,392.844857093918,-1.99470707323491,0.00529292676509385,0.942003067459718
"September",147,92,"MeanSlope_per","Site",390.94318587613,392.844857093918,-1.90167121778774,0.0983287822122634,0.753844453283209
"September",147,92,"Hydrologic_Group","Site",394.466531023513,392.844857093918,1.62167392959515,5.62167392959515,0.0601546240143229
"September",148,92,"Tillage_Passes","Agricultural",354.214489284427,355.69675249014,-1.48226320571314,0.517736794286861,0.471808701011407
"September",148,92,"PerennialFrac","Agricultural",353.967629055945,355.69675249014,-1.72912343419512,0.270876565804883,0.602744369846203
"September",148,92,"MeanSlope_per","Site",353.709965190899,355.69675249014,-1.98678729924052,0.0132127007594818,0.908487517674231
"September",149,92,"Tillage_Passes","Agricultural",364.174836220939,366.134200638778,-1.95936441783937,0.0406355821606326,0.840242976370406
"September",149,92,"PerennialFrac","Agricultural",364.161979015359,366.134200638778,-1.9722216234195,0.0277783765804998,0.867630921229385
"September",149,92,"MeanSlope_per","Site",364.484568925205,366.134200638778,-1.64963171357311,0.350368286426885,0.553904726074713
"September",149,92,"Hydrologic_Group","Site",363.939118381606,366.134200638778,-2.19508225717237,1.80491774282763,0.40557118528975
"September",150,92,"Tillage_Passes","Agricultural",365.179521332044,367.14953953628,-1.97001820423566,0.0299817957643427,0.862531542052637
"September",150,92,"PerennialFrac","Agricultural",365.661822801465,367.14953953628,-1.48771673481485,0.512283265185147,0.474152115060245
"September",150,92,"MeanSlope_per","Site",365.180249069697,367.14953953628,-1.96929046658295,0.0307095334170526,0.860889988431277
"September",150,92,"Hydrologic_Group","Site",365.960151650021,367.14953953628,-1.18938788625826,2.81061211374174,0.245291971670107
"September",151,92,"Tillage_Passes","Agricultural",363.452043363766,364.258883930865,-0.806840567098675,1.19315943290133,0.274693186401384
"September",151,92,"PerennialFrac","Agricultural",364.564328155033,364.258883930865,0.3054442241679,2.3054442241679,0.128921418300368
"September",151,92,"MeanSlope_per","Site",363.030677910433,364.258883930865,-1.22820602043163,0.771793979568372,0.379662641942031
"September",151,92,"Hydrologic_Group","Site",368.572570883692,364.258883930865,4.31368695282686,8.31368695282686,0.0156569013806147
"September",152,92,"Tillage_Passes","Agricultural",355.490528209929,357.454156689075,-1.96362847914645,0.0363715208535496,0.848750304211768
"September",152,92,"PerennialFrac","Agricultural",355.61383272608,357.454156689075,-1.84032396299534,0.159676037004658,0.689454956830358
"September",152,92,"MeanSlope_per","Site",355.483150293862,357.454156689075,-1.97100639521312,0.0289936047868764,0.864793803908986
"September",152,92,"Hydrologic_Group","Site",357.881693005998,357.454156689075,0.427536316922442,4.42753631692244,0.109288056932039
"September",153,92,"Tillage_Passes","Agricultural",356.244766817237,357.914762559421,-1.66999574218408,0.330004257815915,0.565656580928622
"September",153,92,"PerennialFrac","Agricultural",356.020710912369,357.914762559421,-1.89405164705249,0.105948352947507,0.744804887750021
"September",153,92,"MeanSlope_per","Site",355.943937416488,357.914762559421,-1.97082514293317,0.0291748570668346,0.864375925695935
"September",153,92,"Hydrologic_Group","Site",359.46119265459,357.914762559421,1.5464300951694,5.5464300951694,0.0624608669222411
"September",154,92,"Tillage_Passes","Agricultural",377.94942968336,379.442651065324,-1.49322138196345,0.506778618036549,0.476536702716338
"September",154,92,"PerennialFrac","Agricultural",377.451859868125,379.442651065324,-1.99079119719846,0.00920880280153824,0.923550349957094
"September",154,92,"MeanSlope_per","Site",377.506403261236,379.442651065324,-1.93624780408715,0.0637521959128549,0.800660818575097
"September",154,92,"Hydrologic_Group","Site",378.625327909962,379.442651065324,-0.817323155362033,3.18267684463797,0.203652855716144
"September",155,92,"Tillage_Passes","Agricultural",378.906224903631,380.454226428748,-1.5480015251174,0.4519984748826,0.501387435243619
"September",155,92,"PerennialFrac","Agricultural",378.457865998812,380.454226428748,-1.9963604299362,0.00363957006379678,0.951893725327898
"September",155,92,"MeanSlope_per","Site",379.888572921928,380.454226428748,-0.565653506819899,1.4343464931801,0.231056396270436
"September",155,92,"Hydrologic_Group","Site",381.152800066433,380.454226428748,0.698573637685513,4.69857363768551,0.0954372019644734
"September",156,92,"Tillage_Passes","Agricultural",372.378546417433,373.469590861756,-1.09104444432228,0.908955555677721,0.340391692468406
"September",156,92,"PerennialFrac","Agricultural",372.062754357627,373.469590861756,-1.40683650412871,0.593163495871295,0.441198415198079
"September",156,92,"MeanSlope_per","Site",371.56941412283,373.469590861756,-1.90017673892584,0.0998232610741638,0.752041830813548
"September",156,92,"Hydrologic_Group","Site",373.338581358569,373.469590861756,-0.131009503186476,3.86899049681352,0.144497185604215
"September",157,92,"Tillage_Passes","Agricultural",364.974941544481,366.805501156494,-1.83055961201273,0.169440387987265,0.680609632135975
"September",157,92,"PerennialFrac","Agricultural",365.574544811866,366.805501156494,-1.23095634462788,0.769043655372116,0.380513067864745
"September",157,92,"MeanSlope_per","Site",367.242718068967,366.805501156494,0.437216912473502,2.4372169124735,0.118486278683427
"September",157,92,"Hydrologic_Group","Site",370.371747384802,366.805501156494,3.56624622830844,7.56624622830844,0.0227515247431474
"September",157,92,"Tile","Site",371.110552385724,366.805501156494,4.30505122923029,6.30505122923029,0.0120394435092994
"September",158,92,"Tillage_Passes","Agricultural",372.71333045049,373.891730656246,-1.17840020575585,0.82159979424415,0.364712838472515
"September",158,92,"PerennialFrac","Agricultural",372.656911995516,373.891730656246,-1.23481866072984,0.765181339270157,0.381711883991812
"September",158,92,"MeanSlope_per","Site",372.186153933944,373.891730656246,-1.70557672230188,0.294423277698115,0.587399833710335
"September",158,92,"Hydrologic_Group","Site",377.095907924004,373.891730656246,3.20417726775793,7.20417726775793,0.0272667127518053
"September",159,92,"Tillage_Passes","Agricultural",350.088360980397,351.718970000758,-1.63060902036102,0.369390979638979,0.543336423673615
"September",159,92,"PerennialFrac","Agricultural",349.723275945292,351.718970000758,-1.99569405546561,0.00430594453439426,0.947680607578848
"September",159,92,"MeanSlope_per","Site",350.718419695075,351.718970000758,-1.00055030568279,0.999449694317207,0.317443702376536
"September",159,92,"Hydrologic_Group","Site",354.195764975461,351.718970000758,2.4767949747029,6.4767949747029,0.0392267060504801
"September",159,92,"Tile","Site",352.870190391091,351.718970000758,1.15122039033281,3.15122039033281,0.0758702000022933
"September",160,92,"Tillage_Passes","Agricultural",361.716929515049,363.68544396843,-1.96851445338075,0.0314855466192512,0.859161477849066
"September",160,92,"PerennialFrac","Agricultural",361.844770337593,363.68544396843,-1.84067363083659,0.159326369163409,0.689777470853701
"September",160,92,"MeanSlope_per","Site",361.737365244393,363.68544396843,-1.94807872403629,0.0519212759637071,0.819753209761755
"September",160,92,"Hydrologic_Group","Site",363.598182643025,363.68544396843,-0.0872613254048247,3.91273867459518,0.141370759838311
"September",161,92,"Tillage_Passes","Agricultural",345.082390239164,347.071177740541,-1.9887875013776,0.0112124986223989,0.91567035316123
"September",161,92,"PerennialFrac","Agricultural",345.112692839978,347.071177740541,-1.95848490056335,0.0415150994366513,0.838546878720717
"September",161,92,"MeanSlope_per","Site",345.292418582169,347.071177740541,-1.77875915837251,0.221240841627491,0.638096081476865
"September",161,92,"Hydrologic_Group","Site",350.463662390125,347.071177740541,3.3924846495832,7.3924846495832,0.0248166042212774
"September",161,92,"Tile","Site",352.935008759715,347.071177740541,5.86383101917369,7.86383101917369,0.00504334212464222
"September",162,92,"Tillage_Passes","Agricultural",366.206702828339,367.537981597885,-1.33127876954586,0.668721230454139,0.413497799816999
"September",162,92,"PerennialFrac","Agricultural",366.57354664711,367.537981597885,-0.964434950775399,1.0355650492246,0.308855172082972
"September",162,92,"MeanSlope_per","Site",365.686817563823,367.537981597885,-1.85116403406175,0.148835965938247,0.699650241908322
"September",162,92,"Hydrologic_Group","Site",367.464547558709,367.537981597885,-0.0734340391759929,3.92656596082401,0.140396743737532
"September",163,92,"Tillage_Passes","Agricultural",358.138181298357,359.92383899342,-1.78565769506315,0.214342304936849,0.643385031694542
"September",163,92,"PerennialFrac","Agricultural",358.028583213635,359.92383899342,-1.89525577978486,0.104744220215139,0.746208997519221
"September",163,92,"MeanSlope_per","Site",358.143826988318,359.92383899342,-1.78001200510209,0.219987994897906,0.639049065808292
"September",163,92,"Hydrologic_Group","Site",358.9435735214,359.92383899342,-0.98026547201971,3.01973452798029,0.220939302614565
"September",164,92,"Tillage_Passes","Agricultural",376.378877981181,378.281679505376,-1.90280152419541,0.0971984758045892,0.755217832383583
"September",164,92,"PerennialFrac","Agricultural",376.395442425662,378.281679505376,-1.88623707971402,0.113762920285978,0.735900111778302
"September",164,92,"MeanSlope_per","Site",376.56987478553,378.281679505376,-1.71180471984638,0.288195280153616,0.591379364937996
"September",164,92,"Hydrologic_Group","Site",378.068361665394,378.281679505376,-0.213317839981528,3.78668216001847,0.150567908091008
"September",165,92,"Tillage_Passes","Agricultural",372.867563908102,373.76467467956,-0.897110771458131,1.10288922854187,0.29363291266662
"September",165,92,"PerennialFrac","Agricultural",372.463207370127,373.76467467956,-1.30146730943363,0.698532690566367,0.403277171117043
"September",165,92,"MeanSlope_per","Site",371.790972307301,373.76467467956,-1.9737023722588,0.0262976277412008,0.871175579725316
"September",165,92,"Hydrologic_Group","Site",372.466044691669,373.76467467956,-1.29862998789105,2.70137001210895,0.25906274030598
"September",166,92,"Tillage_Passes","Agricultural",364.028825754612,365.897520123662,-1.86869436904914,0.131305630950862,0.717082138594905
"September",166,92,"PerennialFrac","Agricultural",363.958823526813,365.897520123662,-1.93869659684884,0.0613034031511575,0.804447593568733
"September",166,92,"MeanSlope_per","Site",364.250543093541,365.897520123662,-1.64697703012064,0.353022969879362,0.552406868310926
"September",166,92,"Hydrologic_Group","Site",366.82691435514,365.897520123662,0.929394231478454,4.92939423147845,0.085034594111782
"September",167,92,"Tillage_Passes","Agricultural",388.338822004082,390.148434160833,-1.8096121567508,0.190387843249198,0.662594014840786
"September",167,92,"PerennialFrac","Agricultural",388.287897967644,390.148434160833,-1.86053619318852,0.139463806811477,0.708814643711477
"September",167,92,"MeanSlope_per","Site",391.576045874566,390.148434160833,1.42761171373309,3.42761171373309,0.0641147563800771
"September",167,92,"Hydrologic_Group","Site",393.035190503779,390.148434160833,2.88675634294623,6.88675634294623,0.0319565480785162
"September",168,92,"Tillage_Passes","Agricultural",398.052200073434,400.043074411381,-1.99087433794688,0.0091256620531226,0.923895188148023
"September",168,92,"PerennialFrac","Agricultural",398.043074555881,400.043074411381,-1.99999985549965,1.44500347687426e-07,0.999696698542666
"September",168,92,"MeanSlope_per","Site",398.683835276897,400.043074411381,-1.3592391344838,0.640760865516199,0.423435410996476
"September",168,92,"Hydrologic_Group","Site",399.364636848578,400.043074411381,-0.67843756280314,3.32156243719686,0.18999049800002
"September",169,92,"Tillage_Passes","Agricultural",354.367071977787,356.351990084646,-1.98491810685891,0.0150818931410868,0.902258854520676
"September",169,92,"PerennialFrac","Agricultural",354.95166324351,356.351990084646,-1.40032684113532,0.599673158864675,0.438702757956009
"September",169,92,"MeanSlope_per","Site",354.406013349316,356.351990084646,-1.94597673532951,0.0540232646704908,0.816204785694991
"September",169,92,"Hydrologic_Group","Site",360.018387571258,356.351990084646,3.66639748661203,7.66639748661203,0.021640283089793
"September",170,92,"Tillage_Passes","Agricultural",366.077302948057,366.828370991412,-0.751068043354962,1.24893195664504,0.26375656584419
"September",170,92,"PerennialFrac","Agricultural",367.555481930107,366.828370991412,0.727110938694977,2.72711093869498,0.098657605776797
"September",170,92,"MeanSlope_per","Site",365.13725849321,366.828370991412,-1.69111249820224,0.308887501797756,0.578363662311412
"September",170,92,"Hydrologic_Group","Site",365.723722501187,366.828370991412,-1.10464849022526,2.89535150977474,0.2351161210185
"September",171,92,"Tillage_Passes","Agricultural",381.322133632621,381.901503431634,-0.579369799012852,1.42063020098715,0.233299702945926
"September",171,92,"PerennialFrac","Agricultural",380.068939085669,381.901503431634,-1.83256434596512,0.167435654034875,0.682400951627248
"September",171,92,"MeanSlope_per","Site",381.232577566004,381.901503431634,-0.668925865630172,1.33107413436983,0.248614218051576
"September",171,92,"Hydrologic_Group","Site",382.469592476588,381.901503431634,0.568089044953467,4.56808904495347,0.101871351406546
"September",172,92,"Tillage_Passes","Agricultural",391.655608444633,392.695889668266,-1.04028122363337,0.959718776366628,0.327257742050363
"September",172,92,"PerennialFrac","Agricultural",390.706896669459,392.695889668266,-1.98899299880708,0.0110070011929224,0.916443846441081
"September",172,92,"MeanSlope_per","Site",392.537960784209,392.695889668266,-0.15792888405656,1.84207111594344,0.174708393687039
"September",172,92,"Hydrologic_Group","Site",391.96917481575,392.695889668266,-0.726714852515499,3.2732851474845,0.194632410504636
"September",173,92,"Tillage_Passes","Agricultural",371.546960840686,372.8340501824,-1.28708934171402,0.712910658285978,0.398479234054351
"September",173,92,"PerennialFrac","Agricultural",370.83654043731,372.8340501824,-1.99750974508981,0.00249025491018529,0.960200121773001
"September",173,92,"MeanSlope_per","Site",371.128740658613,372.8340501824,-1.70530952378738,0.294690476212622,0.587230322930275
"September",173,92,"Hydrologic_Group","Site",372.524299008769,372.8340501824,-0.309751173630673,3.69024882636933,0.158005661679176
"September",174,92,"Tillage_Passes","Agricultural",356.855556579979,358.216356296623,-1.36079971664344,0.639200283356558,0.424000534562238
"September",174,92,"PerennialFrac","Agricultural",357.000246425854,358.216356296623,-1.21610987076849,0.783890129231509,0.375954034225905
"September",174,92,"MeanSlope_per","Site",356.257703826515,358.216356296623,-1.95865247010801,0.0413475298919934,0.838868573735536
"September",175,92,"Tillage_Passes","Agricultural",354.959195157479,355.697903158796,-0.738708001317377,1.26129199868262,0.261406674496755
"September",175,92,"PerennialFrac","Agricultural",354.615786168563,355.697903158796,-1.08211699023343,0.91788300976657,0.338031439389351
"September",175,92,"MeanSlope_per","Site",353.723089666967,355.697903158796,-1.97481349182931,0.025186508170691,0.873903207203767
"September",175,92,"Hydrologic_Group","Site",354.170888263363,355.697903158796,-1.52701489543318,2.47298510456682,0.290401000066167
"September",176,92,"Tillage_Passes","Agricultural",350.432592520817,352.34614899222,-1.91355647140284,0.0864435285971581,0.768748119805596
"September",176,92,"PerennialFrac","Agricultural",350.442006492256,352.34614899222,-1.90414249996377,0.0958575000362316,0.756858597366776
"September",176,92,"MeanSlope_per","Site",351.664621901105,352.34614899222,-0.681527091115015,1.31847290888498,0.250866299767861
"September",176,92,"Hydrologic_Group","Site",353.337766602548,352.34614899222,0.991617610328547,4.99161761032855,0.0824297548117302
"September",177,92,"Tillage_Passes","Agricultural",362.116673415454,363.862995615913,-1.74632220045953,0.253677799540469,0.614497248881385
"September",177,92,"PerennialFrac","Agricultural",361.868452171922,363.862995615913,-1.99454344399152,0.00545655600848249,0.941115016850096
"September",177,92,"MeanSlope_per","Site",361.900829753524,363.862995615913,-1.96216586238972,0.0378341376102753,0.845776571402392
"September",177,92,"Hydrologic_Group","Site",365.250755400033,363.862995615913,1.38775978412002,5.38775978412002,0.0676180789189076
"September",178,92,"Tillage_Passes","Agricultural",377.562925162963,377.398205823831,0.164719339132375,2.16471933913238,0.141210403015666
"September",178,92,"PerennialFrac","Agricultural",376.089190837781,377.398205823831,-1.30901498604942,0.690985013950581,0.405829542925446
"September",178,92,"MeanSlope_per","Site",375.440420041163,377.398205823831,-1.95778578266822,0.0422142173317752,0.837211975421547
"September",178,92,"Hydrologic_Group","Site",375.692453485459,377.398205823831,-1.70575233837167,2.29424766162833,0.317548781219713
"September",179,92,"Tillage_Passes","Agricultural",360.456140610889,362.455770286398,-1.99962967550977,0.000370324490233997,0.984646603205507
"September",179,92,"PerennialFrac","Agricultural",360.490569103066,362.455770286398,-1.96520118333194,0.034798816668058,0.852017856350434
"September",179,92,"MeanSlope_per","Site",360.467562009094,362.455770286398,-1.98820827730441,0.011791722695591,0.913527931565514
"September",179,92,"Hydrologic_Group","Site",363.88851435056,362.455770286398,1.43274406416185,5.43274406416185,0.0661141799736281
"September",180,92,"Tillage_Passes","Agricultural",356.757406196056,357.40615689646,-0.648750700403752,1.35124929959625,0.245059831279328
"September",180,92,"PerennialFrac","Agricultural",355.824455511483,357.40615689646,-1.58170138497678,0.418298615023218,0.517787225404407
"September",180,92,"MeanSlope_per","Site",356.322842684874,357.40615689646,-1.0833142115859,0.9166857884141,0.338346683355934
"September",180,92,"Hydrologic_Group","Site",358.067853750836,357.40615689646,0.661696854375975,4.66169685437598,0.0972132337406603
"September",181,92,"Tillage_Passes","Agricultural",373.4210855309,375.342555972606,-1.92147044170611,0.0785295582938943,0.779300086129668
"September",181,92,"PerennialFrac","Agricultural",374.107101656101,375.342555972606,-1.2354543165053,0.764545683494703,0.381909695751521
"September",181,92,"MeanSlope_per","Site",373.343487820933,375.342555972606,-1.99906815167287,0.000931848327127227,0.975647405842341
"September",181,92,"Hydrologic_Group","Site",377.995966172591,375.342555972606,2.65341019998448,6.65341019998448,0.0359112342749123
"September",182,92,"Tillage_Passes","Agricultural",355.153561664765,356.871481266951,-1.71791960218576,0.282080397814241,0.595340881230606
"September",182,92,"PerennialFrac","Agricultural",354.871507620476,356.871481266951,-1.99997364647453,2.63535254703129e-05,0.995904022948348
"September",182,92,"MeanSlope_per","Site",355.364674607334,356.871481266951,-1.50680665961653,0.493193340383471,0.482506276042858
"September",182,92,"Hydrologic_Group","Site",357.035528287974,356.871481266951,0.164047021022725,4.16404702102272,0.12467767019788
"September",183,92,"Tillage_Passes","Agricultural",375.63711599905,377.184211875781,-1.54709587673068,0.45290412326932,0.500959049226033
"September",183,92,"PerennialFrac","Agricultural",375.38110341896,377.184211875781,-1.80310845682118,0.196891543178822,0.657241689275783
"September",183,92,"MeanSlope_per","Site",375.199952942815,377.184211875781,-1.98425893296547,0.0157410670345257,0.900156691369481
"September",183,92,"Hydrologic_Group","Site",376.859753216005,377.184211875781,-0.324458659776212,3.67554134022379,0.159171877489424
"September",184,92,"Tillage_Passes","Agricultural",377.64219833832,379.615560659262,-1.9733623209421,0.0266376790578988,0.87035267091959
"September",184,92,"PerennialFrac","Agricultural",377.673415173405,379.615560659262,-1.94214548585728,0.0578545141427185,0.809919677839156
"September",184,92,"MeanSlope_per","Site",377.920794582021,379.615560659262,-1.69476607724107,0.30523392275893,0.580619674465265
"September",184,92,"Hydrologic_Group","Site",379.574179243714,379.615560659262,-0.0413814155476757,3.95861858445232,0.13816463574886
"September",185,92,"Tillage_Passes","Agricultural",377.59659186895,379.557600403484,-1.96100853453385,0.0389914654661538,0.843465571701711
"September",185,92,"PerennialFrac","Agricultural",377.576629902544,379.557600403484,-1.98097050094032,0.019029499059684,0.890281948898889
"September",185,92,"MeanSlope_per","Site",377.670704003364,379.557600403484,-1.88689640012029,0.113103599879707,0.736638024762374
"September",185,92,"Hydrologic_Group","Site",378.967160895775,379.557600403484,-0.590439507709505,3.4095604922905,0.181812335747293
"September",186,92,"Tillage_Passes","Agricultural",368.298767501446,369.54421635652,-1.2454488550743,0.754551144925699,0.38503912568726
"September",186,92,"PerennialFrac","Agricultural",367.955864016214,369.54421635652,-1.58835234030562,0.411647659694381,0.521134400902319
"September",186,92,"MeanSlope_per","Site",368.029517204532,369.54421635652,-1.51469915198777,0.48530084801223,0.486031010614711
"September",186,92,"Hydrologic_Group","Site",368.33027844154,369.54421635652,-1.21393791498036,2.78606208501964,0.248321489794713
"September",187,92,"Tillage_Passes","Agricultural",389.351985681319,391.349534947526,-1.99754926620687,0.00245073379312544,0.960516943066312
"September",187,92,"PerennialFrac","Agricultural",389.914928888842,391.349534947526,-1.43460605868398,0.565393941316017,0.452095068850907
"September",187,92,"MeanSlope_per","Site",389.730061709005,391.349534947526,-1.61947323852155,0.38052676147845,0.537321457292015
"September",187,92,"Hydrologic_Group","Site",391.036577812682,391.349534947526,-0.312957134844339,3.68704286515566,0.158259144800604
"September",188,92,"Tillage_Passes","Agricultural",378.042610655669,378.962555540915,-0.919944885246196,1.0800551147538,0.298685226777443
"September",188,92,"PerennialFrac","Agricultural",377.784709848398,378.962555540915,-1.17784569251717,0.822154307482833,0.364551049008978
"September",188,92,"MeanSlope_per","Site",376.966872507899,378.962555540915,-1.99568303301618,0.00431696698382211,0.947613782407357
"September",188,92,"Hydrologic_Group","Site",377.421761881209,378.962555540915,-1.54079365970546,2.45920634029454,0.292408591118689
"September",189,92,"Tillage_Passes","Agricultural",333.769355007053,335.620450400631,-1.85109539357836,0.148904606421638,0.699584360993855
"September",189,92,"PerennialFrac","Agricultural",334.471286225813,335.620450400631,-1.149164174818,0.850835825182003,0.356315994389495
"September",189,92,"MeanSlope_per","Site",333.628742687076,335.620450400631,-1.99170771355529,0.00829228644471414,0.927443332860971
"September",189,92,"Hydrologic_Group","Site",334.781085493068,335.620450400631,-0.839364907563208,3.16063509243679,0.205909701975077
"September",189,92,"Tile","Site",334.640735022376,335.620450400631,-0.979715378255548,1.02028462174445,0.312451505587495
"September",190,92,"Tillage_Passes","Agricultural",370.917908062043,372.7434263946,-1.82551833255741,0.174481667442592,0.676159139599664
"September",190,92,"PerennialFrac","Agricultural",370.979982567228,372.7434263946,-1.76344382737165,0.236556172628354,0.626704568419453
"September",190,92,"MeanSlope_per","Site",370.757132196031,372.7434263946,-1.98629419856945,0.0137058014305467,0.90680317304622
"September",190,92,"Hydrologic_Group","Site",376.476467150342,372.7434263946,3.73304075574174,7.73304075574174,0.0209310750898054
"September",191,92,"Tillage_Passes","Agricultural",358.994513939723,359.6040676811,-0.609553741377511,1.39044625862249,0.238329751699956
"September",191,92,"PerennialFrac","Agricultural",358.093793758714,359.6040676811,-1.51027392238672,0.489726077613284,0.48404952038699
"September",191,92,"MeanSlope_per","Site",357.665678399188,359.6040676811,-1.93838928191207,0.0616107180879339,0.80396801146858
"September",191,92,"Hydrologic_Group","Site",359.197340942534,359.6040676811,-0.406726738565851,3.59327326143415,0.165855785425227
"September",192,92,"Tillage_Passes","Agricultural",355.10727374822,356.943577099245,-1.83630335102498,0.163696648975019,0.685775656960554
"September",192,92,"PerennialFrac","Agricultural",356.173615857687,356.943577099245,-0.769961241558178,1.23003875844182,0.267399500610021
"September",192,92,"MeanSlope_per","Site",355.106848416668,356.943577099245,-1.83672868257713,0.163271317422868,0.686162380019506
"September",192,92,"Hydrologic_Group","Site",358.707100356242,356.943577099245,1.76352325699736,5.76352325699736,0.0560359612875198
"September",193,92,"Tillage_Passes","Agricultural",375.127546683603,375.037049608765,0.0904970748387086,2.09049707483871,0.14821783761594
"September",193,92,"PerennialFrac","Agricultural",373.210072339909,375.037049608765,-1.82697726885561,0.173022731144385,0.677439264976148
"September",193,92,"MeanSlope_per","Site",375.199290784174,375.037049608765,0.162241175409747,2.16224117540975,0.141438263961254
"September",193,92,"Hydrologic_Group","Site",376.381971928166,375.037049608765,1.34492231940089,5.34492231940089,0.0690819940922825
"September",194,92,"Tillage_Passes","Agricultural",342.20649844492,344.199534942181,-1.99303649726073,0.00696350273926782,0.933495637357124
"September",194,92,"PerennialFrac","Agricultural",342.208295368072,344.199534942181,-1.99123957410853,0.00876042589146664,0.925429176179549
"September",194,92,"MeanSlope_per","Site",342.598662952874,344.199534942181,-1.60087198930671,0.399128010693289,0.52753993232478
"September",194,92,"Hydrologic_Group","Site",347.497618071094,344.199534942181,3.29808312891282,7.29808312891282,0.0260160515419181
"September",195,92,"Tillage_Passes","Agricultural",365.557503882198,366.847796596933,-1.29029271473473,0.709707285265267,0.399541003216591
"September",195,92,"PerennialFrac","Agricultural",365.404726065571,366.847796596933,-1.44307053136191,0.556929468638089,0.455500058621903
"September",195,92,"MeanSlope_per","Site",364.914143153291,366.847796596933,-1.93365344364202,0.0663465563579848,0.796732415182775
"September",195,92,"Hydrologic_Group","Site",365.443861846562,366.847796596933,-1.40393475037155,2.59606524962845,0.27306849309304
"September",196,92,"Tillage_Passes","Agricultural",375.832902484987,377.429676165399,-1.59677368041173,0.403226319588271,0.525427737333145
"September",196,92,"PerennialFrac","Agricultural",375.454537111192,377.429676165399,-1.97513905420669,0.0248609457933071,0.874714050225141
"September",196,92,"MeanSlope_per","Site",377.515283291579,377.429676165399,0.0856071261803208,2.08560712618032,0.148693095394083
"September",196,92,"Hydrologic_Group","Site",379.208093745992,377.429676165399,1.7784175805931,5.7784175805931,0.0556202024504812
"September",197,92,"Tillage_Passes","Agricultural",390.167041731754,392.035712095664,-1.86867036390981,0.131329636090186,0.717057390742823
"September",197,92,"PerennialFrac","Agricultural",390.073374473436,392.035712095664,-1.96233762222727,0.0376623777727332,0.846122659440597
"September",197,92,"MeanSlope_per","Site",390.035734689748,392.035712095664,-1.99997740591522,2.25940847826678e-05,0.99620741080766
"September",197,92,"Hydrologic_Group","Site",393.716484050771,392.035712095664,1.68077195510716,5.68077195510716,0.0584031193204147
"September",198,92,"Tillage_Passes","Agricultural",401.348882001981,403.348856014435,-1.99997401245383,2.59875461665615e-05,0.995932563164405
"September",198,92,"PerennialFrac","Agricultural",401.348920791535,403.348856014435,-1.99993522290009,6.47770999080421e-05,0.993578357517171
"September",198,92,"MeanSlope_per","Site",401.572688111203,403.348856014435,-1.77616790323202,0.223832096767978,0.636135438088787
"September",198,92,"Hydrologic_Group","Site",403.011237237275,403.348856014435,-0.337618777159321,3.66238122284068,0.160222691201864
"September",199,92,"Tillage_Passes","Agricultural",347.953274963404,349.8763666232,-1.923091659796,0.0769083402039996,0.781531693643461
"September",199,92,"PerennialFrac","Agricultural",347.991291539489,349.8763666232,-1.88507508371083,0.114924916289169,0.73460537879118
"September",199,92,"MeanSlope_per","Site",347.956507982644,349.8763666232,-1.91985864055624,0.0801413594437577,0.777105936241415
"September",199,92,"Hydrologic_Group","Site",352.091857138934,349.8763666232,2.21549051573339,6.21549051573339,0.0447016324512755
"September",200,92,"Tillage_Passes","Agricultural",383.324186591547,385.000624035546,-1.67643744399976,0.32356255600024,0.569474504063735
"September",200,92,"PerennialFrac","Agricultural",386.962727268043,385.000624035546,1.96210323249619,3.96210323249619,0.0465355251145828
"September",200,92,"MeanSlope_per","Site",383.001180664432,385.000624035546,-1.99944337111481,0.000556628885192367,0.981177268701326
"September",200,92,"Hydrologic_Group","Site",389.534143537489,385.000624035546,4.53351950194292,8.53351950194292,0.0140271610908244
