"Season","Rep","n","Use_Frozen","Use_Hydrologic_Group","Use_Tile","AIC_Storm","AIC_Agricultural","AIC_Site","AIC_Full","AUC_Storm","AUC_Agricultural","AUC_Site","AUC_Full","RMSE_Storm","RMSE_Agricultural","RMSE_Site","RMSE_Full","R2m_Storm","R2m_Agricultural","R2m_Site","R2m_Full","R2c_Storm","R2c_Agricultural","R2c_Site","R2c_Full","REvar_Storm","REvar_Agricultural","REvar_Site","REvar_Full","Singular_Storm","Singular_Agricultural","Singular_Site","Singular_Full"
"June",1,92,FALSE,TRUE,TRUE,395.757805955278,398.586465614534,393.503045318588,396.106350169018,,,,,1.49267910104018,1.4786430113626,1.58972389898345,1.84826646251266,0.0844906343482116,0.101845813989711,0.27079056612062,0.270071277487734,0.550940702730182,0.565521665473675,0.452012411446848,,2.8123640214619,2.83923114911346,0.951326142228954,0,FALSE,FALSE,FALSE,TRUE
"June",2,92,FALSE,TRUE,TRUE,390.86802430568,392.967529533503,387.943052949735,391.035346803813,,,,,1.51149810776936,1.47976014738041,1.61707793097212,1.60091394257879,0.174962910529362,0.186488733761408,0.400085979879906,0.402889547674657,0.575446999946275,0.603976959018928,0.505075713842046,0.513874521147373,2.54249266904019,2.73595355820593,0.608810492039966,0.644492628737904,FALSE,FALSE,FALSE,FALSE
"June",3,92,FALSE,TRUE,TRUE,375.135448265333,377.815132780991,379.070014820329,382.301172736177,,,,,1.44708947495119,1.4251001520191,1.48204336648459,1.45562795553968,0.147803301332936,0.16247259219357,0.202721404968452,0.209664777412001,0.416472197290635,0.440652288892989,0.38082932378456,0.407430950674948,1.12679780290785,1.18630440483796,0.716442623345809,0.809472296066669,FALSE,FALSE,FALSE,FALSE
"June",4,92,FALSE,TRUE,TRUE,369.655606283692,369.087443318221,371.104381636922,373.001812743441,,,,,1.21201805091452,1.18740585709727,1.21514850527949,1.19011380153889,0.0311586256958267,0.103117990474847,0.187340002920058,0.209535659678075,0.606971648240319,0.628865526186488,0.61007841315395,0.63544922990693,2.71529357159111,2.51571474474152,1.98811596755102,2.06351281950565,FALSE,FALSE,FALSE,FALSE
"June",5,92,FALSE,TRUE,TRUE,384.064789505776,387.430730013678,385.881324276198,389.771123832627,,,,,1.59316666075985,1.56257469341317,1.63185552456893,1.64730701125232,0.0830517277342417,0.0943850031624892,0.162858773936017,0.163203535951777,0.285562339645657,0.322886951658203,0.261960305169874,0.249061616739576,0.81444173256774,0.942804584983489,0.387831378812357,0.333796908521435,FALSE,FALSE,FALSE,FALSE
"June",6,92,FALSE,TRUE,TRUE,384.986280486996,388.618147946012,383.881769861714,387.871811790446,,,,,1.51930438802465,1.50836917950936,1.57053786670935,1.56981830598003,0.0786730969005655,0.087253939191643,0.218368721599512,0.218701433549737,0.408065425721493,0.424946848036855,0.355883477130464,0.356775004672745,1.49541115568295,1.55981134140429,0.582132402965789,0.58494071030464,FALSE,FALSE,FALSE,FALSE
"June",7,92,FALSE,TRUE,TRUE,401.393987639428,399.577266552168,395.778593984819,396.921567066572,,,,,1.71376101440742,1.65715384475758,1.77960055488944,1.75233080070895,0.0977797065074193,0.149493762130527,0.250451075835293,0.269444408985123,0.351810419402083,0.392741424656079,0.303861015205035,0.321409813878344,1.31665383278491,1.25981051735487,0.25628676335184,0.248006145970033,FALSE,FALSE,FALSE,FALSE
"June",8,92,FALSE,TRUE,TRUE,399.604709610106,402.990222643226,397.29042754062,396.862556442624,,,,,1.68265193847354,1.7069719914039,1.72499857048562,1.85587812945863,0.0597700577957558,0.0700969905026786,0.194684442243805,0.230244286451721,0.335808066444409,0.307949327704143,0.302285317961802,,1.35564392249851,1.14084404686864,0.499815068501151,0,FALSE,FALSE,FALSE,TRUE
"June",9,92,FALSE,TRUE,TRUE,384.513996725659,383.453019220822,384.084169734436,386.388154036237,,,,,1.47107244430264,1.45954670727031,1.51779916449203,1.48514024708623,0.0499507855555699,0.117765815950721,0.199231627972636,0.21734218501487,0.428538391657897,0.431070239422046,0.386633442766824,0.420367196504984,1.70476001887899,1.38008210071475,0.799145596539526,0.884444976453332,FALSE,FALSE,FALSE,FALSE
"June",10,92,FALSE,TRUE,TRUE,359.713560826658,362.658476990369,357.202623066819,360.582043997846,,,,,1.41019055880954,1.41132940415573,1.41475458202579,1.4103585822507,0.108138834517703,0.115574773888172,0.240485941379719,0.245512010922526,0.303470740548826,0.297115216325113,0.319437818284026,0.323613105359281,0.624731117086587,0.573764190497931,0.248860065632429,0.246109799088422,FALSE,FALSE,FALSE,FALSE
"June",11,92,FALSE,TRUE,TRUE,403.044380913186,406.975225709688,398.568273203333,399.681502862738,,,,,1.74098888181884,1.73919422358936,1.9143292485487,1.88452976865404,0.0418411049663123,0.0429660587836676,0.213423890719365,0.237925306155946,0.30969756773666,0.311965656529923,,,1.33732165204199,1.34521724974653,0,0,FALSE,FALSE,TRUE,TRUE
"June",12,92,FALSE,TRUE,TRUE,377.819738546603,381.211623496429,375.767642734425,378.194226679923,,,,,1.45119541571262,1.43074500450017,1.49805255105017,1.46829402053456,0.047970067210417,0.060000930023558,0.214430693401166,0.234851350689191,0.391993151874753,0.423832787460313,0.35210749802965,0.38601680287359,1.39371331104259,1.52036603204833,0.528788049606196,0.59331538396094,FALSE,FALSE,FALSE,FALSE
"June",13,92,FALSE,TRUE,TRUE,389.244307868105,392.295668382964,387.081872134692,389.164205882388,,,,,1.46871755370411,1.45250980787388,1.55530366315921,1.52765496189577,0.0992211487619335,0.111049036219482,0.204290932959029,0.224207925506641,0.512094502492052,0.529809833407697,0.380888815427943,0.407869342185596,2.20687109451207,2.27847037732003,0.779293102989499,0.821823886605759,FALSE,FALSE,FALSE,FALSE
"June",14,92,FALSE,TRUE,TRUE,384.609009260249,382.469907451426,383.32127363924,380.999881198111,,,,,1.62270294735475,1.61345054110885,1.63122192229993,1.62559639399972,0.059839978013339,0.122751743957257,0.166191692547637,0.221745063527354,0.240141721846233,0.248050140928584,0.247608772168844,0.263530451482927,0.699847369046452,0.475906765267892,0.308875288630409,0.156622239929826,FALSE,FALSE,FALSE,FALSE
"June",15,92,FALSE,TRUE,TRUE,347.05194117932,348.320715090875,340.474072443994,343.785299178033,,,,,1.10756422403293,1.10285381744679,1.14753727734083,1.13264454109542,0.0421899535552448,0.0810451663930216,0.36072770787862,0.365113285676656,0.63247269257484,0.625761579717626,0.581398569538617,0.598333562052281,2.40425905712362,2.15276339692933,0.805993309668545,0.869211547314937,FALSE,FALSE,FALSE,FALSE
"June",16,92,FALSE,TRUE,TRUE,402.632806810635,404.294297114131,401.988485144608,405.232613003211,,,,,1.60268521142423,1.60315542591523,1.60809004443409,1.59630132316151,0.0708055412963858,0.09730927362991,0.221759606731849,0.23257952136125,0.51110921787999,0.496176660994327,0.494256171344118,0.507349466637233,2.74563706218089,2.40042394276435,1.61255560748818,1.64776602921419,FALSE,FALSE,FALSE,FALSE
"June",17,92,FALSE,TRUE,TRUE,387.676749736489,391.418595693021,390.883354278151,394.743325900744,,,,,1.41782636683137,1.41114122965642,1.44844623803608,1.46261333864113,0.0860810098165444,0.0900142268487346,0.163601588679113,0.16509799386337,0.559902967088915,0.568229285420841,0.510752592502534,0.49228190556307,2.64289989486166,2.69730301946811,1.77605337317093,1.63547155967992,FALSE,FALSE,FALSE,FALSE
"June",18,92,FALSE,TRUE,TRUE,394.861251185035,395.674643269111,387.945245921109,389.66001104677,,,,,1.9440398224346,1.89624849365541,1.80693755818253,1.78463462204207,0.163806770167268,0.192988854464798,0.290410648142079,0.307951784368187,0.170715536940376,0.206505955751742,,,0.0317322486718156,0.0621839589951284,0,0,FALSE,FALSE,TRUE,TRUE
"June",19,92,FALSE,TRUE,TRUE,398.256995134063,398.210013041041,392.4653916725,395.140711776477,,,,,1.62967003810589,1.57515799810003,1.64248810950353,1.61435325345156,0.0512841984895428,0.105921457105275,0.272533285911824,0.280760166890756,0.365754011558151,0.425248296865079,0.394602777996696,0.414564934358601,1.54364374435087,1.62729073451474,0.603477800000859,0.66571282167568,FALSE,FALSE,FALSE,FALSE
"June",20,92,FALSE,TRUE,TRUE,390.554212690099,394.101196045142,388.325427297241,388.089871495776,,,,,1.64723570409312,1.64527103177337,1.73940254887331,1.76947047227573,0.151702807293809,0.158883884477531,0.262134487862951,0.299162992433152,0.333091138126558,0.336780812035196,0.295079567879168,,0.838069064023129,0.823811163800878,0.146944608310246,0,FALSE,FALSE,FALSE,TRUE
"June",21,92,FALSE,TRUE,TRUE,382.541263116782,383.439210832811,382.179508452359,385.149132338168,,,,,1.4096686395726,1.39512888968971,1.43534250372006,1.42009084553706,0.0176020976626258,0.0699496511512777,0.175506753730394,0.19384476826741,0.476274398675534,0.490732952571744,0.444410779281203,0.46567550918556,2.10150918752365,1.93604674734624,1.16485650727805,1.2020266300016,FALSE,FALSE,FALSE,FALSE
"June",22,92,FALSE,TRUE,TRUE,379.374898656367,383.350833318797,383.069147655081,386.935041890104,,,,,1.41552190490249,1.41256842186,1.41668172146224,1.40174084259587,0.207690223663989,0.208330714390002,0.251160650307723,0.258007736042735,0.55458087468127,0.558370023400233,0.538729802267698,0.55924189966424,1.86499089021715,1.89211604750771,1.47554784031984,1.59248182085275,FALSE,FALSE,FALSE,FALSE
"June",23,92,FALSE,TRUE,TRUE,374.527265183703,372.600788006465,370.874944301933,372.632270834229,,,,,1.35877481807865,1.30126235269639,1.38679666220431,1.33182152798035,0.0571781760742622,0.141903275460386,0.273308222304997,0.29870425118233,0.512842016038858,0.579323228873449,0.480215462655913,0.544111311525685,2.06464921470833,2.1146390145041,0.877063654356823,1.11156964310109,FALSE,FALSE,FALSE,FALSE
"June",24,92,FALSE,TRUE,TRUE,407.148861724622,409.841623895157,409.078449668841,412.81717805126,,,,,1.90386223695336,1.88796923040575,2.02686005309189,2.00712462007031,0.14594613592539,0.162021809925957,0.177511464512826,0.180511186243078,0.258566657110445,0.274415178894664,,0.187585461119496,0.598693290852876,0.600970284603029,9.85209041503329e-14,0.0353706099541799,FALSE,FALSE,TRUE,FALSE
"June",25,92,FALSE,TRUE,TRUE,381.198956923317,380.477466984073,378.988844481715,376.724857058788,,,,,1.52163724551886,1.49440283049533,1.59593553345894,1.59439147538587,0.0300179228452862,0.0803817079353025,0.168889788569009,0.217576828418863,0.314759273555028,0.335395454759147,0.250160248587195,0.256364888051441,1.10943432029143,0.983398603789176,0.295551172542766,0.138004538637727,FALSE,FALSE,FALSE,FALSE
"June",26,92,FALSE,TRUE,TRUE,368.114638044024,371.528893750181,369.598195891852,372.77508309063,,,,,1.37259375013646,1.34351571874045,1.3857149193362,1.35728495904633,0.0280710638322222,0.0404937108044122,0.140338249000907,0.153779142990251,0.353854167642172,0.398565814638334,0.351264593030545,0.388248980609691,1.1210420637032,1.28145958206712,0.716352428792017,0.818807770122412,FALSE,FALSE,FALSE,FALSE
"June",27,92,FALSE,TRUE,TRUE,396.950513196063,400.886316856883,398.05521862663,401.751930833586,,,,,1.69089124141426,1.68810200914234,1.71136170029008,1.72662309089705,0.0188574413610273,0.0195129819254992,0.135562808819891,0.144649420388409,0.288383907489292,0.291855436981811,0.279236443409854,0.269057765370077,1.22752643078478,1.24331496915414,0.640361557829251,0.552324954697459,FALSE,FALSE,FALSE,FALSE
"June",28,92,FALSE,TRUE,TRUE,389.433386981558,393.173325124886,394.216013811959,398.108129649971,,,,,1.50580740348227,1.5022703516566,1.50953276513369,1.50882362202363,0.0509982423240432,0.0554021590753956,0.0987438976765923,0.100554107465963,0.434319847085809,0.438862658695067,0.423969480320908,0.424901455676145,1.83359157127486,1.84136718744245,1.51820767210681,1.51503496981207,FALSE,FALSE,FALSE,FALSE
"June",29,92,FALSE,TRUE,TRUE,399.262521317711,400.884110009307,392.610974245514,396.545400697267,,,,,1.74033605592745,1.77172249849475,1.85334233139415,1.85268195867671,0.141151788622086,0.160848196248772,0.295823571958772,0.296329178756847,0.330333909745812,0.295026898755088,,,0.962522596743792,0.657727715418739,0,0,FALSE,FALSE,TRUE,TRUE
"June",30,92,FALSE,TRUE,TRUE,375.526194159832,379.25902720638,372.512751865088,376.505972611736,,,,,1.37974803497635,1.38057735063803,1.40977708592605,1.40962303250232,0.0129949334097957,0.0160299902689212,0.255008711151143,0.254641515198045,0.454025673983515,0.451037342116631,0.451244368367824,0.451088825957736,1.83735211954418,1.80279011639595,0.811614277730377,0.81211934256803,FALSE,FALSE,FALSE,FALSE
"June",31,92,FALSE,TRUE,TRUE,384.945997983719,388.0710380902,385.91015522444,388.726319051737,,,,,1.54686025099816,1.54663769365366,1.56707711614516,1.58324807323415,0.0219540496151415,0.0280951400293259,0.149472848509022,0.155379958072624,0.312438197453825,0.307013110235602,0.312429223277142,0.290974239129084,1.16782849013257,1.10915942601033,0.650424243871865,0.529332537025801,FALSE,FALSE,FALSE,FALSE
"June",32,92,FALSE,TRUE,TRUE,385.998470403074,383.345577736913,380.420649809244,380.409773930731,,,,,1.53082287380075,1.50236824689885,1.56595364936459,1.50821075401649,0.0775374770188729,0.150682027705159,0.272854926931359,0.309574340748867,0.393978908399382,0.408662485536312,0.376878026982645,0.428409769804189,1.42557149654551,1.13565505863106,0.447522300132441,0.523066766821,FALSE,FALSE,FALSE,FALSE
"June",33,92,FALSE,TRUE,TRUE,373.587085459192,376.046031458669,374.409815140831,377.0999419835,,,,,1.28330786257432,1.30135267692514,1.30409080593294,1.3357910743185,0.073237538692422,0.074822106932154,0.217296944752782,0.223950047074382,0.591451823006823,0.549138812655038,0.563627026057231,0.514927084378781,2.58137356289184,2.18029841762492,1.62598173999883,1.26814945348962,FALSE,FALSE,FALSE,FALSE
"June",34,92,FALSE,TRUE,TRUE,405.974658886443,408.652781074498,402.438806257094,406.281863647677,,,,,1.7379735303021,1.70828549184529,1.79207096979865,1.77959839303375,0.0261785242453756,0.0460412132636351,0.186439207038837,0.187019854752387,0.297913669252229,0.33177650492581,0.27643909191164,0.284748671403122,1.35289238862793,1.45315308060967,0.432155717254095,0.470454596994699,FALSE,FALSE,FALSE,FALSE
"June",35,92,FALSE,TRUE,TRUE,354.798801042135,357.929053100785,354.809462465576,358.52530527122,,,,,1.12486243613341,1.11546599445474,1.13819694267927,1.13068099110101,0.105926537321627,0.115685071506089,0.202218827263509,0.205407767347208,0.671579237377157,0.68173440700484,0.611861681341773,0.622470276809129,2.70156525250716,2.74633164603727,1.66231333359913,1.72054597185828,FALSE,FALSE,FALSE,FALSE
"June",36,92,FALSE,TRUE,TRUE,383.116745346744,385.331665071448,375.211832240693,379.140447267762,,,,,1.47689178260671,1.4534948907446,1.5108609739455,1.51651702248964,0.0303124063878844,0.0521355001974565,0.347100298332813,0.346462828931468,0.422130752104613,0.449353482961145,0.452393792696411,0.446715916918224,1.73812180352208,1.79682733501149,0.482068043282503,0.456310237388795,FALSE,FALSE,FALSE,FALSE
"June",37,92,FALSE,TRUE,TRUE,379.783119530042,380.068351073253,373.595514906532,377.21713895825,,,,,1.55389173110769,1.47426974642133,1.67137357262435,1.66794010649747,0.0436470397175136,0.0903044299231669,0.21341680910556,0.216673000971311,0.334771252244779,0.456891113796398,,,1.18128811955775,1.66647151102353,0,0,FALSE,FALSE,TRUE,TRUE
"June",38,92,FALSE,TRUE,TRUE,389.761908614793,392.378555564731,391.268721370356,392.862267036974,,,,,1.71935320075619,1.76745007402777,1.72624269280005,1.80450025029324,0.0815126225415137,0.0978494015884043,0.155824621906394,0.178847096422036,0.208212326455795,0.172667999565543,0.220775903312459,0.184151641629348,0.51805735261994,0.30074831915994,0.26349091647311,0.0213050346516021,FALSE,FALSE,FALSE,FALSE
"June",39,92,FALSE,TRUE,TRUE,381.717704523535,383.646541903317,370.601391997379,369.645468653122,,,,,1.48047561059395,1.45764970560557,1.51851718740539,1.48603460417287,0.112679941767894,0.13886035275637,0.336521516578532,0.366246724274705,0.431202265256432,0.456259877154162,0.404992016519884,0.426352035042839,1.44009011424832,1.4586923334562,0.285077247435589,0.247507875753285,FALSE,FALSE,FALSE,FALSE
"June",40,92,FALSE,TRUE,TRUE,371.911994255437,375.056906943282,365.955947032536,368.720573196305,,,,,1.2982609912184,1.29386729253194,1.35280335644936,1.36709497028159,0.04742725864504,0.0598190015571265,0.312820062781389,0.315366131841658,0.561918027541591,0.564970031967727,0.501449780808499,0.478401263433829,2.40771129743257,2.36331642602173,0.793509910851211,0.662111918888043,FALSE,FALSE,FALSE,FALSE
"June",41,92,FALSE,TRUE,TRUE,371.154569615525,370.48842771039,354.074388629472,351.015749355136,,,,,1.29748781579695,1.27431962616992,1.36066591265572,1.44656320467014,0.148406218999163,0.182093479579411,0.438861335333966,0.460566753820391,0.627961811207959,0.628106065062224,0.516884752627254,,2.61255384138467,2.33877331969481,0.326075113279348,0,FALSE,FALSE,FALSE,TRUE
"June",42,92,FALSE,TRUE,TRUE,367.757869727121,370.700041749876,371.928805578996,374.749071311371,,,,,1.20528477051419,1.18004478049032,1.20711543388471,1.18039966049326,0.156435223460773,0.179041684369075,0.221669723301823,0.249677400695519,0.669778901930597,0.70260137768414,0.661021991231328,0.697012908727113,2.82974479272543,3.0885153012289,2.34632874548759,2.57163862848719,FALSE,FALSE,FALSE,FALSE
"June",43,92,FALSE,TRUE,TRUE,405.373665182868,405.605794026962,407.396180629385,409.559976527613,,,,,1.73207300506044,1.66689663072515,1.77212970324925,1.70779094316239,0.0126661230748879,0.0617289993034028,0.104573839896426,0.125416659575044,0.280604731778158,0.349490821501014,0.256778446364913,0.315869258631492,1.29542716340511,1.44114327779788,0.717309324256512,0.92349275694036,FALSE,FALSE,FALSE,FALSE
"June",44,92,FALSE,TRUE,TRUE,414.207024143681,416.493584585337,403.655886071545,406.796712263812,,,,,1.79463838211295,1.76280951147117,1.9679991551929,1.95883115622311,0.0473493129436239,0.0821952637862545,0.27370014543466,0.280504753194559,0.346381702136204,0.387121200841659,,,1.71609470678934,1.80987687461799,0,0,FALSE,FALSE,TRUE,TRUE
"June",45,92,FALSE,TRUE,TRUE,387.403593908418,390.8393878626,386.310232528963,389.807753882413,,,,,1.49424861327865,1.46509477513913,1.56333344781547,1.59243716171933,0.0931333452421961,0.106155914258499,0.246027031884832,0.254167454539341,0.450625619436253,0.490820372200679,0.395854959414146,0.37348548677791,1.72986464423526,1.94780223978837,0.680093448612993,0.533571332971769,FALSE,FALSE,FALSE,FALSE
"June",46,92,FALSE,TRUE,TRUE,376.147054922883,379.083172680966,371.068854722918,372.9512627765,,,,,1.30563112173936,1.31047085701192,1.3371386737135,1.34903124820976,0.155006524858702,0.160084617032015,0.374486652714238,0.395282286279148,0.620434150380298,0.606700603920504,0.594724753184846,0.582269093303445,2.58701642771156,2.40308283392265,1.14400867784532,0.947211980156715,FALSE,FALSE,FALSE,FALSE
"June",47,92,FALSE,TRUE,TRUE,389.147134518035,392.831386470592,388.235140510091,390.152045776251,,,,,1.56324048486999,1.57788647872306,1.57181913457776,1.56863960796659,0.0182271526929662,0.0230399382426353,0.166539064964687,0.181113702027551,0.348552123536941,0.327386191194304,0.34899899337714,0.344915619892631,1.44010250880681,1.30079034798179,0.778006465882581,0.686902074984309,FALSE,FALSE,FALSE,FALSE
"June",48,92,FALSE,TRUE,TRUE,377.953836905864,381.48910297353,366.28440431882,369.343535618671,,,,,1.40724224213121,1.40491681279323,1.52688852699297,1.55814795335748,0.101580588675672,0.106007905120577,0.32603153117167,0.326653742343249,0.470761587773948,0.47168765472938,0.366257935847263,0.345206896949178,1.65347880334947,1.63448938187821,0.155187231537121,0.0704958634741115,FALSE,FALSE,FALSE,FALSE
"June",49,92,FALSE,TRUE,TRUE,392.827496290135,395.687948655411,396.312079569301,399.214816760017,,,,,1.61765304108404,1.60765175030864,1.65397299269358,1.66260967687646,0.0939841025254635,0.107910775789623,0.182775100375285,0.198342864302102,0.367371892056461,0.377113476055461,0.348061990351862,0.342981044302463,1.30351539194311,1.28757161089646,0.776014007988574,0.675557777276981,FALSE,FALSE,FALSE,FALSE
"June",50,92,FALSE,TRUE,TRUE,390.3979220162,393.291440107144,388.780496574803,392.547245425053,,,,,1.6882700866571,1.71819190998548,1.81515862614618,1.81285906314612,0.0292291055121939,0.0513999987398483,0.189338158772192,0.191409097265628,0.213958538467541,0.189165479565029,,,0.744170072531409,0.547669238930043,0,0,FALSE,FALSE,TRUE,TRUE
"June",51,92,FALSE,TRUE,TRUE,399.813275336037,402.691074150185,395.356493207478,399.196584331524,,,,,1.70091580144448,1.69758828497362,1.73896179037546,1.73911103888434,0.0622081607890323,0.078790468352264,0.21235981874362,0.21415542805277,0.330496304763995,0.333580824523797,0.29509854664164,0.2954536066573,1.32371501437319,1.25486326029856,0.380738697411861,0.374078088380022,FALSE,FALSE,FALSE,FALSE
"June",52,92,FALSE,TRUE,TRUE,379.578631245433,382.551086344,375.349729860231,379.335666986036,,,,,1.32871355669801,1.31900712494954,1.37908448046124,1.37579311447452,0.0806561645353048,0.0921570824181403,0.255933213505893,0.256040764779393,0.598142491045225,0.606507042519297,0.505681875601761,0.509495004734298,2.79851091123852,2.80124430915446,1.12461511730295,1.14622717201405,FALSE,FALSE,FALSE,FALSE
"June",53,92,FALSE,TRUE,TRUE,378.109343838968,381.51349238826,380.646727766544,383.60877218751,,,,,1.43200812758773,1.41804858780894,1.46078798139101,1.51114093036348,0.0857211030291969,0.0935886646572109,0.160777242780574,0.175930046821955,0.43445340661134,0.452228686694124,0.39225660578374,0.338420743051542,1.49884402637167,1.5662763171844,0.934955306355083,0.628027408049262,FALSE,FALSE,FALSE,FALSE
"June",54,92,FALSE,TRUE,TRUE,384.784215810391,388.364010750216,384.427827609024,385.955319573632,,,,,1.50433358824077,1.50604462850647,1.56282425693883,1.61590835485583,0.0720615428001408,0.0765390524091676,0.193629631265528,0.223244930282647,0.3858246452804,0.382206586412475,0.335049893520415,0.30007118688367,1.36267200830626,1.32007920411304,0.579283166544587,0.308081595739348,FALSE,FALSE,FALSE,FALSE
"June",55,92,FALSE,TRUE,TRUE,387.263374489081,389.420667442211,388.768921260118,391.971004333594,,,,,1.66671168096942,1.6131436351744,1.68461461469059,1.64522367740678,0.0254904944804269,0.0568267586607036,0.104218527224279,0.115623011793528,0.196095781340391,0.263476266890978,0.189980052076104,0.22821676509455,0.653534734443589,0.822415720470693,0.321458003409234,0.42904972117921,FALSE,FALSE,FALSE,FALSE
"June",56,92,FALSE,TRUE,TRUE,379.885617842548,379.025177626926,376.571197447461,370.996200836699,,,,,1.47500916158395,1.46374136190856,1.50129703520009,1.57298639092817,0.166507725267362,0.233004116115157,0.260454230411384,0.348413042132568,0.44464737575869,0.457666725894555,0.388342454822638,0.365801437343284,1.27472830408719,1.02714557814214,0.524072241135855,0.0694940691316108,FALSE,FALSE,FALSE,FALSE
"June",57,92,FALSE,TRUE,TRUE,385.513152613913,388.622022519929,376.59299286395,379.8232606074,,,,,1.52289301170047,1.50333158662369,1.64744155148151,1.6615065571443,0.0966735225873185,0.11271575015734,0.261579632456754,0.265134088311611,0.419702050742577,0.447272864963012,0.286946302148073,0.279294433930885,1.50236395236286,1.59865689081073,0.0994341624899022,0.0552017753129482,FALSE,FALSE,FALSE,FALSE
"June",58,92,FALSE,TRUE,TRUE,385.121961554868,388.024160862103,384.101294458977,387.135948318419,,,,,1.39809844951778,1.38299578744682,1.4613362976618,1.43810540846115,0.0697042682717549,0.0851683207925683,0.222702554022229,0.228101082900643,0.541533938186886,0.558277678813227,0.465371682651953,0.486377024892061,2.46952386757546,2.5207779939391,1.12949048803938,1.22001918623314,FALSE,FALSE,FALSE,FALSE
"June",59,92,FALSE,TRUE,TRUE,390.359162908896,391.705974614418,389.113111991521,392.429326567832,,,,,1.49464377087433,1.52423357673507,1.57453392925015,1.56678647559952,0.0134044794761141,0.0667765001804592,0.207318029139492,0.222596631782515,0.437595728815721,0.39965710023261,0.378818714518609,0.392622520046305,2.02450889758671,1.51892449103314,0.77238288611933,0.776117372595309,FALSE,FALSE,FALSE,FALSE
"June",60,92,FALSE,TRUE,TRUE,397.249167347765,399.296095174636,381.200855741403,383.569158068634,,,,,1.76942794339677,1.76162764403055,1.74190468491743,1.72652589952359,0.0666988792035649,0.0911326491491608,0.295627333501355,0.308103993053332,0.217512236750477,0.228019375054897,,,0.666671697043062,0.605121947289887,0,0,FALSE,FALSE,TRUE,TRUE
"June",61,92,FALSE,TRUE,TRUE,386.938663610267,390.253299964024,384.585698443088,387.77553895429,,,,,1.51339645073553,1.50623761039447,1.60866932029876,1.6849298419663,0.06211377166071,0.0707051479173142,0.216238925692343,0.231687131082165,0.416292908341529,0.423838046047625,0.320770558070829,0.274236177232596,1.63335717439497,1.63515646442159,0.43409725781816,0.173995576248792,FALSE,FALSE,FALSE,FALSE
"June",62,92,FALSE,TRUE,TRUE,363.461298225504,359.912837863598,359.372961068512,359.893840187181,,,,,1.2310951156113,1.15446373073708,1.24851529447041,1.17435201175994,0.0635453646418766,0.160442200910436,0.272544205133338,0.298618807041636,0.581007940111924,0.665335055916619,0.545112250870103,0.628405728914296,2.29004654049746,2.48269269932845,1.09948096714776,1.47262100939107,FALSE,FALSE,FALSE,FALSE
"June",63,92,FALSE,TRUE,TRUE,370.714531969972,374.227387877927,365.411480542628,368.548854260449,,,,,1.38611134379598,1.38098964981394,1.455375087824,1.451195883568,0.141454666462671,0.140326090833804,0.338373004366307,0.34704610111673,0.4845163594171,0.48612054135885,0.424747179102774,0.430177608530128,1.49545062605845,1.50167201163199,0.34524237633072,0.333065809214539,FALSE,FALSE,FALSE,FALSE
"June",64,92,FALSE,TRUE,TRUE,382.575658380136,385.966058332346,380.007822293955,383.002963232303,,,,,1.54113035216083,1.52129411143942,1.58925060394332,1.58807334178117,0.118378873900277,0.13024854925042,0.247373479665847,0.254275375198828,0.353501708862133,0.379619917055302,0.328283738269604,0.329104678459095,0.994123708691302,1.07699688758277,0.328653044929232,0.302702020679821,FALSE,FALSE,FALSE,FALSE
"June",65,92,FALSE,TRUE,TRUE,398.840075751231,398.703083528586,395.406038905403,399.156807740464,,,,,1.83543258675339,1.89815561582089,1.84913096269518,1.85481024303174,0.0177624626233336,0.0755948418738055,0.154726671301896,0.157947877703545,0.129745844948775,0.107328307643289,0.170391411886691,0.169431742880931,0.468621847953457,0.131948102916737,0.0656748429748497,0.0481815425728749,FALSE,FALSE,FALSE,FALSE
"June",66,92,FALSE,TRUE,TRUE,399.990087681923,400.121902112702,394.747760003104,397.525204194451,,,,,1.91459028193369,1.97298981578193,1.87499058996649,1.86257383917101,0.0513222311956626,0.0804066685977936,0.170303292213055,0.181354438414203,0.107054133877937,,,,0.240094798407917,5.14956112872509e-14,0,0,FALSE,TRUE,TRUE,TRUE
"June",67,92,FALSE,TRUE,TRUE,399.923636720047,401.176005457805,405.038752484571,407.278030411088,,,,,1.74827842648613,1.73096443226857,1.73015381809564,1.72426950657322,0.0585832329937833,0.092449033875627,0.104950205533064,0.122303020100129,0.260091012169009,0.277888371480463,0.287353853294628,0.290783067252595,0.937124777137717,0.863222385149889,0.859395207712081,0.788752896581122,FALSE,FALSE,FALSE,FALSE
"June",68,92,FALSE,TRUE,TRUE,360.539876707865,362.871773615653,359.722990649007,362.155941309954,,,,,1.39300059449994,1.41410152305776,1.54999488878247,1.53685029782659,0.181908634284341,0.192087393580695,0.248594509310812,0.261387925550353,0.395840646523772,0.36010521208609,,,0.777322182786833,0.584821469468427,0,0,FALSE,FALSE,TRUE,TRUE
"June",69,92,FALSE,TRUE,TRUE,388.185246555732,391.76144440188,392.710113143643,396.657811831034,,,,,1.53911762146772,1.5341556648964,1.53633091736181,1.53527568529665,0.0651940180083925,0.0682926332881298,0.104527409922747,0.103944509037429,0.384274517735583,0.388160464836005,0.377773749112804,0.37812648513838,1.44117900724651,1.44534071341801,1.20432938101625,1.20778002848821,FALSE,FALSE,FALSE,FALSE
"June",70,92,FALSE,TRUE,TRUE,393.598249465705,394.966284164478,395.202265408019,398.884383940098,,,,,1.7238045052004,1.75192374242284,1.87962780052132,1.87638332760292,0.079497138885484,0.124127792591995,0.197631116154231,0.200423021369703,0.245044679963584,0.232700748350655,,,0.722193253520311,0.470519227496382,5.23709270390463e-17,3.58321379631342e-17,FALSE,FALSE,TRUE,TRUE
"June",71,92,FALSE,TRUE,TRUE,401.271681886439,400.47672051202,402.186992187777,402.575149366238,,,,,1.7188447677189,1.7473903125719,1.72473701338575,1.74976496387259,0.0691406284379509,0.125193586101044,0.158007293619675,0.198261232243952,0.33002041928632,0.290568084226627,0.318208791605913,0.298800841912237,1.31233685405291,0.789370553247415,0.775512581310583,0.47500776110764,FALSE,FALSE,FALSE,FALSE
"June",72,92,FALSE,TRUE,TRUE,389.57857948352,390.829412981332,384.005846664757,386.749133358732,,,,,1.57626562924239,1.58302167280125,1.68589371887612,1.70199825263324,0.0762818447608494,0.102164128813325,0.278106960283682,0.28929204792438,0.364653917055069,0.344980498704025,0.318520126232624,0.314211504411965,1.30766153457158,1.06477216416747,0.176320366534484,0.108502196829203,FALSE,FALSE,FALSE,FALSE
"June",73,92,FALSE,TRUE,TRUE,393.559843220533,395.221617872543,391.25622052644,393.980521675418,,,,,1.57987484320126,1.57572665011744,1.58911325508068,1.59796607679191,0.0118427406470164,0.0488117356985146,0.194691849682286,0.211396227657021,0.343018695925544,0.347777651631863,0.365813123550049,0.360915128948482,1.48213216382366,1.33260120994402,0.771199946408722,0.670137520907358,FALSE,FALSE,FALSE,FALSE
"June",74,92,FALSE,TRUE,TRUE,393.226115711944,395.869804872131,389.175572714037,392.220241642534,,,,,1.9046179439417,1.92791834111975,1.81906023648792,1.80964012123394,0.014147317288189,0.0286974882563922,0.136299839754229,0.145305926499431,0.0345879324801271,,,,0.0782857816638295,0,0,0,FALSE,TRUE,TRUE,TRUE
"June",75,92,FALSE,TRUE,TRUE,381.110058911449,384.929096993377,381.369152303069,383.903585985299,,,,,1.42845802226876,1.43573262359857,1.44797240528011,1.48754715639546,0.131439322831097,0.128463983059336,0.230848913838019,0.233748889780652,0.507359754326757,0.493722701193966,0.467908520067288,0.413151493440196,1.85891212794266,1.77000303606149,1.08133430725357,0.765882599382591,FALSE,FALSE,FALSE,FALSE
"June",76,92,FALSE,TRUE,TRUE,397.41825147528,400.504591582849,389.166260510424,392.996039528179,,,,,1.70466840870004,1.72861134997201,1.79156537180226,1.79225906818436,0.106098899462872,0.112655748724946,0.244257372614029,0.245226280723241,0.318817009318582,0.290241453430426,0.256360212579713,0.25621856675621,1.029148951379,0.837051295412855,0.0530210863705788,0.0481232488734291,FALSE,FALSE,FALSE,FALSE
"June",77,92,FALSE,TRUE,TRUE,406.776616002005,408.341933350641,408.730256984193,412.265970662942,,,,,1.69606494406265,1.65611243440869,1.72212648771104,1.70090372472448,0.0268055353707232,0.0672465847441857,0.116045074993001,0.12216796613378,0.352801047416288,0.400330638243518,0.326919128950723,0.348379272470488,1.70790623268399,1.80671604011343,1.06240297214041,1.15596221964539,FALSE,FALSE,FALSE,FALSE
"June",78,92,FALSE,TRUE,TRUE,400.787752614255,404.606798200674,394.345689340127,397.031506047234,,,,,1.71078564202581,1.70545903486974,1.7505611903566,1.78763288390275,0.0578556131108887,0.0618624450950594,0.241546816716066,0.25776033967191,0.305519422127312,0.312677248367266,0.303196506307219,0.289869659494037,1.19564716704857,1.21748552992479,0.288255635945871,0.149881762175897,FALSE,FALSE,FALSE,FALSE
"June",79,92,FALSE,TRUE,TRUE,372.326881758685,375.747510565414,373.101102665437,376.843603246389,,,,,1.52309204439824,1.51665457084445,1.55063055582423,1.58403774004215,0.0961461855889158,0.104221661569704,0.194558752234994,0.192493259663416,0.264677686079845,0.273082463429416,0.266918020565865,0.239134774329864,0.593588194126765,0.597007213959074,0.253560204212069,0.161158960406723,FALSE,FALSE,FALSE,FALSE
"June",80,92,FALSE,TRUE,TRUE,367.351641974982,370.617293824594,365.883649291119,365.589184679161,,,,,1.43463897568235,1.44927849656178,1.45106034387389,1.51614269663012,0.152094454791053,0.160086451662252,0.231475282863799,0.270646439572146,0.358730873856419,0.341759351375609,0.331596260943788,0.296474600531634,0.758270601979652,0.656519307681572,0.344606474779737,0.0870509889611361,FALSE,FALSE,FALSE,FALSE
"June",81,92,FALSE,TRUE,TRUE,368.186401545749,370.483933235775,371.481544053757,373.936128397873,,,,,1.43838272929168,1.45410750293822,1.45031829272803,1.47432440045252,0.157455209384958,0.178924403730296,0.229884038593472,0.246388322395861,0.385389801832327,0.365623258429897,0.38332187040228,0.360404908883693,0.875155618763372,0.7005345845375,0.583682122695662,0.424477975411591,FALSE,FALSE,FALSE,FALSE
"June",82,92,FALSE,TRUE,TRUE,388.561824431334,390.463307695313,383.403846756677,387.073913089311,,,,,1.6147961431818,1.59108046182703,1.7183847238052,1.70243215178975,0.125591385305487,0.146593476436727,0.273453034583594,0.275371009390709,0.335200746419523,0.356707675614978,0.293751950671852,0.302215391198456,0.939079779623321,0.946671038379781,0.0869947028621753,0.115091805725651,FALSE,FALSE,FALSE,FALSE
"June",83,92,FALSE,TRUE,TRUE,384.676786422885,387.000891075699,381.336932637859,383.83806142328,,,,,1.52837030804087,1.51505206181053,1.59198410198369,1.59358335897854,0.0874644783464548,0.101018438436161,0.248184552844076,0.260318089927585,0.375090277956593,0.38369887404881,0.338738046427328,0.338545302622732,1.25327439190554,1.22699088784834,0.376353833771899,0.323282851122593,FALSE,FALSE,FALSE,FALSE
"June",84,92,FALSE,TRUE,TRUE,393.602230975684,396.268496103494,380.828463440624,383.29691394117,,,,,1.60408121047961,1.62453535114295,1.697039211839,1.68840920010851,0.143327063400628,0.14865975873907,0.340820547710859,0.350166354132753,0.43295185817282,0.397811633352395,0.358303963822745,0.364906898213311,1.52504852445465,1.25223325141762,0.0803081654307429,0.0675151960600284,FALSE,FALSE,FALSE,FALSE
"June",85,92,FALSE,TRUE,TRUE,386.15583822,386.9550958922,383.249246594173,386.216213766256,,,,,1.48318668874917,1.46101018198434,1.70827833590477,1.64118700687315,0.0667272805612784,0.106832073746549,0.269040371315722,0.270612636209432,0.431296456157584,0.451268598428723,0.293748062034087,0.328509288719894,1.68118145496776,1.59525293553713,0.105145129681907,0.246621368628111,FALSE,FALSE,FALSE,FALSE
"June",86,92,FALSE,TRUE,TRUE,385.461216714753,387.003133186942,387.557641914791,388.756475940381,,,,,1.46797156389104,1.4460146939963,1.47194148923233,1.46129289907788,0.00730775664427285,0.0348974601230463,0.140138848666024,0.167340805268548,0.429575577242639,0.449159734371398,0.4386021069732,0.441644503461081,1.90134258287654,1.87590001155263,1.3471996471213,1.22127878751993,FALSE,FALSE,FALSE,FALSE
"June",87,92,FALSE,TRUE,TRUE,402.338270665697,402.880192922976,396.433284032445,398.885111527932,,,,,1.6417147358247,1.65985303228447,1.79715177613923,1.79100906690453,0.0650076812581345,0.125709174673272,0.233878938099799,0.248438691792714,0.408666097945277,0.390276730774669,0.280071380002675,0.288781009467381,1.84878234853651,1.38720369667334,0.217508864940734,0.190134145246178,FALSE,FALSE,FALSE,FALSE
"June",88,92,FALSE,TRUE,TRUE,369.694438194276,371.458126149006,368.719741378929,372.03702792926,,,,,1.23405919467589,1.22979255932795,1.27642899742695,1.26115802110024,0.11454562675919,0.128596265187822,0.295398896633522,0.296626487085763,0.640857621452185,0.631443191800737,0.591882331000543,0.605309040372746,2.77726645764095,2.55900210931457,1.41858761224984,1.49729902562058,FALSE,FALSE,FALSE,FALSE
"June",89,92,FALSE,TRUE,TRUE,379.038973841296,382.430338929766,379.739223251668,376.323444981665,,,,,1.5039327497601,1.51319996457397,1.54559762718252,1.6598585094005,0.0462637548697681,0.0523311777001144,0.154712273888031,0.215536248140191,0.336150652063619,0.320534879902288,0.293457055780373,,1.13700809738418,1.03437245625869,0.516146493178905,0,FALSE,FALSE,FALSE,TRUE
"June",90,92,FALSE,TRUE,TRUE,400.622338030194,403.736703620667,392.769938241074,392.051752555852,,,,,1.72395150366908,1.75879257336251,1.82170303705805,1.80798378942396,0.112045323957876,0.115407142066131,0.256084819821603,0.291907132926228,0.320281508084399,0.282482350886561,0.270266072565602,,1.0401962175286,0.808567081633819,0.0656442453407547,1.67715603536623e-14,FALSE,FALSE,FALSE,TRUE
"June",91,92,FALSE,TRUE,TRUE,366.624741456539,369.331183998162,366.425905696097,369.705061438635,,,,,1.2928733504512,1.27631773591453,1.37801271776173,1.34728471858235,0.0657919240052729,0.072455097822954,0.218002516361906,0.215130170329157,0.534328729751836,0.550235296843312,0.41391245299511,0.444139245050743,2.0203976251302,2.08416647797229,0.719033389902916,0.857096035897527,FALSE,FALSE,FALSE,FALSE
"June",92,92,FALSE,TRUE,TRUE,364.325901938452,360.935296182628,361.184953139417,362.432848229461,,,,,1.34622882685094,1.26469977656138,1.39981279890741,1.32211230177982,0.0832860441572011,0.13709206175343,0.276285591107388,0.268418512907874,0.501336697864228,0.588375775127615,0.406388010860056,0.478717493349004,1.75013062652071,2.03666653254353,0.469797732306264,0.790916190130221,FALSE,FALSE,FALSE,FALSE
"June",93,92,FALSE,TRUE,TRUE,394.978144113065,398.886911160577,396.774018662771,400.590683591703,,,,,1.63322698658241,1.62419953278182,1.67235127801948,1.67304770185899,0.0571552796533106,0.0593654784149229,0.130852683953255,0.131569030335922,0.365027375175775,0.377899376417831,0.302251057519044,0.300275519672539,1.48897686489454,1.55953833758942,0.762756494942499,0.748546457616854,FALSE,FALSE,FALSE,FALSE
"June",94,92,FALSE,TRUE,TRUE,394.693251134341,396.959173209785,388.899805618458,391.854218849415,,,,,1.5589455779921,1.55841606328255,1.58890214198756,1.5746041112407,0.0204426864868963,0.0385748960840464,0.244588719913403,0.251530113678883,0.387437596205461,0.380593480883295,0.387293570719724,0.397468721141655,1.73514476180944,1.58977799716461,0.65945253077124,0.67513612708831,FALSE,FALSE,FALSE,FALSE
"June",95,92,FALSE,TRUE,TRUE,373.118952743151,375.513946100168,359.665458323855,363.251958233039,,,,,1.42224112310512,1.41283338455202,1.45522396973995,1.44812287558637,0.100740807492296,0.120055908313138,0.371244260668482,0.374674626280156,0.406610422233908,0.41523206828755,0.419138583081507,0.424695364222348,1.2182855346258,1.17592854886653,0.185042603345692,0.193658831366059,FALSE,FALSE,FALSE,FALSE
"June",96,92,FALSE,TRUE,TRUE,386.799565984473,390.530787791718,386.832004373818,390.609589661802,,,,,1.48348372319756,1.48563807778697,1.51471475888805,1.52483198802035,0.12724310484199,0.129858935130265,0.266774023248993,0.26723650028444,0.473804483865959,0.469923141752319,0.459209848930213,0.448068327863142,1.73069037475785,1.68805479502734,0.93843136499419,0.871097901853331,FALSE,FALSE,FALSE,FALSE
"June",97,92,FALSE,TRUE,TRUE,384.002439929905,387.861203024048,386.147338935414,389.612575718017,,,,,1.52891194660405,1.54929646401282,1.59231261916481,1.57938489730544,0.0603639207452673,0.0608467988020156,0.143378857209483,0.143329045461253,0.336532273900985,0.310754318417421,0.279050559137851,0.286728365522275,1.13327966489167,1.00453683714125,0.528414042991578,0.557597249664903,FALSE,FALSE,FALSE,FALSE
"June",98,92,FALSE,TRUE,TRUE,364.520373348108,368.157723461395,362.225321207797,362.279180037891,,,,,1.35222623395058,1.33907460252012,1.39421461463998,1.53787998759551,0.119354310836283,0.127575384903734,0.295275117216879,0.319836455517146,0.462759509651721,0.485171761208659,0.425941312678711,,1.35927794214098,1.45402396960503,0.488865373156088,1.67557227021238e-18,FALSE,FALSE,FALSE,TRUE
"June",99,92,FALSE,TRUE,TRUE,395.77734823652,398.464395897517,395.178495361011,398.375393755747,,,,,1.63022514721103,1.61001091295444,1.6927651414867,1.7666566052216,0.0773968780301873,0.0938311736771535,0.212356322742808,0.236556407014235,0.380739029182178,0.403019573862355,0.330453073348092,0.290905388506359,1.50610144733843,1.55792186497807,0.553162257915487,0.252214148325951,FALSE,FALSE,FALSE,FALSE
"June",100,92,FALSE,TRUE,TRUE,412.886655140543,414.011284766438,407.903625376173,410.44288191602,,,,,1.76502008453988,1.73592150692657,1.92786881031293,1.87288263062058,0.0334845280306112,0.0695706609286888,0.221325872534516,0.227622681301623,0.361030268541393,0.38691333420295,0.260707422821706,0.289246606309007,1.86922970129154,1.82679220677155,0.206324855453745,0.322773310985553,FALSE,FALSE,FALSE,FALSE
"June",101,92,FALSE,TRUE,TRUE,353.148137921437,356.241137515578,349.668065060033,348.723891325964,,,,,1.24265902478084,1.24076169985026,1.26138070824684,1.2781913022198,0.0463958717144746,0.0577288658057587,0.235874091801947,0.281048251846431,0.466383286150693,0.464486947968119,0.426367374580451,0.398888363592376,1.4285260821959,1.37233392743174,0.59629936931794,0.352033265523339,FALSE,FALSE,FALSE,FALSE
"June",102,92,FALSE,TRUE,TRUE,388.58237523201,391.763665043763,384.470715247939,388.221338520551,,,,,1.55440182975794,1.56980381988957,1.66699032784639,1.65959174786418,0.0244604565263798,0.0313739882720242,0.214065903933221,0.214581479540003,0.361670660242624,0.334320425022502,0.274724130510932,0.278882719162998,1.48451887642645,1.29364423493812,0.245933603253572,0.260557475526671,FALSE,FALSE,FALSE,FALSE
"June",103,92,FALSE,TRUE,TRUE,348.646534829744,351.219685352854,349.047695685673,350.640563928111,,,,,1.11848936328655,1.10243682313117,1.14158730395679,1.12668200091598,0.0742943204528864,0.0874041018862107,0.223760186886188,0.246376571207267,0.612140133227676,0.630798005064121,0.566610871941008,0.579342864035394,2.1286457755097,2.20001047369514,1.23352740431446,1.20223808376329,FALSE,FALSE,FALSE,FALSE
"June",104,92,FALSE,TRUE,TRUE,384.054305416284,385.968564472293,386.849897510107,388.243246050153,,,,,1.36167403175245,1.34715195691093,1.37242627060759,1.36212457658869,0.0868868226307317,0.100166008864973,0.221988176315229,0.242169787401676,0.597492275925228,0.602175971509025,0.596009307340133,0.595362409971387,2.89378727698609,2.81682055473484,2.1129082311767,1.95628627143477,FALSE,FALSE,FALSE,FALSE
"June",105,92,FALSE,TRUE,TRUE,368.342135601863,365.46277332439,368.01898633168,363.131570849442,,,,,1.35224778015905,1.33161433588422,1.35605853135583,1.34169658002793,0.149585584705958,0.223715937449114,0.275482530476109,0.36195258634142,0.491231649536609,0.496175289952344,0.4874439299058,0.498026686232119,1.45255756060991,1.12126413686467,0.876013624718459,0.548788474388993,FALSE,FALSE,FALSE,FALSE
"June",106,92,FALSE,TRUE,TRUE,377.687088688803,380.496674997336,374.841406604037,376.268900902323,,,,,1.41948940386036,1.42046853960417,1.5166182812105,1.65936654181017,0.167086938651447,0.182081800044842,0.273279418977478,0.31074373678683,0.513793438930214,0.508814495258734,0.379836857058999,,1.70020592463909,1.58240878123996,0.4325085285367,7.40854375365906e-14,FALSE,FALSE,FALSE,TRUE
"June",107,92,FALSE,TRUE,TRUE,391.220469409758,394.203033625759,387.339337779234,390.631466273925,,,,,1.53415604981265,1.58002166220856,1.61261242917367,1.69430883085608,0.0315427047353531,0.0412112070991307,0.215163742335781,0.214746815897127,0.403786030497217,0.337428692677801,0.335258949062469,0.268644903869568,1.74330673497312,1.29735029044338,0.517294567862642,0.223119919037158,FALSE,FALSE,FALSE,FALSE
"June",108,92,FALSE,TRUE,TRUE,399.39723797038,401.319240114931,390.251566289272,388.803853117553,,,,,1.60578648768174,1.59092730153806,1.74410681983533,1.77098484032465,0.14508425386594,0.18275490149117,0.337271470059068,0.375728196527501,0.467652438499812,0.487526010559565,0.374019839784464,0.377635111265988,1.85208244301529,1.78235214676312,0.186837222563218,0.00963883663496653,FALSE,FALSE,FALSE,FALSE
"June",109,92,FALSE,TRUE,TRUE,383.749523275673,387.122250446238,379.853810573155,383.473861526824,,,,,1.4368739683344,1.41828389770827,1.52521145941332,1.51422853024491,0.125937348069991,0.134789739503041,0.344242953261275,0.344488048024815,0.539116881856176,0.563281621182291,0.469357753499338,0.476402896164508,2.21040160970017,2.36731940344027,0.609447043241936,0.644178142949038,FALSE,FALSE,FALSE,FALSE
"June",110,92,FALSE,TRUE,TRUE,380.53248118993,382.8189669736,377.786072001493,377.588661722678,,,,,1.53048052811767,1.52137479917307,1.5875539156517,1.67131132253155,0.0408610392892176,0.059363795872801,0.178564726220423,0.214152948192099,0.285364751812492,0.293043433919591,0.253729811044761,,0.921544220228311,0.877792366208964,0.271756046996204,1.99607944750984e-17,FALSE,FALSE,FALSE,TRUE
"June",111,92,FALSE,TRUE,TRUE,366.14815879953,369.490577077235,358.614260356941,361.936493441631,,,,,1.40123383415891,1.41326975184109,1.49013585911261,1.5177896800478,0.112708663042183,0.119391579084231,0.283171322487395,0.291357579953452,0.362138866289246,0.345133899304328,0.309687389052987,0.299650943808053,0.887157528585292,0.789440215908183,0.088069781068901,0.0275850201989882,FALSE,FALSE,FALSE,FALSE
"June",112,92,FALSE,TRUE,TRUE,392.457780592666,395.770866737082,383.919523739398,383.921365065628,,,,,1.58519429227519,1.57470604338553,1.64907002893319,1.66135900387342,0.0381920327284349,0.0436300093586281,0.270854633133516,0.300600518178396,0.35379210713435,0.363495193451824,0.33367615994912,0.332756495621461,1.43355166116759,1.45806744615822,0.273275897932209,0.138221424562672,FALSE,FALSE,FALSE,FALSE
"June",113,92,FALSE,TRUE,TRUE,389.850207605346,391.71315950449,379.548806101636,382.657973088085,,,,,1.59753982799189,1.56857686929707,1.67191250531511,1.68274609541916,0.151031710946508,0.177110593527115,0.331036887365906,0.33358778070106,0.412974801768334,0.444296707291075,0.355374720254758,0.348615212126822,1.30560957621638,1.36129317321997,0.108807709281075,0.066651271375388,FALSE,FALSE,FALSE,FALSE
"June",114,92,FALSE,TRUE,TRUE,405.790158369954,409.014966194129,400.050002000094,402.877146973521,,,,,1.70025710138226,1.7143390746202,1.76266459763993,1.83272280155367,0.0306716175261348,0.0425502227236937,0.240536028169121,0.25519928614301,0.339216113564142,0.323157039220438,0.328685770750892,0.293690056971308,1.5844482030354,1.41921390659355,0.442714492770992,0.191070117042639,FALSE,FALSE,FALSE,FALSE
"June",115,92,FALSE,TRUE,TRUE,394.37579595414,398.172606691722,389.568752011759,391.763419929812,,,,,1.66962187513647,1.6599414307753,1.72305193547011,1.76583694456327,0.00193406227317405,0.00435438113944835,0.18324996437547,0.197910182026049,0.255640188673061,0.267696447843664,0.239372055646523,0.217049346041568,1.07866852004883,1.12824997388757,0.23077670754034,0.0778687170424164,FALSE,FALSE,FALSE,FALSE
"June",116,92,FALSE,TRUE,TRUE,381.129862656789,384.995433335847,379.860525842311,381.447892674824,,,,,1.50322763747077,1.50347779855734,1.50932080988029,1.52758378759708,0.0599322771172908,0.0624909102791394,0.190995516989528,0.210827710581409,0.401158821063765,0.400504746729503,0.3725577910234,0.344089235910532,1.47936095411688,1.46369397927688,0.735238493133856,0.520240075708974,FALSE,FALSE,FALSE,FALSE
"June",117,92,FALSE,TRUE,TRUE,392.370217905464,393.812215271525,387.822778328213,390.295245953465,,,,,1.712429596539,1.68412327306486,1.80573528826109,1.79080647730636,0.0101062882315182,0.0404248246501939,0.183163398968105,0.19673259422376,0.183124672581328,0.21304641282201,,,0.689344174499224,0.691911781606494,7.34645128409351e-16,0,FALSE,FALSE,TRUE,TRUE
"June",118,92,FALSE,TRUE,TRUE,386.40095226261,387.660209659222,381.116267583948,385.084577349523,,,,,1.64459839009871,1.62665648017061,1.74110408358878,1.74080423986394,0.0713297770661767,0.102819546312414,0.203226343995719,0.203503154464175,0.24591278133823,0.264858054563098,,,0.698842212571314,0.649081265662977,2.23887178789709e-15,2.57468871617906e-15,FALSE,FALSE,TRUE,TRUE
"June",119,92,FALSE,TRUE,TRUE,363.001078189104,365.407709925142,363.698910248336,365.720693209222,,,,,1.21765901456781,1.19897585135834,1.2622029807954,1.24316297741567,0.0565459418399779,0.0734658857214357,0.250856699584621,0.270176799130643,0.581505549968977,0.601898898084002,0.546026980147237,0.564841539833925,2.29205885607697,2.35833179924543,1.23010836406198,1.24577543282173,FALSE,FALSE,FALSE,FALSE
"June",120,92,FALSE,TRUE,TRUE,400.407142915426,399.606359146514,395.794920245856,398.624566455526,,,,,1.72337596347789,1.70477366461874,1.88569174866689,1.87373564739359,0.00725806470109987,0.0836036656328272,0.187571453526908,0.19793160570101,0.239330085243532,0.271428470936915,,,1.03387878446935,0.845986886674394,0,1.16881566449899e-18,FALSE,FALSE,TRUE,TRUE
"June",121,92,FALSE,TRUE,TRUE,396.513234548891,397.340354790554,391.995164115759,394.856341544735,,,,,1.84931746389542,1.8358282366151,1.84714994416237,1.83575277201205,0.0639171752036991,0.0992019773617351,0.190151290476467,0.200201781540999,0.139198034060302,0.159383235196171,,,0.318232444967729,0.254516667448439,0,0,FALSE,FALSE,TRUE,TRUE
"June",122,92,FALSE,TRUE,TRUE,371.157602268254,374.264565554705,369.239298392812,369.71092490361,,,,,1.47764598423953,1.5045307071001,1.63226838920582,1.60126630094591,0.100038936654889,0.108835230283886,0.235431804413132,0.264431799476617,0.350154096875763,0.306453724990918,,,0.946404918057508,0.71631117496194,2.18972169112912e-15,0,FALSE,FALSE,TRUE,TRUE
"June",123,92,FALSE,TRUE,TRUE,341.867125336427,340.624110703555,336.078741651654,338.244056653264,,,,,0.99557767171474,0.971116923005891,1.00180901965628,0.979144273885387,0.244589955266887,0.235640044927428,0.369882479953833,0.371209946529194,0.80142362141288,0.794574552719388,0.738949484375012,0.756199960153338,3.51040472603523,3.23770292263566,1.74508477615406,1.87117872443519,FALSE,FALSE,FALSE,FALSE
"June",124,92,FALSE,TRUE,TRUE,403.54893028163,406.456768973351,406.627073115335,410.078328071945,,,,,1.62319512431051,1.59608782688868,1.62852355130729,1.60445646407438,0.0914830412740566,0.112193203844033,0.170383624770462,0.179990110204925,0.480032476912546,0.51440645625172,0.467504267711735,0.49617443679353,2.33949317289472,2.52055447550962,1.73100579518523,1.90197007901545,FALSE,FALSE,FALSE,FALSE
"June",125,92,FALSE,TRUE,TRUE,406.808085483854,409.830865585868,402.566532591674,406.417120219791,,,,,1.96152772325111,1.95132862341945,1.95638223661011,1.95479425257753,0.0453386212674329,0.0555644556656255,0.155538422760654,0.156921451030845,0.119706050547235,0.129002757259746,,,0.34482121452934,0.340549605856769,0,0,FALSE,FALSE,TRUE,TRUE
"June",126,92,FALSE,TRUE,TRUE,392.066046055764,395.7373482982,395.318682885406,399.297065131241,,,,,1.58266294218184,1.57305977870614,1.59038628584327,1.59304527291214,0.0804509772519002,0.0886011334189296,0.146614347127579,0.146204603264071,0.390422233248783,0.404762514160214,0.376179557000002,0.3725955745848,1.48368345410214,1.53468030563782,1.06480503063778,1.04641305407861,FALSE,FALSE,FALSE,FALSE
"June",127,92,FALSE,TRUE,TRUE,383.130062769318,384.895855010368,380.550851165973,380.482430390685,,,,,1.48420142911021,1.41721862474677,1.53581438077123,1.4523034374689,0.176711830073285,0.221365605154364,0.278975637472289,0.317134125629781,0.502934163565962,0.593310617226215,0.414720747209931,0.49521605266806,1.69431147051203,2.18961972554811,0.606102189700466,0.843188507026453,FALSE,FALSE,FALSE,FALSE
"June",128,92,FALSE,TRUE,TRUE,387.761422662285,390.387266756269,381.532775663504,384.576227112718,,,,,1.65735505975087,1.68805664087102,1.719038930483,1.73490076536048,0.114082563276523,0.127057453442444,0.266491489800891,0.272729937834718,0.28851462698208,0.254768989706887,0.27814255372624,0.273192298949442,0.749662326218596,0.533807811271794,0.0484027249534975,0.00191595916895201,FALSE,FALSE,FALSE,FALSE
"June",129,92,FALSE,TRUE,TRUE,379.161146947834,380.308275852608,372.702982869217,372.968341304365,,,,,1.54416643922365,1.50076767349865,1.66328584293398,1.62986649135357,0.0191746339088009,0.0571615636613094,0.215041951436433,0.246526946139505,0.254542316623189,0.309336235162084,,,0.853571324808589,0.940168204379614,2.31037035358115e-15,0,FALSE,FALSE,TRUE,TRUE
"June",130,92,FALSE,TRUE,TRUE,387.315898466269,389.474900302458,387.477228362269,386.410243874969,,,,,1.57267107975009,1.5683147233257,1.6727604262436,1.753391517887,0.178809934634413,0.190775651759124,0.241921375986283,0.280457111071293,0.40202937298068,0.399263685504643,0.311107119195127,,1.06846838184496,0.98322622781615,0.300974525351887,3.71789687222473e-15,FALSE,FALSE,FALSE,TRUE
"June",131,92,FALSE,TRUE,TRUE,394.514287855827,398.377953613249,392.55920493324,395.909869019068,,,,,1.63426150169676,1.63431309475544,1.68407132379053,1.68560411037097,0.0257369740606697,0.0272090867976725,0.22544575585514,0.23337726680181,0.29899554412135,0.298509961963617,0.32204514967171,0.323547223545263,1.20340698622891,1.19345650700665,0.440085468069626,0.41100026728389,FALSE,FALSE,FALSE,FALSE
"June",132,92,FALSE,TRUE,TRUE,394.807792367832,396.29759768113,377.573661235831,381.351231928092,,,,,1.53079079949373,1.49432317326932,1.70790273568538,1.70583937643992,0.21505170338999,0.247632756218969,0.454538135415357,0.455863187116511,0.561605676500834,0.596990792308989,,,2.22256391077906,2.33504187657082,0,6.05147320664145e-16,FALSE,FALSE,TRUE,TRUE
"June",133,92,FALSE,TRUE,TRUE,389.406493966811,386.475814796225,386.840779828734,386.263988440524,,,,,1.45778588445015,1.37451327690933,1.4959136073419,1.40354668263593,0.165150213896371,0.234925531826932,0.295986031517342,0.335514547194255,0.544917129625429,0.617021581331,0.494080710446763,0.575446532933876,2.1558162623511,2.31413988052941,1.01650798678154,1.32211870108013,FALSE,FALSE,FALSE,FALSE
"June",134,92,FALSE,TRUE,TRUE,368.348583985124,370.158705719016,367.495278255046,371.189833368169,,,,,1.31813558952044,1.2574125972801,1.38170976174619,1.33588647106669,0.0928232235466421,0.118955668090266,0.2309413724252,0.232672868465937,0.47017292836731,0.548836714029939,0.406037524284717,0.454171712254668,1.49800172089182,1.85635502079408,0.642516332110212,0.844742118511629,FALSE,FALSE,FALSE,FALSE
"June",135,92,FALSE,TRUE,TRUE,368.074038237697,366.812937023764,365.885123188241,367.045851631112,,,,,1.37979877136313,1.36552656321261,1.3923212557757,1.38292361816133,0.112451653767004,0.166257775268525,0.266466521192315,0.291188483131042,0.418787175575246,0.421188080979914,0.421334894122722,0.429060570750999,1.17677210969412,0.952809051538261,0.584000550401644,0.516681214302874,FALSE,FALSE,FALSE,FALSE
"June",136,92,FALSE,TRUE,TRUE,395.886777562576,399.433718852436,396.362454991955,400.290540209017,,,,,1.67123555194691,1.64868069429899,1.68248219160353,1.69650840829807,0.0170974851990991,0.0268897016630148,0.166538899043491,0.165087382632506,0.276698758319474,0.307381930837427,0.306896106589833,0.292375237403529,1.14476453523451,1.2657270464506,0.633822059333533,0.568778662290905,FALSE,FALSE,FALSE,FALSE
"June",137,92,FALSE,TRUE,TRUE,360.801443903843,362.578713026276,362.172236751284,364.322466612102,,,,,1.1836625161697,1.14429185400652,1.20290664547812,1.16417937840839,0.155175075891255,0.188462511831605,0.259067918085455,0.275919116914628,0.688740689753181,0.736489576440139,0.641462363148772,0.687085866268469,2.94725254201708,3.3657246483057,1.85574487990426,2.16165824465699,FALSE,FALSE,FALSE,FALSE
"June",138,92,FALSE,TRUE,TRUE,385.988060306215,389.753625997687,391.643938892042,395.536651380754,,,,,1.54136309193145,1.52511999727567,1.51360190569205,1.50489479040709,0.0291329331769383,0.0348039248781962,0.0611559611576244,0.0653936613277555,0.339868713074503,0.363532873617815,0.37285397538429,0.386397891475548,1.29988926980989,1.40403260698536,1.32774829589584,1.3856993483322,FALSE,FALSE,FALSE,FALSE
"June",139,92,FALSE,TRUE,TRUE,372.08841811177,374.282685644447,369.769127636146,373.246694682835,,,,,1.39118561654577,1.37404409867528,1.43304997360416,1.41232877884718,0.177445557943378,0.200455865707059,0.331205945081036,0.333974816539351,0.470848164614832,0.489880848960976,0.458292974098013,0.474757913327628,1.27394806470594,1.27358698127064,0.540162709062678,0.604563223606167,FALSE,FALSE,FALSE,FALSE
"June",140,92,FALSE,TRUE,TRUE,367.757833473008,371.519215080269,361.088698699913,361.786016424892,,,,,1.31046049633716,1.31264503233276,1.37850176499821,1.42713019080348,0.140228410391129,0.140355900349745,0.333831454907018,0.360629590051954,0.52901080568857,0.523403211087658,0.452139975143713,0.418014430553045,1.70585610115504,1.6640799728305,0.456642888584613,0.214501029009706,FALSE,FALSE,FALSE,FALSE
"June",141,92,FALSE,TRUE,TRUE,376.001032898844,378.571155786613,374.932380289253,378.420781771649,,,,,1.71809447164871,1.75492556672602,1.68356128060404,1.67888676341214,0.23455542628766,0.242446947369207,0.303268346686336,0.307161433177248,0.259284338490915,,,,0.101327445540423,0,0,0,FALSE,TRUE,TRUE,TRUE
"June",142,92,FALSE,TRUE,TRUE,361.990481336351,364.091472904663,354.378145851367,352.875902620584,,,,,1.36331325908324,1.33643757220809,1.50561817867092,1.461261447755,0.203075011706112,0.206495630774428,0.370752562851637,0.407520531518771,0.467935220045286,0.488590558258248,,,1.06582703637783,1.141068257803,1.38459147135323e-15,2.93447439119179e-15,FALSE,FALSE,TRUE,TRUE
"June",143,92,FALSE,TRUE,TRUE,381.906747015909,385.511163260821,377.100391196273,379.821008878488,,,,,1.65269158162635,1.63758282202897,1.65646920459897,1.69171171062222,0.0572090564743556,0.0622738336943591,0.185261201356801,0.190639669383747,0.185327323962595,0.201232358155035,0.210330608010355,,0.468972142899027,0.512064651325161,0.0894934193635976,5.48307334076353e-14,FALSE,FALSE,FALSE,TRUE
"June",144,92,FALSE,TRUE,TRUE,385.173559201024,387.151561905368,383.766624055879,385.085107915962,,,,,1.62627750191723,1.61771066817545,1.62302124385484,1.6234138422225,0.0035723295089609,0.0390206710646317,0.140926084318701,0.165774961145063,0.200050358357515,0.218011704392002,0.235524728227408,0.238451108439754,0.727155960383565,0.667841293420614,0.351690379866359,0.268090425310218,FALSE,FALSE,FALSE,FALSE
"June",145,92,FALSE,TRUE,TRUE,389.86342190626,389.98169041071,388.046664610171,389.50666249859,,,,,1.47328353546632,1.41911962560385,1.50208716137601,1.44835428183199,0.0828814036972426,0.116567465703908,0.265623968018513,0.288753788193518,0.480286499355469,0.528955993578884,0.475573275529443,0.524147827385366,2.01479997540122,2.15835049459945,1.05051977742059,1.22423546235511,FALSE,FALSE,FALSE,FALSE
"June",146,92,FALSE,TRUE,TRUE,387.25278490967,389.114004793878,385.451498982662,388.28330532441,,,,,1.52620652412975,1.53477569532766,1.56804712482214,1.60481511408195,0.0277106974739202,0.0609917135623489,0.187240722197076,0.208164960938865,0.363964370809926,0.35142400841566,0.336906873034805,0.312962513941905,1.44850944816214,1.2280402434171,0.619383274568856,0.428769695464317,FALSE,FALSE,FALSE,FALSE
"June",147,92,FALSE,TRUE,TRUE,396.25870437486,397.739934273042,391.961010629778,394.053772851246,,,,,1.67594956283652,1.6909702477431,1.78208879895183,1.77989050859013,0.0599484031098346,0.08416409991726,0.208333539242187,0.226260715463773,0.318659866539375,0.290009413476181,0.240648463661103,0.248984857202877,1.21394233314651,0.930338040537502,0.139806598842965,0.0983363871158864,FALSE,FALSE,FALSE,FALSE
"June",148,92,FALSE,TRUE,TRUE,390.54429367534,394.133214911729,392.681821704381,396.071164233861,,,,,1.59951836009667,1.56108958956329,1.60997677423494,1.8479130561744,0.104047329578351,0.124043557266251,0.165867865580333,0.157812906003452,0.37088426999095,0.429358567628407,0.345443461435798,,1.2495039811612,1.5200446231014,0.799378798137848,0,FALSE,FALSE,FALSE,TRUE
"June",149,92,FALSE,TRUE,TRUE,387.59166231762,391.537930510154,387.789406595987,390.943370198241,,,,,1.56748278646519,1.5627643537576,1.63548370643192,1.65822207588579,0.127466007856247,0.127891605825722,0.224335375174977,0.23412809392653,0.396984917981481,0.402562517307679,0.33065920103076,0.315139757475694,1.26850167997524,1.29909724282226,0.463251122416888,0.349563474331334,FALSE,FALSE,FALSE,FALSE
"June",150,92,FALSE,TRUE,TRUE,385.440954387024,385.102392308423,386.490717773415,387.298692392261,,,,,1.63801730921836,1.58254602429058,1.65723458553673,1.60788946615694,0.030052362562585,0.0758529826000556,0.125664827018462,0.154074030775292,0.215231248150511,0.27202021505989,0.215653454203909,0.259201020013691,0.705518879475374,0.757829864865209,0.338161909874993,0.397794918000408,FALSE,FALSE,FALSE,FALSE
"June",151,92,FALSE,TRUE,TRUE,386.232998794483,382.568625447328,375.085895505028,375.915801602822,,,,,1.51219465762567,1.47436877466635,1.61406566415594,1.55429635222204,0.0748114464061351,0.161889886219749,0.314362194257915,0.337412894411067,0.436664440923226,0.456368575703715,0.349177509359824,0.39080499632396,1.71787864496465,1.36538539210697,0.145100396448652,0.224346575149516,FALSE,FALSE,FALSE,FALSE
"June",152,92,FALSE,TRUE,TRUE,378.781577838287,380.909411299442,373.384283873703,376.477354007473,,,,,1.50986120514449,1.51896613528797,1.66945594547187,1.66124749896721,0.16844776951823,0.192064237460655,0.26344526398303,0.270728402855161,0.398622257948838,0.388562435787103,,,1.0030432959513,0.843545899200356,0,0,FALSE,FALSE,TRUE,TRUE
"June",153,92,FALSE,TRUE,TRUE,383.087935771782,383.655208576268,380.626501439773,384.02140731307,,,,,1.53434813436596,1.46711866201929,1.56842315132041,1.52357927799306,0.010210448391102,0.0573795190488787,0.173598112004363,0.177427887158315,0.297184838899946,0.383008019711786,0.288851946411381,0.32971570808476,1.11181201803464,1.33480797986371,0.436154686598091,0.588314302607002,FALSE,FALSE,FALSE,FALSE
"June",154,92,FALSE,TRUE,TRUE,395.543368723639,395.642407824706,394.458023609197,398.707659987304,,,,,1.51891090052074,1.48176002501861,1.87204045127784,1.57127923728469,0.131117223717185,0.187473719964161,0.317869076406906,0.30257272023443,0.561227938948752,0.596433910038068,,0.513514440446252,2.71138303915101,2.67176532242809,0,1.22945848090365,FALSE,FALSE,TRUE,FALSE
"June",155,92,FALSE,TRUE,TRUE,399.848691206967,401.253467861054,395.127784628977,395.089553155759,,,,,1.69301166278866,1.68197728369784,1.75918449379123,1.74901852212962,0.179444570771533,0.200401197952415,0.300929210635432,0.326998197935746,0.431415480853748,0.431601071905118,0.361640364125519,0.368574113410615,1.45333797445315,1.31072447624026,0.312329814632021,0.210872825989075,FALSE,FALSE,FALSE,FALSE
"June",156,92,FALSE,TRUE,TRUE,364.583936870448,367.70316087679,359.279289972558,362.756066098857,,,,,1.31215597397333,1.33055141673183,1.34176136386137,1.34610847379486,0.0558787664213236,0.0682052321534476,0.250920546907875,0.252807682081787,0.471127561362253,0.436906220410937,0.418864620348052,0.410874868739092,1.60489345204398,1.3631516993813,0.584692682438302,0.544124789654912,FALSE,FALSE,FALSE,FALSE
"June",157,92,FALSE,TRUE,TRUE,381.266396516788,375.009023368055,370.030650606842,371.849385361105,,,,,1.64078532107623,1.47940839362338,1.63930361136702,1.61998488996504,0.0521226302854375,0.169215191864023,0.263235963293485,0.280635210454645,0.186689721548164,0.359166351943675,,,0.488066320897604,0.736533891123916,0,1.58872256520837e-14,FALSE,FALSE,TRUE,TRUE
"June",158,92,FALSE,TRUE,TRUE,388.078461725205,391.524994540233,381.159985042705,384.795171344252,,,,,1.70204298268347,1.69647987347281,1.74151781016023,1.73806835287386,0.0275177663891938,0.0345062031725561,0.189893993254745,0.193128426370026,0.170716629138727,0.177142391837694,,,0.547515178137311,0.546144645317047,0,0,FALSE,FALSE,TRUE,TRUE
"June",159,92,FALSE,TRUE,TRUE,387.886368584451,389.021172831898,387.904404214476,388.78816542515,,,,,1.52506699231083,1.54064474022339,1.53073368381261,1.54410944856298,0.0394333103385997,0.0789157360047988,0.148829571147914,0.183997643144832,0.400109752520028,0.370732087080357,0.378416292253658,0.360203047578493,1.64226065159251,1.27407916461458,0.988790729878428,0.737694568976759,FALSE,FALSE,FALSE,FALSE
"June",160,92,FALSE,TRUE,TRUE,380.690316366752,384.47155902556,382.636051084228,386.598053854468,,,,,1.50401356023999,1.50568382676311,1.60373280220843,1.63050171286108,0.0167185784776518,0.0207823273951642,0.129921516460955,0.128725238199317,0.312881157395473,0.311020845032244,0.233078995180568,0.209244603605645,1.1323623977449,1.10759247418254,0.375114179467159,0.289541853629407,FALSE,FALSE,FALSE,FALSE
"June",161,92,FALSE,TRUE,TRUE,381.268248301072,381.330015134357,382.118291714576,379.103871049475,,,,,1.45147655066233,1.41963409119895,1.47080727253311,1.48596376594962,0.0595318485565448,0.106594376353608,0.162112709657222,0.239209311636524,0.428538665173109,0.458681345403151,0.396035283661785,0.378309591226561,1.61383464038076,1.55568810662973,0.964105524159364,0.550099571922945,FALSE,FALSE,FALSE,FALSE
"June",162,92,FALSE,TRUE,TRUE,377.684356243385,381.676738135527,377.446719903626,380.880806758585,,,,,1.36551242973389,1.36645523508145,1.42346843646503,1.45126399832358,0.182437152109254,0.182007900128876,0.333552398053381,0.352298574823577,0.605632563821486,0.60399522830833,0.540053462945129,0.520034642618764,2.40225095741717,2.38808152026542,1.04731432640594,0.836118081214315,FALSE,FALSE,FALSE,FALSE
"June",163,92,FALSE,TRUE,TRUE,385.301952228832,387.632948474312,386.404229608609,387.47935946155,,,,,1.52355564263068,1.49346228981906,1.56616145637415,1.53754674486803,0.0711016109411595,0.0926831329947593,0.200413708028584,0.218955174759504,0.406125724558167,0.443323608689904,0.371387990433171,0.39015992267236,1.52383218972378,1.64466886476875,0.745667234084029,0.743072097820145,FALSE,FALSE,FALSE,FALSE
"June",164,92,FALSE,TRUE,TRUE,394.00431623318,397.960754211137,390.419199769638,393.305324814836,,,,,1.57618474322019,1.57656633812246,1.63078846641511,1.63243359424019,0.0961306696026676,0.0958841233137653,0.254925442871447,0.26351101634792,0.42974116770268,0.428589563483104,0.377472348861066,0.375213824332681,1.70701433853274,1.69934212531689,0.578486481967514,0.523717856347273,FALSE,FALSE,FALSE,FALSE
"June",165,92,FALSE,TRUE,TRUE,383.880915099316,383.522653201676,382.874087477592,385.877143806849,,,,,1.56051299052599,1.49231200824441,1.62956584951367,1.61047268599599,0.0265915397930799,0.0897346378244285,0.145291096474639,0.157869067387061,0.293225590215133,0.381724708643976,0.228929488015489,0.248903056740113,1.05072837688161,1.21807890993319,0.308434167354974,0.338338343231766,FALSE,FALSE,FALSE,FALSE
"June",166,92,FALSE,TRUE,TRUE,386.868648246491,388.587310418091,380.033066868509,383.48875289764,,,,,1.60503841621916,1.57855033380314,1.73088438377785,1.72577159907174,0.146363292580005,0.180752201593923,0.312118490234651,0.3162067865158,0.347970822826626,0.381146352793642,,,0.906438160183594,0.920809355157036,0,0,FALSE,FALSE,TRUE,TRUE
"June",167,92,FALSE,TRUE,TRUE,387.69478390787,391.288330686921,385.684203960234,389.641767494139,,,,,1.56478343384116,1.54926924202881,1.61666309374991,1.62669289093825,0.118152476960219,0.12557180867629,0.232639115472584,0.23310554588147,0.389429590965401,0.409370471104762,0.336703121896621,0.328711298406181,1.26003111063755,1.34203782054743,0.447324486994288,0.409081095007472,FALSE,FALSE,FALSE,FALSE
"June",168,92,FALSE,TRUE,TRUE,389.296097572416,391.054101741278,389.027855137024,392.777278479686,,,,,1.54081724214507,1.51686038381604,1.59582175318258,1.57375146137774,0.0468625259813712,0.0727429608295633,0.162655836995935,0.163311716175082,0.367413810046179,0.391291324804661,0.314416573278535,0.333862176708444,1.41912127475461,1.42325286002405,0.630706186193817,0.715926195947338,FALSE,FALSE,FALSE,FALSE
"June",169,92,FALSE,TRUE,TRUE,402.99964969873,405.7367989651,403.823340707789,406.869857052915,,,,,1.65768601817768,1.6653475882523,1.69420596277128,1.69792565279582,0.0256129010765284,0.0420351486115003,0.146507444028836,0.165868224288399,0.388215869991403,0.372985624609148,0.347966508838924,0.349957572165078,1.90928055507853,1.70540103214139,1.00302581881026,0.918928295818088,FALSE,FALSE,FALSE,FALSE
"June",170,92,FALSE,TRUE,TRUE,387.48484540665,385.540321558578,386.393447054159,385.186308305886,,,,,1.51362256697251,1.41443927358487,1.54640848561625,1.46496658728199,0.133406604540249,0.196755246926192,0.26596595695916,0.310034709028687,0.471727954402257,0.577231023239731,0.435880845066175,0.508163404482031,1.72661982011787,2.15574455194876,0.812899693963877,0.991804013912655,FALSE,FALSE,FALSE,FALSE
"June",171,92,FALSE,TRUE,TRUE,409.226245889369,407.003604702178,410.241932694299,409.853974627753,,,,,1.918242056771,1.90931631191068,1.86914240607788,1.86173666534103,0.000801753497731962,0.0844821854363443,0.0913496636603489,0.143220789170319,0.134028219228444,0.164248181957909,0.194547458171991,0.214389881501472,0.61805883461211,0.371044129869206,0.484098360409558,0.334077048164189,FALSE,FALSE,FALSE,FALSE
"June",172,92,FALSE,TRUE,TRUE,368.082438858272,368.124575256331,366.128390550123,367.74245923598,,,,,1.42619593086866,1.39592017556162,1.48329552541017,1.4719382739208,0.138510504676842,0.183811127906754,0.260629564766537,0.289926013641001,0.384100795106762,0.416393193645629,0.338065069923657,0.358219564686559,0.930863770303176,0.891227554393941,0.276216415262734,0.246363504008408,FALSE,FALSE,FALSE,FALSE
"June",173,92,FALSE,TRUE,TRUE,388.802578135354,389.448198683539,384.216817462408,387.327073750727,,,,,1.53676146442835,1.45413172812459,1.58518047975796,1.52509722464141,0.0357365319973924,0.0960232003333583,0.222596487460749,0.230835467319838,0.379654720748974,0.494712918397295,0.341973396749899,0.397696793128336,1.53751392032264,1.99649045510903,0.501957343997917,0.726882614495655,FALSE,FALSE,FALSE,FALSE
"June",174,92,FALSE,TRUE,TRUE,385.461238962243,389.236691926098,389.393402202853,393.377700288969,,,,,1.45070312739521,1.44694037603785,1.46737714438224,1.46603470543376,0.101015157753486,0.10126135861016,0.164119774555381,0.164479397093661,0.53980733796973,0.542865230571804,0.504837871396077,0.506725047008919,2.3929956648066,2.41342911161214,1.73761753251262,1.74964489357438,FALSE,FALSE,FALSE,FALSE
"June",175,92,FALSE,TRUE,TRUE,393.91373469057,397.060183132984,393.284492712222,396.932026731532,,,,,1.63711889172659,1.61024102494162,1.6462611446223,1.62869120605943,0.0953435969944861,0.0988426971669442,0.199714456407271,0.2017480096921,0.376739229751609,0.405077649795073,0.353637488198763,0.370281923008009,1.38525458142561,1.53841959872897,0.714454637421881,0.790651355883245,FALSE,FALSE,FALSE,FALSE
"June",176,92,FALSE,TRUE,TRUE,394.327443858199,397.474049294834,389.575117240394,392.775579158826,,,,,1.55538810550298,1.54976326848344,1.64808835479093,1.67354813011132,0.0380868062040782,0.0551190642956267,0.278961467689087,0.290928909709518,0.422106392263414,0.430181923764587,0.378497545220164,0.365650242002983,1.90702291702927,1.874297027707,0.47532420197354,0.354928887500177,FALSE,FALSE,FALSE,FALSE
"June",177,92,FALSE,TRUE,TRUE,379.612209967495,381.983431655856,381.565292282427,383.26289405249,,,,,1.61167087359959,1.71440106443066,1.68117165068698,1.72365452487891,0.0285405832686959,0.0552398086901423,0.106021987920814,0.131198372429071,0.184461135839152,0.101357562087169,0.144459860132042,,0.547391500914384,0.15691912611955,0.131578298532638,0,FALSE,FALSE,FALSE,TRUE
"June",178,92,FALSE,TRUE,TRUE,402.118230601573,405.359983847411,400.817700828809,404.712686638533,,,,,1.70393410064345,1.69596691657458,1.76271516197373,1.76597555018104,0.0754634412430799,0.0835767634224719,0.181320179718832,0.180906671603551,0.346596362673859,0.353445882551488,0.286588613156298,0.282874019663747,1.38965059767291,1.38527034384944,0.498520960382478,0.481253231866691,FALSE,FALSE,FALSE,FALSE
"June",179,92,FALSE,TRUE,TRUE,398.968858925429,394.46075993879,391.695215377628,392.034980097247,,,,,1.67198234436179,1.53850505165766,1.77991349728323,1.70546430849195,0.0444834146576812,0.171264586818005,0.254300252373843,0.284319253860363,0.324133478533448,0.480760758123114,0.284030793155338,0.334638720416984,1.33615533138948,1.6651784657058,0.13608522004707,0.232195287408802,FALSE,FALSE,FALSE,FALSE
"June",180,92,FALSE,TRUE,TRUE,378.69884374697,376.715870798661,374.442227721053,377.197169343076,,,,,1.58603643671113,1.63050488921061,1.62616942929005,1.62506067738409,0.0374980966749529,0.101158934561955,0.173998678956384,0.183428939632723,0.220095480553514,0.174220461465114,0.20421385947126,0.207051241964768,0.653291033442337,0.249193657851497,0.103512110651887,0.0806548402127865,FALSE,FALSE,FALSE,FALSE
"June",181,92,FALSE,TRUE,TRUE,377.814558317751,381.685718343138,375.773265245913,379.24790148445,,,,,1.44418608339992,1.45103962921628,1.44813268166511,1.47119634406547,0.0995068229912097,0.0977369173244355,0.229698867064739,0.233850797293697,0.424056297136287,0.412253440479421,0.414096066623118,0.389082682123751,1.38412410296132,1.32274502167152,0.750059563789754,0.617042063418923,FALSE,FALSE,FALSE,FALSE
"June",182,92,FALSE,TRUE,TRUE,392.265942589125,391.461363757553,388.67566009503,391.224955451453,,,,,1.5947544008471,1.59845017648547,1.63674881829665,1.62632685137477,0.108516318201628,0.158394452863509,0.263806547942545,0.277797575037531,0.391467555333965,0.375284874524893,0.368456581011469,0.378583363985216,1.37597855118224,1.01369065692237,0.485819373326537,0.468927671442422,FALSE,FALSE,FALSE,FALSE
"June",183,92,FALSE,TRUE,TRUE,388.31568102488,388.245974505605,385.319290978039,384.565023673547,,,,,1.62635089939532,1.56514058558082,1.64192846809014,1.65621505848125,0.0558922103576105,0.0957791324485618,0.191539061505386,0.219192210272764,0.291960835666009,0.356253774943666,0.280631643128056,0.263168614755807,0.994717295702496,1.12891249599109,0.358880317563985,0.171044451202954,FALSE,FALSE,FALSE,FALSE
"June",184,92,FALSE,TRUE,TRUE,384.07910146732,386.08333477202,383.561736492178,386.331299648627,,,,,1.688962558833,1.62538638424188,1.76439884509286,1.71935318397682,0.0239946447139886,0.051149378141784,0.127212977692051,0.137450109707206,0.138522641542016,0.206069319331567,,0.155103454618967,0.411152280074607,0.571070273140064,1.76237455367493e-17,0.0629326388092527,FALSE,FALSE,TRUE,FALSE
"June",185,92,FALSE,TRUE,TRUE,387.380032069079,390.576004703003,384.544766508664,386.388021607109,,,,,1.62881559046406,1.73170862974055,1.73484895396327,1.7531797679786,0.0636002723423473,0.058072819937885,0.160676911842687,0.17550493578642,0.272780521987971,0.154228454736316,0.180865157905306,,0.859356204653748,0.365887849627566,0.0757937356284005,4.59882282854597e-15,FALSE,FALSE,FALSE,TRUE
"June",186,92,FALSE,TRUE,TRUE,388.379706490028,391.181370288704,382.658117648091,386.537241856563,,,,,1.74815194930568,1.71538424992889,1.75575517359165,1.75460213771314,0.046889923719743,0.0658115632410178,0.155301709900042,0.156421083999255,0.145995282715027,0.182508740776994,,,0.380619930057494,0.45523369675618,0,0,FALSE,FALSE,TRUE,TRUE
"June",187,92,FALSE,TRUE,TRUE,401.431984050344,402.84444394953,390.374329890831,393.402421008293,,,,,1.75078304131353,1.70299700582131,1.83095007502033,1.82130428642785,0.0205227224585371,0.0576055949936049,0.255794037500555,0.263677896128931,0.232643176202203,0.286448665599363,,,0.959901010259039,1.06343396293417,0,0,FALSE,FALSE,TRUE,TRUE
"June",188,92,FALSE,TRUE,TRUE,377.156553207646,379.067124272425,372.048475550116,370.431747162176,,,,,1.77975820793233,1.75966231611488,1.6573798708625,1.60755158463481,0.0563374534530085,0.077742365535327,0.182775856737092,0.231584746244546,,,,,5.6185055869843e-17,2.72303206467564e-15,0,0,TRUE,TRUE,TRUE,TRUE
"June",189,92,FALSE,TRUE,TRUE,374.476689198652,375.223778827092,366.741930808099,368.279100480184,,,,,1.44310731967823,1.38611848386623,1.54173283518946,1.48212989626862,0.104683919783101,0.134316895343149,0.324220807725514,0.336374584750624,0.414872584857681,0.481311026582829,0.359020994836959,0.396122086926336,1.28072361171722,1.50895640397382,0.13442076310047,0.231445327532433,FALSE,FALSE,FALSE,FALSE
"June",190,92,FALSE,TRUE,TRUE,373.138726230437,375.033114752949,367.719826294353,371.22174701167,,,,,1.37372964952014,1.36089775420015,1.42240613932115,1.43450881382462,0.102342411814568,0.13602137352476,0.29653974432995,0.30411891750764,0.484031214068204,0.499241479276897,0.429812149883552,0.421240400331347,1.65947966861374,1.59529395326388,0.527529577078051,0.460859193432659,FALSE,FALSE,FALSE,FALSE
"June",191,92,FALSE,TRUE,TRUE,399.65421389325,402.874227933285,396.354703746292,400.283914878415,,,,,1.75735966694904,1.771166456938,1.78682777463001,1.78836616864535,0.044548368734146,0.0545831251498074,0.179998153215573,0.17996606435501,0.226132213250907,0.213944943614953,0.234528069176951,0.233131069489323,0.813299643242449,0.707552191780238,0.239905315204048,0.233620952101666,FALSE,FALSE,FALSE,FALSE
"June",192,92,FALSE,TRUE,TRUE,397.98516820395,400.861204579108,404.472727041719,407.342881684628,,,,,1.71402453403545,1.69953584337152,1.72889960036802,1.73735943611827,0.0699004053904924,0.0775876113284535,0.0881910361535596,0.0957080367080582,0.289557377135061,0.299877894720634,0.273075957421711,0.260030780552679,1.02937234318243,1.04095861438425,0.851443392739008,0.744721758601916,FALSE,FALSE,FALSE,FALSE
"June",193,92,FALSE,TRUE,TRUE,390.210988440293,390.044369184568,392.389063587446,391.328929875004,,,,,1.49158261435859,1.46522852112818,1.5007884171732,1.46628925940847,0.0677396521131061,0.115452707983779,0.127725222384121,0.172474644492969,0.490655080897343,0.506837945384717,0.447143374931559,0.467465050590203,2.20847701664611,2.0323021876833,1.52623606189313,1.39355566330109,FALSE,FALSE,FALSE,FALSE
"June",194,92,FALSE,TRUE,TRUE,385.977072064733,387.150072072371,378.515593038139,380.959412709907,,,,,1.57342543209269,1.55383527592879,1.71666823912558,1.70221073778043,0.118382615017886,0.146908786061362,0.283923295239489,0.29602678286918,0.359771601302443,0.375373591586982,,,1.07109185873642,1.01153833555552,9.80336211316041e-15,0,FALSE,FALSE,TRUE,TRUE
"June",195,92,FALSE,TRUE,TRUE,376.97260628098,376.715200877335,373.419799924261,376.263281443967,,,,,1.40990857463534,1.35733929376854,1.43047738320764,1.38898101249757,0.0649054756756334,0.128696750326661,0.276298789369786,0.289540823031103,0.462529712296316,0.528120798325033,0.459820972587139,0.505483098990207,1.74748487924169,1.86783890751568,0.788282608806424,0.969708940212661,FALSE,FALSE,FALSE,FALSE
"June",196,92,FALSE,TRUE,TRUE,383.771620508243,387.514446273222,373.686538450545,376.926967406438,,,,,1.58281323520317,1.57330531529808,1.67220059426602,1.66531180573796,0.128576118985474,0.133056962547805,0.324674371883456,0.330267912487426,0.340426061529358,0.352312324022223,,,0.911900678622964,0.952445047160275,0,0,FALSE,FALSE,TRUE,TRUE
"June",197,92,FALSE,TRUE,TRUE,386.065477938974,389.769083719299,381.656632069919,382.79124676859,,,,,1.47248085422772,1.46071650288326,1.5230379581042,1.51317706552754,0.0571669798199407,0.061619116618827,0.279737387589519,0.295213520670871,0.48235249652841,0.500033367937717,0.431070900032524,0.430117970457707,2.10478654135164,2.21720555265636,0.690670094543517,0.603075209201384,FALSE,FALSE,FALSE,FALSE
"June",198,92,FALSE,TRUE,TRUE,378.863892181081,379.142158005319,377.859806362914,381.023192983127,,,,,1.5998852248342,1.54463377137593,1.68903025107916,1.62344199571574,0.0104276207905014,0.0621832386751016,0.128658764270139,0.145029764087202,0.176055518207825,0.24620500643135,0.140218262584333,0.193241845915358,0.568158437069861,0.650004068553711,0.0388356556708375,0.164704180693424,FALSE,FALSE,FALSE,FALSE
"June",199,92,FALSE,TRUE,TRUE,376.265378350348,378.947460594591,370.715585728649,374.35447025625,,,,,1.45752642987254,1.45485492748485,1.64541724746377,1.64219114453856,0.136527086573426,0.156284326060562,0.25985878429112,0.26278175842579,0.401336329637053,0.405830968555007,,,1.09764392819467,1.0349972272555,0,0,FALSE,FALSE,TRUE,TRUE
"June",200,92,FALSE,TRUE,TRUE,395.20207636962,397.738347666103,393.758254301292,397.494880424084,,,,,1.64380542344486,1.6335994464613,1.73468901363123,1.75272621006266,0.0415631220866986,0.0550646885747823,0.165620580387254,0.170252354697545,0.325918026710631,0.331806026785164,0.244047164085134,0.233236430206196,1.31203575297673,1.27087435551302,0.333328192789159,0.266799003650108,FALSE,FALSE,FALSE,FALSE
"July",1,92,FALSE,TRUE,TRUE,402.104647834984,405.951660650363,400.068023131743,403.565597038906,,,,,1.53099700350246,1.52607419533376,1.54553826429354,1.53640161137567,0.0552407874816871,0.060575425536599,0.264448790924969,0.271754411092125,0.556247492395229,0.56377174787589,0.547171345931779,0.556972818603959,3.22062756666772,3.27245499792239,1.76252395169795,1.79897560167486,FALSE,FALSE,FALSE,FALSE
"July",2,92,FALSE,TRUE,TRUE,371.578324254509,374.492576632908,379.280366209596,381.78916382272,,,,,1.42509985072927,1.39493565002611,1.43064239033927,1.39634125433546,0.226298745556428,0.244599655232372,0.229551504428249,0.251653324024975,0.469926056559778,0.50841882975531,0.462904611091362,0.504934323888233,1.0849231069672,1.22444886506188,1.03024890602659,1.16649089234837,FALSE,FALSE,FALSE,FALSE
"July",3,92,FALSE,TRUE,FALSE,381.28695098613,379.66111842222,381.956762348673,376.490199922562,,,,,1.38713171429924,1.2664034500283,1.41588705855563,1.26715225465084,0.115087179873314,0.180600689259101,0.260421778304029,0.30858115954567,0.600268238896525,0.74340976898684,0.573696117017776,0.704609643315023,2.79606072857636,4.29084068732452,1.72798492774805,2.58649487505515,FALSE,FALSE,FALSE,FALSE
"July",4,92,FALSE,TRUE,FALSE,377.328999956543,381.169421276421,379.475353395152,383.47042650696,,,,,1.41626515464101,1.42010591170042,1.41944656701246,1.41855458546379,0.114586321335608,0.110303074618864,0.174504044939376,0.174877431218837,0.462995078536815,0.453199437795819,0.456415513882395,0.457760965125579,1.54458713301809,1.49829653270117,1.22510075280469,1.23123578814121,FALSE,FALSE,FALSE,FALSE
"July",5,92,FALSE,TRUE,FALSE,338.89795305719,337.072519622645,341.24056722904,338.841719859181,,,,,1.07565415241135,1.02414079600691,1.07204026835074,1.01973498221735,0.0895576021238483,0.184227518147192,0.177025492052176,0.223274986030021,0.608988017435617,0.681599470970382,0.615026713068695,0.664160705536154,1.86744347626243,2.00215701075071,1.57918183685078,1.65783879601235,FALSE,FALSE,FALSE,FALSE
"July",6,92,FALSE,TRUE,TRUE,346.139470533284,348.212853795124,347.882078259553,350.680185624286,,,,,1.0680542574523,1.03867428400376,1.07433582809204,1.04764517631372,0.080408607345674,0.125506137010452,0.214709119097068,0.231622438969607,0.682946688779823,0.729160436502396,0.661022215179879,0.700279453565993,2.67575398910328,2.9806698621858,1.853701985338,2.10571342934765,FALSE,FALSE,FALSE,FALSE
"July",7,92,FALSE,TRUE,FALSE,361.950953287064,365.718867520751,358.8713927312,361.744118166693,,,,,1.25507590855727,1.24933826002023,1.27149935409581,1.28740479462933,0.0759197003039605,0.0757585013430841,0.264305997461694,0.28844295600568,0.522816095163955,0.529778743912137,0.514880821680381,0.501593571707359,1.77933236269076,1.82029098227136,0.977100543126032,0.820694230423319,FALSE,FALSE,FALSE,FALSE
"July",8,92,FALSE,TRUE,FALSE,382.911552983118,376.826089976445,385.536272952961,377.374616491538,,,,,1.37332690514803,1.2257493105354,1.37531500946007,1.21739066416427,0.145729714691994,0.27444221681536,0.197351783652174,0.321248033217043,0.612137160803672,0.760339202514724,0.599638386035207,0.744729348060525,2.76178013706255,3.78400328714286,2.2958510328899,3.03283165156193,FALSE,FALSE,FALSE,FALSE
"July",9,92,FALSE,TRUE,FALSE,375.900843772015,379.05244665285,379.480301947638,382.203820705509,,,,,1.52152409966671,1.49607391559746,1.59118276547131,1.5729109571351,0.0572875227566801,0.0751131067460555,0.106149178485445,0.117321984225251,0.274088851630069,0.31173237963257,0.214811597896225,0.231454955456233,0.781924605371775,0.876982351660824,0.380243354149354,0.400144016128513,FALSE,FALSE,FALSE,FALSE
"July",10,92,FALSE,TRUE,FALSE,379.040091540438,382.519739033627,382.974991561956,386.44522655769,,,,,1.43890464413058,1.4251502838296,1.45411367919426,1.43693852757355,0.156221421128199,0.176728190651652,0.211219924221632,0.22577703038331,0.506694020925828,0.532767933010835,0.495982369744961,0.522605942751599,1.72699173882172,1.82268265363976,1.38787174373872,1.49819767408889,FALSE,FALSE,FALSE,FALSE
"July",11,92,FALSE,TRUE,FALSE,379.229123309903,381.470587143825,383.598088618319,385.859548628164,,,,,1.48281941385682,1.43791672679691,1.49337233248784,1.44451654281041,0.119559798248566,0.131954028512717,0.145321588103976,0.155579021446531,0.408036038634103,0.459447175546384,0.394377156850342,0.447648687331734,1.24391908483906,1.47054400112513,1.0551247263484,1.28635962536763,FALSE,FALSE,FALSE,FALSE
"July",12,92,FALSE,TRUE,FALSE,363.899094939719,364.443121395341,363.187718636711,365.846664734424,,,,,1.3457571043656,1.3050522144418,1.36229117322203,1.33622917189202,0.0712190532258731,0.117042709909113,0.196569337129184,0.208364527674437,0.443775035815113,0.499267714616642,0.418616163640004,0.450690731804766,1.40859403038599,1.51785177849713,0.802360876210711,0.897743607311017,FALSE,FALSE,FALSE,FALSE
"July",13,92,FALSE,TRUE,FALSE,363.85309468952,367.62299032235,369.129301722464,372.9233616255,,,,,1.21252991359217,1.20758590813144,1.21300732711408,1.20706286724427,0.134099205765424,0.135443668407321,0.148634265088798,0.149188319489293,0.656312534131071,0.662266075589839,0.653869061496234,0.661293261600802,2.7294298307736,2.78173848510072,2.62046519853531,2.69106333715203,FALSE,FALSE,FALSE,FALSE
"July",14,92,FALSE,TRUE,FALSE,373.469104294358,372.085933341842,376.29562089271,375.025441217179,,,,,1.30075156188808,1.21664377505211,1.30379770758535,1.21687370228125,0.10503620871659,0.201054293056916,0.156052670659337,0.23727088420983,0.603948708106355,0.712877436563601,0.588100351082052,0.698156158575491,2.59085482766017,3.24573841441383,2.15179422326962,2.7673679809616,FALSE,FALSE,FALSE,FALSE
"July",15,92,FALSE,TRUE,TRUE,356.432576211691,358.7988946566,359.381062418815,361.291838535283,,,,,1.24832157438933,1.22580470166888,1.26365309040616,1.23725540337127,0.051500435458386,0.0868745586429209,0.174622357664419,0.193166654153623,0.494903598074793,0.534685775545094,0.479503676221277,0.510594821306023,1.62164511509272,1.72128711284893,1.08759712224584,1.16031774468321,FALSE,FALSE,FALSE,FALSE
"July",16,92,FALSE,TRUE,TRUE,364.412013835513,358.83818354446,364.842695565585,361.731875916412,,,,,1.26447756626152,1.15490157064562,1.27657431128537,1.16998113915173,0.0194363168042881,0.160069989089702,0.186195911062286,0.254351921733314,0.533526463006508,0.672128861956148,0.516658893975905,0.641676798661345,2.12784680866523,2.55366227227735,1.31365585670873,1.78513997563888,FALSE,FALSE,FALSE,FALSE
"July",17,92,FALSE,TRUE,TRUE,379.169601862343,381.268554233321,378.294012308132,382.257681916782,,,,,1.48915917794595,1.47507420305691,1.53022510990061,1.52231387654573,0.0345571021923446,0.0570783444405702,0.184821412133131,0.185719663382325,0.330203978298827,0.344115887319089,0.312073127907126,0.32003164431817,1.13572871253779,1.10431859192469,0.478222400533279,0.50725793154298,FALSE,FALSE,FALSE,FALSE
"July",18,92,FALSE,TRUE,FALSE,384.459934463798,386.072446728157,388.476279219254,389.052628808273,,,,,1.44041073347199,1.37981671458667,1.43874271480679,1.36861448859616,0.0834653826225938,0.132037508820157,0.118908997958865,0.159679127004692,0.504484409994281,0.590717589643837,0.503894627901519,0.587923802780379,2.10971544075605,2.58682917310537,1.91375149419105,2.35198787082282,FALSE,FALSE,FALSE,FALSE
"July",19,92,FALSE,TRUE,FALSE,359.338570066339,361.746573409131,362.513740365318,364.674649868807,,,,,1.27604660366766,1.24061351492791,1.28693943425047,1.24598078484503,0.0198792944474765,0.0489461975817982,0.075612940202525,0.10204010011175,0.433589317732406,0.494472731389603,0.413911352747852,0.477868468814999,1.41200257083633,1.62449953043308,1.12174419888323,1.32575845413604,FALSE,FALSE,FALSE,FALSE
"July",20,92,FALSE,TRUE,FALSE,371.123439818048,374.817154883779,375.363534042812,379.107351815835,,,,,1.30730091603424,1.31106067257331,1.31613014702778,1.31746970895355,0.121480341053016,0.123261221807736,0.167225524795447,0.167502090932073,0.59164008642366,0.582997828717406,0.580364052207496,0.575647382617642,2.36885147820144,2.27738202963656,2.03977015592243,1.99477565480307,FALSE,FALSE,FALSE,FALSE
"July",21,92,FALSE,TRUE,TRUE,397.1916064764,400.694609054054,393.041775673958,396.705016416121,,,,,1.59233643616661,1.6001669583815,1.80419297147799,1.85428981445725,0.115544031990655,0.119865610714544,0.300587323960817,0.306802311041164,0.437071068672243,0.425502838912044,0.322929124290082,,1.7157860206234,1.60703816338199,0.110484879545538,4.81198379761137e-17,FALSE,FALSE,FALSE,TRUE
"July",22,92,FALSE,TRUE,FALSE,382.344015889554,386.327563514283,383.382480839455,387.371543836838,,,,,1.52765604675015,1.52907684206003,1.54032152324512,1.54485491674814,0.042114053530649,0.041119415415866,0.118944603511168,0.119184022434351,0.321817004795716,0.318992487473895,0.311470720213305,0.30642323252459,1.11092359926186,1.10045352603305,0.748843387435531,0.725775029336447,FALSE,FALSE,FALSE,FALSE
"July",23,92,FALSE,TRUE,FALSE,388.078116446674,390.84096232615,386.032153844254,389.286754636886,,,,,1.54568269336677,1.54595141349441,1.63196682207674,1.62515348710548,0.125865748343323,0.137260519310751,0.249748241638322,0.248021526129018,0.428181945567836,0.422054768479823,0.356704591510688,0.355401510427451,1.47279828410565,1.36786661749255,0.484155720613761,0.481097034273678,FALSE,FALSE,FALSE,FALSE
"July",24,92,FALSE,TRUE,TRUE,385.521117075132,386.226283732366,388.8156531204,391.294042231355,,,,,1.50399310655075,1.5040319774642,1.52175959309829,1.51550697103561,0.111588998042913,0.142037526269446,0.188142865334529,0.204019142846048,0.43163570742643,0.416806088194465,0.414104929023296,0.418582275190149,1.49857187196166,1.24161062217506,1.02866625776958,0.973744213522691,FALSE,FALSE,FALSE,FALSE
"July",25,92,FALSE,TRUE,FALSE,384.856880066046,386.184251318064,386.229927087782,388.450809749442,,,,,1.50362809073139,1.51641705144587,1.50538787801935,1.5119437064995,0.0660283449827455,0.0905404196006271,0.121669456484707,0.141146397900886,0.387959027380166,0.359313844497983,0.375137054991226,0.364227292806904,1.39921194281118,1.11998991174603,1.06511817365083,0.921317890813424,FALSE,FALSE,FALSE,FALSE
"July",26,92,FALSE,TRUE,TRUE,354.635787326633,356.833958639176,357.356388745309,360.283724257044,,,,,1.17186607956508,1.1724063945892,1.17809765063013,1.17336216612361,0.212675717025059,0.220235198307889,0.323647191994142,0.329058658036659,0.683339764249686,0.667270235415718,0.671810853173091,0.671404639007795,2.46337488060862,2.22134592788346,1.75612183172848,1.70963163812149,FALSE,FALSE,FALSE,FALSE
"July",27,92,FALSE,TRUE,FALSE,383.529006664021,385.890888321492,384.23010205936,387.142301800796,,,,,1.45708701975524,1.46353656770555,1.48897820346393,1.49585486862553,0.054797897711306,0.0773383938526609,0.152240834798901,0.154699333726062,0.446951624675433,0.432413109917985,0.408650691744448,0.39121783925546,1.79125375420293,1.58321213055491,1.11195774251365,0.999062126458557,FALSE,FALSE,FALSE,FALSE
"July",28,92,FALSE,TRUE,FALSE,363.916680013709,366.273124749113,367.192120466075,370.76160420912,,,,,1.35330572860614,1.34685880023477,1.36117916634935,1.35498592772796,0.133439694870468,0.155891239750359,0.196353717311152,0.197770467571863,0.446500002191836,0.452390262027492,0.447237112584473,0.452396233983994,1.20550397254964,1.14051670113938,0.967644528806119,0.98357026407404,FALSE,FALSE,FALSE,FALSE
"July",29,92,FALSE,TRUE,FALSE,388.224075506741,391.142769130567,391.305188210396,394.815125186414,,,,,1.48117348105154,1.49591656856801,1.48349462665924,1.49209449484239,0.167546664999253,0.168650356871338,0.210180343782648,0.208102166883231,0.542889499752551,0.511077049902935,0.532299472883736,0.514695178509715,2.13946007729423,1.84856908155713,1.78643811701232,1.65117783638932,FALSE,FALSE,FALSE,FALSE
"July",30,92,FALSE,TRUE,FALSE,370.336271170316,365.422419938361,372.524061678807,370.100175495874,,,,,1.35243469602478,1.29871876508615,1.37235685263475,1.3124553311635,0.0761991668817489,0.165702643566763,0.146598859130474,0.198831037195676,0.454823752939962,0.492687726860983,0.428909158530768,0.48103796104524,1.5142114130545,1.29079560090893,1.08939521201115,1.1019352787695,FALSE,FALSE,FALSE,FALSE
"July",31,92,FALSE,TRUE,FALSE,396.146004449148,391.942701907419,397.761747702831,396.477997071146,,,,,1.60722901376097,1.52648072024842,1.62854132053962,1.53378525896707,0.0817043929360878,0.150776353757219,0.134985807414758,0.179047367009096,0.396581247157243,0.455019221822243,0.362998819766495,0.450160602260607,1.57969758136458,1.53044282891956,1.08799480182428,1.35488735647168,FALSE,FALSE,FALSE,FALSE
"July",32,92,FALSE,TRUE,FALSE,367.624431338143,370.681158855942,371.19346032348,374.223026373633,,,,,1.24588854140312,1.24507951532529,1.25395232857326,1.24770874705056,0.172936056628663,0.177016598219935,0.192318978271598,0.19777708338568,0.647224853690043,0.64086240955594,0.620128294150282,0.622183228451788,2.55454326553368,2.44685299503578,2.15158312654991,2.1245215250146,FALSE,FALSE,FALSE,FALSE
"July",33,92,FALSE,TRUE,FALSE,376.270839188512,376.439140059663,378.63793294336,379.235758061953,,,,,1.44211109897946,1.37120546419927,1.44984652374461,1.3703515287508,0.0546260112321732,0.114111619854647,0.117345682186437,0.172897792028466,0.383714482918861,0.482161441249518,0.375695025389956,0.484772957124491,1.30045462528011,1.58936855617786,1.00394422473438,1.34036440717873,FALSE,FALSE,FALSE,FALSE
"July",34,92,FALSE,TRUE,FALSE,377.00800820022,378.996522860247,376.498936944899,378.860015558354,,,,,1.4187224260457,1.40416492128845,1.44351399306259,1.42544862099474,0.0992269498916161,0.129687209735126,0.210088437739253,0.224762892647442,0.460558045321657,0.477526208397003,0.43142867053048,0.44827897997113,1.59245282571889,1.54999377109902,0.931039100216794,0.946890044999532,FALSE,FALSE,FALSE,FALSE
"July",35,92,FALSE,TRUE,TRUE,354.352692423767,351.671223824092,359.2227923192,358.814480149295,,,,,1.2159085968458,1.18151671429312,1.21059177612677,1.18207034435226,0.125334351773275,0.167612618386703,0.177053458569627,0.194401629518665,0.555437491347017,0.5610361097848,0.555668111896449,0.564799510398963,1.70530801798852,1.48719123921686,1.48133874348344,1.41063256120177,FALSE,FALSE,FALSE,FALSE
"July",36,92,FALSE,TRUE,FALSE,387.805843257028,389.691877234518,386.470410922025,387.797994996334,,,,,1.53492554918682,1.52441919550116,1.55577787539359,1.53247685229441,0.111088516747039,0.151690358374939,0.20536376136506,0.246539567707966,0.425120824496588,0.442261299222672,0.39195398897059,0.424349380145163,1.50414157942053,1.41150474916751,0.841485448244845,0.822131633143263,FALSE,FALSE,FALSE,FALSE
"July",37,92,FALSE,TRUE,FALSE,375.599919853714,379.18948418983,378.569139319138,382.289956601714,,,,,1.4052642194152,1.40765146145594,1.45383313299988,1.44862105117393,0.153869295849299,0.144086236106213,0.206825782482629,0.203628361684974,0.497427427035309,0.483814143327355,0.437877130055497,0.439248942658611,1.59767054577538,1.54033127916547,0.999777893519342,1.01599797835557,FALSE,FALSE,FALSE,FALSE
"July",38,92,FALSE,TRUE,FALSE,409.876851213026,413.113463480291,409.701293164882,413.296107012754,,,,,1.78582361448684,1.77808015608087,1.8264004090895,1.82507044317708,0.125084270038574,0.133834877290296,0.195425012064111,0.199594058673812,0.378517412497977,0.385120757254108,0.333536007199572,0.334738364370578,1.49146813580705,1.48194899474554,0.764572946931584,0.747626782434356,FALSE,FALSE,FALSE,FALSE
"July",39,92,FALSE,TRUE,FALSE,373.990773725497,377.191441225589,371.796480216382,374.16404111533,,,,,1.34781579534045,1.3667115940876,1.38658880340444,1.46113233351889,0.111715217393195,0.108401018822856,0.228174901602834,0.244037318922813,0.51809059201292,0.480212829563463,0.458412634319834,0.378510636045553,1.84981237394641,1.59923547391461,0.949200205780136,0.515062682407731,FALSE,FALSE,FALSE,FALSE
"July",40,92,FALSE,TRUE,FALSE,392.97313819217,387.000242151754,395.031405660635,389.519111868423,,,,,1.50690099065234,1.40412576712904,1.51450398756945,1.41261875362468,0.123933735498464,0.210485061134302,0.194118850766981,0.25218572904164,0.509019856364412,0.586856607506837,0.500413516458493,0.566526504162611,2.13981229534154,2.17378757951687,1.6678986784222,1.73166180500819,FALSE,FALSE,FALSE,FALSE
"July",41,92,FALSE,TRUE,FALSE,380.980975335503,381.841426649843,385.38508765788,386.767340215188,,,,,1.41406632139545,1.37597991184541,1.41678138541969,1.37784994741513,0.0940338358979352,0.153215175580723,0.143110159162573,0.182730305213262,0.519837291277162,0.572088690891058,0.523896506253497,0.572852362818527,2.11523386244508,2.2203937266388,1.90610526806136,2.07105806288518,FALSE,FALSE,FALSE,FALSE
"July",42,92,FALSE,TRUE,FALSE,402.588860759706,406.200188822006,405.187744413075,409.050401809078,,,,,1.70300839086488,1.70390896941709,1.73761342484482,1.7375782345017,0.111303483519385,0.117416063393412,0.187915289442233,0.190643776354223,0.375894496824988,0.375019630079662,0.363224283638915,0.364185553439028,1.41914208414239,1.37906701062257,0.9366139005641,0.928086902627778,FALSE,FALSE,FALSE,FALSE
"July",43,92,FALSE,TRUE,FALSE,369.084883075413,372.377003217817,372.784787391633,376.020820324146,,,,,1.34718348428792,1.34557187032144,1.35810052225457,1.35945694250761,0.041382600652548,0.0460619664746003,0.0862345564759793,0.0899474633468336,0.427086049569475,0.424144870423854,0.41154296002696,0.403517055063793,1.45409055280611,1.41283969581752,1.20072138498463,1.14093278579497,FALSE,FALSE,FALSE,FALSE
"July",44,92,FALSE,TRUE,FALSE,387.401804470384,391.136807924422,388.59033493449,392.422602233549,,,,,1.36718344293428,1.36726919401557,1.37866353908538,1.37914480040108,0.101177549747092,0.0992749354804901,0.179110007925916,0.182674603155267,0.62828810105168,0.62471362245736,0.600568926179423,0.600070743191588,3.28183089831169,3.23886440602501,2.44912518109288,2.42286924973491,FALSE,FALSE,FALSE,FALSE
"July",45,92,FALSE,TRUE,FALSE,392.647961031542,396.15191017716,396.334341354942,399.485485512926,,,,,1.57891511065982,1.56360352753295,1.59312646818013,1.56933346262755,0.0996024454342549,0.100038046440646,0.125057284981195,0.12989696079159,0.395117823366583,0.408940920011784,0.372864411220864,0.395125261828673,1.42901395184365,1.5052246036071,1.16161777375048,1.25880240593138,FALSE,FALSE,FALSE,FALSE
"July",46,92,FALSE,TRUE,FALSE,395.357247506571,396.348193397226,399.56207674611,400.587192082309,,,,,1.52498170055147,1.4883344349757,1.52520421927412,1.48434581511157,0.206627856547638,0.231293268444106,0.227133306467861,0.25566595170308,0.602708529753354,0.630572700636028,0.59345041977637,0.629314943298406,2.75351490955678,2.85213105429298,2.47941757137226,2.63874563865761,FALSE,FALSE,FALSE,FALSE
"July",47,92,FALSE,TRUE,TRUE,374.588612454458,377.789551533151,374.158963719343,377.565230919969,,,,,1.32429710174333,1.30564662672291,1.34889950078451,1.324684440628,0.119939256465717,0.12793755701828,0.320355384300615,0.324585730528249,0.599639971356656,0.623251790579277,0.585813001655022,0.612703130143249,2.53739778428436,2.71605384581564,1.36935539714693,1.54396028599272,FALSE,FALSE,FALSE,FALSE
"July",48,92,FALSE,TRUE,FALSE,391.22335920767,394.256162727062,393.294954852241,396.735175763913,,,,,1.60281178462485,1.57879083661633,1.62291123302002,1.59031397142833,0.120503867523106,0.135338277432678,0.159345874662527,0.171466497835888,0.38098371366796,0.410673759409758,0.347307352722891,0.386714914587004,1.24628377440089,1.3500544706444,0.856477893378574,1.01332149623158,FALSE,FALSE,FALSE,FALSE
"July",49,92,FALSE,TRUE,FALSE,383.867799603272,377.222831942311,384.470317691544,380.251048389369,,,,,1.52917109824328,1.37630592261374,1.54216142044708,1.38851458033326,0.103329955081263,0.219679206864674,0.169212669290451,0.248500701662349,0.392365689013808,0.562411363836134,0.365567157364542,0.531758057884421,1.28469843151547,1.75337589052922,0.831657020027606,1.36266759514844,FALSE,FALSE,FALSE,FALSE
"July",50,92,FALSE,TRUE,FALSE,367.995391803607,371.855632061174,373.033850208667,376.925217223295,,,,,1.23352768920525,1.22849929564009,1.23417440173859,1.2294961155246,0.147573817681727,0.150057393743966,0.162445425119273,0.164224214221532,0.650545592652536,0.657580610076717,0.646297704263691,0.652820994464045,2.69755613433814,2.75836456189502,2.56147100862396,2.61815140840107,FALSE,FALSE,FALSE,FALSE
"July",51,92,FALSE,TRUE,TRUE,347.215071708444,347.978658189668,352.036927135162,354.019422171692,,,,,1.16195441114118,1.15066297016692,1.17469588227163,1.16288595017637,0.141914206893151,0.179759210463842,0.199601979341414,0.222517185244344,0.561095067349692,0.565685087771411,0.538500247924985,0.550164039742866,1.55291446861726,1.41191245759655,1.20435546830286,1.17016377504033,FALSE,FALSE,FALSE,FALSE
"July",52,92,FALSE,TRUE,FALSE,395.483906742497,394.714470702248,399.705117437838,399.291134554066,,,,,1.64616530605584,1.56809516074186,1.6547909634573,1.57055065621081,0.212504257675707,0.272324292776036,0.23510202157505,0.295845157444995,0.440322402828588,0.521073349580146,0.431153146403154,0.521155111129347,1.26824391099584,1.48653774274536,1.07564528938851,1.34432489569832,FALSE,FALSE,FALSE,FALSE
"July",53,92,FALSE,TRUE,FALSE,383.3408621559,386.878395471731,382.6591237958,385.842019425967,,,,,1.49529827700896,1.48846758316254,1.56426392136363,1.57093425697075,0.163672875351553,0.16027883020992,0.29320962454356,0.301859169460528,0.477644362596786,0.479725681331274,0.428813367961448,0.423730218391795,1.56924897863753,1.59008311912187,0.645802900198857,0.57667528199682,FALSE,FALSE,FALSE,FALSE
"July",54,92,FALSE,TRUE,TRUE,387.818597915119,391.812508361005,391.305319193446,395.21580827207,,,,,1.4287200625201,1.42981189652161,1.42749687061983,1.42269935228412,0.136775794474862,0.135945152599076,0.239505100371,0.242708675241847,0.600802492945887,0.598785386248939,0.605042072906693,0.611998957177572,2.85844139802903,2.84027382835083,2.25050966397918,2.30164200476324,FALSE,FALSE,FALSE,FALSE
"July",55,92,FALSE,TRUE,FALSE,374.661927964168,375.806624730668,377.224841332401,376.912694298435,,,,,1.3050143931697,1.26085226635251,1.30954598879451,1.26280723014088,0.0614769414056001,0.116344704370834,0.121586486035396,0.165286651523832,0.58133735049735,0.642230022340102,0.564391117056357,0.610438266021986,2.58234194784105,2.87293968012694,2.11013718586389,2.21730385245144,FALSE,FALSE,FALSE,FALSE
"July",56,92,FALSE,TRUE,FALSE,363.255922187739,365.921156278703,367.233465741885,369.824506654171,,,,,1.34123447536366,1.32484808020883,1.36707659116929,1.34574420399929,0.0476013360004395,0.0750115554427333,0.0792497028920625,0.106190120192507,0.378905414462217,0.407268614469427,0.338809252671496,0.373675015110466,1.12492503139252,1.15658531602859,0.84529145660892,0.895438676937153,FALSE,FALSE,FALSE,FALSE
"July",57,92,FALSE,TRUE,FALSE,405.212505790368,402.289352351225,409.33829812784,407.700275536994,,,,,1.81709397054756,1.64251090040384,1.86600684052392,1.65092894356687,0.0968536029525296,0.189655754202995,0.133222200391083,0.191439882131503,0.280160421254396,0.470003245519414,0.24762138506903,0.455128245722695,0.937937695901711,1.65444877795577,0.575254048193817,1.5222241188804,FALSE,FALSE,FALSE,FALSE
"July",58,92,FALSE,TRUE,FALSE,376.612805624061,376.473642241363,378.671590579756,377.5078122397,,,,,1.43914097013487,1.36692597836109,1.45580594881964,1.3712715341894,0.128501347913884,0.212004343748759,0.223837356507752,0.301763734522135,0.477889646912666,0.588833351549923,0.468615027102964,0.579514111379378,1.61077322889122,2.01500172488168,1.11622727728811,1.4427691475834,FALSE,FALSE,FALSE,FALSE
"July",59,92,FALSE,TRUE,TRUE,408.653018600952,412.526971737671,408.944777522654,411.574126657757,,,,,1.76861352340381,1.76327609250554,1.83530369158569,1.82562465748175,0.0365845849623655,0.0416970623319248,0.177878361151778,0.195423222936838,0.312709981434328,0.321367536195558,0.285721204819645,0.298047089962549,1.44556745079087,1.47584061949545,0.55482748102033,0.530713310423575,FALSE,FALSE,FALSE,FALSE
"July",60,92,FALSE,TRUE,FALSE,354.620788944554,354.982206087752,358.758458599376,359.146079809016,,,,,1.13185799767406,1.11401664978556,1.1351512825751,1.11710172746941,0.188181864744048,0.201536187699001,0.223636825142179,0.233326875076279,0.718685988276032,0.716780837754657,0.709389604991147,0.706980162367501,2.96477498802569,2.76752100783454,2.63283717482407,2.4630291501852,FALSE,FALSE,FALSE,FALSE
"July",61,92,FALSE,TRUE,TRUE,385.692686247584,387.115824378821,392.598228974937,393.78476793746,,,,,1.64792387507956,1.50551607996301,1.64919903143424,1.49550013693658,0.00889131000162605,0.0820763634073754,0.0242936630130698,0.100784879298769,0.17732908766178,0.374807876567425,0.178722977165908,0.386490117345335,0.618742463432742,1.24215949105241,0.566284744548521,1.21864691127512,FALSE,FALSE,FALSE,FALSE
"July",62,92,FALSE,TRUE,FALSE,373.04333067275,369.63163268933,374.129007747062,373.609998011039,,,,,1.34297617972124,1.29279486908754,1.35807945390837,1.30472643058144,0.0860568110219669,0.15126847083057,0.168997250088199,0.19914003640636,0.508690611415896,0.539479433197202,0.481482632238577,0.528515774763279,1.86722071500043,1.69394964697663,1.31349328849729,1.41636303519944,FALSE,FALSE,FALSE,FALSE
"July",63,92,FALSE,TRUE,TRUE,343.53327474147,346.914440225204,345.188243833971,348.597157514911,,,,,1.17843501682555,1.19423526101338,1.2012495344995,1.21405612034064,0.0926730298613753,0.097752869661781,0.183761536381514,0.192869317963714,0.447070419117879,0.417031015485942,0.408177527690318,0.392023399651033,1.05792273565288,0.920052284240991,0.630597455756321,0.551525661486546,FALSE,FALSE,FALSE,FALSE
"July",64,92,FALSE,TRUE,TRUE,389.928092714519,391.408602954961,385.037463067348,386.339708485315,,,,,1.55790765334681,1.60901638474177,1.61146727155245,1.67370432548876,0.0399094171909739,0.0861012720226897,0.238407590883399,0.26735584502627,0.382599009817868,0.313733390871528,0.340492959796928,0.306457576167907,1.56673821598612,0.973708839092389,0.438256740341825,0.164955112358651,FALSE,FALSE,FALSE,FALSE
"July",65,92,FALSE,TRUE,TRUE,364.475656373395,356.41700524088,370.147691679739,362.851552476684,,,,,1.26042598700504,1.15259162709252,1.26491118745403,1.15282234349293,0.198305094913046,0.34783403742957,0.237584874200357,0.354289261854068,0.58092966046173,0.692485011404715,0.574739262377508,0.683553045986952,1.7684795160631,1.83368151009922,1.53509733526362,1.69701349582927,FALSE,FALSE,FALSE,FALSE
"July",66,92,FALSE,TRUE,FALSE,389.371717677289,388.202856093951,392.005378516506,390.187352444615,,,,,1.51229642350095,1.43991145064506,1.53900949319972,1.45883788801598,0.0600414312229675,0.134015855372646,0.176330526320433,0.230743663018803,0.450541981782135,0.537412571689814,0.448735879627675,0.524715856422274,1.92124941366135,2.15769626743779,1.35813675078153,1.54529078113199,FALSE,FALSE,FALSE,FALSE
"July",67,92,FALSE,TRUE,FALSE,349.256973131014,345.923398628446,352.982958954899,349.54012027546,,,,,1.2705310727025,1.1836937066413,1.27326025004928,1.18443892255609,0.239590421405488,0.302184981858756,0.280393845994477,0.326910545462555,0.475387155891749,0.566837742837326,0.480823382168422,0.561592775161589,0.839503991596774,1.00834023864043,0.717703673378191,0.877848460503763,FALSE,FALSE,FALSE,FALSE
"July",68,92,FALSE,TRUE,FALSE,421.974937157208,420.193873033865,419.946407086906,420.070591993744,,,,,2.04190502763525,1.96996855992976,2.17368171965039,2.10638080539757,0.0572232175544013,0.137431758805071,0.142194052943566,0.177312012478441,0.20197046330038,0.277061866103056,,0.186239064297159,0.828769404999705,0.824140956328145,0,0.0491725830961879,FALSE,FALSE,TRUE,FALSE
"July",69,92,FALSE,TRUE,FALSE,367.95422688579,367.79030052437,367.478366027788,369.536811881785,,,,,1.34040724799695,1.32112593954527,1.35765139910229,1.340010751626,0.181280744238511,0.215093429247314,0.271083720052817,0.281490328465231,0.517594676090871,0.522455480568598,0.490042568393127,0.501349164018394,1.48569134086834,1.32728272744609,0.915588156780861,0.917242847128332,FALSE,FALSE,FALSE,FALSE
"July",70,92,FALSE,TRUE,FALSE,388.863293728167,389.865974055141,388.995014161492,392.302934746793,,,,,1.53190899689046,1.49428401656772,1.56822934876624,1.54281043476489,0.168817345942495,0.212514157993538,0.244064755099265,0.252221443349873,0.468440255900968,0.511666017598149,0.426436250705675,0.452033585016103,1.55633385155358,1.61663155291679,0.890460620350995,0.996286186590232,FALSE,FALSE,FALSE,FALSE
"July",71,92,FALSE,TRUE,FALSE,363.987101856994,367.581825831643,365.186746196877,369.06032556408,,,,,1.14937314717845,1.14231828155759,1.15477732881381,1.15097241383804,0.0709755382898374,0.0766297973915918,0.195808703219591,0.19835788656561,0.707866282066216,0.716452534501407,0.698375035970199,0.703621880382576,3.59996687055559,3.68417522977072,2.75316379732418,2.80065022953443,FALSE,FALSE,FALSE,FALSE
"July",72,92,FALSE,TRUE,FALSE,401.138002948554,404.894236495585,404.040702729092,407.604150708999,,,,,1.57928448661127,1.57504579892477,1.5797383087981,1.57903989512998,0.0495020985843398,0.0524160193736735,0.124155253199787,0.123801022283213,0.449840552972071,0.454331230351042,0.460612004982327,0.456755334369683,2.18481592449659,2.20108920838686,1.85767565471717,1.821817063269,FALSE,FALSE,FALSE,FALSE
"July",73,92,FALSE,TRUE,FALSE,395.986738462052,399.500224506988,398.243086147551,401.375079418457,,,,,1.62016712515782,1.60520346334169,1.638851370779,1.62169106329508,0.0424671076381497,0.0462419121339919,0.111338986605148,0.11865900891929,0.343833548742037,0.359836445558084,0.332997217664165,0.34873461598854,1.4080078781505,1.47990430099856,1.02190448172236,1.06773630685701,FALSE,FALSE,FALSE,FALSE
"July",74,92,FALSE,TRUE,FALSE,391.523402290375,393.856879142682,389.598280321815,392.492180093869,,,,,1.61514050141357,1.59180275626538,1.70761743605394,1.65689917061676,0.235975503462394,0.255325277347163,0.308385286586979,0.319134021072977,0.453503377056878,0.476203075145445,0.376230572083705,0.413120816852268,1.19415956905783,1.23296434656875,0.339848526564356,0.480189288457047,FALSE,FALSE,FALSE,FALSE
"July",75,92,FALSE,TRUE,FALSE,376.823787047187,379.240790051437,377.568013559799,380.434902968538,,,,,1.32980244301161,1.3087824870574,1.33527753061355,1.3160488425368,0.0570738476214938,0.0741862834183113,0.146924218819855,0.155585680752767,0.535796738548389,0.5588296922708,0.519288354371604,0.539588402326764,2.2335392067371,2.3114905013695,1.66713855319462,1.75052126511292,FALSE,FALSE,FALSE,FALSE
"July",76,92,FALSE,TRUE,FALSE,382.200355702042,381.718456117889,382.815335239032,384.094018490972,,,,,1.48172907847615,1.42117462848712,1.49112122883996,1.42777755737844,0.0200529954546919,0.0735720913862583,0.12055518367406,0.141615991961624,0.382562880202643,0.455941636738538,0.371880612984129,0.444637934727905,1.5070211942052,1.67302307868513,1.02078068435286,1.29592757816398,FALSE,FALSE,FALSE,FALSE
"July",77,92,FALSE,TRUE,FALSE,385.751062641323,388.605694212442,390.468208224488,392.909207096947,,,,,1.5302418304509,1.4977013011512,1.53280190201761,1.49514156646374,0.0888517686753669,0.112993230767969,0.112000236211226,0.139209835819193,0.394024279380005,0.441798930664986,0.391771008106007,0.44307961625328,1.37196696018475,1.54953525672917,1.25135486304786,1.42489320879307,FALSE,FALSE,FALSE,FALSE
"July",78,92,FALSE,TRUE,FALSE,396.248240020186,396.606146217816,401.116654470973,401.388316795009,,,,,1.62163891840489,1.54525025063283,1.6339519304126,1.55112779263923,0.22314970635442,0.276055258565787,0.242580183043618,0.290804030821194,0.48187474446905,0.564860457798764,0.47138696149565,0.556490606647926,1.52775273564546,1.87184500829178,1.33398011700978,1.69330946726961,FALSE,FALSE,FALSE,FALSE
"July",79,92,FALSE,TRUE,TRUE,381.575950061091,381.944112198778,382.481643495267,382.980277623152,,,,,1.36639041467927,1.29199313695228,1.38617631033472,1.30538921288484,0.113134444825409,0.170706087600465,0.238052259076234,0.27253722737675,0.600680732122288,0.693722000699423,0.56171112616123,0.652288400616567,2.76534788491498,3.49928276338884,1.68398480383884,2.24767736010041,FALSE,FALSE,FALSE,FALSE
"July",80,92,FALSE,TRUE,FALSE,384.425777832544,385.889195993754,378.193394417239,380.909833401043,,,,,1.6102652648759,1.59173366877217,1.73239323914939,1.72035033404737,0.0720805083076512,0.0902352373371826,0.178005234525773,0.189495304240112,0.264308546744437,0.274802006134736,,,0.761780646116483,0.723915125151293,0,0,FALSE,FALSE,TRUE,TRUE
"July",81,92,FALSE,TRUE,TRUE,378.820885924807,381.735139201532,379.709735285824,382.21368452584,,,,,1.46670327720011,1.46167524523873,1.5245994537783,1.51561785100681,0.112368334351669,0.118213752955971,0.22382710573704,0.240274076383471,0.409813549769647,0.408800560946841,0.360164801503762,0.370650242321099,1.26699454785939,1.22556559348233,0.551427076849926,0.528958532917482,FALSE,FALSE,FALSE,FALSE
"July",82,92,FALSE,TRUE,FALSE,373.905695731128,368.242422841924,378.484716893677,373.046517491218,,,,,1.29439982637841,1.20527161097055,1.29417639206222,1.20518154411701,0.133663057209593,0.276728241197665,0.164704993786621,0.289792278984295,0.626253086690021,0.717370100501727,0.625675980419274,0.712753701300907,2.69894250426755,2.78657804243428,2.51379526788824,2.625607254697,FALSE,FALSE,FALSE,FALSE
"July",83,92,FALSE,TRUE,FALSE,379.045929498555,376.776679250646,374.495014480749,375.679755805781,,,,,1.3110163146984,1.28086400998273,1.32877255962787,1.29039937773341,0.143136855789604,0.204099063061831,0.345112122440978,0.358717990709357,0.653382767424413,0.659568133400565,0.631554271434506,0.659730438141334,3.11451606355283,2.69164604641922,1.64130355840216,1.77280867753662,FALSE,FALSE,FALSE,FALSE
"July",84,92,FALSE,TRUE,FALSE,362.785903156075,366.30742020207,363.865563149972,367.370813153397,,,,,1.30486233111192,1.31485832447058,1.3067192381106,1.32013028045964,0.159254692075721,0.156935102781807,0.238033337606585,0.240249137789591,0.52524902303286,0.503272048450272,0.518386800214388,0.496571270187928,1.55279539151305,1.41866792013418,1.15879327887898,1.02708150052978,FALSE,FALSE,FALSE,FALSE
"July",85,92,FALSE,TRUE,FALSE,396.59717515508,394.607261564882,400.05188047454,397.844369697686,,,,,1.54400956444846,1.40456828384796,1.5580549675767,1.41190555748941,0.114247804482987,0.193272571899412,0.144233063377949,0.206512280164182,0.514003912426326,0.667637835801232,0.485748944318616,0.638842827961917,2.3461255723369,3.4620690594384,1.90639847511945,2.91017725053683,FALSE,FALSE,FALSE,FALSE
"July",86,92,FALSE,TRUE,TRUE,410.406773366957,414.385529997859,410.806522445842,413.906772355685,,,,,1.83247617776641,1.83313130003692,1.87297630770711,1.86621795260127,0.0355079044232152,0.0352913813715209,0.146157896111751,0.15804684105347,0.253221389382956,0.252157734801745,0.24304136745278,0.251893384478386,1.11037582464909,1.10492201723555,0.486138402720939,0.472554750205528,FALSE,FALSE,FALSE,FALSE
"July",87,92,FALSE,TRUE,TRUE,385.773084460773,389.552114421268,385.246135236721,389.014170926964,,,,,1.53502908422399,1.53429209469764,1.56073768076127,1.54551528060196,0.126586966698541,0.135098076901663,0.22772932128668,0.232092364282661,0.425678254182796,0.429812483377051,0.384642285632966,0.401681030353853,1.42435668341673,1.41176487874449,0.693285399501384,0.760065784078259,FALSE,FALSE,FALSE,FALSE
"July",88,92,FALSE,TRUE,FALSE,365.017943390972,368.431211856087,368.817100241583,372.563145900009,,,,,1.40582076274804,1.40205163843685,1.41633784627974,1.411009931628,0.0812225451864222,0.0864029545800054,0.109020326649252,0.111523735452296,0.316134358672754,0.319081100480306,0.303427199222321,0.309395700477016,0.780497000739436,0.772010788976217,0.635365650855713,0.648441262110512,FALSE,FALSE,FALSE,FALSE
"July",89,92,FALSE,TRUE,FALSE,363.141793441902,365.718311140187,365.931400690546,368.307323625672,,,,,1.26789563465361,1.24190801137185,1.29391250005039,1.26606252922137,0.0563700577017283,0.079519826061504,0.151847736779776,0.154392297974879,0.528926852005454,0.56889302921465,0.499290128425217,0.527231426360818,1.93371476530501,2.11023570497521,1.36974469878418,1.49956393345431,FALSE,FALSE,FALSE,FALSE
"July",90,92,FALSE,TRUE,FALSE,348.409129863699,349.728315590221,354.318275715496,355.507847229855,,,,,1.14258200073573,1.12164681228783,1.1430177839173,1.12230797212828,0.193985075081065,0.249004447947704,0.190823451211623,0.248166767983838,0.65079345656176,0.681716638287481,0.647713027245547,0.678135817943967,2.05750857443885,2.06332080680439,2.04084744853144,2.02864952336675,FALSE,FALSE,FALSE,FALSE
"July",91,92,FALSE,TRUE,TRUE,384.91625961149,388.321700368072,377.977330229628,381.254609926899,,,,,1.58556383215447,1.57944688560308,1.71165373668202,1.70494384194909,0.0548816410697686,0.0583526641610087,0.216624685027946,0.222806855435746,0.284358690463478,0.288204997358671,,,0.917550193833096,0.917280975152278,1.32414217512007e-13,0,FALSE,FALSE,TRUE,TRUE
"July",92,92,FALSE,TRUE,TRUE,386.243270129968,388.402324678021,386.189346971564,389.515103892919,,,,,1.35211677044785,1.33313937571396,1.36103944921159,1.34440914375061,0.156840502771986,0.153972998558146,0.282003622591469,0.281435515348892,0.676395259850372,0.682565967767082,0.644959786557624,0.658750194246674,3.61856584646471,3.65338597351847,2.29110520098028,2.42638802211358,FALSE,FALSE,FALSE,FALSE
"July",93,92,FALSE,TRUE,TRUE,382.374549895277,384.774654933762,382.998802152014,386.642806843369,,,,,1.41381460022409,1.41562803248666,1.44461225213178,1.44358238232094,0.104011742273552,0.116861446659087,0.292419770763049,0.289902785824574,0.514595753357206,0.501506640324174,0.518819007859999,0.515225086645062,2.03565723038814,1.85327143583294,1.14563177040343,1.1293232996099,FALSE,FALSE,FALSE,FALSE
"July",94,92,FALSE,TRUE,FALSE,383.944068740605,387.325173814613,381.863288303044,385.738723469808,,,,,1.72912756136416,1.73718831445684,1.767292833633,1.76609681168975,0.0402697756666888,0.0444418316030145,0.113003166562653,0.114214999225347,0.117328520925158,0.110246402864291,,,0.277313609190422,0.235510480431847,3.36159816134607e-16,1.45484551179383e-17,FALSE,FALSE,TRUE,TRUE
"July",95,92,FALSE,TRUE,FALSE,343.945474790431,347.93619630202,345.344530562597,349.095491135243,,,,,1.07073961539332,1.07083482860238,1.08849901923106,1.09089331304062,0.0602077867228563,0.0620516536056992,0.165842857569862,0.173113424918897,0.628286390586847,0.628750395126116,0.597081924908387,0.594190202521963,2.17363628094741,2.17134563774233,1.5480462101951,1.50512244555533,FALSE,FALSE,FALSE,FALSE
"July",96,92,FALSE,TRUE,FALSE,379.420431932824,382.658981066794,380.787110429531,384.487827557041,,,,,1.48582866081961,1.47884234100684,1.52334326489238,1.51196435111178,0.11903661399221,0.126743827622887,0.183660504999885,0.183217372219302,0.397870071157778,0.404237894026168,0.356859348378719,0.365964434505705,1.18905287329601,1.18516348537948,0.704197818855797,0.745431026648846,FALSE,FALSE,FALSE,FALSE
"July",97,92,FALSE,TRUE,FALSE,374.094149191324,373.944716735609,376.12661873745,377.394331527939,,,,,1.27889995848118,1.2495882237692,1.29389938561085,1.26441207847928,0.235373865438191,0.291363058438209,0.324004453567252,0.341534601180732,0.6667039721836,0.692050488553814,0.657302387067015,0.677898874544384,2.61679194740817,2.51234500355095,1.98624214884416,2.04370160231463,FALSE,FALSE,FALSE,FALSE
"July",98,92,FALSE,TRUE,TRUE,388.36449908337,391.66886786322,390.023364001087,393.882526948877,,,,,1.54324229866452,1.53826366727976,1.54757270269843,1.53799264939143,0.0633062803160374,0.0699239230106801,0.179231306760351,0.181032729412802,0.389217362005895,0.392338515838647,0.395687444475616,0.406744697815255,1.48291970773583,1.464623055407,0.980120852098637,1.03160351635465,FALSE,FALSE,FALSE,FALSE
"July",99,92,FALSE,TRUE,TRUE,369.798019671555,372.728100813793,370.360411494361,373.615335943629,,,,,1.33938845548822,1.3462584074367,1.35338145287083,1.36049693684669,0.115246295296421,0.116716822898589,0.218563635356751,0.220473924271121,0.490927144274908,0.470068430127876,0.462677807731468,0.448621533757601,1.58509486074766,1.43917462536944,0.969671768628662,0.887515426103262,FALSE,FALSE,FALSE,FALSE
"July",100,92,FALSE,TRUE,FALSE,391.144666291417,393.616663348828,392.532820274983,395.267233048682,,,,,1.57948053203053,1.57725506369231,1.5977654894629,1.5844927812232,0.0494626966356998,0.0605252523756332,0.123494167682123,0.131146075680148,0.360168238805696,0.353110981169871,0.340202496348836,0.348626113434659,1.40921898075937,1.30371843869214,0.954138278136377,0.954760867093948,FALSE,FALSE,FALSE,FALSE
"July",101,92,FALSE,TRUE,FALSE,395.729714473573,397.373923221147,395.776152201445,397.728571042925,,,,,1.58139350980455,1.54822402022205,1.59829205374721,1.56336992403162,0.0732158977329043,0.107361115611392,0.174567081865779,0.191064602310806,0.404933988279836,0.442970832953973,0.396189038454341,0.426231819660382,1.6506739246875,1.71783352612536,1.08224183273646,1.16423299089491,FALSE,FALSE,FALSE,FALSE
"July",102,92,FALSE,TRUE,FALSE,381.35155686625,384.760433930652,384.637300572283,388.367288018051,,,,,1.54870464133843,1.53953110575367,1.55836337544532,1.55480984861966,0.0879771156917251,0.092333334194746,0.116950841504685,0.116240898130033,0.318103246721895,0.326433985713701,0.302835075869382,0.303676375311417,0.92402311639208,0.942048716953782,0.728751052830118,0.732784607660406,FALSE,FALSE,FALSE,FALSE
"July",103,92,FALSE,TRUE,TRUE,393.068337056973,393.960622753037,397.67217828201,399.951016824674,,,,,1.52756718744213,1.49964062373946,1.53856049060935,1.51118693033936,0.183815698820465,0.223421879540583,0.256516334863051,0.267310749012058,0.516972914017146,0.543135410787991,0.517653241060015,0.53854157176045,1.92211574536544,1.88095737499874,1.51046070457814,1.58928878525712,FALSE,FALSE,FALSE,FALSE
"July",104,92,FALSE,TRUE,FALSE,387.957622120722,390.810535172478,388.955372626796,392.671840139438,,,,,1.6554134656702,1.62443605192687,1.64163232859832,1.62645086677423,0.153590221897113,0.177607540645394,0.198226104699465,0.205935460118244,0.327537280531385,0.369124744450054,0.332095926933355,0.350855496642246,0.789883105278292,0.900067508193326,0.594128457684973,0.653118592461397,FALSE,FALSE,FALSE,FALSE
"July",105,92,FALSE,TRUE,FALSE,381.560789078999,384.881066378493,382.586364053767,385.785031117285,,,,,1.51215910015434,1.50242568766842,1.53925513256513,1.52663334906226,0.112523195747272,0.117962619409616,0.191423448586554,0.202858287768815,0.385879685536897,0.394985735047288,0.364555898291083,0.379719793697975,1.17898373673522,1.19918723913611,0.726655304862444,0.750002791737291,FALSE,FALSE,FALSE,FALSE
"July",106,92,FALSE,TRUE,TRUE,398.377097777772,391.425891879739,400.937537350198,397.242464444848,,,,,1.60949003406123,1.5622883603858,1.62817588258628,1.58215631752069,0.185572442912578,0.28516753799172,0.248271079803603,0.314524031674077,0.495622853925158,0.507535466920405,0.462833189606414,0.490373680852186,1.86953687147492,1.27356137408921,1.21563657906514,0.98378435964162,FALSE,FALSE,FALSE,FALSE
"July",107,92,FALSE,TRUE,FALSE,373.995324456201,372.845225566787,378.619075241952,377.762683602615,,,,,1.38241149483506,1.32553741169178,1.39742768670844,1.33483227626466,0.198896983209556,0.251798742269485,0.225385221657805,0.272377780653129,0.532824987898169,0.588594490432211,0.514940509073002,0.577660668275203,1.62162707540725,1.7183703843462,1.37170844024006,1.52977825790668,FALSE,FALSE,FALSE,FALSE
"July",108,92,FALSE,TRUE,TRUE,388.921216935853,390.631339582017,388.180909660331,391.505692425238,,,,,1.5192347930155,1.52118224113426,1.52851327914366,1.55876705976725,0.114953091187197,0.140271815463764,0.26142145465616,0.258115651162762,0.455092810659802,0.44384236840363,0.457676800995147,0.419861652465736,1.70188067173171,1.48118434295317,0.968670830933749,0.764507635122763,FALSE,FALSE,FALSE,FALSE
"July",109,92,FALSE,TRUE,FALSE,350.706377560143,354.285683529796,351.912202032805,355.249197974779,,,,,1.10586277486964,1.09897857155716,1.1064093116052,1.09965106872449,0.0525561605420363,0.0649837478566883,0.128262386889078,0.139341771375935,0.620089603805888,0.632526261160921,0.602501417434262,0.612139476917957,2.27452911478906,2.32548426335723,1.80075386973399,1.8192583513055,FALSE,FALSE,FALSE,FALSE
"July",110,92,FALSE,TRUE,TRUE,367.318656882357,370.022323312143,367.473504489712,371.00289070043,,,,,1.29525381922095,1.30206281945109,1.29862260766551,1.29849937372208,0.134652954764947,0.144265405637207,0.279260241908824,0.282924063598469,0.573739533131678,0.553100607172129,0.56585374817341,0.56378169881834,2.07171447577456,1.84973709763522,1.30761686319223,1.27355506465181,FALSE,FALSE,FALSE,FALSE
"July",111,92,FALSE,TRUE,FALSE,383.229994663333,386.726892355706,385.993964749922,389.453500106145,,,,,1.43659851786924,1.44606239575993,1.4397631440768,1.44944281801667,0.0884030473321366,0.0880913622204027,0.147367643857772,0.149072965947434,0.483749039381162,0.46427812277646,0.478847657504209,0.461449534782822,1.89267920890381,1.75061540655814,1.56369492510491,1.43798603137733,FALSE,FALSE,FALSE,FALSE
"July",112,92,FALSE,TRUE,TRUE,355.585234854214,358.025993129198,361.049217408712,364.079338207454,,,,,1.15017973309967,1.14122613708626,1.15467537157757,1.14383104252829,0.195084789560425,0.195491867865007,0.316521477084407,0.310685624714633,0.715474409375338,0.714440162477272,0.730875535175957,0.735237193681394,2.94305026212649,2.87839992494938,2.48419546904768,2.54206756027028,FALSE,FALSE,FALSE,FALSE
"July",113,92,FALSE,TRUE,FALSE,400.943696489222,404.556599519082,399.662823725588,403.004114552815,,,,,1.59500398987008,1.60210999336645,1.59885650928757,1.60366969687204,0.128233640706749,0.130163413746404,0.22966605330669,0.244276048397314,0.493817991706708,0.481858591205881,0.479469186886884,0.478393203279733,2.18922258042812,2.06917243580483,1.42986049313688,1.3403030099712,FALSE,FALSE,FALSE,FALSE
"July",114,92,FALSE,TRUE,TRUE,382.670483185955,373.982634585099,383.856083357772,377.879999650862,,,,,1.5099687651331,1.40026854821099,1.52125838467624,1.41149725755464,0.196740964791505,0.318006694910223,0.266861267445949,0.346188783129327,0.451159090330046,0.543690604791046,0.431049636411989,0.520042952930303,1.23071649388056,1.13340444097001,0.756426898514262,0.828413916868278,FALSE,FALSE,FALSE,FALSE
"July",115,92,FALSE,TRUE,FALSE,354.109077783517,357.038552289156,357.328966331825,360.036133213119,,,,,1.21150883755419,1.20265555908832,1.21003579394249,1.19594149865464,0.0973821807511146,0.120653757397814,0.144542004465798,0.170080044152037,0.51003715807541,0.525639224380155,0.50912110124383,0.532464501007871,1.49059975534483,1.49006184888037,1.3025701680678,1.33093452432512,FALSE,FALSE,FALSE,FALSE
"July",116,92,FALSE,TRUE,FALSE,371.179930442394,373.821683419697,372.374939820331,375.442150811797,,,,,1.44882076904281,1.40625929686236,1.48710359672945,1.43532362119325,0.202452138014029,0.234778009186462,0.261710022695732,0.285747256093377,0.430686753083732,0.493839490309036,0.391699112670762,0.455669939851144,0.964396186159438,1.17444732307774,0.523750713697131,0.727353590374673,FALSE,FALSE,FALSE,FALSE
"July",117,92,FALSE,TRUE,TRUE,397.532268190073,401.325978331454,400.110908075192,403.468696994833,,,,,1.59688583665012,1.59120231265121,1.60934167046537,1.60020540517204,0.0906463813285561,0.0958075842473359,0.186770044697505,0.200787545186096,0.432491867172812,0.440747164784389,0.425115379460065,0.438835618735728,1.8120514701305,1.8446030002123,1.24058814739951,1.2566126560463,FALSE,FALSE,FALSE,FALSE
"July",118,92,FALSE,TRUE,FALSE,369.415330290864,373.23745526694,370.415386855943,374.332168689637,,,,,1.30855716138084,1.30807154616646,1.31657617311461,1.3159977086329,0.0485633919833084,0.0464518602065581,0.17947060385444,0.177002952907003,0.51266282999809,0.510274937609111,0.516514109620133,0.515035677203176,1.96497697864667,1.95227600891586,1.43371985702581,1.43227568951462,FALSE,FALSE,FALSE,FALSE
"July",119,92,FALSE,TRUE,TRUE,397.452159633613,399.613357764211,400.292370828271,402.372853812562,,,,,1.61172398721283,1.59100353789139,1.63996363492468,1.6035785146796,0.093211908564731,0.122506801355819,0.181491074112501,0.206139173463018,0.406845400202168,0.431721246124492,0.385725085828484,0.423765689799924,1.61408138961618,1.62116021695065,1.02281182432545,1.11928186482554,FALSE,FALSE,FALSE,FALSE
"July",120,92,FALSE,TRUE,TRUE,352.077547167707,354.08732224703,354.825061348533,356.586792236251,,,,,1.16882245665708,1.16925089941448,1.1779135486216,1.18911828446833,0.231942528805854,0.261593176811521,0.336310266873228,0.368420931570976,0.634133946897521,0.629511988758823,0.628716830448901,0.615262396402562,1.82502324526393,1.64238428650784,1.30731079204531,1.07401349159213,FALSE,FALSE,FALSE,FALSE
"July",121,92,FALSE,TRUE,FALSE,375.071463596157,376.960070938099,377.55412314561,377.932814157892,,,,,1.36240899871007,1.32936998476095,1.3732688996751,1.34067323588574,0.0686310830337849,0.105275020706061,0.170651369691694,0.209862500879378,0.50944705079191,0.556586852078973,0.509571180281306,0.540933823496684,1.99674079508962,2.1648213498599,1.54124875895975,1.5361253588312,FALSE,FALSE,FALSE,FALSE
"July",122,92,FALSE,TRUE,TRUE,365.836304331477,369.652012991112,367.509131291267,369.599714435543,,,,,1.40287937630039,1.39862604664987,1.45436452496859,1.44573487286851,0.0618726517993384,0.066414203671633,0.178872947054729,0.201310866921663,0.320400208879196,0.327720690937552,0.294864760446625,0.308244301938208,0.862512124953219,0.877007961414181,0.382030185804288,0.353554981111888,FALSE,FALSE,FALSE,FALSE
"July",123,92,FALSE,TRUE,FALSE,393.65677447381,394.385793506746,391.52108286225,393.85788830116,,,,,1.58681916170916,1.564865184338,1.59802142369391,1.57702334107854,0.12969948560773,0.151474907077407,0.256549232072453,0.264111753749359,0.436009887697896,0.442513044787457,0.433238303158025,0.445504927990554,1.59673745028797,1.48959284726005,0.902121630109829,0.924369733994178,FALSE,FALSE,FALSE,FALSE
"July",124,92,FALSE,TRUE,TRUE,385.374120441304,388.90209450064,383.542087648985,386.090204035019,,,,,1.58324578944973,1.5554624592102,1.66055050865777,1.61135173573401,0.0425771458121451,0.0544940598294371,0.18820363252027,0.205573957141695,0.274641745164057,0.312729550829775,0.246267900082835,0.287785772213724,0.916137075004406,1.04850174191719,0.224769949188503,0.323124080604727,FALSE,FALSE,FALSE,FALSE
"July",125,92,FALSE,TRUE,TRUE,385.159275718071,385.890167416823,389.114365683788,390.502057661966,,,,,1.5067031822478,1.45600109907671,1.54576118248798,1.47672745884117,0.0842786306565759,0.134410789980793,0.163959763287491,0.186681224201688,0.414169275230944,0.478110536152011,0.37905848320958,0.45077261530314,1.50177269909935,1.65499529456575,0.944674156764989,1.22043750795252,FALSE,FALSE,FALSE,FALSE
"July",126,92,FALSE,TRUE,FALSE,365.512803238067,369.494120466004,371.021417332044,374.990977413629,,,,,1.39490801685436,1.39286629689225,1.39942533209232,1.39706068254434,0.0496841955327307,0.0512965382422093,0.0515865311410011,0.0540539100789701,0.352312967179012,0.356559243442458,0.34007885039198,0.34526802303224,1.0440057095762,1.05773664688322,0.979878497254575,0.994453269194634,FALSE,FALSE,FALSE,FALSE
"July",127,92,FALSE,TRUE,FALSE,354.855297470793,358.664116568385,350.853431932791,354.192854626072,,,,,1.35974252613828,1.34506231891945,1.49319344048748,1.48784234680121,0.155086245009709,0.154611155629264,0.288081357276496,0.293214319200302,0.34763544651072,0.364869168187835,,,0.616062186473564,0.680349503253052,0,0,FALSE,FALSE,TRUE,TRUE
"July",128,92,FALSE,TRUE,FALSE,415.594970132155,418.704393278832,416.619513706836,419.500931353499,,,,,1.88473248509404,1.83234053472326,1.92532936832999,1.8608443896669,0.0608696568366096,0.0740628179850738,0.156959070518963,0.159262080114748,0.27835884172861,0.333539754148525,0.275585451162703,0.320309951160366,1.2132617265206,1.50366446297358,0.664611175207722,0.9169694445618,FALSE,FALSE,FALSE,FALSE
"July",129,92,FALSE,TRUE,FALSE,364.618701532651,368.569656523114,364.278200190738,368.15643732047,,,,,1.2631560278933,1.26475073640836,1.27160933074826,1.27359290229868,0.142274736486951,0.140076037310842,0.225217960497864,0.229231333364997,0.577824752275322,0.573748390098472,0.545296027083351,0.543704170726243,1.99232254319957,1.96846734801441,1.35205354824792,1.32640966999987,FALSE,FALSE,FALSE,FALSE
"July",130,92,FALSE,TRUE,TRUE,400.484015891677,403.941826926449,401.867528208204,403.802511510968,,,,,1.70639088403394,1.72417969815661,1.71141778292897,1.76729124003561,0.162792937433125,0.152197626507903,0.234936689199443,0.231339865579142,0.38426374538767,0.353383271777623,0.378470047292257,0.317757145985804,1.20103667014634,1.05159216802495,0.755603557475846,0.427641282857567,FALSE,FALSE,FALSE,FALSE
"July",131,92,FALSE,TRUE,TRUE,386.389788697558,388.487803482004,387.939299264065,388.161543854708,,,,,1.45956478628762,1.43004718544419,1.46562273987286,1.4362485589338,0.103361599639219,0.142165636984403,0.207438063497461,0.24879990787589,0.544245734293616,0.586584171966918,0.515799827827451,0.54051391111394,2.43906713574646,2.61144447658322,1.59273770047459,1.52458227456302,FALSE,FALSE,FALSE,FALSE
"July",132,92,FALSE,TRUE,FALSE,338.519400218671,340.39891959619,343.330024981521,345.414577876793,,,,,1.08276668268053,1.0705988667375,1.08979251380928,1.07728968269141,0.189511639648869,0.198642636324687,0.239420094969814,0.245200762114003,0.624848472617037,0.628673941315795,0.625707580329988,0.630491945288446,1.65488367628996,1.6145034055404,1.48314416430461,1.4649773235096,FALSE,FALSE,FALSE,FALSE
"July",133,92,FALSE,TRUE,TRUE,373.375115899861,377.363639998324,375.576211154946,378.813977433078,,,,,1.3115771072162,1.31110902200327,1.31699820899658,1.33488257253396,0.0283228580606908,0.0273462458240744,0.139888807322575,0.151040391474531,0.516203964583855,0.516337370019774,0.504882982850858,0.478658563398987,2.12025130697088,2.12441145914436,1.53737231221166,1.33431602672756,FALSE,FALSE,FALSE,FALSE
"July",134,92,FALSE,TRUE,FALSE,367.262223323303,368.542906745553,369.633600043544,369.998132943342,,,,,1.33267751642427,1.29332492352552,1.35223163698017,1.31306610070104,0.0882069192599487,0.132363200075744,0.177619032064474,0.202071839071816,0.475020347082815,0.531796911157821,0.460350877594709,0.494213922157296,1.55323169415446,1.70545551385194,1.11754644370069,1.1676875408852,FALSE,FALSE,FALSE,FALSE
"July",135,92,FALSE,TRUE,FALSE,390.941192650734,392.236279097815,393.099096230574,394.170223837765,,,,,1.45932838179527,1.43536198116493,1.47188070715279,1.44240344694552,0.130679652843001,0.178060298800965,0.196010920972876,0.218738678003185,0.580268878099694,0.606751411778358,0.555316427241897,0.575966750878489,2.74931867310556,2.70886169406153,2.08396264545251,2.09064634163678,FALSE,FALSE,FALSE,FALSE
"July",136,92,FALSE,TRUE,FALSE,354.261219344838,353.556947867093,355.826595069633,355.679400685386,,,,,1.27803130451054,1.2815198428105,1.3220635109528,1.33850304864462,0.110697616444307,0.162175129272662,0.166641630191827,0.217715212432052,0.440473175177528,0.417949141664782,0.366252409351946,0.349333709365561,1.12518448313707,0.829934897405002,0.621403056759243,0.399332551422805,FALSE,FALSE,FALSE,FALSE
"July",137,92,FALSE,TRUE,TRUE,393.200341777523,395.75508020026,395.023111716232,398.104722841539,,,,,1.49587712503914,1.49064521406176,1.50971544996915,1.50335460895348,0.0686461043956613,0.0781025551368852,0.192828413571844,0.201233744833051,0.502055408638891,0.497721536884128,0.488326447948905,0.492256206508948,2.3425171785044,2.22864989559231,1.55227826484904,1.52704754902915,FALSE,FALSE,FALSE,FALSE
"July",138,92,FALSE,TRUE,FALSE,404.66504872374,405.377809894614,407.556234882163,408.349695816045,,,,,1.71400355282634,1.64943443679378,1.72378608597291,1.65408557112109,0.0105772037534861,0.0617560464963778,0.0824647989979092,0.108207021918148,0.314802141024165,0.392230168321774,0.320778108454579,0.384835398942983,1.51254435174725,1.73634692658135,1.19187912191927,1.42777590313643,FALSE,FALSE,FALSE,FALSE
"July",139,92,FALSE,TRUE,FALSE,375.685877932791,373.191642164449,377.358804526287,375.633583593587,,,,,1.35433531486288,1.33645675961594,1.37031975268111,1.37416568811136,0.148783539940564,0.234745110865978,0.226398694044507,0.298069735806575,0.56385689161968,0.568675751878722,0.540055209033953,0.527907185928215,2.1016528875282,1.64847398156748,1.51684818782878,1.06970370773018,FALSE,FALSE,FALSE,FALSE
"July",140,92,FALSE,TRUE,FALSE,357.053257339714,360.089033065113,358.942053190739,362.0418732839,,,,,1.26108396572122,1.26797219949394,1.27264933460435,1.27769223886376,0.0574908545905254,0.0587563921009593,0.158234667250174,0.170806579868524,0.465021431997787,0.441336868987863,0.458356887692795,0.449111012771229,1.43473000486403,1.29737902401043,1.04650390835868,0.957189022231314,FALSE,FALSE,FALSE,FALSE
"July",141,92,FALSE,TRUE,TRUE,365.703454615532,369.322769558552,367.47349278853,370.305720759867,,,,,1.22451341682632,1.22005464689951,1.23455160371758,1.23685842896957,0.175990600195896,0.179986616996655,0.311139612135836,0.337613946987088,0.666525979000223,0.671021086178035,0.654519320603233,0.654928518908889,2.6972175684736,2.71830727611739,1.82503466248407,1.68920336325889,FALSE,FALSE,FALSE,FALSE
"July",142,92,FALSE,TRUE,TRUE,314.453348216701,316.573049984328,318.12570283566,320.854311708563,,,,,0.890169874852874,0.879641406715457,0.893038203678529,0.880697316193881,0.117181288975215,0.134891456181352,0.184891661907651,0.19815031352558,0.684074234981627,0.69320241266947,0.664944954178652,0.681821795134815,1.7809246187735,1.76459437243126,1.41853101988601,1.4673001584664,FALSE,FALSE,FALSE,FALSE
"July",143,92,FALSE,TRUE,FALSE,365.61940302012,368.007898664108,364.584113860124,367.370480576634,,,,,1.1279372561497,1.11877532245022,1.1251942160364,1.11525332174054,0.227538613628965,0.220006068971479,0.28493898793567,0.287100250636938,0.778471348030667,0.775513228814865,0.748788058237628,0.752627606699366,4.01149699983377,3.92633829202361,2.93495024061867,2.94067244777301,FALSE,FALSE,FALSE,FALSE
"July",144,92,FALSE,TRUE,FALSE,348.789550511224,352.666715840535,349.635039192909,352.945542728532,,,,,1.20294831467314,1.19466779243985,1.22549812689414,1.2056166213095,0.166980694752319,0.173958620715336,0.281822110662552,0.29360032541796,0.543859823572338,0.560757019867298,0.522887717970882,0.552666117223662,1.41257427568389,1.48876534365431,0.876843652750234,0.979011454764255,FALSE,FALSE,FALSE,FALSE
"July",145,92,FALSE,TRUE,TRUE,377.315311002794,380.827697368952,374.892707331668,378.86858849564,,,,,1.43934818844667,1.43269444307087,1.47101209673433,1.47353417547046,0.177395324021015,0.177899538103744,0.307710008954549,0.308840241260849,0.475226683440282,0.479249396196726,0.443504482774462,0.441981420371277,1.38234557150854,1.39795129568473,0.591651134250515,0.579747420676502,FALSE,FALSE,FALSE,FALSE
"July",146,92,FALSE,TRUE,TRUE,373.30131031381,374.468260673462,378.832070433727,380.742762827731,,,,,1.34670039391675,1.32601179704414,1.35057997690455,1.33366640699491,0.122789380726894,0.151562748708987,0.179158748983376,0.19481668171845,0.532984171540259,0.548468075718515,0.532142700540236,0.54338500537805,1.91427342469097,1.85743300727454,1.64136839754696,1.62037271239856,FALSE,FALSE,FALSE,FALSE
"July",147,92,FALSE,TRUE,TRUE,357.155646009161,357.644105433163,355.798487467858,355.124828112646,,,,,1.17681796558306,1.11126627176365,1.18912158193894,1.11809799704608,0.171891418358664,0.217944035474968,0.322778348530303,0.354936294759564,0.648482024053054,0.732654883269871,0.616062924512785,0.689087204776486,2.29369747703876,2.93702851876904,1.28842617044607,1.62686450076834,FALSE,FALSE,FALSE,FALSE
"July",148,92,FALSE,TRUE,FALSE,346.692517065839,348.483055961003,349.381186210857,351.099826948661,,,,,1.1140985974547,1.09173676187229,1.12144056589296,1.09698702970924,0.0253768679408212,0.062929103398795,0.102449479814215,0.119957575043292,0.571965801712024,0.604800055048821,0.55807694508191,0.585269646496569,1.94689998380373,2.01384697822173,1.57645591950706,1.64834385085804,FALSE,FALSE,FALSE,FALSE
"July",149,92,FALSE,TRUE,FALSE,381.78215581418,382.798970047604,384.223215930891,383.873781471491,,,,,1.47106570737723,1.42806808554747,1.5022574566692,1.45844156763211,0.133048335422919,0.165044984734191,0.240413803011091,0.276533347442723,0.483680899111599,0.532300766500578,0.469711347171215,0.505537782384357,1.71510238345154,1.87971123356819,1.11652691235879,1.13073664582967,FALSE,FALSE,FALSE,FALSE
"July",150,92,FALSE,TRUE,FALSE,378.412521650386,380.890245899634,379.489228243936,382.249961305073,,,,,1.58655124149822,1.57293308117327,1.59401645883938,1.59793722985437,0.0639894943329338,0.0819932369412045,0.114027065746421,0.12467084819769,0.229574696613475,0.24500806120861,0.22045786176753,0.216587877495972,0.599872599427088,0.592476182424296,0.375824231937346,0.322222095517937,FALSE,FALSE,FALSE,FALSE
"July",151,92,FALSE,TRUE,TRUE,399.450629363238,401.312645239582,400.938190068822,403.514386788602,,,,,1.64106313702743,1.6180113899964,1.65561369420319,1.6062097774226,0.151024973904691,0.176066670062899,0.243499414173129,0.270002993449546,0.436740762615813,0.457998958896184,0.426485954448175,0.481060714432471,1.59720059212335,1.59440691501775,0.995644689258675,1.2114992588798,FALSE,FALSE,FALSE,FALSE
"July",152,92,FALSE,TRUE,FALSE,388.152699339485,390.829072008879,392.628921619905,395.400823436145,,,,,1.5864310841536,1.56348831603882,1.58136237441771,1.55773858541204,0.0957475166788867,0.113958447536782,0.117517333965123,0.131597192245298,0.343966572588494,0.371102098376824,0.350335019661627,0.37604850765845,1.09557364290311,1.15506863578627,1.02782398990129,1.09594991561903,FALSE,FALSE,FALSE,FALSE
"July",153,92,FALSE,TRUE,TRUE,344.769840159651,343.369796022284,347.913790547963,347.344328399438,,,,,1.15594993898289,1.09296898625488,1.16662695390791,1.09491689354629,0.240917234999666,0.281012969197483,0.322510458074762,0.350857729822351,0.583534414906881,0.647867995314898,0.574740800438898,0.648206411342161,1.32352898886229,1.51670989094357,0.954402406707816,1.22177155159832,FALSE,FALSE,FALSE,FALSE
"July",154,92,FALSE,TRUE,FALSE,342.97074424977,346.872884713099,346.223719097102,349.910760836979,,,,,1.16028319825876,1.15770171542191,1.17446398195838,1.17775731421388,0.193739671420789,0.194557370949936,0.337274158681039,0.343803024886382,0.57944425925774,0.583466811623603,0.607076226765373,0.603232784359589,1.45709075444348,1.47776215646723,1.10513407744762,1.05609833360243,FALSE,FALSE,FALSE,FALSE
"July",155,92,FALSE,TRUE,TRUE,365.357351428088,365.578976593808,366.890340303108,366.938675901136,,,,,1.28438788354393,1.19741078244933,1.30561390959409,1.22541478107055,0.0531469312759712,0.13028292910583,0.232927715307342,0.269042098974563,0.51739487789163,0.656583232959605,0.514619394815799,0.610619364706839,1.90383023885763,2.68416431135895,1.15885254217739,1.57398720759251,FALSE,FALSE,FALSE,FALSE
"July",156,92,FALSE,TRUE,FALSE,386.837163116853,390.686364488532,389.340377977925,392.957720279349,,,,,1.56468950028424,1.55960890121284,1.58940316246432,1.57426465742626,0.125825674272317,0.127655048873879,0.161940767710517,0.163663812370956,0.390689148094489,0.396753429228391,0.352733902215343,0.367236383040454,1.22664292993162,1.25240618743228,0.839952585261216,0.903759488233432,FALSE,FALSE,FALSE,FALSE
"July",157,92,FALSE,TRUE,FALSE,390.901572217075,390.365910545247,393.982275713453,392.299927239546,,,,,1.57609424574163,1.49659630180401,1.60232105785587,1.52300458741071,0.0562441544037023,0.147339350631458,0.110178320882046,0.173636031166146,0.38486403578781,0.499884204885779,0.353250113194892,0.437059923329777,1.5407895332651,1.8591533144687,1.09948221241023,1.25145826424072,FALSE,FALSE,FALSE,FALSE
"July",158,92,FALSE,TRUE,FALSE,392.034987349198,390.357555374566,397.170846336926,393.828866897227,,,,,1.58093765292244,1.47020398774664,1.56540607836945,1.45050217348494,0.0169432849420333,0.099812839165763,0.0357797478664155,0.112263258260482,0.362072302636718,0.507283920595081,0.386283728950647,0.513552628490113,1.57174585480491,2.12074675567979,1.63119552519741,2.05893675325971,FALSE,FALSE,FALSE,FALSE
"July",159,92,FALSE,TRUE,FALSE,341.849413261696,342.734366879102,341.365955743793,341.675011645147,,,,,1.06145485023389,1.04916335643274,1.06470118242118,1.04656897936823,0.175604688605145,0.20600724084614,0.316534493488511,0.34062933577536,0.674042660481077,0.677156018803474,0.672523489252232,0.679790334437529,2.12662095721773,1.97941688619545,1.50046777329909,1.41100974640182,FALSE,FALSE,FALSE,FALSE
"July",160,92,FALSE,TRUE,FALSE,350.196656364763,352.621082207371,347.98390951725,349.643755495415,,,,,1.11757169616748,1.09542327530684,1.13219872812374,1.10550989896755,0.0625867774358615,0.0732410284508266,0.201203187085525,0.206397935140713,0.653671258059625,0.679295183974506,0.602589458014499,0.625659117542877,2.61645581618126,2.79416429873205,1.55332983715428,1.65023177012795,FALSE,FALSE,FALSE,FALSE
"July",161,92,FALSE,TRUE,FALSE,383.705671016784,386.555767293891,382.433991947945,386.047318433426,,,,,1.53306421837586,1.5055356241081,1.57289262946684,1.55940475495039,0.0391989216212304,0.0524966353408911,0.197103428649619,0.19884992958132,0.343178020296133,0.378583511312098,0.338697103102008,0.350393583200615,1.25509180860006,1.38156022425596,0.586276899344515,0.630741773464606,FALSE,FALSE,FALSE,FALSE
"July",162,92,FALSE,TRUE,FALSE,371.808379894208,374.353372566657,376.435906335251,379.394999830826,,,,,1.40552835219738,1.38682697758622,1.41333419816521,1.39438397635935,0.162643043785913,0.173280133050517,0.173910372295703,0.177446067143767,0.470986156053348,0.488640945868605,0.45247841185261,0.470169333145292,1.34412488733387,1.38848789664571,1.17818022434793,1.2505625616418,FALSE,FALSE,FALSE,FALSE
"July",163,92,FALSE,TRUE,FALSE,367.192286448903,370.35015893882,370.056972043268,373.19009304315,,,,,1.22513303207239,1.22253048773186,1.22876579613313,1.22614896076041,0.134643352939553,0.144437944671918,0.194673848588275,0.202048045561445,0.642825909075554,0.642388733380028,0.632676290601857,0.631503083629018,2.63487061200181,2.56561189271352,2.2058146841785,2.14465224465574,FALSE,FALSE,FALSE,FALSE
"July",164,92,FALSE,TRUE,FALSE,403.305937873982,405.752282592797,400.504925904846,403.804246813974,,,,,1.6526226423179,1.63411711653271,1.68105473006927,1.66710849203176,0.0838948918572396,0.103412478007579,0.239364884994536,0.235782491839965,0.409764967596635,0.427888748515296,0.407731806109138,0.41161631454408,1.78011584936956,1.79061787917956,0.911819290581857,0.945569981966618,FALSE,FALSE,FALSE,FALSE
"July",165,92,FALSE,TRUE,FALSE,366.254288197813,367.098321137801,367.370831998687,369.380183248106,,,,,1.35004075973323,1.30441243375272,1.37881848715094,1.3317993543648,0.0592360798585169,0.101179365163354,0.143722274577575,0.163729605247269,0.42416267646201,0.48740657115417,0.380457837498829,0.440759223188273,1.3557284492489,1.51721688967997,0.830841463875633,1.01863954706512,FALSE,FALSE,FALSE,FALSE
"July",166,92,FALSE,TRUE,FALSE,404.088586371611,403.902089119271,406.868921860191,406.939110177041,,,,,1.61628694955756,1.55193718476761,1.64006234245367,1.57106739980437,0.0924694857243298,0.147466705126506,0.153834257706475,0.195428974249436,0.473083446444124,0.539535638664325,0.447953975928517,0.513842939525362,2.25616020833734,2.47227333996279,1.68539563286725,1.92291187008796,FALSE,FALSE,FALSE,FALSE
"July",167,92,FALSE,TRUE,FALSE,394.948300904578,398.597024473157,394.439346616775,397.020044186294,,,,,1.60877855876369,1.59218215493893,1.64444300630292,1.61871953318373,0.10735483175988,0.115746542866966,0.23386261948711,0.247033339604135,0.395049407325985,0.417158589910905,0.39054925112071,0.412731593664731,1.43648525706248,1.53729295401851,0.782584368615793,0.836782861621236,FALSE,FALSE,FALSE,FALSE
"July",168,92,FALSE,TRUE,TRUE,374.34975751496,377.784406429851,376.638070879821,380.073618074084,,,,,1.3658973231692,1.36256234676729,1.40191160501158,1.39548623146542,0.111287564445788,0.125394432554219,0.22231768564189,0.232553604654436,0.492562978397434,0.499374905659244,0.457946534475144,0.467569242077715,1.68163177705997,1.66326263757378,0.99480595908061,1.00179752269734,FALSE,FALSE,FALSE,FALSE
"July",169,92,FALSE,TRUE,FALSE,378.756435389161,381.520923760522,381.166145661974,383.382612211564,,,,,1.31029025348211,1.2799888326355,1.31370579950492,1.28033239608887,0.188203759185422,0.2007751907992,0.249798851028596,0.25272234024348,0.671019129900303,0.704025957890323,0.659830158115089,0.687416138348409,3.0990652274003,3.44527247084931,2.5380446897514,2.79784018382635,FALSE,FALSE,FALSE,FALSE
"July",170,92,FALSE,TRUE,FALSE,404.723616502158,408.361701328784,406.562297291533,410.259199906286,,,,,1.60732009023911,1.60374946714659,1.60974446576107,1.60190523109208,0.0886242886037083,0.0870015717909084,0.199345331576477,0.206106849516883,0.526892032308704,0.526620708163231,0.537146120004246,0.547341910602621,2.85259924432803,2.84737799446176,2.22967217718417,2.28418953390841,FALSE,FALSE,FALSE,FALSE
"July",171,92,FALSE,TRUE,FALSE,387.424770701775,384.561923125974,390.980219666169,389.65103072659,,,,,1.50819204867183,1.43236782271067,1.52842702946941,1.43511623924117,0.184112419545105,0.276924015227398,0.232014557590076,0.29614240578096,0.518865856522477,0.59886688160206,0.497570903736068,0.597700196139372,1.8601711324325,1.94872390275114,1.43136610620269,1.82112402576648,FALSE,FALSE,FALSE,FALSE
"July",172,92,FALSE,TRUE,TRUE,371.756143382234,374.967485690911,375.875681520569,378.666145749664,,,,,1.32929995773008,1.3141803173192,1.33097413453326,1.31141677877202,0.0282825456235459,0.0435575464161854,0.0979361202165103,0.108163687413962,0.500447236205837,0.524085686832606,0.489342772386856,0.512254731467071,2.00872663191984,2.10380394272314,1.61638210341385,1.70279134004325,FALSE,FALSE,FALSE,FALSE
"July",173,92,FALSE,TRUE,TRUE,365.735530957019,353.582665000648,368.499142917078,358.601875899287,,,,,1.3083855224495,1.16983033169338,1.33818000658422,1.17897678114184,0.0912547040849679,0.235925002271857,0.180474383534843,0.279060815707529,0.472639434433819,0.598077526554932,0.432884396850659,0.581884891338756,1.48368274270756,1.49394203999563,0.929752705626134,1.20656839769988,FALSE,FALSE,FALSE,FALSE
"July",174,92,FALSE,TRUE,TRUE,351.540512432237,354.621099773736,349.785440686777,353.25584691686,,,,,1.16721514381826,1.1547453088286,1.19398596915098,1.17131534211305,0.0325558880394168,0.0505632860241333,0.204053802608038,0.206533603122618,0.521864313500415,0.54259520692883,0.474425521780414,0.504161356614834,1.70087910446196,1.75415214925043,0.861431728688618,0.976129532170142,FALSE,FALSE,FALSE,FALSE
"July",175,92,FALSE,TRUE,FALSE,393.164856980023,395.746212886684,396.314930081157,399.812008526626,,,,,1.66655724472279,1.63997969616378,1.72833501503356,1.68591662536487,0.0980999800968544,0.120079657979442,0.129200943607974,0.137465913777694,0.314609716287527,0.347038799007346,0.250213802400025,0.292574882029705,0.993565171759064,1.06430687630416,0.526514859735995,0.691684208896664,FALSE,FALSE,FALSE,FALSE
"July",176,92,FALSE,TRUE,TRUE,399.688853095983,403.170078577598,402.574901102389,405.106788546289,,,,,1.55156053862744,1.53374269611463,1.5608411115229,1.53117320872723,0.0577692366918856,0.0762741940641578,0.13802402528934,0.16743061163432,0.48473598353845,0.512461115872122,0.465131162400134,0.503679236127964,2.41151094871927,2.55463631759524,1.77049230574872,1.89872665351238,FALSE,FALSE,FALSE,FALSE
"July",177,92,FALSE,TRUE,FALSE,399.451399622251,398.065092602175,401.449919301017,401.991903759544,,,,,1.64452698555038,1.57172452260169,1.67469741315527,1.59847117666176,0.0437130749011806,0.151495078424098,0.120971727217626,0.176301006751302,0.374789630331639,0.477406664782115,0.34585270913734,0.438243273172336,1.66759302461717,1.80889168804906,1.09699715892398,1.37807910247374,FALSE,FALSE,FALSE,FALSE
"July",178,92,FALSE,TRUE,TRUE,386.794255583141,388.927353575094,389.784040968106,391.738508047973,,,,,1.41458969287959,1.37211142116809,1.43151491117819,1.38332243532028,0.0990191963955291,0.127110199377816,0.191057278447146,0.212589534824534,0.547997591160811,0.600390377588319,0.524679468461809,0.577401049927969,2.42514816411731,2.74332977831225,1.72333449056607,2.00126421198663,FALSE,FALSE,FALSE,FALSE
"July",179,92,FALSE,TRUE,FALSE,394.04530032694,396.854410326378,395.628334562046,398.313173716573,,,,,1.60751715813801,1.58232949237665,1.62501170300239,1.59425086931266,0.120806006071158,0.1373374468605,0.17513406605672,0.185558984692273,0.392968722329097,0.421768679554939,0.371045065810388,0.398625326188155,1.34955342050313,1.44224134865799,0.937740432454007,1.0345352834489,FALSE,FALSE,FALSE,FALSE
"July",180,92,FALSE,TRUE,FALSE,362.122402301171,361.72920593945,365.56129959416,365.383467279754,,,,,1.26484896722751,1.25746616854255,1.27549270061486,1.26608647466651,0.0975176644136478,0.136260873583678,0.158114819168336,0.207363308707397,0.539514200288426,0.522689995940553,0.526257659047211,0.525282976389662,1.84222316441463,1.52307569965506,1.50105910053399,1.26493483029816,FALSE,FALSE,FALSE,FALSE
"July",181,92,FALSE,TRUE,TRUE,381.639579004961,381.294449817594,380.855821439484,380.386983377618,,,,,1.53104560155634,1.6459796683089,1.59580642255315,1.69692333973418,0.266509049703233,0.286613356040461,0.368751276488368,0.362681170692082,0.490543871391125,0.361378501486643,0.44227576064,,1.17899525435548,0.340280915629917,0.36208827088154,4.86878955248148e-14,FALSE,FALSE,FALSE,TRUE
"July",182,92,FALSE,TRUE,FALSE,361.165025490994,364.083289526814,358.978161895563,361.21494149452,,,,,1.19877114545912,1.19143257932627,1.20730535520994,1.19085390884798,0.0696849748012089,0.0806555723436408,0.261821447226472,0.290882883327234,0.642050759702816,0.646826200345894,0.623691951338866,0.645835936652296,2.78731013905945,2.76052154617022,1.67091209746733,1.69699833363381,FALSE,FALSE,FALSE,FALSE
"July",183,92,FALSE,TRUE,FALSE,370.128012743683,373.625264814058,372.57093541064,375.896504258543,,,,,1.27098850294787,1.26644591551668,1.26863966993199,1.26267554481274,0.227791269117846,0.232921102547534,0.29896399307914,0.300114484035311,0.678472354313008,0.682089713862384,0.679702396134542,0.681950396350782,2.74986025682276,2.75283950339717,2.3088558710961,2.31090899817847,FALSE,FALSE,FALSE,FALSE
"July",184,92,FALSE,TRUE,TRUE,357.573461731955,361.12879779938,362.59958406932,365.68372055871,,,,,1.25002138546423,1.23967124286102,1.24974175444754,1.23794387102504,0.128069580157462,0.142602886298518,0.175917869028216,0.19090781680939,0.499364993303212,0.519176528620937,0.497189034280204,0.514539680782591,1.38826498571686,1.44577788983272,1.18629103891863,1.21718006962027,FALSE,FALSE,FALSE,FALSE
"July",185,92,FALSE,TRUE,FALSE,384.877065621686,388.763472352994,388.854695647301,392.668021279344,,,,,1.42866553733524,1.42910497207116,1.43679139375318,1.43345617520516,0.145830867315617,0.148551611891481,0.179356977026771,0.185406631571912,0.544154344073989,0.54381257239862,0.530873789778813,0.536763004599937,2.14973776174201,2.13205118374284,1.8502924407432,1.86542887622406,FALSE,FALSE,FALSE,FALSE
"July",186,92,FALSE,TRUE,FALSE,341.79535019195,345.421206968078,340.363866058959,343.82642524238,,,,,1.15018494933086,1.14884154924446,1.16923413144355,1.16494052242239,0.189393255040765,0.188193937582358,0.294724812661814,0.298293362411379,0.572064613120308,0.569646727639464,0.526772816686511,0.530467077717539,1.40097745525396,1.38493235604145,0.772889076176744,0.773990528124024,FALSE,FALSE,FALSE,FALSE
"July",187,92,FALSE,TRUE,TRUE,395.539983404158,394.198913589726,394.381114139047,394.488965251192,,,,,1.60968423360009,1.56086558383363,1.63976445997084,1.61548546654149,0.0939966238671513,0.139795801846931,0.207839656644143,0.237758147085427,0.394704284172523,0.428680972066997,0.358851979940102,0.374190697843058,1.50344146144931,1.44024696113965,0.708400122253415,0.633606764670208,FALSE,FALSE,FALSE,FALSE
"July",188,92,FALSE,TRUE,FALSE,367.727862978615,370.140223773149,370.550081709746,371.959691857761,,,,,1.32905231508481,1.28972054262419,1.33912334956257,1.29451801895247,0.0538617474286483,0.0981571656693906,0.115213808087747,0.164367504713855,0.434917747267602,0.50356438053658,0.424144812648033,0.491790579820342,1.42650314709247,1.64379117795842,1.13707423841849,1.28967554488074,FALSE,FALSE,FALSE,FALSE
"July",189,92,FALSE,TRUE,FALSE,396.359416159286,398.147895050108,396.56897297002,398.873753522553,,,,,1.59116513549741,1.58706503457341,1.60250246666779,1.60238164044424,0.135124104772265,0.150683297899097,0.196171191316329,0.211362805067453,0.45810131445755,0.449695529384118,0.42743110763847,0.422849088881201,1.77732620854083,1.6037516110743,1.19505550877135,1.07791886943423,FALSE,FALSE,FALSE,FALSE
"July",190,92,FALSE,TRUE,TRUE,392.368550454513,395.942528430384,392.611229937721,395.922805920051,,,,,1.70546853607096,1.70190756191196,1.85334490685893,1.84642369329097,0.0715891932142739,0.0768796496440675,0.128705417085331,0.135262592085995,0.24588874876516,0.249766128410799,,,0.746659193821783,0.741214506465767,0,0,FALSE,FALSE,TRUE,TRUE
"July",191,92,FALSE,TRUE,TRUE,382.046947962933,385.891973394796,379.591157075382,383.339713292916,,,,,1.4301974875064,1.43146971865458,1.43221273528997,1.42244819364712,0.103427931166681,0.105282862535737,0.32458351996132,0.328111548958599,0.526020117712966,0.523105853394547,0.54527593759566,0.556528249388087,2.16382796463155,2.1285844614512,1.14876901613218,1.20612039577204,FALSE,FALSE,FALSE,FALSE
"July",192,92,FALSE,TRUE,FALSE,412.918668292425,414.522584610978,417.809492109574,418.732091938631,,,,,1.83776614357439,1.76602687453674,1.85645273260983,1.77692599730234,0.0785655556786528,0.10758540222083,0.100436290999615,0.132261203980913,0.308357301348937,0.379766862726564,0.29600610141648,0.368012392987997,1.28193421845888,1.59019486823002,1.0820064092414,1.35509721539932,FALSE,FALSE,FALSE,FALSE
"July",193,92,FALSE,TRUE,FALSE,383.167719766774,384.970496132442,387.439575301701,388.890817473371,,,,,1.39779578182175,1.34655418316649,1.39972496524525,1.3468621041517,0.107449786597935,0.164249474029394,0.137887051544747,0.191989933443054,0.534109526675194,0.60963617320912,0.529707372302861,0.602579700572978,2.17699465451119,2.54407154002629,1.97630404666057,2.29389824414572,FALSE,FALSE,FALSE,FALSE
"July",194,92,FALSE,TRUE,FALSE,363.091413034218,361.136611838445,364.130391068639,363.338800267953,,,,,1.23584565692965,1.19936021060072,1.23809113186975,1.20276460601611,0.178176384900426,0.222252401445473,0.250047684271829,0.279326399428745,0.614063690876504,0.630571094720151,0.598696298654105,0.619171307099477,2.10011036371429,1.93381705787758,1.60206297676989,1.55498834936204,FALSE,FALSE,FALSE,FALSE
"July",195,92,FALSE,TRUE,FALSE,364.76753460088,368.101244409863,368.134972398316,371.468732026833,,,,,1.28309064002779,1.27930939235341,1.28810337973628,1.2809955883578,0.121160421575126,0.135165567193132,0.18683176388655,0.199928524606523,0.512202421628012,0.518713422041289,0.516420800267181,0.527533298264863,1.59595241816128,1.5767061049687,1.35535110345417,1.36502204198117,FALSE,FALSE,FALSE,FALSE
"July",196,92,FALSE,TRUE,FALSE,393.452023805668,396.018091553975,389.195742925968,392.423144255256,,,,,1.67231713543285,1.61987440995522,1.72348704427066,1.65034464533881,0.0911917709851026,0.116697752616393,0.198038084275967,0.219682164216612,0.299217448484419,0.364031196101755,0.261131919725987,0.329353927312878,0.939770161161339,1.17250867137909,0.269330263355378,0.48799316551309,FALSE,FALSE,FALSE,FALSE
"July",197,92,FALSE,TRUE,FALSE,396.423918413944,398.479366539472,398.031342110481,400.793044270645,,,,,1.69684499481881,1.6621629866728,1.70981961025727,1.66236314220687,0.0958967984357566,0.104804334785139,0.152129654363144,0.160754249373671,0.324514511604949,0.352111804094701,0.308449173605109,0.353918766434517,1.10049364990763,1.1982004829267,0.731170412489986,0.927189695339107,FALSE,FALSE,FALSE,FALSE
"July",198,92,FALSE,TRUE,FALSE,366.534184745809,370.207647213827,369.2771063887,373.228082317516,,,,,1.28877417692535,1.29470406353306,1.30830336777575,1.30625494104476,0.126034136994848,0.136597313663788,0.182187448981435,0.183124322305655,0.530513841146721,0.524149143002131,0.502037414497436,0.504925621706034,1.73333560013635,1.64875159133474,1.31033925206766,1.32277749195655,FALSE,FALSE,FALSE,FALSE
"July",199,92,FALSE,TRUE,FALSE,364.606446802721,364.809270344562,368.02091191808,369.115412443387,,,,,1.25948694120729,1.23234635363784,1.26561192785524,1.23479127325394,0.209079016243944,0.255086410063323,0.248776903497689,0.28290022301323,0.627956460684198,0.651546831835894,0.613855244535048,0.646146840170927,2.15988579757477,2.09063124671805,1.81654300908456,1.88481618800116,FALSE,FALSE,FALSE,FALSE
"July",200,92,FALSE,TRUE,FALSE,385.341095842914,382.004806254151,388.477506413536,385.0106519935,,,,,1.46360948307304,1.36004059185468,1.48632593319029,1.37205461243424,0.156480203504565,0.248655954546411,0.204164924044635,0.277285342870826,0.518464107190244,0.630986869767395,0.487625150791419,0.601985144315832,1.91509691896086,2.31144549156922,1.43177449898835,1.83331677948218,FALSE,FALSE,FALSE,FALSE
"August",1,92,FALSE,TRUE,TRUE,357.42602070163,360.333734075672,354.769644866968,358.15551291977,,,,,1.15595162743342,1.14385725636202,1.19017139772801,1.19166994657328,0.184633489567181,0.210231993062808,0.434187424494013,0.430068605494741,0.674825922202391,0.692345985310346,0.667920001071771,0.65969626639628,2.49759204638685,2.54643656855322,1.189978221858,1.14096764431656,FALSE,FALSE,FALSE,FALSE
"August",2,92,FALSE,TRUE,TRUE,342.039429791876,345.143194130012,342.390124787806,345.579776274109,,,,,1.0055145273444,0.997120232192779,1.01824790896339,1.01450232246388,0.152667331509939,0.162343086608831,0.401604111666087,0.407325426572409,0.759593987447378,0.767303937157824,0.769731770064418,0.771071636741194,3.21433581753178,3.25820389408793,2.05161958133982,2.02356727537732,FALSE,FALSE,FALSE,FALSE
"August",3,92,FALSE,TRUE,TRUE,334.450219011216,329.964510275444,331.468377056732,329.807191210409,,,,,0.950169483409177,0.905504964549039,0.958076947423637,0.920503594342838,0.131463273966723,0.263542265579095,0.344444000060482,0.409670072344058,0.76522496565846,0.803368563061604,0.740589135375832,0.777342091038937,3.08669180905336,2.85245841478394,1.73944021585833,1.74182784387516,FALSE,FALSE,FALSE,FALSE
"August",4,92,FALSE,TRUE,TRUE,343.604883172037,344.720070058838,343.666056921676,345.570758616861,,,,,1.11167641917262,1.0886229497088,1.1211107307143,1.09803919425399,0.20817331773728,0.253588437368108,0.377219700840402,0.397810558944837,0.635801284355579,0.665783638685481,0.637830431453996,0.663204085306345,1.76093048027361,1.77704605067588,1.07457762280684,1.13363577819448,FALSE,FALSE,FALSE,FALSE
"August",5,92,FALSE,TRUE,TRUE,350.632847244606,345.844329011845,347.835415267201,344.455665492698,,,,,1.11333328193094,1.04274397680195,1.11618688098618,1.0567802558743,0.095573295313848,0.244704984418205,0.372586024190004,0.429551055092685,0.678293017104184,0.757938024982518,0.692016232564872,0.739224185774085,2.75973938027488,2.85007865719384,1.55103774330957,1.60180262240361,FALSE,FALSE,FALSE,FALSE
"August",6,92,FALSE,TRUE,TRUE,330.556754488908,333.151001335428,329.914762112161,332.795934169222,,,,,0.996736089831864,0.98526797570132,1.00157286099449,0.989758607655327,0.243590555456011,0.268399261625598,0.425480026628887,0.4332441718057,0.751870967095424,0.766131596855987,0.742508304691182,0.754023877341595,2.47687076821074,2.51708767305375,1.47928241863079,1.53321878658215,FALSE,FALSE,FALSE,FALSE
"August",7,92,FALSE,TRUE,TRUE,336.438588702676,338.468030047506,338.622479126777,340.989613381625,,,,,0.964084402293176,0.960234766816911,0.965078285096423,0.959303841478193,0.242748309658476,0.287080239218168,0.361699302081985,0.372206666283067,0.79800810787668,0.801936835769831,0.793598766506681,0.793667412700847,3.22958090059659,3.02425647953118,2.44075624420542,2.35203366672831,FALSE,FALSE,FALSE,FALSE
"August",8,92,FALSE,TRUE,TRUE,342.780307452518,340.667098485333,341.805840884403,342.537134757054,,,,,1.0893859579567,1.03775839457283,1.08907416748906,1.04525412410618,0.175869717665887,0.297313878652384,0.394647673405218,0.424999217043053,0.67400629506953,0.744790552384484,0.693966133149742,0.740404109034346,2.21277607597815,2.31684791106165,1.38741594316722,1.60377314987676,FALSE,FALSE,FALSE,FALSE
"August",9,92,FALSE,TRUE,TRUE,348.073630436763,350.342735080885,346.629282071257,349.556411411009,,,,,1.03959039594083,1.03612516694549,1.03859299482217,1.0338792448488,0.0912629456142902,0.111766001145428,0.272839457074413,0.283734859617435,0.713113526709234,0.710536660972343,0.704933339041351,0.707603813146949,2.98767158198736,2.82632008617962,1.9768412043316,1.93817042998095,FALSE,FALSE,FALSE,FALSE
"August",10,92,FALSE,TRUE,TRUE,341.622269973258,338.679865943075,331.449920703736,330.323951266257,,,,,0.975813225763384,0.96484276567549,1.01446096615934,1.00590476737348,0.101968729246651,0.204876951860449,0.519445855419074,0.561816125994152,0.767041139515715,0.758495930054632,0.746055243162343,0.749833505867271,3.45662301474032,2.69580807934574,1.11515983768141,0.915065196808438,FALSE,FALSE,FALSE,FALSE
"August",11,92,FALSE,TRUE,TRUE,345.24801407287,346.746721214177,348.661617338351,350.803561715145,,,,,1.07271883081104,1.05741865159812,1.08144738749674,1.0662632930728,0.0793259461815466,0.148309966225057,0.228943300568343,0.276693678137596,0.683965866456993,0.708952806713188,0.682143577590076,0.708162927130089,2.71790869497054,2.65965126413523,2.03495922266987,2.05438138814329,FALSE,FALSE,FALSE,FALSE
"August",12,92,FALSE,TRUE,TRUE,355.789878611867,353.910794465028,356.708565137413,357.02543856195,,,,,1.15910175122539,1.12315114150958,1.1624621972758,1.13264651016626,0.217635958441575,0.311333486848124,0.349629642961563,0.394159698245351,0.67441236120445,0.712768956281594,0.671440133773471,0.701898821430508,2.32454538740357,2.1739328785565,1.60436565521385,1.60963901759247,FALSE,FALSE,FALSE,FALSE
"August",13,92,FALSE,TRUE,TRUE,361.412982557906,363.467851641268,363.186460700245,366.071106407931,,,,,1.17065287534503,1.16457894292211,1.17544922536917,1.16562743081394,0.213972424321794,0.288088258542086,0.335133016325189,0.377654365659441,0.724480968167289,0.742709293035541,0.713573993800316,0.735088601701513,3.13591995974782,2.95438290959256,2.22473085302261,2.23606413592995,FALSE,FALSE,FALSE,FALSE
"August",14,92,FALSE,TRUE,TRUE,328.647541124169,330.673030174833,326.400438139969,326.942667461595,,,,,0.870082295366314,0.860193325627151,0.872936853539959,0.863837839978034,0.127202738709209,0.128091939166305,0.356563706973564,0.370882242778368,0.834811983839835,0.835753205760218,0.822660551156882,0.817795230123648,4.15921711750985,4.08931361427784,2.53657155046259,2.31316240434643,FALSE,FALSE,FALSE,FALSE
"August",15,92,FALSE,TRUE,TRUE,334.855362175772,332.321307776611,327.493685553774,327.421297331959,,,,,0.936466303325141,0.921911446086799,0.933706596984349,0.915410804022737,0.16238469091901,0.288407020594176,0.459694658326432,0.516380025408018,0.792402076628692,0.801848031446319,0.791272952982857,0.810969472128569,3.4054331406981,2.8024681356813,1.72683138117425,1.62685349320295,FALSE,FALSE,FALSE,FALSE
"August",16,92,FALSE,TRUE,TRUE,355.836923077855,355.950342002357,353.554090575367,355.398391854829,,,,,1.04783798259969,1.01558175209186,1.04340492745722,1.01534889129098,0.183628091893494,0.309214058800494,0.381854849276653,0.437646765972601,0.781430536979111,0.825733872431527,0.780251917324539,0.81578777317615,3.8534446501212,3.93251608572694,2.49544707241795,2.68865029042729,FALSE,FALSE,FALSE,FALSE
"August",17,92,FALSE,TRUE,TRUE,347.719344994099,350.147097064821,349.990389403862,352.983134239102,,,,,1.09583781884004,1.07531579038451,1.09740455719371,1.0795133033069,0.190287216103812,0.221485562917761,0.309140760913583,0.326230033689111,0.683198493323542,0.71153276316799,0.682562199270996,0.706207789719306,2.31425688327853,2.44197563568433,1.73265016762703,1.85160712900978,FALSE,FALSE,FALSE,FALSE
"August",18,92,FALSE,TRUE,TRUE,352.495365135359,351.720774007976,351.114099346677,352.148507321775,,,,,1.19296410525394,1.14479704979961,1.18223220311909,1.14665372488765,0.187510997490793,0.244509604146045,0.358919397549834,0.377244860317462,0.588123766816215,0.642612630311436,0.614046914379757,0.645560855160118,1.67131695732598,1.77473581582333,1.09247249991674,1.18582398747216,FALSE,FALSE,FALSE,FALSE
"August",19,92,FALSE,TRUE,TRUE,343.427493299363,347.215172755957,345.060820538678,349.047893747734,,,,,1.09256055072511,1.09294263350188,1.09671084847902,1.09719933113522,0.136610160142931,0.148582885563313,0.24536425374278,0.244344982475559,0.642000612985273,0.644184624085933,0.622161222529162,0.62075519079892,2.06203137103391,2.03480049043217,1.44528623793746,1.43940750659525,FALSE,FALSE,FALSE,FALSE
"August",20,92,FALSE,TRUE,TRUE,340.976823758597,340.624394537981,341.050805289713,342.302258978997,,,,,1.06995384155303,1.02619194471259,1.07271674881229,1.03496182267863,0.193039355006045,0.290557741352113,0.387264254371367,0.43069026992887,0.684602137695252,0.750508829421621,0.695706312938436,0.745389295740495,2.1779027476937,2.38275307796355,1.40068737864517,1.60253953057945,FALSE,FALSE,FALSE,FALSE
"August",21,92,FALSE,TRUE,TRUE,357.249962313799,359.122216153018,359.560399096477,362.0635794711,,,,,1.16303126716426,1.1411550366552,1.17782857719644,1.15774795485724,0.210123279063204,0.249989968023219,0.364042886194152,0.382654316762888,0.721251956688752,0.74705891086052,0.712741478991876,0.734362245129666,3.02407444665563,3.12744301152286,2.0215982364644,2.13791606915159,FALSE,FALSE,FALSE,FALSE
"August",22,92,FALSE,TRUE,TRUE,370.239069295242,373.324734564991,370.787675366154,373.967242573398,,,,,1.22353022143925,1.22027291638703,1.23570500050203,1.24001149759649,0.205437348048682,0.215424437464658,0.340144867009065,0.345853481525451,0.738020483407409,0.737612792039555,0.709426491781004,0.699777345214027,3.74050549767047,3.63996725585697,2.34673407500096,2.18556711622375,FALSE,FALSE,FALSE,FALSE
"August",23,92,FALSE,TRUE,TRUE,359.255447954727,361.031549530963,359.580238706976,359.710898217734,,,,,1.1973403246413,1.1982832457855,1.20610005610209,1.21650782178465,0.144255038400047,0.169539208670574,0.335706858049635,0.394929677400913,0.690970510377054,0.67413430841331,0.67755503500403,0.658293504545261,3.04394913259689,2.65853677406167,1.82178776357274,1.3314441348853,FALSE,FALSE,FALSE,FALSE
"August",24,92,FALSE,TRUE,TRUE,351.806185303095,345.262495044641,351.798241363682,346.991606234776,,,,,1.10279752656012,1.01769887404522,1.10418249184834,1.02957603839683,0.156414277659532,0.326032373749825,0.312372355929869,0.415961317352471,0.734383246396929,0.817310811783888,0.717493971232033,0.788654167473743,3.25366787897573,3.44486613748294,2.11974910905714,2.28299115443693,FALSE,FALSE,FALSE,FALSE
"August",25,92,FALSE,TRUE,TRUE,325.340364483461,328.117499661387,330.763388649228,333.198889084153,,,,,0.967991916093106,0.966559405992894,0.971294751248549,0.972412355751443,0.183960301885584,0.202802412327633,0.292405383297066,0.327585864898066,0.725707494544746,0.723060121746723,0.734763380079164,0.732949489298089,2.25606112217907,2.13660759006581,1.9089728736362,1.73646072580027,FALSE,FALSE,FALSE,FALSE
"August",26,92,FALSE,TRUE,TRUE,349.32264831416,350.04490348252,352.440895548325,353.53044188866,,,,,1.10452048187202,1.07634640729944,1.10976462047035,1.08015762432884,0.171806882131939,0.227632837126895,0.300689568118017,0.340815129687551,0.706409068954272,0.738673249044929,0.705523229914023,0.738591126545891,2.73180643092845,2.79343436307192,2.05871025708146,2.16791099873124,FALSE,FALSE,FALSE,FALSE
"August",27,92,FALSE,TRUE,TRUE,352.044339082061,354.324879518548,351.892014588768,355.100120183455,,,,,1.08215645628794,1.0778198108037,1.08846322790926,1.0829391682078,0.153587285686494,0.184648648963114,0.388988131470182,0.397666843288615,0.751989129780481,0.753434027695956,0.762628276608058,0.766969891461044,3.53174254262184,3.3438940451938,2.2898859942519,2.28283621592465,FALSE,FALSE,FALSE,FALSE
"August",28,92,FALSE,TRUE,TRUE,362.807349789453,365.315120755983,362.285761695353,364.82437867787,,,,,1.19289544173789,1.1874079934509,1.19574000518973,1.1993752984256,0.114257121303564,0.154447156027126,0.307026959946309,0.334227477133868,0.672482617690761,0.680918987573056,0.666746789147265,0.662367750621399,2.96949839152576,2.84521751493353,1.85828489035068,1.6760273366165,FALSE,FALSE,FALSE,FALSE
"August",29,92,FALSE,TRUE,TRUE,350.348090242095,350.678858768541,353.124068974774,352.28391962381,,,,,1.10998087278934,1.09364375118895,1.10823660820914,1.09286914364063,0.19534366191687,0.232148918079648,0.342634209570166,0.373641205028301,0.73595637767432,0.739915925869183,0.74651081519504,0.740933405971868,3.0852100792347,2.85140141515541,2.37237173136006,2.04376746598815,FALSE,FALSE,FALSE,FALSE
"August",30,92,FALSE,TRUE,TRUE,361.320512008825,363.336479574632,361.575486274077,364.297970263178,,,,,1.22166393324826,1.1948840160269,1.22988538167026,1.21908215491762,0.18512610433573,0.218591195811208,0.372984399062813,0.377519353244275,0.652251990136879,0.686700090130187,0.659751575098923,0.665049011652474,2.42880894655101,2.59477447096609,1.51394218301349,1.51630140126253,FALSE,FALSE,FALSE,FALSE
"August",31,92,FALSE,TRUE,TRUE,369.60849605134,370.336215936502,375.647177738408,375.798473065082,,,,,1.35261962310644,1.32510000821587,1.36054235572378,1.33430979039811,0.28304794560846,0.327489271054951,0.316304117024116,0.35737381269263,0.593056972649934,0.622784610256535,0.584742637586141,0.607454483707839,1.64992163752128,1.62929654245816,1.40514511124576,1.33092681141766,FALSE,FALSE,FALSE,FALSE
"August",32,92,FALSE,TRUE,TRUE,366.04028308692,367.778614774816,367.601278665124,368.15628919275,,,,,1.16630712778861,1.14047965319828,1.17609165952345,1.14895758508265,0.0939254109321938,0.10879924323925,0.279970167562723,0.308880307145528,0.682964072860254,0.704411302079844,0.687823378306919,0.706773401979921,3.19027022415782,3.31911970379129,2.24570235527261,2.23009198727901,FALSE,FALSE,FALSE,FALSE
"August",33,92,FALSE,TRUE,TRUE,335.067982691599,337.197050076864,335.14127084001,338.359168091996,,,,,1.06811043768389,1.06672415239434,1.07091138029885,1.07036904132004,0.129600719554365,0.167939024564069,0.355828194385209,0.366619921542735,0.596025511391812,0.596933082102253,0.632519924332102,0.633092134673879,1.59575303413087,1.46183324781274,1.02507694912669,0.985948651186114,FALSE,FALSE,FALSE,FALSE
"August",34,92,FALSE,TRUE,TRUE,366.965711882603,367.975744892558,364.818826059112,368.119321608084,,,,,1.22349882911542,1.19074974080105,1.22881102983962,1.20685148444676,0.165392184733006,0.241731516097463,0.339701411527025,0.359335347455484,0.627528772791076,0.677531358789709,0.626319726953208,0.656078157769015,2.32126222608634,2.40571791720552,1.40728953786695,1.53814099692834,FALSE,FALSE,FALSE,FALSE
"August",35,92,FALSE,TRUE,TRUE,362.885534154174,365.072962620295,363.143686093519,366.583398225882,,,,,1.21596483402124,1.19293628736432,1.24316735845917,1.2236728519503,0.237460819594528,0.284840680114144,0.373266619625812,0.388730767698016,0.685972214993282,0.719735456844145,0.64999879113139,0.676921574452987,2.5807292176405,2.70771715974012,1.45292765240448,1.59779065216356,FALSE,FALSE,FALSE,FALSE
"August",36,92,FALSE,TRUE,TRUE,337.048869348231,340.058026528734,336.118890990436,339.880839340945,,,,,0.945356332878599,0.941675491612151,0.951637407811043,0.948417488845454,0.171938505449083,0.194210054256998,0.344688706639,0.349287748169498,0.769469589341391,0.773836501718527,0.757147334272607,0.761305199388619,2.99202720003799,2.93419281514321,1.95189937056196,1.97185619422915,FALSE,FALSE,FALSE,FALSE
"August",37,92,FALSE,TRUE,TRUE,357.67121212278,360.553805797681,358.87842121561,362.457497089552,,,,,1.17577168052094,1.16918894543191,1.18804109796218,1.1826038843353,0.211625259854436,0.23764898184024,0.416608771057457,0.417398384589115,0.695387483906201,0.704666795102425,0.710259658311324,0.713886802739828,2.67325519182417,2.63169412774704,1.71164392581776,1.73574299503727,FALSE,FALSE,FALSE,FALSE
"August",38,92,FALSE,TRUE,TRUE,372.670807352641,376.605172501058,365.340746694035,367.977710357318,,,,,1.20421570950758,1.20296961270738,1.2012706833346,1.20583157455611,0.217748643790526,0.216590768483106,0.409509120813383,0.403585252474039,0.738497837315577,0.739057976099066,0.708878793504102,0.691862277630025,3.65131826422076,3.66443876845933,1.8182597789885,1.65812435881405,FALSE,FALSE,FALSE,FALSE
"August",39,92,FALSE,TRUE,TRUE,330.448957383365,332.266064332486,332.768231675638,335.424914740834,,,,,1.01088083386595,0.991811798033565,1.01695894002153,0.999715889132065,0.199540549307447,0.233986048746748,0.339252919944276,0.363881568421238,0.68343872607516,0.708647590425961,0.684980932399106,0.710789772102684,1.91692686257335,1.97160364920019,1.37312192504951,1.45617148475595,FALSE,FALSE,FALSE,FALSE
"August",40,92,FALSE,TRUE,TRUE,340.396940530374,343.31145294004,337.814264379081,340.8905973219,,,,,1.08791543774421,1.07456026929479,1.09140952507075,1.08699202401487,0.226396947856631,0.249073160184448,0.382685539295447,0.396261613624425,0.648544109294308,0.669577824277408,0.634006931761799,0.640719694413746,1.73364175087314,1.79638535580376,0.971120577233201,0.954014711190482,FALSE,FALSE,FALSE,FALSE
"August",41,92,FALSE,TRUE,TRUE,314.826536409888,312.831816533531,319.084506619024,316.84135297487,,,,,0.920612825900245,0.871322837719185,0.922338813376591,0.876405854954395,0.206043579481746,0.240440931955444,0.317227922391095,0.339798124795724,0.694101550603313,0.743467969709323,0.703049539888559,0.738307069719173,1.65826999429466,1.83717097721075,1.34588005390707,1.43217308879914,FALSE,FALSE,FALSE,FALSE
"August",42,92,FALSE,TRUE,TRUE,348.160159449828,351.581214213377,351.285961774347,354.505143014623,,,,,1.04691098450444,1.04388388241575,1.04985745612566,1.04865750033911,0.204129776147498,0.206108277938891,0.349841916546081,0.345890990495522,0.776791291335325,0.776994916838146,0.782141123139318,0.776819732212739,3.51297002097822,3.48481424314049,2.71017736261606,2.62867384710107,FALSE,FALSE,FALSE,FALSE
"August",43,92,FALSE,TRUE,TRUE,349.945464765508,351.891243014622,345.964010684077,349.813121435244,,,,,1.13275781561344,1.10197740725102,1.14529797999209,1.13452954897741,0.146304986060141,0.193190588025827,0.371914890321364,0.375810360704317,0.612666975968755,0.660858184090084,0.612808446572053,0.626850236283079,1.90614011114083,2.07993559666847,0.970464218070577,1.03456700105929,FALSE,FALSE,FALSE,FALSE
"August",44,92,FALSE,TRUE,TRUE,346.853892815384,348.341523615462,342.601568522184,345.189455618324,,,,,1.09471676777061,1.07664013525217,1.10101803593992,1.08787091895368,0.16930000420763,0.195204552354967,0.445003827375746,0.448858087078496,0.681046667204807,0.696038490665353,0.696923151246358,0.704586805255557,2.36626342580079,2.35278187239638,1.20478047575533,1.2273860628487,FALSE,FALSE,FALSE,FALSE
"August",45,92,FALSE,TRUE,TRUE,336.056853423178,338.732248401512,337.078331111742,339.536076375612,,,,,1.0466339952566,1.04238997416713,1.05729559200658,1.06202534026205,0.167904704301525,0.179520845362422,0.306313966137806,0.310237453421995,0.630493965890221,0.630361169779361,0.621407590334052,0.604354644622734,1.69423311486672,1.6350991013493,1.12449971206561,1.00684361916037,FALSE,FALSE,FALSE,FALSE
"August",46,92,FALSE,TRUE,TRUE,354.584526932273,356.680092469017,350.109289662274,353.37487458811,,,,,1.1117488078364,1.09368967320448,1.11840070025192,1.10561366694992,0.204228064453322,0.21892997646411,0.424763672521188,0.417291596796944,0.714426355788571,0.728386292837457,0.708063312636728,0.713565555629408,2.77206194336192,2.82247643656179,1.4778583062146,1.54484755452247,FALSE,FALSE,FALSE,FALSE
"August",47,92,FALSE,TRUE,TRUE,352.478049627664,356.004445388887,356.760441004777,360.161930682342,,,,,1.09572909157928,1.08758764967253,1.10152445627921,1.09616273657402,0.119324778714968,0.127019908188836,0.252478202394874,0.254985908077817,0.728474012299608,0.73877248277406,0.732174407968109,0.735542541015677,3.34132641130616,3.44113948517797,2.67437370130629,2.68840146075527,FALSE,FALSE,FALSE,FALSE
"August",48,92,FALSE,TRUE,TRUE,363.918433742541,359.956882973946,361.024273236759,359.394180979498,,,,,1.1584731098042,1.14513803108236,1.16940581447336,1.14919283257623,0.22247172138734,0.314001911429144,0.392518263864355,0.427585819753532,0.738983181464599,0.728723301695468,0.714021593588699,0.714508474362529,3.3411265230088,2.49299938648954,1.88239021870543,1.61530251405334,FALSE,FALSE,FALSE,FALSE
"August",49,92,FALSE,TRUE,TRUE,320.757118761926,324.30814146729,325.275780922532,328.507311393478,,,,,0.944081094556686,0.942312921401298,0.945597881840756,0.947944865599378,0.220505026085135,0.223298393966939,0.343777360404746,0.349260343532405,0.745295705032055,0.745307895856177,0.756984339825382,0.749418918363191,2.24524483465951,2.22471107494816,1.84663473637747,1.73897338135862,FALSE,FALSE,FALSE,FALSE
"August",50,92,FALSE,TRUE,TRUE,344.331402693137,345.566159641477,343.425674928122,346.440981319151,,,,,1.06946690706715,1.05950371649897,1.06796667746508,1.06009046926898,0.220033410049713,0.280715379183154,0.38314542609634,0.397193204573007,0.700472904355431,0.715542900084454,0.702125441255461,0.711604656813284,2.27763364239359,2.12606734446421,1.48881137909769,1.49475840376302,FALSE,FALSE,FALSE,FALSE
"August",51,92,FALSE,TRUE,TRUE,300.04525556914,301.991374690456,301.910456252863,304.557244235561,,,,,0.729988805520735,0.72071780653919,0.733794432243516,0.724516619107733,0.211594958033132,0.272603136565384,0.423990854201496,0.45188338764848,0.870225086221879,0.881601115774902,0.877169388264363,0.887152162497507,3.47988076754756,3.43866125648429,2.53875503611982,2.59017147702577,FALSE,FALSE,FALSE,FALSE
"August",52,92,FALSE,TRUE,TRUE,357.706344030502,356.561446705759,359.905848444592,359.838983549555,,,,,1.20789285507046,1.14942315771637,1.21424674769078,1.16150990884841,0.211842390241307,0.320733914248367,0.352432613336056,0.41181723328492,0.627013984666903,0.711279373986297,0.638843873563665,0.702253555635842,1.97062314827079,2.18670737439699,1.39609410412072,1.58721093069336,FALSE,FALSE,FALSE,FALSE
"August",53,92,FALSE,TRUE,TRUE,332.067368083197,335.882912232704,337.209486522524,341.104477765375,,,,,0.983036321893038,0.979511452083074,0.990754981041966,0.988707121745069,0.156688637027317,0.16409343986198,0.231449342978816,0.234125019749887,0.711634364972354,0.718253827662729,0.70202044930643,0.705372885409341,2.32155608288125,2.35771712728169,1.91969002751869,1.9373407724536,FALSE,FALSE,FALSE,FALSE
"August",54,92,FALSE,TRUE,TRUE,354.527821604128,354.569545921806,356.542161059294,358.080364490581,,,,,1.11047564680176,1.07712770445458,1.11587155385714,1.08414016945077,0.221743023658723,0.318413383013629,0.349364498610104,0.398307460787816,0.705698228397245,0.753343788688644,0.707557356047935,0.74770339624193,2.55960426414771,2.59097982639666,1.89581406249931,2.03673604018323,FALSE,FALSE,FALSE,FALSE
"August",55,92,FALSE,TRUE,TRUE,342.941101437195,346.189326453529,343.004302128415,346.939034430666,,,,,1.0450019740654,1.04356368948487,1.05351301779388,1.05164902168016,0.187158252127254,0.208224021869951,0.424001978681761,0.424788594778435,0.707789676174454,0.711182031690243,0.732107462567746,0.734229579113401,2.42867793763754,2.36518233846876,1.56399291419959,1.57861996506551,FALSE,FALSE,FALSE,FALSE
"August",56,92,FALSE,TRUE,TRUE,317.413615605875,318.584107368043,321.670566429773,321.686478996522,,,,,0.926857741083035,0.913877102942919,0.925946999155907,0.914179328854738,0.13533089362548,0.169253911650882,0.218252240879611,0.262147646076367,0.712715653616422,0.721804582923844,0.708116418989075,0.710017350067058,2.11373668695322,2.03002704597768,1.75081659723141,1.56578050996558,FALSE,FALSE,FALSE,FALSE
"August",57,92,FALSE,TRUE,TRUE,376.490937862778,377.114604825694,373.970372260432,377.237887197611,,,,,1.35351683939108,1.31931156430464,1.38471461293151,1.35792211180686,0.153953901803004,0.213717397377996,0.3189398631736,0.324894296647215,0.539541904440768,0.583411287900824,0.520499489255232,0.545405278899174,1.87738126166457,1.89744285862504,0.940747639290463,1.05446827996487,FALSE,FALSE,FALSE,FALSE
"August",58,92,FALSE,TRUE,TRUE,313.07986394004,316.688646694157,311.686943418059,315.124099107555,,,,,0.850999635594423,0.84750385661047,0.851261196830396,0.846393940040704,0.125341228572313,0.129753811275074,0.39408826576519,0.39744036618904,0.819632968751495,0.823255290744212,0.818879136905367,0.823135391002349,3.44043207316873,3.47939206989457,2.07507123541778,2.10662810469466,FALSE,FALSE,FALSE,FALSE
"August",59,92,FALSE,TRUE,TRUE,356.526999509752,357.210362243167,355.766456686459,357.88403182338,,,,,1.2400977513886,1.20684401653141,1.24870088231698,1.23488679422892,0.204030100408006,0.275624146047267,0.307607732271872,0.335000058773928,0.566680360262114,0.620643635689247,0.537518692946211,0.557143570794523,1.54176958645912,1.5938434923958,0.901706843891262,0.89029797385424,FALSE,FALSE,FALSE,FALSE
"August",60,92,FALSE,TRUE,TRUE,351.523195959583,353.559099571534,349.798547623196,353.534157524292,,,,,1.22335630063143,1.21126715285635,1.28273871690071,1.26941578047553,0.290534996128637,0.32248076180111,0.434163033466379,0.439570089757016,0.600795293374537,0.617629146324221,0.55510050154038,0.569961648244085,1.38310189633662,1.3461087590708,0.500243225100593,0.549823602921126,FALSE,FALSE,FALSE,FALSE
"August",61,92,FALSE,TRUE,TRUE,336.037776206208,336.701648802218,335.218486477777,337.701488601857,,,,,0.991103554074282,0.96889481836362,1.00272820948986,0.982854188739259,0.207731046756072,0.23614008267533,0.387080624433073,0.388018952794494,0.7743133029934,0.788815012553704,0.749510593520304,0.765953997361003,3.05144568401452,3.04323918245321,1.7696732880434,1.90481730228688,FALSE,FALSE,FALSE,FALSE
"August",62,92,FALSE,TRUE,TRUE,325.796293012879,328.108035674128,325.19218711476,325.867282240347,,,,,1.00463410019632,0.993939004554081,1.01241996770253,1.00577167633119,0.180591087678056,0.211852260568098,0.37944816768052,0.437644684459429,0.703134273782314,0.717342065671876,0.688055683543288,0.699760899285157,2.12513256316407,2.11433716678157,1.19037581341048,1.03186415564927,FALSE,FALSE,FALSE,FALSE
"August",63,92,FALSE,TRUE,TRUE,332.73133118741,336.154437899395,329.065292511734,331.915279851562,,,,,0.988385275466865,0.979917775023174,0.988172275384404,0.978878313061605,0.163429417638467,0.168523375596567,0.387515462403679,0.383008600693036,0.739213843953404,0.749652473949195,0.725413102370194,0.72796050559922,2.66179744198683,2.75465213908782,1.45356829455559,1.47151481562527,FALSE,FALSE,FALSE,FALSE
"August",64,92,FALSE,TRUE,TRUE,356.920792332265,358.806811776233,358.557265883068,360.751334935996,,,,,1.16627871511083,1.14900604835258,1.16790789204979,1.15356508116723,0.239903359710018,0.250609925471959,0.372707826118753,0.380462889891418,0.68634878227671,0.696115365641882,0.692439454469497,0.699728232094566,2.38402299325322,2.38637132131357,1.72043131098708,1.71858252691001,FALSE,FALSE,FALSE,FALSE
"August",65,92,FALSE,TRUE,TRUE,337.836997057571,341.366467937409,337.770102416026,340.75558827178,,,,,1.04111196168596,1.03803301060218,1.04730170159308,1.04620087641081,0.22427431495895,0.212611060733084,0.465059374636786,0.461325902690605,0.746492996052146,0.743364427638563,0.76338083856304,0.755771000840723,2.71251750809079,2.70745814367284,1.65361771895409,1.57538354251461,FALSE,FALSE,FALSE,FALSE
"August",66,92,FALSE,TRUE,TRUE,321.727046027196,323.340188680291,320.048778993838,322.929347816837,,,,,0.911373757136054,0.893725295560459,0.923172110502446,0.905858879992114,0.14722895488392,0.1873034788904,0.416332190892344,0.419333266181413,0.739442478242227,0.761097192302252,0.746479753141074,0.763470890635237,2.36901514404724,2.4119898833163,1.36152530300654,1.47195358374173,FALSE,FALSE,FALSE,FALSE
"August",67,92,FALSE,TRUE,TRUE,348.909836626146,352.755205629104,351.989855563567,355.705485020827,,,,,1.11095157466766,1.11104050272895,1.11094450135576,1.11688905356812,0.180962845333024,0.184958359723972,0.279048598761274,0.282481096759745,0.657718795105934,0.657835497946787,0.657939751172181,0.648880233426957,2.12670732767564,2.1097411939381,1.67353262646587,1.58888813444722,FALSE,FALSE,FALSE,FALSE
"August",68,92,FALSE,TRUE,TRUE,353.296207697136,355.569627661817,348.707668727045,351.809715489473,,,,,1.09792537970154,1.087980034716,1.09376226791851,1.08582806553796,0.193313536747254,0.213841012594455,0.428189794335381,0.425039846838101,0.704368198092946,0.711472435269431,0.716457097330206,0.717790630803966,2.62286444043349,2.56941492965904,1.49258454154121,1.50254103759781,FALSE,FALSE,FALSE,FALSE
"August",69,92,FALSE,TRUE,TRUE,352.860892786715,355.36147123157,356.20744867879,358.823228648439,,,,,1.14714466102462,1.1410094337905,1.14793885673532,1.15167833955787,0.215964638848601,0.241248970762048,0.312648792105339,0.333946528516459,0.709064237362546,0.713786626057771,0.70432256202521,0.696454767961511,2.70968496418204,2.60891667877944,2.10111642070274,1.89863804947522,FALSE,FALSE,FALSE,FALSE
"August",70,92,FALSE,TRUE,TRUE,361.170326519232,364.02509756974,359.345127681778,362.38515716993,,,,,1.19638285504695,1.18573312418769,1.19080854624295,1.17596111581081,0.140176777821283,0.147523326515556,0.336044579216859,0.337999290011032,0.682487154172389,0.690236678121886,0.679807244405663,0.692466498940253,2.97461875328896,2.99989331067116,1.81915650523358,1.91031957141158,FALSE,FALSE,FALSE,FALSE
"August",71,92,FALSE,TRUE,TRUE,352.563203669633,354.500186880463,352.572286177678,355.053105637052,,,,,1.08685955299914,1.06746145952843,1.09102906295936,1.07444129610524,0.157638984803944,0.183142999332001,0.381026808824226,0.382494691984333,0.733631213266099,0.752095689214049,0.744682955901453,0.754648120355783,3.18118182551099,3.26282904372389,2.0808652104615,2.15430170188754,FALSE,FALSE,FALSE,FALSE
"August",72,92,FALSE,TRUE,TRUE,316.096492032553,319.792305353521,312.927314292506,316.763832217488,,,,,0.851618579078093,0.854515878996561,0.860250262539371,0.86117710099749,0.160259786986737,0.17843524891673,0.455629818972218,0.465603425513581,0.804858460156289,0.802572539384465,0.80413352077079,0.805583303986132,3.01722930127,2.90418959269056,1.62816067549679,1.60263966090306,FALSE,FALSE,FALSE,FALSE
"August",73,92,FALSE,TRUE,TRUE,366.092279830283,364.230547500087,365.436272822797,366.619442139622,,,,,1.21447523517044,1.16070500443611,1.21013913804487,1.16472008527472,0.238753102345799,0.377959331154626,0.405041832977423,0.459506886964766,0.719734415937947,0.787892010272144,0.724715622192281,0.777489796419871,3.11412711518184,3.21745119090031,2.05821536444754,2.367666792667,FALSE,FALSE,FALSE,FALSE
"August",74,92,FALSE,TRUE,TRUE,366.392512129127,370.2539540935,367.468722429321,370.371261148961,,,,,1.17604191355818,1.17625734080876,1.18302474060046,1.19164806386669,0.147798626126123,0.148793331775164,0.336117755336343,0.343409374980526,0.74402160724778,0.742847096182614,0.74308551625011,0.727183273260995,4.00301252517408,3.97062285407623,2.71674098348594,2.43604730178811,FALSE,FALSE,FALSE,FALSE
"August",75,92,FALSE,TRUE,TRUE,362.801460166368,364.926394390246,359.511012128303,362.697299214646,,,,,1.21170006618823,1.20181109078265,1.23243589431811,1.22579833629647,0.181129714433453,0.22043073912477,0.401285541377422,0.403726433120126,0.677502068202676,0.689625525464001,0.655991654724166,0.658791263585123,2.75989025518488,2.6646510751095,1.32760082512141,1.32662872069189,FALSE,FALSE,FALSE,FALSE
"August",76,92,FALSE,TRUE,TRUE,328.05075262622,327.466919726611,329.283196210742,330.386499095879,,,,,0.971160331540894,0.921009689338399,0.970841987933776,0.925637536553167,0.268692842732624,0.340480183306832,0.387240999841959,0.421833422760914,0.73574688454822,0.796390112877838,0.732947675989508,0.785955146495093,2.07394803792041,2.3842823549551,1.49773739650015,1.81058870138657,FALSE,FALSE,FALSE,FALSE
"August",77,92,FALSE,TRUE,TRUE,351.893327783682,354.097686829847,352.095511966756,355.293240463148,,,,,1.08097864702447,1.06620184544639,1.0852354734277,1.07320139048535,0.155631801718617,0.178540662616529,0.36069053457937,0.366344658927696,0.72707017704105,0.740451976810699,0.735516114186009,0.746679493442716,3.07006427657417,3.09203442648227,2.06176854800915,2.14150292347723,FALSE,FALSE,FALSE,FALSE
"August",78,92,FALSE,TRUE,TRUE,341.960642701517,345.013882168617,335.839859469188,337.400331555353,,,,,0.987602979184209,0.980266590820662,0.991338802705478,0.984254337055138,0.0965791274853358,0.0967398287192469,0.396386353244875,0.409446068873441,0.762826025414217,0.766080328340345,0.754818080882318,0.752883252123407,3.48733300632342,3.50200683068302,1.77828304422163,1.66230477026945,FALSE,FALSE,FALSE,FALSE
"August",79,92,FALSE,TRUE,TRUE,365.54907973312,366.682618200389,366.268033122133,368.574438407018,,,,,1.19765618338244,1.17554139683212,1.21251252908703,1.19565006839744,0.139094594001739,0.189723425549285,0.312567875838126,0.337528110935815,0.674390826857912,0.698455534464687,0.665049583900982,0.68415093483012,2.93000479239602,2.89986918846319,1.88378687295859,1.91419705340644,FALSE,FALSE,FALSE,FALSE
"August",80,92,FALSE,TRUE,TRUE,322.785724543014,324.789561182095,323.750131137288,326.719823685033,,,,,0.843767797652613,0.8385906929636,0.845140413970707,0.83909216791746,0.101459088172683,0.126303172372439,0.246781420384296,0.252320570340397,0.818300003493724,0.818028869698562,0.80568051326028,0.808904153498265,3.6287162626252,3.45011438923707,2.62917265660831,2.62556314955047,FALSE,FALSE,FALSE,FALSE
"August",81,92,FALSE,TRUE,TRUE,364.442953966384,368.262741711729,361.30235406854,364.772104602586,,,,,1.19391587002967,1.19107977802401,1.18847391691329,1.18946944281986,0.192902256269263,0.199394979621823,0.38026765117441,0.375221908506573,0.732395987040685,0.736843152852729,0.717209631280924,0.709376900962736,3.52154302546513,3.55200930256614,2.0231805780098,1.95277165060954,FALSE,FALSE,FALSE,FALSE
"August",82,92,FALSE,TRUE,TRUE,368.842416730396,370.547185988928,367.972910781139,370.637479190575,,,,,1.20154607331388,1.18403194868613,1.22078983249434,1.20436658946474,0.173527200378498,0.18283762175857,0.358765965063999,0.362134554192143,0.739943373736184,0.746287678094833,0.712204640814921,0.722714537801064,3.89741781975846,3.86148468505083,2.21803853456517,2.29160587633651,FALSE,FALSE,FALSE,FALSE
"August",83,92,FALSE,TRUE,TRUE,364.367175321416,366.776330589439,366.125489185579,369.534903219796,,,,,1.21985560182137,1.22671880706501,1.20900645995703,1.212322212171,0.191207292612328,0.25633237267652,0.296954715147001,0.311114555062055,0.682106627383815,0.684485873295912,0.684737329873822,0.681717416950716,2.807520686401,2.48170655739287,2.17577996711031,2.06595059716291,FALSE,FALSE,FALSE,FALSE
"August",84,92,FALSE,TRUE,TRUE,338.815998202775,341.703858478982,340.379885794721,341.775407321094,,,,,1.09081474359109,1.09450191570571,1.09635236746281,1.11058559052496,0.139632804241125,0.129360540262299,0.345496419404263,0.339748659206504,0.613788031898163,0.590409012393688,0.644989215777387,0.599152328455653,1.76699573594697,1.62464321896863,1.2049105664544,0.935616908003192,FALSE,FALSE,FALSE,FALSE
"August",85,92,FALSE,TRUE,TRUE,359.631087114074,361.770587652667,358.935504367563,361.71867298189,,,,,1.17376431434498,1.17084934114354,1.17733166027782,1.16997110473153,0.185267469663937,0.219581175472414,0.336187511491911,0.355356603453159,0.685076810628433,0.685682296622165,0.669437342854906,0.678476834137356,2.69023979139133,2.49465073508265,1.68683813391133,1.66034754635969,FALSE,FALSE,FALSE,FALSE
"August",86,92,FALSE,TRUE,TRUE,311.414057670298,314.645560769657,312.28474847732,315.785520133509,,,,,0.829126119934277,0.827754732176396,0.828786991731521,0.825926845312781,0.14061060498171,0.150433085750401,0.345065941024019,0.349525298818581,0.812813653178542,0.811756744637575,0.816535890293689,0.818638456272902,3.10551951402984,3.02640709646814,2.20008776284247,2.19964859284752,FALSE,FALSE,FALSE,FALSE
"August",87,92,FALSE,TRUE,TRUE,337.298565522019,339.41315679094,338.42112252663,341.293423678161,,,,,0.989914624267892,0.975504893562583,0.997708969059124,0.984084942230754,0.114448592353596,0.124185350520226,0.339081577028998,0.331160991269084,0.768497306152204,0.777825846506298,0.76905195846826,0.776912331312993,3.4291503674758,3.47121478562978,2.26797172880333,2.37337327632058,FALSE,FALSE,FALSE,FALSE
"August",88,92,FALSE,TRUE,TRUE,352.756259702998,355.294474581942,353.746485632773,357.231920813451,,,,,1.07585893863053,1.06135098075115,1.08132377368393,1.07310690435205,0.126266850844822,0.171989500781707,0.288973719916588,0.305709308501665,0.696680133878912,0.720925428146909,0.694743918721698,0.708564403679727,2.76152557341989,2.8158897265997,1.94284053933237,1.99337098477176,FALSE,FALSE,FALSE,FALSE
"August",89,92,FALSE,TRUE,TRUE,333.960379393905,337.509125567727,336.641623358909,340.505273387998,,,,,0.899502469147063,0.898955295392857,0.901363456000856,0.901428097817084,0.0758396509913764,0.087302421408369,0.266674956212447,0.269405971496318,0.81398749333081,0.814046541650968,0.819869817971227,0.819627938039145,4.11628598089956,4.04769469853483,3.17918433341264,3.1577503929453,FALSE,FALSE,FALSE,FALSE
"August",90,92,FALSE,TRUE,TRUE,319.850560679038,318.137098721561,320.46994113464,320.397988241648,,,,,0.85515228860995,0.817678117490762,0.857716998424957,0.822007165222901,0.185041716970868,0.266927779874872,0.426267260763328,0.458093252124344,0.855710236044306,0.883080174569228,0.861239783179549,0.886571520167376,4.25391429586558,4.41915857974157,2.86225803258294,3.18138453326043,FALSE,FALSE,FALSE,FALSE
"August",91,92,FALSE,TRUE,TRUE,351.401336740589,354.789483261631,349.153538125003,351.619739236197,,,,,1.1560894705556,1.15028153677367,1.15273617758473,1.14925743405838,0.227438696342018,0.245782681771419,0.380106607691428,0.391065369745706,0.649356476561067,0.660485638441864,0.645198179814331,0.644077067084565,1.96244117327872,1.9735452756704,1.18248809754415,1.11525740931386,FALSE,FALSE,FALSE,FALSE
"August",92,92,FALSE,TRUE,TRUE,345.009159311374,344.648837229901,346.814636723351,347.987628384699,,,,,1.0410234850057,1.01697711254058,1.04772543753185,1.02435616781654,0.205056035936777,0.274770704939091,0.327414497992349,0.368860161187715,0.739175478522884,0.761627230626975,0.728643940960017,0.754267705024127,2.79743314801988,2.66236453455426,2.01605988092256,2.04994942159996,FALSE,FALSE,FALSE,FALSE
"August",93,92,FALSE,TRUE,FALSE,361.910559049123,361.199059392045,365.352484310267,365.131867448257,,,,,1.16020734553813,1.12252116487884,1.16349620364852,1.12743800123547,0.13471783921423,0.223245654161343,0.211925023349326,0.286371638198921,0.73494103310068,0.773166023844357,0.731992169321256,0.769787237872109,3.75387418332114,3.76936249683909,3.21977038678359,3.27969531715087,FALSE,FALSE,FALSE,FALSE
"August",94,92,FALSE,TRUE,TRUE,346.655721178388,350.072792189818,340.257238878875,343.928006127298,,,,,0.984949545218963,0.985547786368462,0.988482783115024,0.985041644277059,0.154293934710915,0.170295178813021,0.38683759633735,0.381384741875999,0.766385279528613,0.76620588589611,0.74786461292046,0.74752957711832,3.31706417010257,3.22719907981394,1.77388744299037,1.78540630160551,FALSE,FALSE,FALSE,FALSE
"August",95,92,FALSE,TRUE,TRUE,322.467078102631,316.79736569695,319.360522951793,311.850980978241,,,,,0.928865986637251,0.869115689593366,0.932671891705504,0.874948717416926,0.108503064449101,0.188030741099754,0.361730648356633,0.432957446580301,0.717495656823998,0.763666686055026,0.711851945336887,0.745704850237338,2.31105389399565,2.294897969434,1.28500238853715,1.14522701224489,FALSE,FALSE,FALSE,FALSE
"August",96,92,FALSE,TRUE,TRUE,352.313387286614,352.821987673478,347.04579517829,349.358230798656,,,,,1.18549489509917,1.16782812662102,1.22053143023242,1.21060504078822,0.256816929979887,0.335596143502901,0.417088073836009,0.43827630424329,0.624051015648904,0.658207298280309,0.576352571243479,0.590564450788642,1.66630675900669,1.55951019513577,0.642321663559101,0.62480539687893,FALSE,FALSE,FALSE,FALSE
"August",97,92,FALSE,TRUE,TRUE,339.317021831945,343.153582526919,337.391160465319,341.235897700928,,,,,1.00185174951571,1.00275471747057,1.01347413387735,1.01642086784654,0.215061046802661,0.217721931022754,0.386198557541363,0.391246122798219,0.728357623758456,0.726745148631355,0.709571572005218,0.707279282331545,2.40444022804116,2.37328367446769,1.41535331950235,1.37818499611092,FALSE,FALSE,FALSE,FALSE
"August",98,92,FALSE,TRUE,TRUE,357.025287188963,357.719031145726,351.588064254138,354.196760792241,,,,,1.1624543473726,1.1508745254076,1.16159951220944,1.14846099356469,0.115903121327835,0.181235446840266,0.345684578125322,0.363772928010123,0.637705240279459,0.650958412380969,0.629286280166875,0.64494408394658,2.40523557425838,2.19614197915091,1.23582592038424,1.25288086361897,FALSE,FALSE,FALSE,FALSE
"August",99,92,FALSE,TRUE,TRUE,373.864635800601,377.261345094094,375.560752420185,378.992575838707,,,,,1.30600634674708,1.30141985081369,1.31170519381313,1.31448672333591,0.181456116652653,0.185785070762576,0.329258838160614,0.323282512788329,0.625943883510584,0.628343113918421,0.636182938318307,0.625009344621564,2.4768198102048,2.46483050809551,1.74319466085568,1.66543193607763,FALSE,FALSE,FALSE,FALSE
"August",100,92,FALSE,TRUE,TRUE,368.335319883115,371.654410034247,368.303049224056,371.686968184743,,,,,1.28015673195181,1.27431127571335,1.29547419434365,1.29353870254285,0.16246205272903,0.176921323961335,0.317426255565223,0.319311776380806,0.628411147332121,0.636516469203124,0.605322535076161,0.603315430556819,2.47838433246955,2.47714346757044,1.44180018972204,1.40962438343024,FALSE,FALSE,FALSE,FALSE
"August",101,92,FALSE,TRUE,TRUE,369.392492754889,368.924827338021,372.878112178689,373.447879360016,,,,,1.34123772478428,1.31307407389515,1.33579407724026,1.31950548939702,0.191551359236276,0.264731468633254,0.297558940756977,0.339422515544149,0.596477030340667,0.627134346319357,0.611561301784013,0.623541674217931,2.12649325493569,1.9714871986111,1.68377779401657,1.52933522597592,FALSE,FALSE,FALSE,FALSE
"August",102,92,FALSE,TRUE,TRUE,303.353738358706,302.298907731802,302.016548249717,303.192848057901,,,,,0.810363853150273,0.786184278661825,0.814170204276534,0.789618374916669,0.204987478332086,0.296403179998301,0.369716268134879,0.420154297378009,0.789034555164571,0.816645686485864,0.766763841553428,0.803299553029965,2.27909881209603,2.19996820088608,1.39311543456804,1.50639897213589,FALSE,FALSE,FALSE,FALSE
"August",103,92,FALSE,TRUE,TRUE,321.137077367739,322.90450704888,324.103524817271,326.866527571347,,,,,0.945526789205713,0.925888596102177,0.951771464202003,0.933915187092988,0.200045573468714,0.237959115878097,0.355035827881143,0.365911462341364,0.715693160202143,0.742622860476214,0.724525911631626,0.745966938176817,2.00078867721676,2.08002799555317,1.4811827645728,1.59805021087689,FALSE,FALSE,FALSE,FALSE
"August",104,92,FALSE,TRUE,TRUE,367.05252976924,363.386381307221,359.252085151537,358.484974797042,,,,,1.18985710279318,1.15002399698045,1.18794947553413,1.1548365141437,0.116454227392073,0.214022192213237,0.417602857598761,0.442859678586666,0.696306424250296,0.718367937778013,0.697388132792881,0.713431094014448,3.37580819836134,2.95033955136017,1.57605980856628,1.52268516415049,FALSE,FALSE,FALSE,FALSE
"August",105,92,FALSE,TRUE,TRUE,376.837354412517,377.656020259628,379.014724436935,381.603804594512,,,,,1.3528651460836,1.30429735551853,1.35314317108888,1.31349447337308,0.14937526620029,0.238737511303645,0.257911324328432,0.29827951724188,0.669851617902479,0.740075928240364,0.650300812581737,0.710230525379609,3.42499116965952,3.91922989429357,2.41018492752413,2.90150783226517,FALSE,FALSE,FALSE,FALSE
"August",106,92,FALSE,TRUE,TRUE,355.014895329316,356.377743069421,350.474820556995,353.187486640855,,,,,1.14542098074539,1.11023348261953,1.15578219277467,1.12519701162606,0.144935263084654,0.210659597376568,0.404787867410007,0.41323586542175,0.655089587760791,0.708357858242012,0.660235187751837,0.690993531227277,2.40067683218009,2.61786717407425,1.20150727244647,1.37461412530361,FALSE,FALSE,FALSE,FALSE
"August",107,92,FALSE,TRUE,TRUE,360.141517900516,362.741596747108,359.148979188793,363.0148520964,,,,,1.19336574809039,1.16966971053412,1.18584306807892,1.17672601853368,0.272704084035403,0.309335658642756,0.384010122910382,0.387980490891332,0.680555817110856,0.714500982295627,0.672955385836612,0.684432150187372,2.2416186653735,2.40498445175481,1.50401396670285,1.57979141429025,FALSE,FALSE,FALSE,FALSE
"August",108,92,FALSE,TRUE,TRUE,343.082401672198,344.071261022793,337.903902528448,339.758683185901,,,,,0.984965162182922,0.991360551155291,0.987214222758225,0.989304900677653,0.124010841267612,0.167857441512035,0.388391619806767,0.400355790654241,0.759054190425776,0.739707793773527,0.750941606717387,0.739352396050785,3.27077054042485,2.74430848220726,1.77269522126736,1.58215672300908,FALSE,FALSE,FALSE,FALSE
"August",109,92,FALSE,TRUE,TRUE,350.95878768988,350.817153362286,347.112787324303,349.194509031753,,,,,1.10886921270706,1.0828739098543,1.11823415123859,1.09490623386371,0.10860148867266,0.197594230899863,0.410321953053979,0.43248154735625,0.673350506460437,0.70795269065422,0.689274072033837,0.714859439936298,2.62588523505995,2.53213851360721,1.3484880573635,1.43280779227936,FALSE,FALSE,FALSE,FALSE
"August",110,92,FALSE,TRUE,TRUE,347.511146052303,341.267911034327,346.246073133706,343.637809372807,,,,,1.03840344536685,0.968858016947951,1.05373542653661,0.982811357910441,0.216749964109983,0.358393673514771,0.403442924940262,0.474266194188607,0.748319490128708,0.808763945158587,0.734692970105174,0.801123842585079,2.89080782315089,2.81737519013422,1.719575656474,1.99450721607961,FALSE,FALSE,FALSE,FALSE
"August",111,92,FALSE,TRUE,TRUE,361.299825332844,362.6398735619,357.786803719887,361.16948914213,,,,,1.17691294740976,1.17386359576322,1.19454080338198,1.18995838638671,0.137195880050928,0.174822214608303,0.359534770414532,0.358940436599435,0.676947075770951,0.671173450742358,0.652994204288012,0.65338368252143,2.86458671132707,2.56331486217647,1.44545173094545,1.44115258081803,FALSE,FALSE,FALSE,FALSE
"August",112,92,FALSE,TRUE,TRUE,362.486235484106,362.281234695049,361.445132719234,363.217330986654,,,,,1.12435263821691,1.10094649074923,1.12930680507052,1.10679595119395,0.165581209497432,0.228820587998039,0.372759761565779,0.398354829771088,0.75361382787677,0.769942809648274,0.753670334848132,0.773097706000916,3.82178605149985,3.60928501975194,2.45149804456566,2.52276612587735,FALSE,FALSE,FALSE,FALSE
"August",113,92,FALSE,TRUE,TRUE,352.859100307721,354.400309179435,348.6746488315,351.236377708728,,,,,1.06151911411,1.05089328396849,1.07581098188315,1.06911574744873,0.123127573226293,0.157190956582018,0.394138309905487,0.40202431965828,0.726412630737865,0.732414379840003,0.722039300688304,0.723767581945164,3.17289503705123,3.0282270806399,1.69051527209635,1.6472756301637,FALSE,FALSE,FALSE,FALSE
"August",114,92,FALSE,TRUE,TRUE,337.137536452305,337.170298692776,337.521223809192,338.794618473974,,,,,1.01227961198708,0.983561088962396,1.01651419394772,0.989859188949149,0.147677352560797,0.235203323153277,0.349602324764851,0.402427655097057,0.707691270335888,0.748041166594994,0.71741605083967,0.755028996619902,2.45134631292846,2.46439074285563,1.65163857617228,1.73995229830559,FALSE,FALSE,FALSE,FALSE
"August",115,92,FALSE,TRUE,TRUE,348.559935846084,351.709774153535,346.161820002662,349.632560711982,,,,,1.07813686766512,1.07621977452509,1.07924509918843,1.07699970507044,0.158162351511217,0.197760734007311,0.357097739260878,0.374525174259057,0.727195693317909,0.735617604227224,0.714225439002409,0.720861747116464,3.00606232868464,2.91895867787597,1.76903908642122,1.74852007206547,FALSE,FALSE,FALSE,FALSE
"August",116,92,FALSE,TRUE,TRUE,354.854744425327,355.463156904442,354.973376403468,357.089902530249,,,,,1.12821274191059,1.09970113227063,1.13164066533844,1.10429410986092,0.154660540153156,0.225148081990677,0.338279902004326,0.383703874222808,0.703476704516797,0.738840415087611,0.705298834345565,0.744301212731741,2.92115653369051,2.95687157963484,1.9425449664785,2.1070411489036,FALSE,FALSE,FALSE,FALSE
"August",117,92,FALSE,TRUE,TRUE,349.679165068785,345.257928208973,346.838334755087,346.556970300932,,,,,1.08792815915872,1.01640960735745,1.10615919358638,1.03597082399354,0.195673978136779,0.322192511209905,0.438312053580019,0.470047340027615,0.741174401375982,0.810932049199281,0.724744420440303,0.792133228140008,3.07277997395303,3.30794897089336,1.52961165793029,2.02847110847767,FALSE,FALSE,FALSE,FALSE
"August",118,92,FALSE,TRUE,TRUE,343.264325266168,346.067078670218,338.25210528682,338.770033145011,,,,,1.04908195205989,1.02974590097452,1.04798953459011,1.02461339130462,0.139688779293431,0.130465111161538,0.369413880764464,0.3696599018649,0.712806890462715,0.729177510783383,0.69824767425636,0.703464079399521,2.73157600848075,2.92711905949985,1.44857048716433,1.43262739240426,FALSE,FALSE,FALSE,FALSE
"August",119,92,FALSE,TRUE,TRUE,350.155859201513,353.943429871403,348.569526259247,352.341385446163,,,,,1.17408253265395,1.17229245566323,1.17745232779315,1.18486655649272,0.200437507491781,0.207295591221899,0.412532785411401,0.41332110597913,0.62954296892527,0.633447794002552,0.64646724317136,0.635869077150346,1.91045345518288,1.91193475105028,1.07240160658543,0.999343376921423,FALSE,FALSE,FALSE,FALSE
"August",120,92,FALSE,TRUE,TRUE,341.117509985223,344.406703634028,340.814291401335,344.785079423365,,,,,0.995740918540566,0.993289692160249,1.00009030535224,0.999119843060354,0.108249105679733,0.138868828645257,0.326662378204282,0.328038724190708,0.761993897203164,0.76810509516715,0.757774397939154,0.75937819036688,3.41330740659333,3.35422675075187,2.20111295105004,2.21320993837031,FALSE,FALSE,FALSE,FALSE
"August",121,92,FALSE,TRUE,TRUE,361.637424805672,363.565572291614,362.59949130241,365.742365396066,,,,,1.1505660582303,1.14555278552441,1.15144090419165,1.14594890294836,0.26123058444804,0.303880780502446,0.36668926132177,0.382970007463971,0.761347811419364,0.765856625080499,0.745411063675014,0.752117022032854,3.45126037483322,3.21470756443693,2.42328197628871,2.40293404801138,FALSE,FALSE,FALSE,FALSE
"August",122,92,FALSE,TRUE,TRUE,349.081524001021,351.969152959771,351.313304108876,354.93612441837,,,,,1.04549300680973,1.03821592963801,1.05921319863529,1.05350304727375,0.198695322431633,0.236933399353889,0.348234200481749,0.358846823372971,0.75291490167677,0.765928306114405,0.746126249634642,0.754416871517223,3.10914295842366,3.0900516036007,2.19654704584378,2.2359506863438,FALSE,FALSE,FALSE,FALSE
"August",123,92,FALSE,TRUE,TRUE,340.103347059562,341.435931646235,341.662831896874,342.688287744046,,,,,1.06433942408017,1.03711301849019,1.0688670337051,1.0443860667993,0.105548343518634,0.113409729275133,0.299252531078137,0.307145968593888,0.673781908824031,0.699075976292307,0.679317199754651,0.69480082459379,2.39527508422995,2.54910036601375,1.62308688435275,1.66480344585898,FALSE,FALSE,FALSE,FALSE
"August",124,92,FALSE,TRUE,TRUE,342.855047058721,342.567892430092,340.758582112167,342.65142563944,,,,,1.03478472557966,1.01066783783927,1.02857083452976,1.00655954064787,0.247603194040065,0.314629858156655,0.38582298242444,0.405406985429562,0.739607158058157,0.763158387912141,0.728906278305102,0.749879191546824,2.54382460534035,2.43242015942351,1.65246520261158,1.72933301499442,FALSE,FALSE,FALSE,FALSE
"August",125,92,FALSE,TRUE,TRUE,314.786901640195,314.869065805763,314.703988070383,315.981210455363,,,,,0.887680196518877,0.864768822400928,0.884537759242376,0.862941922813977,0.207223880504143,0.258425381581136,0.376816432797095,0.403691943357287,0.742939662961023,0.76639567003429,0.74669276893448,0.770144949523851,2.04501596806001,2.02774908811851,1.40519852805073,1.46505633584083,FALSE,FALSE,FALSE,FALSE
"August",126,92,FALSE,TRUE,TRUE,358.431248946166,359.415158536429,359.91508213385,359.943430813447,,,,,1.17056288097619,1.15665779371718,1.1720594288579,1.17471617016109,0.1707522209154,0.19935526608527,0.329043088710409,0.323928974846092,0.707517282333531,0.709997527151053,0.708281139611767,0.667611793791071,3.06962592027563,2.87155494049992,2.15225535699922,1.70312048845125,FALSE,FALSE,FALSE,FALSE
"August",127,92,FALSE,TRUE,TRUE,341.195430360895,341.880554621061,341.826599115881,343.23979433343,,,,,1.03014591395543,1.02216534899309,1.03893713501708,1.03213683704138,0.110219952150536,0.149558453867577,0.302324485587806,0.313189836203994,0.661511903852505,0.659757135459367,0.667237967331858,0.661772635839003,2.17682655426212,1.966213303066,1.4635939670142,1.35323010696596,FALSE,FALSE,FALSE,FALSE
"August",128,92,FALSE,TRUE,TRUE,351.160297523098,354.927244874506,351.698123478091,355.670720913413,,,,,1.16519785924414,1.16177747585933,1.16825669880301,1.16717358235124,0.141618290503398,0.144533827083091,0.353053475995496,0.35516492729916,0.661091039478275,0.665784830757119,0.67207526214113,0.674489613498094,2.4845331693327,2.51454452677091,1.5610512048171,1.57169259195569,FALSE,FALSE,FALSE,FALSE
"August",129,92,FALSE,TRUE,TRUE,325.032101782872,324.938543208083,328.873963649207,330.283778339859,,,,,0.96657116624763,0.948033946206919,0.970253384080982,0.94912004327827,0.223018588895267,0.285114641971742,0.31683406383224,0.344965904167138,0.720644626640811,0.738572083972871,0.714693825081328,0.738146242382468,2.04203855141843,1.91123228708042,1.59744794454242,1.65027285159906,FALSE,FALSE,FALSE,FALSE
"August",130,92,FALSE,TRUE,TRUE,358.574446335856,362.328014396292,359.279880466506,362.708196707325,,,,,1.13208575667394,1.12864083782506,1.13699594615212,1.13998641974749,0.131158965770255,0.133869153104928,0.264914288006604,0.250756498504505,0.699503294052144,0.703247554106766,0.68071426228964,0.665458308948754,3.03081487854354,3.0576043503879,2.07266366038507,1.97884894091584,FALSE,FALSE,FALSE,FALSE
"August",131,92,FALSE,TRUE,TRUE,316.570883522318,312.445805056084,312.058348996175,311.465026156199,,,,,0.884595178177255,0.825059154842897,0.896548940199648,0.847144470458016,0.1132196553516,0.232938418604301,0.45465976471975,0.474395338595261,0.774636571583444,0.83704405037971,0.770665365551463,0.815915995568303,2.84369183258615,3.14214591476268,1.33841814496456,1.62636120303958,FALSE,FALSE,FALSE,FALSE
"August",132,92,FALSE,TRUE,TRUE,337.408600678202,338.443521490021,341.103252694252,343.156670813063,,,,,1.10470067462162,1.0918311949229,1.10900682612771,1.10214683056304,0.322635295352648,0.376343988156645,0.393865674500118,0.422523662790241,0.656331625638234,0.677194058979478,0.653673856804115,0.664093732980961,1.42286959222949,1.33145709116205,1.093802737397,1.03338178124913,FALSE,FALSE,FALSE,FALSE
"August",133,92,FALSE,TRUE,TRUE,350.105319081261,353.682471923299,348.885358960655,352.538087187224,,,,,1.06081893752082,1.05954272804254,1.07222724822138,1.07401815084124,0.101050838816015,0.105015323232333,0.277849106121611,0.280533174285573,0.719559896075526,0.719035573360522,0.688590217658195,0.684346093186009,3.12065116824176,3.08380961415818,1.86812287771373,1.81547286488708,FALSE,FALSE,FALSE,FALSE
"August",134,92,FALSE,TRUE,TRUE,355.95007203931,359.162995680431,354.979716790456,358.69235238359,,,,,1.17568606602474,1.15923942060715,1.17190888160659,1.16396060716104,0.177107359721508,0.190583591825517,0.350719816291772,0.350261763828031,0.680714764440943,0.704140642334232,0.676143280653546,0.684459983762975,2.63514597068262,2.82779208606886,1.64128050540287,1.710102584086,FALSE,FALSE,FALSE,FALSE
"August",135,92,FALSE,TRUE,TRUE,343.18672730254,347.182946467107,342.213152130428,345.684723366956,,,,,1.02385730252796,1.02366263098337,1.02439819726901,1.02559394625685,0.164229190010587,0.164099513855415,0.368853389128586,0.379406737815417,0.789484783136886,0.789709327345821,0.778091337106601,0.77621354251693,3.82964620177633,3.83457807675858,2.35286942657841,2.26499088768068,FALSE,FALSE,FALSE,FALSE
"August",136,92,FALSE,TRUE,TRUE,340.451563883946,343.542829024546,340.886948354482,344.316169873238,,,,,0.921232860685495,0.916815440735615,0.923519367607045,0.922941279997453,0.0901192895585437,0.103766738116181,0.313193606215368,0.319397704995987,0.824252321979645,0.826742264010384,0.826407441813405,0.825432625952308,4.58663013215564,4.53787871976389,3.22996778631741,3.16101927136476,FALSE,FALSE,FALSE,FALSE
"August",137,92,FALSE,TRUE,TRUE,359.854910800011,358.021343105018,358.190910475814,357.772968660527,,,,,1.17871868643316,1.11083785686451,1.18608734021102,1.12434627389113,0.184585326037241,0.257212021000027,0.393349734008402,0.429306070526982,0.68864804308847,0.757904553039836,0.688558464192713,0.74560998464036,2.76148133927314,3.16110787947268,1.59966022862943,1.90897913068675,FALSE,FALSE,FALSE,FALSE
"August",138,92,FALSE,TRUE,TRUE,344.034755276599,346.511622152779,346.504921102807,349.453266608933,,,,,1.01054451981262,1.00451077513601,1.0126358185105,1.0062827246303,0.171423841225155,0.19908826100003,0.327304648073626,0.345172660989679,0.787122696471972,0.791166520041494,0.78877744516559,0.795101779232355,3.70268979403411,3.584407521685,2.78503836863372,2.76462608704361,FALSE,FALSE,FALSE,FALSE
"August",139,92,FALSE,TRUE,TRUE,315.308154637191,317.331758307275,313.173165157951,316.284057862514,,,,,0.821542777297189,0.809921108198951,0.829110117869019,0.818103605458052,0.0775879005449996,0.0886883201156536,0.36352247620462,0.358402757189294,0.794375599162858,0.801196524909174,0.794140190569866,0.801939021284885,3.03253868556479,3.03264616518682,1.82167636205154,1.90377651932009,FALSE,FALSE,FALSE,FALSE
"August",140,92,FALSE,TRUE,TRUE,351.859768194751,350.462164465325,353.085386907529,353.992355025573,,,,,1.06451794026855,1.03040134183534,1.05900046567785,1.02795598611465,0.211416885431301,0.291483365625131,0.296312395853289,0.341201357423331,0.73547240224737,0.76625132445469,0.724096209533736,0.757331629176592,2.86309623618527,2.75321517475118,2.19244137576552,2.29583327168466,FALSE,FALSE,FALSE,FALSE
"August",141,92,FALSE,TRUE,TRUE,346.061730686071,348.84428318416,346.235366132908,350.082181557814,,,,,0.990203617214713,0.992836242109247,0.986231676380423,0.985618393847871,0.190994026016967,0.226459710842294,0.342124728246719,0.348075739612811,0.779641560195338,0.77829209031345,0.779941606079569,0.781697191630064,3.38390765583533,3.1613885755189,2.47088321940622,2.46364658662043,FALSE,FALSE,FALSE,FALSE
"August",142,92,FALSE,TRUE,TRUE,360.009445877567,362.93336832282,356.081152619632,358.724838915163,,,,,1.05107945023502,1.04888855338447,1.0550886392085,1.05243611151079,0.199176646949753,0.216109529790003,0.334599887173795,0.345797949350276,0.801670219810363,0.801661794041895,0.762170645942982,0.760508571460749,4.35582215487242,4.21141173697492,2.54373690375447,2.43357126977767,FALSE,FALSE,FALSE,FALSE
"August",143,92,FALSE,TRUE,TRUE,325.44689590034,328.228733854446,325.938085047734,329.156965319063,,,,,0.91547597226573,0.913689974114719,0.911995842455553,0.909469667656735,0.226171951050116,0.2644285576996,0.39305408679292,0.41021517452294,0.780319337388097,0.785302133588308,0.786990485636968,0.791341003679756,2.6662931096166,2.55109093896351,1.91866182337521,1.88358045755481,FALSE,FALSE,FALSE,FALSE
"August",144,92,FALSE,TRUE,TRUE,350.768364813546,351.54473960321,344.148430361204,347.796667150593,,,,,1.18045246734315,1.15801003576524,1.20901442661878,1.19819407153123,0.134245302458442,0.184857425664036,0.36764281802551,0.36731685020928,0.562440368732629,0.591063884445721,0.534306877580612,0.543654544298338,1.64771983533811,1.61076597675612,0.597099695267921,0.636067649132755,FALSE,FALSE,FALSE,FALSE
"August",145,92,FALSE,TRUE,TRUE,340.531734853235,339.614027233546,340.6417027132,342.244419803346,,,,,1.09832300525383,1.05501545792975,1.10167941946616,1.06441241697965,0.202733338996595,0.31750706837955,0.371167006991553,0.412364361697509,0.656613051831956,0.727275293980034,0.659137419332914,0.71240833962255,1.92191007479118,2.02571779810139,1.21257084897496,1.41096956333345,FALSE,FALSE,FALSE,FALSE
"August",146,92,FALSE,TRUE,TRUE,349.701623879846,353.681926184559,349.692088766795,352.769662944539,,,,,1.10080356582129,1.10049812644198,1.10750267481195,1.11781166217334,0.233051670819996,0.234900179011152,0.392774194647082,0.387022058318268,0.712583553714406,0.713535545540255,0.709222125807801,0.687143997850338,2.5091848008135,2.51157290687078,1.62474625065013,1.44969421043302,FALSE,FALSE,FALSE,FALSE
"August",147,92,FALSE,TRUE,TRUE,338.182785185859,341.010681038035,337.159384159317,340.504251228115,,,,,0.969999390574178,0.958291203376008,0.972527903302514,0.965044185742745,0.189759722323341,0.20889053257907,0.422261206376632,0.42954679872798,0.792723566471471,0.805089301938392,0.797462192847798,0.804740513631534,3.44070079765861,3.53554154984142,2.17348614335159,2.22260477763273,FALSE,FALSE,FALSE,FALSE
"August",148,92,FALSE,TRUE,TRUE,333.731125764783,336.664170104175,331.585288963886,334.785037025367,,,,,1.02179243120456,1.01070685877608,1.02116280037076,1.01990763412475,0.248853253818036,0.256547925369582,0.452012645284748,0.444444068299906,0.730852519219257,0.741649519611195,0.735520951602004,0.727710606294959,2.28563318375223,2.34845121727929,1.33984774701551,1.29543883877741,FALSE,FALSE,FALSE,FALSE
"August",149,92,FALSE,TRUE,TRUE,357.730835948017,358.71208781861,357.683585056503,359.98929117912,,,,,1.20605737641628,1.19161746845743,1.21295826153499,1.20136696723552,0.140224610869413,0.206266022676692,0.276655067606606,0.303494028341112,0.593197370752561,0.617052881666487,0.579505720942619,0.595718351491499,1.97623384359877,1.85476521520684,1.26146122566793,1.24219392744733,FALSE,FALSE,FALSE,FALSE
"August",150,92,FALSE,TRUE,TRUE,350.869659619733,353.122651149025,348.224784566096,350.398983688553,,,,,1.14301103391736,1.12519409055096,1.13423141795433,1.13010715646065,0.116362068122643,0.132648324226998,0.33740990336026,0.34593150862924,0.629875397665683,0.648422559727807,0.646717053852475,0.641621223427252,2.21186596410828,2.27169096972776,1.34577159392516,1.2553061720308,FALSE,FALSE,FALSE,FALSE
"August",151,92,FALSE,TRUE,TRUE,293.477010373347,292.468616211381,290.622410879323,291.223131727396,,,,,0.689759832824642,0.675439003903529,0.697558076185361,0.681232791432398,0.18526009927979,0.26647769791289,0.379908835249946,0.419816653930685,0.877516253564619,0.885023714538583,0.853796898810287,0.867478776718452,3.50049818036955,3.19169184452927,2.02367970603235,2.01405991009365,FALSE,FALSE,FALSE,FALSE
"August",152,92,FALSE,TRUE,TRUE,332.496907066544,333.066694209126,332.823408183822,334.343610180248,,,,,0.930849203516451,0.90430571389865,0.934562266838658,0.908759212410435,0.206984614997491,0.245748941177627,0.416355353003803,0.437116393936796,0.806667628736626,0.827738639352658,0.812822465650916,0.834067672685921,3.40794117563302,3.51180604521739,2.31645765193081,2.48448222301595,FALSE,FALSE,FALSE,FALSE
"August",153,92,FALSE,TRUE,TRUE,318.200124263413,320.970242687269,318.752100138771,321.67508844575,,,,,0.891864373988539,0.881506421033495,0.894630465756295,0.886239641925755,0.135707453361199,0.129067391561376,0.360034918183835,0.339092491355422,0.791945081154997,0.797908031144305,0.791605277521167,0.789776180590273,3.08687470259745,3.16726107178881,2.01903336622445,2.0529963004498,FALSE,FALSE,FALSE,FALSE
"August",154,92,FALSE,TRUE,TRUE,340.218199721106,342.890205756145,340.076993980847,343.92125271733,,,,,1.04505384633528,1.03213229192309,1.06023574580458,1.05535939755049,0.160842985537938,0.193416291158901,0.285525851447485,0.285325128798163,0.679402193264355,0.699940684876196,0.640850182283928,0.64653020384704,2.20095567802348,2.24502074625814,1.35119271126967,1.38528071428919,FALSE,FALSE,FALSE,FALSE
"August",155,92,FALSE,TRUE,TRUE,358.042379405401,361.115118793265,357.265671562829,360.758268135685,,,,,1.16803476915365,1.16488462907262,1.18587211229141,1.18538237829568,0.119210825682173,0.13518432145503,0.312427898404514,0.320072202761307,0.632628173815596,0.635083931059449,0.619511381095485,0.620196331840741,2.35649227135669,2.29544434631648,1.36581887562756,1.33466060327502,FALSE,FALSE,FALSE,FALSE
"August",156,92,FALSE,TRUE,TRUE,379.339436143771,382.590703736183,383.003784293317,385.405977262514,,,,,1.38621989565665,1.40214763489807,1.39243525022198,1.43929886898359,0.189173039164176,0.184042691996592,0.282193736425457,0.270390325790192,0.597894801065363,0.565705213452487,0.59662606320787,0.517866574370071,2.3449992193112,2.05961702814639,1.79075904949446,1.23211318590304,FALSE,FALSE,FALSE,FALSE
"August",157,92,FALSE,TRUE,TRUE,344.891268064943,348.242714292156,344.884979043095,348.743912822476,,,,,1.05018330589232,1.05074056405858,1.04812954515472,1.047486267995,0.184896365853771,0.208813313960782,0.367882045715905,0.370881227296901,0.756867290830288,0.757770894981153,0.756965894407745,0.757906679232923,3.20092545439918,3.08362363510709,2.14390224594063,2.1381148899134,FALSE,FALSE,FALSE,FALSE
"August",158,92,FALSE,TRUE,TRUE,361.111773483811,360.541284746919,357.653235126416,359.741609653517,,,,,1.15967950818958,1.13881508392031,1.16963199955076,1.14638888045256,0.187411286123461,0.287995970867056,0.407949319596491,0.440562178421195,0.684819561847571,0.714943048216751,0.687487599772893,0.715853333245426,2.67242400114679,2.4393207054321,1.49257982465533,1.56053581954553,FALSE,FALSE,FALSE,FALSE
"August",159,92,FALSE,TRUE,TRUE,346.981754077569,350.485332131229,347.739498249264,350.649835140057,,,,,1.04921099087156,1.04215925201707,1.05373206039851,1.05009545055503,0.103691051065365,0.100031846033487,0.321567894997272,0.32295310661425,0.741859856995385,0.747297021661044,0.747002317133678,0.744031690851312,3.38974098674506,3.46875674979622,2.29477171624226,2.22756744295786,FALSE,FALSE,FALSE,FALSE
"August",160,92,FALSE,TRUE,TRUE,331.512319788756,334.634192252993,331.824657104913,335.343223356176,,,,,0.865703518877438,0.862626527255803,0.868343069525567,0.865390967491404,0.132537510980008,0.140698723260635,0.247757177802884,0.247533494070882,0.851821625379717,0.85204617442972,0.82922263057199,0.829995964580871,4.72122885537597,4.64198664497089,3.30020054483125,3.29897960633687,FALSE,FALSE,FALSE,FALSE
"August",161,92,FALSE,TRUE,TRUE,357.257656684561,361.116439104082,351.295524037764,354.924786469188,,,,,1.16515474597444,1.16614824860065,1.18703687824955,1.18972552174695,0.193061996967632,0.206576204767398,0.462751612582502,0.457570941905204,0.649470430226636,0.652749759758781,0.659859386435752,0.651674719226561,2.19538460145789,2.16869500997792,0.968707977677088,0.933466924252213,FALSE,FALSE,FALSE,FALSE
"August",162,92,FALSE,TRUE,TRUE,361.262491151129,363.157507971624,361.756156295797,365.298171795008,,,,,1.22037015021172,1.173236557393,1.24726504087506,1.21552514553754,0.176712521267116,0.209762488194028,0.369629798430297,0.367667976847438,0.632271208011485,0.695076409175236,0.627336849158941,0.660592306985571,2.24484222887554,2.69289734049269,1.27294174244937,1.52584009293407,FALSE,FALSE,FALSE,FALSE
"August",163,92,FALSE,TRUE,TRUE,312.722499570986,315.243915745091,314.082729786038,316.485891091378,,,,,0.876441600760778,0.859996385920004,0.881592793143869,0.868447981300446,0.145551480436271,0.151119539585659,0.312568227777138,0.31420560952565,0.757453592862672,0.775911852639972,0.746629596079307,0.756553846896214,2.39515830235642,2.55532839198092,1.62635258443315,1.67720673731028,FALSE,FALSE,FALSE,FALSE
"August",164,92,FALSE,TRUE,TRUE,327.302545149079,328.90594496216,326.011276858368,329.219480147704,,,,,0.919652766651158,0.907462415950307,0.939466304283958,0.925586689216927,0.274891003068079,0.31242006085789,0.458624798600793,0.465951243711746,0.772929561242125,0.785043511087976,0.759827668796149,0.774056756198658,2.37582721789197,2.31916102763718,1.38025162529134,1.46324590829178,FALSE,FALSE,FALSE,FALSE
"August",165,92,FALSE,TRUE,TRUE,326.704470575073,324.975424276086,325.571063952697,325.575239858923,,,,,0.840774734054187,0.82217356233851,0.845832386665561,0.826500877299205,0.174845615474438,0.232955379570701,0.379650605608492,0.409213542357644,0.848161073997966,0.850706663952982,0.839163055034871,0.848084442856013,4.07738940910645,3.63251961292573,2.62836504704109,2.53847646694518,FALSE,FALSE,FALSE,FALSE
"August",166,92,FALSE,TRUE,TRUE,358.155297298243,360.436986749503,359.157228338922,362.246195505846,,,,,1.14344092751439,1.13015907157081,1.15523558231718,1.14122084211542,0.1340558691463,0.162058962386415,0.321003912681181,0.327456261268208,0.695152258968917,0.708806063704506,0.693255191986868,0.706710894520588,2.98954576104943,2.98162933785972,1.97536818369144,2.06026267053082,FALSE,FALSE,FALSE,FALSE
"August",167,92,FALSE,TRUE,TRUE,351.853016373681,352.795664272578,350.154197493137,353.244808551322,,,,,1.11197625928494,1.09856091420575,1.11403363306191,1.10045443824463,0.119453436371082,0.175869570395283,0.356773606295875,0.364936074866001,0.696024621373551,0.708061485772148,0.702417963042725,0.716722086012421,2.89394719202217,2.71067882855548,1.74347815007716,1.82431881308193,FALSE,FALSE,FALSE,FALSE
"August",168,92,FALSE,TRUE,TRUE,365.187586440573,368.134381180694,365.643706029866,369.496635531135,,,,,1.23883152938337,1.23635984123133,1.23898208940153,1.23564951612235,0.208588672192398,0.227665666648004,0.364383417986589,0.363197263974229,0.66721644800671,0.668642649244811,0.671119129020216,0.673409709859265,2.56879318104469,2.46746634196364,1.71168277433314,1.73523980005041,FALSE,FALSE,FALSE,FALSE
"August",169,92,FALSE,TRUE,TRUE,339.829085443531,341.025076993085,342.165133071266,343.547782675128,,,,,1.07545645472025,1.05685362649778,1.07954184485169,1.06320393946601,0.15902282713673,0.179303546605324,0.357309169864813,0.357564812124667,0.698547025403378,0.710091210445586,0.714473023126896,0.716284464731448,2.48705550913839,2.45844127838841,1.73298823848826,1.6996227716054,FALSE,FALSE,FALSE,FALSE
"August",170,92,FALSE,TRUE,TRUE,336.531610572436,339.296920338734,337.015285258584,340.503552403065,,,,,0.931848507372348,0.927339988115191,0.933937638623098,0.929130208945764,0.200917295629788,0.221267734508002,0.319776970029366,0.325789443917352,0.826040754460963,0.828417672936012,0.806339952363756,0.810761688728029,3.97893477685653,3.87870725443461,2.76562064219293,2.79380642573849,FALSE,FALSE,FALSE,FALSE
"August",171,92,FALSE,TRUE,TRUE,341.013874943786,340.580288224091,341.601122780843,342.606310073256,,,,,0.984301990670777,0.944902082844637,0.991112043503716,0.955043252275855,0.216897592806926,0.325648513037847,0.42835677502448,0.478526886121276,0.79285165617321,0.839245430229059,0.801236315555913,0.838671638149471,3.41299662927666,3.62864690365056,2.30356524071373,2.56150091778119,FALSE,FALSE,FALSE,FALSE
"August",172,92,FALSE,TRUE,TRUE,342.294257580885,344.693147177309,336.602341450963,340.298300656998,,,,,1.0234063944662,1.01824003874961,1.03366237363816,1.02930794081379,0.16276564497714,0.214724018162113,0.449768373480926,0.452157431701846,0.761679012950207,0.771101553417302,0.74418297543069,0.748587674578721,3.26150289885584,3.12013283737189,1.48526630916995,1.51029897032186,FALSE,FALSE,FALSE,FALSE
"August",173,92,FALSE,TRUE,TRUE,357.746078092222,360.969933322676,356.424953700002,360.278790690867,,,,,1.15783391520367,1.1476875580138,1.15205539205064,1.14907599568492,0.208904662393336,0.240027975546189,0.352876842594596,0.362370000733946,0.706316929654381,0.725039351972804,0.695277682497994,0.702348649471761,2.79586010981391,2.86529560854864,1.80548266102672,1.82716077028593,FALSE,FALSE,FALSE,FALSE
"August",174,92,FALSE,TRUE,TRUE,345.852606155971,349.018831035048,344.733157096366,348.108307568513,,,,,1.03156856526605,1.02838121816915,1.03698194330281,1.03626429820499,0.122824062975231,0.135562964615368,0.386535150374677,0.394535360336327,0.756424290434017,0.757779327345423,0.764609621336202,0.764227833883628,3.46032788601432,3.39484495064487,2.12456405902361,2.06932481337533,FALSE,FALSE,FALSE,FALSE
"August",175,92,FALSE,TRUE,TRUE,330.093972238319,333.294502885876,329.590305990111,332.602997635614,,,,,0.905053102868279,0.903127183344608,0.911393557595738,0.912162503442867,0.0967865938240613,0.109661554514638,0.356788002540948,0.359673465124501,0.802500666292493,0.802507294940252,0.804769763590174,0.798531323258747,3.72537283984759,3.64020971300897,2.39280472666799,2.27106747330748,FALSE,FALSE,FALSE,FALSE
"August",176,92,FALSE,TRUE,TRUE,333.314118744332,335.919030357377,332.357119650555,334.342088497795,,,,,0.991212382556588,0.971992114101886,0.994030691103802,0.973215429962081,0.105595898090306,0.101682678424471,0.343356548737491,0.348214113451916,0.767882103389515,0.787297906930176,0.755514149998351,0.773059597214221,3.40651351355932,3.70907539633521,1.99923624977795,2.13410728513665,FALSE,FALSE,FALSE,FALSE
"August",177,92,FALSE,TRUE,TRUE,365.473606587255,369.414661556654,366.468968302371,370.17895300027,,,,,1.20237935617443,1.20156096246043,1.22004233662561,1.22559313775381,0.175440802735601,0.178686464758928,0.33565852774537,0.342185689255189,0.68619622818917,0.688022578654214,0.673439685290565,0.667788058943856,2.91963929634648,2.92496013873247,1.87048219824393,1.78359811436497,FALSE,FALSE,FALSE,FALSE
"August",178,92,FALSE,TRUE,TRUE,325.582752642562,325.51024729407,326.567710147484,327.971478401231,,,,,0.882244381641146,0.85180234762435,0.884110309297638,0.855227077634325,0.214920684067757,0.264778629809698,0.344970741847522,0.363417818716894,0.837862700949594,0.861290234777938,0.82332201185763,0.848341546124546,3.77771921173371,3.95098822924024,2.65024135289632,2.94163214270041,FALSE,FALSE,FALSE,FALSE
"August",179,92,FALSE,TRUE,TRUE,357.246220128768,358.830346952357,357.189776344819,360.278648457902,,,,,1.11080416473024,1.08114992351909,1.11965460246802,1.09692322185459,0.187772988843053,0.224275265842074,0.357998274413338,0.3654656294345,0.711242769843622,0.743709544958003,0.70707835720066,0.730389191885879,2.82762342249838,3.00781872965951,1.8533210846436,2.03274353465346,FALSE,FALSE,FALSE,FALSE
"August",180,92,FALSE,TRUE,TRUE,361.282359793152,359.369194473635,356.366601467829,357.858550268041,,,,,1.19607551984193,1.15154569872548,1.19996123905388,1.15838718146666,0.195085792953708,0.297041744754402,0.479761989629183,0.494237347642678,0.688838730532288,0.736849864426184,0.711871882692629,0.745691430882353,2.77926468968607,2.71896786406185,1.37677045563007,1.59080320835236,FALSE,FALSE,FALSE,FALSE
"August",181,92,FALSE,TRUE,TRUE,341.293978449254,341.926508970566,338.460579126683,339.353541548738,,,,,0.997385423580654,0.996061448035763,1.00000576130372,0.997077935023534,0.0963227593454743,0.166948655943082,0.389651556495442,0.415738888402544,0.776316915426556,0.76876290447938,0.776220677011842,0.767924679731974,3.76194253800909,3.20023683376334,2.11596257330163,1.83995724986482,FALSE,FALSE,FALSE,FALSE
"August",182,92,FALSE,TRUE,TRUE,339.780582672793,338.833093973226,337.734903659135,338.813816348148,,,,,0.972314485100964,0.935875247742137,0.979873710176502,0.9469612105439,0.261968883339428,0.337106104288879,0.47968761782074,0.502029814029887,0.816043688132265,0.846148628026096,0.813311108959006,0.838578878746493,3.60789267740073,3.68175518305901,2.1346940818943,2.33990309533345,FALSE,FALSE,FALSE,FALSE
"August",183,92,FALSE,TRUE,TRUE,329.673747938106,331.015253041915,329.004512712709,331.751225890001,,,,,0.95200784584391,0.947172355193832,0.955529729849326,0.947049763228507,0.213029332029993,0.25400642504735,0.408873832011762,0.418744879554867,0.763706040370348,0.763504243106298,0.764994757955438,0.771424682134064,2.6498372654703,2.41785480564973,1.70632568076703,1.70802124462318,FALSE,FALSE,FALSE,FALSE
"August",184,92,FALSE,TRUE,TRUE,337.638256818625,334.634111666894,338.057967913618,337.472271908872,,,,,0.972323128987044,0.960167787310714,0.973502287724446,0.956999026452624,0.194871250334062,0.286374326038934,0.335857583337789,0.381300699186048,0.755473517872283,0.751377440002768,0.747706872688095,0.755691430941587,2.76214148902887,2.18041779744877,1.94520630170084,1.75978454835069,FALSE,FALSE,FALSE,FALSE
"August",185,92,FALSE,TRUE,TRUE,302.000640019514,299.796855942706,295.316963865551,292.999741198989,,,,,0.835544606721751,0.789865830826648,0.838942094497194,0.796992734920609,0.212708837273403,0.231521486235863,0.533751259533637,0.540205009437455,0.776080467916381,0.813770889813381,0.778531837918566,0.800855373645078,2.14950246977938,2.39865039338376,0.928253622165248,0.998131514321743,FALSE,FALSE,FALSE,FALSE
"August",186,92,FALSE,TRUE,TRUE,330.598147472618,332.056488559851,331.524628021219,333.341590762619,,,,,0.983262142920743,0.968946977671032,0.984324165473388,0.972898950156227,0.243951642507298,0.261533041249222,0.436410460963583,0.440858668199581,0.733313031562802,0.740777750281439,0.754151072791774,0.755858375500844,2.19808205531347,2.15116756400607,1.53109181539806,1.49311743337287,FALSE,FALSE,FALSE,FALSE
"August",187,92,FALSE,TRUE,TRUE,329.204919262166,331.208047784109,328.985880351829,330.980027760975,,,,,0.959187872260693,0.952936902498641,0.964253734889158,0.962196664355092,0.13103327758084,0.170539508346605,0.339924972751559,0.372719360995585,0.735857701595,0.741196640914636,0.733272645386726,0.734622266495898,2.62247403124159,2.48950811332679,1.67966341006918,1.54158720656204,FALSE,FALSE,FALSE,FALSE
"August",188,92,FALSE,TRUE,TRUE,370.903572048227,374.721220435513,368.489112828165,371.58890845947,,,,,1.2345322406992,1.23364894499736,1.23254642850784,1.23506715717873,0.1745556283102,0.167546695139261,0.410484811272511,0.402119787731908,0.71907926975135,0.716217278130427,0.726743554842569,0.712991271194967,3.62414815282342,3.60946268771709,2.11771845420521,1.98466267370909,FALSE,FALSE,FALSE,FALSE
"August",189,92,FALSE,TRUE,TRUE,337.162579264974,340.341599856112,334.503138863836,338.023543197547,,,,,1.0026579034217,0.992346500179848,1.01515726479228,1.01147735747494,0.154090810047489,0.15698935531991,0.430516702926874,0.42868360946048,0.737678075722043,0.747772643189037,0.73997289349257,0.740453246293367,2.78160033226597,2.87333924317338,1.48950756718553,1.49314720628977,FALSE,FALSE,FALSE,FALSE
"August",190,92,FALSE,TRUE,TRUE,361.50679659271,365.186526401088,360.37409241783,363.999246672899,,,,,1.1655050243666,1.15942341208771,1.17315267402933,1.16891462793716,0.189427812282977,0.189139152627971,0.375800170219312,0.375137082180953,0.743873551332696,0.74939880861503,0.72623465785258,0.728253392434939,3.61211037178177,3.69523547072574,2.12443066292632,2.14231168593758,FALSE,FALSE,FALSE,FALSE
"August",191,92,FALSE,TRUE,TRUE,356.234166423126,354.190437758012,357.975787376251,357.281719781311,,,,,1.20019730513393,1.12635899603551,1.21536223097638,1.14576387274927,0.232086865330057,0.361224594093421,0.401410853867588,0.472980887399308,0.648313988988755,0.750506289446967,0.661068734819364,0.742845693456144,2.06425230872127,2.42531565129063,1.34152405952307,1.65886744711161,FALSE,FALSE,FALSE,FALSE
"August",192,92,FALSE,TRUE,TRUE,346.31163179957,346.950353542831,343.036654553342,344.609562666456,,,,,1.03078162510414,1.015931106474,1.04436090339725,1.03264708566341,0.162568978131101,0.175121713844046,0.407223290418757,0.410913344273264,0.77672703613149,0.774736759193401,0.755579145077824,0.754642506266479,3.65383571246307,3.43137778048212,1.89947298966389,1.82415690220106,FALSE,FALSE,FALSE,FALSE
"August",193,92,FALSE,TRUE,TRUE,334.044741541915,337.216503325736,333.397547087381,336.94276454983,,,,,0.964172411556296,0.956623174182638,0.963978384169279,0.960440126414513,0.147634072102156,0.154442777279657,0.392270283362932,0.392958751992401,0.803956891051947,0.810098026487695,0.808536587787265,0.810217791009165,3.85688495631442,3.918498601907,2.47307296339174,2.4834965037499,FALSE,FALSE,FALSE,FALSE
"August",194,92,FALSE,TRUE,TRUE,333.761457175554,334.981357035264,334.769148773494,335.995962054127,,,,,0.94182036420974,0.922128044275088,0.949351641205687,0.926825710251441,0.123757488087521,0.118082548011078,0.302299732508431,0.286928675791766,0.775974908555523,0.782486683428712,0.768381479806312,0.774576257388495,3.28944065737219,3.31400976249479,2.27660950161688,2.33984337105515,FALSE,FALSE,FALSE,FALSE
"August",195,92,FALSE,TRUE,TRUE,346.810636464379,347.105329313489,345.38356759442,347.213689497475,,,,,1.07164446724308,1.0603263268497,1.06769265368916,1.05466475010963,0.235355979842039,0.31705263687752,0.40481259167981,0.437316586546566,0.721813971134508,0.738687921348403,0.72515858814895,0.740754071201713,2.50374876656641,2.25442448063706,1.62769492191672,1.59520156646251,FALSE,FALSE,FALSE,FALSE
"August",196,92,FALSE,TRUE,TRUE,346.695665515406,344.090850990297,344.807602805129,344.229616074593,,,,,0.989526904469196,0.951169743612158,0.993221366016399,0.957209154253014,0.194305994683724,0.235769856123337,0.361361167270926,0.387998615947261,0.797517323739832,0.812050994739338,0.77871525405739,0.801088090415737,3.74896072743978,3.56832130298072,2.35265832676275,2.4152679740128,FALSE,FALSE,FALSE,FALSE
"August",197,92,FALSE,TRUE,TRUE,314.052773140988,308.446374879978,315.267384873083,311.748467210151,,,,,0.84103015077504,0.796576639830436,0.847516492878616,0.80101310600756,0.290727051222545,0.380132335368956,0.459060188551222,0.496711369010681,0.82195070824988,0.846410107234533,0.823193221164615,0.849541981988446,2.68162587779446,2.4489872806312,1.85763551650013,1.89788846866348,FALSE,FALSE,FALSE,FALSE
"August",198,92,FALSE,TRUE,TRUE,356.228547808631,354.765548836476,352.731418873203,354.524430351691,,,,,1.06693616764139,1.02767383618549,1.07136258249545,1.0380599383082,0.139230220110306,0.231405925235817,0.36509404499415,0.388228849731272,0.737398281171404,0.775112376058121,0.731089589025854,0.763417507199545,3.33226506297488,3.28897520834491,1.96087386162964,2.16136347106836,FALSE,FALSE,FALSE,FALSE
"August",199,92,FALSE,TRUE,TRUE,346.238849801262,349.732449849942,341.707029324489,344.835387640634,,,,,1.11795075162713,1.10953643837014,1.11260416720411,1.11589519109942,0.143764276050476,0.150739478458299,0.37668025688368,0.381805916296858,0.638599720325071,0.650491879199783,0.645728510355292,0.637372366730041,2.0845704704541,2.14815751518438,1.11400301477562,1.03593838984222,FALSE,FALSE,FALSE,FALSE
"August",200,92,FALSE,TRUE,TRUE,329.888820388964,331.225818584552,327.456294428307,330.433670760022,,,,,0.952396812570672,0.942973785783781,0.953832722941647,0.943198272086535,0.130123483460989,0.156872456968798,0.31871809017031,0.323646359814774,0.75443777105303,0.755162461873933,0.729795401994102,0.739866768154543,2.87704183400272,2.70753333878057,1.69587783384499,1.74751430172055,FALSE,FALSE,FALSE,FALSE
"September",1,92,FALSE,TRUE,FALSE,377.022491891064,380.279597974491,379.645233210416,381.998894404357,,,,,1.41302630982605,1.42762466988898,1.43108740165893,1.48430272849288,0.188724686932209,0.20581616758662,0.289681873576206,0.350004751874644,0.619916694230906,0.593699663543032,0.600374912692641,0.546186817114595,2.62706793799024,2.24482957227479,1.82472413692917,1.06818236821356,FALSE,FALSE,FALSE,FALSE
"September",2,92,FALSE,FALSE,FALSE,388.17893545413,388.386764389378,390.05546072543,389.56788601607,,,,,1.53094497642095,1.54248500606372,1.53235092773201,1.55246754723153,0.0377650274227519,0.147506560858016,0.0436522019045643,0.192185500445422,0.54336798809136,0.514125716019337,0.541056729472279,0.509813301415859,2.96403366634952,2.02971596309098,2.90510682405602,1.75769240217354,FALSE,FALSE,FALSE,FALSE
"September",3,92,FALSE,TRUE,FALSE,393.179774889103,395.206022393836,395.108543138483,397.049274624423,,,,,1.49854614151304,1.50571020086954,1.50789351289881,1.52010976584949,0.131904082797612,0.161882590602885,0.248096728160298,0.28679059719075,0.643308269880252,0.618491369776761,0.629455187607815,0.607811498741304,3.77812334442502,3.1693313631578,2.72163124118317,2.18422351324956,FALSE,FALSE,FALSE,FALSE
"September",4,92,FALSE,TRUE,FALSE,362.370892233213,366.343199447043,360.427585994397,364.045559677522,,,,,1.32332351057856,1.32318414804927,1.33185823096577,1.34121861146418,0.153515518463982,0.155738009110696,0.323595817713986,0.329018536766539,0.565489774105465,0.566514448749016,0.550988328440326,0.53678867408411,1.91477016174949,1.91327997370595,1.01381555537572,0.906440409588944,FALSE,FALSE,FALSE,FALSE
"September",5,92,FALSE,TRUE,FALSE,363.875006831096,367.185824205869,365.833020375172,368.222835424721,,,,,1.25100022975138,1.26205534887664,1.25457549366505,1.28192004479794,0.14551049569263,0.165337485853397,0.247538774140804,0.307588787676605,0.678483215481105,0.658661088905611,0.667452458121274,0.635646918570834,3.07979600037505,2.72276956993256,2.34158719251828,1.72413892788796,FALSE,FALSE,FALSE,FALSE
"September",6,92,FALSE,TRUE,FALSE,347.752363604946,350.424136699773,345.342882727217,348.468166436368,,,,,1.17400263884435,1.16945578341976,1.18143868141018,1.18406824430104,0.21123260046989,0.245239236802648,0.432253157045917,0.443059094914488,0.702867382152279,0.708706215350183,0.699226168029546,0.693005630122799,2.66620279881666,2.54138790140375,1.42157867092087,1.30587621999172,FALSE,FALSE,FALSE,FALSE
"September",7,92,FALSE,TRUE,FALSE,370.61369327164,373.200728262205,370.786997981491,374.270812033024,,,,,1.33512266679834,1.32900616716153,1.34610957859818,1.34802396972151,0.146801660976644,0.190691311671237,0.271929893723869,0.288445049456047,0.670957015464143,0.680810793438401,0.632812894590548,0.631798620183182,3.30913763860524,3.15753677205064,2.04650126140256,1.9440073973751,FALSE,FALSE,FALSE,FALSE
"September",8,92,FALSE,TRUE,FALSE,368.159647651114,371.568136594355,368.867554784869,372.216716616106,,,,,1.27115010349241,1.27429615769605,1.27271481390248,1.28135088629616,0.141974667242405,0.179934517943475,0.262774775570625,0.284356135570404,0.767133856281779,0.765903384335662,0.74160263737931,0.727870640776841,5.07825894432329,4.75264109814974,3.48937109733146,3.10201349042496,FALSE,FALSE,FALSE,FALSE
"September",9,92,FALSE,TRUE,FALSE,380.93445346143,384.306343133263,381.295643415573,383.070346095483,,,,,1.46113365028557,1.47501064499151,1.48151231118129,1.55579824329637,0.096826353839514,0.109900149767859,0.266729444937656,0.335215383433377,0.590017937361184,0.55856007411663,0.558779807058416,0.473289438672513,2.94257949782193,2.52188278053355,1.63582849964711,0.692554817261926,FALSE,FALSE,FALSE,FALSE
"September",10,92,FALSE,TRUE,FALSE,369.978895740613,373.32286570239,371.654787415728,375.183970799763,,,,,1.32531858632146,1.3304749523263,1.33025232963571,1.33825426502673,0.183172243001983,0.212996710424498,0.288275600277939,0.306370371222049,0.701565616182942,0.695253036068729,0.681275731155467,0.670559401951457,3.54452512080002,3.24779782808888,2.51502909761346,2.27570997691551,FALSE,FALSE,FALSE,FALSE
"September",11,92,FALSE,TRUE,FALSE,374.59183407979,377.409835218651,375.70072981065,378.080644008551,,,,,1.39085722910612,1.39882478910917,1.39541154206743,1.41772867155435,0.24609577271053,0.281904932416548,0.382478859059023,0.410861568335107,0.682067825346557,0.669801707959816,0.680707613017835,0.647734345658938,3.05964770373501,2.64076740775464,2.07620740550033,1.52752769397104,FALSE,FALSE,FALSE,FALSE
"September",12,92,FALSE,TRUE,FALSE,362.330472419445,364.753742935106,363.695272984173,366.980271531329,,,,,1.25309158057487,1.23884024018564,1.2577064917378,1.24597643250943,0.164245084938502,0.16601463762643,0.293678198132949,0.291750339864927,0.719993623556679,0.727130204345669,0.704035584567504,0.714972598613316,3.63816195724234,3.68650776473472,2.54138443066964,2.67520731685644,FALSE,FALSE,FALSE,FALSE
"September",13,92,FALSE,TRUE,FALSE,350.707944519425,351.682258968396,352.390521242244,354.784328858488,,,,,1.17128977272519,1.14020461563011,1.17419936488546,1.14648442517755,0.176930991401741,0.226487543147645,0.286595499967354,0.301773365337636,0.744836576742606,0.782242402538172,0.723852075662274,0.761872991596325,3.54855658010759,3.86261201353634,2.52422532876892,2.94572777099045,FALSE,FALSE,FALSE,FALSE
"September",14,92,FALSE,TRUE,TRUE,372.113864658528,375.166928464124,370.803429401315,373.751675110791,,,,,1.33998188776977,1.33997755805687,1.35187751304625,1.34787835222099,0.124644204199209,0.154378176636609,0.445855095842036,0.481109053750703,0.699178484696853,0.696291076446826,0.702249785763538,0.716331274659638,3.96479792652488,3.69990519674269,1.7895021331662,1.71138011573853,FALSE,FALSE,FALSE,FALSE
"September",15,92,FALSE,TRUE,FALSE,345.970386840054,349.465323094746,345.139319284965,345.789481115884,,,,,1.18953213757132,1.1987696420614,1.21335067030702,1.30863904014268,0.214591764262808,0.229816221886062,0.410353257948181,0.507143583150642,0.655616502425461,0.638109163311359,0.638038493365022,0.571010852790505,2.10015588899361,1.87197528239853,1.04854177044775,0.273336803151244,FALSE,FALSE,FALSE,FALSE
"September",16,92,FALSE,TRUE,FALSE,385.563981813762,386.746143980655,387.130457003546,389.985979719782,,,,,1.48669642515758,1.45536011199768,1.49681689741688,1.46445844574388,0.138800255888498,0.19765129376313,0.223698533829663,0.235254624747385,0.614129948040116,0.656304490741518,0.57137106135517,0.618292036766811,3.1246874886549,3.24911546625739,2.06545404451695,2.45875350526861,FALSE,FALSE,FALSE,FALSE
"September",17,92,FALSE,FALSE,FALSE,359.477744881085,361.381731352601,361.453956848233,363.166804634409,,,,,1.2216079875148,1.22534555004033,1.22167615362467,1.22710734844397,0.129252291275142,0.183580751959228,0.131885885886919,0.192485292348972,0.736347696875835,0.721117778243396,0.736728107236147,0.718291373221529,4.02137755672552,3.37578511054081,4.01253176516631,3.27632386145522,FALSE,FALSE,FALSE,FALSE
"September",18,92,FALSE,TRUE,FALSE,348.861714785482,350.188813290427,352.617432859264,351.320654544348,,,,,1.14674921171979,1.14163075940417,1.15004059019502,1.14848391171468,0.169781632597017,0.282809477654922,0.262753483220116,0.449569489345177,0.789354734521507,0.799509387006925,0.783969080637916,0.794518670091816,4.49508438633945,3.89662646096071,3.69837047298298,2.55096008855296,FALSE,FALSE,FALSE,FALSE
"September",19,92,FALSE,FALSE,FALSE,365.614983031544,364.927629771875,367.227075097837,366.873093136957,,,,,1.29133751956075,1.29484604972456,1.29052633101706,1.29592315103895,0.101036596129723,0.250789659944009,0.113640229474962,0.254929489100582,0.699351888026298,0.683666886282455,0.699695291102878,0.682669055563568,3.83679704803093,2.63447237648671,3.75654501770024,2.59853347818133,FALSE,FALSE,FALSE,FALSE
"September",20,92,FALSE,TRUE,FALSE,350.018838423168,353.792954389785,350.117110579062,354.039859459523,,,,,1.15203872431678,1.14657131533652,1.15691971365071,1.15305593555682,0.122290526291751,0.120335128253152,0.356954210615564,0.352649310897776,0.783345108575993,0.790347583142871,0.777634650787059,0.781775060938509,4.70882801230805,4.88809334267461,2.92374136802029,3.02075208624639,FALSE,FALSE,FALSE,FALSE
"September",21,92,FALSE,TRUE,FALSE,351.869519662752,355.017186936914,353.485192263296,357.262908990946,,,,,1.17492976546823,1.17108780891998,1.17936588579541,1.1789415202438,0.205370093414221,0.229828266508194,0.304242355816307,0.306220730704483,0.72242007263672,0.728204149471492,0.703985109213362,0.703137307863196,3.0287095164711,2.96097116795628,2.19550051670859,2.17162571450107,FALSE,FALSE,FALSE,FALSE
"September",22,92,FALSE,TRUE,FALSE,367.805218470551,370.312076471592,368.712345694608,371.463430751,,,,,1.25764377927272,1.24591497937598,1.26521126712374,1.2637538259773,0.170242365267304,0.193379435483989,0.360471165043605,0.391480603913629,0.740785792719894,0.75050724294887,0.743341253445295,0.746147486613977,4.12179680494432,4.10516435040836,2.80412825644859,2.61607680772507,FALSE,FALSE,FALSE,FALSE
"September",23,92,FALSE,TRUE,FALSE,358.465945309153,360.556078118587,360.431028088731,363.066999076915,,,,,1.25483014876565,1.22468308915356,1.26454759329592,1.23153073438723,0.110618942095633,0.121730403194885,0.203444002691139,0.222338486448478,0.632317730588468,0.669736249148012,0.603603991242599,0.65558718077038,2.61372602195248,2.9255588516861,1.86691064443288,2.22326301074812,FALSE,FALSE,FALSE,FALSE
"September",24,92,FALSE,TRUE,FALSE,375.488747761892,377.351175407041,379.405118178652,381.347631459622,,,,,1.41367152028337,1.42677579164376,1.42118445697201,1.43863768003304,0.170525677673696,0.234860029033944,0.197211011770971,0.263401132084057,0.600597471414901,0.580562305324919,0.570801597144402,0.551087718750373,2.47765952668501,1.91757534210234,2.01247339974056,1.50423770717809,FALSE,FALSE,FALSE,FALSE
"September",25,92,FALSE,TRUE,FALSE,403.118918254578,404.257356833832,402.634823717481,405.233288796881,,,,,1.70875551951038,1.67790142457102,1.70839941700986,1.7315229096572,0.0966614869884392,0.15744043248952,0.210136164817994,0.232734028466341,0.464351144627123,0.507465133259277,0.446406426628735,0.415676762956636,2.27405122188189,2.27278260089377,1.38908243456152,1.03452054023928,FALSE,FALSE,FALSE,FALSE
"September",26,92,FALSE,TRUE,FALSE,350.46104498205,353.585646283299,352.433421312632,354.907492341037,,,,,1.20317038564704,1.21393132854418,1.2143259427944,1.25298706120388,0.156821147970648,0.201125973143516,0.289768869820523,0.381155974260752,0.70001023919056,0.681698886259996,0.676363422809808,0.634284149784566,3.02187990403313,2.55604510455522,2.01337026940806,1.22446169436049,FALSE,FALSE,FALSE,FALSE
"September",27,92,FALSE,TRUE,FALSE,351.307162158133,355.077164812175,354.816151388309,358.551858214459,,,,,1.18351937604929,1.17994174680785,1.1851303419948,1.18104770387724,0.218082279976235,0.219640066294749,0.267194812825715,0.27113871968672,0.729394285162428,0.733600067551595,0.716559095864076,0.722192914703365,3.10063857196405,3.14836594607566,2.59713938667775,2.64312810492848,FALSE,FALSE,FALSE,FALSE
"September",28,92,FALSE,TRUE,FALSE,377.075230633628,378.576248527863,374.06517632795,376.43489870237,,,,,1.3702393390381,1.3595100853803,1.38400874090046,1.41036142199878,0.178538544928361,0.234436079594432,0.423809831304823,0.475908200445716,0.678352209997471,0.68732645584496,0.670122925344599,0.655834419088928,3.40711553200452,3.12199871697663,1.6406829115752,1.17928458510409,FALSE,FALSE,FALSE,FALSE
"September",29,92,FALSE,TRUE,FALSE,351.916778194425,355.454186425756,354.657800596467,358.279377335001,,,,,1.16342956990809,1.16952731790585,1.16634923800576,1.17373149741131,0.225540970816653,0.232863131873489,0.303490009669935,0.313776938269141,0.756240317115324,0.743389895643677,0.743871356759926,0.731761065272674,3.47312970635778,3.2010653082483,2.74240922830769,2.51105757365317,FALSE,FALSE,FALSE,FALSE
"September",30,92,FALSE,TRUE,FALSE,342.514332042903,346.237864048152,344.759853032148,348.743754153383,,,,,1.06129462763634,1.05649856285547,1.06446750106917,1.06272673032065,0.202535224842968,0.19664432810248,0.347938263564777,0.345755060961734,0.82464097037445,0.828081530553622,0.824331022379883,0.826028621781711,4.75411602406672,4.8801041226212,3.63980836914523,3.69433627622553,FALSE,FALSE,FALSE,FALSE
"September",31,92,FALSE,TRUE,FALSE,356.782625041691,360.487182635792,359.709765695268,363.088674277805,,,,,1.21689908228224,1.21942867795732,1.22053182647511,1.22638422149927,0.228380917738813,0.235679542697703,0.293520902719798,0.307884107328866,0.731073678596301,0.725687379466206,0.713470204677776,0.702226340175233,3.23350491130754,3.10025194982409,2.53815344378586,2.31025521441836,FALSE,FALSE,FALSE,FALSE
"September",32,92,FALSE,TRUE,FALSE,386.456716343451,389.416100024755,386.693860550586,390.028377771542,,,,,1.49954413166767,1.50893135784671,1.50754152941741,1.5193232658553,0.167160931388591,0.208762498079586,0.328519164388889,0.350166531403161,0.686138487796394,0.666902168726627,0.65288507254099,0.63497161513328,4.20842742443001,3.53551630259507,2.38241871343651,2.01336212140092,FALSE,FALSE,FALSE,FALSE
"September",33,92,FALSE,TRUE,FALSE,378.390617732408,381.257211922521,377.671524774984,380.757368212082,,,,,1.43082521716464,1.43520363284944,1.439651983299,1.45955670232944,0.212357250993298,0.228442398639407,0.35758844047383,0.393080316040747,0.666848608531789,0.650004859336659,0.634868817578075,0.616231728117868,3.19973231393831,2.8345976185949,1.77742996938534,1.38809504057541,FALSE,FALSE,FALSE,FALSE
"September",34,92,FALSE,FALSE,FALSE,366.441914980562,367.943619878814,367.476632562232,369.565392911621,,,,,1.30109171649339,1.31396356004509,1.30107396546613,1.31026743554538,0.119938135544207,0.204647688087794,0.144660532573863,0.21072821822602,0.688085496814886,0.662531383876361,0.683928311945318,0.666970544588193,3.58042078320115,2.70160812074254,3.34885319638586,2.71312980207172,FALSE,FALSE,FALSE,FALSE
"September",35,92,FALSE,TRUE,FALSE,372.967019422355,376.45743693359,373.835588950385,376.1333209363,,,,,1.33922616510644,1.34610778192532,1.34510822215015,1.37930750899885,0.124208223292008,0.13487952718965,0.303585213195025,0.362929213238422,0.687471356540502,0.671605868038934,0.684246015696303,0.641561913331625,3.7661384549562,3.44356274013551,2.51844323659908,1.68679155951304,FALSE,FALSE,FALSE,FALSE
"September",36,92,FALSE,TRUE,FALSE,374.132178457383,378.020460190839,375.211744746401,378.404040954791,,,,,1.3755101888693,1.37731903529671,1.39272039244226,1.41635410851372,0.11927302802546,0.121604867181239,0.275289120139236,0.320512601820139,0.662375261420714,0.658211050928751,0.632423972591456,0.607579040806964,3.51694652715293,3.4395864369733,2.14896015479862,1.65907700938747,FALSE,FALSE,FALSE,FALSE
"September",37,92,FALSE,TRUE,FALSE,370.991805460399,374.085272948294,372.159126375252,375.312835602889,,,,,1.33054276533663,1.33927551289753,1.34027897583783,1.3610360184674,0.17505649654662,0.19214153880239,0.258344481574852,0.282139182097058,0.691148833483973,0.671472084562966,0.650076790972172,0.617392566775444,3.4571587453071,3.0474574802294,2.32401330168706,1.86133889540209,FALSE,FALSE,FALSE,FALSE
"September",38,92,FALSE,TRUE,FALSE,358.83290401942,361.82708670481,361.546781851638,364.194034430393,,,,,1.2104093751088,1.21325145113216,1.21464358443718,1.22322086195867,0.174593869687589,0.196008285496067,0.279658673543385,0.313426371587479,0.776789482354653,0.766960256433499,0.765502824843033,0.748676148850286,4.62394618894551,4.21170055024753,3.55835225100244,3.00509992685186,FALSE,FALSE,FALSE,FALSE
"September",39,92,FALSE,TRUE,FALSE,392.057846285672,395.676762974231,396.482336910822,400.241496782775,,,,,1.52483645116728,1.51891532073901,1.52772822914281,1.52359176901474,0.147743559808682,0.153195039467396,0.196027103491457,0.197465310335858,0.687960284909596,0.69506486920692,0.677063675615441,0.681531216926379,4.59603690285474,4.68279582701457,3.95994571183291,4.02027903774824,FALSE,FALSE,FALSE,FALSE
"September",40,92,FALSE,TRUE,FALSE,377.699828750815,381.234792760595,378.342322250697,382.304185812525,,,,,1.34527084958324,1.34435962926687,1.35048645305805,1.35126141215311,0.161750783987318,0.181191315800479,0.320416821584626,0.320873194816538,0.740161740221367,0.742180780098163,0.725960668033675,0.724553098871394,4.71653747606285,4.60230686410417,3.13563140986107,3.10818830947512,FALSE,FALSE,FALSE,FALSE
"September",41,92,FALSE,TRUE,FALSE,366.104885591495,366.849279359103,369.428771709871,370.009096842593,,,,,1.32070353572009,1.32221813983245,1.32472926404757,1.33495814243792,0.150222048131133,0.222669313530747,0.211563478229936,0.290834015105076,0.685814908866243,0.662331710375291,0.660984892871211,0.628049297496174,3.40111929258733,2.59259444069753,2.65046786552199,1.82739351542289,FALSE,FALSE,FALSE,FALSE
"September",42,92,FALSE,TRUE,FALSE,371.580249228235,371.795832645525,372.714058891576,372.148454020068,,,,,1.32447241589851,1.31959444635006,1.33398801362083,1.34971246570305,0.161758314837783,0.251921795759062,0.20962225737501,0.312403400894139,0.684237535275843,0.68258144332153,0.62574983581463,0.598271181252906,3.40339471970718,2.75641746957279,2.29589293558525,1.48322200970081,FALSE,FALSE,FALSE,FALSE
"September",43,92,FALSE,TRUE,TRUE,370.72315061541,373.370706235941,367.523652645937,371.41669920428,,,,,1.3164189702289,1.30480457130135,1.32531711698298,1.31801566165599,0.155418246381242,0.181083549729281,0.458126860377656,0.457428929376373,0.703630835402583,0.716099799045401,0.697804934492077,0.705924876275924,3.74240875330583,3.74706410556771,1.59306362575303,1.68178763148371,FALSE,FALSE,FALSE,FALSE
"September",44,92,FALSE,TRUE,FALSE,376.10014162179,378.282928117701,379.19639813361,382.066567498715,,,,,1.41608038261144,1.4145006069564,1.42909957284913,1.44357090983575,0.099791063635372,0.148291324753864,0.197572271444593,0.245567903085927,0.599319549479303,0.597150608573939,0.578295414757671,0.563311701280798,2.87459876515324,2.55563807618212,2.10102845902425,1.71633083229084,FALSE,FALSE,FALSE,FALSE
"September",45,92,FALSE,TRUE,FALSE,396.315340774063,398.46088680381,397.160974088344,400.54873836456,,,,,1.60054514613774,1.60163375014085,1.60674003129622,1.60491254753516,0.134411747248256,0.17741063698266,0.24033200760822,0.255179681900983,0.590401033061,0.580402219885377,0.556993880820964,0.560031440350808,3.25170341863434,2.79904215289278,2.08011264965067,2.010010365506,FALSE,FALSE,FALSE,FALSE
"September",46,92,FALSE,TRUE,FALSE,354.367433449562,354.911425098765,357.206596802647,358.679816292058,,,,,1.16641938425154,1.14278204519929,1.16816113957822,1.14446067586462,0.115405741406067,0.168798927409411,0.219455874539917,0.249064023072449,0.739941417534655,0.758985186478239,0.734104389892022,0.757227243832468,3.86584699853863,3.78511094186744,3.11152726470181,3.23508691768655,FALSE,FALSE,FALSE,FALSE
"September",47,92,FALSE,TRUE,FALSE,364.736338774039,367.801393002218,365.407149238358,369.053041291691,,,,,1.25612289282135,1.25225604070145,1.25810260458923,1.25599815125794,0.173559587041718,0.198817440718606,0.316381797891016,0.328354970576211,0.726013695902226,0.730245639083094,0.716354753145136,0.720840164817325,3.74518999371946,3.63484427811758,2.60516972374983,2.58859233118294,FALSE,FALSE,FALSE,FALSE
"September",48,92,FALSE,TRUE,FALSE,376.45682409302,378.400248405127,377.82432421103,380.78321937934,,,,,1.36017947667134,1.32092204112231,1.36563518327934,1.32622799980949,0.197722442572224,0.211031020706173,0.317789608239804,0.314548766045744,0.702671182918764,0.745388288991029,0.690109077636639,0.735429976234042,3.68096744866356,4.31065275482126,2.60157704916836,3.27284891852276,FALSE,FALSE,FALSE,FALSE
"September",49,92,FALSE,TRUE,FALSE,370.941090480447,374.191827966408,373.423926833512,376.993348284789,,,,,1.31607513473616,1.29933760887267,1.32433866020717,1.30954780176828,0.164047117867109,0.166002274157932,0.258870121388301,0.259579040782534,0.705829537412008,0.725571797786696,0.686760378200568,0.705909338338017,3.74079642104791,4.04644251602115,2.78793050191429,3.03726150860084,FALSE,FALSE,FALSE,FALSE
"September",50,92,FALSE,TRUE,FALSE,335.935960958592,338.052837991706,334.841285730903,338.274239119684,,,,,1.04816821108249,1.05205766840316,1.0552202418573,1.0578548891811,0.200759875029024,0.290166925260739,0.382996121125394,0.397572391907471,0.764652621436348,0.7666789898812,0.74546947778559,0.742011359242618,3.12530102142741,2.67604469768461,1.86263584148905,1.75216197642725,FALSE,FALSE,FALSE,FALSE
"September",51,92,FALSE,TRUE,FALSE,387.911829411724,391.134204039867,391.120569959855,394.486008161827,,,,,1.47282491915793,1.46868027614851,1.48189169443021,1.48468001241099,0.114052272187957,0.134952750775264,0.214532645113476,0.240075283763961,0.683162395601075,0.686901522499595,0.665847020760385,0.663294874156308,4.49095013135873,4.38129324475387,3.39969247335189,3.17094146178563,FALSE,FALSE,FALSE,FALSE
"September",52,92,FALSE,TRUE,FALSE,366.846670913699,368.991244754626,364.620367618944,367.426696981786,,,,,1.28393884628079,1.28231057894396,1.28969683650363,1.29787147917247,0.145918197425558,0.233590014763695,0.395552968478258,0.430344054766981,0.734972938362671,0.742723056301678,0.719876619501811,0.711491908579577,4.24948938516994,3.76751723562707,2.2078779885423,1.87467998046623,FALSE,FALSE,FALSE,FALSE
"September",53,92,FALSE,TRUE,FALSE,346.082994232271,348.144148119929,349.110284825835,351.253243184042,,,,,1.11734537337426,1.10461912787334,1.11743512671148,1.10489061326099,0.211563528168907,0.236110490281809,0.260068537416977,0.279573175110727,0.792698990475005,0.800816204799532,0.775512003097155,0.783667494421332,4.10736610856372,4.06049696687946,3.35388246629049,3.32853852670345,FALSE,FALSE,FALSE,FALSE
"September",54,92,FALSE,TRUE,FALSE,381.70948942795,385.026241026179,380.476462138618,382.781957206195,,,,,1.39617053583551,1.4026412164626,1.40861075029557,1.44161342013178,0.137010869998726,0.153636864639223,0.362443121816286,0.410148857884495,0.683948056044902,0.670532395895986,0.676941632088964,0.642583464169346,3.95452643003612,3.60991698423756,2.22968098764407,1.53986292011137,FALSE,FALSE,FALSE,FALSE
"September",55,92,FALSE,TRUE,FALSE,362.796613003826,365.859749703858,359.957797995557,363.482389485185,,,,,1.24556241148502,1.24168293078414,1.2502673854467,1.26465563098124,0.201725506366342,0.212737566713983,0.425844140683634,0.446575408955958,0.747202971204429,0.746529239481511,0.730668936740468,0.715761815333455,3.91555555104471,3.796119244753,2.04148793014111,1.7397209875898,FALSE,FALSE,FALSE,FALSE
"September",56,92,FALSE,TRUE,FALSE,350.372401422347,354.310093385684,349.783700731918,353.547350264101,,,,,1.15419292503916,1.15495869844537,1.16155333734646,1.16566538195506,0.18192380744332,0.181441030405485,0.3721925209369,0.372350762582774,0.761607724222718,0.759491604515645,0.746876280113908,0.738180768320813,3.81287304980374,3.77273112155201,2.32240584274468,2.20424522752697,FALSE,FALSE,FALSE,FALSE
"September",57,92,FALSE,TRUE,FALSE,344.130390005721,347.259218698802,346.950094698036,350.667089135933,,,,,1.14704701324767,1.1386640927196,1.15248631585688,1.14443499409526,0.162013502969033,0.179702844933285,0.231721993545845,0.23941039095078,0.72479608529824,0.736794891566161,0.695859594826451,0.712078060973638,3.11084275620049,3.17460386953274,2.33157829391507,2.47662873586836,FALSE,FALSE,FALSE,FALSE
"September",58,92,FALSE,TRUE,FALSE,376.78666894958,379.334726244319,379.752005733545,382.326490141676,,,,,1.36044087835113,1.37668822049869,1.36210154963701,1.3813582106566,0.129645175415878,0.166509607442632,0.169130380420257,0.200210199070689,0.65309849221618,0.62301960746863,0.628927201386795,0.593743602473359,3.296119411162,2.69115744484481,2.69756524571913,2.15158320670798,FALSE,FALSE,FALSE,FALSE
"September",59,92,FALSE,TRUE,FALSE,365.930928465891,368.950147829954,366.321145291133,370.04506149991,,,,,1.27236895851622,1.25819967231834,1.2752805299112,1.26557103918356,0.150399894605002,0.147743010832445,0.344703089869998,0.331886445809578,0.753484936249784,0.765305817186988,0.750035196741657,0.757285256757127,4.61440596649398,4.85990084390076,3.04568492924171,3.24783815339828,FALSE,FALSE,FALSE,FALSE
"September",60,92,FALSE,TRUE,FALSE,366.091488548778,369.36056235054,370.498135776271,373.577280239652,,,,,1.27892200199224,1.27137039512834,1.27894019536952,1.2759315349414,0.142915458695605,0.145754825685565,0.207335696844276,0.223928614096486,0.725547103392047,0.730929227272692,0.727241476119208,0.727144235476042,4.04851990944445,4.10055757699014,3.62753144741363,3.49098303214222,FALSE,FALSE,FALSE,FALSE
"September",61,92,FALSE,TRUE,FALSE,374.099390558903,376.867731316598,375.705094029251,375.59208809881,,,,,1.38498286291195,1.39227561426641,1.39212067537315,1.4266206500313,0.179101377921393,0.20797015000902,0.29478882876271,0.408980720682406,0.677732923605798,0.658078925824547,0.654640198970677,0.614838667971091,3.40575446411611,2.91841324304874,2.29721251433763,1.2153611289231,FALSE,FALSE,FALSE,FALSE
"September",62,92,FALSE,TRUE,TRUE,370.501888182053,372.975220178473,369.292551401407,371.536733863387,,,,,1.33713591578733,1.33954839572829,1.34923881844621,1.36594562591761,0.16519712581058,0.193977708998181,0.404461807222308,0.433773777026888,0.671501289448141,0.658216610254624,0.654820025973886,0.632654479076715,3.19916643136516,2.82153413842127,1.50295180851213,1.13912398477784,FALSE,FALSE,FALSE,FALSE
"September",63,92,FALSE,TRUE,FALSE,371.177312289101,374.433868231183,369.99955979264,373.178234176521,,,,,1.29784388477135,1.30087949622489,1.30129885363513,1.31146279215435,0.189393510691408,0.216831244126642,0.349032506938724,0.374475848877698,0.767195042342624,0.762266075683082,0.737495894512136,0.724249443702126,4.89072213482004,4.53592070940843,2.90116555080039,2.51631684725935,FALSE,FALSE,FALSE,FALSE
"September",64,92,FALSE,TRUE,FALSE,364.493292243553,368.078829803332,366.730815868845,369.715345315273,,,,,1.33049361534781,1.33449596091062,1.34095667844494,1.35473310922882,0.19694860471139,0.205920727412157,0.309987932967709,0.329703550953618,0.632344758692332,0.623126991924828,0.620854177069757,0.597174610822537,2.41011292518823,2.26246959767327,1.67757859866218,1.37758952973027,FALSE,FALSE,FALSE,FALSE
"September",65,92,FALSE,TRUE,TRUE,364.431070508755,365.642262562658,364.132066258836,365.229897293442,,,,,1.30436077363731,1.31033377297573,1.30823000799858,1.33743663023003,0.15148785899229,0.215189073752453,0.340146865663056,0.404963112170187,0.632472883808773,0.61421588354346,0.618826586595416,0.589082886563325,2.59268372026992,2.05367032360335,1.43050712129167,0.899754285887532,FALSE,FALSE,FALSE,FALSE
"September",66,92,FALSE,TRUE,FALSE,362.5096875499,366.109374801389,361.195028553691,365.131335988113,,,,,1.27192549590354,1.26923501627958,1.27960948028009,1.28415376618491,0.168574535878507,0.175977429297611,0.353069403634299,0.355893606620678,0.70231427584095,0.704827520854969,0.677095096428478,0.670379981964864,3.36970557229665,3.35298222661502,1.88195647011699,1.79953684849849,FALSE,FALSE,FALSE,FALSE
"September",67,92,FALSE,TRUE,FALSE,363.887316277405,367.190964915343,362.052172952085,365.873719302158,,,,,1.28828362378917,1.28569282955832,1.30427775914505,1.30588105570326,0.150102352560636,0.176663225819457,0.349573748831077,0.354378776556634,0.668896256190923,0.675123146890249,0.639205151892876,0.637446694242784,3.03188817227259,2.95530348326398,1.56014290175388,1.51969015202102,FALSE,FALSE,FALSE,FALSE
"September",68,92,FALSE,TRUE,FALSE,376.273381713879,380.122896515434,379.314501825099,383.285640082685,,,,,1.36499226325957,1.36150565206979,1.36954243813443,1.37192755965277,0.159928287496551,0.154199998834814,0.234120128985654,0.237909391075274,0.744027206977547,0.746664781066338,0.719860803828102,0.716475809412353,4.88718518738606,4.9846340738363,3.72531605640092,3.63772201567064,FALSE,FALSE,FALSE,FALSE
"September",69,92,FALSE,TRUE,FALSE,347.197016002943,350.124717908962,345.660633782342,349.425678079493,,,,,1.13175048926306,1.12707790494438,1.13585858330683,1.13585705998067,0.142038720286705,0.156347423017579,0.433385298018998,0.446013548790221,0.797882799289181,0.797864089377281,0.797905273691387,0.800254988383113,4.83429504275052,4.68800882683258,2.68278421486263,2.63697626536317,FALSE,FALSE,FALSE,FALSE
"September",70,92,FALSE,TRUE,FALSE,342.538333910771,346.165804375463,343.420035074393,346.518264238499,,,,,1.08655489482187,1.08983816580855,1.09325221695932,1.09721248466491,0.164724158162682,0.169715074875376,0.342396930262328,0.387790288214516,0.82300767962848,0.815324270878418,0.809201220184879,0.808735969281195,5.15234320993753,4.86756166774665,3.40629909199737,3.07980871547622,FALSE,FALSE,FALSE,FALSE
"September",71,92,FALSE,TRUE,FALSE,353.773533803513,357.461303736906,356.565915861099,360.222404649817,,,,,1.19961544549846,1.19888674758776,1.21053832437508,1.21274702643776,0.143009392503577,0.148160607147864,0.19686935733107,0.205647704236539,0.665531624090048,0.664976408949563,0.625867589180114,0.621360441955367,2.64294055807236,2.60581370497542,1.95999102737462,1.88127243879362,FALSE,FALSE,FALSE,FALSE
"September",72,92,FALSE,TRUE,FALSE,360.596644511059,364.272419385917,358.450572443805,362.437463876598,,,,,1.21840771106584,1.21588845749527,1.22360529201743,1.2263993119036,0.19333856067326,0.195846000235072,0.415155002388613,0.417613918558666,0.745080869876583,0.746490800074373,0.737564545530734,0.734651198201329,3.79310541911359,3.79116063346541,2.14219962953119,2.09127562113123,FALSE,FALSE,FALSE,FALSE
"September",73,92,FALSE,TRUE,FALSE,352.939535417473,356.57037033684,353.336387371921,357.298084866363,,,,,1.13779547334774,1.13824228681325,1.13924603980803,1.14069482850402,0.102184489492289,0.0994722817880345,0.218212231395939,0.222931048776096,0.777934023587163,0.772612022198124,0.748744033073901,0.7473522844615,4.67700597586691,4.55138993322339,3.23146304496939,3.18358152692642,FALSE,FALSE,FALSE,FALSE
"September",74,92,FALSE,TRUE,FALSE,373.004965056872,376.184105029366,373.321625587779,376.577910801443,,,,,1.28808656369367,1.27848578851319,1.29170906472144,1.28515834786744,0.202008137779088,0.222698116729903,0.284246945691015,0.299326621709512,0.754516226198256,0.766289413824245,0.71990518333149,0.727726950618957,4.44865401363744,4.53246622244375,3.06249817481061,3.06764473107875,FALSE,FALSE,FALSE,FALSE
"September",75,92,FALSE,TRUE,FALSE,363.513393806116,366.721420981195,365.527805414492,368.400444622713,,,,,1.25605763591096,1.26306519274079,1.26188649395896,1.27285282904499,0.161878595424114,0.182000637188811,0.271942262500955,0.304697459611381,0.689789211567387,0.676159554531489,0.679352026498812,0.664948954260971,3.17437009908632,2.86942368870628,2.37170869628591,2.03104559976742,FALSE,FALSE,FALSE,FALSE
"September",76,92,FALSE,TRUE,FALSE,373.401897213922,375.139384731738,374.787087050309,374.678354086526,,,,,1.43928784959115,1.46535342581095,1.43956892981836,1.50781119829117,0.110803578365047,0.170936052328006,0.208736292692728,0.322361527403167,0.506518729068154,0.458425977765873,0.495694598141232,0.434050526392188,1.88846247387392,1.27884935924587,1.32606948469032,0.485880796544356,FALSE,FALSE,FALSE,FALSE
"September",77,92,FALSE,TRUE,FALSE,382.029829530378,385.107652032738,382.439558757711,385.454769537645,,,,,1.46655044888565,1.45998657062517,1.49262958104984,1.52246308670878,0.143010984559743,0.175015410014533,0.358297131915265,0.401675005579756,0.60361032834048,0.617036093986045,0.603393447330803,0.582763765109535,2.87235702648072,2.82714201065425,1.55255444293967,1.12066958695351,FALSE,FALSE,FALSE,FALSE
"September",78,92,FALSE,TRUE,FALSE,361.604841395897,364.598084305103,361.618956306057,363.92169815498,,,,,1.26164288159741,1.26059126733846,1.27371621117758,1.2901574080038,0.161439365937775,0.186806721694997,0.357726474774481,0.411996097210323,0.736013673310968,0.733126391380236,0.713599411377701,0.693772672956276,4.00513263721825,3.75684291724439,2.30506502418031,1.73846704242944,FALSE,FALSE,FALSE,FALSE
"September",79,92,FALSE,TRUE,FALSE,314.613081205695,316.575528149312,316.910066051139,318.879066451693,,,,,0.914642155270417,0.911034926837707,0.918296901389626,0.923826415335425,0.229547400063109,0.313006687238073,0.312980205711804,0.3890730886509,0.824556466811213,0.833466614618282,0.807589390817534,0.803659453529833,3.37385635361826,3.08060319710423,2.56571214917295,2.12474609838957,FALSE,FALSE,FALSE,FALSE
"September",80,92,FALSE,TRUE,FALSE,355.05778751017,358.67439826663,357.669990803447,361.471926943598,,,,,1.2461167051601,1.24008471332714,1.2487013319748,1.24519006949277,0.318985802994852,0.325163602014816,0.396597171940757,0.397280633755461,0.732107658840122,0.740474995762598,0.721982228669939,0.725824443216365,2.75243587515664,2.83066925559162,2.08550096924859,2.12438442912853,FALSE,FALSE,FALSE,FALSE
"September",81,92,FALSE,TRUE,FALSE,337.060076755718,339.226548666603,337.403484596456,339.067251368537,,,,,1.03339770483618,1.03387284657901,1.03860625349518,1.04347563607741,0.200493821834264,0.267428958505862,0.390908080980581,0.40320953541835,0.832232875519887,0.831226321699098,0.825671636825667,0.803581676412231,4.77782744930412,4.23404557192417,3.17229017093207,2.60549833524765,FALSE,FALSE,FALSE,FALSE
"September",82,92,FALSE,TRUE,FALSE,371.286693557355,375.230581169241,372.081335759295,375.9268608517,,,,,1.36895595411737,1.3690269539211,1.3747994756616,1.37492964493423,0.194899279776149,0.199827785327431,0.27454557681458,0.274998911238475,0.630166427671028,0.631546811497643,0.592610614404227,0.590731383896876,2.55130921630407,2.53997264960208,1.68749783516243,1.66713194277292,FALSE,FALSE,FALSE,FALSE
"September",83,92,FALSE,TRUE,FALSE,347.95500838451,348.790794326267,349.345815038119,349.488843486244,,,,,1.14125107006158,1.13644361805236,1.14454515302017,1.14838950279903,0.217146737744313,0.280589650414603,0.338802054082764,0.409461285969938,0.732161945210947,0.728970660776392,0.72331781996078,0.711045207438662,2.95619782598036,2.51405577810579,2.13349921075957,1.60096531079976,FALSE,FALSE,FALSE,FALSE
"September",84,92,FALSE,TRUE,FALSE,366.991766876766,370.526528663607,371.552706058039,374.858887915187,,,,,1.34152879671011,1.34359137943263,1.34331945505902,1.34974281596219,0.21218276461495,0.221735072652298,0.231984521831504,0.255453752273562,0.717828830859145,0.709924984606009,0.699476657308212,0.684870081490184,3.65376806154712,3.43936319576581,3.17446380263224,2.80218338484592,FALSE,FALSE,FALSE,FALSE
"September",85,92,FALSE,TRUE,FALSE,363.565590090291,367.559926132068,364.828795066741,367.945545907985,,,,,1.2350846974074,1.23430553628193,1.23960995920383,1.24369860507768,0.135612254777489,0.134770771933552,0.315238951222027,0.347790778744022,0.759616413890772,0.760588370846131,0.759103628733256,0.756186139950762,4.66838610634188,4.6957109133691,3.31172488919775,3.02307420825553,FALSE,FALSE,FALSE,FALSE
"September",86,92,FALSE,TRUE,FALSE,358.179819163649,361.330677863182,357.766198996791,359.525033193984,,,,,1.26339019598787,1.27184786654726,1.27003197518656,1.29811784644444,0.127726437606312,0.153509369003824,0.292419121466737,0.356876183716479,0.649336227825599,0.630323056892929,0.625667935750997,0.588680570650108,2.74590255345509,2.4045690460541,1.63819626121237,1.06780164208799,FALSE,FALSE,FALSE,FALSE
"September",87,92,FALSE,TRUE,FALSE,375.942751592304,379.572229051673,376.625073544363,380.389351582086,,,,,1.38807446943923,1.37848500853971,1.39525579385203,1.40183122957798,0.125181462320612,0.1211654540422,0.290212298150502,0.299107994341243,0.669791045274625,0.681699486180206,0.652402129810421,0.642404050170966,3.65799776873853,3.85665052916415,2.31247442291328,2.14645038486278,FALSE,FALSE,FALSE,FALSE
"September",88,92,FALSE,TRUE,FALSE,348.700579537448,351.765462170886,351.168595124114,353.899761287069,,,,,1.12949498585115,1.13525614902517,1.13618150181026,1.14468898011554,0.138946205168078,0.183478050290641,0.243565051300516,0.293932728827959,0.760390345279532,0.753013629477358,0.742628843275989,0.732521011905721,3.91256289962356,3.50611270927988,2.94214525309771,2.51530341614212,FALSE,FALSE,FALSE,FALSE
"September",89,92,FALSE,TRUE,FALSE,363.109146846428,366.482332046255,365.181605551862,369.032292910827,,,,,1.26217263989464,1.25836670293129,1.26185692020489,1.25417364777125,0.172341941300957,0.188708033386549,0.301681698156438,0.298401155322565,0.735184000411139,0.739570201832404,0.734703100018511,0.744372140844783,3.94158078250994,3.89866563256339,3.00856520837874,3.18140943502307,FALSE,FALSE,FALSE,FALSE
"September",90,92,FALSE,TRUE,FALSE,350.873261916041,354.818156973646,353.360385075408,357.098278401556,,,,,1.1348138645144,1.13673944279549,1.13778073019472,1.14246844446774,0.144516200300828,0.146260894412599,0.237172131765549,0.253403839495362,0.792431716825373,0.788993973036233,0.775053574103276,0.769109483600043,4.72600851853503,4.62592291879274,3.62464567669836,3.40977226066842,FALSE,FALSE,FALSE,FALSE
"September",91,92,FALSE,TRUE,FALSE,373.069784151628,376.605995104026,373.189813347653,376.97436653463,,,,,1.35665877719066,1.36574969503216,1.36135681944837,1.36927040083229,0.156405637768801,0.174565759221101,0.293560372147978,0.30293597092401,0.667175045512956,0.651422681666083,0.643586680192304,0.632766777802609,3.2796895984661,2.95526300914601,2.09043732323142,1.92929529082091,FALSE,FALSE,FALSE,FALSE
"September",92,92,FALSE,TRUE,FALSE,372.366506624231,375.210004720393,373.161791159894,376.609261138079,,,,,1.33703701863844,1.33203698313609,1.34208697558095,1.34252279607693,0.216645326528314,0.2309867787358,0.370794529241334,0.376187374392052,0.667782647977006,0.668354396060309,0.675028300508063,0.671747535267823,2.85435813780632,2.74936368244798,1.96290688420611,1.88687940554947,FALSE,FALSE,FALSE,FALSE
"September",93,92,FALSE,TRUE,FALSE,345.604313398641,346.904096011078,345.5645478413,347.933834386865,,,,,1.14165883022799,1.11483455606112,1.14795895050984,1.12334958641577,0.216857337420957,0.253530095760045,0.33584809105486,0.349245359357849,0.713573841258208,0.744053408599116,0.688334402886521,0.717857438980944,2.67174431343883,2.82310648406059,1.73870836704722,1.93242257410069,FALSE,FALSE,FALSE,FALSE
"September",94,92,FALSE,TRUE,FALSE,371.138339552085,373.307102039457,372.134717572265,375.335362664951,,,,,1.2840383640721,1.27009591164388,1.28770787901673,1.27712558010298,0.151911630661456,0.171308025045316,0.297780791708717,0.292165240959417,0.775962803533427,0.782990410208526,0.759797709140339,0.765518485816518,5.38641904221944,5.33388473321963,3.71648939341327,3.84033842203534,FALSE,FALSE,FALSE,FALSE
"September",95,92,FALSE,TRUE,TRUE,365.009775241538,368.053535843464,360.274587155337,363.777789569553,,,,,1.27825289268529,1.26680666611419,1.29126056830705,1.3138451944196,0.17340070403203,0.182946796528453,0.502788214700544,0.517790081265984,0.712362828285781,0.724831606667259,0.699634329477772,0.678120207195971,3.55428924089009,3.67141894916567,1.24109226052889,0.968556031106541,FALSE,FALSE,FALSE,FALSE
"September",96,92,FALSE,TRUE,FALSE,372.960855648344,374.387078198328,372.102218611107,370.91228044891,,,,,1.38762256424976,1.3845475937762,1.4546102348423,1.6293699816161,0.224916431103753,0.29471264586233,0.399212063791593,0.452126877182538,0.673280086598315,0.676339244385199,0.580241399081082,,3.03708068705132,2.58731394260012,1.01185965068588,0,FALSE,FALSE,FALSE,TRUE
"September",97,92,FALSE,TRUE,FALSE,390.512434476851,392.794459945178,391.341550482025,393.974641800889,,,,,1.5045893562825,1.47946591917443,1.51733052004013,1.49694588954728,0.114903808959806,0.144323807387768,0.278871449423818,0.300770731592806,0.646620116492728,0.677527792397559,0.628722348770485,0.65386163732525,3.93840304700169,4.19372031897392,2.47785788882446,2.61670003149589,FALSE,FALSE,FALSE,FALSE
"September",98,92,FALSE,TRUE,FALSE,372.560339422043,374.626732008699,375.801295902075,376.86364902602,,,,,1.39747845323494,1.40993374678056,1.40311174611403,1.42559030451368,0.202290884523447,0.239221892951477,0.212736352119081,0.261200502218375,0.612154815760168,0.580710217182596,0.567073630338576,0.516419178678349,2.36532633737375,1.84399926854911,1.83545647493244,1.20662083190297,FALSE,FALSE,FALSE,FALSE
"September",99,92,FALSE,TRUE,FALSE,349.993570034469,351.444768533358,354.886631543508,356.516179939726,,,,,1.17396374653283,1.15025645767732,1.17495576491755,1.15072097420554,0.100871196602517,0.144753036244652,0.116161254601713,0.134419378759244,0.738875330070252,0.766539307474617,0.726527653483922,0.751191897522689,3.900055915153,4.08652595746713,3.56361888056746,3.80260587001844,FALSE,FALSE,FALSE,FALSE
"September",100,92,FALSE,TRUE,FALSE,372.207879408808,374.561644948128,370.029856524446,373.452251195743,,,,,1.30123386683211,1.29410313027365,1.31016110950584,1.30733931039696,0.0845105209851091,0.142966468562412,0.283192807411747,0.311799096380528,0.67111344780973,0.684655355032654,0.643942163929973,0.656253466614093,3.59004301671543,3.41650288855466,2.03351987164307,2.001810832545,FALSE,FALSE,FALSE,FALSE
"September",101,92,FALSE,TRUE,FALSE,378.908912202964,381.205153930117,380.547229189253,383.138440320223,,,,,1.36774494469423,1.36546036442448,1.37291541630015,1.37972196720519,0.14895430120359,0.190076847746648,0.255268225710177,0.294506108556846,0.682099797135209,0.680554229609447,0.663992655018857,0.655526135227546,3.69150711405413,3.36162924751873,2.67688037300505,2.31976314170545,FALSE,FALSE,FALSE,FALSE
"September",102,92,FALSE,TRUE,FALSE,348.54064736221,351.906948328413,349.605383209435,353.497649848714,,,,,1.13990094464398,1.14000515287754,1.14660967287587,1.15247025778485,0.166247036004855,0.168102592619925,0.328101727627096,0.343618308431563,0.764692628264042,0.757800563921055,0.750795305922712,0.745580370282833,3.87067877370438,3.70361684892225,2.59276958933064,2.43621414225773,FALSE,FALSE,FALSE,FALSE
"September",103,92,FALSE,TRUE,FALSE,357.527639978972,360.69242726676,359.588248668942,363.320626561508,,,,,1.22007340423089,1.21102358124392,1.22183214129993,1.21591588012055,0.182890893268156,0.196154405926615,0.274029253144809,0.277347416297001,0.736879810498684,0.747408158435329,0.719217236219671,0.72772884150262,3.65740479644688,3.73750184919282,2.74616395920168,2.84001207067355,FALSE,FALSE,FALSE,FALSE
"September",104,92,FALSE,TRUE,FALSE,363.168863337813,363.452332214193,363.971852457252,365.982227619607,,,,,1.24213749424014,1.20814894883259,1.2450183225577,1.21410921622224,0.141946656052731,0.195096736448453,0.268992265678619,0.299153364062228,0.747925349632256,0.778774276951202,0.723625031900533,0.763733524033245,4.33813733497909,4.51109478300959,2.96075966815348,3.37776752312491,FALSE,FALSE,FALSE,FALSE
"September",105,92,FALSE,TRUE,FALSE,378.148133687364,380.536561095765,376.546155058985,379.949758274831,,,,,1.36997423050777,1.35620434227776,1.3789767292224,1.37184217965198,0.190791803573024,0.212387537664898,0.330409403359354,0.342537329867802,0.714807775124942,0.725387714052363,0.667257186858615,0.67732020829289,4.02602870950063,4.01261567368292,2.21732351872509,2.2504590946758,FALSE,FALSE,FALSE,FALSE
"September",106,92,FALSE,TRUE,FALSE,364.109429983004,367.956323061617,364.396537847481,367.884121134453,,,,,1.26817832244001,1.27023797017495,1.27890071737715,1.29797261914681,0.15813808482723,0.162554789310188,0.336902027445213,0.369231568444605,0.714431222074335,0.710485287139169,0.700842573515332,0.681478755465975,3.66853032373257,3.57320500662692,2.30057838498463,1.89692414713879,FALSE,FALSE,FALSE,FALSE
"September",107,92,FALSE,TRUE,FALSE,347.603754922263,351.548372856191,348.831660637602,352.771514260793,,,,,1.13489941001523,1.13751870274434,1.14037057319719,1.14388675378207,0.276956152286118,0.279892330925873,0.425606106861814,0.429101000548109,0.762555863354388,0.75895840889479,0.766128837190491,0.762291167751445,3.12644199258313,3.05018727110374,2.22663425253253,2.1543017768152,FALSE,FALSE,FALSE,FALSE
"September",108,92,FALSE,TRUE,FALSE,357.470642643514,360.701028572547,359.488206672113,362.050667717536,,,,,1.18645566767126,1.19617749002717,1.19047966195805,1.20627631819696,0.174793070052356,0.196741126779082,0.269341432202275,0.315113707490789,0.782651388766828,0.763958932924565,0.760844445180372,0.734970708416532,4.62140101714941,4.02671777049417,3.40184375187973,2.67857230868829,FALSE,FALSE,FALSE,FALSE
"September",109,92,FALSE,TRUE,FALSE,369.442678899846,373.276943091669,371.785951382133,375.71983838704,,,,,1.27972750965116,1.27936503488269,1.28322513802391,1.28362806745098,0.229830691135432,0.231259472387532,0.323813066646709,0.322918444737149,0.765774699128701,0.765044602659678,0.754949130176834,0.753392637914268,4.41950888862448,4.38489370330787,3.39676338221564,3.37161941940931,FALSE,FALSE,FALSE,FALSE
"September",110,92,FALSE,TRUE,FALSE,367.231303281193,369.253714721999,367.744474821962,370.761923474989,,,,,1.32382760094919,1.31663288354932,1.33045353045613,1.32499189777294,0.156791695851964,0.19846169962141,0.341518532000146,0.345953824790018,0.696299324680061,0.698054025711573,0.687629992422556,0.686978068373615,3.57959120461921,3.29333062937568,2.23234719317145,2.17608953625406,FALSE,FALSE,FALSE,FALSE
"September",111,92,FALSE,TRUE,FALSE,354.365748088387,355.999061912273,353.94297951397,356.697684621442,,,,,1.19731114425203,1.18065718393096,1.19961598628012,1.18615600139319,0.142789821985535,0.220651061628382,0.275541199272601,0.328413484309254,0.717572947836536,0.745655406575615,0.683133626535538,0.715599366073311,3.40642790673568,3.36037218183138,2.14063016569879,2.21796969720346,FALSE,FALSE,FALSE,FALSE
"September",112,92,FALSE,TRUE,FALSE,343.247425992358,346.301220612182,345.824647784491,349.198809058662,,,,,1.08130503121505,1.07393949118834,1.08131296427757,1.07796907427181,0.150674703272158,0.166827743488286,0.254731588198619,0.267850453498072,0.766857475117548,0.774324953616072,0.764054681404954,0.767682166519142,3.69267990926794,3.71146691843139,3.00231157381811,2.97365227179751,FALSE,FALSE,FALSE,FALSE
"September",113,92,FALSE,TRUE,FALSE,385.837221883047,389.687185245438,386.185647221879,390.134586745835,,,,,1.42262153426969,1.42062885811666,1.43590378508986,1.44147691386877,0.0997476140696293,0.0967497761781889,0.275040749857373,0.279529989698502,0.677743660876622,0.678089555840066,0.657717866163067,0.65087139247062,4.2626412481814,4.28056252744945,2.67398874837023,2.55995554891502,FALSE,FALSE,FALSE,FALSE
"September",114,92,FALSE,TRUE,FALSE,364.3297213691,365.202940729736,365.09836122707,366.982567227437,,,,,1.23954053946345,1.2255872273781,1.24927317968079,1.23789066319713,0.102925823175372,0.148711175504352,0.273808098503668,0.310545005994846,0.74632524724865,0.747046583705505,0.722910383159505,0.732164740248011,4.56973661810435,4.16177225287716,2.94247358194548,2.80432282817446,FALSE,FALSE,FALSE,FALSE
"September",115,92,FALSE,TRUE,TRUE,371.107386922699,373.72944090184,371.477461336666,372.38909253986,,,,,1.31665398160267,1.31354170439595,1.33261226951805,1.34189061646891,0.16820289941573,0.217475039566916,0.351162176224847,0.438817395235311,0.694630093535689,0.701731571279437,0.660549397688944,0.665838180030045,3.50667065470951,3.28230565735296,1.86649984422885,1.3971966178348,FALSE,FALSE,FALSE,FALSE
"September",116,92,FALSE,TRUE,FALSE,376.523474952064,380.390243155803,378.175146387395,382.056679653678,,,,,1.38504585297185,1.38109609187075,1.38562365168177,1.39328744214286,0.0946108091380786,0.0956574947720516,0.226450561154638,0.232977930173948,0.62445711155598,0.630678420574071,0.621760185558722,0.610077368440127,3.14540942502463,3.21306913664336,2.31538400965249,2.16189602119347,FALSE,FALSE,FALSE,FALSE
"September",117,92,FALSE,TRUE,FALSE,364.346038988347,364.627760631617,368.860939828374,369.166657404089,,,,,1.27844562812638,1.27349536843875,1.28113412017776,1.27892239469111,0.136174757008595,0.20863227026998,0.157713625245986,0.224678456263344,0.714346334761295,0.701268844290711,0.697233776073664,0.67868600219744,3.84379060201812,3.09361214287733,3.38904054343944,2.66343589783786,FALSE,FALSE,FALSE,FALSE
"September",118,92,FALSE,TRUE,FALSE,296.257758053368,294.928707693472,296.619086964692,296.750090789458,,,,,0.80299532857693,0.776030594219002,0.804492763534123,0.777487822204315,0.220273082592309,0.253206423932218,0.40655142902669,0.417423837315541,0.900147412808845,0.909896727327973,0.891067250701179,0.907257226356608,5.14618217028234,5.14676460511693,3.36423892530107,3.73618547000544,FALSE,FALSE,FALSE,FALSE
"September",119,92,FALSE,TRUE,FALSE,346.576740173247,349.269073285357,348.347219706874,351.055069543128,,,,,1.12110375647318,1.1248125535726,1.12639764217402,1.13410219759766,0.195349870230061,0.225888671455398,0.301643510002681,0.335986625130494,0.800622021632682,0.789059534242337,0.778622168426175,0.763906553975543,4.46902682642487,3.94778554394147,3.18223754377261,2.70406378003019,FALSE,FALSE,FALSE,FALSE
"September",120,92,FALSE,TRUE,FALSE,337.194306112144,337.142862470961,339.201062627949,339.489839380006,,,,,1.04085454095941,0.997065428538057,1.04097411671737,0.996657395992037,0.201475676981313,0.208937927178991,0.34104174093319,0.362401283511029,0.818900874491228,0.853627024877484,0.817502559289616,0.857461532453307,4.35547750529071,5.17723868710233,3.32457443940719,4.06910423064227,FALSE,FALSE,FALSE,FALSE
"September",121,92,FALSE,TRUE,FALSE,396.015764110851,398.914987358108,396.994644667836,400.838181656233,,,,,1.59157333363701,1.56568400608686,1.61105291568168,1.5930284490601,0.123921614607917,0.124356411861165,0.264103503120972,0.257508301622314,0.598801262682455,0.629576474791545,0.562504984789795,0.585408908149373,3.42160249525154,3.82728943431378,1.99216256089866,2.26779564982865,FALSE,FALSE,FALSE,FALSE
"September",122,92,FALSE,TRUE,TRUE,364.679617486943,366.465105078168,361.620710139762,365.340286663007,,,,,1.29250641050198,1.27857306284423,1.30395114567005,1.29419946737199,0.177590190163731,0.236351292116437,0.382706906105654,0.388074292884993,0.697582895173697,0.71654585360768,0.639751734584144,0.65472084556134,3.33644486512653,3.21566352139046,1.37553390058258,1.47032227328758,FALSE,FALSE,FALSE,FALSE
"September",123,92,FALSE,TRUE,TRUE,377.922879422591,380.80850093452,375.346800880943,378.835540229747,,,,,1.35104604158869,1.34618784511601,1.35802299417608,1.36192742780653,0.204744584330545,0.24111297593424,0.433851729840452,0.446489633262724,0.723470533282643,0.73118355342283,0.70111539750836,0.698335970515173,4.03235436272043,3.88840012345591,1.90518329304303,1.78517258622289,FALSE,FALSE,FALSE,FALSE
"September",124,92,FALSE,TRUE,FALSE,376.231908352896,379.936348729247,375.927312933185,379.80104764748,,,,,1.39382290749605,1.39639597429911,1.40399887963942,1.41141827352229,0.183314811996015,0.190181249797225,0.325165547277919,0.333213319847033,0.651408285348685,0.646132838586203,0.626790554726357,0.61890729397527,3.03085210918156,2.915557388279,1.82204053708923,1.70365949720568,FALSE,FALSE,FALSE,FALSE
"September",125,92,FALSE,TRUE,FALSE,371.54780493165,374.760350416075,372.859576391919,375.402913893372,,,,,1.35414904812326,1.36509299520862,1.36175261672078,1.38801577452614,0.195718045160722,0.226132563877399,0.299617376357597,0.349929101067603,0.673113902798044,0.656007493068436,0.646783747501619,0.615132336405436,3.10012608234842,2.68585653485434,2.08912563774615,1.50609884887544,FALSE,FALSE,FALSE,FALSE
"September",126,92,FALSE,TRUE,FALSE,377.119990724882,380.546707598905,379.234941339297,383.013296268592,,,,,1.35797813029544,1.34846493944339,1.35934011162347,1.35353521010221,0.187590166935245,0.199081674247712,0.26677666598777,0.270546103842995,0.728265416085253,0.740688181483675,0.707914119620785,0.716121614445407,4.27966020976228,4.43363291250279,3.23697990785004,3.33816356247309,FALSE,FALSE,FALSE,FALSE
"September",127,92,FALSE,TRUE,FALSE,371.987572790674,375.747171715108,375.093109183862,379.008811421212,,,,,1.35078390188201,1.34717508210013,1.35566241439368,1.35303212751892,0.148775842362529,0.148226494908171,0.218350956274801,0.223594645772371,0.657406139088568,0.660497976484168,0.64121873958186,0.647066617210459,3.15630979980296,3.19213614674796,2.50725482356342,2.54390180115829,FALSE,FALSE,FALSE,FALSE
"September",128,92,FALSE,TRUE,FALSE,353.593682759636,356.811965539685,355.247327128679,358.870084981186,,,,,1.17938065296204,1.17787365784641,1.1828057371491,1.18282803529728,0.191730594322836,0.213908095978491,0.300224237485168,0.319512796414515,0.747559072635225,0.74864018236496,0.732594279516933,0.736055728628237,3.60805015067955,3.47452725619537,2.64562022043992,2.58067933901432,FALSE,FALSE,FALSE,FALSE
"September",129,92,FALSE,TRUE,FALSE,380.806337053839,383.366917683226,382.046689795435,384.600454501946,,,,,1.43900975800408,1.44380659452928,1.44436307239287,1.4560521908739,0.17570817370667,0.210092545787092,0.294051937880768,0.313547377490617,0.652358750463921,0.637910678099555,0.632669774470406,0.605860997852293,3.26544114771963,2.82404734111986,2.19242875571303,1.78244662276828,FALSE,FALSE,FALSE,FALSE
"September",130,92,FALSE,TRUE,FALSE,371.947785175293,374.464716058124,370.465712968818,372.216337282991,,,,,1.35088144357847,1.35786971452532,1.36114961627695,1.38678784137395,0.187650562638461,0.2076340309774,0.413954514945958,0.473666577883943,0.698743128616053,0.673010628870877,0.689573770552339,0.666400933489166,3.57200580436304,3.01772939596941,1.87181069658089,1.24936768590861,FALSE,FALSE,FALSE,FALSE
"September",131,92,FALSE,TRUE,FALSE,345.029544835061,348.657005591639,348.307524930959,351.474275943287,,,,,1.11302025224614,1.11619189162026,1.11629737318394,1.12193195965,0.176355120804146,0.187575029571421,0.224708974597696,0.246938950914011,0.796423544752322,0.789984578200995,0.775066184835339,0.762657088734165,4.41912419038386,4.18124419411508,3.55725738565253,3.18379434631414,FALSE,FALSE,FALSE,FALSE
"September",132,92,FALSE,TRUE,FALSE,360.213794586653,363.089685527956,357.244708138681,361.197098349083,,,,,1.24603561320451,1.23571223540385,1.25989880502081,1.260476701049,0.161381029791516,0.183508764609283,0.373345619402952,0.376096815047923,0.679754444096412,0.693138858501247,0.651177943457964,0.651363272861165,2.94996972383091,2.97858653203711,1.45393964539209,1.44217491558931,FALSE,FALSE,FALSE,FALSE
"September",133,92,FALSE,TRUE,FALSE,374.380742268138,377.619796019482,375.727887378095,379.570267741583,,,,,1.3345078603472,1.32441603244674,1.34192499305386,1.34287598811309,0.139590776454874,0.155403696356425,0.262897021207289,0.267857256022751,0.726699128677082,0.739491254541264,0.700638894456943,0.699167350257953,4.46350503102442,4.59199739636302,3.04770633394792,2.99111662851093,FALSE,FALSE,FALSE,FALSE
"September",134,92,FALSE,TRUE,FALSE,369.44692607961,370.473327126342,371.661867741353,373.472216049907,,,,,1.28839169950038,1.26434829458488,1.288971743937,1.27473740918667,0.186671552828798,0.232592363112473,0.263628732636463,0.295965565680288,0.76781074086339,0.786051566490111,0.748613331544378,0.75808351961876,4.85634442540042,4.83654767415994,3.72812177534776,3.60958849222527,FALSE,FALSE,FALSE,FALSE
"September",135,92,FALSE,TRUE,FALSE,383.724039612395,386.987611780263,381.889343725455,382.970469297883,,,,,1.45399989768835,1.46456239645056,1.46794306567582,1.50837332418094,0.131439809450245,0.148235214284085,0.35115805363214,0.416336814000185,0.604436309689883,0.583859274966446,0.603593793384687,0.571717321488964,2.94374114921413,2.60445428470946,1.56528423040667,0.921023434686751,FALSE,FALSE,FALSE,FALSE
"September",136,92,FALSE,TRUE,FALSE,363.061988367741,363.01260981028,362.93697383702,364.728365182944,,,,,1.25894027084054,1.23037779478911,1.26327895724515,1.23365800026219,0.157643505660515,0.210480309275175,0.345260786081738,0.354598058568417,0.738102380951923,0.756504416948253,0.726897111355308,0.753759335851931,4.0914095251115,3.95475195137027,2.5711620409418,2.85441790960353,FALSE,FALSE,FALSE,FALSE
"September",137,92,FALSE,TRUE,FALSE,377.662796787003,381.018160616194,375.462993813963,377.329915834874,,,,,1.43649846324972,1.43959422141071,1.46842022525769,1.52588897227927,0.18499730524429,0.199583687229165,0.381411365292049,0.427874042032339,0.61287700123261,0.605264367440605,0.573850716056492,0.52595066134321,2.61877054529211,2.44067668698587,1.08700182115395,0.522574024188053,FALSE,FALSE,FALSE,FALSE
"September",138,92,FALSE,TRUE,FALSE,347.453024171587,350.516030596153,349.743821838807,353.284081633012,,,,,1.11664886594314,1.10933915426679,1.12177447382657,1.11450131744913,0.220804423370609,0.232303270366095,0.320685140436116,0.326017626604082,0.817651655061969,0.822818400586229,0.801107507288134,0.809479763711827,4.79539532559583,4.82039097461424,3.55424138761434,3.68879300891942,FALSE,FALSE,FALSE,FALSE
"September",139,92,FALSE,TRUE,TRUE,369.410337237224,372.517367411686,367.413276222564,370.955363701557,,,,,1.29588886057459,1.29778080867132,1.29991167013474,1.31741672942562,0.19215860186854,0.20963896019496,0.465499608022903,0.481279028695635,0.733376822783876,0.725434234341279,0.732278533969067,0.714209074644544,3.98903725815609,3.69728022245778,1.93934652436979,1.61990439827521,FALSE,FALSE,FALSE,FALSE
"September",140,92,FALSE,TRUE,FALSE,392.993407350049,396.336376594033,393.500475722197,397.034412991231,,,,,1.51975970524789,1.51828367648009,1.52309560364204,1.53076308996113,0.136546927427686,0.149850572095837,0.275392344141355,0.289177335741214,0.665132329827264,0.663667257982782,0.646456361151628,0.63574894859846,4.21992019601338,4.07312237483328,2.78920768493787,2.54701213116775,FALSE,FALSE,FALSE,FALSE
"September",141,92,FALSE,FALSE,FALSE,367.931094826638,368.936688516673,369.912633411568,370.933164392049,,,,,1.29753908290917,1.28066241257144,1.29730676415493,1.28090317939488,0.149856415131975,0.184864827526319,0.149059817441866,0.185401556129677,0.711212539737162,0.715829207483446,0.711128526023798,0.715539583803123,3.8126021153589,3.56729013834181,3.81503752942593,3.55926762064591,FALSE,FALSE,FALSE,FALSE
"September",142,92,FALSE,TRUE,FALSE,357.031099663105,360.006825608049,358.833490986562,361.580972595951,,,,,1.21001511783915,1.21104049032683,1.21617204089771,1.23024179438975,0.182813414198019,0.204343234750452,0.2515300173596,0.282337294063348,0.725527341020906,0.719336992834806,0.691493263716489,0.665727833561357,3.40422642091041,3.1590707272356,2.46060707775734,2.01271994173815,FALSE,FALSE,FALSE,FALSE
"September",143,92,FALSE,TRUE,FALSE,364.065978618841,367.624325932767,364.385410236671,368.115965861943,,,,,1.22944760002932,1.22576646874487,1.23688713530105,1.24131563000224,0.226401638753386,0.223526270885338,0.355194853263452,0.357577389415428,0.750560485346528,0.750736515519425,0.731563594655777,0.723798936035607,3.78426662484019,3.78677865132242,2.5288504387374,2.40470611987072,FALSE,FALSE,FALSE,FALSE
"September",144,92,FALSE,TRUE,FALSE,361.032162791224,364.980228053806,363.873301187375,367.690482787967,,,,,1.25037075825275,1.25156391657526,1.25790919803812,1.2637445106178,0.185688737069397,0.188777279318242,0.3008635655082,0.313326925471873,0.723757565660596,0.722016766764455,0.71580140885984,0.709125065972405,3.54971914394734,3.50145367455783,2.67648926360675,2.5134680241436,FALSE,FALSE,FALSE,FALSE
"September",145,92,FALSE,TRUE,FALSE,372.42334641306,375.921059830926,374.690101329764,378.132137031508,,,,,1.33335090800247,1.31540367563771,1.33534982452701,1.3194655690608,0.194333830739108,0.196529192394309,0.300850830311163,0.320505119541594,0.706816920022923,0.730685647014895,0.70275618122026,0.728521494112643,3.63989227929288,4.03172842980698,2.80497814021343,3.05294117553123,FALSE,FALSE,FALSE,FALSE
"September",146,92,FALSE,TRUE,FALSE,351.15174790779,354.963609383854,354.013432540984,357.907361409025,,,,,1.16058211626169,1.16200523606279,1.16210812554131,1.16347285489936,0.219792736302495,0.232523442260607,0.289371029326291,0.29336888625071,0.79880211587853,0.797719778277117,0.782049155881955,0.779797602491497,4.50739054205816,4.38544119179212,3.53827936201015,3.46461906635981,FALSE,FALSE,FALSE,FALSE
"September",147,92,FALSE,TRUE,FALSE,389.24781014861,392.637313417516,388.850641182386,392.844857093918,,,,,1.49415127487233,1.48064186341404,1.51883943859662,1.52030897159755,0.0819582746551105,0.0871957041932956,0.326299552403913,0.326531709313798,0.622056824841216,0.640156693434787,0.61226306991995,0.610206693120393,3.6896743021072,3.90256654063095,1.93324139430768,1.9105791816593,FALSE,FALSE,FALSE,FALSE
"September",148,92,FALSE,FALSE,FALSE,350.28218835884,353.709965190899,352.240972268537,355.69675249014,,,,,1.14255513304153,1.14077411145262,1.14235708038429,1.14049941571736,0.238602108195205,0.243589178839585,0.240458499488149,0.244469893861501,0.777054020302607,0.775711656591148,0.777505974673217,0.776279118911887,3.73100565249522,3.65242217607997,3.7274994443204,3.65790493857368,FALSE,FALSE,FALSE,FALSE
"September",149,92,FALSE,TRUE,FALSE,358.627211648795,362.246904805785,362.175398381065,366.134200638778,,,,,1.21164449623209,1.21294327486405,1.21505143631695,1.21477351028587,0.135552181667578,0.136062898827596,0.208904484636721,0.208913042161916,0.794401619691023,0.787972757152872,0.779611352447311,0.779623969234932,5.45745110023781,5.24443553422587,4.4209697760426,4.41923646045666,FALSE,FALSE,FALSE,FALSE
"September",150,92,FALSE,TRUE,FALSE,360.548969776894,364.064550984585,364.081738124332,367.14953953628,,,,,1.2068629659059,1.21566168696806,1.21068156779874,1.2256880758492,0.162962066032719,0.19230643135646,0.195140342198788,0.252094522700567,0.749150502136066,0.739211703316167,0.727080540824017,0.713286419039479,4.04918567204999,3.67724246489085,3.38329165714996,2.84666040601355,FALSE,FALSE,FALSE,FALSE
"September",151,92,FALSE,TRUE,FALSE,363.47140157505,366.608742609845,364.926307475265,364.258883930865,,,,,1.28594363601881,1.29722457626492,1.29296016039614,1.38477662679861,0.137671115392734,0.152588639146957,0.24818530446062,0.420199373299339,0.680594830360712,0.652146425087156,0.652159894242601,0.55991419193294,3.2607407882878,2.79264773998644,2.23163248673355,0.67088800469649,FALSE,FALSE,FALSE,FALSE
"September",152,92,FALSE,TRUE,FALSE,352.214446486087,355.983249522607,354.029513147528,357.454156689075,,,,,1.17717985576673,1.17971042159169,1.18248441547978,1.19120080418744,0.139512388906875,0.151042890089093,0.269389760373705,0.293180805486421,0.76492985000948,0.760912552995412,0.747702054276004,0.734473504353418,4.3024160961205,4.13942106934228,3.07192925744782,2.72444829341072,FALSE,FALSE,FALSE,FALSE
"September",153,92,FALSE,TRUE,FALSE,354.14249803096,357.51359281641,355.065012285544,357.914762559421,,,,,1.16657070032985,1.16903267537096,1.1731080589741,1.17963624848252,0.223505115537191,0.246951006111766,0.288655366729116,0.319012903950593,0.752099012398388,0.749602772711337,0.713259137593722,0.703731134072156,3.45379504654642,3.26057480836296,2.40255309697664,2.12212538302275,FALSE,FALSE,FALSE,FALSE
"September",154,92,FALSE,TRUE,FALSE,373.232479936572,376.717450452648,376.305091723387,379.442651065324,,,,,1.35110775124115,1.35535719585746,1.35621603339697,1.37001962133516,0.165675808149103,0.184039911748329,0.221224000492173,0.255401942060248,0.697546430119814,0.690038802497629,0.67178694949611,0.651486911000694,3.7261230898919,3.47513474027469,2.91423733318464,2.45026075273988,FALSE,FALSE,FALSE,FALSE
"September",155,92,FALSE,TRUE,FALSE,376.274952094633,379.413325744031,377.322690459817,380.454226428748,,,,,1.36499217480426,1.37844368644076,1.37097076259419,1.38961898631049,0.152005086793174,0.153846710810548,0.275807882828126,0.296030860478541,0.673753086185722,0.639850632240176,0.656132197451714,0.627182169577924,3.49172687239033,2.99154014858721,2.41172835472889,1.97635318536587,FALSE,FALSE,FALSE,FALSE
"September",156,92,FALSE,TRUE,FALSE,369.763067130456,371.67534701929,370.44349646847,373.469590861756,,,,,1.30858713810268,1.28958301222821,1.31551043557746,1.30265616192441,0.170331226403364,0.216407446341445,0.295533903762979,0.316043188192525,0.722620582103269,0.745479013701721,0.689611848458899,0.708691094493978,3.95710829475911,4.01447611522481,2.53099995155527,2.63772059592781,FALSE,FALSE,FALSE,FALSE
"September",157,92,FALSE,TRUE,TRUE,364.940685600805,368.280044665499,363.945810660185,366.805501156494,,,,,1.31317067743857,1.31279750418685,1.34942914803372,1.42357438653982,0.238392290260934,0.252959049012167,0.406687401999737,0.455721626070172,0.678980297934122,0.677838161253629,0.610005425579643,0.550574139933018,2.74454243387605,2.632789501712,1.06632827591436,0.464419149203133,FALSE,FALSE,FALSE,FALSE
"September",158,92,FALSE,TRUE,FALSE,371.374849057964,375.238577705255,370.740863665488,373.891730656246,,,,,1.37409940756328,1.37249248450553,1.38550437721711,1.38640721449702,0.219434341723741,0.21400334333408,0.420854507163429,0.452609980586317,0.696335750171125,0.695372422984977,0.682506532851881,0.689332713670403,3.38046285855023,3.39373877882907,1.78033608812628,1.6451802494686,FALSE,FALSE,FALSE,FALSE
"September",159,92,FALSE,TRUE,TRUE,348.177387124797,350.654778592447,348.529588676614,351.718970000758,,,,,1.15099260238392,1.15305820180854,1.15948454525972,1.16696755338383,0.241199213343299,0.261716045690466,0.358478841742811,0.376457064407074,0.746949492069134,0.734170415338033,0.697746561196427,0.685834142438189,3.11456745902326,2.77217408748357,1.74896343304894,1.54815189824255,FALSE,FALSE,FALSE,FALSE
"September",160,92,FALSE,TRUE,FALSE,357.756406560055,361.712235906086,359.886350673893,363.68544396843,,,,,1.21098736317856,1.21189875404608,1.21378576379762,1.21560821982378,0.175875542653027,0.176094918313512,0.276160753561543,0.278212239505036,0.758039074519245,0.755875685152444,0.738812536645761,0.733852840982085,4.10293034702026,4.05535587279795,3.02141864245218,2.92735066120854,FALSE,FALSE,FALSE,FALSE
"September",161,92,FALSE,TRUE,TRUE,346.596318041883,348.810472532236,343.195131987614,347.071177740541,,,,,1.18254053389747,1.18554724568998,1.19685629852209,1.20337623130911,0.242306271187074,0.291193417630926,0.508012607482793,0.51504331505158,0.702138684645247,0.69341666091248,0.685655835578766,0.680582662346917,2.48954532006816,2.11990991046187,0.911187360530523,0.842506526350416,FALSE,FALSE,FALSE,FALSE
"September",162,92,FALSE,TRUE,FALSE,363.775541681286,365.467875623154,364.668523891909,367.537981597885,,,,,1.27818390335736,1.26020858372563,1.27962609878765,1.26318028026223,0.173669772981728,0.203910343791934,0.303663579170312,0.310531146188148,0.715320176310483,0.729342852302422,0.700601605223219,0.717911913475192,3.61549592334007,3.58742533829726,2.50393911786105,2.66351279079112,FALSE,FALSE,FALSE,FALSE
"September",163,92,FALSE,TRUE,FALSE,354.894614326754,357.686848769616,356.85726309468,359.92383899342,,,,,1.19269406575179,1.20291330914546,1.19360989746761,1.20484291409501,0.148183811468716,0.173597449596386,0.237830295238939,0.271436136025352,0.739626968116071,0.711455150719438,0.716340434999293,0.695853513181732,3.75967403228233,3.13010450579174,2.78490143683436,2.33990252667387,FALSE,FALSE,FALSE,FALSE
"September",164,92,FALSE,TRUE,FALSE,373.106903092067,376.071093080438,375.588424433804,378.281679505376,,,,,1.30659110471154,1.31420859145578,1.31425952884849,1.32771351889717,0.127850697214024,0.151069866534937,0.235872903217871,0.273176151235138,0.721333212865685,0.704942974206111,0.707789582945583,0.687992669383619,4.30768657556653,3.82832417536566,3.27974705474599,2.73909599519856,FALSE,FALSE,FALSE,FALSE
"September",165,92,FALSE,TRUE,FALSE,368.136531686745,370.476905610034,370.900391858058,373.76467467956,,,,,1.28484492025867,1.27666518143825,1.28721397023146,1.27954403165243,0.171029457460729,0.200612633950191,0.222631731978812,0.243675615181404,0.706383930551939,0.711251723338222,0.683247519258371,0.691403553339872,3.54412803258226,3.39159341119946,2.82215985545428,2.78208495205856,FALSE,FALSE,FALSE,FALSE
"September",166,92,FALSE,TRUE,FALSE,362.928056798668,365.842392187703,362.030547709767,365.897520123662,,,,,1.2345212842111,1.22622352686881,1.24270569007424,1.24090693503187,0.160553115388956,0.168991902603235,0.344164556463957,0.347539184051865,0.761173219924092,0.765324877976163,0.733072784697679,0.735872332963033,4.49105000561386,4.47782604437602,2.60895006552894,2.62562222109649,FALSE,FALSE,FALSE,FALSE
"September",167,92,FALSE,TRUE,FALSE,388.130651127917,391.42692006436,386.854215823482,390.148434160833,,,,,1.52211604037191,1.51253828446583,1.53548584519546,1.5582255280301,0.144146743403269,0.160809300409921,0.302726948549212,0.330564450163458,0.604744722282248,0.619472322567754,0.562604103936498,0.539129705751,3.08485342974764,3.15312211967814,1.57288740514513,1.22359306171571,FALSE,FALSE,FALSE,FALSE
"September",168,92,FALSE,TRUE,FALSE,394.231866609549,397.872879787413,396.067475773848,400.043074411381,,,,,1.54872778790158,1.55286190553776,1.55988813205988,1.56305194793057,0.113969680720587,0.118997020799531,0.280844478857578,0.281160388468303,0.677570070849346,0.665728757100648,0.663010423361776,0.657475556767714,4.77991512218551,4.49155821340547,3.12117706496459,3.03403366192154,FALSE,FALSE,FALSE,FALSE
"September",169,92,FALSE,TRUE,FALSE,355.19964418536,358.250631269512,353.79476736771,356.351990084646,,,,,1.20369848809742,1.20687312209453,1.20992169563082,1.2288424882969,0.204435087248137,0.225074581938814,0.385999749727213,0.412959993282907,0.730625277716262,0.721545058191142,0.713009208395357,0.683611691446038,3.32069119017103,3.04032798976379,1.92918378129692,1.4805916484217,FALSE,FALSE,FALSE,FALSE
"September",170,92,FALSE,TRUE,FALSE,363.568411239048,363.731699606982,365.587143650887,366.828370991412,,,,,1.23113971889222,1.18679339690346,1.2393766639391,1.19667831009057,0.114259022548784,0.134927205753931,0.290998976017133,0.292561532059693,0.772314779010339,0.808219952865167,0.766563402681487,0.804102124082398,5.13359810445473,5.81148921189949,3.64441389503619,4.37482742090828,FALSE,FALSE,FALSE,FALSE
"September",171,92,FALSE,TRUE,FALSE,379.149835850177,380.606554767951,379.471732782798,381.901503431634,,,,,1.41836511848874,1.40730488250325,1.42558734468779,1.42094575498934,0.0915207606236101,0.160809065071525,0.259344148464368,0.302984161032303,0.628901582486708,0.641627793251889,0.612200781153937,0.622925955634826,3.36285808803494,3.06169936432945,2.10889132781086,1.94986925843623,FALSE,FALSE,FALSE,FALSE
"September",172,92,FALSE,TRUE,FALSE,390.458388244901,390.813225882747,392.295272782016,392.695889668266,,,,,1.50468783780546,1.50490887192901,1.5190092692924,1.52688898918104,0.129114743086614,0.195842312391184,0.264625135415368,0.32213785304577,0.642778880212058,0.620094406925017,0.623919298637027,0.598914795187298,3.766272257745,2.90738321467668,2.52331794703596,1.82377042710558,FALSE,FALSE,FALSE,FALSE
"September",173,92,FALSE,TRUE,FALSE,367.008541571032,370.540300770606,369.692961291481,372.8340501824,,,,,1.32700466613771,1.33077846172596,1.34233764262726,1.36456688328673,0.175600201547282,0.19694786475289,0.319138135080113,0.37167841474107,0.677821829030218,0.672990806901158,0.670543688098986,0.652132808190042,3.1682899286713,2.97063661141887,2.19638042917132,1.70157253325636,FALSE,FALSE,FALSE,FALSE
"September",174,92,FALSE,FALSE,FALSE,353.343661683555,356.257703826515,355.240669412329,358.216356296623,,,,,1.20669704857632,1.20627668459559,1.20734004295661,1.20616061902898,0.163323422259876,0.193073889775569,0.173807914483684,0.199004208752822,0.71324029811712,0.710664865214034,0.71428621916925,0.712494370704562,3.24370564480004,3.01928137614618,3.20219675245265,3.01373537843732,FALSE,FALSE,FALSE,FALSE
"September",175,92,FALSE,TRUE,FALSE,351.119333344778,352.214782717394,353.070789121016,355.697903158796,,,,,1.17387080033062,1.16895561608012,1.17429314531992,1.16477054219807,0.256841543158211,0.323259476257609,0.375168627276056,0.389265234258773,0.763920307551761,0.763549084613129,0.76240244174547,0.768976120710616,3.46003666088214,2.96651684491441,2.61304091756981,2.59308750181092,FALSE,FALSE,FALSE,FALSE
"September",176,92,FALSE,TRUE,FALSE,348.199717697747,351.646061637526,348.442836355586,352.34614899222,,,,,1.13754832219001,1.13643378678133,1.13887208885744,1.13820551004273,0.154159833687387,0.173099866891972,0.27137351140692,0.271649820484277,0.748620788031278,0.750172701052849,0.721910740150103,0.722137362661243,3.60943655491377,3.51700841273185,2.45713433016682,2.45603362191979,FALSE,FALSE,FALSE,FALSE
"September",177,92,FALSE,TRUE,FALSE,359.723283873133,363.379455926862,360.330135771005,363.862995615913,,,,,1.22672787093818,1.23305962260209,1.23333532832574,1.24584794312865,0.235452351094846,0.241173014734429,0.329786533302498,0.345638795654315,0.709385746413139,0.697653579916833,0.682446876664728,0.666676909532641,2.90781457465603,2.7142868865435,1.97932409287378,1.74342507055438,FALSE,FALSE,FALSE,FALSE
"September",178,92,FALSE,TRUE,FALSE,372.811285793697,373.69468495772,375.565502170898,377.398205823831,,,,,1.36588905737622,1.33530623292517,1.37376474399498,1.34896647092482,0.167826976342456,0.231564731658769,0.266050459794975,0.290459665848795,0.654400045849009,0.694178972856034,0.641217015195593,0.667745999998927,3.03945213428477,3.12611082150514,2.26691818649243,2.37872328687918,FALSE,FALSE,FALSE,FALSE
"September",179,92,FALSE,TRUE,FALSE,358.605642521314,361.960297848238,358.520879942453,362.455770286398,,,,,1.20990637202358,1.19702305088194,1.21706886470597,1.20984884498979,0.143225454539404,0.150603501589644,0.325386223569029,0.32278882798095,0.74770399462444,0.765210218091596,0.727802516719577,0.738051908812505,4.10665253402241,4.39799137287832,2.54033427787011,2.69586375304887,FALSE,FALSE,FALSE,FALSE
"September",180,92,FALSE,TRUE,FALSE,354.343435400775,356.18735395108,354.760519283978,357.40615689646,,,,,1.18124021341772,1.17549882408472,1.18629206488854,1.18469450194085,0.166642403921115,0.241730126883056,0.313237230852018,0.366790012632506,0.72495663198573,0.736284123880907,0.708641040564778,0.720379943351187,3.34280040221,3.05324017084667,2.2332072793342,2.07144416371237,FALSE,FALSE,FALSE,FALSE
"September",181,92,FALSE,TRUE,FALSE,373.018127731982,376.034961275481,372.738281314099,375.342555972606,,,,,1.34034363104235,1.34168104683136,1.34237693673372,1.34597664108822,0.162817392691394,0.185602799229659,0.306167102477596,0.333643833844528,0.675457457812445,0.669822766059345,0.659261023304849,0.652152903071854,3.32503271077107,3.08751896677529,2.16289500299318,1.91411137903662,FALSE,FALSE,FALSE,FALSE
"September",182,92,FALSE,TRUE,FALSE,352.774479514409,355.707750178631,353.494221762695,356.871481266951,,,,,1.15799491082608,1.15655165224456,1.16045861534542,1.1630121971204,0.193642517188241,0.211171384408285,0.285280228002202,0.29125377333662,0.772298708469855,0.768741972986381,0.742559799518687,0.733932655832071,4.02599602981898,3.80614080850997,2.80406510381649,2.63387641655064,FALSE,FALSE,FALSE,FALSE
"September",183,92,FALSE,TRUE,FALSE,372.295031472838,374.860418327861,374.621309589226,377.184211875781,,,,,1.37333373736486,1.37342148543358,1.37693331503431,1.38856527240453,0.18661449855011,0.220751411891485,0.277110002076729,0.297783832727745,0.683782381900292,0.676027219627775,0.661833948801638,0.630329179648275,3.38883370417735,3.02400418189638,2.45156257814079,1.96211082493886,FALSE,FALSE,FALSE,FALSE
"September",184,92,FALSE,TRUE,FALSE,373.745304721029,377.575029461442,375.699066995142,379.615560659262,,,,,1.33591330214014,1.33781785187718,1.33713686864668,1.3397358534462,0.225573491676151,0.227989000768946,0.310284150144917,0.318242506345553,0.736238027054128,0.732269846304428,0.72168213067834,0.720208219670776,4.05074711707406,3.94944553351959,3.07696618050072,2.99986815059808,FALSE,FALSE,FALSE,FALSE
"September",185,92,FALSE,TRUE,FALSE,373.42239045946,377.041530626442,376.166533321864,379.557600403484,,,,,1.3636138624937,1.36929415944969,1.37067355086005,1.38324209935099,0.17454877276926,0.190263658732996,0.277998309566045,0.299001160161485,0.660105046582022,0.651278857195942,0.651770620149011,0.634319044391352,3.08433958100943,2.87310883435307,2.32546902464266,2.01469306087878,FALSE,FALSE,FALSE,FALSE
"September",186,92,FALSE,TRUE,FALSE,363.597809288166,366.488097104864,366.302761655408,369.54421635652,,,,,1.26039284204288,1.25679707730055,1.2623309255027,1.25872657609786,0.185769374259885,0.228574206172725,0.293771899603368,0.312905109878732,0.749092121999007,0.755778860490774,0.744473683952679,0.748891930515537,4.15978355160756,3.97384156310158,3.261748902932,3.19134644306036,FALSE,FALSE,FALSE,FALSE
"September",187,92,FALSE,TRUE,FALSE,385.454018464982,389.039450003739,388.404446476405,391.349534947526,,,,,1.50025144058744,1.50722828337366,1.51760421168619,1.55393060315282,0.118836849516339,0.125287350830015,0.185252433775058,0.217857064391757,0.582798696573464,0.566256949538282,0.539090104689033,0.482357476442912,2.86897502804912,2.6408129616292,2.00531893792648,1.3814391988763,FALSE,FALSE,FALSE,FALSE
"September",188,92,FALSE,TRUE,FALSE,372.708841643901,375.428297101323,376.175708130638,378.962555540915,,,,,1.34478117918964,1.32769729050954,1.35032723181485,1.33189112999104,0.209317642996227,0.250148019032719,0.229774389511343,0.260141488024468,0.68251470971033,0.711038266272566,0.651302312792886,0.680385114420556,3.15699383218207,3.29869191622008,2.567180251484,2.72288579499349,FALSE,FALSE,FALSE,FALSE
"September",189,92,FALSE,TRUE,TRUE,328.826953020855,331.267583202261,332.665114400085,335.620450400631,,,,,0.958373589544103,0.940031874337796,0.959712823829165,0.94188513866354,0.227190212461582,0.217160506466744,0.317561782822864,0.313155888709971,0.863141820545479,0.874971570311607,0.849319712527016,0.865311361905222,5.09968054025035,5.56279026641555,3.87005852403649,4.33894164095792,FALSE,FALSE,FALSE,FALSE
"September",190,92,FALSE,TRUE,FALSE,371.281674759169,374.941337080325,369.58733332171,372.7434263946,,,,,1.35985833229882,1.36715288094873,1.37152898591659,1.3982520821622,0.15432464972988,0.164370877948131,0.378060861476632,0.410808142196904,0.649607241649964,0.635296584016907,0.64284641790367,0.616805956851346,3.02391031156193,2.78590619149896,1.5845085552496,1.18139357358395,FALSE,FALSE,FALSE,FALSE
"September",191,92,FALSE,TRUE,FALSE,354.959601129843,357.205162201259,357.04422269377,359.6040676811,,,,,1.16595477894899,1.16077084967026,1.16958881569198,1.16731490681599,0.197611045077092,0.230215387687456,0.280828426902803,0.297155417263884,0.790638104834292,0.790325083547453,0.770667491999345,0.765298949504216,4.55421955999794,4.25207609090697,3.4354490504073,3.19069621799677,FALSE,FALSE,FALSE,FALSE
"September",192,92,FALSE,TRUE,FALSE,355.592660864549,357.03625658636,356.384723653176,356.943577099245,,,,,1.17402908900509,1.17392808074064,1.17785704160539,1.18627751770331,0.167011646300078,0.208386126225647,0.340964532138601,0.396599720027226,0.790942065179737,0.776566488370656,0.785113958823222,0.760790869601484,4.85531100910454,4.12230958882545,3.35672509914717,2.48771192770989,FALSE,FALSE,FALSE,FALSE
"September",193,92,FALSE,TRUE,FALSE,374.19291015962,374.510006953085,374.754379893174,375.037049608765,,,,,1.40037650814188,1.39571396821475,1.40986905614075,1.45768962063348,0.086184628333554,0.177826499146722,0.302290951566051,0.389154993949907,0.618857772493734,0.611102569271499,0.622649055027443,0.559094242440762,3.13696659896051,2.47112031612909,1.90800094011288,0.903985566046575,FALSE,FALSE,FALSE,FALSE
"September",194,92,FALSE,TRUE,FALSE,342.403290746792,345.820876941497,340.208681505798,344.199534942181,,,,,1.11226352641277,1.11074502101927,1.11430363608139,1.11371933935768,0.170991924041803,0.181651244255187,0.419032954554391,0.418602427682863,0.783040710163019,0.782062716943531,0.769967074303909,0.770679583224698,4.0510052196046,3.94409000665558,2.17664289572053,2.18849421626628,FALSE,FALSE,FALSE,FALSE
"September",195,92,FALSE,TRUE,FALSE,360.149346555051,363.452852707665,363.621358423,366.847796596933,,,,,1.25076992937622,1.24321911701125,1.25482559091271,1.25331183917214,0.141799977734827,0.144322220716789,0.242995423471412,0.253632903041418,0.691734783031844,0.698165092809688,0.69023285784984,0.687787161294881,3.24876021458764,3.30318958961658,2.63435522829175,2.52896042690298,FALSE,FALSE,FALSE,FALSE
"September",196,92,FALSE,TRUE,FALSE,375.910137701246,377.439465001216,373.897548705582,377.429676165399,,,,,1.39483031098925,1.38054743693088,1.4083267855811,1.40822339261549,0.138713902526619,0.194304254331761,0.349706992697761,0.360475680913842,0.636301689520717,0.651604661875973,0.610748781359016,0.612007002763553,3.06818764809411,2.88136122989796,1.50768184482243,1.45584693577633,FALSE,FALSE,FALSE,FALSE
"September",197,92,FALSE,TRUE,FALSE,388.034691224772,391.791912331893,388.193066266433,392.035712095664,,,,,1.42612296752903,1.41881474612107,1.42928073327295,1.4245208022274,0.156448752843837,0.151991601054382,0.327955543811048,0.330563960459035,0.724677520530911,0.731417818832478,0.718447625516195,0.724303285736646,4.94194237540846,5.11782299881629,3.30380041396306,3.38203985560413,FALSE,FALSE,FALSE,FALSE
"September",198,92,FALSE,TRUE,FALSE,397.152681715803,401.013807120743,399.348936971702,403.348856014435,,,,,1.5732898344817,1.56911016250185,1.59231756031191,1.59250671836126,0.158213070148218,0.150928613159408,0.310749795892941,0.31090752200202,0.630553412960735,0.6323990946925,0.625206545058353,0.625024913730085,3.65145296414513,3.72304792991107,2.42715711675298,2.42382952311046,FALSE,FALSE,FALSE,FALSE
"September",199,92,FALSE,TRUE,FALSE,346.190163655102,350.091860680889,345.992104678077,349.8763666232,,,,,1.09344399856,1.09292370335013,1.09910699415253,1.09988332767883,0.162786307446026,0.163113786840289,0.359662787418202,0.363251801302566,0.793719273093285,0.793696041388683,0.783390117965537,0.782398834000595,4.34582141776638,4.3387384839791,2.7849600902764,2.74526278524183,FALSE,FALSE,FALSE,FALSE
"September",200,92,FALSE,TRUE,FALSE,386.403011475497,388.234725642168,386.999578708717,385.000624035546,,,,,1.43731250483854,1.44546066905382,1.44906664960552,1.48799677582,0.111835768220625,0.16489344974834,0.265528343980186,0.431598502200268,0.673733850353202,0.652425348204393,0.650888390986161,0.627523604879136,4.16847056678693,3.41562080000605,2.68298793641196,1.31462929594416,FALSE,FALSE,FALSE,FALSE
