"Season","Rep","Comparison","Smaller_Model","Larger_Model","Delta_AIC","Chisq","P_Value"
"Pre-growing season",1,"Storm_Agricultural","Storm","Agricultural",3.10621505415992,9.10621505415992,0.0279115291738901
"Pre-growing season",1,"Storm_Site","Storm","Site",1.7047648694604,9.7047648694604,0.0457056387448474
"Pre-growing season",1,"Agricultural_Full","Agricultural","Full",0.781894750394372,8.78189475039437,0.066788375010125
"Pre-growing season",1,"Site_Full","Site","Full",2.18334493509388,8.18334493509388,0.0423706616341176
"Pre-growing season",2,"Storm_Agricultural","Storm","Agricultural",-3.40533187967293,2.59466812032707,0.458425061105412
"Pre-growing season",2,"Storm_Site","Storm","Site",-2.44760109298954,5.55239890701046,0.235161824896728
"Pre-growing season",2,"Agricultural_Full","Agricultural","Full",-2.05678969686397,5.94321030313603,0.203429693904835
"Pre-growing season",2,"Site_Full","Site","Full",-3.01452048354736,2.98547951645264,0.393869371579
"Pre-growing season",3,"Storm_Agricultural","Storm","Agricultural",-0.672026669371064,5.32797333062894,0.149297508266697
"Pre-growing season",3,"Storm_Site","Storm","Site",8.67484635773917,16.6748463577392,0.00223527088793169
"Pre-growing season",3,"Agricultural_Full","Agricultural","Full",9.81355402464936,17.8135540246494,0.00134204871246827
"Pre-growing season",3,"Site_Full","Site","Full",0.466680997539129,6.46668099753913,0.0909858253520509
"Pre-growing season",4,"Storm_Agricultural","Storm","Agricultural",-0.774444527057653,5.22555547294235,0.156006581559921
"Pre-growing season",4,"Storm_Site","Storm","Site",20.2350499181507,28.2350499181507,1.11768006896547e-05
"Pre-growing season",4,"Agricultural_Full","Agricultural","Full",26.4638966063063,34.4638966063063,5.98539780764548e-07
"Pre-growing season",4,"Site_Full","Site","Full",5.45440216109796,11.454402161098,0.00950619518744902
"Pre-growing season",5,"Storm_Agricultural","Storm","Agricultural",-4.56772163784939,1.43227836215061,0.697986251088988
"Pre-growing season",5,"Storm_Site","Storm","Site",13.7473358334461,21.7473358334461,0.000225014717108394
"Pre-growing season",5,"Agricultural_Full","Agricultural","Full",17.1839947066611,25.1839947066611,4.62006743490415e-05
"Pre-growing season",5,"Site_Full","Site","Full",-1.13106276463441,4.86893723536559,0.181649642369011
"Pre-growing season",6,"Storm_Agricultural","Storm","Agricultural",0.508657850736085,6.50865785073609,0.0893216843946198
"Pre-growing season",6,"Storm_Site","Storm","Site",2.49219450918031,10.4921945091803,0.032904678583004
"Pre-growing season",6,"Agricultural_Full","Agricultural","Full",1.58642006497746,9.58642006497746,0.0480014776210646
"Pre-growing season",6,"Site_Full","Site","Full",-0.397116593466762,5.60288340653324,0.132612922690757
"Pre-growing season",7,"Storm_Agricultural","Storm","Agricultural",0.88684805830195,6.88684805830195,0.0755931055342543
"Pre-growing season",7,"Storm_Site","Storm","Site",10.4175825580222,18.4175825580222,0.00102246179010531
"Pre-growing season",7,"Agricultural_Full","Agricultural","Full",12.2321695264229,20.2321695264229,0.000449357566144182
"Pre-growing season",7,"Site_Full","Site","Full",2.70143502670271,8.70143502670271,0.0335354810356118
"Pre-growing season",8,"Storm_Agricultural","Storm","Agricultural",-5.68242065282573,0.317579347174274,0.956689075675719
"Pre-growing season",8,"Storm_Site","Storm","Site",11.482384255437,19.482384255437,0.000631693628780731
"Pre-growing season",8,"Agricultural_Full","Agricultural","Full",14.4756517583172,22.4756517583172,0.000161130777176266
"Pre-growing season",8,"Site_Full","Site","Full",-2.68915314994547,3.31084685005453,0.346135816192655
"Pre-growing season",9,"Storm_Agricultural","Storm","Agricultural",6.57367032297003,12.57367032297,0.00565543035146889
"Pre-growing season",9,"Storm_Site","Storm","Site",1.65195003857474,9.65195003857474,0.0467169302186384
"Pre-growing season",9,"Agricultural_Full","Agricultural","Full",1.40235855867581,9.40235855867581,0.0517926912731491
"Pre-growing season",9,"Site_Full","Site","Full",6.32407884307111,12.3240788430711,0.00635157709504708
"Pre-growing season",10,"Storm_Agricultural","Storm","Agricultural",-2.06396171321154,3.93603828678846,0.268454185506119
"Pre-growing season",10,"Storm_Site","Storm","Site",0.781937593873067,8.78193759387307,0.0667872096902457
"Pre-growing season",10,"Agricultural_Full","Agricultural","Full",1.75202867700324,9.75202867700324,0.0448184389733452
"Pre-growing season",10,"Site_Full","Site","Full",-1.09387063008137,4.90612936991863,0.178801280925896
"Pre-growing season",11,"Storm_Agricultural","Storm","Agricultural",0.603435937498546,6.60343593749855,0.0856712980678768
"Pre-growing season",11,"Storm_Site","Storm","Site",3.31016616655029,11.3101661665503,0.0232906765358537
"Pre-growing season",11,"Agricultural_Full","Agricultural","Full",1.81888684210753,9.81888684210753,0.0435915580594011
"Pre-growing season",11,"Site_Full","Site","Full",-0.887843386944212,5.11215661305579,0.163766311905206
"Pre-growing season",12,"Storm_Agricultural","Storm","Agricultural",-1.66080482586472,4.33919517413528,0.227090063018018
"Pre-growing season",12,"Storm_Site","Storm","Site",9.52550834002079,17.5255083400208,0.00152741331236757
"Pre-growing season",12,"Agricultural_Full","Agricultural","Full",11.0848253323224,19.0848253323224,0.000756350062339174
"Pre-growing season",12,"Site_Full","Site","Full",-0.101487833563112,5.89851216643689,0.116653590658636
"Pre-growing season",13,"Storm_Agricultural","Storm","Agricultural",-0.0950242397618695,5.90497576023813,0.116326003397588
"Pre-growing season",13,"Storm_Site","Storm","Site",2.36001896333931,10.3600189633393,0.0347808032222648
"Pre-growing season",13,"Agricultural_Full","Agricultural","Full",13.0249579236644,21.0249579236644,0.000313081384241082
"Pre-growing season",13,"Site_Full","Site","Full",10.5699147205632,16.5699147205632,0.00086627572724869
"Pre-growing season",14,"Storm_Agricultural","Storm","Agricultural",-5.51605033969764,0.483949660302358,0.922403184139848
"Pre-growing season",14,"Storm_Site","Storm","Site",13.8396479725569,21.8396479725569,0.000215700197056509
"Pre-growing season",14,"Agricultural_Full","Agricultural","Full",14.5467421105953,22.5467421105953,0.000155955617456768
"Pre-growing season",14,"Site_Full","Site","Full",-4.80895620165927,1.19104379834073,0.755153170645233
"Pre-growing season",15,"Storm_Agricultural","Storm","Agricultural",-3.59679229469032,2.40320770530968,0.493037788700521
"Pre-growing season",15,"Storm_Site","Storm","Site",5.17168147228443,13.1716814722844,0.0104666916526751
"Pre-growing season",15,"Agricultural_Full","Agricultural","Full",7.71835318415759,15.7183531841576,0.00342134076832659
"Pre-growing season",15,"Site_Full","Site","Full",-1.05012058281716,4.94987941718284,0.175504224601887
"Pre-growing season",16,"Storm_Agricultural","Storm","Agricultural",-4.89864077968514,1.10135922031486,0.776745972585118
"Pre-growing season",16,"Storm_Site","Storm","Site",-0.759997677675358,7.24000232232464,0.12373585281753
"Pre-growing season",16,"Agricultural_Full","Agricultural","Full",0.313997318522638,8.31399731852264,0.0807300905305477
"Pre-growing season",16,"Site_Full","Site","Full",-3.82464578348714,2.17535421651286,0.536819122109007
"Pre-growing season",17,"Storm_Agricultural","Storm","Agricultural",0.712327356632898,6.7123273566329,0.0816546161119523
"Pre-growing season",17,"Storm_Site","Storm","Site",3.94995588056923,11.9499558805692,0.017727312045545
"Pre-growing season",17,"Agricultural_Full","Agricultural","Full",5.01036188455936,13.0103618845594,0.0112252747625502
"Pre-growing season",17,"Site_Full","Site","Full",1.77273336062302,7.77273336062302,0.0509497172213505
"Pre-growing season",18,"Storm_Agricultural","Storm","Agricultural",-1.19594655078379,4.80405344921621,0.18672060456328
"Pre-growing season",18,"Storm_Site","Storm","Site",2.30835714421573,10.3083571442157,0.0355417478244311
"Pre-growing season",18,"Agricultural_Full","Agricultural","Full",5.8009113942274,13.8009113942274,0.00795833671688368
"Pre-growing season",18,"Site_Full","Site","Full",2.29660769922788,8.29660769922788,0.0402634159473315
"Pre-growing season",19,"Storm_Agricultural","Storm","Agricultural",-4.14165707572494,1.85834292427506,0.602321892393528
"Pre-growing season",19,"Storm_Site","Storm","Site",8.79612614450599,16.796126144506,0.00211741460524496
"Pre-growing season",19,"Agricultural_Full","Agricultural","Full",9.18441218913267,17.1844121891327,0.0017797983795972
"Pre-growing season",19,"Site_Full","Site","Full",-3.75337103109825,2.24662896890175,0.522822407901457
"Pre-growing season",20,"Storm_Agricultural","Storm","Agricultural",0.831479861238222,6.83147986123822,0.077467526100707
"Pre-growing season",20,"Storm_Site","Storm","Site",0.217658720524241,8.21765872052424,0.0839227060097535
"Pre-growing season",20,"Agricultural_Full","Agricultural","Full",2.05807868856169,10.0580786885617,0.039460636077889
"Pre-growing season",20,"Site_Full","Site","Full",2.67189982927567,8.67189982927567,0.0339867065635983
"Pre-growing season",21,"Storm_Agricultural","Storm","Agricultural",-0.551219618318669,5.44878038168133,0.141734415903773
"Pre-growing season",21,"Storm_Site","Storm","Site",12.4914031727192,20.4914031727192,0.000399332716772617
"Pre-growing season",21,"Agricultural_Full","Agricultural","Full",15.9370772980605,23.9370772980605,8.22281934520016e-05
"Pre-growing season",21,"Site_Full","Site","Full",2.89445450702266,8.89445450702266,0.030727588813273
"Pre-growing season",22,"Storm_Agricultural","Storm","Agricultural",-4.70304689442776,1.29695310557224,0.729856718462075
"Pre-growing season",22,"Storm_Site","Storm","Site",0.976463489380535,8.97646348938054,0.0616904816856284
"Pre-growing season",22,"Agricultural_Full","Agricultural","Full",0.338474805968531,8.33847480596853,0.0799373377303141
"Pre-growing season",22,"Site_Full","Site","Full",-5.34103557783976,0.658964422160238,0.882810791474992
"Pre-growing season",23,"Storm_Agricultural","Storm","Agricultural",-1.91761161475716,4.08238838524284,0.25270400345546
"Pre-growing season",23,"Storm_Site","Storm","Site",12.4268452129282,20.4268452129282,0.000411249242133976
"Pre-growing season",23,"Agricultural_Full","Agricultural","Full",10.8845779229913,18.8845779229913,0.000828059824905847
"Pre-growing season",23,"Site_Full","Site","Full",-3.45987890469411,2.54012109530589,0.468083917837104
"Pre-growing season",24,"Storm_Agricultural","Storm","Agricultural",3.3140691771797,9.3140691771797,0.0253938776710934
"Pre-growing season",24,"Storm_Site","Storm","Site",4.95618638667321,12.9561863866732,0.0114918710988679
"Pre-growing season",24,"Agricultural_Full","Agricultural","Full",10.5094663922115,18.5094663922115,0.000980945336791148
"Pre-growing season",24,"Site_Full","Site","Full",8.86734918271799,14.867349182718,0.00193358966581761
"Pre-growing season",25,"Storm_Agricultural","Storm","Agricultural",2.04238358796346,8.04238358796346,0.0451438379558553
"Pre-growing season",25,"Storm_Site","Storm","Site",2.70259546400234,10.7025954640023,0.0301178104555258
"Pre-growing season",25,"Agricultural_Full","Agricultural","Full",8.19051136840022,16.1905113684002,0.00277389513666995
"Pre-growing season",25,"Site_Full","Site","Full",7.53029949236134,13.5302994923613,0.0036194923140312
"Pre-growing season",26,"Storm_Agricultural","Storm","Agricultural",-3.98571819304033,2.01428180695967,0.569447759965891
"Pre-growing season",26,"Storm_Site","Storm","Site",15.0123755890816,23.0123755890816,0.000125907348715568
"Pre-growing season",26,"Agricultural_Full","Agricultural","Full",17.3065483018271,25.3065483018271,4.36505448500763e-05
"Pre-growing season",26,"Site_Full","Site","Full",-1.69154548029479,4.30845451970521,0.230025364096656
"Pre-growing season",27,"Storm_Agricultural","Storm","Agricultural",1.88821392681297,7.88821392681297,0.0483793736703555
"Pre-growing season",27,"Storm_Site","Storm","Site",4.81994700290704,12.819947002907,0.0121899109802277
"Pre-growing season",27,"Agricultural_Full","Agricultural","Full",15.2314798808699,23.2314798808699,0.000113831109411742
"Pre-growing season",27,"Site_Full","Site","Full",12.2997468047759,18.2997468047759,0.000381469278842854
"Pre-growing season",28,"Storm_Agricultural","Storm","Agricultural",-2.91437372276039,3.08562627723961,0.378610778516822
"Pre-growing season",28,"Storm_Site","Storm","Site",3.68521307329826,11.6852130732983,0.0198522524448397
"Pre-growing season",28,"Agricultural_Full","Agricultural","Full",5.66647594320847,13.6664759432085,0.00843924851340881
"Pre-growing season",28,"Site_Full","Site","Full",-0.933110852850177,5.06688914714982,0.166964206925548
"Pre-growing season",29,"Storm_Agricultural","Storm","Agricultural",-3.04313639332821,2.95686360667179,0.398323888087305
"Pre-growing season",29,"Storm_Site","Storm","Site",7.21319808954973,15.2131980895497,0.0042788551008453
"Pre-growing season",29,"Agricultural_Full","Agricultural","Full",9.48287536623661,17.4828753662366,0.00155691501478754
"Pre-growing season",29,"Site_Full","Site","Full",-0.773459116641334,5.22654088335867,0.1559406957364
"Pre-growing season",30,"Storm_Agricultural","Storm","Agricultural",5.93212031997336,11.9321203199734,0.00761934191444754
"Pre-growing season",30,"Storm_Site","Storm","Site",-5.25615877160561,2.74384122839439,0.601565050971954
"Pre-growing season",30,"Agricultural_Full","Agricultural","Full",-1.28171707613529,6.71828292386471,0.151545959596934
"Pre-growing season",30,"Site_Full","Site","Full",9.90656201544368,15.9065620154437,0.0011851150170411
"Pre-growing season",31,"Storm_Agricultural","Storm","Agricultural",17.6520625469971,23.6520625469971,2.95265149982947e-05
"Pre-growing season",31,"Storm_Site","Storm","Site",1.85501750127418,9.85501750127418,0.04294200754039
"Pre-growing season",31,"Agricultural_Full","Agricultural","Full",7.28919173886709,15.2891917388671,0.00413750843872826
"Pre-growing season",31,"Site_Full","Site","Full",23.08623678459,29.08623678459,2.1479076344365e-06
"Pre-growing season",32,"Storm_Agricultural","Storm","Agricultural",-1.79264976440794,4.20735023559206,0.239927016834673
"Pre-growing season",32,"Storm_Site","Storm","Site",2.78634509813497,10.786345098135,0.02907310039584
"Pre-growing season",32,"Agricultural_Full","Agricultural","Full",5.19618849578461,13.1961884957846,0.0103559215866511
"Pre-growing season",32,"Site_Full","Site","Full",0.617193633241698,6.6171936332417,0.0851535055182638
"Pre-growing season",33,"Storm_Agricultural","Storm","Agricultural",-1.48195616947436,4.51804383052564,0.21068645468523
"Pre-growing season",33,"Storm_Site","Storm","Site",9.05417039482035,17.0541703948203,0.00188666156030061
"Pre-growing season",33,"Agricultural_Full","Agricultural","Full",15.1641631029547,23.1641631029547,0.000117413595920711
"Pre-growing season",33,"Site_Full","Site","Full",4.62803653866001,10.62803653866,0.0139170367638384
"Pre-growing season",34,"Storm_Agricultural","Storm","Agricultural",-0.522046317821719,5.47795368217828,0.139963193672599
"Pre-growing season",34,"Storm_Site","Storm","Site",-0.686084083306753,7.31391591669325,0.120200328731594
"Pre-growing season",34,"Agricultural_Full","Agricultural","Full",0.582255738412584,8.58225573841258,0.0724327714060933
"Pre-growing season",34,"Site_Full","Site","Full",0.746293503897618,6.74629350389762,0.0804392867373086
"Pre-growing season",35,"Storm_Agricultural","Storm","Agricultural",-3.02411490144192,2.97588509855808,0.395358183001968
"Pre-growing season",35,"Storm_Site","Storm","Site",1.72376169603058,9.72376169603058,0.0453470419305757
"Pre-growing season",35,"Agricultural_Full","Agricultural","Full",3.775574008239,11.775574008239,0.0191005688773418
"Pre-growing season",35,"Site_Full","Site","Full",-0.972302589233493,5.02769741076651,0.16978020241001
"Pre-growing season",36,"Storm_Agricultural","Storm","Agricultural",8.20024514453337,14.2002451445334,0.00264487592812764
"Pre-growing season",36,"Storm_Site","Storm","Site",3.67638225799982,11.6763822579998,0.0199272350556417
"Pre-growing season",36,"Agricultural_Full","Agricultural","Full",4.99616979098641,12.9961697909864,0.0112945241995286
"Pre-growing season",36,"Site_Full","Site","Full",9.52003267751996,15.52003267752,0.00142209626668916
"Pre-growing season",37,"Storm_Agricultural","Storm","Agricultural",3.13173781396392,9.13173781396392,0.0275896799708825
"Pre-growing season",37,"Storm_Site","Storm","Site",4.29859468460228,12.2985946846023,0.0152636168791372
"Pre-growing season",37,"Agricultural_Full","Agricultural","Full",6.75932041189861,14.7593204118986,0.00522733944590883
"Pre-growing season",37,"Site_Full","Site","Full",5.59246354126026,11.5924635412603,0.00891794486214058
"Pre-growing season",38,"Storm_Agricultural","Storm","Agricultural",4.2467617023824,10.2467617023824,0.0165809333893429
"Pre-growing season",38,"Storm_Site","Storm","Site",3.81700864264172,11.8170086426417,0.0187652005632029
"Pre-growing season",38,"Agricultural_Full","Agricultural","Full",5.15874724379341,13.1587472437934,0.0105256192894641
"Pre-growing season",38,"Site_Full","Site","Full",5.58850030353409,11.5885003035341,0.00893431942910506
"Pre-growing season",39,"Storm_Agricultural","Storm","Agricultural",1.87734741345167,7.87734741345167,0.0486157567150178
"Pre-growing season",39,"Storm_Site","Storm","Site",13.1862258533947,21.1862258533947,0.000290850340146143
"Pre-growing season",39,"Agricultural_Full","Agricultural","Full",14.2596611089918,22.2596611089918,0.000177922445729692
"Pre-growing season",39,"Site_Full","Site","Full",2.95078266904881,8.95078266904881,0.0299524655732499
"Pre-growing season",40,"Storm_Agricultural","Storm","Agricultural",6.66889260995504,12.668892609955,0.00541020903856131
"Pre-growing season",40,"Storm_Site","Storm","Site",8.21013482068395,16.2101348206839,0.00274977471211204
"Pre-growing season",40,"Agricultural_Full","Agricultural","Full",12.1876858988723,20.1876858988723,0.000458544743535969
"Pre-growing season",40,"Site_Full","Site","Full",10.6464436881434,16.6464436881434,0.000835479334603275
"Pre-growing season",41,"Storm_Agricultural","Storm","Agricultural",0.326123745611028,6.32612374561103,0.0967778356684964
"Pre-growing season",41,"Storm_Site","Storm","Site",15.9528874379881,23.9528874379881,8.1630464447905e-05
"Pre-growing season",41,"Agricultural_Full","Agricultural","Full",14.8446331382663,22.8446331382663,0.000136004580755937
"Pre-growing season",41,"Site_Full","Site","Full",-0.782130554110779,5.21786944588922,0.156521381102833
"Pre-growing season",42,"Storm_Agricultural","Storm","Agricultural",2.43454952583278,8.43454952583278,0.037834815983417
"Pre-growing season",42,"Storm_Site","Storm","Site",13.0876192712054,21.0876192712054,0.000304250158665541
"Pre-growing season",42,"Agricultural_Full","Agricultural","Full",17.8811112032209,25.8811112032209,3.34401481167531e-05
"Pre-growing season",42,"Site_Full","Site","Full",7.22804145784829,13.2280414578483,0.00416852943375352
"Pre-growing season",43,"Storm_Agricultural","Storm","Agricultural",2.68775529025726,8.68775529025726,0.0337437409902378
"Pre-growing season",43,"Storm_Site","Storm","Site",12.0314441148942,20.0314441148942,0.000492311689337352
"Pre-growing season",43,"Agricultural_Full","Agricultural","Full",10.5949644749656,18.5949644749656,0.000943812707013189
"Pre-growing season",43,"Site_Full","Site","Full",1.25127565032864,7.25127565032864,0.0643057137580078
"Pre-growing season",44,"Storm_Agricultural","Storm","Agricultural",-3.2541752980618,2.7458247019382,0.432495952414298
"Pre-growing season",44,"Storm_Site","Storm","Site",7.72487206911177,15.7248720691118,0.00341146193280398
"Pre-growing season",44,"Agricultural_Full","Agricultural","Full",12.4367968215451,20.4367968215451,0.000409389609450242
"Pre-growing season",44,"Site_Full","Site","Full",1.45774945437154,7.45774945437154,0.0586540450420042
"Pre-growing season",45,"Storm_Agricultural","Storm","Agricultural",1.14757779526303,7.14757779526303,0.0673397959460942
"Pre-growing season",45,"Storm_Site","Storm","Site",4.12218570757773,12.1221857075777,0.0164654172949855
"Pre-growing season",45,"Agricultural_Full","Agricultural","Full",6.23361782936252,14.2336178293625,0.00658558684997269
"Pre-growing season",45,"Site_Full","Site","Full",3.25900991704782,9.25900991704782,0.0260382420946205
"Pre-growing season",46,"Storm_Agricultural","Storm","Agricultural",-0.696190630726505,5.30380936927349,0.15085539780411
"Pre-growing season",46,"Storm_Site","Storm","Site",3.6713997870101,11.6713997870101,0.0199696625387567
"Pre-growing season",46,"Agricultural_Full","Agricultural","Full",4.93911984431384,12.9391198443138,0.0115771281617392
"Pre-growing season",46,"Site_Full","Site","Full",0.571529426577229,6.57152942657723,0.0868838449415787
"Pre-growing season",47,"Storm_Agricultural","Storm","Agricultural",-2.80567358391835,3.19432641608165,0.362623294094366
"Pre-growing season",47,"Storm_Site","Storm","Site",2.95011706411441,10.9501170641144,0.0271303870800035
"Pre-growing season",47,"Agricultural_Full","Agricultural","Full",4.98886942275902,12.988869422759,0.0113303081708485
"Pre-growing season",47,"Site_Full","Site","Full",-0.766921225273734,5.23307877472627,0.155504228095029
"Pre-growing season",48,"Storm_Agricultural","Storm","Agricultural",0.793143050095523,6.79314305009552,0.0787915725329861
"Pre-growing season",48,"Storm_Site","Storm","Site",0.659444538976459,8.65944453897646,0.0701988647519379
"Pre-growing season",48,"Agricultural_Full","Agricultural","Full",2.25530729095846,10.2553072909585,0.0363397994539847
"Pre-growing season",48,"Site_Full","Site","Full",2.38900580207752,8.38900580207752,0.0386204046395918
"Pre-growing season",49,"Storm_Agricultural","Storm","Agricultural",9.5109227088256,15.5109227088256,0.00142821507261171
"Pre-growing season",49,"Storm_Site","Storm","Site",2.44602110700072,10.4460211070007,0.033548713836287
"Pre-growing season",49,"Agricultural_Full","Agricultural","Full",0.705393211099306,8.70539321109931,0.0689002044787322
"Pre-growing season",49,"Site_Full","Site","Full",7.77029481292419,13.7702948129242,0.00323509486796634
"Pre-growing season",50,"Storm_Agricultural","Storm","Agricultural",-0.0349275937678613,5.96507240623214,0.113321948898082
"Pre-growing season",50,"Storm_Site","Storm","Site",0.949292072382775,8.94929207238278,0.0623795105871382
"Pre-growing season",50,"Agricultural_Full","Agricultural","Full",5.01745601961716,13.0174560196172,0.0111908149461111
"Pre-growing season",50,"Site_Full","Site","Full",4.03323635346652,10.0332363534665,0.018285716781246
"Pre-growing season",51,"Storm_Agricultural","Storm","Agricultural",3.41182213051104,9.41182213051104,0.0242881660109001
"Pre-growing season",51,"Storm_Site","Storm","Site",16.31438663265,24.31438663265,6.90814242837659e-05
"Pre-growing season",51,"Agricultural_Full","Agricultural","Full",17.0226368706146,25.0226368706146,4.9785304964602e-05
"Pre-growing season",51,"Site_Full","Site","Full",4.12007236847563,10.1200723684756,0.0175725724327336
"Pre-growing season",52,"Storm_Agricultural","Storm","Agricultural",5.37288999592397,11.372889995924,0.00987130835899925
"Pre-growing season",52,"Storm_Site","Storm","Site",10.5107376530418,18.5107376530418,0.000980382780599821
"Pre-growing season",52,"Agricultural_Full","Agricultural","Full",10.7930178667926,18.7930178667926,0.000863049195679626
"Pre-growing season",52,"Site_Full","Site","Full",5.65517020967485,11.6551702096748,0.00866277286940977
"Pre-growing season",53,"Storm_Agricultural","Storm","Agricultural",3.60838076904486,9.60838076904486,0.0222058887007105
"Pre-growing season",53,"Storm_Site","Storm","Site",3.60904285334692,11.6090428533469,0.0205081252078349
"Pre-growing season",53,"Agricultural_Full","Agricultural","Full",1.42669246250711,9.42669246250711,0.0512755448398363
"Pre-growing season",53,"Site_Full","Site","Full",1.42603037820504,7.42603037820504,0.0594898204719598
"Pre-growing season",54,"Storm_Agricultural","Storm","Agricultural",0.0458764106993499,6.04587641069935,0.109399445818466
"Pre-growing season",54,"Storm_Site","Storm","Site",-0.843939582145993,7.15606041785401,0.127867412890999
"Pre-growing season",54,"Agricultural_Full","Agricultural","Full",-0.141535450388574,7.85846454961143,0.0969025907546161
"Pre-growing season",54,"Site_Full","Site","Full",0.748280542456769,6.74828054245677,0.0803687319959199
"Pre-growing season",55,"Storm_Agricultural","Storm","Agricultural",3.87820885255968,9.87820885255968,0.0196302863973541
"Pre-growing season",55,"Storm_Site","Storm","Site",12.1391553164477,20.1391553164477,0.000468779961829347
"Pre-growing season",55,"Agricultural_Full","Agricultural","Full",19.3980414913984,27.3980414913984,1.65150269037703e-05
"Pre-growing season",55,"Site_Full","Site","Full",11.1370950275103,17.1370950275103,0.000662308248016409
"Pre-growing season",56,"Storm_Agricultural","Storm","Agricultural",-4.54617863367497,1.45382136632503,0.692968595069236
"Pre-growing season",56,"Storm_Site","Storm","Site",2.88444716804702,10.884447168047,0.0278938281892849
"Pre-growing season",56,"Agricultural_Full","Agricultural","Full",3.41263050179134,11.4126305017913,0.0222978371572729
"Pre-growing season",56,"Site_Full","Site","Full",-4.01799529993065,1.98200470006935,0.576150085183981
"Pre-growing season",57,"Storm_Agricultural","Storm","Agricultural",-2.59321651774354,3.40678348225646,0.333054745482558
"Pre-growing season",57,"Storm_Site","Storm","Site",1.93032816762752,9.93032816762752,0.0416177915823052
"Pre-growing season",57,"Agricultural_Full","Agricultural","Full",4.158387267124,12.158387267124,0.0162115127444543
"Pre-growing season",57,"Site_Full","Site","Full",-0.365157418247065,5.63484258175293,0.130792332983363
"Pre-growing season",58,"Storm_Agricultural","Storm","Agricultural",-0.825015828596179,5.17498417140382,0.159423303087458
"Pre-growing season",58,"Storm_Site","Storm","Site",4.84171246885143,12.8417124688514,0.0120756797331337
"Pre-growing season",58,"Agricultural_Full","Agricultural","Full",10.5712429539825,18.5712429539825,0.000953973628345754
"Pre-growing season",58,"Site_Full","Site","Full",4.9045146565349,10.9045146565349,0.0122535663618748
"Pre-growing season",59,"Storm_Agricultural","Storm","Agricultural",-0.840729471754116,5.15927052824588,0.160499234854177
"Pre-growing season",59,"Storm_Site","Storm","Site",2.50980754433778,10.5098075443378,0.0326621614752381
"Pre-growing season",59,"Agricultural_Full","Agricultural","Full",5.01874181445601,13.018741814456,0.0111845802542091
"Pre-growing season",59,"Site_Full","Site","Full",1.66820479836412,7.66820479836412,0.0533904718497962
"Pre-growing season",60,"Storm_Agricultural","Storm","Agricultural",-4.37563683462247,1.62436316537753,0.653878338959361
"Pre-growing season",60,"Storm_Site","Storm","Site",4.56630981291613,12.5663098129161,0.0136012881766576
"Pre-growing season",60,"Agricultural_Full","Agricultural","Full",6.55188161190455,14.5518816119045,0.00572685824121449
"Pre-growing season",60,"Site_Full","Site","Full",-2.39006503563405,3.60993496436595,0.306781323866709
"Pre-growing season",61,"Storm_Agricultural","Storm","Agricultural",1.05716181980222,7.05716181980222,0.0700979765866598
"Pre-growing season",61,"Storm_Site","Storm","Site",7.96800763100578,15.9680076310058,0.00306239443666115
"Pre-growing season",61,"Agricultural_Full","Agricultural","Full",11.8309257548482,19.8309257548482,0.0005392763116381
"Pre-growing season",61,"Site_Full","Site","Full",4.92007994364462,10.9200799436446,0.0121659770869322
"Pre-growing season",62,"Storm_Agricultural","Storm","Agricultural",-1.8786882811263,4.1213117188737,0.24865910458711
"Pre-growing season",62,"Storm_Site","Storm","Site",3.20605241732312,11.2060524173231,0.0243433115160291
"Pre-growing season",62,"Agricultural_Full","Agricultural","Full",4.81225034372028,12.8122503437203,0.0122305569813618
"Pre-growing season",62,"Site_Full","Site","Full",-0.272490354729143,5.72750964527086,0.125646841755622
"Pre-growing season",63,"Storm_Agricultural","Storm","Agricultural",-0.150061569025524,5.84993843097448,0.119143719295018
"Pre-growing season",63,"Storm_Site","Storm","Site",6.32725112417245,14.3272511241724,0.00632062500379726
"Pre-growing season",63,"Agricultural_Full","Agricultural","Full",10.1453339838662,18.1453339838662,0.00115593992856472
"Pre-growing season",63,"Site_Full","Site","Full",3.66802129066826,9.66802129066826,0.0216094671783947
"Pre-growing season",64,"Storm_Agricultural","Storm","Agricultural",-3.94938692069263,2.05061307930737,0.561968499974549
"Pre-growing season",64,"Storm_Site","Storm","Site",11.8100361781095,19.8100361781095,0.000544417016342549
"Pre-growing season",64,"Agricultural_Full","Agricultural","Full",14.0722027345096,22.0722027345096,0.000193895580913928
"Pre-growing season",64,"Site_Full","Site","Full",-1.6872203642925,4.3127796357075,0.229610277238154
"Pre-growing season",65,"Storm_Agricultural","Storm","Agricultural",5.62321295673701,11.623212956737,0.00879190263635263
"Pre-growing season",65,"Storm_Site","Storm","Site",1.5776367923757,9.5776367923757,0.048176197770683
"Pre-growing season",65,"Agricultural_Full","Agricultural","Full",7.44282969583088,15.4428296958309,0.00386561932692329
"Pre-growing season",65,"Site_Full","Site","Full",11.4884058601922,17.4884058601922,0.000560716015173406
"Pre-growing season",66,"Storm_Agricultural","Storm","Agricultural",-3.94682715000874,2.05317284999126,0.561444144778846
"Pre-growing season",66,"Storm_Site","Storm","Site",4.90259121670607,12.9025912167061,0.0117616894758216
"Pre-growing season",66,"Agricultural_Full","Agricultural","Full",7.6955542219211,15.6955542219211,0.0034561125659906
"Pre-growing season",66,"Site_Full","Site","Full",-1.15386414479372,4.84613585520628,0.183416818613857
"Pre-growing season",67,"Storm_Agricultural","Storm","Agricultural",-4.58372361898819,1.41627638101181,0.701723931516122
"Pre-growing season",67,"Storm_Site","Storm","Site",5.59221986734804,13.592219867348,0.00871695716578518
"Pre-growing season",67,"Agricultural_Full","Agricultural","Full",5.26876353758945,13.2687635375895,0.010034563386883
"Pre-growing season",67,"Site_Full","Site","Full",-4.90717994874677,1.09282005125323,0.778807628578494
"Pre-growing season",68,"Storm_Agricultural","Storm","Agricultural",-0.165517088108231,5.83448291189177,0.119946622181098
"Pre-growing season",68,"Storm_Site","Storm","Site",0.419987957433648,8.41998795743365,0.0773499553918274
"Pre-growing season",68,"Agricultural_Full","Agricultural","Full",1.929817587748,9.929817587748,0.0416266359790055
"Pre-growing season",68,"Site_Full","Site","Full",1.34431254220613,7.34431254220613,0.0616966006906738
"Pre-growing season",69,"Storm_Agricultural","Storm","Agricultural",-2.40328246850612,3.59671753149388,0.308433121766818
"Pre-growing season",69,"Storm_Site","Storm","Site",8.04413674308626,16.0441367430863,0.00296050696227573
"Pre-growing season",69,"Agricultural_Full","Agricultural","Full",9.88557501637587,17.8855750163759,0.00129928639336163
"Pre-growing season",69,"Site_Full","Site","Full",-0.561844195216509,5.43815580478349,0.142384733909859
"Pre-growing season",70,"Storm_Agricultural","Storm","Agricultural",0.296255823671743,6.29625582367174,0.098053439749872
"Pre-growing season",70,"Storm_Site","Storm","Site",1.54209016767157,9.54209016767157,0.0488895358596066
"Pre-growing season",70,"Agricultural_Full","Agricultural","Full",1.60555690456033,9.60555690456033,0.0476228969073564
"Pre-growing season",70,"Site_Full","Site","Full",0.359722560560499,6.3597225605605,0.0953619315076369
"Pre-growing season",71,"Storm_Agricultural","Storm","Agricultural",5.29365219802753,11.2936521980275,0.0102394837208886
"Pre-growing season",71,"Storm_Site","Storm","Site",0.143941425288801,8.1439414252888,0.0864454871689433
"Pre-growing season",71,"Agricultural_Full","Agricultural","Full",-2.16733647026876,5.83266352973124,0.211998448349657
"Pre-growing season",71,"Site_Full","Site","Full",2.98237430246996,8.98237430246996,0.0295261500005367
"Pre-growing season",72,"Storm_Agricultural","Storm","Agricultural",10.8717778512118,16.8717778512118,0.00075097686903821
"Pre-growing season",72,"Storm_Site","Storm","Site",7.98962562843519,15.9896256284352,0.00303311614568954
"Pre-growing season",72,"Agricultural_Full","Agricultural","Full",6.75065718270741,14.7506571827074,0.00524731752999612
"Pre-growing season",72,"Site_Full","Site","Full",9.63280940548401,15.632809405484,0.00134846937719398
"Pre-growing season",73,"Storm_Agricultural","Storm","Agricultural",6.77146515409243,12.7714651540924,0.00515781687177122
"Pre-growing season",73,"Storm_Site","Storm","Site",15.5060675842547,23.5060675842547,0.000100308050265619
"Pre-growing season",73,"Agricultural_Full","Agricultural","Full",14.8099013119767,22.8099013119767,0.000138193591818221
"Pre-growing season",73,"Site_Full","Site","Full",6.07529888181443,12.0752988818144,0.00712961945435324
"Pre-growing season",74,"Storm_Agricultural","Storm","Agricultural",-4.93141084929476,1.06858915070524,0.784661680431205
"Pre-growing season",74,"Storm_Site","Storm","Site",8.77588551888266,16.7758855188827,0.00213664897095577
"Pre-growing season",74,"Agricultural_Full","Agricultural","Full",11.0627219086448,19.0627219086448,0.000763953685962446
"Pre-growing season",74,"Site_Full","Site","Full",-2.64457445953263,3.35542554046737,0.340002641150808
"Pre-growing season",75,"Storm_Agricultural","Storm","Agricultural",5.51076205756647,11.5107620575665,0.00926157022827888
"Pre-growing season",75,"Storm_Site","Storm","Site",2.01111864771838,10.0111186477184,0.0402408057557142
"Pre-growing season",75,"Agricultural_Full","Agricultural","Full",0.798235315938769,8.79823531593877,0.0663453161062529
"Pre-growing season",75,"Site_Full","Site","Full",4.29787872578686,10.2978787257869,0.0161965954022004
"Pre-growing season",76,"Storm_Agricultural","Storm","Agricultural",6.2737153557166,12.2737153557166,0.00650199408909623
"Pre-growing season",76,"Storm_Site","Storm","Site",4.17637664315555,12.1763766431555,0.0160867626705192
"Pre-growing season",76,"Agricultural_Full","Agricultural","Full",6.94832847772233,14.9483284777223,0.00480959592658105
"Pre-growing season",76,"Site_Full","Site","Full",9.04566719028338,15.0456671902834,0.0017780361433759
"Pre-growing season",77,"Storm_Agricultural","Storm","Agricultural",-4.1719695642123,1.8280304357877,0.608854278389079
"Pre-growing season",77,"Storm_Site","Storm","Site",8.43319828197639,16.4331982819764,0.00248970007345089
"Pre-growing season",77,"Agricultural_Full","Agricultural","Full",9.81827027264882,17.8182702726488,0.0013392064209762
"Pre-growing season",77,"Site_Full","Site","Full",-2.78689757353987,3.21310242646013,0.359921433253133
"Pre-growing season",78,"Storm_Agricultural","Storm","Agricultural",-0.274262129320562,5.72573787067944,0.125743390653421
"Pre-growing season",78,"Storm_Site","Storm","Site",2.46907687195687,10.4690768719569,0.0332256242001426
"Pre-growing season",78,"Agricultural_Full","Agricultural","Full",6.90953363822825,14.9095336382283,0.00489257555300486
"Pre-growing season",78,"Site_Full","Site","Full",4.16619463695082,10.1661946369508,0.0172049847302341
"Pre-growing season",79,"Storm_Agricultural","Storm","Agricultural",3.78842307706753,9.78842307706753,0.0204529434855219
"Pre-growing season",79,"Storm_Site","Storm","Site",-0.180993483785187,7.81900651621481,0.0984377912883147
"Pre-growing season",79,"Agricultural_Full","Agricultural","Full",-0.709291806606018,7.29070819339398,0.121300238657067
"Pre-growing season",79,"Site_Full","Site","Full",3.2601247542467,9.2601247542467,0.0260250374301782
"Pre-growing season",80,"Storm_Agricultural","Storm","Agricultural",21.6402172057754,27.6402172057754,4.32166098894814e-06
"Pre-growing season",80,"Storm_Site","Storm","Site",2.59116680143495,10.591166801435,0.0315640943023093
"Pre-growing season",80,"Agricultural_Full","Agricultural","Full",3.79073634523007,11.7907363452301,0.0189771763665763
"Pre-growing season",80,"Site_Full","Site","Full",22.8397867495705,28.8397867495705,2.4199134280428e-06
"Pre-growing season",81,"Storm_Agricultural","Storm","Agricultural",-3.3292934305311,2.6707065694689,0.445228381372645
"Pre-growing season",81,"Storm_Site","Storm","Site",7.08781000084275,15.0878100008428,0.00452251584490017
"Pre-growing season",81,"Agricultural_Full","Agricultural","Full",11.9158347684064,19.9158347684064,0.00051887106235674
"Pre-growing season",81,"Site_Full","Site","Full",1.49873133703255,7.49873133703255,0.0575910583113195
"Pre-growing season",82,"Storm_Agricultural","Storm","Agricultural",-0.691737686597151,5.30826231340285,0.150567159687803
"Pre-growing season",82,"Storm_Site","Storm","Site",5.4056032950221,13.4056032950221,0.00945494367076608
"Pre-growing season",82,"Agricultural_Full","Agricultural","Full",6.18611634041588,14.1861163404159,0.00672413832374715
"Pre-growing season",82,"Site_Full","Site","Full",0.0887753587966245,6.08877535879662,0.107370092578704
"Pre-growing season",83,"Storm_Agricultural","Storm","Agricultural",4.74329176221579,10.7432917622158,0.0131981553182639
"Pre-growing season",83,"Storm_Site","Storm","Site",6.11771503655575,14.1177150365558,0.00692868167116566
"Pre-growing season",83,"Agricultural_Full","Agricultural","Full",7.84370190025203,15.843701900252,0.00323622575235058
"Pre-growing season",83,"Site_Full","Site","Full",6.46927862591207,12.4692786259121,0.00593690626359762
"Pre-growing season",84,"Storm_Agricultural","Storm","Agricultural",-2.61251180755158,3.38748819244842,0.335650357048382
"Pre-growing season",84,"Storm_Site","Storm","Site",10.2999572707325,18.2999572707325,0.00107815176260083
"Pre-growing season",84,"Agricultural_Full","Agricultural","Full",9.07326453418136,17.0732645341814,0.00187060783441588
"Pre-growing season",84,"Site_Full","Site","Full",-3.83920454410276,2.16079545589724,0.539711666328172
"Pre-growing season",85,"Storm_Agricultural","Storm","Agricultural",-0.299211182994611,5.70078881700539,0.127110453991161
"Pre-growing season",85,"Storm_Site","Storm","Site",7.07966845548094,15.0796684554809,0.0045387999439342
"Pre-growing season",85,"Agricultural_Full","Agricultural","Full",10.9308860161692,18.9308860161692,0.00081090121252764
"Pre-growing season",85,"Site_Full","Site","Full",3.5520063776936,9.5520063776936,0.022784487716919
"Pre-growing season",86,"Storm_Agricultural","Storm","Agricultural",-3.63557333579558,2.36442666420442,0.500290937317786
"Pre-growing season",86,"Storm_Site","Storm","Site",1.2669878115712,9.2669878115712,0.0547617090652738
"Pre-growing season",86,"Agricultural_Full","Agricultural","Full",2.71992963785044,10.7199296378504,0.0298986493094148
"Pre-growing season",86,"Site_Full","Site","Full",-2.18263150951634,3.81736849048366,0.281872337402042
"Pre-growing season",87,"Storm_Agricultural","Storm","Agricultural",-0.215019277322199,5.7849807226778,0.1225530891196
"Pre-growing season",87,"Storm_Site","Storm","Site",6.2703791906099,14.2703791906099,0.00648028655086459
"Pre-growing season",87,"Agricultural_Full","Agricultural","Full",6.94719582248734,14.9471958224873,0.00481199889807523
"Pre-growing season",87,"Site_Full","Site","Full",0.461797354555245,6.46179735455524,0.0911813587970042
"Pre-growing season",88,"Storm_Agricultural","Storm","Agricultural",-2.61625215755919,3.38374784244081,0.336155557461628
"Pre-growing season",88,"Storm_Site","Storm","Site",4.27030156702978,12.2703015670298,0.0154504461370462
"Pre-growing season",88,"Agricultural_Full","Agricultural","Full",10.6888866096848,18.6888866096848,0.000904621613738743
"Pre-growing season",88,"Site_Full","Site","Full",3.80233288509584,9.80233288509584,0.0203233141823682
"Pre-growing season",89,"Storm_Agricultural","Storm","Agricultural",-3.35189558733038,2.64810441266962,0.449118563293068
"Pre-growing season",89,"Storm_Site","Storm","Site",-0.947323662917938,7.05267633708206,0.133130569436127
"Pre-growing season",89,"Agricultural_Full","Agricultural","Full",-1.01126545059549,6.98873454940451,0.136484751842493
"Pre-growing season",89,"Site_Full","Site","Full",-3.41583737500792,2.58416262499208,0.460272810617972
"Pre-growing season",90,"Storm_Agricultural","Storm","Agricultural",-0.215287679786798,5.7847123202132,0.122567367502512
"Pre-growing season",90,"Storm_Site","Storm","Site",5.51335325397127,13.5133532539713,0.00902169854170379
"Pre-growing season",90,"Agricultural_Full","Agricultural","Full",7.71849437640805,15.718494376408,0.00342112650516609
"Pre-growing season",90,"Site_Full","Site","Full",1.98985344264997,7.98985344264997,0.046221870541475
"Pre-growing season",91,"Storm_Agricultural","Storm","Agricultural",-2.00633315378548,3.99366684621452,0.262148808705118
"Pre-growing season",91,"Storm_Site","Storm","Site",5.40309624263961,13.4030962426396,0.00946526252837102
"Pre-growing season",91,"Agricultural_Full","Agricultural","Full",6.67843170897009,14.6784317089701,0.00541681830347439
"Pre-growing season",91,"Site_Full","Site","Full",-0.730997687454987,5.26900231254501,0.153126477558118
"Pre-growing season",92,"Storm_Agricultural","Storm","Agricultural",3.22253543917958,9.22253543917958,0.0264739040606763
"Pre-growing season",92,"Storm_Site","Storm","Site",0.71488660449802,8.71488660449802,0.0686347414843188
"Pre-growing season",92,"Agricultural_Full","Agricultural","Full",5.15518123963187,13.1551812396319,0.0105419227240141
"Pre-growing season",92,"Site_Full","Site","Full",7.66283007431343,13.6628300743134,0.00340194607529589
"Pre-growing season",93,"Storm_Agricultural","Storm","Agricultural",-4.63418933305775,1.36581066694225,0.713568100237253
"Pre-growing season",93,"Storm_Site","Storm","Site",2.4788191438152,10.4788191438152,0.0330900047371318
"Pre-growing season",93,"Agricultural_Full","Agricultural","Full",4.95760301127069,12.9576030112707,0.011484821867138
"Pre-growing season",93,"Site_Full","Site","Full",-2.15540546560226,3.84459453439774,0.2787414752742
"Pre-growing season",94,"Storm_Agricultural","Storm","Agricultural",2.36795306599731,8.36795306599731,0.0389889059370813
"Pre-growing season",94,"Storm_Site","Storm","Site",-0.596898804284706,7.40310119571529,0.116058810519462
"Pre-growing season",94,"Agricultural_Full","Agricultural","Full",2.32158236711433,10.3215823671143,0.0353454370078951
"Pre-growing season",94,"Site_Full","Site","Full",5.28643423739635,11.2864342373963,0.0102736872433336
"Pre-growing season",95,"Storm_Agricultural","Storm","Agricultural",1.87780052851332,7.87780052851332,0.048605877524592
"Pre-growing season",95,"Storm_Site","Storm","Site",14.4624414450208,22.4624414450208,0.000162111049956936
"Pre-growing season",95,"Agricultural_Full","Agricultural","Full",13.5345316866989,21.5345316866989,0.000248034118207666
"Pre-growing season",95,"Site_Full","Site","Full",0.949890770191359,6.94989077019136,0.0735121902375762
"Pre-growing season",96,"Storm_Agricultural","Storm","Agricultural",-2.42741308494084,3.57258691505916,0.311469148668585
"Pre-growing season",96,"Storm_Site","Storm","Site",0.5655330215601,8.5655330215601,0.0729255231163958
"Pre-growing season",96,"Agricultural_Full","Agricultural","Full",3.47822961183033,11.4782296118303,0.0216838784297325
"Pre-growing season",96,"Site_Full","Site","Full",0.485283505329392,6.48528350532939,0.0902446964461807
"Pre-growing season",97,"Storm_Agricultural","Storm","Agricultural",-0.102484762336758,5.89751523766324,0.116704195222433
"Pre-growing season",97,"Storm_Site","Storm","Site",10.0972660756543,18.0972660756543,0.00118123304971171
"Pre-growing season",97,"Agricultural_Full","Agricultural","Full",11.6388893554734,19.6388893554734,0.000588402259411677
"Pre-growing season",97,"Site_Full","Site","Full",1.43913851748238,7.43913851748238,0.0591430385994827
"Pre-growing season",98,"Storm_Agricultural","Storm","Agricultural",3.94219296441645,9.94219296441645,0.0190639620266511
"Pre-growing season",98,"Storm_Site","Storm","Site",0.503589824600169,8.50358982460017,0.0747784897107644
"Pre-growing season",98,"Agricultural_Full","Agricultural","Full",3.50062490197962,11.5006249019796,0.0214780529520331
"Pre-growing season",98,"Site_Full","Site","Full",6.9392280417959,12.9392280417959,0.00476988849747992
"Pre-growing season",99,"Storm_Agricultural","Storm","Agricultural",4.30394277307329,10.3039427730733,0.0161515867258427
"Pre-growing season",99,"Storm_Site","Storm","Site",1.06332491837327,9.06332491837327,0.059536002624211
"Pre-growing season",99,"Agricultural_Full","Agricultural","Full",4.94429021743201,12.944290217432,0.011551234233887
"Pre-growing season",99,"Site_Full","Site","Full",8.18490807213203,14.184908072132,0.00266396589670494
"Pre-growing season",100,"Storm_Agricultural","Storm","Agricultural",-1.75803811126679,4.24196188873321,0.236494139937742
"Pre-growing season",100,"Storm_Site","Storm","Site",7.8206722966047,15.8206722966047,0.00326948048282331
"Pre-growing season",100,"Agricultural_Full","Agricultural","Full",7.79620139958621,15.7962013995862,0.00330518493754588
"Pre-growing season",100,"Site_Full","Site","Full",-1.78250900828527,4.21749099171473,0.238916529270741
"Pre-growing season",101,"Storm_Agricultural","Storm","Agricultural",0.454426751209326,6.45442675120933,0.0914772314620117
"Pre-growing season",101,"Storm_Site","Storm","Site",3.06510618450028,11.0651061845003,0.0258419730523136
"Pre-growing season",101,"Agricultural_Full","Agricultural","Full",-0.777898922553106,7.22210107744689,0.124606460370839
"Pre-growing season",101,"Site_Full","Site","Full",-3.38857835584406,2.61142164415594,0.455490702724864
"Pre-growing season",102,"Storm_Agricultural","Storm","Agricultural",2.74841441470448,8.74841441470448,0.0328297934149335
"Pre-growing season",102,"Storm_Site","Storm","Site",8.36247753624593,16.3624775362459,0.00256941603267863
"Pre-growing season",102,"Agricultural_Full","Agricultural","Full",7.14995477860515,15.1499547786051,0.00440009550298297
"Pre-growing season",102,"Site_Full","Site","Full",1.5358916570637,7.5358916570637,0.0566433781087309
"Pre-growing season",103,"Storm_Agricultural","Storm","Agricultural",-3.02197839908644,2.97802160091356,0.395026240965212
"Pre-growing season",103,"Storm_Site","Storm","Site",8.35049626479707,16.3504962647971,0.00258316808243559
"Pre-growing season",103,"Agricultural_Full","Agricultural","Full",9.25591568319874,17.2559156831987,0.00172369213199457
"Pre-growing season",103,"Site_Full","Site","Full",-2.11655898068477,3.88344101931523,0.274328582371485
"Pre-growing season",104,"Storm_Agricultural","Storm","Agricultural",0.381914071047902,6.3819140710479,0.0944376795195588
"Pre-growing season",104,"Storm_Site","Storm","Site",5.25839908292005,13.2583990829201,0.0100798528864546
"Pre-growing season",104,"Agricultural_Full","Agricultural","Full",12.2592390256292,20.2592390256292,0.000443856372225985
"Pre-growing season",104,"Site_Full","Site","Full",7.38275401375705,13.3827540137571,0.00387791944299145
"Pre-growing season",105,"Storm_Agricultural","Storm","Agricultural",-1.51448898263646,4.48551101736354,0.213586318293711
"Pre-growing season",105,"Storm_Site","Storm","Site",7.23604666786798,15.236046667868,0.00423586556877636
"Pre-growing season",105,"Agricultural_Full","Agricultural","Full",11.2873487948697,19.2873487948697,0.000690076128684609
"Pre-growing season",105,"Site_Full","Site","Full",2.53681314436528,8.53681314436528,0.0361272881432094
"Pre-growing season",106,"Storm_Agricultural","Storm","Agricultural",-4.56139593235434,1.43860406764566,0.69651119178272
"Pre-growing season",106,"Storm_Site","Storm","Site",7.35980659295717,15.3598065929572,0.00401028523677886
"Pre-growing season",106,"Agricultural_Full","Agricultural","Full",8.42729500395762,16.4272950039576,0.00249625993572357
"Pre-growing season",106,"Site_Full","Site","Full",-3.49390752135389,2.50609247864611,0.474191042171663
"Pre-growing season",107,"Storm_Agricultural","Storm","Agricultural",2.90596272603142,8.90596272603142,0.0305676466413484
"Pre-growing season",107,"Storm_Site","Storm","Site",6.14233397005069,14.1423339700507,0.00685436978424378
"Pre-growing season",107,"Agricultural_Full","Agricultural","Full",6.84095035929147,14.8409503592915,0.00504272373962612
"Pre-growing season",107,"Site_Full","Site","Full",3.6045791152722,9.6045791152722,0.0222444493381238
"Pre-growing season",108,"Storm_Agricultural","Storm","Agricultural",-0.172666252726913,5.82733374727309,0.120319758874925
"Pre-growing season",108,"Storm_Site","Storm","Site",11.523614826756,19.523614826756,0.000619992053136141
"Pre-growing season",108,"Agricultural_Full","Agricultural","Full",11.9506454008201,19.9506454008201,0.000510728030873778
"Pre-growing season",108,"Site_Full","Site","Full",0.254364321337107,6.25436432133711,0.0998697604605623
"Pre-growing season",109,"Storm_Agricultural","Storm","Agricultural",3.30673833250444,9.30673833250444,0.0254787605384631
"Pre-growing season",109,"Storm_Site","Storm","Site",1.87241108341232,9.87241108341232,0.0426326277115943
"Pre-growing season",109,"Agricultural_Full","Agricultural","Full",4.32014395141914,12.3201439514191,0.0151227969433208
"Pre-growing season",109,"Site_Full","Site","Full",5.75447120051126,11.7544712005113,0.00827335742777563
"Pre-growing season",110,"Storm_Agricultural","Storm","Agricultural",6.50820209003717,12.5082020900372,0.00583037156792968
"Pre-growing season",110,"Storm_Site","Storm","Site",3.51776276771938,11.5177627677194,0.0213218271261042
"Pre-growing season",110,"Agricultural_Full","Agricultural","Full",12.2446014794925,20.2446014794925,0.000446822751412141
"Pre-growing season",110,"Site_Full","Site","Full",15.2350408018103,21.2350408018103,9.40820823114729e-05
"Pre-growing season",111,"Storm_Agricultural","Storm","Agricultural",-2.50448178830118,3.49551821169882,0.321343859088321
"Pre-growing season",111,"Storm_Site","Storm","Site",7.99074722664506,15.9907472266451,0.00303160465323839
"Pre-growing season",111,"Agricultural_Full","Agricultural","Full",7.68873983442887,15.6887398344289,0.00346657283678435
"Pre-growing season",111,"Site_Full","Site","Full",-2.80648918051736,3.19351081948264,0.362741053818629
"Pre-growing season",112,"Storm_Agricultural","Storm","Agricultural",12.9438006554936,18.9438006554936,0.000280812223132823
"Pre-growing season",112,"Storm_Site","Storm","Site",5.27099739777765,13.2709973977776,0.010024828182084
"Pre-growing season",112,"Agricultural_Full","Agricultural","Full",4.47612650393921,12.4761265039392,0.0141405377617984
"Pre-growing season",112,"Site_Full","Site","Full",12.1489297616552,18.1489297616552,0.000409810129966162
"Pre-growing season",113,"Storm_Agricultural","Storm","Agricultural",-3.6223655250605,2.3776344749395,0.497811536636664
"Pre-growing season",113,"Storm_Site","Storm","Site",8.20298598949012,16.2029859894901,0.00275853778047855
"Pre-growing season",113,"Agricultural_Full","Agricultural","Full",9.92623789007149,17.9262378900715,0.00127574012911722
"Pre-growing season",113,"Site_Full","Site","Full",-1.89911362447913,4.10088637552087,0.250774275394252
"Pre-growing season",114,"Storm_Agricultural","Storm","Agricultural",-1.87139427313139,4.12860572686861,0.247907719089604
"Pre-growing season",114,"Storm_Site","Storm","Site",5.40385024144695,13.4038502414469,0.00946215796315423
"Pre-growing season",114,"Agricultural_Full","Agricultural","Full",6.76120267050436,14.7612026705044,0.00522300869410122
"Pre-growing season",114,"Site_Full","Site","Full",-0.514041844073972,5.48595815592603,0.139480891529669
"Pre-growing season",115,"Storm_Agricultural","Storm","Agricultural",1.46494538502253,7.46494538502253,0.0584660290339342
"Pre-growing season",115,"Storm_Site","Storm","Site",4.20861206080775,12.2086120608078,0.0158655538077813
"Pre-growing season",115,"Agricultural_Full","Agricultural","Full",7.69583344554258,15.6958334455426,0.0034556846129935
"Pre-growing season",115,"Site_Full","Site","Full",4.95216676975735,10.9521667697574,0.0119873598857373
"Pre-growing season",116,"Storm_Agricultural","Storm","Agricultural",-2.61034124537809,3.38965875462191,0.335357489416315
"Pre-growing season",116,"Storm_Site","Storm","Site",7.29950481509422,15.2995048150942,0.00411868347982309
"Pre-growing season",116,"Agricultural_Full","Agricultural","Full",12.3314707003286,20.3314707003286,0.000429501379376961
"Pre-growing season",116,"Site_Full","Site","Full",2.4216246398563,8.4216246398563,0.0380561590908004
"Pre-growing season",117,"Storm_Agricultural","Storm","Agricultural",-0.528679019406354,5.47132098059365,0.14036403817278
"Pre-growing season",117,"Storm_Site","Storm","Site",18.5410836812503,26.5410836812503,2.4610326190866e-05
"Pre-growing season",117,"Agricultural_Full","Agricultural","Full",18.8737342272739,26.8737342272739,2.10821897289579e-05
"Pre-growing season",117,"Site_Full","Site","Full",-0.196028473382682,5.80397152661732,0.121546836505897
"Pre-growing season",118,"Storm_Agricultural","Storm","Agricultural",-1.26408181256613,4.73591818743387,0.192187774225275
"Pre-growing season",118,"Storm_Site","Storm","Site",9.57913036616844,17.5791303661684,0.00149108961369773
"Pre-growing season",118,"Agricultural_Full","Agricultural","Full",13.4858216545347,21.4858216545347,0.00025362313769234
"Pre-growing season",118,"Site_Full","Site","Full",2.6426094758001,8.6426094758001,0.0344400514752343
"Pre-growing season",119,"Storm_Agricultural","Storm","Agricultural",4.28328370305775,10.2832837030577,0.0163054293148203
"Pre-growing season",119,"Storm_Site","Storm","Site",-0.660421127982147,7.33957887201785,0.118994803606812
"Pre-growing season",119,"Agricultural_Full","Agricultural","Full",-0.285881264798206,7.71411873520179,0.10262987788201
"Pre-growing season",119,"Site_Full","Site","Full",4.65782356624169,10.6578235662417,0.0137276331919351
"Pre-growing season",120,"Storm_Agricultural","Storm","Agricultural",-4.54366550247647,1.45633449752353,0.692384340426693
"Pre-growing season",120,"Storm_Site","Storm","Site",5.78865203453489,13.7886520345349,0.00800105603607756
"Pre-growing season",120,"Agricultural_Full","Agricultural","Full",9.82068176338385,17.8206817633838,0.00133775541064807
"Pre-growing season",120,"Site_Full","Site","Full",-0.511635773627518,5.48836422637248,0.13933622423298
"Pre-growing season",121,"Storm_Agricultural","Storm","Agricultural",6.27935448281033,12.2793544828103,0.00648497860601148
"Pre-growing season",121,"Storm_Site","Storm","Site",-3.67521318860844,4.32478681139156,0.363831562830486
"Pre-growing season",121,"Agricultural_Full","Agricultural","Full",-0.747372025143022,7.25262797485698,0.12312520045572
"Pre-growing season",121,"Site_Full","Site","Full",9.20719564627575,15.2071956462757,0.00164787947943793
"Pre-growing season",122,"Storm_Agricultural","Storm","Agricultural",2.33647096378218,8.33647096378218,0.0395463715669015
"Pre-growing season",122,"Storm_Site","Storm","Site",2.15300205940127,10.1530020594013,0.0379277597445779
"Pre-growing season",122,"Agricultural_Full","Agricultural","Full",1.48696933475617,9.48696933475617,0.0500156883214676
"Pre-growing season",122,"Site_Full","Site","Full",1.67043823913707,7.67043823913707,0.053337151745893
"Pre-growing season",123,"Storm_Agricultural","Storm","Agricultural",-3.78731268652473,2.21268731347527,0.529453691491673
"Pre-growing season",123,"Storm_Site","Storm","Site",5.24832873530443,13.2483287353044,0.0101240485346472
"Pre-growing season",123,"Agricultural_Full","Agricultural","Full",7.44645018375672,15.4464501837567,0.00385942885164283
"Pre-growing season",123,"Site_Full","Site","Full",-1.58919123807243,4.41080876192757,0.220385254179942
"Pre-growing season",124,"Storm_Agricultural","Storm","Agricultural",-2.37031638301409,3.62968361698591,0.30432797428322
"Pre-growing season",124,"Storm_Site","Storm","Site",4.01201463423359,12.0120146342336,0.0172621446086921
"Pre-growing season",124,"Agricultural_Full","Agricultural","Full",9.03721839716803,17.037218397168,0.00190102806359955
"Pre-growing season",124,"Site_Full","Site","Full",2.65488737992035,8.65488737992035,0.0342493036513398
"Pre-growing season",125,"Storm_Agricultural","Storm","Agricultural",-2.29648250566822,3.70351749433178,0.295309881028069
"Pre-growing season",125,"Storm_Site","Storm","Site",0.166573108155546,8.16657310815555,0.0856634919654053
"Pre-growing season",125,"Agricultural_Full","Agricultural","Full",-0.355889405961989,7.64411059403801,0.105519970549321
"Pre-growing season",125,"Site_Full","Site","Full",-2.81894501978576,3.18105498021424,0.364543589507181
"Pre-growing season",126,"Storm_Agricultural","Storm","Agricultural",-3.43217448730343,2.56782551269657,0.463158090002462
"Pre-growing season",126,"Storm_Site","Storm","Site",0.878536054155688,8.87853605415569,0.0642082527455567
"Pre-growing season",126,"Agricultural_Full","Agricultural","Full",1.6106526650006,9.6106526650006,0.0475225709376395
"Pre-growing season",126,"Site_Full","Site","Full",-2.70005787645852,3.29994212354148,0.347650700138918
"Pre-growing season",127,"Storm_Agricultural","Storm","Agricultural",-0.317519876439519,5.68248012356048,0.128122648866941
"Pre-growing season",127,"Storm_Site","Storm","Site",10.71166712505,18.71166712505,0.00089536099704099
"Pre-growing season",127,"Agricultural_Full","Agricultural","Full",11.6944295670318,19.6944295670318,0.000573755943005793
"Pre-growing season",127,"Site_Full","Site","Full",0.665242565542258,6.66524256554226,0.0833686521046532
"Pre-growing season",128,"Storm_Agricultural","Storm","Agricultural",-3.64018063687575,2.35981936312425,0.501158057744969
"Pre-growing season",128,"Storm_Site","Storm","Site",16.0704833763862,24.0704833763862,7.73178972435177e-05
"Pre-growing season",128,"Agricultural_Full","Agricultural","Full",16.1287496437794,24.1287496437794,7.52657197794019e-05
"Pre-growing season",128,"Site_Full","Site","Full",-3.58191436948255,2.41808563051745,0.49027686794055
"Pre-growing season",129,"Storm_Agricultural","Storm","Agricultural",-0.0971852642547901,5.90281473574521,0.116435430405916
"Pre-growing season",129,"Storm_Site","Storm","Site",9.28381164252073,17.2838116425207,0.00170227951850374
"Pre-growing season",129,"Agricultural_Full","Agricultural","Full",7.9712270669209,15.9712270669209,0.00305801663590334
"Pre-growing season",129,"Site_Full","Site","Full",-1.40976983985462,4.59023016014538,0.204381791763736
"Pre-growing season",130,"Storm_Agricultural","Storm","Agricultural",1.01065774440701,7.01065774440701,0.0715588486309436
"Pre-growing season",130,"Storm_Site","Storm","Site",7.05709279317847,15.0570927931785,0.00458425597425081
"Pre-growing season",130,"Agricultural_Full","Agricultural","Full",13.8724151431259,21.8724151431259,0.000212486704657707
"Pre-growing season",130,"Site_Full","Site","Full",7.82598009435446,13.8259800943545,0.0031518523591553
"Pre-growing season",131,"Storm_Agricultural","Storm","Agricultural",-1.69208155277016,4.30791844722984,0.230076859683761
"Pre-growing season",131,"Storm_Site","Storm","Site",9.71173186339905,17.7117318633991,0.00140488598674976
"Pre-growing season",131,"Agricultural_Full","Agricultural","Full",12.3910531125068,20.3910531125068,0.00041800704464667
"Pre-growing season",131,"Site_Full","Site","Full",0.987239696337554,6.98723969633755,0.0723056007812905
"Pre-growing season",132,"Storm_Agricultural","Storm","Agricultural",6.10727441489666,12.1072744148967,0.00702457372244155
"Pre-growing season",132,"Storm_Site","Storm","Site",-0.0104927287794112,7.98950727122059,0.0919633135772098
"Pre-growing season",132,"Agricultural_Full","Agricultural","Full",5.70172219137157,13.7017221913716,0.00831048028139803
"Pre-growing season",132,"Site_Full","Site","Full",11.8194893350476,17.8194893350476,0.000479207965064456
"Pre-growing season",133,"Storm_Agricultural","Storm","Agricultural",3.47803673707438,9.47803673707438,0.0235661642248644
"Pre-growing season",133,"Storm_Site","Storm","Site",5.56620608349823,13.5662060834982,0.0088163446422288
"Pre-growing season",133,"Agricultural_Full","Agricultural","Full",12.0868375696813,20.0868375696813,0.000480067365369258
"Pre-growing season",133,"Site_Full","Site","Full",9.99866822325743,15.9986682232574,0.00113469744028962
"Pre-growing season",134,"Storm_Agricultural","Storm","Agricultural",6.00193945590945,12.0019394559095,0.00737651970084862
"Pre-growing season",134,"Storm_Site","Storm","Site",8.62567952844995,16.62567952845,0.00228487103412682
"Pre-growing season",134,"Agricultural_Full","Agricultural","Full",14.6824887839918,22.6824887839918,0.000146527484958759
"Pre-growing season",134,"Site_Full","Site","Full",12.0587487114513,18.0587487114513,0.000427746913611899
"Pre-growing season",135,"Storm_Agricultural","Storm","Agricultural",-3.62210710328048,2.37789289671952,0.497763119544789
"Pre-growing season",135,"Storm_Site","Storm","Site",-0.0901381443910054,7.90986185560899,0.0949364365738271
"Pre-growing season",135,"Agricultural_Full","Agricultural","Full",2.34584153930041,10.3458415393004,0.0349880515065989
"Pre-growing season",135,"Site_Full","Site","Full",-1.18612741958907,4.81387258041093,0.185944793385705
"Pre-growing season",136,"Storm_Agricultural","Storm","Agricultural",3.20699987503957,9.20699987503957,0.0266616276105067
"Pre-growing season",136,"Storm_Site","Storm","Site",-0.576612492871902,7.4233875071281,0.115135417234886
"Pre-growing season",136,"Agricultural_Full","Agricultural","Full",-0.273251240047102,7.7267487599529,0.102116407531216
"Pre-growing season",136,"Site_Full","Site","Full",3.51036112786437,9.51036112786437,0.0232213905058921
"Pre-growing season",137,"Storm_Agricultural","Storm","Agricultural",-3.45717385389497,2.54282614610503,0.467601132233166
"Pre-growing season",137,"Storm_Site","Storm","Site",0.536825596222798,8.5368255962228,0.0737788142958456
"Pre-growing season",137,"Agricultural_Full","Agricultural","Full",1.68774755506689,9.68774755506689,0.0460291732456686
"Pre-growing season",137,"Site_Full","Site","Full",-2.30625189505088,3.69374810494912,0.296489251779385
"Pre-growing season",138,"Storm_Agricultural","Storm","Agricultural",3.75705117877141,9.75705117877141,0.0207482952457354
"Pre-growing season",138,"Storm_Site","Storm","Site",1.18861050937238,9.18861050937238,0.0565541839079028
"Pre-growing season",138,"Agricultural_Full","Agricultural","Full",3.45926939827473,11.4592693982747,0.0218596275045207
"Pre-growing season",138,"Site_Full","Site","Full",6.02771006767375,12.0277100676738,0.00728883780115413
"Pre-growing season",139,"Storm_Agricultural","Storm","Agricultural",-2.34278814807487,3.65721185192513,0.300937336721091
"Pre-growing season",139,"Storm_Site","Storm","Site",-3.69975225033841,4.30024774966159,0.366894074685322
"Pre-growing season",139,"Agricultural_Full","Agricultural","Full",-2.66079790232806,5.33920209767194,0.254229443532682
"Pre-growing season",139,"Site_Full","Site","Full",-1.30383380006452,4.69616619993548,0.195446036192477
"Pre-growing season",140,"Storm_Agricultural","Storm","Agricultural",3.57902250503633,9.57902250503633,0.0225053845061598
"Pre-growing season",140,"Storm_Site","Storm","Site",-1.75237360694268,6.24762639305732,0.181402868542638
"Pre-growing season",140,"Agricultural_Full","Agricultural","Full",-0.109301779156453,7.89069822084355,0.0956651171395516
"Pre-growing season",140,"Site_Full","Site","Full",5.22209433282256,11.2220943328226,0.0105835945714869
"Pre-growing season",141,"Storm_Agricultural","Storm","Agricultural",-1.31961655833663,4.68038344166337,0.196753874801908
"Pre-growing season",141,"Storm_Site","Storm","Site",15.1618392485013,23.1618392485013,0.000117539245773663
"Pre-growing season",141,"Agricultural_Full","Agricultural","Full",15.6253629140773,23.6253629140773,9.4941842528083e-05
"Pre-growing season",141,"Site_Full","Site","Full",-0.856092892760614,5.14390710723939,0.161557795899883
"Pre-growing season",142,"Storm_Agricultural","Storm","Agricultural",-2.6100780005786,3.3899219994214,0.335321985794428
"Pre-growing season",142,"Storm_Site","Storm","Site",9.66657032316056,17.6665703231606,0.00143367803298118
"Pre-growing season",142,"Agricultural_Full","Agricultural","Full",12.2014461556917,20.2014461556917,0.000455683153170598
"Pre-growing season",142,"Site_Full","Site","Full",-0.0752021680474968,5.9247978319525,0.115326850148894
"Pre-growing season",143,"Storm_Agricultural","Storm","Agricultural",-2.46226153343281,3.53773846656719,0.315900451722096
"Pre-growing season",143,"Storm_Site","Storm","Site",4.73882786248942,12.7388278624894,0.0126250070037583
"Pre-growing season",143,"Agricultural_Full","Agricultural","Full",6.62151970949384,14.6215197094938,0.00555415595093054
"Pre-growing season",143,"Site_Full","Site","Full",-0.579569686428385,5.42043031357161,0.143475985347138
"Pre-growing season",144,"Storm_Agricultural","Storm","Agricultural",-1.4991287157136,4.5008712842864,0.212212583956216
"Pre-growing season",144,"Storm_Site","Storm","Site",3.68085374058967,11.6808537405897,0.0198892333238259
"Pre-growing season",144,"Agricultural_Full","Agricultural","Full",5.28869205157127,13.2886920515713,0.00994803999344469
"Pre-growing season",144,"Site_Full","Site","Full",0.10870959526801,6.10870959526801,0.106439400801253
"Pre-growing season",145,"Storm_Agricultural","Storm","Agricultural",4.02024478737593,10.0202447873759,0.0183948289065191
"Pre-growing season",145,"Storm_Site","Storm","Site",9.00588065962597,17.005880659626,0.00192787085165611
"Pre-growing season",145,"Agricultural_Full","Agricultural","Full",11.2757224454992,19.2757224454992,0.00069372025330531
"Pre-growing season",145,"Site_Full","Site","Full",6.2900865732492,12.2900865732492,0.00645271712545483
"Pre-growing season",146,"Storm_Agricultural","Storm","Agricultural",-1.01452920925874,4.98547079074126,0.172864141147992
"Pre-growing season",146,"Storm_Site","Storm","Site",7.04759312013476,15.0475931201348,0.00460351695195601
"Pre-growing season",146,"Agricultural_Full","Agricultural","Full",9.60411213568534,17.6041121356853,0.00147445934620432
"Pre-growing season",146,"Site_Full","Site","Full",1.54198980629184,7.54198980629184,0.0564893133815523
"Pre-growing season",147,"Storm_Agricultural","Storm","Agricultural",-1.31093875597736,4.68906124402264,0.196033783778983
"Pre-growing season",147,"Storm_Site","Storm","Site",10.1526969754989,18.1526969754989,0.00115211310058635
"Pre-growing season",147,"Agricultural_Full","Agricultural","Full",12.1728681851799,20.1728681851799,0.000461646142567602
"Pre-growing season",147,"Site_Full","Site","Full",0.709232453703692,6.70923245370369,0.0817662294980839
"Pre-growing season",148,"Storm_Agricultural","Storm","Agricultural",-2.51230071564584,3.48769928435416,0.322360990154649
"Pre-growing season",148,"Storm_Site","Storm","Site",6.87424766408014,14.8742476640801,0.00496926985710787
"Pre-growing season",148,"Agricultural_Full","Agricultural","Full",10.7613886823075,18.7613886823075,0.000875472713538561
"Pre-growing season",148,"Site_Full","Site","Full",1.37484030258156,7.37484030258156,0.0608630678846724
"Pre-growing season",149,"Storm_Agricultural","Storm","Agricultural",2.94844149487039,8.94844149487039,0.0299842974573413
"Pre-growing season",149,"Storm_Site","Storm","Site",9.83345018200436,17.8334501820044,0.00133009839781392
"Pre-growing season",149,"Agricultural_Full","Agricultural","Full",12.4601459070692,20.4601459070692,0.000405059054260823
"Pre-growing season",149,"Site_Full","Site","Full",5.57513721993524,11.5751372199352,0.00898974954753137
"Pre-growing season",150,"Storm_Agricultural","Storm","Agricultural",3.38305840592767,9.38305840592767,0.0246085233310967
"Pre-growing season",150,"Storm_Site","Storm","Site",-4.93702288499202,3.06297711500798,0.547342207050034
"Pre-growing season",150,"Agricultural_Full","Agricultural","Full",-4.21934429894623,3.78065570105377,0.436503925005848
"Pre-growing season",150,"Site_Full","Site","Full",4.10073699197346,10.1007369919735,0.0177289598572478
"Pre-growing season",151,"Storm_Agricultural","Storm","Agricultural",11.1797409611027,17.1797409611027,0.000649060854789932
"Pre-growing season",151,"Storm_Site","Storm","Site",-0.805468530936423,7.19453146906358,0.125958346086402
"Pre-growing season",151,"Agricultural_Full","Agricultural","Full",-0.157280392961638,7.84271960703836,0.0975124781274753
"Pre-growing season",151,"Site_Full","Site","Full",11.8279290990775,17.8279290990775,0.000477292075732309
"Pre-growing season",152,"Storm_Agricultural","Storm","Agricultural",1.45716968809188,7.45716968809188,0.0586692187493167
"Pre-growing season",152,"Storm_Site","Storm","Site",-1.05032481124084,6.94967518875916,0.138571680975351
"Pre-growing season",152,"Agricultural_Full","Agricultural","Full",-1.29273450716971,6.70726549283029,0.152190517907336
"Pre-growing season",152,"Site_Full","Site","Full",1.21475999216301,7.21475999216301,0.065358701587227
"Pre-growing season",153,"Storm_Agricultural","Storm","Agricultural",-0.993597356393025,5.00640264360698,0.171328911182723
"Pre-growing season",153,"Storm_Site","Storm","Site",4.32631546731909,12.3263154673191,0.0150827009303111
"Pre-growing season",153,"Agricultural_Full","Agricultural","Full",6.28585471777842,14.2858547177784,0.00643645332099079
"Pre-growing season",153,"Site_Full","Site","Full",0.965941894066304,6.9659418940663,0.0729912791692162
"Pre-growing season",154,"Storm_Agricultural","Storm","Agricultural",-0.867972656924167,5.13202734307583,0.162380831286962
"Pre-growing season",154,"Storm_Site","Storm","Site",6.44313350358027,14.4431335035803,0.00600714335658679
"Pre-growing season",154,"Agricultural_Full","Agricultural","Full",8.53139864285572,16.5313986428557,0.00238303597461906
"Pre-growing season",154,"Site_Full","Site","Full",1.22029248235128,7.22029248235128,0.065198096575889
"Pre-growing season",155,"Storm_Agricultural","Storm","Agricultural",2.10003444770678,8.10003444770678,0.0439889084920016
"Pre-growing season",155,"Storm_Site","Storm","Site",0.143846316103804,8.1438463161038,0.0864487875986664
"Pre-growing season",155,"Agricultural_Full","Agricultural","Full",2.4128894351058,10.4128894351058,0.0340183057512796
"Pre-growing season",155,"Site_Full","Site","Full",4.36907756670877,10.3690775667088,0.0156758346296578
"Pre-growing season",156,"Storm_Agricultural","Storm","Agricultural",-3.29594298524751,2.70405701475249,0.439538287430483
"Pre-growing season",156,"Storm_Site","Storm","Site",0.541693141704286,8.54169314170429,0.0736334714441579
"Pre-growing season",156,"Agricultural_Full","Agricultural","Full",0.217190641118407,8.21719064111841,0.0839385040849967
"Pre-growing season",156,"Site_Full","Site","Full",-3.62044548583339,2.37955451416661,0.497451890714891
"Pre-growing season",157,"Storm_Agricultural","Storm","Agricultural",-3.32273148212704,2.67726851787296,0.44410410373772
"Pre-growing season",157,"Storm_Site","Storm","Site",2.46419591548624,10.4641959154862,0.0332937718576523
"Pre-growing season",157,"Agricultural_Full","Agricultural","Full",3.32249236916613,11.3224923691661,0.0231690115380399
"Pre-growing season",157,"Site_Full","Site","Full",-2.46443502844716,3.53556497155284,0.316178673233505
"Pre-growing season",158,"Storm_Agricultural","Storm","Agricultural",5.25633846363542,11.2563384636354,0.0104175197793948
"Pre-growing season",158,"Storm_Site","Storm","Site",2.41211566185177,10.4121156618518,0.0340293481301821
"Pre-growing season",158,"Agricultural_Full","Agricultural","Full",9.08414195353498,17.084141953535,0.00186152277243393
"Pre-growing season",158,"Site_Full","Site","Full",11.9283647553186,17.9283647553186,0.000455068734982458
"Pre-growing season",159,"Storm_Agricultural","Storm","Agricultural",-1.78970365089339,4.21029634910661,0.239633045123029
"Pre-growing season",159,"Storm_Site","Storm","Site",7.5675786231804,15.5675786231804,0.0036578438668261
"Pre-growing season",159,"Agricultural_Full","Agricultural","Full",15.9006844727846,23.9006844727846,8.36206531550723e-05
"Pre-growing season",159,"Site_Full","Site","Full",6.54340219871079,12.5434021987108,0.0057356567034903
"Pre-growing season",160,"Storm_Agricultural","Storm","Agricultural",-0.300620660552283,5.69937933944772,0.127188105757079
"Pre-growing season",160,"Storm_Site","Storm","Site",-1.17547382294879,6.82452617705121,0.145456914180645
"Pre-growing season",160,"Agricultural_Full","Agricultural","Full",2.25390925624816,10.2539092562482,0.0363610620921917
"Pre-growing season",160,"Site_Full","Site","Full",3.12876241864467,9.12876241864467,0.0276270125064527
"Pre-growing season",161,"Storm_Agricultural","Storm","Agricultural",-5.07870346739827,0.92129653260173,0.820285660587596
"Pre-growing season",161,"Storm_Site","Storm","Site",1.01133122393441,9.01133122393441,0.0608168774639993
"Pre-growing season",161,"Agricultural_Full","Agricultural","Full",1.07042927776035,9.07042927776035,0.0593629909366877
"Pre-growing season",161,"Site_Full","Site","Full",-5.01960541357232,0.980394586427678,0.805995739571851
"Pre-growing season",162,"Storm_Agricultural","Storm","Agricultural",6.30197284418352,12.3019728441835,0.00641717120635942
"Pre-growing season",162,"Storm_Site","Storm","Site",1.58402234635912,9.58402234635912,0.0480491137037676
"Pre-growing season",162,"Agricultural_Full","Agricultural","Full",4.40211909364467,12.4021190936447,0.0145985747872217
"Pre-growing season",162,"Site_Full","Site","Full",9.12006959146908,15.1200695914691,0.00171686348646615
"Pre-growing season",163,"Storm_Agricultural","Storm","Agricultural",-5.3353272937199,0.664672706280101,0.88148011521235
"Pre-growing season",163,"Storm_Site","Storm","Site",12.7564128114307,20.7564128114307,0.000353896309491445
"Pre-growing season",163,"Agricultural_Full","Agricultural","Full",15.5814609332652,23.5814609332652,9.68826853930405e-05
"Pre-growing season",163,"Site_Full","Site","Full",-2.51027917188543,3.48972082811457,0.322097744085753
"Pre-growing season",164,"Storm_Agricultural","Storm","Agricultural",-2.20670913169511,3.79329086830489,0.284667480378048
"Pre-growing season",164,"Storm_Site","Storm","Site",5.48929604948188,13.4892960494819,0.00911671262750343
"Pre-growing season",164,"Agricultural_Full","Agricultural","Full",7.8197192537682,15.8197192537682,0.0032708638976401
"Pre-growing season",164,"Site_Full","Site","Full",0.123714072591213,6.12371407259121,0.105743969346657
"Pre-growing season",165,"Storm_Agricultural","Storm","Agricultural",2.68423143054622,8.68423143054622,0.0337975926349702
"Pre-growing season",165,"Storm_Site","Storm","Site",17.2292214182347,25.2292214182347,4.52427927750368e-05
"Pre-growing season",165,"Agricultural_Full","Agricultural","Full",18.2386600279236,26.2386600279236,2.83244481944826e-05
"Pre-growing season",165,"Site_Full","Site","Full",3.69367004023508,9.69367004023508,0.0213578349205862
"Pre-growing season",166,"Storm_Agricultural","Storm","Agricultural",3.06289654652062,9.06289654652062,0.0284662260123533
"Pre-growing season",166,"Storm_Site","Storm","Site",4.54975909911417,12.5497590991142,0.0136987280517182
"Pre-growing season",166,"Agricultural_Full","Agricultural","Full",7.90608922560801,15.906089225608,0.00314780165159736
"Pre-growing season",166,"Site_Full","Site","Full",6.41922667301446,12.4192266730145,0.0060767328685603
"Pre-growing season",167,"Storm_Agricultural","Storm","Agricultural",-2.31068210420585,3.68931789579415,0.29702545757265
"Pre-growing season",167,"Storm_Site","Storm","Site",6.12501627517537,14.1250162751754,0.00690656102383244
"Pre-growing season",167,"Agricultural_Full","Agricultural","Full",8.75511682035273,16.7551168203527,0.00215656418575388
"Pre-growing season",167,"Site_Full","Site","Full",0.319418440971504,6.3194184409715,0.0970628128881665
"Pre-growing season",168,"Storm_Agricultural","Storm","Agricultural",0.456533715203136,6.45653371520314,0.0913925590855056
"Pre-growing season",168,"Storm_Site","Storm","Site",1.65360688095467,9.65360688095467,0.046684882336153
"Pre-growing season",168,"Agricultural_Full","Agricultural","Full",4.02563203303077,12.0256320330308,0.0171616732327783
"Pre-growing season",168,"Site_Full","Site","Full",2.82855886727924,8.82855886727924,0.0316593052594401
"Pre-growing season",169,"Storm_Agricultural","Storm","Agricultural",-0.159065851717571,5.84093414828243,0.119610859794733
"Pre-growing season",169,"Storm_Site","Storm","Site",5.54288253194125,13.5428825319412,0.00890639583067707
"Pre-growing season",169,"Agricultural_Full","Agricultural","Full",15.5429909510792,23.5429909510792,9.86157370765651e-05
"Pre-growing season",169,"Site_Full","Site","Full",9.8410425674204,15.8410425674204,0.00122232721343965
"Pre-growing season",170,"Storm_Agricultural","Storm","Agricultural",3.3607386347341,9.3607386347341,0.0248599627901248
"Pre-growing season",170,"Storm_Site","Storm","Site",-4.67862114019107,3.32137885980893,0.505552111649383
"Pre-growing season",170,"Agricultural_Full","Agricultural","Full",-4.06274699541291,3.93725300458709,0.414564331587155
"Pre-growing season",170,"Site_Full","Site","Full",3.97661277951227,9.97661277951227,0.01876598510918
"Pre-growing season",171,"Storm_Agricultural","Storm","Agricultural",-4.83998299668053,1.16001700331947,0.762608975379482
"Pre-growing season",171,"Storm_Site","Storm","Site",5.22589533498666,13.2258953349867,0.0102231836672149
"Pre-growing season",171,"Agricultural_Full","Agricultural","Full",6.10209858558591,14.1020985855859,0.00697622832437515
"Pre-growing season",171,"Site_Full","Site","Full",-3.96377974608129,2.03622025391871,0.564923191130958
"Pre-growing season",172,"Storm_Agricultural","Storm","Agricultural",0.521752510181045,6.52175251018105,0.088808574945125
"Pre-growing season",172,"Storm_Site","Storm","Site",0.584057951144473,8.58405795114447,0.0723798557370911
"Pre-growing season",172,"Agricultural_Full","Agricultural","Full",7.20527438799252,15.2052743879925,0.00429386341967558
"Pre-growing season",172,"Site_Full","Site","Full",7.14296894702909,13.1429689470291,0.00433740982037355
"Pre-growing season",173,"Storm_Agricultural","Storm","Agricultural",4.42421430108163,10.4242143010816,0.0152839071332241
"Pre-growing season",173,"Storm_Site","Storm","Site",11.7758701685907,19.7758701685907,0.000552929649241017
"Pre-growing season",173,"Agricultural_Full","Agricultural","Full",21.1883354947373,29.1883354947373,7.15806571256825e-06
"Pre-growing season",173,"Site_Full","Site","Full",13.8366796272282,19.8366796272282,0.000183497819099791
"Pre-growing season",174,"Storm_Agricultural","Storm","Agricultural",-0.59973160230652,5.40026839769348,0.144726858236488
"Pre-growing season",174,"Storm_Site","Storm","Site",5.93549312000687,13.9354931200069,0.0075038065480434
"Pre-growing season",174,"Agricultural_Full","Agricultural","Full",10.3155104273482,18.3155104273482,0.00107061959273057
"Pre-growing season",174,"Site_Full","Site","Full",3.78028570503477,9.78028570503477,0.0205291540186535
"Pre-growing season",175,"Storm_Agricultural","Storm","Agricultural",2.84391955092008,8.84391955092008,0.0314396760035059
"Pre-growing season",175,"Storm_Site","Storm","Site",3.79681088185947,11.7968108818595,0.0189279587407048
"Pre-growing season",175,"Agricultural_Full","Agricultural","Full",4.3112631640634,12.3112631640634,0.0151806771268754
"Pre-growing season",175,"Site_Full","Site","Full",3.35837183312401,9.35837183312401,0.0248867728603589
"Pre-growing season",176,"Storm_Agricultural","Storm","Agricultural",-2.52270475931067,3.47729524068933,0.323718813026274
"Pre-growing season",176,"Storm_Site","Storm","Site",6.83529599491334,14.8352959949133,0.00505530271796742
"Pre-growing season",176,"Agricultural_Full","Agricultural","Full",8.4528964844543,16.4528964844543,0.00246793361007388
"Pre-growing season",176,"Site_Full","Site","Full",-0.905104269769708,5.09489573023029,0.164978841601852
"Pre-growing season",177,"Storm_Agricultural","Storm","Agricultural",0.811830541934455,6.81183054193446,0.0781434534969246
"Pre-growing season",177,"Storm_Site","Storm","Site",2.58200213170818,10.5820021317082,0.0316859835292507
"Pre-growing season",177,"Agricultural_Full","Agricultural","Full",7.52617911460317,15.5261791146032,0.00372554911219939
"Pre-growing season",177,"Site_Full","Site","Full",5.75600752482944,11.7560075248294,0.00826747046996223
"Pre-growing season",178,"Storm_Agricultural","Storm","Agricultural",0.167311474391568,6.16731147439157,0.103747906705025
"Pre-growing season",178,"Storm_Site","Storm","Site",7.03329269956242,15.0332926995624,0.00463266164213183
"Pre-growing season",178,"Agricultural_Full","Agricultural","Full",9.40469845971131,17.4046984597113,0.00161248117299529
"Pre-growing season",178,"Site_Full","Site","Full",2.53871723454046,8.53871723454046,0.0360962198397319
"Pre-growing season",179,"Storm_Agricultural","Storm","Agricultural",0.717204041952527,6.71720404195253,0.0814790432219215
"Pre-growing season",179,"Storm_Site","Storm","Site",5.54164839845765,13.5416483984577,0.0089111857465946
"Pre-growing season",179,"Agricultural_Full","Agricultural","Full",8.66238807810828,16.6623880781083,0.00224773765803953
"Pre-growing season",179,"Site_Full","Site","Full",3.83794372160315,9.83794372160315,0.0199951133984017
"Pre-growing season",180,"Storm_Agricultural","Storm","Agricultural",-0.533237777967258,5.46676222203274,0.140640175446822
"Pre-growing season",180,"Storm_Site","Storm","Site",6.31596656554183,14.3159665655418,0.00635199532478597
"Pre-growing season",180,"Agricultural_Full","Agricultural","Full",9.86163940828584,17.8616394082858,0.00131334668093877
"Pre-growing season",180,"Site_Full","Site","Full",3.01243506477675,9.01243506477675,0.0291260116212703
"Pre-growing season",181,"Storm_Agricultural","Storm","Agricultural",-1.80918124843367,4.19081875156633,0.241582711232985
"Pre-growing season",181,"Storm_Site","Storm","Site",-3.50684775912561,4.49315224087439,0.343360219310163
"Pre-growing season",181,"Agricultural_Full","Agricultural","Full",-1.23046547367574,6.76953452632426,0.148580153161728
"Pre-growing season",181,"Site_Full","Site","Full",0.467201037016196,6.4672010370162,0.0909650275504868
"Pre-growing season",182,"Storm_Agricultural","Storm","Agricultural",8.47931435091624,14.4793143509162,0.00232027404323633
"Pre-growing season",182,"Storm_Site","Storm","Site",0.365154136805415,8.36515413680542,0.0790816328913171
"Pre-growing season",182,"Agricultural_Full","Agricultural","Full",0.176664761811935,8.17666476181194,0.0853169417434645
"Pre-growing season",182,"Site_Full","Site","Full",8.29082497592276,14.2908249759228,0.00253486545175398
"Pre-growing season",183,"Storm_Agricultural","Storm","Agricultural",-3.94610068831884,2.05389931168116,0.56129539570967
"Pre-growing season",183,"Storm_Site","Storm","Site",-0.168904961948328,7.83109503805167,0.0979650620013044
"Pre-growing season",183,"Agricultural_Full","Agricultural","Full",0.24283035883667,8.24283035883667,0.0830772504003603
"Pre-growing season",183,"Site_Full","Site","Full",-3.53436536753384,2.46563463246616,0.481533700244508
"Pre-growing season",184,"Storm_Agricultural","Storm","Agricultural",3.33432177488953,9.33432177488953,0.0251608139901659
"Pre-growing season",184,"Storm_Site","Storm","Site",-2.07858639513518,5.92141360486482,0.205094525189844
"Pre-growing season",184,"Agricultural_Full","Agricultural","Full",1.79729804410789,9.79729804410789,0.0439841614604723
"Pre-growing season",184,"Site_Full","Site","Full",7.2102062141326,13.2102062141326,0.00420338686616296
"Pre-growing season",185,"Storm_Agricultural","Storm","Agricultural",4.11540139921476,10.1154013992148,0.0176102272196997
"Pre-growing season",185,"Storm_Site","Storm","Site",6.35391992934143,14.3539199293414,0.00624708998791899
"Pre-growing season",185,"Agricultural_Full","Agricultural","Full",12.6664417381486,20.6664417381486,0.000368716479868917
"Pre-growing season",185,"Site_Full","Site","Full",10.427923208022,16.427923208022,0.000926432603781835
"Pre-growing season",186,"Storm_Agricultural","Storm","Agricultural",0.701316671541576,6.70131667154158,0.0820523707707022
"Pre-growing season",186,"Storm_Site","Storm","Site",2.83092553509698,10.830925535097,0.0285313546373912
"Pre-growing season",186,"Agricultural_Full","Agricultural","Full",2.23867937373245,10.2386793737325,0.0365934692435164
"Pre-growing season",186,"Site_Full","Site","Full",0.109070510177048,6.10907051017705,0.106422621749133
"Pre-growing season",187,"Storm_Agricultural","Storm","Agricultural",-3.94940650010523,2.05059349989477,0.561972512037164
"Pre-growing season",187,"Storm_Site","Storm","Site",1.40562590536274,9.40562590536274,0.0517229649845005
"Pre-growing season",187,"Agricultural_Full","Agricultural","Full",1.97453521696895,9.97453521696895,0.0408588244874897
"Pre-growing season",187,"Site_Full","Site","Full",-3.38049718849902,2.61950281150098,0.454080706298297
"Pre-growing season",188,"Storm_Agricultural","Storm","Agricultural",0.349740934744943,6.34974093474494,0.0957804819391782
"Pre-growing season",188,"Storm_Site","Storm","Site",0.810763022053379,8.81076302205338,0.0660075283472892
"Pre-growing season",188,"Agricultural_Full","Agricultural","Full",6.35812999327806,14.3581299932781,0.00623555832998687
"Pre-growing season",188,"Site_Full","Site","Full",5.89710790596962,11.8971079059696,0.00774406622317967
"Pre-growing season",189,"Storm_Agricultural","Storm","Agricultural",-3.2277872142235,2.7722127857765,0.428094638028443
"Pre-growing season",189,"Storm_Site","Storm","Site",6.19242627706257,14.1924262770626,0.00670557036708281
"Pre-growing season",189,"Agricultural_Full","Agricultural","Full",9.56621552202552,17.5662155220255,0.00149975943490073
"Pre-growing season",189,"Site_Full","Site","Full",0.146002030739453,6.14600203073945,0.104718986578861
"Pre-growing season",190,"Storm_Agricultural","Storm","Agricultural",3.77225086817253,9.77225086817253,0.0206046778874024
"Pre-growing season",190,"Storm_Site","Storm","Site",0.303770302400835,8.30377030240084,0.0810635021152461
"Pre-growing season",190,"Agricultural_Full","Agricultural","Full",7.31809418863747,15.3180941886375,0.00408496379714769
"Pre-growing season",190,"Site_Full","Site","Full",10.7865747544092,16.7865747544092,0.000781880997220919
"Pre-growing season",191,"Storm_Agricultural","Storm","Agricultural",0.791750881145504,6.7917508811455,0.0788400627385644
"Pre-growing season",191,"Storm_Site","Storm","Site",0.404164735688198,8.4041647356882,0.077845952967008
"Pre-growing season",191,"Agricultural_Full","Agricultural","Full",3.47915128954708,11.4791512895471,0.0216753700770809
"Pre-growing season",191,"Site_Full","Site","Full",3.86673743500438,9.86673743500438,0.0197335530972829
"Pre-growing season",192,"Storm_Agricultural","Storm","Agricultural",0.470742866057321,6.47074286605732,0.0908235016518218
"Pre-growing season",192,"Storm_Site","Storm","Site",4.39174490006116,12.3917449000612,0.0146639253490585
"Pre-growing season",192,"Agricultural_Full","Agricultural","Full",9.4796175659904,17.4796175659904,0.00155919237880719
"Pre-growing season",192,"Site_Full","Site","Full",5.55861553198656,11.5586155319866,0.00905875100254598
"Pre-growing season",193,"Storm_Agricultural","Storm","Agricultural",-2.37182635007127,3.62817364992873,0.304514936959205
"Pre-growing season",193,"Storm_Site","Storm","Site",5.19344763847766,13.1934476384777,0.0103682529622713
"Pre-growing season",193,"Agricultural_Full","Agricultural","Full",4.86595865285824,12.8659586528582,0.0119496586960507
"Pre-growing season",193,"Site_Full","Site","Full",-2.6993153356907,3.3006846643093,0.347547363575956
"Pre-growing season",194,"Storm_Agricultural","Storm","Agricultural",-0.238840558354752,5.76115944164525,0.123826515826847
"Pre-growing season",194,"Storm_Site","Storm","Site",4.380768186176,12.380768186176,0.0147333816033783
"Pre-growing season",194,"Agricultural_Full","Agricultural","Full",5.41185440252838,13.4118544025284,0.00942926241624603
"Pre-growing season",194,"Site_Full","Site","Full",0.792245657997626,6.79224565799763,0.0788228260220792
"Pre-growing season",195,"Storm_Agricultural","Storm","Agricultural",-4.02787092347194,1.97212907652806,0.578211524408619
"Pre-growing season",195,"Storm_Site","Storm","Site",6.1904628212269,14.1904628212269,0.00671134274469845
"Pre-growing season",195,"Agricultural_Full","Agricultural","Full",8.91891009058673,16.9189100905867,0.00200434035953246
"Pre-growing season",195,"Site_Full","Site","Full",-1.2994236541121,4.7005763458879,0.195082038708054
"Pre-growing season",196,"Storm_Agricultural","Storm","Agricultural",0.903070958442299,6.9030709584423,0.0750522468500803
"Pre-growing season",196,"Storm_Site","Storm","Site",-3.58810451888394,4.41189548111606,0.353122595250157
"Pre-growing season",196,"Agricultural_Full","Agricultural","Full",-3.55769296638221,4.44230703361779,0.349443291564199
"Pre-growing season",196,"Site_Full","Site","Full",0.933482510944032,6.93348251094403,0.074048403828839
"Pre-growing season",197,"Storm_Agricultural","Storm","Agricultural",-2.56438326040296,3.43561673959704,0.329208915429896
"Pre-growing season",197,"Storm_Site","Storm","Site",4.04861505662842,12.0486150566284,0.0169933890421141
"Pre-growing season",197,"Agricultural_Full","Agricultural","Full",8.29119443135443,16.2911944313544,0.00265230917717686
"Pre-growing season",197,"Site_Full","Site","Full",1.67819611432304,7.67819611432304,0.0531523457226606
"Pre-growing season",198,"Storm_Agricultural","Storm","Agricultural",-1.23508741169348,4.76491258830652,0.189843262349031
"Pre-growing season",198,"Storm_Site","Storm","Site",-0.00543704758018748,7.99456295241981,0.0917775636056371
"Pre-growing season",198,"Agricultural_Full","Agricultural","Full",3.68259643384965,11.6825964338497,0.0198744417774838
"Pre-growing season",198,"Site_Full","Site","Full",2.45294606973636,8.45294606973636,0.037521935450295
"Pre-growing season",199,"Storm_Agricultural","Storm","Agricultural",-3.11937414360926,2.88062585639074,0.410398856927064
"Pre-growing season",199,"Storm_Site","Storm","Site",0.529072842623407,8.52907284262341,0.074010868219131
"Pre-growing season",199,"Agricultural_Full","Agricultural","Full",2.70093483236462,10.7009348323646,0.0301388875122827
"Pre-growing season",199,"Site_Full","Site","Full",-0.947512153868047,5.05248784613195,0.167993826564239
"Pre-growing season",200,"Storm_Agricultural","Storm","Agricultural",-1.33041498589625,4.66958501410375,0.197653374477716
"Pre-growing season",200,"Storm_Site","Storm","Site",3.8196622013204,11.8196622013204,0.0187439188734513
"Pre-growing season",200,"Agricultural_Full","Agricultural","Full",7.94019448222434,15.9401944822243,0.0031004726096151
"Pre-growing season",200,"Site_Full","Site","Full",2.79011729500769,8.79011729500769,0.0322155481446601
"Growing season",1,"Storm_Agricultural","Storm","Agricultural",-0.481952504688763,3.51804749531124,0.172212905036665
"Growing season",1,"Storm_Site","Storm","Site",4.28519744699014,12.2851974469901,0.0153518076988184
"Growing season",1,"Agricultural_Full","Agricultural","Full",2.96061803046024,10.9606180304602,0.0270101969768201
"Growing season",1,"Site_Full","Site","Full",-1.80653192121866,2.19346807878134,0.333960004764163
"Growing season",2,"Storm_Agricultural","Storm","Agricultural",-2.14449171811367,1.85550828188633,0.39544081818213
"Growing season",2,"Storm_Site","Storm","Site",-1.73679586291252,6.26320413708748,0.18033540033925
"Growing season",2,"Agricultural_Full","Agricultural","Full",-2.40036962831994,5.59963037168006,0.231109707815017
"Growing season",2,"Site_Full","Site","Full",-2.80806548352109,1.19193451647891,0.551029320366047
"Growing season",3,"Storm_Agricultural","Storm","Agricultural",-1.20859423824959,2.79140576175041,0.247658900471287
"Growing season",3,"Storm_Site","Storm","Site",1.0305470078053,9.0305470078053,0.0603404697821428
"Growing season",3,"Agricultural_Full","Agricultural","Full",0.87625239666545,8.87625239666545,0.0642681152431771
"Growing season",3,"Site_Full","Site","Full",-1.36288884938944,2.63711115061056,0.267521437597627
"Growing season",4,"Storm_Agricultural","Storm","Agricultural",-2.52360642829666,1.47639357170334,0.477975030237655
"Growing season",4,"Storm_Site","Storm","Site",0.0948596734798457,8.09485967347985,0.0881645198453913
"Growing season",4,"Agricultural_Full","Agricultural","Full",-0.0767133209938606,7.92328667900614,0.0944290674625833
"Growing season",4,"Site_Full","Site","Full",-2.69517942277037,1.30482057722963,0.520789010961455
"Growing season",5,"Storm_Agricultural","Storm","Agricultural",-2.1395399881506,1.8604600118494,0.394462971116287
"Growing season",5,"Storm_Site","Storm","Site",4.71252984073084,12.7125298407308,0.0127692850130777
"Growing season",5,"Agricultural_Full","Agricultural","Full",4.36397464144812,12.3639746414481,0.0148402649096769
"Growing season",5,"Site_Full","Site","Full",-2.48809518743332,1.51190481256668,0.469563186768254
"Growing season",6,"Storm_Agricultural","Storm","Agricultural",-3.65788600993636,0.342113990063638,0.842773538198121
"Growing season",6,"Storm_Site","Storm","Site",0.581128543761565,8.58112854376157,0.0724658861263379
"Growing season",6,"Agricultural_Full","Agricultural","Full",0.432946900962634,8.43294690096263,0.07694596466326
"Growing season",6,"Site_Full","Site","Full",-3.80606765273529,0.193932347264706,0.907586705975625
"Growing season",7,"Storm_Agricultural","Storm","Agricultural",-1.53004784215369,2.46995215784631,0.290841719531763
"Growing season",7,"Storm_Site","Storm","Site",-4.61069210831658,3.38930789168342,0.494907622163618
"Growing season",7,"Agricultural_Full","Agricultural","Full",-4.17562558934031,3.82437441065969,0.430295632313831
"Growing season",7,"Site_Full","Site","Full",-1.09498132317742,2.90501867682258,0.233982409761056
"Growing season",8,"Storm_Agricultural","Storm","Agricultural",-2.11801691509805,1.88198308490195,0.390240703237915
"Growing season",8,"Storm_Site","Storm","Site",5.24579799703167,13.2457979970317,0.0101351849037056
"Growing season",8,"Agricultural_Full","Agricultural","Full",6.88052676015036,14.8805267601504,0.00495553638506644
"Growing season",8,"Site_Full","Site","Full",-0.483288151979366,3.51671184802063,0.172327951297705
"Growing season",9,"Storm_Agricultural","Storm","Agricultural",-2.79632764737971,1.20367235262029,0.547804845774236
"Growing season",9,"Storm_Site","Storm","Site",0.678938534733163,8.67893853473316,0.0696450948130081
"Growing season",9,"Agricultural_Full","Agricultural","Full",0.259606927009543,8.25960692700954,0.0825182237361327
"Growing season",9,"Site_Full","Site","Full",-3.21565925510333,0.784340744896667,0.675589002402579
"Growing season",10,"Storm_Agricultural","Storm","Agricultural",0.439430358088885,4.43943035808888,0.108640047380881
"Growing season",10,"Storm_Site","Storm","Site",-4.62653959974784,3.37346040025216,0.497377847663756
"Growing season",10,"Agricultural_Full","Agricultural","Full",-5.61547014138148,2.38452985861852,0.665424759849738
"Growing season",10,"Site_Full","Site","Full",-0.549500183544751,3.45049981645525,0.178128530424677
"Growing season",11,"Storm_Agricultural","Storm","Agricultural",-1.42410294773049,2.57589705226951,0.275836073548173
"Growing season",11,"Storm_Site","Storm","Site",0.248519966620847,8.24851996662085,0.0828872637771822
"Growing season",11,"Agricultural_Full","Agricultural","Full",-0.500878868524353,7.49912113147565,0.111748053448329
"Growing season",11,"Site_Full","Site","Full",-2.17350178287569,1.82649821712431,0.401218501496668
"Growing season",12,"Storm_Agricultural","Storm","Agricultural",-0.835138319563555,3.16486168043645,0.205475013711214
"Growing season",12,"Storm_Site","Storm","Site",-1.40686591250045,6.59313408749955,0.15901596041525
"Growing season",12,"Agricultural_Full","Agricultural","Full",-0.462839821430975,7.53716017856902,0.110081805425478
"Growing season",12,"Site_Full","Site","Full",0.10888777150592,4.10888777150592,0.128164089639204
"Growing season",13,"Storm_Agricultural","Storm","Agricultural",0.908250022985499,4.9082500229855,0.0859383576286034
"Growing season",13,"Storm_Site","Storm","Site",-2.06628177317111,5.93371822682889,0.204153220300045
"Growing season",13,"Agricultural_Full","Agricultural","Full",-2.21237211934704,5.78762788065296,0.215579653561627
"Growing season",13,"Site_Full","Site","Full",0.762159676809574,4.76215967680957,0.092450691782291
"Growing season",14,"Storm_Agricultural","Storm","Agricultural",2.69882888848764,6.69882888848764,0.0351049039622983
"Growing season",14,"Storm_Site","Storm","Site",-4.78482610820043,3.21517389179957,0.522483594345249
"Growing season",14,"Agricultural_Full","Agricultural","Full",-4.34961544442859,3.65038455557141,0.455383274732068
"Growing season",14,"Site_Full","Site","Full",3.13403955225948,7.13403955225948,0.0282398895882364
"Growing season",15,"Storm_Agricultural","Storm","Agricultural",-2.28592366913995,1.71407633086005,0.424417276322762
"Growing season",15,"Storm_Site","Storm","Site",0.722448652972275,8.72244865297228,0.0684239781273894
"Growing season",15,"Agricultural_Full","Agricultural","Full",0.339708495633488,8.33970849563349,0.0798975770376342
"Growing season",15,"Site_Full","Site","Full",-2.66866382647873,1.33133617352127,0.513930063116275
"Growing season",16,"Storm_Agricultural","Storm","Agricultural",-3.87231142223874,0.127688577761262,0.938151068711183
"Growing season",16,"Storm_Site","Storm","Site",-0.492431401885199,7.5075685981148,0.111376012350568
"Growing season",16,"Agricultural_Full","Agricultural","Full",-0.549648842182478,7.45035115781752,0.113918629803819
"Growing season",16,"Site_Full","Site","Full",-3.92952886253602,0.0704711374639828,0.965377976603942
"Growing season",17,"Storm_Agricultural","Storm","Agricultural",1.11082060929931,5.11082060929931,0.0776603611220887
"Growing season",17,"Storm_Site","Storm","Site",-5.76045334956603,2.23954665043397,0.691796000136017
"Growing season",17,"Agricultural_Full","Agricultural","Full",-6.69852020949276,1.30147979050724,0.861124413214694
"Growing season",17,"Site_Full","Site","Full",0.172753749372589,4.17275374937259,0.124136082614355
"Growing season",18,"Storm_Agricultural","Storm","Agricultural",-3.59325871351945,0.406741286480553,0.815975749475002
"Growing season",18,"Storm_Site","Storm","Site",0.829948950448284,8.82994895044828,0.0654933735588589
"Growing season",18,"Agricultural_Full","Agricultural","Full",1.08542939374536,9.08542939374536,0.0589992646539297
"Growing season",18,"Site_Full","Site","Full",-3.33777827022237,0.662221729777627,0.718125549717934
"Growing season",19,"Storm_Agricultural","Storm","Agricultural",-0.567403395428641,3.43259660457136,0.179730225009972
"Growing season",19,"Storm_Site","Storm","Site",-0.417640249316605,7.58235975068339,0.108131935360988
"Growing season",19,"Agricultural_Full","Agricultural","Full",-0.182489304163653,7.81751069583635,0.0984964342918289
"Growing season",19,"Site_Full","Site","Full",-0.332252450275689,3.66774754972431,0.159793363769691
"Growing season",20,"Storm_Agricultural","Storm","Agricultural",-2.20472571118989,1.79527428881011,0.407531460987096
"Growing season",20,"Storm_Site","Storm","Site",-0.817958206302762,7.18204179369724,0.126575225459761
"Growing season",20,"Agricultural_Full","Agricultural","Full",-1.25697286140928,6.74302713859072,0.150107396317367
"Growing season",20,"Site_Full","Site","Full",-2.64374036629641,1.35625963370359,0.507565345447871
"Growing season",21,"Storm_Agricultural","Storm","Agricultural",-3.3662536775592,0.6337463224408,0.728423141568795
"Growing season",21,"Storm_Site","Storm","Site",1.30177295768607,9.30177295768607,0.0539836504837111
"Growing season",21,"Agricultural_Full","Agricultural","Full",1.47403869196916,9.47403869196916,0.0502834366062384
"Growing season",21,"Site_Full","Site","Full",-3.19398794327611,0.806012056723887,0.668308070508478
"Growing season",22,"Storm_Agricultural","Storm","Agricultural",-2.32396168625627,1.67603831374373,0.432566521772082
"Growing season",22,"Storm_Site","Storm","Site",-5.78873399269463,2.21126600730537,0.696967242342801
"Growing season",22,"Agricultural_Full","Agricultural","Full",-5.11490114604527,2.88509885395473,0.577234267106516
"Growing season",22,"Site_Full","Site","Full",-1.65012883960691,2.34987116039309,0.308838874386794
"Growing season",23,"Storm_Agricultural","Storm","Agricultural",1.74600845768447,5.74600845768447,0.0565288456382477
"Growing season",23,"Storm_Site","Storm","Site",-0.00682121561760596,7.99317878438239,0.0918283841080705
"Growing season",23,"Agricultural_Full","Agricultural","Full",-1.23821828762124,6.76178171237876,0.149025363802937
"Growing season",23,"Site_Full","Site","Full",0.514611385680837,4.51461138568084,0.104632016108607
"Growing season",24,"Storm_Agricultural","Storm","Agricultural",-3.06448200507202,0.935517994927977,0.626404470533503
"Growing season",24,"Storm_Site","Storm","Site",-2.1342326778805,5.8657673221195,0.209399629842827
"Growing season",24,"Agricultural_Full","Agricultural","Full",-2.01126962598306,5.98873037401694,0.199991478210038
"Growing season",24,"Site_Full","Site","Full",-2.94151895317458,1.05848104682542,0.589052171170024
"Growing season",25,"Storm_Agricultural","Storm","Agricultural",-0.762082649050456,3.23791735094954,0.198104883186131
"Growing season",25,"Storm_Site","Storm","Site",-3.55694098376154,4.44305901623846,0.349352702290091
"Growing season",25,"Agricultural_Full","Agricultural","Full",-2.0685790888744,5.9314209111256,0.204328673956654
"Growing season",25,"Site_Full","Site","Full",0.726279245836679,4.72627924583668,0.0941242441739892
"Growing season",26,"Storm_Agricultural","Storm","Agricultural",5.5091023001857,9.5091023001857,0.00861240950505808
"Growing season",26,"Storm_Site","Storm","Site",-1.19837773298394,6.80162226701606,0.146750375566686
"Growing season",26,"Agricultural_Full","Agricultural","Full",-1.7976472698553,6.2023527301447,0.184537512902306
"Growing season",26,"Site_Full","Site","Full",4.90983276331434,8.90983276331434,0.0116212915871479
"Growing season",27,"Storm_Agricultural","Storm","Agricultural",-2.47195076527066,1.52804923472934,0.465788031034872
"Growing season",27,"Storm_Site","Storm","Site",0.124518255257783,8.12451825525778,0.0871219623392573
"Growing season",27,"Agricultural_Full","Agricultural","Full",0.316853842566331,8.31685384256633,0.080637195887396
"Growing season",27,"Site_Full","Site","Full",-2.27961517796211,1.72038482203789,0.423080669102963
"Growing season",28,"Storm_Agricultural","Storm","Agricultural",5.34743780089042,9.34743780089042,0.00933747971970028
"Growing season",28,"Storm_Site","Storm","Site",-1.40872542147008e-05,7.99998591274579,0.0915787104791562
"Growing season",28,"Agricultural_Full","Agricultural","Full",-2.35698253837421,5.64301746162579,0.227441223899029
"Growing season",28,"Site_Full","Site","Full",2.99046934977042,6.99046934977042,0.0303416271831889
"Growing season",29,"Storm_Agricultural","Storm","Agricultural",3.30381519037121,7.30381519037121,0.0259415954863842
"Growing season",29,"Storm_Site","Storm","Site",1.73748014326992,9.73748014326992,0.045089760444365
"Growing season",29,"Agricultural_Full","Agricultural","Full",0.487221399609155,8.48722139960915,0.0752755141823022
"Growing season",29,"Site_Full","Site","Full",2.05355644671045,6.05355644671045,0.0484715513444798
"Growing season",30,"Storm_Agricultural","Storm","Agricultural",-2.76031559453054,1.23968440546946,0.538029330453548
"Growing season",30,"Storm_Site","Storm","Site",2.28640989313385,10.2864098931339,0.0358698430732195
"Growing season",30,"Agricultural_Full","Agricultural","Full",1.60419125871437,9.60419125871437,0.0476498183216097
"Growing season",30,"Site_Full","Site","Full",-3.44253422895002,0.557465771049976,0.756742012966139
"Growing season",31,"Storm_Agricultural","Storm","Agricultural",0.159245555759867,4.15924555575987,0.124977347527774
"Growing season",31,"Storm_Site","Storm","Site",-1.7518931662355,6.2481068337645,0.181369861656212
"Growing season",31,"Agricultural_Full","Agricultural","Full",-3.42684592922711,4.57315407077289,0.333961211162861
"Growing season",31,"Site_Full","Site","Full",-1.51570720723174,2.48429279276826,0.288763750822439
"Growing season",32,"Storm_Agricultural","Storm","Agricultural",-3.86929639851786,0.130703601482139,0.936737860330053
"Growing season",32,"Storm_Site","Storm","Site",-5.09201893342203,2.90798106657797,0.57334075986533
"Growing season",32,"Agricultural_Full","Agricultural","Full",-5.14911791017408,2.85088208982592,0.58308187630001
"Growing season",32,"Site_Full","Site","Full",-3.92639537526992,0.0736046247300806,0.963866661036784
"Growing season",33,"Storm_Agricultural","Storm","Agricultural",-1.71266406264942,2.28733593735058,0.318648084456114
"Growing season",33,"Storm_Site","Storm","Site",-5.06006523279211,2.93993476720789,0.5679269724995
"Growing season",33,"Agricultural_Full","Agricultural","Full",-4.80333659385036,3.19666340614964,0.525470032644199
"Growing season",33,"Site_Full","Site","Full",-1.45593542370767,2.54406457629233,0.280261470554395
"Growing season",34,"Storm_Agricultural","Storm","Agricultural",-2.70127995099125,1.29872004900875,0.522379980195335
"Growing season",34,"Storm_Site","Storm","Site",-5.14624939481598,2.85375060518402,0.582590490910923
"Growing season",34,"Agricultural_Full","Agricultural","Full",-5.35433144074653,2.64566855925347,0.618754824888564
"Growing season",34,"Site_Full","Site","Full",-2.9093619969218,1.0906380030782,0.579656842418315
"Growing season",35,"Storm_Agricultural","Storm","Agricultural",0.781128399337319,4.78112839933732,0.0915780010213179
"Growing season",35,"Storm_Site","Storm","Site",-0.0995682762639944,7.90043172373601,0.0952943575056928
"Growing season",35,"Agricultural_Full","Agricultural","Full",-0.497505683639986,7.50249431636001,0.11159935429047
"Growing season",35,"Site_Full","Site","Full",0.383190991961328,4.38319099196133,0.111738328267066
"Growing season",36,"Storm_Agricultural","Storm","Agricultural",-0.359238375055554,3.64076162494445,0.161964061253949
"Growing season",36,"Storm_Site","Storm","Site",0.322564629211229,8.32256462921123,0.0804517819985345
"Growing season",36,"Agricultural_Full","Agricultural","Full",0.72225005877533,8.72225005877533,0.0684295053371036
"Growing season",36,"Site_Full","Site","Full",0.0404470545085474,4.04044705450855,0.132625816282029
"Growing season",37,"Storm_Agricultural","Storm","Agricultural",-3.34074127553805,0.659258724461949,0.719190243106809
"Growing season",37,"Storm_Site","Storm","Site",0.300928991877981,8.30092899187798,0.0811563618475759
"Growing season",37,"Agricultural_Full","Agricultural","Full",4.39430854671173,12.3943085467117,0.0146477496141577
"Growing season",37,"Site_Full","Site","Full",0.752638279295695,4.7526382792957,0.0928918710031719
"Growing season",38,"Storm_Agricultural","Storm","Agricultural",0.270670199262952,4.27067019926295,0.118204973296181
"Growing season",38,"Storm_Site","Storm","Site",-0.690073634813928,7.30992636518607,0.120388750950902
"Growing season",38,"Agricultural_Full","Agricultural","Full",-2.41747065445554,5.58252934554446,0.232569767757651
"Growing season",38,"Site_Full","Site","Full",-1.45672682037866,2.54327317962134,0.280372391495965
"Growing season",39,"Storm_Agricultural","Storm","Agricultural",-2.86832452965217,1.13167547034783,0.567884210853108
"Growing season",39,"Storm_Site","Storm","Site",1.37560024511419,9.37560024511419,0.0523671092463456
"Growing season",39,"Agricultural_Full","Agricultural","Full",2.29600376720953,10.2960037672095,0.0357260647499974
"Growing season",39,"Site_Full","Site","Full",-1.94792100755683,2.05207899244317,0.358423691617883
"Growing season",40,"Storm_Agricultural","Storm","Agricultural",-3.94923916677737,0.0507608332226255,0.974938958499535
"Growing season",40,"Storm_Site","Storm","Site",-1.02487012132451,6.97512987867549,0.137208348767526
"Growing season",40,"Agricultural_Full","Agricultural","Full",-1.00474883182295,6.99525116817705,0.136139392328836
"Growing season",40,"Site_Full","Site","Full",-3.92911787727581,0.0708821227241856,0.965179618925706
"Growing season",41,"Storm_Agricultural","Storm","Agricultural",-0.0729335932271624,3.92706640677284,0.140361617641577
"Growing season",41,"Storm_Site","Storm","Site",-4.44442140801016,3.55557859198984,0.469477970835229
"Growing season",41,"Agricultural_Full","Agricultural","Full",-5.39040354245265,2.60959645754735,0.625124097796929
"Growing season",41,"Site_Full","Site","Full",-1.01891572766965,2.98108427233035,0.225250505986066
"Growing season",42,"Storm_Agricultural","Storm","Agricultural",-3.9822425612038,0.0177574387961954,0.991160580035424
"Growing season",42,"Storm_Site","Storm","Site",1.77921680968058,9.77921680968058,0.0443155833956502
"Growing season",42,"Agricultural_Full","Agricultural","Full",3.97601480223187,11.9760148022319,0.0175305194272438
"Growing season",42,"Site_Full","Site","Full",-1.78544456865251,2.21455543134749,0.330457336531403
"Growing season",43,"Storm_Agricultural","Storm","Agricultural",5.38504916241919,9.38504916241919,0.00916352287209473
"Growing season",43,"Storm_Site","Storm","Site",0.63815755043845,8.63815755043845,0.0708083286138042
"Growing season",43,"Agricultural_Full","Agricultural","Full",-0.698845802470771,7.30115419752923,0.120804012302926
"Growing season",43,"Site_Full","Site","Full",4.04804580950997,8.04804580950997,0.0178808869501324
"Growing season",44,"Storm_Agricultural","Storm","Agricultural",2.68888856446779,6.68888856446779,0.0352798153311918
"Growing season",44,"Storm_Site","Storm","Site",-1.71294370828957,6.28705629171043,0.178711856248103
"Growing season",44,"Agricultural_Full","Agricultural","Full",-4.89868403924964,3.10131596075036,0.5410158932803
"Growing season",44,"Site_Full","Site","Full",-0.496851766492284,3.50314823350772,0.173500618154078
"Growing season",45,"Storm_Agricultural","Storm","Agricultural",-3.96487353616357,0.0351264638364341,0.982590102643688
"Growing season",45,"Storm_Site","Storm","Site",-3.83891106337688,4.16108893662312,0.384643590843548
"Growing season",45,"Agricultural_Full","Agricultural","Full",-3.86828692812912,4.13171307187088,0.388473800700434
"Growing season",45,"Site_Full","Site","Full",-3.99424940091581,0.00575059908419462,0.997128830172627
"Growing season",46,"Storm_Agricultural","Storm","Agricultural",4.14276970356912,8.14276970356912,0.0170537552236093
"Growing season",46,"Storm_Site","Storm","Site",-5.89999044017441,2.10000955982559,0.717370629372547
"Growing season",46,"Agricultural_Full","Agricultural","Full",-6.06553039400933,1.93446960599067,0.747810332310099
"Growing season",46,"Site_Full","Site","Full",3.97722974973419,7.97722974973419,0.0185253562935081
"Growing season",47,"Storm_Agricultural","Storm","Agricultural",-0.144507375284775,3.85549262471523,0.145475686073616
"Growing season",47,"Storm_Site","Storm","Site",0.838807881774301,8.8388078817743,0.0652572514585886
"Growing season",47,"Agricultural_Full","Agricultural","Full",0.900955315238434,8.90095531523843,0.0636233708980722
"Growing season",47,"Site_Full","Site","Full",-0.0823599418206413,3.91764005817936,0.141024727859584
"Growing season",48,"Storm_Agricultural","Storm","Agricultural",-1.07122139872598,2.92877860127402,0.231219153758997
"Growing season",48,"Storm_Site","Storm","Site",3.01476789518142,11.0147678951814,0.0263985439567917
"Growing season",48,"Agricultural_Full","Agricultural","Full",1.83356760218237,9.83356760218237,0.0433265019614247
"Growing season",48,"Site_Full","Site","Full",-2.25242169172503,1.74757830827497,0.417367081044301
"Growing season",49,"Storm_Agricultural","Storm","Agricultural",-3.94814548116022,0.0518545188397752,0.974405965886151
"Growing season",49,"Storm_Site","Storm","Site",-4.32774405840746,3.67225594159254,0.45217399006291
"Growing season",49,"Agricultural_Full","Agricultural","Full",-4.35991486619167,3.64008513380833,0.456900065332918
"Growing season",49,"Site_Full","Site","Full",-3.98031628894444,0.0196837110555634,0.990206417038661
"Growing season",50,"Storm_Agricultural","Storm","Agricultural",-2.14123534361642,1.85876465638358,0.394797490355583
"Growing season",50,"Storm_Site","Storm","Site",1.2810687951266,9.2810687951266,0.0544454723659526
"Growing season",50,"Agricultural_Full","Agricultural","Full",0.535921381582398,8.5359213815824,0.0738058436085502
"Growing season",50,"Site_Full","Site","Full",-2.88638275716062,1.11361724283938,0.573034920169757
"Growing season",51,"Storm_Agricultural","Storm","Agricultural",-0.819367467989991,3.18063253201001,0.203861127193344
"Growing season",51,"Storm_Site","Storm","Site",-1.79014032538043,6.20985967461957,0.184014414170395
"Growing season",51,"Agricultural_Full","Agricultural","Full",-2.93991518230138,5.06008481769862,0.281187794752929
"Growing season",51,"Site_Full","Site","Full",-1.96914232491093,2.03085767508907,0.362247051382786
"Growing season",52,"Storm_Agricultural","Storm","Agricultural",-0.296242883981222,3.70375711601878,0.156942064445249
"Growing season",52,"Storm_Site","Storm","Site",-1.26398763116134,6.73601236883866,0.150513946677863
"Growing season",52,"Agricultural_Full","Agricultural","Full",-2.01213424397054,5.98786575602946,0.200056300636297
"Growing season",52,"Site_Full","Site","Full",-1.04438949679042,2.95561050320958,0.228137844492723
"Growing season",53,"Storm_Agricultural","Storm","Agricultural",-2.86616379865126,1.13383620134874,0.567271019638408
"Growing season",53,"Storm_Site","Storm","Site",-3.85871814203244,4.14128185796756,0.387222963987852
"Growing season",53,"Agricultural_Full","Agricultural","Full",-4.16218109108019,3.83781890891981,0.428399382234718
"Growing season",53,"Site_Full","Site","Full",-3.169626747699,0.830373252301001,0.660217055439261
"Growing season",54,"Storm_Agricultural","Storm","Agricultural",1.33317637330396,5.33317637330396,0.0694889044990579
"Growing season",54,"Storm_Site","Storm","Site",2.04216067309829,10.0421606730983,0.0397234480194099
"Growing season",54,"Agricultural_Full","Agricultural","Full",0.988987389566432,8.98898738956643,0.06137533403053
"Growing season",54,"Site_Full","Site","Full",0.280003089772094,4.28000308977209,0.117654661258594
"Growing season",55,"Storm_Agricultural","Storm","Agricultural",-2.35241724244048,1.64758275755952,0.43876497278451
"Growing season",55,"Storm_Site","Storm","Site",6.86579474298708,14.8657947429871,0.00498781689547763
"Growing season",55,"Agricultural_Full","Agricultural","Full",6.24018508232115,14.2401850823211,0.00656665314951919
"Growing season",55,"Site_Full","Site","Full",-2.97802690310641,1.02197309689359,0.599903452960127
"Growing season",56,"Storm_Agricultural","Storm","Agricultural",-0.980443501429079,3.01955649857092,0.220958970336686
"Growing season",56,"Storm_Site","Storm","Site",-1.52329270397985,6.47670729602015,0.166263941430389
"Growing season",56,"Agricultural_Full","Agricultural","Full",-1.46847298333989,6.53152701666011,0.162814733936303
"Growing season",56,"Site_Full","Site","Full",-0.925623780789124,3.07437621921088,0.214984765908283
"Growing season",57,"Storm_Agricultural","Storm","Agricultural",-3.9058624756421,0.0941375243579046,0.954021794717526
"Growing season",57,"Storm_Site","Storm","Site",0.911968629165642,8.91196862916564,0.0633379078467487
"Growing season",57,"Agricultural_Full","Agricultural","Full",1.54977344692605,9.54977344692605,0.0487344999308134
"Growing season",57,"Site_Full","Site","Full",-3.26805765788168,0.731942342118316,0.693522794449176
"Growing season",58,"Storm_Agricultural","Storm","Agricultural",1.33825672216074,5.33825672216074,0.0693126145591836
"Growing season",58,"Storm_Site","Storm","Site",-3.32089132735547,4.67910867264453,0.321834780075998
"Growing season",58,"Agricultural_Full","Agricultural","Full",-3.93269858689519,4.06730141310481,0.396974211581772
"Growing season",58,"Site_Full","Site","Full",0.726449462621019,4.72644946262102,0.0941162337517852
"Growing season",59,"Storm_Agricultural","Storm","Agricultural",-2.20432027614459,1.79567972385541,0.407448855591985
"Growing season",59,"Storm_Site","Storm","Site",-3.79400710310915,4.20599289689085,0.37884497006838
"Growing season",59,"Agricultural_Full","Agricultural","Full",-4.27182588022424,3.72817411977576,0.444041428599644
"Growing season",59,"Site_Full","Site","Full",-2.68213905325968,1.31786094674032,0.517404416472837
"Growing season",60,"Storm_Agricultural","Storm","Agricultural",-1.97833622827847,2.02166377172153,0.36391611694323
"Growing season",60,"Storm_Site","Storm","Site",-1.08606560115589,6.91393439884411,0.14050690228595
"Growing season",60,"Agricultural_Full","Agricultural","Full",-2.00330844678371,5.99669155321629,0.199395486548409
"Growing season",60,"Site_Full","Site","Full",-2.89557907390628,1.10442092609372,0.575675892637507
"Growing season",61,"Storm_Agricultural","Storm","Agricultural",-3.47728900717641,0.52271099282359,0.77000713617948
"Growing season",61,"Storm_Site","Storm","Site",-0.699487415467445,7.30051258453256,0.120834437245856
"Growing season",61,"Agricultural_Full","Agricultural","Full",-0.703811121640626,7.29618887835937,0.121039649941398
"Growing season",61,"Site_Full","Site","Full",-3.48161271334959,0.518387286650409,0.771673579136926
"Growing season",62,"Storm_Agricultural","Storm","Agricultural",-0.995722888244757,3.00427711175524,0.22265349370355
"Growing season",62,"Storm_Site","Storm","Site",3.32527421976044,11.3252742197604,0.0231416387393548
"Growing season",62,"Agricultural_Full","Agricultural","Full",1.99899407386249,9.99899407386249,0.0404446300964621
"Growing season",62,"Site_Full","Site","Full",-2.32200303414271,1.67799696585729,0.43214310547117
"Growing season",63,"Storm_Agricultural","Storm","Agricultural",0.693414453586911,4.69341445358691,0.095683708818735
"Growing season",63,"Storm_Site","Storm","Site",0.0314879405164561,8.03148794051646,0.0904315370868081
"Growing season",63,"Agricultural_Full","Agricultural","Full",-1.3238328137345,6.6761671862655,0.154023373679934
"Growing season",63,"Site_Full","Site","Full",-0.661906300664043,3.33809369933596,0.188426578929848
"Growing season",64,"Storm_Agricultural","Storm","Agricultural",-0.0992178059801176,3.90078219401988,0.142218439502004
"Growing season",64,"Storm_Site","Storm","Site",-0.887540671729596,7.1124593282704,0.130063275716915
"Growing season",64,"Agricultural_Full","Agricultural","Full",-2.26330799240543,5.73669200759457,0.219694138982989
"Growing season",64,"Site_Full","Site","Full",-1.47498512665595,2.52501487334405,0.282943672947012
"Growing season",65,"Storm_Agricultural","Storm","Agricultural",-0.604659365032035,3.39534063496797,0.183109614800052
"Growing season",65,"Storm_Site","Storm","Site",-0.730660622307937,7.26933937769206,0.12232121836847
"Growing season",65,"Agricultural_Full","Agricultural","Full",-1.4142616175028,6.5857383824972,0.159467701975602
"Growing season",65,"Site_Full","Site","Full",-1.2882603602269,2.7117396397731,0.257723024316881
"Growing season",66,"Storm_Agricultural","Storm","Agricultural",0.906799100547858,4.90679910054786,0.0860007251941618
"Growing season",66,"Storm_Site","Storm","Site",-3.39942438889676,4.60057561110324,0.33078782306396
"Growing season",66,"Agricultural_Full","Agricultural","Full",-4.04812884733195,3.95187115266805,0.412558565079505
"Growing season",66,"Site_Full","Site","Full",0.258094642112667,4.25809464211267,0.11895056158531
"Growing season",67,"Storm_Agricultural","Storm","Agricultural",-3.71497015329095,0.285029846709051,0.867174613041506
"Growing season",67,"Storm_Site","Storm","Site",0.929268127495675,8.92926812749567,0.0628919625817808
"Growing season",67,"Agricultural_Full","Agricultural","Full",0.989592295580906,8.98959229558091,0.0613601511628037
"Growing season",67,"Site_Full","Site","Full",-3.65464598520572,0.345354014794282,0.841409339952442
"Growing season",68,"Storm_Agricultural","Storm","Agricultural",-3.96825762592277,0.0317423740772256,0.984254096574818
"Growing season",68,"Storm_Site","Storm","Site",2.44183684321564,10.4418368432156,0.0336076731827865
"Growing season",68,"Agricultural_Full","Agricultural","Full",2.56087501376248,10.5608750137625,0.0319687037637366
"Growing season",68,"Site_Full","Site","Full",-3.84921945537593,0.15078054462407,0.927381484377432
"Growing season",69,"Storm_Agricultural","Storm","Agricultural",2.86277342639636,6.86277342639636,0.032342060499914
"Growing season",69,"Storm_Site","Storm","Site",-4.48630548745831,3.51369451254169,0.47579912129278
"Growing season",69,"Agricultural_Full","Agricultural","Full",-3.46289476170051,4.53710523829949,0.338170404120064
"Growing season",69,"Site_Full","Site","Full",3.88618415215416,7.88618415215416,0.0193881722616316
"Growing season",70,"Storm_Agricultural","Storm","Agricultural",-2.54383248883664,1.45616751116336,0.482833330851166
"Growing season",70,"Storm_Site","Storm","Site",-0.869434914422754,7.13056508557725,0.129147239068007
"Growing season",70,"Agricultural_Full","Agricultural","Full",-1.43111437425887,6.56888562574113,0.160501450145582
"Growing season",70,"Site_Full","Site","Full",-3.10551194867276,0.894488051327244,0.639387862188568
"Growing season",71,"Storm_Agricultural","Storm","Agricultural",0.371845624100843,4.37184562410084,0.112373985723552
"Growing season",71,"Storm_Site","Storm","Site",-3.19438403847653,4.80561596152347,0.307830179510013
"Growing season",71,"Agricultural_Full","Agricultural","Full",-4.9583389744829,3.0416610255171,0.550877896973284
"Growing season",71,"Site_Full","Site","Full",-1.39210931190553,2.60789068809447,0.271458679639438
"Growing season",72,"Storm_Agricultural","Storm","Agricultural",-0.40624598216408,3.59375401783592,0.165815922101249
"Growing season",72,"Storm_Site","Storm","Site",1.42461411822791,9.42461411822791,0.0513195207022218
"Growing season",72,"Agricultural_Full","Agricultural","Full",1.15721594080929,9.15721594080929,0.0572877369612863
"Growing season",72,"Site_Full","Site","Full",-0.673644159582693,3.32635584041731,0.189535692701539
"Growing season",73,"Storm_Agricultural","Storm","Agricultural",-1.7724496290233,2.2275503709767,0.328317160356656
"Growing season",73,"Storm_Site","Storm","Site",-0.362489755980675,7.63751024401932,0.105796324445995
"Growing season",73,"Agricultural_Full","Agricultural","Full",-1.36647222500022,6.63352777499978,0.156569094806216
"Growing season",73,"Site_Full","Site","Full",-2.77643209804285,1.22356790195715,0.542382421847931
"Growing season",74,"Storm_Agricultural","Storm","Agricultural",-1.91439310243874,2.08560689756126,0.352465177522207
"Growing season",74,"Storm_Site","Storm","Site",-2.96744309952805,5.03255690047195,0.283973237796058
"Growing season",74,"Agricultural_Full","Agricultural","Full",-2.84073811057817,5.15926188942183,0.271343091731551
"Growing season",74,"Site_Full","Site","Full",-1.78768811348885,2.21231188651115,0.330828242454029
"Growing season",75,"Storm_Agricultural","Storm","Agricultural",-2.12447021648535,1.87552978351465,0.391501907311979
"Growing season",75,"Storm_Site","Storm","Site",-0.986904029323114,7.01309597067689,0.135197779631408
"Growing season",75,"Agricultural_Full","Agricultural","Full",-2.41551610631768,5.58448389368232,0.232402485314528
"Growing season",75,"Site_Full","Site","Full",-3.55308229347992,0.446917706520082,0.799747798205283
"Growing season",76,"Storm_Agricultural","Storm","Agricultural",-3.15246817551002,0.847531824489977,0.654577092457858
"Growing season",76,"Storm_Site","Storm","Site",-2.89469985542348,5.10530014457652,0.276662687897393
"Growing season",76,"Agricultural_Full","Agricultural","Full",-3.26904665583425,4.73095334416575,0.316033498492956
"Growing season",76,"Site_Full","Site","Full",-3.52681497592079,0.473185024079214,0.789312857981827
"Growing season",77,"Storm_Agricultural","Storm","Agricultural",-2.5214610938491,1.4785389061509,0.477462596973251
"Growing season",77,"Storm_Site","Storm","Site",10.6252057135807,18.6252057135807,0.000931014104291077
"Growing season",77,"Agricultural_Full","Agricultural","Full",10.0523588646135,18.0523588646135,0.00120535660636784
"Growing season",77,"Site_Full","Site","Full",-3.09430794281627,0.905692057183728,0.63581602357856
"Growing season",78,"Storm_Agricultural","Storm","Agricultural",6.6163179579134,10.6163179579134,0.00495103328888402
"Growing season",78,"Storm_Site","Storm","Site",-4.19405122271326,3.80594877728674,0.432904328380391
"Growing season",78,"Agricultural_Full","Agricultural","Full",-4.84233605076776,3.15766394923224,0.53179595778421
"Growing season",78,"Site_Full","Site","Full",5.9680331298589,9.9680331298589,0.00684650781365843
"Growing season",79,"Storm_Agricultural","Storm","Agricultural",3.26922513379992,7.26922513379992,0.0263941583773433
"Growing season",79,"Storm_Site","Storm","Site",0.321306791538973,8.32130679153897,0.0804925860782767
"Growing season",79,"Agricultural_Full","Agricultural","Full",2.02246609213142,10.0224660921314,0.040050939289258
"Growing season",79,"Site_Full","Site","Full",4.97038443439237,8.97038443439237,0.0112747201173524
"Growing season",80,"Storm_Agricultural","Storm","Agricultural",-1.05953048636945,2.94046951363055,0.22987151494726
"Growing season",80,"Storm_Site","Storm","Site",-2.49881541462815,5.50118458537185,0.239625373134041
"Growing season",80,"Agricultural_Full","Agricultural","Full",-3.03462428123277,4.96537571876723,0.290868649401769
"Growing season",80,"Site_Full","Site","Full",-1.59533935297407,2.40466064702593,0.300493149127014
"Growing season",81,"Storm_Agricultural","Storm","Agricultural",-2.96447175623678,1.03552824376322,0.595851310611478
"Growing season",81,"Storm_Site","Storm","Site",0.212600859868644,8.21260085986864,0.0840935613625724
"Growing season",81,"Agricultural_Full","Agricultural","Full",0.475081217028958,8.47508121702896,0.075646162287146
"Growing season",81,"Site_Full","Site","Full",-2.70199139907646,1.29800860092354,0.522565836368462
"Growing season",82,"Storm_Agricultural","Storm","Agricultural",2.06737083999138,6.06737083999138,0.0481379024237409
"Growing season",82,"Storm_Site","Storm","Site",0.867816152482874,8.86781615248287,0.0644897178034663
"Growing season",82,"Agricultural_Full","Agricultural","Full",-0.446080170130301,7.5539198298697,0.109355025845184
"Growing season",82,"Site_Full","Site","Full",0.753474517378208,4.75347451737821,0.0928530392618385
"Growing season",83,"Storm_Agricultural","Storm","Agricultural",-1.31797024427533,2.68202975572467,0.261580062009847
"Growing season",83,"Storm_Site","Storm","Site",2.41766277434499,10.417662774345,0.0339502625574789
"Growing season",83,"Agricultural_Full","Agricultural","Full",1.38874296002939,9.38874296002939,0.0520842201301295
"Growing season",83,"Site_Full","Site","Full",-2.34689005859093,1.65310994140907,0.437554079427077
"Growing season",84,"Storm_Agricultural","Storm","Agricultural",3.35447200668636,7.35447200668636,0.0252927874898733
"Growing season",84,"Storm_Site","Storm","Site",-2.81647173030927,5.18352826969073,0.268979354719582
"Growing season",84,"Agricultural_Full","Agricultural","Full",-3.90487967214614,4.09512032785386,0.393285747009458
"Growing season",84,"Site_Full","Site","Full",2.2660640648495,6.2660640648495,0.0435854442246741
"Growing season",85,"Storm_Agricultural","Storm","Agricultural",-2.21540382619833,1.78459617380167,0.409713113694283
"Growing season",85,"Storm_Site","Storm","Site",-1.81576186146219,6.18423813853781,0.185805263614153
"Growing season",85,"Agricultural_Full","Agricultural","Full",-1.35387700243029,6.64612299756971,0.155813162274416
"Growing season",85,"Site_Full","Site","Full",-1.75351896716643,2.24648103283357,0.325224190866486
"Growing season",86,"Storm_Agricultural","Storm","Agricultural",-2.06188514072466,1.93811485927534,0.379440518988953
"Growing season",86,"Storm_Site","Storm","Site",-6.00224227572357,1.99775772427643,0.736171325826503
"Growing season",86,"Agricultural_Full","Agricultural","Full",-6.16412906904435,1.83587093095565,0.765913426118674
"Growing season",86,"Site_Full","Site","Full",-2.22377193404543,1.77622806595457,0.411430966743959
"Growing season",87,"Storm_Agricultural","Storm","Agricultural",-0.852797082393749,3.14720291760625,0.207297263810896
"Growing season",87,"Storm_Site","Storm","Site",2.99425630314852,10.9942563031485,0.026628641479011
"Growing season",87,"Agricultural_Full","Agricultural","Full",1.50445576984617,9.50445576984617,0.0496557717300002
"Growing season",87,"Site_Full","Site","Full",-2.34259761569609,1.65740238430391,0.436615998502193
"Growing season",88,"Storm_Agricultural","Storm","Agricultural",-0.552147054717068,3.44785294528293,0.178364428124025
"Growing season",88,"Storm_Site","Storm","Site",1.77276403427732,9.77276403427732,0.0444344385687504
"Growing season",88,"Agricultural_Full","Agricultural","Full",1.78492006606137,9.78492006606137,0.0442107874416586
"Growing season",88,"Site_Full","Site","Full",-0.539991022933009,3.46000897706699,0.177283614224651
"Growing season",89,"Storm_Agricultural","Storm","Agricultural",1.8238027463982,5.8238027463982,0.0543722495849101
"Growing season",89,"Storm_Site","Storm","Site",-1.20730330922009,6.79269669077991,0.147257272254364
"Growing season",89,"Agricultural_Full","Agricultural","Full",-3.52397091747645,4.47602908252355,0.345399280901784
"Growing season",89,"Site_Full","Site","Full",-0.492864861858152,3.50713513814185,0.173155097448752
"Growing season",90,"Storm_Agricultural","Storm","Agricultural",-3.69003386999441,0.309966130005591,0.856429680995058
"Growing season",90,"Storm_Site","Storm","Site",-3.35920304172481,4.64079695827519,0.326177463366229
"Growing season",90,"Agricultural_Full","Agricultural","Full",-3.16608581110637,4.83391418889363,0.304767320266765
"Growing season",90,"Site_Full","Site","Full",-3.49691663937597,0.503083360624032,0.777601046280082
"Growing season",91,"Storm_Agricultural","Storm","Agricultural",-1.86360348267795,2.13639651732205,0.343627087128131
"Growing season",91,"Storm_Site","Storm","Site",5.12808665677483,13.1280866567748,0.0106666049653014
"Growing season",91,"Agricultural_Full","Agricultural","Full",4.35296673579546,12.3529667357955,0.0149107345406927
"Growing season",91,"Site_Full","Site","Full",-2.63872340365731,1.36127659634269,0.506293722847937
"Growing season",92,"Storm_Agricultural","Storm","Agricultural",-0.500345656084789,3.49965434391521,0.173803979056334
"Growing season",92,"Storm_Site","Storm","Site",-6.81530828032288,1.18469171967712,0.880612538328631
"Growing season",92,"Agricultural_Full","Agricultural","Full",-6.977306958572,1.022693041428,0.906335681956769
"Growing season",92,"Site_Full","Site","Full",-0.662344334333909,3.33765566566609,0.188467852042371
"Growing season",93,"Storm_Agricultural","Storm","Agricultural",-2.79316424130263,1.20683575869737,0.546939066068844
"Growing season",93,"Storm_Site","Storm","Site",-5.33826333825027,2.66173666174973,0.615926612235124
"Growing season",93,"Agricultural_Full","Agricultural","Full",-5.58135855955629,2.41864144044371,0.659261098827158
"Growing season",93,"Site_Full","Site","Full",-3.03625946260865,0.963740537391345,0.617627182147435
"Growing season",94,"Storm_Agricultural","Storm","Agricultural",-3.73387932920633,0.266120670793669,0.875412272168496
"Growing season",94,"Storm_Site","Storm","Site",1.81631564789802,9.81631564789802,0.043638139752884
"Growing season",94,"Agricultural_Full","Agricultural","Full",1.93713352820652,9.93713352820652,0.0415000793982938
"Growing season",94,"Site_Full","Site","Full",-3.61306144889784,0.386938551102162,0.82409515567566
"Growing season",95,"Storm_Agricultural","Storm","Agricultural",-1.478512051032,2.521487948968,0.283443073623279
"Growing season",95,"Storm_Site","Storm","Site",-0.0182851686591334,7.98171483134087,0.0922503046267579
"Growing season",95,"Agricultural_Full","Agricultural","Full",-0.295649487430808,7.70435051256919,0.103028652952491
"Growing season",95,"Site_Full","Site","Full",-1.75587636980367,2.24412363019633,0.325607759060867
"Growing season",96,"Storm_Agricultural","Storm","Agricultural",0.459272667445248,4.45927266744525,0.107567541711044
"Growing season",96,"Storm_Site","Storm","Site",0.0685254434657736,8.06852544346577,0.0891000274055649
"Growing season",96,"Agricultural_Full","Agricultural","Full",-2.061539888467,5.938460111533,0.203791489021841
"Growing season",96,"Site_Full","Site","Full",-1.67079266448752,2.32920733551248,0.312046311542695
"Growing season",97,"Storm_Agricultural","Storm","Agricultural",4.71284497114959,8.71284497114959,0.0128241843860811
"Growing season",97,"Storm_Site","Storm","Site",3.88957358208989,11.8895735820899,0.0181915966338111
"Growing season",97,"Agricultural_Full","Agricultural","Full",4.70865222285579,12.7086522228558,0.0127906942424922
"Growing season",97,"Site_Full","Site","Full",5.53192361191549,9.53192361191549,0.0085146948185855
"Growing season",98,"Storm_Agricultural","Storm","Agricultural",1.70961999715797,5.70961999715797,0.0575667578476545
"Growing season",98,"Storm_Site","Storm","Site",-2.75007251889411,5.24992748110589,0.262601014218574
"Growing season",98,"Agricultural_Full","Agricultural","Full",-2.49875450749755,5.50124549250245,0.239620021417499
"Growing season",98,"Site_Full","Site","Full",1.96093800855454,5.96093800855454,0.0507690173940112
"Growing season",99,"Storm_Agricultural","Storm","Agricultural",0.115344930961271,4.11534493096127,0.127750968913034
"Growing season",99,"Storm_Site","Storm","Site",0.239454348886227,8.23945434888623,0.0831901753341992
"Growing season",99,"Agricultural_Full","Agricultural","Full",1.0918790400691,9.0918790400691,0.0588435249274203
"Growing season",99,"Site_Full","Site","Full",0.967769622144147,4.96776962214415,0.0834185300809149
"Growing season",100,"Storm_Agricultural","Storm","Agricultural",-1.10022187157148,2.89977812842852,0.23459631177647
"Growing season",100,"Storm_Site","Storm","Site",-3.2011124377189,4.7988875622811,0.308562162519056
"Growing season",100,"Agricultural_Full","Agricultural","Full",-2.36019659558076,5.63980340441924,0.227711224425804
"Growing season",100,"Site_Full","Site","Full",-0.259306029433333,3.74069397056667,0.154070192449746
"Growing season",101,"Storm_Agricultural","Storm","Agricultural",3.09472404000678,7.09472404000678,0.0288005147135006
"Growing season",101,"Storm_Site","Storm","Site",-0.210037117761203,7.7899628822388,0.0995822884970366
"Growing season",101,"Agricultural_Full","Agricultural","Full",-2.48364311625943,5.51635688374057,0.238295433279808
"Growing season",101,"Site_Full","Site","Full",0.821118041508555,4.82111804150856,0.0897650999897441
"Growing season",102,"Storm_Agricultural","Storm","Agricultural",4.8590685849922,8.8590685849922,0.011920039632264
"Growing season",102,"Storm_Site","Storm","Site",-3.72804815362002,4.27195184637998,0.370450480782902
"Growing season",102,"Agricultural_Full","Agricultural","Full",-4.84541573709998,3.15458426290002,0.532297441590376
"Growing season",102,"Site_Full","Site","Full",3.74170100151224,7.74170100151224,0.0208406369080757
"Growing season",103,"Storm_Agricultural","Storm","Agricultural",-2.13761256430496,1.86238743569504,0.394083005565984
"Growing season",103,"Storm_Site","Storm","Site",-3.91610501132334,4.08389498867666,0.394770947945751
"Growing season",103,"Agricultural_Full","Agricultural","Full",-4.47320903935037,3.52679096064963,0.473816430258402
"Growing season",103,"Site_Full","Site","Full",-2.69471659233199,1.30528340766801,0.520668506402164
"Growing season",104,"Storm_Agricultural","Storm","Agricultural",-1.98897846708888,2.01102153291112,0.365857719222489
"Growing season",104,"Storm_Site","Storm","Site",-1.08112276254872,6.91887723745128,0.140237799302789
"Growing season",104,"Agricultural_Full","Agricultural","Full",-1.68709512911857,6.31290487088143,0.176967265368436
"Growing season",104,"Site_Full","Site","Full",-2.59495083365874,1.40504916634126,0.495333214058029
"Growing season",105,"Storm_Agricultural","Storm","Agricultural",-0.246881551580032,3.75311844841997,0.153116038387826
"Growing season",105,"Storm_Site","Storm","Site",-3.27300492164676,4.72699507835324,0.316473372417592
"Growing season",105,"Agricultural_Full","Agricultural","Full",-4.00315795644599,3.99684204355401,0.406433401346955
"Growing season",105,"Site_Full","Site","Full",-0.977034586379261,3.02296541362074,0.22058267593701
"Growing season",106,"Storm_Agricultural","Storm","Agricultural",1.69824535967052,5.69824535967052,0.0578950911315861
"Growing season",106,"Storm_Site","Storm","Site",0.498450901052138,8.49845090105214,0.0749341974388639
"Growing season",106,"Agricultural_Full","Agricultural","Full",1.92918766730565,9.92918766730565,0.0416375501086339
"Growing season",106,"Site_Full","Site","Full",3.12898212592404,7.12898212592404,0.0283113905334836
"Growing season",107,"Storm_Agricultural","Storm","Agricultural",-2.48168864375674,1.51831135624326,0.468061454747827
"Growing season",107,"Storm_Site","Storm","Site",-0.957177410788404,7.0428225892116,0.13364247841916
"Growing season",107,"Agricultural_Full","Agricultural","Full",-0.920594681432249,7.07940531856775,0.131751047236882
"Growing season",107,"Site_Full","Site","Full",-2.44510591440059,1.55489408559941,0.459577797355825
"Growing season",108,"Storm_Agricultural","Storm","Agricultural",7.37425219172042,11.3742521917204,0.00338931956556014
"Growing season",108,"Storm_Site","Storm","Site",-0.79420660497658,7.20579339502342,0.125404486318992
"Growing season",108,"Agricultural_Full","Agricultural","Full",-1.48693036942745,6.51306963057255,0.163968751383882
"Growing season",108,"Site_Full","Site","Full",6.68152842726954,10.6815284272695,0.00479220704060049
"Growing season",109,"Storm_Agricultural","Storm","Agricultural",-1.54725163671208,2.45274836328792,0.293354301119347
"Growing season",109,"Storm_Site","Storm","Site",-5.81270953445693,2.18729046554307,0.701356785106595
"Growing season",109,"Agricultural_Full","Agricultural","Full",-6.06966823822586,1.93033176177414,0.748571001397597
"Growing season",109,"Site_Full","Site","Full",-1.80421034048101,2.19578965951899,0.333572572114606
"Growing season",110,"Storm_Agricultural","Storm","Agricultural",-0.273054624996689,3.72694537500331,0.155132965556135
"Growing season",110,"Storm_Site","Storm","Site",-4.81775137350388,3.18224862649612,0.527802861191653
"Growing season",110,"Agricultural_Full","Agricultural","Full",-4.88354153400633,3.11645846599367,0.538529005834794
"Growing season",110,"Site_Full","Site","Full",-0.338844785499134,3.66115521450087,0.160320938489607
"Growing season",111,"Storm_Agricultural","Storm","Agricultural",-3.16150033146243,0.838499668537565,0.657539898745422
"Growing season",111,"Storm_Site","Storm","Site",-2.04956082282956,5.95043917717044,0.202880204531531
"Growing season",111,"Agricultural_Full","Agricultural","Full",-1.18256591323211,6.81743408676789,0.145856310562869
"Growing season",111,"Site_Full","Site","Full",-2.29450542186498,1.70549457813502,0.426242311080679
"Growing season",112,"Storm_Agricultural","Storm","Agricultural",2.8270499226723,6.8270499226723,0.0329249364553592
"Growing season",112,"Storm_Site","Storm","Site",-2.68322064328163,5.31677935671837,0.256310262266972
"Growing season",112,"Agricultural_Full","Agricultural","Full",-3.29563474779206,4.70436525220794,0.318997835259611
"Growing season",112,"Site_Full","Site","Full",2.21463581816187,6.21463581816187,0.0447207397220689
"Growing season",113,"Storm_Agricultural","Storm","Agricultural",3.00622096185191,7.00622096185191,0.0301036009670516
"Growing season",113,"Storm_Site","Storm","Site",-0.919028153505053,7.08097184649495,0.131670605847258
"Growing season",113,"Agricultural_Full","Agricultural","Full",-2.4959134612734,5.5040865387266,0.2393705029299
"Growing season",113,"Site_Full","Site","Full",1.42933565408356,5.42933565408356,0.0662269481550569
"Growing season",114,"Storm_Agricultural","Storm","Agricultural",-3.4068591689059,0.593140831094104,0.743363281089037
"Growing season",114,"Storm_Site","Storm","Site",-0.712924726433869,7.28707527356613,0.121473257984457
"Growing season",114,"Agricultural_Full","Agricultural","Full",-1.23722686655253,6.76277313344747,0.148968362963275
"Growing season",114,"Site_Full","Site","Full",-3.93116130902456,0.0688386909754399,0.966166262212708
"Growing season",115,"Storm_Agricultural","Storm","Agricultural",-2.33954010689797,1.66045989310203,0.435949029819334
"Growing season",115,"Storm_Site","Storm","Site",2.80712279837184,10.8071227983718,0.0288193830696022
"Growing season",115,"Agricultural_Full","Agricultural","Full",1.74640646346211,9.74640646346211,0.0449231039776198
"Growing season",115,"Site_Full","Site","Full",-3.4002564418077,0.599743558192301,0.74091321515357
"Growing season",116,"Storm_Agricultural","Storm","Agricultural",-2.49004219008509,1.50995780991491,0.470020529729031
"Growing season",116,"Storm_Site","Storm","Site",-1.72045599648129,6.27954400351871,0.179221772503277
"Growing season",116,"Agricultural_Full","Agricultural","Full",-1.86297989899646,6.13702010100354,0.189146544048097
"Growing season",116,"Site_Full","Site","Full",-2.63256609260026,1.36743390739974,0.504737415774959
"Growing season",117,"Storm_Agricultural","Storm","Agricultural",1.47612474169676,5.47612474169676,0.0646955815696369
"Growing season",117,"Storm_Site","Storm","Site",-2.66656368422986,5.33343631577014,0.254763113870292
"Growing season",117,"Agricultural_Full","Agricultural","Full",-2.92617739262977,5.07382260737023,0.279806364477871
"Growing season",117,"Site_Full","Site","Full",1.21651103329685,5.21651103329685,0.0736629355064863
"Growing season",118,"Storm_Agricultural","Storm","Agricultural",-1.64136133882482,2.35863866117518,0.307487965038521
"Growing season",118,"Storm_Site","Storm","Site",-4.48737766753266,3.51262233246734,0.475961688451631
"Growing season",118,"Agricultural_Full","Agricultural","Full",-4.80615130753011,3.19384869246989,0.52592506141148
"Growing season",118,"Site_Full","Site","Full",-1.96013497882228,2.03986502117772,0.360619277334492
"Growing season",119,"Storm_Agricultural","Storm","Agricultural",-1.23122099771359,2.76877900228641,0.250476668843741
"Growing season",119,"Storm_Site","Storm","Site",-0.786733872202035,7.21326612779797,0.125038219972841
"Growing season",119,"Agricultural_Full","Agricultural","Full",-1.88672732448168,6.11327267551832,0.190847195293335
"Growing season",119,"Site_Full","Site","Full",-2.33121444999324,1.66878555000676,0.434138020869281
"Growing season",120,"Storm_Agricultural","Storm","Agricultural",3.05434972864475,7.05434972864475,0.0293878232875993
"Growing season",120,"Storm_Site","Storm","Site",-0.761912447667498,7.2380875523325,0.123828706528663
"Growing season",120,"Agricultural_Full","Agricultural","Full",-1.13504219913835,6.86495780086165,0.143199015185994
"Growing season",120,"Site_Full","Site","Full",2.6812199771739,6.6812199771739,0.0354153481732913
"Growing season",121,"Storm_Agricultural","Storm","Agricultural",-2.53022953082257,1.46977046917743,0.479560492774034
"Growing season",121,"Storm_Site","Storm","Site",4.05037741420819,12.0503774142082,0.0169805513168651
"Growing season",121,"Agricultural_Full","Agricultural","Full",2.69741879329473,10.6974187932947,0.0301835607444364
"Growing season",121,"Site_Full","Site","Full",-3.88318815173602,0.116811848263978,0.943266974885143
"Growing season",122,"Storm_Agricultural","Storm","Agricultural",-3.76968567946915,0.230314320530852,0.891226067574568
"Growing season",122,"Storm_Site","Storm","Site",2.04029536599364,10.0402953659936,0.0397543546905869
"Growing season",122,"Agricultural_Full","Agricultural","Full",3.32246210400825,11.3224621040083,0.0231693095129627
"Growing season",122,"Site_Full","Site","Full",-2.48751894145454,1.51248105854546,0.469427914307664
"Growing season",123,"Storm_Agricultural","Storm","Agricultural",-1.09431984141457,2.90568015858543,0.233905035008816
"Growing season",123,"Storm_Site","Storm","Site",-2.95176919110361,5.04823080889639,0.282384418895022
"Growing season",123,"Agricultural_Full","Agricultural","Full",-3.71686267380511,4.28313732619489,0.369041411966156
"Growing season",123,"Site_Full","Site","Full",-1.85941332411608,2.14058667588392,0.342907914762141
"Growing season",124,"Storm_Agricultural","Storm","Agricultural",-2.45774726087114,1.54225273912886,0.462491838087188
"Growing season",124,"Storm_Site","Storm","Site",-2.2245200616785,5.7754799383215,0.216554730838157
"Growing season",124,"Agricultural_Full","Agricultural","Full",-2.85419253104578,5.14580746895422,0.272661249585552
"Growing season",124,"Site_Full","Site","Full",-3.08741973023842,0.912580269761577,0.63362997227057
"Growing season",125,"Storm_Agricultural","Storm","Agricultural",0.651992027333335,4.65199202733334,0.0976860988913035
"Growing season",125,"Storm_Site","Storm","Site",1.84937683686127,9.84937683686127,0.0430427995301319
"Growing season",125,"Agricultural_Full","Agricultural","Full",-0.936399843454581,7.06360015654542,0.132565177421243
"Growing season",125,"Site_Full","Site","Full",-2.13378465298251,1.86621534701749,0.393329469513816
"Growing season",126,"Storm_Agricultural","Storm","Agricultural",-2.84377168243373,1.15622831756627,0.560955242218937
"Growing season",126,"Storm_Site","Storm","Site",-3.48340161613726,4.51659838386274,0.340583875625289
"Growing season",126,"Agricultural_Full","Agricultural","Full",-3.8918255990601,4.1081744009399,0.39156394591856
"Growing season",126,"Site_Full","Site","Full",-3.25219566535657,0.747804334643433,0.688044221745362
"Growing season",127,"Storm_Agricultural","Storm","Agricultural",7.39690764155461,11.3969076415546,0.00335114292135355
"Growing season",127,"Storm_Site","Storm","Site",-5.12813067629094,2.87186932370906,0.579491586843528
"Growing season",127,"Agricultural_Full","Agricultural","Full",-2.82447941744658,5.17552058255342,0.26975742283463
"Growing season",127,"Site_Full","Site","Full",9.70055890039896,13.700558900399,0.00105915966916676
"Growing season",128,"Storm_Agricultural","Storm","Agricultural",-1.06805892411461,2.93194107588539,0.230853830314932
"Growing season",128,"Storm_Site","Storm","Site",2.93935433452589,10.9393543345259,0.027254109637375
"Growing season",128,"Agricultural_Full","Agricultural","Full",1.36525773659162,9.36525773659162,0.0525907561271632
"Growing season",128,"Site_Full","Site","Full",-2.64215552204888,1.35784447795112,0.507163298755267
"Growing season",129,"Storm_Agricultural","Storm","Agricultural",8.64153857089622,12.6415385708962,0.00179855936835066
"Growing season",129,"Storm_Site","Storm","Site",-4.51058479596685,3.48941520403315,0.47948961017103
"Growing season",129,"Agricultural_Full","Agricultural","Full",-3.37126096194328,4.62873903805672,0.327554081294131
"Growing season",129,"Site_Full","Site","Full",9.78086240491979,13.7808624049198,0.00101747500866283
"Growing season",130,"Storm_Agricultural","Storm","Agricultural",-2.43300244495123,1.56699755504877,0.45680495316222
"Growing season",130,"Storm_Site","Storm","Site",-0.934278792533121,7.06572120746688,0.132455653030861
"Growing season",130,"Agricultural_Full","Agricultural","Full",-1.84885586677484,6.15114413322516,0.188141498938123
"Growing season",130,"Site_Full","Site","Full",-3.34757951919295,0.652420480807052,0.72165345076899
"Growing season",131,"Storm_Agricultural","Storm","Agricultural",-2.28786382534702,1.71213617465298,0.424829193993138
"Growing season",131,"Storm_Site","Storm","Site",0.754452571776255,8.75445257177626,0.0675387612682948
"Growing season",131,"Agricultural_Full","Agricultural","Full",-0.504312804354697,7.4956871956453,0.111899619697592
"Growing season",131,"Site_Full","Site","Full",-3.54662920147797,0.45337079852203,0.797171533598366
"Growing season",132,"Storm_Agricultural","Storm","Agricultural",-2.05942433350003,1.94057566649997,0.378973941102153
"Growing season",132,"Storm_Site","Storm","Site",-2.44415016058718,5.55584983941282,0.234863678686618
"Growing season",132,"Agricultural_Full","Agricultural","Full",-2.8800939932259,5.1199060067741,0.275214176747399
"Growing season",132,"Site_Full","Site","Full",-2.49536816613875,1.50463183386125,0.471273856828928
"Growing season",133,"Storm_Agricultural","Storm","Agricultural",0.88182243661646,4.88182243661646,0.0870814650730267
"Growing season",133,"Storm_Site","Storm","Site",6.45417727678262,14.4541772767826,0.00597807639300403
"Growing season",133,"Agricultural_Full","Agricultural","Full",4.20560651986057,12.2056065198606,0.0158860529371245
"Growing season",133,"Site_Full","Site","Full",-1.36674832030559,2.63325167969441,0.268038181630839
"Growing season",134,"Storm_Agricultural","Storm","Agricultural",-1.73695702074195,2.26304297925805,0.322542138383021
"Growing season",134,"Storm_Site","Storm","Site",-1.47706468881739,6.52293531118261,0.163350997480785
"Growing season",134,"Agricultural_Full","Agricultural","Full",-1.98528365412665,6.01471634587335,0.198051940195245
"Growing season",134,"Site_Full","Site","Full",-2.24517598605121,1.75482401394879,0.415857757210603
"Growing season",135,"Storm_Agricultural","Storm","Agricultural",1.52356803080437,5.52356803080437,0.0631789555298894
"Growing season",135,"Storm_Site","Storm","Site",-3.3453955088184,4.6546044911816,0.324606887275543
"Growing season",135,"Agricultural_Full","Agricultural","Full",-2.80028215583957,5.19971784416043,0.2674121264952
"Growing season",135,"Site_Full","Site","Full",2.0686813837832,6.0686813837832,0.0481063693416542
"Growing season",136,"Storm_Agricultural","Storm","Agricultural",2.12084202226367,6.12084202226367,0.0468679591332023
"Growing season",136,"Storm_Site","Storm","Site",-0.607705288931129,7.39229471106887,0.116553498760703
"Growing season",136,"Agricultural_Full","Agricultural","Full",-1.90832465186651,6.09167534813349,0.192405711386873
"Growing season",136,"Site_Full","Site","Full",0.820222659328294,4.82022265932829,0.0898052960222456
"Growing season",137,"Storm_Agricultural","Storm","Agricultural",2.93723605643112,6.93723605643112,0.0311600632475114
"Growing season",137,"Storm_Site","Storm","Site",1.58888547977699,9.58888547977699,0.0479525437048743
"Growing season",137,"Agricultural_Full","Agricultural","Full",-0.201067055402518,7.79893294459748,0.0992274929600481
"Growing season",137,"Site_Full","Site","Full",1.14728352125161,5.14728352125161,0.0762573281958716
"Growing season",138,"Storm_Agricultural","Storm","Agricultural",-3.1744692708632,0.825530729136801,0.661817550458084
"Growing season",138,"Storm_Site","Storm","Site",-5.89014039987075,2.10985960012925,0.715561225617023
"Growing season",138,"Agricultural_Full","Agricultural","Full",-5.80680047496929,2.19319952503071,0.700274491035899
"Growing season",138,"Site_Full","Site","Full",-3.09112934596175,0.908870654038253,0.634806324741176
"Growing season",139,"Storm_Agricultural","Storm","Agricultural",-0.77389612373571,3.22610387626429,0.199278499406538
"Growing season",139,"Storm_Site","Storm","Site",-4.87254009182976,3.12745990817024,0.536726436939999
"Growing season",139,"Agricultural_Full","Agricultural","Full",-5.48325356873113,2.51674643126887,0.641639616684576
"Growing season",139,"Site_Full","Site","Full",-1.38460960063708,2.61539039936292,0.27044265494366
"Growing season",140,"Storm_Agricultural","Storm","Agricultural",-1.8844965682797,2.1155034317203,0.347235617719395
"Growing season",140,"Storm_Site","Storm","Site",-4.08466507823641,3.91533492176359,0.417585267016428
"Growing season",140,"Agricultural_Full","Agricultural","Full",-4.34885414353715,3.65114585646285,0.455271298291661
"Growing season",140,"Site_Full","Site","Full",-2.14868563358044,1.85131436641956,0.396270910894404
"Growing season",141,"Storm_Agricultural","Storm","Agricultural",-2.40740420660507,1.59259579339493,0.450995509317036
"Growing season",141,"Storm_Site","Storm","Site",-0.414494483604926,7.58550551639507,0.107997432716286
"Growing season",141,"Agricultural_Full","Agricultural","Full",-0.441671837750675,7.55832816224932,0.109164601715165
"Growing season",141,"Site_Full","Site","Full",-2.43458156075081,1.56541843924919,0.457165769545622
"Growing season",142,"Storm_Agricultural","Storm","Agricultural",-3.70760041188913,0.292399588110868,0.863985066859019
"Growing season",142,"Storm_Site","Storm","Site",-0.36830437549844,7.63169562450156,0.106040338519612
"Growing season",142,"Agricultural_Full","Agricultural","Full",-0.325125261549942,7.67487473845006,0.104240738885174
"Growing season",142,"Site_Full","Site","Full",-3.66442129794063,0.335578702059365,0.845531926356244
"Growing season",143,"Storm_Agricultural","Storm","Agricultural",-2.79139616373624,1.20860383626376,0.546455764382586
"Growing season",143,"Storm_Site","Storm","Site",2.42147360400895,10.421473604009,0.0338960339036941
"Growing season",143,"Agricultural_Full","Agricultural","Full",2.43401532927504,10.434015329275,0.0337181518354936
"Growing season",143,"Site_Full","Site","Full",-2.77885443847015,1.22114556152985,0.543039737261753
"Growing season",144,"Storm_Agricultural","Storm","Agricultural",-2.95187465794248,1.04812534205752,0.592110106295154
"Growing season",144,"Storm_Site","Storm","Site",-5.55642794957453,2.44357205042547,0.654767782385855
"Growing season",144,"Agricultural_Full","Agricultural","Full",-6.02189559350302,1.97810440649698,0.739786270800499
"Growing season",144,"Site_Full","Site","Full",-3.41734230187097,0.582657698129026,0.747269898601047
"Growing season",145,"Storm_Agricultural","Storm","Agricultural",1.44439929579642,5.44439929579642,0.0657300124103802
"Growing season",145,"Storm_Site","Storm","Site",-5.21664299951829,2.78335700048171,0.594708993614984
"Growing season",145,"Agricultural_Full","Agricultural","Full",-4.83917916948411,3.16082083051589,0.531282197620591
"Growing season",145,"Site_Full","Site","Full",1.82186312583059,5.82186312583059,0.054425005929399
"Growing season",146,"Storm_Agricultural","Storm","Agricultural",3.89970806923765,7.89970806923765,0.0192575125004003
"Growing season",146,"Storm_Site","Storm","Site",-3.72571040322242,4.27428959677758,0.370155640419881
"Growing season",146,"Agricultural_Full","Agricultural","Full",-1.66670962969192,6.33329037030808,0.175602214802491
"Growing season",146,"Site_Full","Site","Full",5.95870884276815,9.95870884276815,0.00687850173805376
"Growing season",147,"Storm_Agricultural","Storm","Agricultural",-1.77380728855508,2.22619271144492,0.328540107480769
"Growing season",147,"Storm_Site","Storm","Site",-2.69133371176849,5.30866628823151,0.257066745453368
"Growing season",147,"Agricultural_Full","Agricultural","Full",-3.35332605363254,4.64667394636746,0.325508213997077
"Growing season",147,"Site_Full","Site","Full",-2.43579963041913,1.56420036958087,0.457444284228222
"Growing season",148,"Storm_Agricultural","Storm","Agricultural",-1.76469773501339,2.23530226498661,0.327047083407795
"Growing season",148,"Storm_Site","Storm","Site",-0.299856188330637,7.70014381166936,0.103200830854654
"Growing season",148,"Agricultural_Full","Agricultural","Full",-0.995495342123036,7.00450465787696,0.135650366260886
"Growing season",148,"Site_Full","Site","Full",-2.46033688880578,1.53966311119422,0.463091066840074
"Growing season",149,"Storm_Agricultural","Storm","Agricultural",-0.909210539978687,3.09078946002131,0.213227687241779
"Growing season",149,"Storm_Site","Storm","Site",-4.79267330629,3.20732669371,0.523748373128987
"Growing season",149,"Agricultural_Full","Agricultural","Full",-4.4211708020876,3.5788291979124,0.465993848167411
"Growing season",149,"Site_Full","Site","Full",-0.537708035776291,3.46229196422371,0.177081361574478
"Growing season",150,"Storm_Agricultural","Storm","Agricultural",-1.68803848756346,2.31196151243654,0.314748693739665
"Growing season",150,"Storm_Site","Storm","Site",1.72605564144618,9.72605564144618,0.0453039226458772
"Growing season",150,"Agricultural_Full","Agricultural","Full",0.511380630564645,8.51138063056464,0.0745430136286853
"Growing season",150,"Site_Full","Site","Full",-2.902713498445,1.097286501555,0.577733117842879
"Growing season",151,"Storm_Agricultural","Storm","Agricultural",-3.9280935768777,0.0719064231223001,0.964685428552398
"Growing season",151,"Storm_Site","Storm","Site",-1.28526682840499,6.71473317159501,0.151753360396023
"Growing season",151,"Agricultural_Full","Agricultural","Full",-1.22103461896086,6.77896538103914,0.148040216573469
"Growing season",151,"Site_Full","Site","Full",-3.86386136743357,0.136138632566428,0.934195716358022
"Growing season",152,"Storm_Agricultural","Storm","Agricultural",1.24089688426011,5.24089688426011,0.0727702222758014
"Growing season",152,"Storm_Site","Storm","Site",1.84053580406572,9.84053580406572,0.0432012348159039
"Growing season",152,"Agricultural_Full","Agricultural","Full",2.19573358108568,10.1957335810857,0.0372565397058199
"Growing season",152,"Site_Full","Site","Full",1.59609466128006,5.59609466128006,0.0609289205786596
"Growing season",153,"Storm_Agricultural","Storm","Agricultural",1.72831280781611,5.72831280781611,0.0570312221606137
"Growing season",153,"Storm_Site","Storm","Site",-1.67525284579142,6.32474715420858,0.176173126502162
"Growing season",153,"Agricultural_Full","Agricultural","Full",-3.81119327037067,4.18880672962933,0.38105625983412
"Growing season",153,"Site_Full","Site","Full",-0.407627616763136,3.59237238323686,0.165930510183932
"Growing season",154,"Storm_Agricultural","Storm","Agricultural",-3.95574699649819,0.0442530035018081,0.97811649377558
"Growing season",154,"Storm_Site","Storm","Site",-2.80708328127719,5.19291671872281,0.26806955804487
"Growing season",154,"Agricultural_Full","Agricultural","Full",-2.75278227839345,5.24721772160655,0.262858764360848
"Growing season",154,"Site_Full","Site","Full",-3.90144599361446,0.098554006385541,0.951917409012905
"Growing season",155,"Storm_Agricultural","Storm","Agricultural",-3.78251812400248,0.217481875997521,0.896962756368552
"Growing season",155,"Storm_Site","Storm","Site",-0.463005156483632,7.53699484351637,0.110088997469582
"Growing season",155,"Agricultural_Full","Agricultural","Full",0.969843721709992,8.96984372170999,0.0618576802023177
"Growing season",155,"Site_Full","Site","Full",-2.34966924580885,1.65033075419115,0.438162524427159
"Growing season",156,"Storm_Agricultural","Storm","Agricultural",-2.46970329117136,1.53029670882864,0.465264901752041
"Growing season",156,"Storm_Site","Storm","Site",-4.21577459096687,3.78422540903313,0.43599459615648
"Growing season",156,"Agricultural_Full","Agricultural","Full",-4.52685702762835,3.47314297237165,0.481973747729037
"Growing season",156,"Site_Full","Site","Full",-2.78078572783284,1.21921427216716,0.54356437396135
"Growing season",157,"Storm_Agricultural","Storm","Agricultural",-1.70298909295684,2.29701090704316,0.317110351554801
"Growing season",157,"Storm_Site","Storm","Site",1.90666839456748,9.90666839456748,0.0420295319809896
"Growing season",157,"Agricultural_Full","Agricultural","Full",0.783127588449929,8.78312758844993,0.0667548501722751
"Growing season",157,"Site_Full","Site","Full",-2.82652989907439,1.17347010092561,0.556140093099809
"Growing season",158,"Storm_Agricultural","Storm","Agricultural",1.29815943506475,5.29815943506475,0.0707162620602617
"Growing season",158,"Storm_Site","Storm","Site",-5.54575275759203,2.45424724240797,0.6528468407709
"Growing season",158,"Agricultural_Full","Agricultural","Full",-4.99963688505608,3.00036311494392,0.55776463578826
"Growing season",158,"Site_Full","Site","Full",1.8442753076007,5.8442753076007,0.0538185188876849
"Growing season",159,"Storm_Agricultural","Storm","Agricultural",0.663654786405573,4.66365478640557,0.0971181118567822
"Growing season",159,"Storm_Site","Storm","Site",-4.84869617359089,3.15130382640911,0.532831925693888
"Growing season",159,"Agricultural_Full","Agricultural","Full",-4.37253958897128,3.62746041102872,0.458764107880583
"Growing season",159,"Site_Full","Site","Full",1.13981137102519,5.13981137102519,0.0765427641750575
"Growing season",160,"Storm_Agricultural","Storm","Agricultural",-1.19659509037075,2.80340490962925,0.246177500912811
"Growing season",160,"Storm_Site","Storm","Site",-2.1646099925527,5.8353900074473,0.211783334896085
"Growing season",160,"Agricultural_Full","Agricultural","Full",-3.83973046824013,4.16026953175987,0.384750035230517
"Growing season",160,"Site_Full","Site","Full",-2.87171556605819,1.12828443394181,0.568847885602988
"Growing season",161,"Storm_Agricultural","Storm","Agricultural",-3.1805243617697,0.819475638230301,0.663824269357391
"Growing season",161,"Storm_Site","Storm","Site",-0.996619613135067,7.00338038686493,0.135709695230117
"Growing season",161,"Agricultural_Full","Agricultural","Full",-1.62067032430338,6.37932967569662,0.172554163915963
"Growing season",161,"Site_Full","Site","Full",-3.80457507293801,0.195424927061993,0.906909635861531
"Growing season",162,"Storm_Agricultural","Storm","Agricultural",-2.96772920629047,1.03227079370953,0.596822579303453
"Growing season",162,"Storm_Site","Storm","Site",-3.16087529147546,4.83912470852454,0.304206120927818
"Growing season",162,"Agricultural_Full","Agricultural","Full",-2.85467289648415,5.14532710351585,0.272708412353346
"Growing season",162,"Site_Full","Site","Full",-2.66152681129915,1.33847318870085,0.512099368152569
"Growing season",163,"Storm_Agricultural","Storm","Agricultural",-0.409441234125893,3.59055876587411,0.166081045654192
"Growing season",163,"Storm_Site","Storm","Site",7.64219571526633,15.6421957152663,0.00353885687126942
"Growing season",163,"Agricultural_Full","Agricultural","Full",7.26782361984971,15.2678236198497,0.0041767822434014
"Growing season",163,"Site_Full","Site","Full",-0.783813329542511,3.21618667045749,0.200269096310913
"Growing season",164,"Storm_Agricultural","Storm","Agricultural",-3.48487288301772,0.515127116982285,0.772932498328901
"Growing season",164,"Storm_Site","Storm","Site",-4.6227071358781,3.3772928641219,0.496779730063441
"Growing season",164,"Agricultural_Full","Agricultural","Full",-4.44840454687085,3.55159545312915,0.470076631583984
"Growing season",164,"Site_Full","Site","Full",-3.31057029401046,0.689429705989539,0.70842232917565
"Growing season",165,"Storm_Agricultural","Storm","Agricultural",-1.7954033651958,2.2045966348042,0.332106918776905
"Growing season",165,"Storm_Site","Storm","Site",-2.30570528880787,5.69429471119213,0.223171347410658
"Growing season",165,"Agricultural_Full","Agricultural","Full",-2.50706903751058,5.49293096248942,0.24035155280457
"Growing season",165,"Site_Full","Site","Full",-1.9967671138985,2.0032328861015,0.367285265360304
"Growing season",166,"Storm_Agricultural","Storm","Agricultural",-0.954416146774236,3.04558385322576,0.218102111035377
"Growing season",166,"Storm_Site","Storm","Site",-0.597273152998866,7.40272684700113,0.116075914480769
"Growing season",166,"Agricultural_Full","Agricultural","Full",-2.22657621253109,5.77342378746891,0.216720155198496
"Growing season",166,"Site_Full","Site","Full",-2.58371920630645,1.41628079369355,0.492559311171285
"Growing season",167,"Storm_Agricultural","Storm","Agricultural",0.573078668248456,4.57307866824846,0.101617518337017
"Growing season",167,"Storm_Site","Storm","Site",5.44213431673091,13.4421343167309,0.00930582648777188
"Growing season",167,"Agricultural_Full","Agricultural","Full",3.85520252903655,11.8552025290365,0.0184611334934792
"Growing season",167,"Site_Full","Site","Full",-1.01385311944591,2.98614688055409,0.224681049491912
"Growing season",168,"Storm_Agricultural","Storm","Agricultural",-1.07038344162208,2.92961655837792,0.231122298184393
"Growing season",168,"Storm_Site","Storm","Site",-6.33492810079446,1.66507189920554,0.797052143810231
"Growing season",168,"Agricultural_Full","Agricultural","Full",-6.72729785861242,1.27270214138758,0.865989699661334
"Growing season",168,"Site_Full","Site","Full",-1.46275319944004,2.53724680055996,0.281218480724159
"Growing season",169,"Storm_Agricultural","Storm","Agricultural",-2.03976577185756,1.96023422814238,0.375267147214378
"Growing season",169,"Storm_Site","Storm","Site",2.0583464832323,10.0583464832323,0.0394562290110499
"Growing season",169,"Agricultural_Full","Agricultural","Full",1.93867719144077,9.93867719144083,0.0414734231697924
"Growing season",169,"Site_Full","Site","Full",-2.15943506364908,1.84056493635092,0.39840648803517
"Growing season",170,"Storm_Agricultural","Storm","Agricultural",2.16936805707905,6.16936805707905,0.0457444855688543
"Growing season",170,"Storm_Site","Storm","Site",-1.9987899557068,6.0012100442932,0.199057924857333
"Growing season",170,"Agricultural_Full","Agricultural","Full",-1.94796145683932,6.05203854316068,0.195295563519174
"Growing season",170,"Site_Full","Site","Full",2.22019655594653,6.22019655594653,0.0445965722641615
"Growing season",171,"Storm_Agricultural","Storm","Agricultural",1.15098863402926,5.15098863402926,0.076116187970806
"Growing season",171,"Storm_Site","Storm","Site",-4.60356403052469,3.39643596947531,0.493799144142313
"Growing season",171,"Agricultural_Full","Agricultural","Full",-4.18369471236065,3.81630528763935,0.43143664920159
"Growing season",171,"Site_Full","Site","Full",1.57085795219331,5.57085795219331,0.0617026144061929
"Growing season",172,"Storm_Agricultural","Storm","Agricultural",-2.71154681335889,1.28845318664111,0.525068476577095
"Growing season",172,"Storm_Site","Storm","Site",-1.38868348358812,6.61131651641188,0.157910284553301
"Growing season",172,"Agricultural_Full","Agricultural","Full",-1.83489923518749,6.16510076481251,0.187153059755116
"Growing season",172,"Site_Full","Site","Full",-3.15776256495826,0.842237435041739,0.656312181028957
"Growing season",173,"Storm_Agricultural","Storm","Agricultural",-0.249619584122399,3.7503804158776,0.153325800286723
"Growing season",173,"Storm_Site","Storm","Site",-4.75209957985123,3.24790042014877,0.517229128537746
"Growing season",173,"Agricultural_Full","Agricultural","Full",-4.89481887072128,3.10518112927872,0.540380469996333
"Growing season",173,"Site_Full","Site","Full",-0.392338874992447,3.60766112500755,0.164666911684023
"Growing season",174,"Storm_Agricultural","Storm","Agricultural",2.81082978861798,6.81082978861798,0.0331930456189898
"Growing season",174,"Storm_Site","Storm","Site",-3.30979825018437,4.69020174981563,0.320586218967755
"Growing season",174,"Agricultural_Full","Agricultural","Full",-4.17272779870058,3.82727220129942,0.429886404686744
"Growing season",174,"Site_Full","Site","Full",1.94790024010177,5.94790024010177,0.0511010558248809
"Growing season",175,"Storm_Agricultural","Storm","Agricultural",-0.61847677338784,3.38152322661216,0.184379044970422
"Growing season",175,"Storm_Site","Storm","Site",4.83642774587275,12.8364277458728,0.0121033190460418
"Growing season",175,"Agricultural_Full","Agricultural","Full",5.25845947115448,13.2584594711545,0.0100795884306642
"Growing season",175,"Site_Full","Site","Full",-0.196445048106114,3.80355495189389,0.149303000734719
"Growing season",176,"Storm_Agricultural","Storm","Agricultural",-2.34774211921632,1.65225788078368,0.437740530442429
"Growing season",176,"Storm_Site","Storm","Site",-1.99192352791289,6.00807647208711,0.198545929018227
"Growing season",176,"Agricultural_Full","Agricultural","Full",-2.92488236704372,5.07511763295628,0.279676436741262
"Growing season",176,"Site_Full","Site","Full",-3.28070095834715,0.719299041652846,0.697920889947986
"Growing season",177,"Storm_Agricultural","Storm","Agricultural",-2.70601667695763,1.29398332304237,0.523618631812929
"Growing season",177,"Storm_Site","Storm","Site",-4.02409827987151,3.97590172012849,0.40927702123053
"Growing season",177,"Agricultural_Full","Agricultural","Full",-4.0452736842459,3.9547263157541,0.412167649797217
"Growing season",177,"Site_Full","Site","Full",-2.72719208133202,1.27280791866798,0.5291920024764
"Growing season",178,"Storm_Agricultural","Storm","Agricultural",-2.98499806222782,1.01500193777218,0.601998112604868
"Growing season",178,"Storm_Site","Storm","Site",-4.44914573614329,3.55085426385671,0.470188088911472
"Growing season",178,"Agricultural_Full","Agricultural","Full",-4.27348509991856,3.72651490008144,0.444281235050082
"Growing season",178,"Site_Full","Site","Full",-2.80933742600308,1.19066257399692,0.551379870624872
"Growing season",179,"Storm_Agricultural","Storm","Agricultural",1.37730345902958,5.37730345902958,0.0679725229646788
"Growing season",179,"Storm_Site","Storm","Site",3.89756039301756,11.8975603930176,0.0181295139518339
"Growing season",179,"Agricultural_Full","Agricultural","Full",1.35422781248928,9.35422781248928,0.0528302720784938
"Growing season",179,"Site_Full","Site","Full",-1.1660291214987,2.8339708785013,0.242443777886713
"Growing season",180,"Storm_Agricultural","Storm","Agricultural",9.10466434367441,13.1046643436744,0.00142678420918146
"Growing season",180,"Storm_Site","Storm","Site",-3.75465198338208,4.24534801661792,0.373818714525207
"Growing season",180,"Agricultural_Full","Agricultural","Full",-4.76182853691614,3.23817146308386,0.518787753582281
"Growing season",180,"Site_Full","Site","Full",8.09748779014035,12.0974877901403,0.00236082558947637
"Growing season",181,"Storm_Agricultural","Storm","Agricultural",-2.44098941059144,1.55901058940856,0.458632843289472
"Growing season",181,"Storm_Site","Storm","Site",2.02260484994974,10.0226048499497,0.0400486229127668
"Growing season",181,"Agricultural_Full","Agricultural","Full",1.79424290268736,9.79424290268736,0.0440399937479071
"Growing season",181,"Site_Full","Site","Full",-2.66935135785383,1.33064864214617,0.514106765008057
"Growing season",182,"Storm_Agricultural","Storm","Agricultural",0.935029426932374,4.93502942693237,0.084795338054646
"Growing season",182,"Storm_Site","Storm","Site",4.1289700105749,12.1289700105749,0.0164175419350949
"Growing season",182,"Agricultural_Full","Agricultural","Full",2.43513222218814,10.4351322221881,0.0337023543721786
"Growing season",182,"Site_Full","Site","Full",-0.758808361454385,3.24119163854562,0.197780822344741
"Growing season",183,"Storm_Agricultural","Storm","Agricultural",-1.67786967734548,2.32213032265452,0.313152445298772
"Growing season",183,"Storm_Site","Storm","Site",-4.56323187702372,3.43676812297628,0.487557789617016
"Growing season",183,"Agricultural_Full","Agricultural","Full",-4.14170188493785,3.85829811506215,0.425522650067629
"Growing season",183,"Site_Full","Site","Full",-1.2563396852596,2.7436603147404,0.253642329131041
"Growing season",184,"Storm_Agricultural","Storm","Agricultural",-0.0753079117819198,3.92469208821808,0.140528348186423
"Growing season",184,"Storm_Site","Storm","Site",-4.10910337281467,3.89089662718533,0.420972705749417
"Growing season",184,"Agricultural_Full","Agricultural","Full",-4.93127047569874,3.06872952430126,0.546390289079242
"Growing season",184,"Site_Full","Site","Full",-0.897475014665986,3.10252498533401,0.21198018139476
"Growing season",185,"Storm_Agricultural","Storm","Agricultural",-0.245000103614245,3.75499989638575,0.152972066188018
"Growing season",185,"Storm_Site","Storm","Site",0.603105705170321,8.60310570517032,0.0718228158514801
"Growing season",185,"Agricultural_Full","Agricultural","Full",-1.1626070924836,6.8373929075164,0.144734865933686
"Growing season",185,"Site_Full","Site","Full",-2.01071290126816,1.98928709873184,0.369855256191079
"Growing season",186,"Storm_Agricultural","Storm","Agricultural",0.203825515704068,4.20382551570407,0.122222422627703
"Growing season",186,"Storm_Site","Storm","Site",-2.49971190409252,5.50028809590748,0.239704156822426
"Growing season",186,"Agricultural_Full","Agricultural","Full",-4.12732796900417,3.87267203099583,0.423511985342974
"Growing season",186,"Site_Full","Site","Full",-1.42379054920758,2.57620945079242,0.27579299152198
"Growing season",187,"Storm_Agricultural","Storm","Agricultural",-3.4867990647482,0.513200935251803,0.773677261137051
"Growing season",187,"Storm_Site","Storm","Site",6.07671498367637,14.0767149836764,0.00705419557902718
"Growing season",187,"Agricultural_Full","Agricultural","Full",6.00827235681476,14.0082723568148,0.00726870052658958
"Growing season",187,"Site_Full","Site","Full",-3.55524169160981,0.444758308390192,0.800611751476037
"Growing season",188,"Storm_Agricultural","Storm","Agricultural",-1.1487122796471,2.8512877203529,0.24035365922819
"Growing season",188,"Storm_Site","Storm","Site",2.78502794266564,10.7850279426656,0.0290892567281424
"Growing season",188,"Agricultural_Full","Agricultural","Full",1.23466130899459,9.23466130899459,0.0554943494049596
"Growing season",188,"Site_Full","Site","Full",-2.69907891331815,1.30092108668185,0.52180540740937
"Growing season",189,"Storm_Agricultural","Storm","Agricultural",0.536198498217175,4.53619849821717,0.103508737545695
"Growing season",189,"Storm_Site","Storm","Site",-2.26463557292561,5.73536442707439,0.219802294694842
"Growing season",189,"Agricultural_Full","Agricultural","Full",-2.96662557322907,5.03337442677093,0.283890181778848
"Growing season",189,"Site_Full","Site","Full",-0.165791502086279,3.83420849791372,0.14703211466473
"Growing season",190,"Storm_Agricultural","Storm","Agricultural",-3.79791553532971,0.202084464670293,0.903894858489172
"Growing season",190,"Storm_Site","Storm","Site",-1.25262264182476,6.74737735817524,0.149855776906623
"Growing season",190,"Agricultural_Full","Agricultural","Full",-1.00408816803673,6.99591183196327,0.136104424142281
"Growing season",190,"Site_Full","Site","Full",-3.54938106154168,0.450618938458319,0.798269140794172
"Growing season",191,"Storm_Agricultural","Storm","Agricultural",2.07183300773602,6.07183300773602,0.0480306224458114
"Growing season",191,"Storm_Site","Storm","Site",3.36082279203185,11.3608227920319,0.0227945951913595
"Growing season",191,"Agricultural_Full","Agricultural","Full",3.11686512158917,11.1168651215892,0.0252815366766172
"Growing season",191,"Site_Full","Site","Full",1.82787533729334,5.82787533729334,0.0542616442713733
"Growing season",192,"Storm_Agricultural","Storm","Agricultural",9.66383068502751,13.6638306850275,0.00107878988541814
"Growing season",192,"Storm_Site","Storm","Site",-3.85296274753301,4.14703725246699,0.386472104339468
"Growing season",192,"Agricultural_Full","Agricultural","Full",-4.18108944817402,3.81891055182598,0.431068011225685
"Growing season",192,"Site_Full","Site","Full",9.3357039843865,13.3357039843865,0.00127112620967904
"Growing season",193,"Storm_Agricultural","Storm","Agricultural",-3.21568999097389,0.784310009026115,0.67559938489042
"Growing season",193,"Storm_Site","Storm","Site",2.55245917776375,10.5524591777638,0.0320819993951615
"Growing season",193,"Agricultural_Full","Agricultural","Full",3.22885105647578,11.2288510564758,0.0241089393893044
"Growing season",193,"Site_Full","Site","Full",-2.53929811226186,1.46070188773814,0.48173989675755
"Growing season",194,"Storm_Agricultural","Storm","Agricultural",-3.93960977168717,0.0603902283128264,0.970256204357888
"Growing season",194,"Storm_Site","Storm","Site",-3.62530195709292,4.37469804290708,0.35766464482215
"Growing season",194,"Agricultural_Full","Agricultural","Full",-3.39303125442206,4.60696874557794,0.330051495141011
"Growing season",194,"Site_Full","Site","Full",-3.70733906901631,0.292660930983686,0.863872176065258
"Growing season",195,"Storm_Agricultural","Storm","Agricultural",0.116559448689259,4.11655944868926,0.127673414554947
"Growing season",195,"Storm_Site","Storm","Site",2.88911237268252,10.8891123726825,0.0278389150822637
"Growing season",195,"Agricultural_Full","Agricultural","Full",4.15364416510806,12.1536441651081,0.0162445609986031
"Growing season",195,"Site_Full","Site","Full",1.3810912411148,5.3810912411148,0.0678439122380857
"Growing season",196,"Storm_Agricultural","Storm","Agricultural",-1.10331973034965,2.89668026965035,0.234959966463363
"Growing season",196,"Storm_Site","Storm","Site",-1.55048020241253,6.44951979758747,0.167998963660185
"Growing season",196,"Agricultural_Full","Agricultural","Full",-2.08703802231963,5.91296197768037,0.205743301217331
"Growing season",196,"Site_Full","Site","Full",-1.63987755025676,2.36012244974324,0.307259926075711
"Growing season",197,"Storm_Agricultural","Storm","Agricultural",3.1630171494225,7.1630171494225,0.0278336773855806
"Growing season",197,"Storm_Site","Storm","Site",-3.15677948262913,4.84322051737087,0.30376558331569
"Growing season",197,"Agricultural_Full","Agricultural","Full",-3.74850255966572,4.25149744033428,0.37303804201501
"Growing season",197,"Site_Full","Site","Full",2.57129407238591,6.57129407238591,0.0374163675154361
"Growing season",198,"Storm_Agricultural","Storm","Agricultural",-2.91309905954296,1.08690094045704,0.580740961917954
"Growing season",198,"Storm_Site","Storm","Site",-3.58918437657508,4.41081562342492,0.353253804638513
"Growing season",198,"Agricultural_Full","Agricultural","Full",-3.98723889351589,4.01276110648411,0.40428157658854
"Growing season",198,"Site_Full","Site","Full",-3.31115357648378,0.688846423516225,0.708628964470028
"Growing season",199,"Storm_Agricultural","Storm","Agricultural",-1.23713797978746,2.76286202021254,0.251218799074993
"Growing season",199,"Storm_Site","Storm","Site",1.02503780556907,9.02503780556907,0.060476692691432
"Growing season",199,"Agricultural_Full","Agricultural","Full",1.7500738843604,9.7500738843604,0.0448548035279863
"Growing season",199,"Site_Full","Site","Full",-0.512101900996129,3.48789809900387,0.174828628686175
"Growing season",200,"Storm_Agricultural","Storm","Agricultural",-2.28465521186547,1.71534478813453,0.424148184074005
"Growing season",200,"Storm_Site","Storm","Site",-1.60168755965202,6.39831244034798,0.171311350478616
"Growing season",200,"Agricultural_Full","Agricultural","Full",-2.43607127927271,5.56392872072729,0.234166983443172
"Growing season",200,"Site_Full","Site","Full",-3.11903893148616,0.880961068513841,0.643727013866444
"Post-growing season",1,"Storm_Agricultural","Storm","Agricultural",-2.48518516502338,3.51481483497662,0.318845763465549
"Post-growing season",1,"Storm_Site","Storm","Site",7.99448445324435,15.9944844532444,0.0030265736269436
"Post-growing season",1,"Agricultural_Full","Agricultural","Full",7.15161899432695,15.151618994327,0.00439686229786871
"Post-growing season",1,"Site_Full","Site","Full",-3.32805062394078,2.67194937605922,0.445015270444209
"Post-growing season",2,"Storm_Agricultural","Storm","Agricultural",-5.12774306790288,0.872256932097116,0.832117156142496
"Post-growing season",2,"Storm_Site","Storm","Site",18.3031524101243,26.3031524101243,2.74882973549649e-05
"Post-growing season",2,"Agricultural_Full","Agricultural","Full",19.7342186392656,27.7342186392656,1.41194401678429e-05
"Post-growing season",2,"Site_Full","Site","Full",-3.69667683876162,2.30332316123838,0.511884576463951
"Post-growing season",3,"Storm_Agricultural","Storm","Agricultural",-0.928459291484728,5.07154070851527,0.166632913213391
"Post-growing season",3,"Storm_Site","Storm","Site",5.98735472593631,13.9873547259363,0.00733552376700102
"Post-growing season",3,"Agricultural_Full","Agricultural","Full",4.96386210881212,12.9638621088121,0.0114537266149112
"Post-growing season",3,"Site_Full","Site","Full",-1.95195190860892,4.04804809139108,0.256322327587522
"Post-growing season",4,"Storm_Agricultural","Storm","Agricultural",-3.19820230481014,2.80179769518986,0.423204069912211
"Post-growing season",4,"Storm_Site","Storm","Site",4.91931168404756,12.9193116840476,0.0116768554541057
"Post-growing season",4,"Agricultural_Full","Agricultural","Full",8.43695091583533,16.4369509158353,0.00248553889035723
"Post-growing season",4,"Site_Full","Site","Full",0.31943692697763,6.31943692697763,0.0970620261218712
"Post-growing season",5,"Storm_Agricultural","Storm","Agricultural",-4.19602553375739,1.80397446624261,0.614070429512296
"Post-growing season",5,"Storm_Site","Storm","Site",8.03484295856742,16.0348429585674,0.00297276419648452
"Post-growing season",5,"Agricultural_Full","Agricultural","Full",11.7218126791095,19.7218126791095,0.000566668222020184
"Post-growing season",5,"Site_Full","Site","Full",-0.509055813215355,5.49094418678465,0.139181259684279
"Post-growing season",6,"Storm_Agricultural","Storm","Agricultural",-4.6633389847521,1.3366610152479,0.720446508158152
"Post-growing season",6,"Storm_Site","Storm","Site",3.0606745333443,11.0606745333443,0.0258905128679183
"Post-growing season",6,"Agricultural_Full","Agricultural","Full",4.64494033897199,12.644940338972,0.0131475158941635
"Post-growing season",6,"Site_Full","Site","Full",-3.07907317912441,2.92092682087559,0.403978067051419
"Post-growing season",7,"Storm_Agricultural","Storm","Agricultural",5.18316412946604,11.183164129466,0.010775568506951
"Post-growing season",7,"Storm_Site","Storm","Site",2.58110120453483,10.5811012045348,0.0316979902470758
"Post-growing season",7,"Agricultural_Full","Agricultural","Full",6.4616765215244,14.4616765215244,0.00595841723973869
"Post-growing season",7,"Site_Full","Site","Full",9.0637394464556,15.0637394464556,0.00176298142879206
"Post-growing season",8,"Storm_Agricultural","Storm","Agricultural",-1.72479249018841,4.27520750981159,0.233239225179352
"Post-growing season",8,"Storm_Site","Storm","Site",5.75136493366728,13.7513649336673,0.0081323721271605
"Post-growing season",8,"Agricultural_Full","Agricultural","Full",3.24794379418086,11.2479437941809,0.0239143466330552
"Post-growing season",8,"Site_Full","Site","Full",-4.22821362967483,1.77178637032517,0.621093697886246
"Post-growing season",9,"Storm_Agricultural","Storm","Agricultural",-2.20964661685002,3.79035338314998,0.285010189786604
"Post-growing season",9,"Storm_Site","Storm","Site",11.3372153187801,19.3372153187801,0.000674659732802287
"Post-growing season",9,"Agricultural_Full","Agricultural","Full",10.2476537065523,18.2476537065523,0.00110386776835711
"Post-growing season",9,"Site_Full","Site","Full",-3.29920822907781,2.70079177092219,0.440092757955651
"Post-growing season",10,"Storm_Agricultural","Storm","Agricultural",-2.32445984190878,3.67554015809122,0.298698574128883
"Post-growing season",10,"Storm_Site","Storm","Site",5.41836200651341,13.4183620065134,0.00940259986483526
"Post-growing season",10,"Agricultural_Full","Agricultural","Full",11.3453189531316,19.3453189531316,0.000672186857544325
"Post-growing season",10,"Site_Full","Site","Full",3.60249710470941,9.60249710470941,0.0222655952704386
"Post-growing season",11,"Storm_Agricultural","Storm","Agricultural",-4.74616272712706,1.25383727287294,0.74012294245576
"Post-growing season",11,"Storm_Site","Storm","Site",9.45785916214686,17.4578591621469,0.00157448711162594
"Post-growing season",11,"Agricultural_Full","Agricultural","Full",13.8410420301999,21.8410420301999,0.000215562504778958
"Post-growing season",11,"Site_Full","Site","Full",-0.362979859074017,5.63702014092598,0.130669154189662
"Post-growing season",12,"Storm_Agricultural","Storm","Agricultural",-5.83909129151834,0.160908708481657,0.983638609522192
"Post-growing season",12,"Storm_Site","Storm","Site",2.27690962438334,10.2769096243833,0.0360127671278581
"Post-growing season",12,"Agricultural_Full","Agricultural","Full",5.73141802940705,13.7314180294071,0.00820348402238564
"Post-growing season",12,"Site_Full","Site","Full",-2.38458288649463,3.61541711350537,0.306098524928235
"Post-growing season",13,"Storm_Agricultural","Storm","Agricultural",-0.561948115011603,5.4380518849884,0.142391108655343
"Post-growing season",13,"Storm_Site","Storm","Site",3.26970795926252,9.26970795926252,0.0259117997684593
"Post-growing season",13,"Agricultural_Full","Agricultural","Full",2.65765464236978,8.65765464236978,0.0342064546704342
"Post-growing season",13,"Site_Full","Site","Full",-1.17400143190434,4.82599856809566,0.184990872287553
"Post-growing season",14,"Storm_Agricultural","Storm","Agricultural",-5.39324524573982,0.60675475426018,0.894884300635894
"Post-growing season",14,"Storm_Site","Storm","Site",9.92200014972229,15.9220001497223,0.00117651187483388
"Post-growing season",14,"Agricultural_Full","Agricultural","Full",9.55054120185076,15.5505412018508,0.00140179375066393
"Post-growing season",14,"Site_Full","Site","Full",-5.76470419361135,0.235295806388649,0.971699729729537
"Post-growing season",15,"Storm_Agricultural","Storm","Agricultural",8.95356058445918,14.9535605844592,0.00185676776633145
"Post-growing season",15,"Storm_Site","Storm","Site",5.65858470432079,13.6585847043208,0.0084683446799127
"Post-growing season",15,"Agricultural_Full","Agricultural","Full",0.630683749567368,8.63068374956737,0.0710234949119962
"Post-growing season",15,"Site_Full","Site","Full",3.92565962970576,9.92565962970576,0.0192087415953135
"Post-growing season",16,"Storm_Agricultural","Storm","Agricultural",-3.48508858988242,2.51491141011758,0.47260228413718
"Post-growing season",16,"Storm_Site","Storm","Site",9.42761589986355,17.4276158998636,0.00159599234450018
"Post-growing season",16,"Agricultural_Full","Agricultural","Full",11.5676228035938,19.5676228035938,0.000607738822536394
"Post-growing season",16,"Site_Full","Site","Full",-1.34508168615213,4.65491831384787,0.198881225748296
"Post-growing season",17,"Storm_Agricultural","Storm","Agricultural",1.73050677947373,7.73050677947373,0.0519223640282542
"Post-growing season",17,"Storm_Site","Storm","Site",5.56954835579108,13.5695483557911,0.00880351345996565
"Post-growing season",17,"Agricultural_Full","Agricultural","Full",15.6856736301684,23.6856736301684,9.2338387334264e-05
"Post-growing season",17,"Site_Full","Site","Full",11.846632053851,17.846632053851,0.000473073462134742
"Post-growing season",18,"Storm_Agricultural","Storm","Agricultural",-2.05137798857055,3.94862201142945,0.267065736416884
"Post-growing season",18,"Storm_Site","Storm","Site",10.2846519753032,16.2846519753032,0.000991336365002205
"Post-growing season",18,"Agricultural_Full","Agricultural","Full",17.532703024317,23.532703024317,3.12690884063835e-05
"Post-growing season",18,"Site_Full","Site","Full",5.19667306044329,11.1966730604433,0.0107085668976421
"Post-growing season",19,"Storm_Agricultural","Storm","Agricultural",-0.277124244518461,5.72287575548154,0.125899504426186
"Post-growing season",19,"Storm_Site","Storm","Site",7.00936947558642,15.0093694755864,0.00468182362963949
"Post-growing season",19,"Agricultural_Full","Agricultural","Full",14.0662350151339,22.0662350151339,0.000194426790014456
"Post-growing season",19,"Site_Full","Site","Full",6.77974129502905,12.7797412950291,0.00513796772152878
"Post-growing season",20,"Storm_Agricultural","Storm","Agricultural",-3.62694701172296,2.37305298827704,0.498670511361896
"Post-growing season",20,"Storm_Site","Storm","Site",8.63893731955756,16.6389373195576,0.00227139058290171
"Post-growing season",20,"Agricultural_Full","Agricultural","Full",9.13893601079099,17.138936010791,0.00181641519868495
"Post-growing season",20,"Site_Full","Site","Full",-3.12694832048953,2.87305167951047,0.411615058936844
"Post-growing season",21,"Storm_Agricultural","Storm","Agricultural",-1.17692715933811,4.82307284066189,0.185220612541153
"Post-growing season",21,"Storm_Site","Storm","Site",4.27150236140892,10.2715023614089,0.0163938063152947
"Post-growing season",21,"Agricultural_Full","Agricultural","Full",5.74608975980141,11.7460897598014,0.00830554677239087
"Post-growing season",21,"Site_Full","Site","Full",0.29766023905438,6.29766023905438,0.0979930999332689
"Post-growing season",22,"Storm_Agricultural","Storm","Agricultural",3.84718529990465,9.84718529990465,0.0199107944998432
"Post-growing season",22,"Storm_Site","Storm","Site",9.31518373399336,17.3151837339934,0.00167851208954629
"Post-growing season",22,"Agricultural_Full","Agricultural","Full",13.3271092241876,21.3271092241876,0.000272714356866297
"Post-growing season",22,"Site_Full","Site","Full",7.85911079009884,13.8591107900988,0.00310333666242236
"Post-growing season",23,"Storm_Agricultural","Storm","Agricultural",-3.5661857111491,2.4338142888509,0.487371144148079
"Post-growing season",23,"Storm_Site","Storm","Site",11.4763842103785,17.4763842103785,0.000563921703776653
"Post-growing season",23,"Agricultural_Full","Agricultural","Full",15.3093430400364,21.3093430400364,9.0796269104726e-05
"Post-growing season",23,"Site_Full","Site","Full",0.266773118508809,6.26677311850881,0.0993284058035842
"Post-growing season",24,"Storm_Agricultural","Storm","Agricultural",-5.69048797589249,0.309512024107505,0.958229710713526
"Post-growing season",24,"Storm_Site","Storm","Site",4.14782603292406,12.1478260329241,0.0162851892046036
"Post-growing season",24,"Agricultural_Full","Agricultural","Full",7.2172493925143,15.2172493925143,0.00427120143896152
"Post-growing season",24,"Site_Full","Site","Full",-2.62106461630225,3.37893538369775,0.336806544949552
"Post-growing season",25,"Storm_Agricultural","Storm","Agricultural",-3.83396123538955,2.16603876461045,0.538668615311137
"Post-growing season",25,"Storm_Site","Storm","Site",10.7734870523229,18.7734870523229,0.000870699893860185
"Post-growing season",25,"Agricultural_Full","Agricultural","Full",12.0386618431038,20.0386618431038,0.000490698910782331
"Post-growing season",25,"Site_Full","Site","Full",-2.56878644460869,3.43121355539131,0.329793683273163
"Post-growing season",26,"Storm_Agricultural","Storm","Agricultural",1.32073024703732,7.32073024703732,0.0623480607566683
"Post-growing season",26,"Storm_Site","Storm","Site",-2.76608874403422,3.23391125596578,0.356947392234889
"Post-growing season",26,"Agricultural_Full","Agricultural","Full",-4.65368024974134,1.34631975025866,0.718164470946998
"Post-growing season",26,"Site_Full","Site","Full",-0.566861258669803,5.4331387413302,0.142692804012379
"Post-growing season",27,"Storm_Agricultural","Storm","Agricultural",-4.41248544665893,1.58751455334107,0.66222411299109
"Post-growing season",27,"Storm_Site","Storm","Site",1.60435603346826,9.60435603346826,0.0476465692919022
"Post-growing season",27,"Agricultural_Full","Agricultural","Full",4.87428898745884,12.8742889874588,0.0119066581948314
"Post-growing season",27,"Site_Full","Site","Full",-1.14255249266836,4.85744750733164,0.182538131378471
"Post-growing season",28,"Storm_Agricultural","Storm","Agricultural",-3.55764550687849,2.44235449312151,0.485799046939764
"Post-growing season",28,"Storm_Site","Storm","Site",4.28494959881931,10.2849495988193,0.016292970582937
"Post-growing season",28,"Agricultural_Full","Agricultural","Full",2.92679915205656,8.92679915205656,0.0302801309309382
"Post-growing season",28,"Site_Full","Site","Full",-4.91579595364124,1.08420404635876,0.780888593073055
"Post-growing season",29,"Storm_Agricultural","Storm","Agricultural",-1.91914860186012,4.08085139813988,0.252864950896001
"Post-growing season",29,"Storm_Site","Storm","Site",5.96469533774581,13.9646953377458,0.00740859025632017
"Post-growing season",29,"Agricultural_Full","Agricultural","Full",7.10000172374617,15.1000017237462,0.00449823816337042
"Post-growing season",29,"Site_Full","Site","Full",-0.78384221585975,5.21615778414025,0.156636243768659
"Post-growing season",30,"Storm_Agricultural","Storm","Agricultural",-0.720712472257901,5.2792875277421,0.152452052434469
"Post-growing season",30,"Storm_Site","Storm","Site",11.7222157604022,19.7222157604022,0.000566564540120533
"Post-growing season",30,"Agricultural_Full","Agricultural","Full",7.56011926225102,15.560119262251,0.00366995296966992
"Post-growing season",30,"Site_Full","Site","Full",-4.88280897040903,1.11719102959097,0.772925805244404
"Post-growing season",31,"Storm_Agricultural","Storm","Agricultural",-2.25204816097971,3.74795183902029,0.289998526426031
"Post-growing season",31,"Storm_Site","Storm","Site",2.03971814535623,8.03971814535623,0.045197943755476
"Post-growing season",31,"Agricultural_Full","Agricultural","Full",0.856476628635505,6.85647662863551,0.0766158015373605
"Post-growing season",31,"Site_Full","Site","Full",-3.43528967770044,2.56471032229956,0.46370989758472
"Post-growing season",32,"Storm_Agricultural","Storm","Agricultural",-1.70737950293955,4.29262049706045,0.231550868228612
"Post-growing season",32,"Storm_Site","Storm","Site",11.0417692121868,19.0417692121868,0.000771231234526032
"Post-growing season",32,"Agricultural_Full","Agricultural","Full",14.2464537221343,22.2464537221343,0.000179003773167081
"Post-growing season",32,"Site_Full","Site","Full",1.49730500700804,7.49730500700804,0.0576277383159941
"Post-growing season",33,"Storm_Agricultural","Storm","Agricultural",9.39674674428687,15.3967467442869,0.00150715494269744
"Post-growing season",33,"Storm_Site","Storm","Site",3.0054487547178,11.0054487547178,0.0265028460593282
"Post-growing season",33,"Agricultural_Full","Agricultural","Full",7.71987885177469,15.7198788517747,0.00341902622459625
"Post-growing season",33,"Site_Full","Site","Full",14.1111768413438,20.1111768413438,0.000160970880160824
"Post-growing season",34,"Storm_Agricultural","Storm","Agricultural",5.00231978587794,11.0023197858779,0.011713338229687
"Post-growing season",34,"Storm_Site","Storm","Site",13.1565102202451,21.1565102202451,0.000294825668463497
"Post-growing season",34,"Agricultural_Full","Agricultural","Full",8.05971890204131,16.0597189020413,0.002940067765569
"Post-growing season",34,"Site_Full","Site","Full",-0.0944715323258265,5.90552846767417,0.116298031921033
"Post-growing season",35,"Storm_Agricultural","Storm","Agricultural",-4.02101459660025,1.97898540339975,0.576779799675098
"Post-growing season",35,"Storm_Site","Storm","Site",2.98819317735513,10.9881931773551,0.0266970277077024
"Post-growing season",35,"Agricultural_Full","Agricultural","Full",5.44623312340775,13.4462331234078,0.00928923961421404
"Post-growing season",35,"Site_Full","Site","Full",-1.56297465054763,4.43702534945237,0.217976736288269
"Post-growing season",36,"Storm_Agricultural","Storm","Agricultural",-0.550651532603013,5.44934846739699,0.141699723403398
"Post-growing season",36,"Storm_Site","Storm","Site",8.9187087732904,16.9187087732904,0.00200452079342087
"Post-growing season",36,"Agricultural_Full","Agricultural","Full",11.3101560114069,19.3101560114069,0.000682982432957688
"Post-growing season",36,"Site_Full","Site","Full",1.84079570551353,7.84079570551353,0.0494191571541822
"Post-growing season",37,"Storm_Agricultural","Storm","Agricultural",-3.58420504636416,2.41579495363584,0.490701169808337
"Post-growing season",37,"Storm_Site","Storm","Site",7.51180342643022,15.5118034264302,0.00374934635811337
"Post-growing season",37,"Agricultural_Full","Agricultural","Full",9.07296519339894,17.0729651933989,0.00187085846777426
"Post-growing season",37,"Site_Full","Site","Full",-2.02304327939544,3.97695672060456,0.263963162692894
"Post-growing season",38,"Storm_Agricultural","Storm","Agricultural",-0.324542669189952,5.67545733081005,0.1285129343553
"Post-growing season",38,"Storm_Site","Storm","Site",5.91571170497809,13.9157117049781,0.00756898536513933
"Post-growing season",38,"Agricultural_Full","Agricultural","Full",2.56030486890381,10.5603048689038,0.0319763669685504
"Post-growing season",38,"Site_Full","Site","Full",-3.67994950526423,2.32005049473577,0.508690650845991
"Post-growing season",39,"Storm_Agricultural","Storm","Agricultural",1.45523100996843,7.45523100996843,0.0587199857187097
"Post-growing season",39,"Storm_Site","Storm","Site",5.17323651393684,13.1732365139368,0.0104596287085443
"Post-growing season",39,"Agricultural_Full","Agricultural","Full",7.22504050591601,15.225040505916,0.00425652037845241
"Post-growing season",39,"Site_Full","Site","Full",3.5070350019476,9.5070350019476,0.0232566374743431
"Post-growing season",40,"Storm_Agricultural","Storm","Agricultural",-5.62018931998989,0.37981068001011,0.944380821162204
"Post-growing season",40,"Storm_Site","Storm","Site",-0.642301564731952,5.35769843526805,0.147401938972674
"Post-growing season",40,"Agricultural_Full","Agricultural","Full",-0.56554631739624,5.43445368260376,0.142611999754532
"Post-growing season",40,"Site_Full","Site","Full",-5.54343407265418,0.456565927345821,0.9283246489902
"Post-growing season",41,"Storm_Agricultural","Storm","Agricultural",-4.13086506546318,1.86913493453682,0.600007169552086
"Post-growing season",41,"Storm_Site","Storm","Site",4.25995671030904,10.259956710309,0.0164808724047962
"Post-growing season",41,"Agricultural_Full","Agricultural","Full",2.85633122132106,8.85633122132106,0.0312633017321287
"Post-growing season",41,"Site_Full","Site","Full",-5.53449055445117,0.465509445548832,0.926400801226671
"Post-growing season",42,"Storm_Agricultural","Storm","Agricultural",-4.27760455455336,1.72239544544664,0.631966307436372
"Post-growing season",42,"Storm_Site","Storm","Site",7.34913650534224,15.3491365053422,0.00402925937744635
"Post-growing season",42,"Agricultural_Full","Agricultural","Full",9.48940579213235,17.4894057921323,0.00155235980432807
"Post-growing season",42,"Site_Full","Site","Full",-2.13733526776326,3.86266473223674,0.276680828620212
"Post-growing season",43,"Storm_Agricultural","Storm","Agricultural",-0.0935025634091176,5.90649743659088,0.116249009732698
"Post-growing season",43,"Storm_Site","Storm","Site",18.2003746913275,26.2003746913275,2.88327327773871e-05
"Post-growing season",43,"Agricultural_Full","Agricultural","Full",14.0043642141074,22.0043642141074,0.000200019912965993
"Post-growing season",43,"Site_Full","Site","Full",-4.28951304062923,1.71048695937077,0.634604826822467
"Post-growing season",44,"Storm_Agricultural","Storm","Agricultural",-3.73095412489482,2.26904587510518,0.5184768181818
"Post-growing season",44,"Storm_Site","Storm","Site",8.2917670597185,14.2917670597185,0.00253374544688513
"Post-growing season",44,"Agricultural_Full","Agricultural","Full",7.64052445159228,13.6405244515923,0.003437631862494
"Post-growing season",44,"Site_Full","Site","Full",-4.38219673302103,1.61780326697897,0.65535981955038
"Post-growing season",45,"Storm_Agricultural","Storm","Agricultural",-1.67252287082306,4.32747712917694,0.228204882957226
"Post-growing season",45,"Storm_Site","Storm","Site",1.35873036884021,9.35873036884021,0.0527323731248875
"Post-growing season",45,"Agricultural_Full","Agricultural","Full",5.04587440061613,13.0458744006161,0.0110538051430609
"Post-growing season",45,"Site_Full","Site","Full",2.01462116095286,8.01462116095286,0.0457104948673062
"Post-growing season",46,"Storm_Agricultural","Storm","Agricultural",-3.59996956693931,2.40003043306069,0.493628957632173
"Post-growing season",46,"Storm_Site","Storm","Site",10.4272439443185,18.4272439443185,0.00101801598830534
"Post-growing season",46,"Agricultural_Full","Agricultural","Full",12.3961812183812,20.3961812183812,0.000417032114164691
"Post-growing season",46,"Site_Full","Site","Full",-1.63103229287663,4.36896770712337,0.224280108375071
"Post-growing season",47,"Storm_Agricultural","Storm","Agricultural",0.618690691017378,6.61869069101738,0.0850973435607872
"Post-growing season",47,"Storm_Site","Storm","Site",2.50050905535005,8.50050905535005,0.0367246699687038
"Post-growing season",47,"Agricultural_Full","Agricultural","Full",0.883198889803396,6.8831988898034,0.0757152834988576
"Post-growing season",47,"Site_Full","Site","Full",-0.998619474529278,5.00138052547072,0.171696083346161
"Post-growing season",48,"Storm_Agricultural","Storm","Agricultural",5.31607125556002,11.31607125556,0.010133961878555
"Post-growing season",48,"Storm_Site","Storm","Site",1.23898644259924,7.23898644259924,0.0646582447785972
"Post-growing season",48,"Agricultural_Full","Agricultural","Full",-1.6569607793424,4.3430392206576,0.226725445217752
"Post-growing season",48,"Site_Full","Site","Full",2.42012403361838,8.42012403361838,0.0380819392613148
"Post-growing season",49,"Storm_Agricultural","Storm","Agricultural",-2.33816817446922,3.66183182553078,0.300371609992739
"Post-growing season",49,"Storm_Site","Storm","Site",9.31159598560936,17.3115959856094,0.00168121349206141
"Post-growing season",49,"Agricultural_Full","Agricultural","Full",12.6895910284389,20.6895910284389,0.000364845558815242
"Post-growing season",49,"Site_Full","Site","Full",1.03982686836036,7.03982686836036,0.0706391303957628
"Post-growing season",50,"Storm_Agricultural","Storm","Agricultural",-4.29835939295776,1.70164060704224,0.636569112743744
"Post-growing season",50,"Storm_Site","Storm","Site",7.40267125309776,15.4026712530978,0.00393494217455462
"Post-growing season",50,"Agricultural_Full","Agricultural","Full",9.71507185172254,17.7150718517225,0.00140277944228571
"Post-growing season",50,"Site_Full","Site","Full",-1.98595879433299,4.01404120566701,0.259951919700467
"Post-growing season",51,"Storm_Agricultural","Storm","Agricultural",-2.77767053558648,3.22232946441352,0.358600051841945
"Post-growing season",51,"Storm_Site","Storm","Site",3.98768009645801,11.987680096458,0.0174431147271932
"Post-growing season",51,"Agricultural_Full","Agricultural","Full",5.59083933191778,13.5908393319178,0.00872220394457297
"Post-growing season",51,"Site_Full","Site","Full",-1.17451130012671,4.82548869987329,0.185030890088471
"Post-growing season",52,"Storm_Agricultural","Storm","Agricultural",-2.59671666632903,3.40328333367097,0.333524275804264
"Post-growing season",52,"Storm_Site","Storm","Site",8.06849783830995,16.06849783831,0.00292861363891292
"Post-growing season",52,"Agricultural_Full","Agricultural","Full",9.50528573323419,17.5052857332342,0.00154133777420561
"Post-growing season",52,"Site_Full","Site","Full",-1.15992877140479,4.84007122859521,0.183889544657041
"Post-growing season",53,"Storm_Agricultural","Storm","Agricultural",-2.92034984322072,3.07965015677928,0.379506977287738
"Post-growing season",53,"Storm_Site","Storm","Site",5.4312556592505,13.4312556592505,0.00934999033535166
"Post-growing season",53,"Agricultural_Full","Agricultural","Full",3.75550710715686,11.7555071071569,0.0192650737384097
"Post-growing season",53,"Site_Full","Site","Full",-4.59609839531436,1.40390160468564,0.704620428711747
"Post-growing season",54,"Storm_Agricultural","Storm","Agricultural",-5.31977713352472,0.680222866475276,0.877845575177941
"Post-growing season",54,"Storm_Site","Storm","Site",7.65865060244681,13.6586506024468,0.0034086045780454
"Post-growing season",54,"Agricultural_Full","Agricultural","Full",10.7753029868314,16.7753029868314,0.000786062921322769
"Post-growing season",54,"Site_Full","Site","Full",-2.20312474914016,3.79687525085984,0.284249800771265
"Post-growing season",55,"Storm_Agricultural","Storm","Agricultural",-5.19011625063905,0.809883749360949,0.847101539643754
"Post-growing season",55,"Storm_Site","Storm","Site",7.9975550556087,15.9975550556087,0.00302244615626661
"Post-growing season",55,"Agricultural_Full","Agricultural","Full",10.2887365300595,18.2887365300595,0.00108361829510289
"Post-growing season",55,"Site_Full","Site","Full",-2.8989347761883,3.1010652238117,0.376303868068967
"Post-growing season",56,"Storm_Agricultural","Storm","Agricultural",-0.522832735604482,5.47716726439552,0.140010663739023
"Post-growing season",56,"Storm_Site","Storm","Site",13.7166140952539,21.7166140952539,0.000228202216191141
"Post-growing season",56,"Agricultural_Full","Agricultural","Full",13.7439078280136,21.7439078280136,0.000225368186328238
"Post-growing season",56,"Site_Full","Site","Full",-0.495539002844737,5.50446099715526,0.138372043691895
"Post-growing season",57,"Storm_Agricultural","Storm","Agricultural",2.97052528432579,8.97052528432579,0.0296853466462876
"Post-growing season",57,"Storm_Site","Storm","Site",8.71299034124627,14.7129903412463,0.00207909412903927
"Post-growing season",57,"Agricultural_Full","Agricultural","Full",8.74646800109639,14.7464680010964,0.00204664172697401
"Post-growing season",57,"Site_Full","Site","Full",3.00400294417591,9.00400294417591,0.0292377125249993
"Post-growing season",58,"Storm_Agricultural","Storm","Agricultural",0.901542136368676,6.90154213636868,0.0751030566303076
"Post-growing season",58,"Storm_Site","Storm","Site",13.649479195054,19.649479195054,0.000200633887866982
"Post-growing season",58,"Agricultural_Full","Agricultural","Full",7.83145343778608,13.8314534377861,0.0031437858407409
"Post-growing season",58,"Site_Full","Site","Full",-4.91648362089927,1.08351637910073,0.781054711492847
"Post-growing season",59,"Storm_Agricultural","Storm","Agricultural",-4.23054398565205,1.76945601434795,0.621604096686097
"Post-growing season",59,"Storm_Site","Storm","Site",10.1016328677405,18.1016328677405,0.00117891286564459
"Post-growing season",59,"Agricultural_Full","Agricultural","Full",15.844446207999,23.844446207999,8.58186204397477e-05
"Post-growing season",59,"Site_Full","Site","Full",1.51226935460642,7.51226935460642,0.0572440364256035
"Post-growing season",60,"Storm_Agricultural","Storm","Agricultural",-2.81733858211447,3.18266141788553,0.364310682459425
"Post-growing season",60,"Storm_Site","Storm","Site",6.10542036385823,12.1054203638582,0.00703062265017788
"Post-growing season",60,"Agricultural_Full","Agricultural","Full",7.78376807717331,13.7837680771733,0.00321475645557048
"Post-growing season",60,"Site_Full","Site","Full",-1.1389908687994,4.8610091312006,0.182262280875309
"Post-growing season",61,"Storm_Agricultural","Storm","Agricultural",-4.48087539965837,1.51912460034163,0.677863468827904
"Post-growing season",61,"Storm_Site","Storm","Site",7.40796040659313,15.4079604065931,0.00392574244520057
"Post-growing season",61,"Agricultural_Full","Agricultural","Full",10.2187931572971,18.2187931572971,0.00111831607113668
"Post-growing season",61,"Site_Full","Site","Full",-1.67004264895445,4.32995735104555,0.227968502692273
"Post-growing season",62,"Storm_Agricultural","Storm","Agricultural",-5.36760895532018,0.632391044679821,0.888978775279419
"Post-growing season",62,"Storm_Site","Storm","Site",8.92248719272283,14.9224871927228,0.00188410146433241
"Post-growing season",62,"Agricultural_Full","Agricultural","Full",10.2903243671555,16.2903243671555,0.000988682857280619
"Post-growing season",62,"Site_Full","Site","Full",-3.9997717808875,2.0002282191125,0.572359338089856
"Post-growing season",63,"Storm_Agricultural","Storm","Agricultural",-2.0400529526101,3.9599470473899,0.265821732099804
"Post-growing season",63,"Storm_Site","Storm","Site",-1.75867943658005,4.24132056341995,0.236557336684909
"Post-growing season",63,"Agricultural_Full","Agricultural","Full",-3.2700681171977,2.7299318828023,0.435164626352106
"Post-growing season",63,"Site_Full","Site","Full",-3.55144163322774,2.44855836677226,0.484659508811853
"Post-growing season",64,"Storm_Agricultural","Storm","Agricultural",-3.72181693975915,2.27818306024085,0.516713333197005
"Post-growing season",64,"Storm_Site","Storm","Site",3.9783636746796,9.9783636746796,0.0187509503390433
"Post-growing season",64,"Agricultural_Full","Agricultural","Full",4.30505955714506,10.3050595571451,0.0161433111395721
"Post-growing season",64,"Site_Full","Site","Full",-3.39512105729369,2.60487894270631,0.456634847160029
"Post-growing season",65,"Storm_Agricultural","Storm","Agricultural",-5.38594720667032,0.614052793329677,0.893207906379356
"Post-growing season",65,"Storm_Site","Storm","Site",13.0269768334013,21.0269768334013,0.000312792926560007
"Post-growing season",65,"Agricultural_Full","Agricultural","Full",14.93933225116,22.93933225116,0.000130209334077223
"Post-growing season",65,"Site_Full","Site","Full",-3.47359178891168,2.52640821108832,0.470537427502221
"Post-growing season",66,"Storm_Agricultural","Storm","Agricultural",-4.22640125434003,1.77359874565997,0.620696927166773
"Post-growing season",66,"Storm_Site","Storm","Site",17.1561775955064,25.1561775955064,4.67998096634409e-05
"Post-growing season",66,"Agricultural_Full","Agricultural","Full",18.30465297928,26.30465297928,2.74691373187583e-05
"Post-growing season",66,"Site_Full","Site","Full",-3.07792587056645,2.92207412943355,0.403796516524759
"Post-growing season",67,"Storm_Agricultural","Storm","Agricultural",-5.46433082682591,0.535669173174085,0.910988004864215
"Post-growing season",67,"Storm_Site","Storm","Site",6.83214902992728,14.8321490299273,0.0050623169509351
"Post-growing season",67,"Agricultural_Full","Agricultural","Full",8.37677924440004,16.3767792444,0.00255309499379445
"Post-growing season",67,"Site_Full","Site","Full",-3.91970061235315,2.08029938764685,0.555908601788057
"Post-growing season",68,"Storm_Agricultural","Storm","Agricultural",-2.23722522059518,3.76277477940482,0.288245840820336
"Post-growing season",68,"Storm_Site","Storm","Site",15.4093707933331,21.4093707933331,8.65526131282376e-05
"Post-growing season",68,"Agricultural_Full","Agricultural","Full",13.460652984009,19.460652984009,0.000219531969161872
"Post-growing season",68,"Site_Full","Site","Full",-4.18594302991926,1.81405697008074,0.611880769582882
"Post-growing season",69,"Storm_Agricultural","Storm","Agricultural",2.13613806820609,8.13613806820609,0.0432803560912114
"Post-growing season",69,"Storm_Site","Storm","Site",6.88060781791148,14.8806078179115,0.00495535934157316
"Post-growing season",69,"Agricultural_Full","Agricultural","Full",3.98677449982932,11.9867744998293,0.0174498849071718
"Post-growing season",69,"Site_Full","Site","Full",-0.757695249876065,5.24230475012394,0.154890265044652
"Post-growing season",70,"Storm_Agricultural","Storm","Agricultural",-2.96496345694737,3.03503654305263,0.386254712827895
"Post-growing season",70,"Storm_Site","Storm","Site",2.33106138605564,10.3310613860556,0.0352053760790288
"Post-growing season",70,"Agricultural_Full","Agricultural","Full",0.2673858371964,8.2673858371964,0.0822602192196864
"Post-growing season",70,"Site_Full","Site","Full",-5.02863900580661,0.97136099419339,0.808181277366951
"Post-growing season",71,"Storm_Agricultural","Storm","Agricultural",-0.964480141324373,5.03551985867563,0.169214606323569
"Post-growing season",71,"Storm_Site","Storm","Site",7.69031450433778,15.6903145043378,0.00346415291201758
"Post-growing season",71,"Agricultural_Full","Agricultural","Full",5.39256755259191,13.3925675525919,0.00950871825280656
"Post-growing season",71,"Site_Full","Site","Full",-3.26222709307024,2.73777290692976,0.433846303075726
"Post-growing season",72,"Storm_Agricultural","Storm","Agricultural",0.758196826498249,6.75819682649825,0.08001752089914
"Post-growing season",72,"Storm_Site","Storm","Site",10.4529818173843,18.4529818173843,0.00100626541786046
"Post-growing season",72,"Agricultural_Full","Agricultural","Full",7.04012986075776,15.0401298607578,0.00461870475789129
"Post-growing season",72,"Site_Full","Site","Full",-2.65465513012833,3.34534486987167,0.341381183465589
"Post-growing season",73,"Storm_Agricultural","Storm","Agricultural",-2.28069147314636,3.71930852685364,0.293412443090223
"Post-growing season",73,"Storm_Site","Storm","Site",5.20225200481036,11.2022520048104,0.0106810164656806
"Post-growing season",73,"Agricultural_Full","Agricultural","Full",7.3612189848306,13.3612189848306,0.00391713562306413
"Post-growing season",73,"Site_Full","Site","Full",-0.121724493126123,5.87827550687388,0.117684926262922
"Post-growing season",74,"Storm_Agricultural","Storm","Agricultural",-3.26776449841145,2.73223550158855,0.434776975362891
"Post-growing season",74,"Storm_Site","Storm","Site",9.76916601814207,17.7691660181421,0.0013690930884926
"Post-growing season",74,"Agricultural_Full","Agricultural","Full",12.2156065709861,20.2156065709861,0.00045275680747849
"Post-growing season",74,"Site_Full","Site","Full",-0.821323945567428,5.17867605443257,0.159171503151883
"Post-growing season",75,"Storm_Agricultural","Storm","Agricultural",-5.79176127302577,0.20823872697423,0.976248453769521
"Post-growing season",75,"Storm_Site","Storm","Site",4.75179237974726,12.7517923797473,0.0125544665319729
"Post-growing season",75,"Agricultural_Full","Agricultural","Full",11.3718122094862,19.3718122094862,0.000664164686103076
"Post-growing season",75,"Site_Full","Site","Full",0.828258556713138,6.82825855671314,0.0775779494255072
"Post-growing season",76,"Storm_Agricultural","Storm","Agricultural",-2.74876636720893,3.25123363279107,0.354487890559451
"Post-growing season",76,"Storm_Site","Storm","Site",4.52082120035936,10.5208212003594,0.0146203181025847
"Post-growing season",76,"Agricultural_Full","Agricultural","Full",4.52216804251503,10.522168042515,0.014611270115654
"Post-growing season",76,"Site_Full","Site","Full",-2.74741952505326,3.25258047494674,0.354297277265291
"Post-growing season",77,"Storm_Agricultural","Storm","Agricultural",4.35852053101473,10.3585205310147,0.0157519971979402
"Post-growing season",77,"Storm_Site","Storm","Site",3.90723085303625,11.9072308530363,0.0180546195365158
"Post-growing season",77,"Agricultural_Full","Agricultural","Full",13.4953680339995,21.4953680339995,0.000252518031283811
"Post-growing season",77,"Site_Full","Site","Full",13.946657711978,19.946657711978,0.000174118313796501
"Post-growing season",78,"Storm_Agricultural","Storm","Agricultural",1.78948836158537,7.78948836158537,0.0505687132592488
"Post-growing season",78,"Storm_Site","Storm","Site",11.3587893700856,19.3587893700856,0.000668096101304094
"Post-growing season",78,"Agricultural_Full","Agricultural","Full",23.6636268280699,31.6636268280699,2.24110241696259e-06
"Post-growing season",78,"Site_Full","Site","Full",14.0943258195697,20.0943258195697,0.000162270775008911
"Post-growing season",79,"Storm_Agricultural","Storm","Agricultural",-2.15404829897051,3.84595170102949,0.278586230714419
"Post-growing season",79,"Storm_Site","Storm","Site",1.54571129985908,9.54571129985908,0.0488164087137568
"Post-growing season",79,"Agricultural_Full","Agricultural","Full",0.598851418107529,8.59885141810753,0.0719468770420338
"Post-growing season",79,"Site_Full","Site","Full",-3.10090818072206,2.89909181927794,0.407446317160431
"Post-growing season",80,"Storm_Agricultural","Storm","Agricultural",4.26652582714502,10.266525827145,0.0164312788828009
"Post-growing season",80,"Storm_Site","Storm","Site",7.97456405561945,15.9745640556195,0.00305348548805496
"Post-growing season",80,"Agricultural_Full","Agricultural","Full",20.7910293688639,28.7910293688639,8.61988795448464e-06
"Post-growing season",80,"Site_Full","Site","Full",17.0829911403895,23.0829911403895,3.88060312118571e-05
"Post-growing season",81,"Storm_Agricultural","Storm","Agricultural",5.38408402182728,11.3840840218273,0.00982035978476507
"Post-growing season",81,"Storm_Site","Storm","Site",8.65088944741211,16.6508894474121,0.00225930492624121
"Post-growing season",81,"Agricultural_Full","Agricultural","Full",15.1757535065273,23.1757535065273,0.000116788895493323
"Post-growing season",81,"Site_Full","Site","Full",11.9089480809424,17.9089480809424,0.000459283295957104
"Post-growing season",82,"Storm_Agricultural","Storm","Agricultural",-3.22425722395019,2.77574277604981,0.427508670634543
"Post-growing season",82,"Storm_Site","Storm","Site",8.35903324575264,14.3590332457526,0.002455030602
"Post-growing season",82,"Agricultural_Full","Agricultural","Full",6.13723836542317,12.1372383654232,0.00692752502640375
"Post-growing season",82,"Site_Full","Site","Full",-5.44605210427966,0.553947895720341,0.90688912624693
"Post-growing season",83,"Storm_Agricultural","Storm","Agricultural",-4.87466891670198,1.12533108329802,0.770962845075537
"Post-growing season",83,"Storm_Site","Storm","Site",2.34074184522774,8.34074184522774,0.0394702918291662
"Post-growing season",83,"Agricultural_Full","Agricultural","Full",4.15398177071739,10.1539817707174,0.0173015768772207
"Post-growing season",83,"Site_Full","Site","Full",-3.06142899121232,2.93857100878768,0.401193611237171
"Post-growing season",84,"Storm_Agricultural","Storm","Agricultural",-5.54884142618175,0.451158573818248,0.929482895054091
"Post-growing season",84,"Storm_Site","Storm","Site",8.07857241180949,16.0785724118095,0.00291552318753055
"Post-growing season",84,"Agricultural_Full","Agricultural","Full",11.5801265144635,19.5801265144635,0.000604301316890354
"Post-growing season",84,"Site_Full","Site","Full",-2.04728732352777,3.95271267647223,0.266615787992407
"Post-growing season",85,"Storm_Agricultural","Storm","Agricultural",-2.39978479049933,3.60021520950067,0.307995245312752
"Post-growing season",85,"Storm_Site","Storm","Site",14.0359617340976,22.0359617340976,0.000197143842012961
"Post-growing season",85,"Agricultural_Full","Agricultural","Full",16.2181533848354,24.2181533848354,7.22215684375124e-05
"Post-growing season",85,"Site_Full","Site","Full",-0.217593139761505,5.7824068602385,0.122690077872921
"Post-growing season",86,"Storm_Agricultural","Storm","Agricultural",-5.30146559925907,0.698534400740925,0.87354861860059
"Post-growing season",86,"Storm_Site","Storm","Site",7.31502717990577,13.3150271799058,0.00400258204526511
"Post-growing season",86,"Agricultural_Full","Agricultural","Full",9.33217970562112,15.3321797056211,0.00155369695502194
"Post-growing season",86,"Site_Full","Site","Full",-3.28431307354373,2.71568692645627,0.437568044739949
"Post-growing season",87,"Storm_Agricultural","Storm","Agricultural",-4.22680409923282,1.77319590076718,0.620785105648347
"Post-growing season",87,"Storm_Site","Storm","Site",11.4699594734822,19.4699594734822,0.000635262541714441
"Post-growing season",87,"Agricultural_Full","Agricultural","Full",14.6468030895542,22.6468030895542,0.000148949754744873
"Post-growing season",87,"Site_Full","Site","Full",-1.04996048316082,4.95003951683918,0.175492264600064
"Post-growing season",88,"Storm_Agricultural","Storm","Agricultural",-4.00819541625606,1.99180458374394,0.57410943517854
"Post-growing season",88,"Storm_Site","Storm","Site",3.98635115477401,9.98635115477401,0.0186825126604939
"Post-growing season",88,"Agricultural_Full","Agricultural","Full",3.33355625047267,9.33355625047267,0.025169585260389
"Post-growing season",88,"Site_Full","Site","Full",-4.6609903205574,1.3390096794426,0.719891339365736
"Post-growing season",89,"Storm_Agricultural","Storm","Agricultural",-1.44912188017389,4.55087811982611,0.20779672433442
"Post-growing season",89,"Storm_Site","Storm","Site",2.78756771729525,10.7875677172952,0.0290581114078389
"Post-growing season",89,"Agricultural_Full","Agricultural","Full",6.61826947646711,14.6182694764671,0.00556210159323138
"Post-growing season",89,"Site_Full","Site","Full",2.38157987899797,8.38157987899797,0.0387499961676283
"Post-growing season",90,"Storm_Agricultural","Storm","Agricultural",-5.49124634064913,0.508753659350873,0.916964104897607
"Post-growing season",90,"Storm_Site","Storm","Site",4.22772189873064,12.2277218987306,0.0157358170828153
"Post-growing season",90,"Agricultural_Full","Agricultural","Full",10.5661033013653,18.5661033013653,0.000956189367348153
"Post-growing season",90,"Site_Full","Site","Full",0.847135061985512,6.84713506198551,0.076933037082781
"Post-growing season",91,"Storm_Agricultural","Storm","Agricultural",5.85449898909621,11.8544989890962,0.00789857419081374
"Post-growing season",91,"Storm_Site","Storm","Site",4.60070381576605,10.6007038157661,0.0140930971270587
"Post-growing season",91,"Agricultural_Full","Agricultural","Full",4.72245311714829,10.7224531171483,0.0133253665538747
"Post-growing season",91,"Site_Full","Site","Full",5.97624829047845,11.9762482904785,0.00746496828041891
"Post-growing season",92,"Storm_Agricultural","Storm","Agricultural",7.208592554017,13.208592554017,0.00420655482146456
"Post-growing season",92,"Storm_Site","Storm","Site",13.0242705657602,21.0242705657602,0.000313179652667661
"Post-growing season",92,"Agricultural_Full","Agricultural","Full",4.79191355355033,12.7919135535503,0.0123385927415295
"Post-growing season",92,"Site_Full","Site","Full",-1.02376445819289,4.97623554180711,0.173545588383965
"Post-growing season",93,"Storm_Agricultural","Storm","Agricultural",-4.59881020669661,1.40118979330339,0.705255860731716
"Post-growing season",93,"Storm_Site","Storm","Site",5.99643223269607,13.9964322326961,0.00730645127355179
"Post-growing season",93,"Agricultural_Full","Agricultural","Full",7.80385275490255,15.8038527549026,0.00329398013722965
"Post-growing season",93,"Site_Full","Site","Full",-2.79138968449013,3.20861031550987,0.360566259049496
"Post-growing season",94,"Storm_Agricultural","Storm","Agricultural",-5.29796699814881,0.702033001851191,0.872725662601609
"Post-growing season",94,"Storm_Site","Storm","Site",4.91705659680377,10.9170565968038,0.0121829416994234
"Post-growing season",94,"Agricultural_Full","Agricultural","Full",4.4941571498843,10.4941571498843,0.0148005849881356
"Post-growing season",94,"Site_Full","Site","Full",-5.72086644506828,0.279133554931718,0.963903903522517
"Post-growing season",95,"Storm_Agricultural","Storm","Agricultural",-5.24972845169941,0.750271548300589,0.86132059860057
"Post-growing season",95,"Storm_Site","Storm","Site",6.01864446541327,14.0186444654133,0.00723578741740171
"Post-growing season",95,"Agricultural_Full","Agricultural","Full",8.6849469305879,16.6849469305879,0.00222521347724929
"Post-growing season",95,"Site_Full","Site","Full",-2.58342598652479,3.41657401347521,0.331744466114607
"Post-growing season",96,"Storm_Agricultural","Storm","Agricultural",-2.00385304491448,3.99614695508552,0.261880489879913
"Post-growing season",96,"Storm_Site","Storm","Site",7.14546649251139,15.1454664925114,0.00440882690604689
"Post-growing season",96,"Agricultural_Full","Agricultural","Full",8.03652967946488,16.0365296794649,0.00297053593704371
"Post-growing season",96,"Site_Full","Site","Full",-1.11278985796099,4.88721014203901,0.180244945982338
"Post-growing season",97,"Storm_Agricultural","Storm","Agricultural",-4.68836952402637,1.31163047597363,0.726373174913817
"Post-growing season",97,"Storm_Site","Storm","Site",8.58053617690103,16.580536176901,0.00233136655673197
"Post-growing season",97,"Agricultural_Full","Agricultural","Full",12.7484102459124,20.7484102459124,0.000355190234615259
"Post-growing season",97,"Site_Full","Site","Full",-0.520495455015009,5.47950454498499,0.13986962457175
"Post-growing season",98,"Storm_Agricultural","Storm","Agricultural",-2.02079196284626,3.97920803715374,0.263718056709636
"Post-growing season",98,"Storm_Site","Storm","Site",3.67707065780587,9.67707065780587,0.0215203559780196
"Post-growing season",98,"Agricultural_Full","Agricultural","Full",3.10718848592819,9.10718848592819,0.0278991867352096
"Post-growing season",98,"Site_Full","Site","Full",-2.59067413472394,3.40932586527606,0.332714059188662
"Post-growing season",99,"Storm_Agricultural","Storm","Agricultural",-4.8500584175527,1.1499415824473,0.765033681531572
"Post-growing season",99,"Storm_Site","Storm","Site",4.4889529171586,10.4889529171586,0.0148360234264983
"Post-growing season",99,"Agricultural_Full","Agricultural","Full",8.00453372431201,14.004533724312,0.00289898809037718
"Post-growing season",99,"Site_Full","Site","Full",-1.33447761039929,4.66552238960071,0.197992776981626
"Post-growing season",100,"Storm_Agricultural","Storm","Agricultural",-4.14634593503462,1.85365406496538,0.603329383192432
"Post-growing season",100,"Storm_Site","Storm","Site",6.21255085533522,14.2125508553352,0.00664668581789773
"Post-growing season",100,"Agricultural_Full","Agricultural","Full",13.6864193995356,21.6864193995356,0.0002313786487033
"Post-growing season",100,"Site_Full","Site","Full",3.32752260916578,9.32752260916578,0.0252388228856862
"Post-growing season",101,"Storm_Agricultural","Storm","Agricultural",-0.557614323705934,5.44238567629407,0.142125490476356
"Post-growing season",101,"Storm_Site","Storm","Site",4.41818670906747,12.4181867090675,0.0144979189655203
"Post-growing season",101,"Agricultural_Full","Agricultural","Full",11.106463491829,19.106463491829,0.00074897900445598
"Post-growing season",101,"Site_Full","Site","Full",6.1306624590556,12.1306624590556,0.00694870927687643
"Post-growing season",102,"Storm_Agricultural","Storm","Agricultural",-1.81744376189812,4.18255623810188,0.242414149528796
"Post-growing season",102,"Storm_Site","Storm","Site",7.12007328306419,15.1200732830642,0.00445854780230722
"Post-growing season",102,"Agricultural_Full","Agricultural","Full",8.93457018789968,16.9345701878997,0.00199035370912998
"Post-growing season",102,"Site_Full","Site","Full",-0.00294685706262499,5.99705314293738,0.111753684148003
"Post-growing season",103,"Storm_Agricultural","Storm","Agricultural",-4.23076759171778,1.76923240828222,0.621653084899057
"Post-growing season",103,"Storm_Site","Storm","Site",11.1060174941328,19.1060174941328,0.000749130214436247
"Post-growing season",103,"Agricultural_Full","Agricultural","Full",10.7745101281153,18.7745101281153,0.000870297471034235
"Post-growing season",103,"Site_Full","Site","Full",-4.56227495773527,1.43772504226473,0.696716082509577
"Post-growing season",104,"Storm_Agricultural","Storm","Agricultural",2.41552041490485,8.41552041490485,0.0381611351229779
"Post-growing season",104,"Storm_Site","Storm","Site",11.4202742334519,17.4202742334519,0.000579126587140481
"Post-growing season",104,"Agricultural_Full","Agricultural","Full",6.72638302790438,12.7263830279044,0.0052672793377364
"Post-growing season",104,"Site_Full","Site","Full",-2.27837079064267,3.72162920935733,0.293134513305532
"Post-growing season",105,"Storm_Agricultural","Storm","Agricultural",-1.33656177307137,4.66343822692863,0.198167103835349
"Post-growing season",105,"Storm_Site","Storm","Site",9.3654999894128,17.3654999894128,0.00164107454161129
"Post-growing season",105,"Agricultural_Full","Agricultural","Full",18.1677612816347,26.1677612816347,2.92728610742991e-05
"Post-growing season",105,"Site_Full","Site","Full",7.46569951915058,13.4656995191506,0.00373047103992458
"Post-growing season",106,"Storm_Agricultural","Storm","Agricultural",-2.97750957600357,3.02249042399643,0.388170576845324
"Post-growing season",106,"Storm_Site","Storm","Site",11.2247217649766,19.2247217649766,0.000709931948453065
"Post-growing season",106,"Agricultural_Full","Agricultural","Full",11.3354521062058,19.3354521062058,0.000675198979272575
"Post-growing season",106,"Site_Full","Site","Full",-2.86677923477436,3.13322076522564,0.37153773186829
"Post-growing season",107,"Storm_Agricultural","Storm","Agricultural",4.32174217011942,10.3217421701194,0.0160201852020901
"Post-growing season",107,"Storm_Site","Storm","Site",9.23372122525836,17.2337212252584,0.00174091796138296
"Post-growing season",107,"Agricultural_Full","Agricultural","Full",10.0020855568177,18.0020855568177,0.00123294037576808
"Post-growing season",107,"Site_Full","Site","Full",5.09010650167875,11.0901065016787,0.0112484814866236
"Post-growing season",108,"Storm_Agricultural","Storm","Agricultural",-2.98036217645279,3.01963782354721,0.388607309085209
"Post-growing season",108,"Storm_Site","Storm","Site",14.9071647811582,22.9071647811582,0.000132149848036961
"Post-growing season",108,"Agricultural_Full","Agricultural","Full",17.3000045641584,25.3000045641584,4.37831029126721e-05
"Post-growing season",108,"Site_Full","Site","Full",-0.587522393452616,5.41247760654738,0.143968154867609
"Post-growing season",109,"Storm_Agricultural","Storm","Agricultural",-1.52843435636004,4.47156564363996,0.214840633167278
"Post-growing season",109,"Storm_Site","Storm","Site",8.17927047455709,14.1792704745571,0.00267101725546065
"Post-growing season",109,"Agricultural_Full","Agricultural","Full",4.61246941969023,10.6124694196902,0.0140170432086958
"Post-growing season",109,"Site_Full","Site","Full",-5.09523541122689,0.904764588773105,0.824277854441023
"Post-growing season",110,"Storm_Agricultural","Storm","Agricultural",3.69274331007693,9.69274331007693,0.0213668764940642
"Post-growing season",110,"Storm_Site","Storm","Site",6.09295073840792,12.0929507384079,0.00707143930091862
"Post-growing season",110,"Agricultural_Full","Agricultural","Full",12.8792477040616,18.8792477040616,0.000289574580116511
"Post-growing season",110,"Site_Full","Site","Full",10.4790402757306,16.4790402757306,0.000904312504016047
"Post-growing season",111,"Storm_Agricultural","Storm","Agricultural",-1.82820205131281,4.17179794868719,0.243500656444806
"Post-growing season",111,"Storm_Site","Storm","Site",9.37248891984524,17.3724889198452,0.00163594006300206
"Post-growing season",111,"Agricultural_Full","Agricultural","Full",7.925727339189,15.925727339189,0.00312046300950311
"Post-growing season",111,"Site_Full","Site","Full",-3.27496363196906,2.72503636803094,0.435989379361119
"Post-growing season",112,"Storm_Agricultural","Storm","Agricultural",-1.27703266649644,4.72296733350356,0.193243687901829
"Post-growing season",112,"Storm_Site","Storm","Site",11.8585275291974,17.8585275291974,0.00047040964456361
"Post-growing season",112,"Agricultural_Full","Agricultural","Full",8.39293612672776,14.3929361267278,0.00241628124394266
"Post-growing season",112,"Site_Full","Site","Full",-4.74262406896611,1.25737593103389,0.73927858976156
"Post-growing season",113,"Storm_Agricultural","Storm","Agricultural",-0.164547416210553,5.83545258378945,0.119896097106858
"Post-growing season",113,"Storm_Site","Storm","Site",3.03277537372361,11.0327753737236,0.0261981233088145
"Post-growing season",113,"Agricultural_Full","Agricultural","Full",5.85492116524426,13.8549211652443,0.00777277661727014
"Post-growing season",113,"Site_Full","Site","Full",2.6575983753101,8.6575983753101,0.0342073254014218
"Post-growing season",114,"Storm_Agricultural","Storm","Agricultural",-2.73933317190233,3.26066682809767,0.353154715197332
"Post-growing season",114,"Storm_Site","Storm","Site",9.16869434115023,17.1686943411502,0.00179237108733182
"Post-growing season",114,"Agricultural_Full","Agricultural","Full",13.6021286985181,21.6021286985181,0.000240479761731151
"Post-growing season",114,"Site_Full","Site","Full",1.69410118546551,7.69410118546551,0.0527754033794517
"Post-growing season",115,"Storm_Agricultural","Storm","Agricultural",-3.72084874995795,2.27915125004205,0.516526736165923
"Post-growing season",115,"Storm_Site","Storm","Site",7.60268794540207,15.6026879454021,0.00360137508387743
"Post-growing season",115,"Agricultural_Full","Agricultural","Full",8.95181057670339,16.9518105767034,0.00197506692129607
"Post-growing season",115,"Site_Full","Site","Full",-2.37172611865662,3.62827388134338,0.304502523232572
"Post-growing season",116,"Storm_Agricultural","Storm","Agricultural",-4.22793240266265,1.77206759733735,0.621032120542095
"Post-growing season",116,"Storm_Site","Storm","Site",11.5815215014662,19.5815215014662,0.000603919003744039
"Post-growing season",116,"Agricultural_Full","Agricultural","Full",12.9098642730337,20.9098642730337,0.000329969033764608
"Post-growing season",116,"Site_Full","Site","Full",-2.89958963109507,3.10041036890493,0.376401472833138
"Post-growing season",117,"Storm_Agricultural","Storm","Agricultural",-2.12304564146143,3.87695435853857,0.275061042579732
"Post-growing season",117,"Storm_Site","Storm","Site",15.1216710546432,23.1216710546432,0.000119732335310608
"Post-growing season",117,"Agricultural_Full","Agricultural","Full",21.2024027968757,29.2024027968757,7.11110099565891e-06
"Post-growing season",117,"Site_Full","Site","Full",3.95768610077101,9.95768610077101,0.0189292648262761
"Post-growing season",118,"Storm_Agricultural","Storm","Agricultural",0.44109685246724,6.44109685246724,0.0920146693233963
"Post-growing season",118,"Storm_Site","Storm","Site",3.91054194037275,11.9105419403728,0.0180290454572793
"Post-growing season",118,"Agricultural_Full","Agricultural","Full",7.16010158650494,15.1601015865049,0.00438041872516388
"Post-growing season",118,"Site_Full","Site","Full",3.69065649859942,9.69065649859942,0.0213872500756433
"Post-growing season",119,"Storm_Agricultural","Storm","Agricultural",-4.70383828099085,1.29616171900915,0.730044715387233
"Post-growing season",119,"Storm_Site","Storm","Site",3.77510852462575,11.7751085246258,0.0191043693275007
"Post-growing season",119,"Agricultural_Full","Agricultural","Full",4.61333236405238,12.6133323640524,0.0133281215334499
"Post-growing season",119,"Site_Full","Site","Full",-3.86561444156422,2.13438555843578,0.544987713842603
"Post-growing season",120,"Storm_Agricultural","Storm","Agricultural",-2.12174136808483,3.87825863191517,0.274913625089348
"Post-growing season",120,"Storm_Site","Storm","Site",-1.98997982336863,0.0100201766313717,0.920264274556228
"Post-growing season",120,"Agricultural_Full","Agricultural","Full",-1.86903994461835,0.130960055381649,0.71743869014351
"Post-growing season",120,"Site_Full","Site","Full",-2.00080148933455,3.99919851066545,0.261550689323892
"Post-growing season",121,"Storm_Agricultural","Storm","Agricultural",-1.82155545024619,4.17844454975381,0.242828874607791
"Post-growing season",121,"Storm_Site","Storm","Site",4.82938660649523,12.8293866064952,0.0121402404128859
"Post-growing season",121,"Agricultural_Full","Agricultural","Full",3.89545286737524,11.8954528673752,0.0181458760407601
"Post-growing season",121,"Site_Full","Site","Full",-2.75548918936619,3.24451081063381,0.355440675146937
"Post-growing season",122,"Storm_Agricultural","Storm","Agricultural",-5.81550688515136,0.184493114848635,0.980052944514872
"Post-growing season",122,"Storm_Site","Storm","Site",6.71178668886085,14.7117866888609,0.00533788236902763
"Post-growing season",122,"Agricultural_Full","Agricultural","Full",10.0056892663893,18.0056892663893,0.00123094253142532
"Post-growing season",122,"Site_Full","Site","Full",-2.52160430762291,3.47839569237709,0.323574955813568
"Post-growing season",123,"Storm_Agricultural","Storm","Agricultural",-3.82861260804407,2.17138739195593,0.537606128918716
"Post-growing season",123,"Storm_Site","Storm","Site",7.47359028253516,15.4735902825352,0.00381333285365259
"Post-growing season",123,"Agricultural_Full","Agricultural","Full",14.1803555551212,22.1803555551212,0.000184514149101127
"Post-growing season",123,"Site_Full","Site","Full",2.87815266454197,8.87815266454197,0.0309555557910818
"Post-growing season",124,"Storm_Agricultural","Storm","Agricultural",-5.62429925136871,0.375700748631289,0.945215118164499
"Post-growing season",124,"Storm_Site","Storm","Site",9.47061379269417,17.4706137926942,0.00156550357596064
"Post-growing season",124,"Agricultural_Full","Agricultural","Full",11.9229065058273,19.9229065058273,0.00051720647897988
"Post-growing season",124,"Site_Full","Site","Full",-3.17200653823556,2.82799346176444,0.41891240287408
"Post-growing season",125,"Storm_Agricultural","Storm","Agricultural",-3.19441747377994,2.80558252622006,0.422581758157053
"Post-growing season",125,"Storm_Site","Storm","Site",7.25466399315059,15.2546639931506,0.00420115120934125
"Post-growing season",125,"Agricultural_Full","Agricultural","Full",6.92442276874675,14.9244227687468,0.00486056373976412
"Post-growing season",125,"Site_Full","Site","Full",-3.52465869818377,2.47534130181623,0.479763949764724
"Post-growing season",126,"Storm_Agricultural","Storm","Agricultural",-0.00272028466918073,5.99727971533082,0.111742647886934
"Post-growing season",126,"Storm_Site","Storm","Site",10.5648391209895,18.5648391209895,0.000956735143034902
"Post-growing season",126,"Agricultural_Full","Agricultural","Full",8.79801899324445,16.7980189932445,0.00211562461128675
"Post-growing season",126,"Site_Full","Site","Full",-1.76954041241424,4.23045958758576,0.237629941304116
"Post-growing season",127,"Storm_Agricultural","Storm","Agricultural",-2.17797205831016,3.82202794168984,0.281334287606043
"Post-growing season",127,"Storm_Site","Storm","Site",7.47311729493345,15.4731172949334,0.00381413154345292
"Post-growing season",127,"Agricultural_Full","Agricultural","Full",7.09475615592362,15.0947561559236,0.00450866805942553
"Post-growing season",127,"Site_Full","Site","Full",-2.55633319731999,3.44366680268001,0.328142178490843
"Post-growing season",128,"Storm_Agricultural","Storm","Agricultural",4.57210525781829,10.5721052578183,0.0142796589920858
"Post-growing season",128,"Storm_Site","Storm","Site",8.99954330022626,16.9995433002263,0.00193334447221158
"Post-growing season",128,"Agricultural_Full","Agricultural","Full",10.3687249394088,18.3687249394088,0.00104523972599678
"Post-growing season",128,"Site_Full","Site","Full",5.94128689700085,11.9412868970009,0.00758701698971402
"Post-growing season",129,"Storm_Agricultural","Storm","Agricultural",-0.801941229037027,5.19805877096297,0.157855668302974
"Post-growing season",129,"Storm_Site","Storm","Site",14.9980118296481,22.9980118296481,0.000126742029576951
"Post-growing season",129,"Agricultural_Full","Agricultural","Full",13.1789145606866,21.1789145606866,0.000291823482453389
"Post-growing season",129,"Site_Full","Site","Full",-2.62103849799848,3.37896150200152,0.33680300891512
"Post-growing season",130,"Storm_Agricultural","Storm","Agricultural",-3.2150224516343,2.7849775483657,0.425978854253204
"Post-growing season",130,"Storm_Site","Storm","Site",13.0386723075343,21.0386723075343,0.000311127075700901
"Post-growing season",130,"Agricultural_Full","Agricultural","Full",17.645782113106,25.645782113106,3.72982157932767e-05
"Post-growing season",130,"Site_Full","Site","Full",1.39208735393743,7.39208735393743,0.06039699143863
"Post-growing season",131,"Storm_Agricultural","Storm","Agricultural",-0.462037915839971,5.53796208416003,0.136385613182536
"Post-growing season",131,"Storm_Site","Storm","Site",8.91986030133938,16.9198603013394,0.00200348893390822
"Post-growing season",131,"Agricultural_Full","Agricultural","Full",18.0896644201025,26.0896644201025,3.03541383314899e-05
"Post-growing season",131,"Site_Full","Site","Full",8.70776620292315,14.7077662029232,0.0020842041032065
"Post-growing season",132,"Storm_Agricultural","Storm","Agricultural",-0.282259108932351,5.71774089106765,0.126180047576419
"Post-growing season",132,"Storm_Site","Storm","Site",10.5627063712593,18.5627063712593,0.000957656598033453
"Post-growing season",132,"Agricultural_Full","Agricultural","Full",9.84161666589006,17.8416166658901,0.00132522379781928
"Post-growing season",132,"Site_Full","Site","Full",-1.0033488143016,4.9966511856984,0.172042525233158
"Post-growing season",133,"Storm_Agricultural","Storm","Agricultural",-2.8448948775935,3.1551051224065,0.368323696558985
"Post-growing season",133,"Storm_Site","Storm","Site",15.669085795319,23.669085795319,9.30472901597926e-05
"Post-growing season",133,"Agricultural_Full","Agricultural","Full",18.4777478211673,26.4777478211673,2.53457856818396e-05
"Post-growing season",133,"Site_Full","Site","Full",-0.0362328517452397,5.96376714825476,0.113386400427751
"Post-growing season",134,"Storm_Agricultural","Storm","Agricultural",-5.0697740370681,0.9302259629319,0.818128134888641
"Post-growing season",134,"Storm_Site","Storm","Site",9.35730932920961,17.3573093292096,0.0016471121215004
"Post-growing season",134,"Agricultural_Full","Agricultural","Full",21.2356978597344,29.2356978597344,7.00116140623143e-06
"Post-growing season",134,"Site_Full","Site","Full",6.80861449345673,12.8086144934567,0.00506930928925566
"Post-growing season",135,"Storm_Agricultural","Storm","Agricultural",-4.98764082201546,1.01235917798454,0.79826143548303
"Post-growing season",135,"Storm_Site","Storm","Site",16.654916158667,24.654916158667,5.902014952144e-05
"Post-growing season",135,"Agricultural_Full","Agricultural","Full",16.3339161505147,24.3339161505147,6.84609149669599e-05
"Post-growing season",135,"Site_Full","Site","Full",-5.30864083016775,0.691359169832253,0.875234453445394
"Post-growing season",136,"Storm_Agricultural","Storm","Agricultural",-4.60139779597404,1.39860220402596,0.70586241506898
"Post-growing season",136,"Storm_Site","Storm","Site",8.54606251036853,16.5460625103685,0.00236749952671354
"Post-growing season",136,"Agricultural_Full","Agricultural","Full",11.3848824375461,19.3848824375461,0.000660241979128253
"Post-growing season",136,"Site_Full","Site","Full",-1.76257786879643,4.23742213120357,0.236941824892497
"Post-growing season",137,"Storm_Agricultural","Storm","Agricultural",-3.94582181433572,2.05417818566428,0.561238301306898
"Post-growing season",137,"Storm_Site","Storm","Site",6.31254101894638,14.3125410189464,0.00636154828396545
"Post-growing season",137,"Agricultural_Full","Agricultural","Full",8.69898488297412,16.6989848829741,0.0022113095464417
"Post-growing season",137,"Site_Full","Site","Full",-1.55937795030798,4.44062204969202,0.217648210120657
"Post-growing season",138,"Storm_Agricultural","Storm","Agricultural",-4.23077314837553,1.76922685162447,0.621654302296776
"Post-growing season",138,"Storm_Site","Storm","Site",4.967974708925,12.967974708925,0.0114333399389431
"Post-growing season",138,"Agricultural_Full","Agricultural","Full",7.98509448932566,15.9850944893257,0.00303922997209085
"Post-growing season",138,"Site_Full","Site","Full",-1.21365336797487,4.78634663202513,0.18812726813435
"Post-growing season",139,"Storm_Agricultural","Storm","Agricultural",-0.405202197720428,5.59479780227957,0.133077329939314
"Post-growing season",139,"Storm_Site","Storm","Site",7.27655420289966,15.2765542028997,0.00416069168510259
"Post-growing season",139,"Agricultural_Full","Agricultural","Full",13.9033224081479,21.9033224081479,0.000209499140242569
"Post-growing season",139,"Site_Full","Site","Full",6.22156600752777,12.2215660075278,0.00666145491107123
"Post-growing season",140,"Storm_Agricultural","Storm","Agricultural",-4.96438652856165,1.03561347143835,0.792635434254519
"Post-growing season",140,"Storm_Site","Storm","Site",7.00610079933932,15.0061007993393,0.00468858039487672
"Post-growing season",140,"Agricultural_Full","Agricultural","Full",8.85826301166037,16.8582630116604,0.00205942695412219
"Post-growing season",140,"Site_Full","Site","Full",-3.1122243162406,2.8877756837594,0.409253549256033
"Post-growing season",141,"Storm_Agricultural","Storm","Agricultural",-5.48173488524947,0.518265114750534,0.914860707406049
"Post-growing season",141,"Storm_Site","Storm","Site",13.2258597170304,19.2258597170304,0.000245518521636954
"Post-growing season",141,"Agricultural_Full","Agricultural","Full",14.2520917271632,20.2520917271632,0.000150498639663023
"Post-growing season",141,"Site_Full","Site","Full",-4.45550287511668,1.54449712488332,0.672039142689511
"Post-growing season",142,"Storm_Agricultural","Storm","Agricultural",-4.67137677088584,1.32862322911416,0.722347688913533
"Post-growing season",142,"Storm_Site","Storm","Site",4.81951407219992,12.8195140721999,0.0121921937818932
"Post-growing season",142,"Agricultural_Full","Agricultural","Full",6.78289094993772,14.7828909499377,0.00517336110914404
"Post-growing season",142,"Site_Full","Site","Full",-2.70799989314804,3.29200010685196,0.348757633844529
"Post-growing season",143,"Storm_Agricultural","Storm","Agricultural",-5.12901528880377,0.870984711196229,0.83242361086231
"Post-growing season",143,"Storm_Site","Storm","Site",2.50296427757843,8.50296427757843,0.0366839670026529
"Post-growing season",143,"Agricultural_Full","Agricultural","Full",3.43176601269278,9.43176601269278,0.0240684451057988
"Post-growing season",143,"Site_Full","Site","Full",-4.20021355368942,1.79978644631058,0.614981408564176
"Post-growing season",144,"Storm_Agricultural","Storm","Agricultural",-3.44399628700165,2.55600371299835,0.465254920576677
"Post-growing season",144,"Storm_Site","Storm","Site",7.00972193517805,13.009721935178,0.00461562829571228
"Post-growing season",144,"Agricultural_Full","Agricultural","Full",6.65973939964351,12.6597393996435,0.00543331656263431
"Post-growing season",144,"Site_Full","Site","Full",-3.79397882253619,2.20602117746381,0.530763360990795
"Post-growing season",145,"Storm_Agricultural","Storm","Agricultural",-3.4161881348291,2.5838118651709,0.460334606478986
"Post-growing season",145,"Storm_Site","Storm","Site",11.4492981387496,19.4492981387496,0.000641241558370611
"Post-growing season",145,"Agricultural_Full","Agricultural","Full",22.7871302788855,30.7871302788855,3.38324161237185e-06
"Post-growing season",145,"Site_Full","Site","Full",7.9216440053068,13.9216440053068,0.00301377219017362
"Post-growing season",146,"Storm_Agricultural","Storm","Agricultural",-3.72284335003224,2.27715664996776,0.516911206278788
"Post-growing season",146,"Storm_Site","Storm","Site",2.3918223043899,10.3918223043899,0.034320186532342
"Post-growing season",146,"Agricultural_Full","Agricultural","Full",7.56519436371337,15.5651943637134,0.0036617100593269
"Post-growing season",146,"Site_Full","Site","Full",1.45052870929123,7.45052870929123,0.0588432991249742
"Post-growing season",147,"Storm_Agricultural","Storm","Agricultural",-3.73742938240184,2.26257061759816,0.519729280482736
"Post-growing season",147,"Storm_Site","Storm","Site",13.4740296267554,19.4740296267554,0.000218136784199064
"Post-growing season",147,"Agricultural_Full","Agricultural","Full",13.9608610753828,19.9608610753828,0.000172942304783366
"Post-growing season",147,"Site_Full","Site","Full",-3.25059793377449,2.74940206622551,0.431897107470433
"Post-growing season",148,"Storm_Agricultural","Storm","Agricultural",-3.73316855573194,2.26683144426806,0.518904884654622
"Post-growing season",148,"Storm_Site","Storm","Site",5.40453095464488,11.4045309546449,0.00972796630699829
"Post-growing season",148,"Agricultural_Full","Agricultural","Full",5.21507268199088,11.2150726819909,0.0106179688849609
"Post-growing season",148,"Site_Full","Site","Full",-3.92262682838594,2.07737317161406,0.556503870457431
"Post-growing season",149,"Storm_Agricultural","Storm","Agricultural",-5.37230420786977,0.627695792130226,0.890063804925529
"Post-growing season",149,"Storm_Site","Storm","Site",8.95629394686097,16.956293946861,0.00197111059119023
"Post-growing season",149,"Agricultural_Full","Agricultural","Full",11.6398539168857,19.6398539168857,0.000588144768372844
"Post-growing season",149,"Site_Full","Site","Full",-2.68874423784501,3.31125576215499,0.346079122162838
"Post-growing season",150,"Storm_Agricultural","Storm","Agricultural",-1.96102561809295,4.03897438190705,0.257286238994675
"Post-growing season",150,"Storm_Site","Storm","Site",14.2542212355218,22.2542212355218,0.00017836703709841
"Post-growing season",150,"Agricultural_Full","Agricultural","Full",18.6831086512736,26.6831086512736,2.30373647596347e-05
"Post-growing season",150,"Site_Full","Site","Full",2.46786179765888,8.46786179765888,0.0372701112573271
"Post-growing season",151,"Storm_Agricultural","Storm","Agricultural",-3.28015089556231,2.71984910443769,0.436864679197139
"Post-growing season",151,"Storm_Site","Storm","Site",9.17335196058133,17.1733519605813,0.00178863635091762
"Post-growing season",151,"Agricultural_Full","Agricultural","Full",10.1206764828284,18.1206764828284,0.00116884703652879
"Post-growing season",151,"Site_Full","Site","Full",-2.33282637331524,3.66717362668476,0.29971867687001
"Post-growing season",152,"Storm_Agricultural","Storm","Agricultural",-1.41801874749751,4.58198125250249,0.205093281264003
"Post-growing season",152,"Storm_Site","Storm","Site",8.66439228735925,16.6643922873592,0.00224572746740401
"Post-growing season",152,"Agricultural_Full","Agricultural","Full",6.51946691056065,14.5194669105607,0.00580903312514501
"Post-growing season",152,"Site_Full","Site","Full",-3.56294412429611,2.43705587570389,0.486773960374379
"Post-growing season",153,"Storm_Agricultural","Storm","Agricultural",7.0313569198857,13.0313569198857,0.00456928267380966
"Post-growing season",153,"Storm_Site","Storm","Site",6.46284974698312,14.4628497469831,0.0059553473893297
"Post-growing season",153,"Agricultural_Full","Agricultural","Full",3.73083665875953,11.7308366587595,0.0194692037736223
"Post-growing season",153,"Site_Full","Site","Full",4.2993438316621,10.2993438316621,0.0161857097766367
"Post-growing season",154,"Storm_Agricultural","Storm","Agricultural",-5.03079536483767,0.969204635162328,0.808702935552796
"Post-growing season",154,"Storm_Site","Storm","Site",7.86957397776592,13.8695739777659,0.00308816893752556
"Post-growing season",154,"Agricultural_Full","Agricultural","Full",7.5853704794207,13.5853704794207,0.00352746997684085
"Post-growing season",154,"Site_Full","Site","Full",-5.31499886318289,0.685001136817107,0.87672603416191
"Post-growing season",155,"Storm_Agricultural","Storm","Agricultural",-5.32368558535893,0.67631441464107,0.878760385908957
"Post-growing season",155,"Storm_Site","Storm","Site",3.81830936519094,11.8183093651909,0.0187547657641505
"Post-growing season",155,"Agricultural_Full","Agricultural","Full",4.48355119169463,12.4835511916946,0.0140953662343422
"Post-growing season",155,"Site_Full","Site","Full",-4.65844375885524,1.34155624114476,0.719289578778828
"Post-growing season",156,"Storm_Agricultural","Storm","Agricultural",-5.2063640387592,0.793635961240795,0.850988614310378
"Post-growing season",156,"Storm_Site","Storm","Site",16.5928133494372,22.5928133494372,4.90955147643681e-05
"Post-growing season",156,"Agricultural_Full","Agricultural","Full",16.5259213223707,22.5259213223707,5.0696037743763e-05
"Post-growing season",156,"Site_Full","Site","Full",-5.27325606582571,0.726743934174294,0.866896199667627
"Post-growing season",157,"Storm_Agricultural","Storm","Agricultural",-5.35750901883694,0.642490981163064,0.886639787082465
"Post-growing season",157,"Storm_Site","Storm","Site",16.9157809921234,22.9157809921234,4.20486271325433e-05
"Post-growing season",157,"Agricultural_Full","Agricultural","Full",16.5357846156058,22.5357846156058,5.0456811583788e-05
"Post-growing season",157,"Site_Full","Site","Full",-5.73750539535456,0.26249460464544,0.96692065824028
"Post-growing season",158,"Storm_Agricultural","Storm","Agricultural",-0.560604435259791,5.43939556474021,0.142308704238299
"Post-growing season",158,"Storm_Site","Storm","Site",9.30665507897243,17.3066550789724,0.00168494078061953
"Post-growing season",158,"Agricultural_Full","Agricultural","Full",10.1413520053522,18.1413520053522,0.00115801474373561
"Post-growing season",158,"Site_Full","Site","Full",0.274092491119973,6.27409249111997,0.0990104068746159
"Post-growing season",159,"Storm_Agricultural","Storm","Agricultural",-5.7632034392858,0.236796560714197,0.971441229385985
"Post-growing season",159,"Storm_Site","Storm","Site",2.78715832207251,8.78715832207251,0.0322587580604934
"Post-growing season",159,"Agricultural_Full","Agricultural","Full",3.63563782110685,9.63563782110685,0.0219313322254054
"Post-growing season",159,"Site_Full","Site","Full",-4.91472394025146,1.08527605974854,0.780629637778234
"Post-growing season",160,"Storm_Agricultural","Storm","Agricultural",-2.87183041012003,3.12816958987997,0.372282980371764
"Post-growing season",160,"Storm_Site","Storm","Site",5.42683935767536,13.4268393576754,0.00936797752808324
"Post-growing season",160,"Agricultural_Full","Agricultural","Full",7.74660713769407,15.7466071376941,0.00337872655643845
"Post-growing season",160,"Site_Full","Site","Full",-0.552062630101318,5.44793736989868,0.141785912730463
"Post-growing season",161,"Storm_Agricultural","Storm","Agricultural",-4.78122924928255,1.21877075071745,0.748505920311908
"Post-growing season",161,"Storm_Site","Storm","Site",7.63410820399599,13.634108203996,0.00344796542762121
"Post-growing season",161,"Agricultural_Full","Agricultural","Full",11.3327117352467,17.3327117352467,0.000603672678329444
"Post-growing season",161,"Site_Full","Site","Full",-1.08262571803181,4.91737428196819,0.177948355041206
"Post-growing season",162,"Storm_Agricultural","Storm","Agricultural",-5.45884845541815,0.541151544581851,0.90976192132723
"Post-growing season",162,"Storm_Site","Storm","Site",11.1091803380829,19.1091803380829,0.000748058543284461
"Post-growing season",162,"Agricultural_Full","Agricultural","Full",13.5131714095762,21.5131714095762,0.000250469817004896
"Post-growing season",162,"Site_Full","Site","Full",-3.0548573839248,2.9451426160752,0.400160668173629
"Post-growing season",163,"Storm_Agricultural","Storm","Agricultural",-0.508464519506219,5.49153548049378,0.139145766827868
"Post-growing season",163,"Storm_Site","Storm","Site",24.1761546826145,32.1761546826145,1.76088091810988e-06
"Post-growing season",163,"Agricultural_Full","Agricultural","Full",22.2460197573199,30.2460197573199,4.36120378178007e-06
"Post-growing season",163,"Site_Full","Site","Full",-2.43859944480079,3.56140055519921,0.31288555344132
"Post-growing season",164,"Storm_Agricultural","Storm","Agricultural",-0.74317585708917,5.25682414291083,0.153928669868868
"Post-growing season",164,"Storm_Site","Storm","Site",9.39962932625605,17.399629326256,0.00161615099670181
"Post-growing season",164,"Agricultural_Full","Agricultural","Full",13.5949716048199,21.5949716048199,0.000241268687107316
"Post-growing season",164,"Site_Full","Site","Full",3.45216642147466,9.45216642147466,0.0238457120341074
"Post-growing season",165,"Storm_Agricultural","Storm","Agricultural",2.01865850698312,8.01865850698312,0.0456276604049469
"Post-growing season",165,"Storm_Site","Storm","Site",11.7962722658139,19.7962722658139,0.000547830647999839
"Post-growing season",165,"Agricultural_Full","Agricultural","Full",10.5545069317281,18.5545069317281,0.000961207343583229
"Post-growing season",165,"Site_Full","Site","Full",0.776893172897303,6.7768931728973,0.079359363538588
"Post-growing season",166,"Storm_Agricultural","Storm","Agricultural",7.47367983548486,13.4736798354849,0.00371658100743311
"Post-growing season",166,"Storm_Site","Storm","Site",0.324986085297667,8.32498608529767,0.080373285168707
"Post-growing season",166,"Agricultural_Full","Agricultural","Full",8.8625285779849,16.8625285779849,0.00205550415465386
"Post-growing season",166,"Site_Full","Site","Full",16.0112223281721,22.0112223281721,6.488133595637e-05
"Post-growing season",167,"Storm_Agricultural","Storm","Agricultural",-2.54186769068104,3.45813230931896,0.326232954534085
"Post-growing season",167,"Storm_Site","Storm","Site",5.241727059597,13.241727059597,0.0101531239512504
"Post-growing season",167,"Agricultural_Full","Agricultural","Full",2.70325610551845,10.7032561055184,0.0301094294219247
"Post-growing season",167,"Site_Full","Site","Full",-5.08033864475959,0.919661355240407,0.820680665384161
"Post-growing season",168,"Storm_Agricultural","Storm","Agricultural",-5.59328581440889,0.406714185591113,0.938852035427968
"Post-growing season",168,"Storm_Site","Storm","Site",7.45878567497857,15.4587856749786,0.00383841015969065
"Post-growing season",168,"Agricultural_Full","Agricultural","Full",10.4955136728861,18.4955136728861,0.000987140675780711
"Post-growing season",168,"Site_Full","Site","Full",-2.55655781650131,3.44344218349869,0.328171902133305
"Post-growing season",169,"Storm_Agricultural","Storm","Agricultural",-2.60374016956848,3.39625983043152,0.334468201429473
"Post-growing season",169,"Storm_Site","Storm","Site",4.5430691802319,10.5430691802319,0.0144715623060456
"Post-growing season",169,"Agricultural_Full","Agricultural","Full",8.40227895999317,14.4022789599932,0.00240570982184936
"Post-growing season",169,"Site_Full","Site","Full",1.25546961019279,7.25546961019279,0.0641858316054752
"Post-growing season",170,"Storm_Agricultural","Storm","Agricultural",-5.26606817309181,0.73393182690819,0.865195287584195
"Post-growing season",170,"Storm_Site","Storm","Site",11.5832464404606,19.5832464404606,0.000603446594191477
"Post-growing season",170,"Agricultural_Full","Agricultural","Full",15.2708382017972,23.2708382017972,0.000111787010318285
"Post-growing season",170,"Site_Full","Site","Full",-1.57847641175528,4.42152358824472,0.219397929797947
"Post-growing season",171,"Storm_Agricultural","Storm","Agricultural",-1.19232677477169,4.80767322522831,0.186434254330925
"Post-growing season",171,"Storm_Site","Storm","Site",7.55101689897231,13.5510168989723,0.00358459834110131
"Post-growing season",171,"Agricultural_Full","Agricultural","Full",8.61763481217105,14.617634812171,0.00217435285680625
"Post-growing season",171,"Site_Full","Site","Full",-0.125708861572946,5.87429113842705,0.117889007113739
"Post-growing season",172,"Storm_Agricultural","Storm","Agricultural",-3.67715278509957,2.32284721490043,0.508158122874975
"Post-growing season",172,"Storm_Site","Storm","Site",4.91209010830255,12.9120901083026,0.0117134217784183
"Post-growing season",172,"Agricultural_Full","Agricultural","Full",8.19359975137331,16.1935997513733,0.00277008524185398
"Post-growing season",172,"Site_Full","Site","Full",-0.395643142028803,5.6043568579712,0.132528459090131
"Post-growing season",173,"Storm_Agricultural","Storm","Agricultural",-4.63309987358252,1.36690012641748,0.713311532127535
"Post-growing season",173,"Storm_Site","Storm","Site",16.4027272880123,24.4027272880123,6.63183774182663e-05
"Post-growing season",173,"Agricultural_Full","Agricultural","Full",19.0539560939692,27.0539560939692,1.93857834714484e-05
"Post-growing season",173,"Site_Full","Site","Full",-1.98187106762566,4.01812893237434,0.259513175275335
"Post-growing season",174,"Storm_Agricultural","Storm","Agricultural",0.00346888202665241,6.00346888202665,0.111441578357407
"Post-growing season",174,"Storm_Site","Storm","Site",2.16870661356376,10.1687066135638,0.0376797349849152
"Post-growing season",174,"Agricultural_Full","Agricultural","Full",1.98331264759059,9.98331264759059,0.0407097183447706
"Post-growing season",174,"Site_Full","Site","Full",-0.18192508394651,5.81807491605349,0.120804650479472
"Post-growing season",175,"Storm_Agricultural","Storm","Agricultural",-5.36516032242122,0.634839677578782,0.888412329113851
"Post-growing season",175,"Storm_Site","Storm","Site",-1.67732778444037,0.322672215559635,0.570006149490885
"Post-growing season",175,"Agricultural_Full","Agricultural","Full",-1.7679157167106,0.232084283289396,0.629982652118061
"Post-growing season",175,"Site_Full","Site","Full",-5.45574825469146,0.544251745308543,0.909067322542274
"Post-growing season",176,"Storm_Agricultural","Storm","Agricultural",-0.667304012172508,5.33269598782749,0.148994812517746
"Post-growing season",176,"Storm_Site","Storm","Site",5.39811601334605,13.3981160133461,0.00948579348665786
"Post-growing season",176,"Agricultural_Full","Agricultural","Full",11.4030898384066,19.4030898384066,0.000654815655984757
"Post-growing season",176,"Site_Full","Site","Full",5.33766981288807,11.3376698128881,0.0100333167372885
"Post-growing season",177,"Storm_Agricultural","Storm","Agricultural",-4.15191196239954,1.84808803760046,0.604526762889944
"Post-growing season",177,"Storm_Site","Storm","Site",10.31366152804,18.31366152804,0.00107151225786369
"Post-growing season",177,"Agricultural_Full","Agricultural","Full",14.9142632457012,22.9142632457012,0.000131719177757503
"Post-growing season",177,"Site_Full","Site","Full",0.448689755261682,6.44868975526168,0.0917081660294119
"Post-growing season",178,"Storm_Agricultural","Storm","Agricultural",-0.0233169114353018,5.9766830885647,0.112750170612771
"Post-growing season",178,"Storm_Site","Storm","Site",6.16567855398887,12.1656785539889,0.00683663753958076
"Post-growing season",178,"Agricultural_Full","Agricultural","Full",4.75866053651055,10.7586605365105,0.0131051025495468
"Post-growing season",178,"Site_Full","Site","Full",-1.43033492891362,4.56966507108638,0.20615986200681
"Post-growing season",179,"Storm_Agricultural","Storm","Agricultural",-1.9848971905347,4.0151028094653,0.259837910756547
"Post-growing season",179,"Storm_Site","Storm","Site",6.51331185441398,14.513311854414,0.00582476704225343
"Post-growing season",179,"Agricultural_Full","Agricultural","Full",6.16670091898828,14.1667009189883,0.00678158782425428
"Post-growing season",179,"Site_Full","Site","Full",-2.3315081259604,3.6684918740396,0.299557741324152
"Post-growing season",180,"Storm_Agricultural","Storm","Agricultural",-4.69924690323865,1.30075309676135,0.728954253744348
"Post-growing season",180,"Storm_Site","Storm","Site",16.3720364841323,24.3720364841323,6.72656267844315e-05
"Post-growing season",180,"Agricultural_Full","Agricultural","Full",19.4292553160209,27.4292553160209,1.62765427747924e-05
"Post-growing season",180,"Site_Full","Site","Full",-1.64202807134996,4.35797192865004,0.22531414726155
"Post-growing season",181,"Storm_Agricultural","Storm","Agricultural",-5.02891162863961,0.971088371360395,0.808247230189559
"Post-growing season",181,"Storm_Site","Storm","Site",13.5823245398021,21.5823245398021,0.000242669049475172
"Post-growing season",181,"Agricultural_Full","Agricultural","Full",14.7119881535244,22.7119881535244,0.000144554670256749
"Post-growing season",181,"Site_Full","Site","Full",-3.89924801491725,2.10075198508275,0.551760646616373
"Post-growing season",182,"Storm_Agricultural","Storm","Agricultural",-4.32409182395526,1.67590817604474,0.642303174920988
"Post-growing season",182,"Storm_Site","Storm","Site",3.89966048053719,11.8996604805372,0.0181132238711898
"Post-growing season",182,"Agricultural_Full","Agricultural","Full",7.84439545768527,15.8443954576853,0.00323522943624024
"Post-growing season",182,"Site_Full","Site","Full",-0.379356846807184,5.62064315319282,0.131598267541796
"Post-growing season",183,"Storm_Agricultural","Storm","Agricultural",-4.49314649330739,1.50685350669261,0.680689450324103
"Post-growing season",183,"Storm_Site","Storm","Site",2.4393374338062,8.4393374338062,0.0377531409146052
"Post-growing season",183,"Agricultural_Full","Agricultural","Full",1.98520010353803,7.98520010353803,0.0463185672303872
"Post-growing season",183,"Site_Full","Site","Full",-4.94728382357556,1.05271617642444,0.78849906345275
"Post-growing season",184,"Storm_Agricultural","Storm","Agricultural",-0.759550566382302,5.2404494336177,0.155013547198164
"Post-growing season",184,"Storm_Site","Storm","Site",16.2222050576539,24.2222050576539,7.2086545765627e-05
"Post-growing season",184,"Agricultural_Full","Agricultural","Full",13.0572534553403,21.0572534553403,0.000308498522244658
"Post-growing season",184,"Site_Full","Site","Full",-3.92450216869582,2.07549783130418,0.556885601197321
"Post-growing season",185,"Storm_Agricultural","Storm","Agricultural",-5.58093685024039,0.419063149759609,0.936276943461431
"Post-growing season",185,"Storm_Site","Storm","Site",5.02593014783281,11.0259301478328,0.011586484597817
"Post-growing season",185,"Agricultural_Full","Agricultural","Full",5.20933999739344,11.2093399973934,0.0106461147178119
"Post-growing season",185,"Site_Full","Site","Full",-5.39752700067976,0.602472999320241,0.89586600399069
"Post-growing season",186,"Storm_Agricultural","Storm","Agricultural",2.98138974436176,8.98138974436176,0.0295393460579228
"Post-growing season",186,"Storm_Site","Storm","Site",-1.05756557449331,6.94243442550669,0.138961754097068
"Post-growing season",186,"Agricultural_Full","Agricultural","Full",-3.0002222986551,4.9997777013449,0.287320305175222
"Post-growing season",186,"Site_Full","Site","Full",1.03873302019997,7.03873302019997,0.0706734127794038
"Post-growing season",187,"Storm_Agricultural","Storm","Agricultural",-4.13530773201779,1.86469226798221,0.600959353212124
"Post-growing season",187,"Storm_Site","Storm","Site",5.20455852962237,11.2045585296224,0.0106696466166984
"Post-growing season",187,"Agricultural_Full","Agricultural","Full",8.05327650288524,14.0532765028852,0.00283352396659015
"Post-growing season",187,"Site_Full","Site","Full",-1.28658975875493,4.71341024124507,0.194026363949728
"Post-growing season",188,"Storm_Agricultural","Storm","Agricultural",-2.80868332374644,3.19131667625356,0.363058018443211
"Post-growing season",188,"Storm_Site","Storm","Site",6.70407473223304,14.704074732233,0.00535603208296128
"Post-growing season",188,"Agricultural_Full","Agricultural","Full",6.87951744402022,14.8795174440202,0.00495774141788388
"Post-growing season",188,"Site_Full","Site","Full",-2.63324061195925,3.36675938804075,0.338458539482513
"Post-growing season",189,"Storm_Agricultural","Storm","Agricultural",8.19021242812306,14.1902124281231,0.00265734819582786
"Post-growing season",189,"Storm_Site","Storm","Site",2.77014789162246,10.7701478916225,0.0292723798373365
"Post-growing season",189,"Agricultural_Full","Agricultural","Full",2.82907514849711,10.8290751484971,0.0285536454689305
"Post-growing season",189,"Site_Full","Site","Full",8.24913968499771,14.2491396849977,0.00258491775296661
"Post-growing season",190,"Storm_Agricultural","Storm","Agricultural",-2.2475162018323,3.7524837981677,0.28946164932208
"Post-growing season",190,"Storm_Site","Storm","Site",-1.99354193052346,0.00645806947653682,0.935949257518582
"Post-growing season",190,"Agricultural_Full","Agricultural","Full",-1.59123084726775,0.408769152732248,0.522594896784948
"Post-growing season",190,"Site_Full","Site","Full",-1.84520511857659,4.15479488142341,0.245226924680366
"Post-growing season",191,"Storm_Agricultural","Storm","Agricultural",-3.84486836656697,2.15513163343303,0.540840021695325
"Post-growing season",191,"Storm_Site","Storm","Site",6.89407224480345,14.8940722448035,0.00492603685635636
"Post-growing season",191,"Agricultural_Full","Agricultural","Full",7.25875843013444,15.2587584301344,0.0041935542039228
"Post-growing season",191,"Site_Full","Site","Full",-3.48018218123599,2.51981781876401,0.471720203946228
"Post-growing season",192,"Storm_Agricultural","Storm","Agricultural",-1.80002547871493,4.19997452128507,0.240664436124256
"Post-growing season",192,"Storm_Site","Storm","Site",10.1331963529008,18.1331963529008,0.00116227574757329
"Post-growing season",192,"Agricultural_Full","Agricultural","Full",14.3786317161722,22.3786317161722,0.000168469465309012
"Post-growing season",192,"Site_Full","Site","Full",2.44540988455645,8.44540988455645,0.0376498009449069
"Post-growing season",193,"Storm_Agricultural","Storm","Agricultural",6.02012682870566,12.0201268287057,0.00731453154070042
"Post-growing season",193,"Storm_Site","Storm","Site",6.90962644248583,14.9096264424858,0.00489237538293038
"Post-growing season",193,"Agricultural_Full","Agricultural","Full",11.9183066763906,19.9183066763906,0.000518288609417335
"Post-growing season",193,"Site_Full","Site","Full",11.0288070626104,17.0288070626104,0.000697166264758275
"Post-growing season",194,"Storm_Agricultural","Storm","Agricultural",-1.30018849771869,4.69981150228131,0.19514512085326
"Post-growing season",194,"Storm_Site","Storm","Site",5.01559173011157,13.0155917301116,0.0111998607287424
"Post-growing season",194,"Agricultural_Full","Agricultural","Full",4.54366096454828,12.5436609645483,0.0137348011563532
"Post-growing season",194,"Site_Full","Site","Full",-1.77211926328198,4.22788073671802,0.237885276836697
"Post-growing season",195,"Storm_Agricultural","Storm","Agricultural",-5.83748695710233,0.162513042897672,0.983401221428908
"Post-growing season",195,"Storm_Site","Storm","Site",6.03565284677978,14.0356528467798,0.00718213161427832
"Post-growing season",195,"Agricultural_Full","Agricultural","Full",8.94818122684404,16.948181226844,0.00197827535923071
"Post-growing season",195,"Site_Full","Site","Full",-2.92495857703807,3.07504142296193,0.380199354421861
"Post-growing season",196,"Storm_Agricultural","Storm","Agricultural",1.36615664228981,7.36615664228981,0.0610990494925925
"Post-growing season",196,"Storm_Site","Storm","Site",8.25128272791744,16.2512827279174,0.00269986588210809
"Post-growing season",196,"Agricultural_Full","Agricultural","Full",11.3961525509047,19.3961525509047,0.00065687794204724
"Post-growing season",196,"Site_Full","Site","Full",4.51102646527704,10.511026465277,0.0146862845319312
"Post-growing season",197,"Storm_Agricultural","Storm","Agricultural",-2.98471650848967,3.01528349151033,0.389274759765218
"Post-growing season",197,"Storm_Site","Storm","Site",9.61234382099298,17.612343820993,0.00146901975160654
"Post-growing season",197,"Agricultural_Full","Agricultural","Full",12.373588335224,20.373588335224,0.000421344328069444
"Post-growing season",197,"Site_Full","Site","Full",-0.223471994258659,5.77652800574134,0.123003515678431
"Post-growing season",198,"Storm_Agricultural","Storm","Agricultural",-1.66735012769539,4.33264987230461,0.227712144082642
"Post-growing season",198,"Storm_Site","Storm","Site",0.0173894711130629,8.01738947111306,0.0909432688384969
"Post-growing season",198,"Agricultural_Full","Agricultural","Full",-2.14274690480045,5.85725309519955,0.210065338323587
"Post-growing season",198,"Site_Full","Site","Full",-3.8274865036089,2.1725134963911,0.537382627315065
"Post-growing season",199,"Storm_Agricultural","Storm","Agricultural",-1.25839693825981,4.74160306174019,0.19172597351025
"Post-growing season",199,"Storm_Site","Storm","Site",5.87439375708431,13.8743937570843,0.00770691960564737
"Post-growing season",199,"Agricultural_Full","Agricultural","Full",9.21077322323123,17.2107732232312,0.00175890721185663
"Post-growing season",199,"Site_Full","Site","Full",2.07798252788712,8.07798252788712,0.0444272371474625
"Post-growing season",200,"Storm_Agricultural","Storm","Agricultural",-5.08129743485301,0.918702565146987,0.820912264295539
"Post-growing season",200,"Storm_Site","Storm","Site",3.58542728832975,11.5854272883298,0.0207157058562183
"Post-growing season",200,"Agricultural_Full","Agricultural","Full",6.53818389169686,14.5381838916969,0.00576144340899926
"Post-growing season",200,"Site_Full","Site","Full",-2.12854083148591,3.87145916851409,0.27568292878835
