"Season","Rep","Model","n","Use_Hydrologic_Group","Use_Tile","AIC","AUC","RMSE","R2m","R2c","REvar","Singular"
"Pre-growing season",1,"Storm",114,TRUE,TRUE,471.077974417775,,1.61577274682009,0.142245513940271,0.292273385685673,0.609487088598856,FALSE
"Pre-growing season",1,"Agricultural",114,TRUE,TRUE,467.971759363615,,1.52313472007033,0.19967286185797,0.372146837528982,0.710932050726493,FALSE
"Pre-growing season",1,"Site",114,TRUE,TRUE,469.373209548315,,1.61762739188559,0.264357510717353,0.333500919986852,0.289321596724279,FALSE
"Pre-growing season",1,"Full",114,TRUE,TRUE,467.189864613221,,1.51365375328893,0.320381116424868,0.421453257745677,0.436687009423037,FALSE
"Pre-growing season",2,"Storm",114,TRUE,TRUE,468.502939685252,,1.41584970298836,0.0327203443457828,0.508480100427226,2.27065281398137,FALSE
"Pre-growing season",2,"Agricultural",114,TRUE,TRUE,471.908271564925,,1.40724366706108,0.0530059042504809,0.504725328915683,2.10948764121091,FALSE
"Pre-growing season",2,"Site",114,TRUE,TRUE,470.950540778242,,1.4162738695292,0.170362521029399,0.520869435290096,1.70054041282859,FALSE
"Pre-growing season",2,"Full",114,TRUE,TRUE,473.965061261789,,1.43786346046865,0.212188553919104,0.483547570796395,1.24281157639348,FALSE
"Pre-growing season",3,"Storm",114,TRUE,TRUE,438.210948345664,,1.20281608042326,0.15085222295963,0.577088482722463,1.75533694751176,FALSE
"Pre-growing season",3,"Agricultural",114,TRUE,TRUE,438.882975015036,,1.17003372991754,0.175650882163633,0.597545385525948,1.73078532474813,FALSE
"Pre-growing season",3,"Site",114,TRUE,TRUE,429.536101987925,,1.23423617911493,0.399236364433184,0.563532216940086,0.655213572769207,FALSE
"Pre-growing season",3,"Full",114,TRUE,TRUE,429.069420990386,,1.21377670480455,0.438414451579625,0.577833318050717,0.551851259001081,FALSE
"Pre-growing season",4,"Storm",114,TRUE,TRUE,445.639842062258,,1.36174944391541,0.0852307694479789,0.347768190531906,0.857188803378784,FALSE
"Pre-growing season",4,"Agricultural",114,TRUE,TRUE,446.414286589316,,1.33172846487672,0.13708248571548,0.383548762105211,0.813986008000448,FALSE
"Pre-growing season",4,"Site",114,TRUE,TRUE,425.404792144108,,1.4321154122104,0.38872301185689,,0,TRUE
"Pre-growing season",4,"Full",114,TRUE,TRUE,419.95038998301,,1.36194531232077,0.44744333251382,,0,TRUE
"Pre-growing season",5,"Storm",114,TRUE,TRUE,460.228786593759,,1.51164735907034,0.0306819910775111,0.241568684444295,0.708626021181427,FALSE
"Pre-growing season",5,"Agricultural",114,TRUE,TRUE,464.796508231609,,1.52332637452779,0.0516314772576581,0.22931101537059,0.591088951153465,FALSE
"Pre-growing season",5,"Site",114,TRUE,TRUE,446.481450760313,,1.5708142972462,0.296733858108732,,0,TRUE
"Pre-growing season",5,"Full",114,TRUE,TRUE,447.612513524948,,1.53762521447934,0.326313246588147,,0,TRUE
"Pre-growing season",6,"Storm",114,TRUE,TRUE,442.443111334912,,1.37403057974051,0.179683287289017,0.37892503636313,0.684554330738606,FALSE
"Pre-growing season",6,"Agricultural",114,TRUE,TRUE,441.934453484176,,1.32639141271738,0.215646959731485,0.417739470263484,0.693112396337086,FALSE
"Pre-growing season",6,"Site",114,TRUE,TRUE,439.950916825731,,1.37134511266533,0.335275381013536,0.43735517890183,0.374162478369934,FALSE
"Pre-growing season",6,"Full",114,TRUE,TRUE,440.348033419198,,1.33180677391226,0.365909928823843,0.468885291409378,0.37841562240946,FALSE
"Pre-growing season",7,"Storm",114,TRUE,TRUE,477.829188698213,,1.68660786053838,0.108276519746563,0.239210463481103,0.534211857821491,FALSE
"Pre-growing season",7,"Agricultural",114,TRUE,TRUE,476.942340639911,,1.66692233112486,0.177284787698664,0.270445823101535,0.381817726252334,FALSE
"Pre-growing season",7,"Site",114,TRUE,TRUE,467.411606140191,,1.72183928750202,0.307350640977082,,0,TRUE
"Pre-growing season",7,"Full",114,TRUE,TRUE,464.710171113489,,1.6573648212743,0.358541067456561,,0,TRUE
"Pre-growing season",8,"Storm",114,TRUE,TRUE,471.531812301501,,1.45930008101734,0.104639838793201,0.475559463603805,1.76199987574147,FALSE
"Pre-growing season",8,"Agricultural",114,TRUE,TRUE,477.214232954327,,1.45261745676022,0.108072672305219,0.484921335235693,1.80867659629636,FALSE
"Pre-growing season",8,"Site",114,TRUE,TRUE,460.049428046064,,1.51890000143483,0.447780069615637,0.519329634176382,0.37249477711002,FALSE
"Pre-growing season",8,"Full",114,TRUE,TRUE,462.73858119601,,1.54499358430997,0.474391381659505,0.514948667506882,0.211145813251874,FALSE
"Pre-growing season",9,"Storm",114,TRUE,TRUE,436.63539222163,,1.17990704706743,0.0699066316247298,0.57783609292352,2.02240430351215,FALSE
"Pre-growing season",9,"Agricultural",114,TRUE,TRUE,430.06172189866,,1.15688084003473,0.254559873916508,0.599671313671326,1.37126492052368,FALSE
"Pre-growing season",9,"Site",114,TRUE,TRUE,434.983442183055,,1.20739198169789,0.322420724712997,0.587404984856118,1.09617411379315,FALSE
"Pre-growing season",9,"Full",114,TRUE,TRUE,428.659363339984,,1.19944073554685,0.408804769144123,0.573929441259951,0.635368491029005,FALSE
"Pre-growing season",10,"Storm",114,TRUE,TRUE,493.353379460974,,1.82607945621803,0.140837144690372,0.246000395393949,0.503649939948347,FALSE
"Pre-growing season",10,"Agricultural",114,TRUE,TRUE,495.417341174186,,1.81474233009207,0.185312569931004,0.270020405730566,0.41024564658399,FALSE
"Pre-growing season",10,"Site",114,TRUE,TRUE,492.571441867101,,1.81156928537447,0.254780181195528,0.309715561652027,0.275892507886236,FALSE
"Pre-growing season",10,"Full",114,TRUE,TRUE,493.665312497183,,1.81713437708033,0.293010796838405,0.321186317191935,0.141691041135053,FALSE
"Pre-growing season",11,"Storm",114,TRUE,TRUE,439.457681872115,,1.36860684147217,0.178697360060274,0.369790020954344,0.63710049134479,FALSE
"Pre-growing season",11,"Agricultural",114,TRUE,TRUE,438.854245934616,,1.28831751152787,0.237028035578224,0.470673345958582,0.837621419993463,FALSE
"Pre-growing season",11,"Site",114,TRUE,TRUE,436.147515705565,,1.50120762721723,0.342287707078008,,6.98514462925403e-15,TRUE
"Pre-growing season",11,"Full",114,TRUE,TRUE,437.035359092509,,1.35949782472147,0.366011077636161,0.431459440904661,0.227797523001541,FALSE
"Pre-growing season",12,"Storm",114,TRUE,TRUE,476.882220465218,,1.58627672039937,0.0725033366134962,0.309253769568445,0.981286720590997,FALSE
"Pre-growing season",12,"Agricultural",114,TRUE,TRUE,478.543025291083,,1.64057198570681,0.129641196221637,0.261295936572617,0.525866431124003,FALSE
"Pre-growing season",12,"Site",114,TRUE,TRUE,467.356712125197,,1.72142478182537,0.273421758455522,,6.54365310214947e-14,TRUE
"Pre-growing season",12,"Full",114,TRUE,TRUE,467.45819995876,,1.67746150548932,0.310283488322946,,0,TRUE
"Pre-growing season",13,"Storm",114,TRUE,TRUE,432.248465711421,,1.25366322770097,0.125370493562994,0.440209646623531,1.02598090143255,FALSE
"Pre-growing season",13,"Agricultural",114,TRUE,TRUE,432.343489951183,,1.23806732185761,0.185600524310439,0.452460534535437,0.860717792589878,FALSE
"Pre-growing season",13,"Site",114,TRUE,TRUE,429.888446748081,,1.29891701543833,0.308574207396893,0.431244576885184,0.401695420527437,FALSE
"Pre-growing season",13,"Full",114,TRUE,TRUE,419.318532027518,,1.35817616912351,0.470662487874072,,0,TRUE
"Pre-growing season",14,"Storm",114,TRUE,TRUE,422.314807188595,,1.17647995751918,0.21024149582082,0.558308907165244,1.27028608116894,FALSE
"Pre-growing season",14,"Agricultural",114,TRUE,TRUE,427.830857528292,,1.17912770451106,0.216036749361879,0.552195328326746,1.21320037497731,FALSE
"Pre-growing season",14,"Site",114,TRUE,TRUE,408.475159216038,,1.21762364547887,0.503264598275161,0.565831722915932,0.230596383600301,FALSE
"Pre-growing season",14,"Full",114,TRUE,TRUE,413.284115417697,,1.22552312473383,0.513967391527579,0.564841888616072,0.187834249963423,FALSE
"Pre-growing season",15,"Storm",114,TRUE,TRUE,470.984674508392,,1.46364392103813,0.0577677299066198,0.442876828473456,1.72585622829504,FALSE
"Pre-growing season",15,"Agricultural",114,TRUE,TRUE,474.581466803082,,1.40963723668561,0.0772763067203756,0.5197579938048,2.15919360972814,FALSE
"Pre-growing season",15,"Site",114,TRUE,TRUE,465.812993036108,,1.48531896700124,0.328854592058954,0.482859893460685,0.736029691503944,FALSE
"Pre-growing season",15,"Full",114,TRUE,TRUE,466.863113618925,,1.51009838722853,0.374786959016886,0.468042903278861,0.436444549142209,FALSE
"Pre-growing season",16,"Storm",114,TRUE,TRUE,482.463483414177,,1.55141382043205,0.0252242854800709,0.398861694513477,1.74163653085046,FALSE
"Pre-growing season",16,"Agricultural",114,TRUE,TRUE,487.362124193863,,1.55658150645071,0.0427757104999353,0.390284989755051,1.60090293707413,FALSE
"Pre-growing season",16,"Site",114,TRUE,TRUE,483.223481091853,,1.57081308935658,0.203468288614175,0.423453242036854,1.06931695488641,FALSE
"Pre-growing season",16,"Full",114,TRUE,TRUE,487.04812687534,,1.58681801345263,0.238357671488112,0.414637117075421,0.850676952528645,FALSE
"Pre-growing season",17,"Storm",114,TRUE,TRUE,469.500793739232,,1.33645018747442,0.0544349126280375,0.63416207183223,3.42028884019429,FALSE
"Pre-growing season",17,"Agricultural",114,TRUE,TRUE,468.788466382599,,1.23803601584617,0.118298551664334,0.747187476230602,4.67093827679782,FALSE
"Pre-growing season",17,"Site",114,TRUE,TRUE,465.550837858662,,1.34199931790153,0.297372060417832,0.631429320650624,1.93043076338886,FALSE
"Pre-growing season",17,"Full",114,TRUE,TRUE,463.778104498039,,1.26751115183062,0.339111684266037,0.691363836800806,2.18919488473159,FALSE
"Pre-growing season",18,"Storm",114,TRUE,TRUE,420.834222707178,,1.12455791587248,0.0623422697921258,0.513744446529159,1.40468616776883,FALSE
"Pre-growing season",18,"Agricultural",114,TRUE,TRUE,422.030169257961,,1.06681392124805,0.0921480474881902,0.596946030034868,1.72695956283172,FALSE
"Pre-growing season",18,"Site",114,TRUE,TRUE,418.525865562962,,1.13336624472735,0.260032377227818,0.522375096466936,0.823106118928394,FALSE
"Pre-growing season",18,"Full",114,TRUE,TRUE,416.229257863734,,1.10466027740773,0.322552915738508,0.545728548227526,0.695341391905143,FALSE
"Pre-growing season",19,"Storm",114,TRUE,TRUE,459.27698076813,,1.47715694660331,0.102418909001299,0.328072952415925,0.827551150646836,FALSE
"Pre-growing season",19,"Agricultural",114,TRUE,TRUE,463.418637843855,,1.4214997765,0.128499154388304,0.410635618229068,1.11138164963044,FALSE
"Pre-growing season",19,"Site",114,TRUE,TRUE,450.480854623624,,1.54750212765879,0.31414761604927,0.33924958593633,0.0938441075613983,FALSE
"Pre-growing season",19,"Full",114,TRUE,TRUE,454.234225654722,,1.53386519760288,0.328188529250868,0.351932389151704,0.0888347151379172,FALSE
"Pre-growing season",20,"Storm",114,TRUE,TRUE,452.534818785648,,1.48168738327212,0.110213955225778,0.278229093104474,0.564806849544264,FALSE
"Pre-growing season",20,"Agricultural",114,TRUE,TRUE,451.703338924409,,1.42508185213915,0.162119744542484,0.336439857347278,0.59326549487581,FALSE
"Pre-growing season",20,"Site",114,TRUE,TRUE,452.317160065123,,1.49163129534814,0.2398361749062,0.320701718294354,0.283629314445256,FALSE
"Pre-growing season",20,"Full",114,TRUE,TRUE,449.645260235848,,1.44928513070245,0.301862423387705,0.365161317923683,0.222622065705635,FALSE
"Pre-growing season",21,"Storm",114,TRUE,TRUE,460.837736216736,,1.4662756987568,0.0885540295210594,0.363595225549109,1.05519490203839,FALSE
"Pre-growing season",21,"Agricultural",114,TRUE,TRUE,461.388955835055,,1.45325733345246,0.124401902846244,0.355636595701954,0.853446120351285,FALSE
"Pre-growing season",21,"Site",114,TRUE,TRUE,448.346333044017,,1.58371515974774,0.317627705218011,,0,TRUE
"Pre-growing season",21,"Full",114,TRUE,TRUE,445.451878536994,,1.5231227808869,0.369129425009535,,0,TRUE
"Pre-growing season",22,"Storm",114,TRUE,TRUE,427.377426415554,,1.28162361149496,0.110182912901281,0.342596147148354,0.656687853543878,FALSE
"Pre-growing season",22,"Agricultural",114,TRUE,TRUE,432.080473309982,,1.28957540741131,0.128041005160249,0.332320970893608,0.571087061771652,FALSE
"Pre-growing season",22,"Site",114,TRUE,TRUE,426.400962926174,,1.31397515045006,0.245869264991268,0.341946314600571,0.272758118035605,FALSE
"Pre-growing season",22,"Full",114,TRUE,TRUE,431.741998504014,,1.30771427602138,0.249184693747447,0.347433888837954,0.278992637477825,FALSE
"Pre-growing season",23,"Storm",114,TRUE,TRUE,448.386389394818,,1.37075388791945,0.0817307489266432,0.37298973817763,1.00150644462912,FALSE
"Pre-growing season",23,"Agricultural",114,TRUE,TRUE,450.304001009575,,1.33265255839086,0.118123789941619,0.420100083299721,1.06713634680568,FALSE
"Pre-growing season",23,"Site",114,TRUE,TRUE,435.959544181889,,1.45667303379964,0.379651838806376,0.40000554073214,0.0740286759878591,FALSE
"Pre-growing season",23,"Full",114,TRUE,TRUE,439.419423086583,,1.40341610550694,0.388658057614075,0.430402454264904,0.15190333083293,FALSE
"Pre-growing season",24,"Storm",114,TRUE,TRUE,470.067395275749,,1.39722110946688,0.0283601583627423,0.492381328780234,2.13737872691844,FALSE
"Pre-growing season",24,"Agricultural",114,TRUE,TRUE,466.75332609857,,1.39642126019607,0.140048327124928,0.4691512352185,1.41980648601967,FALSE
"Pre-growing season",24,"Site",114,TRUE,TRUE,465.111208889076,,1.40640383720765,0.268319398239921,0.50903527645692,1.12470627658149,FALSE
"Pre-growing season",24,"Full",114,TRUE,TRUE,456.243859706358,,1.40964486772099,0.413851668318401,0.521855162466541,0.498748409083124,FALSE
"Pre-growing season",25,"Storm",114,TRUE,TRUE,446.497224028332,,1.24749593319569,0.0690201308789702,0.528880483496085,1.82642270593418,FALSE
"Pre-growing season",25,"Agricultural",114,TRUE,TRUE,444.454840440369,,1.19782016661348,0.128294833552176,0.56990628300034,1.77511370251231,FALSE
"Pre-growing season",25,"Site",114,TRUE,TRUE,443.79462856433,,1.27793897870671,0.311255971415719,0.536210177261511,0.920496708181241,FALSE
"Pre-growing season",25,"Full",114,TRUE,TRUE,436.264329071969,,1.28418507290301,0.436277284356969,0.543622451422466,0.433053416435349,FALSE
"Pre-growing season",26,"Storm",114,TRUE,TRUE,452.636600315915,,1.36645207793501,0.0545167835928789,0.442739497019642,1.50242121205969,FALSE
"Pre-growing season",26,"Agricultural",114,TRUE,TRUE,456.622318508956,,1.3111138954008,0.0833492340861529,0.541548214289469,2.01296883746827,FALSE
"Pre-growing season",26,"Site",114,TRUE,TRUE,437.624224726834,,1.4293288533242,0.430911319583884,0.472460667739966,0.169193714461151,FALSE
"Pre-growing season",26,"Full",114,TRUE,TRUE,439.315770207128,,1.48267803036553,0.452763419436527,,5.77077256458925e-14,TRUE
"Pre-growing season",27,"Storm",114,TRUE,TRUE,445.140304882605,,1.32732223124377,0.0381160497856753,0.384881605635929,1.15107967980086,FALSE
"Pre-growing season",27,"Agricultural",114,TRUE,TRUE,443.252090955792,,1.28603149698462,0.137760335170721,0.442190532667407,1.04448037905907,FALSE
"Pre-growing season",27,"Site",114,TRUE,TRUE,440.320357879698,,1.37350225417432,0.269078371861223,0.383721466047289,0.384613150920546,FALSE
"Pre-growing season",27,"Full",114,TRUE,TRUE,428.020611074922,,1.35827275386801,0.405949759940317,0.432217494182145,0.0884799670513841,FALSE
"Pre-growing season",28,"Storm",114,TRUE,TRUE,445.167645480549,,1.34617046504237,0.0897248739627483,0.411780349022593,1.13844692866216,FALSE
"Pre-growing season",28,"Agricultural",114,TRUE,TRUE,448.08201920331,,1.32566265360626,0.104547715809856,0.425586164637676,1.128096464277,FALSE
"Pre-growing season",28,"Site",114,TRUE,TRUE,441.482432407251,,1.386751476875,0.271835539763001,0.389008487451139,0.40215136754384,FALSE
"Pre-growing season",28,"Full",114,TRUE,TRUE,442.415543260101,,1.34827715030394,0.311151744705224,0.430615383609245,0.417649621610888,FALSE
"Pre-growing season",29,"Storm",114,TRUE,TRUE,425.897813123921,,1.16168660102172,0.0551213825434764,0.502550809226584,1.44712900906597,FALSE
"Pre-growing season",29,"Agricultural",114,TRUE,TRUE,428.94094951725,,1.13367597380867,0.0640734422872184,0.53237386238353,1.54264951952319,FALSE
"Pre-growing season",29,"Site",114,TRUE,TRUE,418.684615034372,,1.17063568497559,0.382706844919228,0.566683795136767,0.6661730573846,FALSE
"Pre-growing season",29,"Full",114,TRUE,TRUE,419.458074151013,,1.13808254197381,0.416503058069721,0.597498313969057,0.668997807223652,FALSE
"Pre-growing season",30,"Storm",114,TRUE,TRUE,471.616270087913,,1.57956379282783,0.127871195764051,0.322380084657415,0.802813025378213,FALSE
"Pre-growing season",30,"Agricultural",114,TRUE,TRUE,465.68414976794,,1.53723565381019,0.232258861940283,0.36338453632828,0.536362952843477,FALSE
"Pre-growing season",30,"Site",114,TRUE,TRUE,476.872428859519,,1.61982711320946,0.188361440696491,0.308140110825386,0.496243615721565,FALSE
"Pre-growing season",30,"Full",114,TRUE,TRUE,466.965866844075,,1.67225893413442,0.31860875040505,0.319256529303049,0.00266355087595212,FALSE
"Pre-growing season",31,"Storm",114,TRUE,TRUE,472.834497366946,,1.44038103980716,0.0876635938122338,0.510144385157466,2.11359759059406,FALSE
"Pre-growing season",31,"Agricultural",114,TRUE,TRUE,455.182434819949,,1.3576010825899,0.306555791225215,0.549942719235341,1.15203045050941,FALSE
"Pre-growing season",31,"Site",114,TRUE,TRUE,470.979479865672,,1.45559065610711,0.276564094406353,0.514119956291434,1.19135718975776,FALSE
"Pre-growing season",31,"Full",114,TRUE,TRUE,447.893243081082,,1.44717367476144,0.477191231497175,0.518241170150466,0.188797540052004,FALSE
"Pre-growing season",32,"Storm",114,TRUE,TRUE,451.641848035889,,1.36448958670128,0.0668749642843022,0.425256073219724,1.34378483019076,FALSE
"Pre-growing season",32,"Agricultural",114,TRUE,TRUE,453.434497800297,,1.30666623174624,0.0907778515084332,0.498245713825812,1.62482898600207,FALSE
"Pre-growing season",32,"Site",114,TRUE,TRUE,448.855502937754,,1.4154300918276,0.319151869987948,0.443209492603749,0.491060356671879,FALSE
"Pre-growing season",32,"Full",114,TRUE,TRUE,448.238309304512,,1.34813270578982,0.358713814161784,0.503558363927416,0.591120705607018,FALSE
"Pre-growing season",33,"Storm",114,TRUE,TRUE,462.409060761908,,1.37254547672984,0.0512731535474577,0.50442796159644,2.03263681811903,FALSE
"Pre-growing season",33,"Agricultural",114,TRUE,TRUE,463.891016931382,,1.36498612883256,0.108348375263154,0.501123512593599,1.72029278897302,FALSE
"Pre-growing season",33,"Site",114,TRUE,TRUE,453.354890367088,,1.42493182908034,0.324064381328018,0.460084748341042,0.5682320670553,FALSE
"Pre-growing season",33,"Full",114,TRUE,TRUE,448.726853828428,,1.39935343018502,0.407131222845759,0.492115592938961,0.356822721843962,FALSE
"Pre-growing season",34,"Storm",114,TRUE,TRUE,463.349866054035,,1.3622633072926,0.124082556602358,0.546979314593525,2.06550844930975,FALSE
"Pre-growing season",34,"Agricultural",114,TRUE,TRUE,463.871912371857,,1.3355884777737,0.18398053160195,0.569556329736372,1.90156853982515,FALSE
"Pre-growing season",34,"Site",114,TRUE,TRUE,464.035950137342,,1.36587640893217,0.255421567250662,0.551990798490507,1.44860911519468,FALSE
"Pre-growing season",34,"Full",114,TRUE,TRUE,463.289656633444,,1.34869004925061,0.321237825534751,0.56381616774509,1.17616223522958,FALSE
"Pre-growing season",35,"Storm",114,TRUE,TRUE,443.390218947583,,1.29959047477033,0.096724528029032,0.460222991505954,1.32442724623504,FALSE
"Pre-growing season",35,"Agricultural",114,TRUE,TRUE,446.414333849025,,1.27261304524425,0.125432479432349,0.495462103514493,1.38820536612578,FALSE
"Pre-growing season",35,"Site",114,TRUE,TRUE,441.666457251552,,1.32469047510928,0.245443304111392,0.433099184194521,0.65425075513232,FALSE
"Pre-growing season",35,"Full",114,TRUE,TRUE,442.638759840786,,1.30076626032916,0.282371057204568,0.454521080884273,0.600022478956733,FALSE
"Pre-growing season",36,"Storm",114,TRUE,TRUE,460.971034937535,,1.28290609663968,0.0602128155217795,0.635096577314647,3.14732843802379,FALSE
"Pre-growing season",36,"Agricultural",114,TRUE,TRUE,452.770789793002,,1.25883111032543,0.228877376989651,0.622587124949927,1.97297715208739,FALSE
"Pre-growing season",36,"Site",114,TRUE,TRUE,457.294652679535,,1.28846755085093,0.332198754466377,0.653263558023017,1.82494040654424,FALSE
"Pre-growing season",36,"Full",114,TRUE,TRUE,447.774620002015,,1.26598523729266,0.45694582932871,0.650257501004999,1.02572976204056,FALSE
"Pre-growing season",37,"Storm",114,TRUE,TRUE,473.597501551652,,1.57553057212138,0.098675711995241,0.328808426270765,0.959518289395067,FALSE
"Pre-growing season",37,"Agricultural",114,TRUE,TRUE,470.465763737688,,1.50694220374796,0.184094190827748,0.400990508025833,0.929495271640827,FALSE
"Pre-growing season",37,"Site",114,TRUE,TRUE,469.298906867049,,1.66575316637958,0.30333601939726,0.337531094129645,0.148891056983352,FALSE
"Pre-growing season",37,"Full",114,TRUE,TRUE,463.706443325789,,1.65008461613133,0.387418543827926,,0,TRUE
"Pre-growing season",38,"Storm",114,TRUE,TRUE,470.13927915708,,1.48944616359002,0.1114280355288,0.384971045857244,1.14873657010113,FALSE
"Pre-growing season",38,"Agricultural",114,TRUE,TRUE,465.892517454698,,1.39618015418409,0.202740382071629,0.481987602774202,1.2374080700728,FALSE
"Pre-growing season",38,"Site",114,TRUE,TRUE,466.322270514439,,1.52875296443526,0.29449126145997,0.404770958607653,0.47834922373792,FALSE
"Pre-growing season",38,"Full",114,TRUE,TRUE,460.733770210905,,1.46537804013521,0.368546457337077,0.458085399992868,0.389435642266188,FALSE
"Pre-growing season",39,"Storm",114,TRUE,TRUE,438.42553376786,,1.21698772512929,0.0439318220168077,0.564029420000157,2.08777131866006,FALSE
"Pre-growing season",39,"Agricultural",114,TRUE,TRUE,436.548186354408,,1.15302278853963,0.0890869512290479,0.630663852160516,2.31876277673497,FALSE
"Pre-growing season",39,"Site",114,TRUE,TRUE,425.239307914465,,1.23640529460539,0.44898974702242,0.589393598355723,0.58651946551391,FALSE
"Pre-growing season",39,"Full",114,TRUE,TRUE,422.288525245416,,1.19528088873481,0.496632797089072,0.618272606467381,0.509142301692684,FALSE
"Pre-growing season",40,"Storm",114,TRUE,TRUE,475.654866349249,,1.61076424877482,0.0337619078591626,0.249852129730771,0.836368114688324,FALSE
"Pre-growing season",40,"Agricultural",114,TRUE,TRUE,468.985973739294,,1.52978598738177,0.165323439170378,0.344733994864829,0.715149246760367,FALSE
"Pre-growing season",40,"Site",114,TRUE,TRUE,467.444731528566,,1.64043605224301,0.243230344774727,0.288169105232527,0.177712328988808,FALSE
"Pre-growing season",40,"Full",114,TRUE,TRUE,456.798287840422,,1.56734264753987,0.352403474726533,0.367419297705988,0.0595162364131382,FALSE
"Pre-growing season",41,"Storm",114,TRUE,TRUE,434.696174542275,,1.33268885077575,0.165845480050494,0.378612981928289,0.682924105787732,FALSE
"Pre-growing season",41,"Agricultural",114,TRUE,TRUE,434.370050796664,,1.23438221516408,0.217811643431162,0.516950942250224,1.08750615420837,FALSE
"Pre-growing season",41,"Site",114,TRUE,TRUE,418.743287104287,,1.39087845987049,0.386642636228629,,1.10892659179658e-14,TRUE
"Pre-growing season",41,"Full",114,TRUE,TRUE,419.525417658397,,1.31617447388435,0.420338217641377,0.441786177891695,0.0686345332688176,FALSE
"Pre-growing season",42,"Storm",114,TRUE,TRUE,469.86639388974,,1.47412185043438,0.037100615052596,0.384910649059556,1.42670381983794,FALSE
"Pre-growing season",42,"Agricultural",114,TRUE,TRUE,467.431844363907,,1.42232786610335,0.124647097712063,0.438152128934253,1.30985597493975,FALSE
"Pre-growing season",42,"Site",114,TRUE,TRUE,456.778774618535,,1.57148589329238,0.377823469417026,0.410246061275834,0.141606567458914,FALSE
"Pre-growing season",42,"Full",114,TRUE,TRUE,449.550733160686,,1.55075222709225,0.453533069585023,,6.87807322108359e-15,TRUE
"Pre-growing season",43,"Storm",114,TRUE,TRUE,471.090262853132,,1.6111715677833,0.095924392088103,0.251985933470561,0.59838064124426,FALSE
"Pre-growing season",43,"Agricultural",114,TRUE,TRUE,468.402507562875,,1.48238084334984,0.166995292392502,0.391118465425437,0.920075181670755,FALSE
"Pre-growing season",43,"Site",114,TRUE,TRUE,459.058818738238,,1.65990112975922,0.30469390157338,,0,TRUE
"Pre-growing season",43,"Full",114,TRUE,TRUE,457.807543087909,,1.6079405515384,0.347790800300704,,0,TRUE
"Pre-growing season",44,"Storm",114,TRUE,TRUE,438.39500784449,,1.15199297661425,0.0453467067574844,0.632365516250998,2.58382136732939,FALSE
"Pre-growing season",44,"Agricultural",114,TRUE,TRUE,441.649183142552,,1.16083286471565,0.072682112777003,0.601846462817977,2.16880548462366,FALSE
"Pre-growing season",44,"Site",114,TRUE,TRUE,430.670135775378,,1.17154449534967,0.407670242991249,0.651952887740963,1.13412684810334,FALSE
"Pre-growing season",44,"Full",114,TRUE,TRUE,429.212386321007,,1.24894647677369,0.467230761907469,0.569674137870277,0.413079872117141,FALSE
"Pre-growing season",45,"Storm",114,TRUE,TRUE,438.352717988823,,1.23914904293125,0.165237174333665,0.535910680452621,1.45250080635357,FALSE
"Pre-growing season",45,"Agricultural",114,TRUE,TRUE,437.20514019356,,1.24513752047601,0.244994247771106,0.514044292221741,0.998393279091789,FALSE
"Pre-growing season",45,"Site",114,TRUE,TRUE,434.230532281245,,1.26177046665336,0.384229378860251,0.55322041660271,0.68654461524613,FALSE
"Pre-growing season",45,"Full",114,TRUE,TRUE,430.971522364198,,1.27278483943446,0.453314686239379,0.546510443429715,0.367431359835703,FALSE
"Pre-growing season",46,"Storm",114,TRUE,TRUE,446.274011090168,,1.28820405591208,0.0844027505155049,0.494838071752032,1.58885904386264,FALSE
"Pre-growing season",46,"Agricultural",114,TRUE,TRUE,446.970201720894,,1.2212447505421,0.140659431382526,0.590873030839374,1.95867403994033,FALSE
"Pre-growing season",46,"Site",114,TRUE,TRUE,442.602611303157,,1.29029712374386,0.273120049322836,0.502911402840821,0.883217432526551,FALSE
"Pre-growing season",46,"Full",114,TRUE,TRUE,442.03108187658,,1.23384739282763,0.330258421696251,0.568186169135581,0.97093270726352,FALSE
"Pre-growing season",47,"Storm",114,TRUE,TRUE,440.903776705376,,1.36191482428093,0.156091972350989,0.385543676428216,0.78064595812943,FALSE
"Pre-growing season",47,"Agricultural",114,TRUE,TRUE,443.709450289294,,1.34134116674343,0.174382944638469,0.401335802501495,0.769300960018317,FALSE
"Pre-growing season",47,"Site",114,TRUE,TRUE,437.953659641261,,1.36589097685746,0.309265851644968,0.417022181392284,0.376004748038304,FALSE
"Pre-growing season",47,"Full",114,TRUE,TRUE,438.720580866535,,1.37714673934485,0.344974495813606,0.408485248844847,0.21692186173476,FALSE
"Pre-growing season",48,"Storm",114,TRUE,TRUE,446.155117745804,,1.33709290815724,0.15337218291194,0.482830409248078,1.31252902773759,FALSE
"Pre-growing season",48,"Agricultural",114,TRUE,TRUE,445.361974695709,,1.27393213188746,0.200508709661077,0.551542436557987,1.47740932535068,FALSE
"Pre-growing season",48,"Site",114,TRUE,TRUE,445.495673206828,,1.37676030034829,0.343702921320926,0.48655229061794,0.584536802739198,FALSE
"Pre-growing season",48,"Full",114,TRUE,TRUE,443.10666740475,,1.37283424824652,0.405052390323251,0.49012008401902,0.34049271859904,FALSE
"Pre-growing season",49,"Storm",114,TRUE,TRUE,489.03338559999,,1.57618789676989,0.0530114509206535,0.418629102753932,1.83758685147826,FALSE
"Pre-growing season",49,"Agricultural",114,TRUE,TRUE,479.522462891164,,1.48030039204203,0.196538152391477,0.496744667618911,1.5332924299885,FALSE
"Pre-growing season",49,"Site",114,TRUE,TRUE,486.587364492989,,1.57335500962386,0.215871499907639,0.439105729852358,1.13105308463732,FALSE
"Pre-growing season",49,"Full",114,TRUE,TRUE,478.817069680065,,1.48077655872089,0.316846825179971,0.511709411225893,1.00471529770954,FALSE
"Pre-growing season",50,"Storm",114,TRUE,TRUE,432.249682344733,,1.24046402990826,0.100197548511991,0.464887854631175,1.21933594464342,FALSE
"Pre-growing season",50,"Agricultural",114,TRUE,TRUE,432.284609938501,,1.21285636189724,0.145776218098792,0.483820134284853,1.11815114973234,FALSE
"Pre-growing season",50,"Site",114,TRUE,TRUE,431.30039027235,,1.24895451964644,0.25704677675775,0.470790888107986,0.714915152543831,FALSE
"Pre-growing season",50,"Full",114,TRUE,TRUE,427.267153918884,,1.23602821741829,0.338997000197376,0.477205081334319,0.448878223224441,FALSE
"Pre-growing season",51,"Storm",114,TRUE,TRUE,411.106600520474,,0.990220709691689,0.0837784972553418,0.744347878513375,3.08410205498014,FALSE
"Pre-growing season",51,"Agricultural",114,TRUE,TRUE,407.694778389963,,0.955138896774797,0.12594970857606,0.746929493060418,2.72165819759312,FALSE
"Pre-growing season",51,"Site",114,TRUE,TRUE,394.792213887824,,1.01583169001368,0.479867976317933,0.687941468106641,0.800118625594674,FALSE
"Pre-growing season",51,"Full",114,TRUE,TRUE,390.672141519348,,0.992083185328127,0.530185968855247,0.692907872763547,0.600256349401015,FALSE
"Pre-growing season",52,"Storm",114,TRUE,TRUE,478.066125855515,,1.62784325472185,0.122464937948411,0.303098826282326,0.770810455479547,FALSE
"Pre-growing season",52,"Agricultural",114,TRUE,TRUE,472.693235859591,,1.54990129492484,0.226050633382802,0.384114342041484,0.691500367226957,FALSE
"Pre-growing season",52,"Site",114,TRUE,TRUE,467.555388202474,,1.7229254615443,0.329674870899113,,0,TRUE
"Pre-growing season",52,"Full",114,TRUE,TRUE,461.900217992799,,1.63706422040667,0.395169544546316,,0,TRUE
"Pre-growing season",53,"Storm",114,TRUE,TRUE,438.13561684254,,1.21997631062333,0.129896353097709,0.562170738762175,1.74959225260174,FALSE
"Pre-growing season",53,"Agricultural",114,TRUE,TRUE,434.527236073495,,1.11937169174139,0.19772290480473,0.679176931919688,2.2786576733648,FALSE
"Pre-growing season",53,"Site",114,TRUE,TRUE,434.526573989193,,1.2202831726703,0.342509411007135,0.586231371633054,1.018547346451,FALSE
"Pre-growing season",53,"Full",114,TRUE,TRUE,433.100543610988,,1.15459086915339,0.388324113999091,0.649469281979834,1.16688344147879,FALSE
"Pre-growing season",54,"Storm",114,TRUE,TRUE,454.062644286167,,1.33425122250042,0.0585353728584758,0.479438102145896,1.69780029262063,FALSE
"Pre-growing season",54,"Agricultural",114,TRUE,TRUE,454.016767875468,,1.31032626915482,0.10932821887857,0.488902661355371,1.49793565080421,FALSE
"Pre-growing season",54,"Site",114,TRUE,TRUE,454.906583868313,,1.33022295328254,0.217598667023261,0.512340368576856,1.24370982537289,FALSE
"Pre-growing season",54,"Full",114,TRUE,TRUE,454.158303325857,,1.32281358902446,0.286394456164977,0.51336077913031,0.936639368065714,FALSE
"Pre-growing season",55,"Storm",114,TRUE,TRUE,470.52593099336,,1.50689291958223,0.0900337864499328,0.362933537301341,1.12221935668314,FALSE
"Pre-growing season",55,"Agricultural",114,TRUE,TRUE,466.6477221408,,1.46432657771833,0.180592421394845,0.399868677641511,0.896010072345012,FALSE
"Pre-growing season",55,"Site",114,TRUE,TRUE,458.386775676912,,1.65501567969837,0.33378360003976,,0,TRUE
"Pre-growing season",55,"Full",114,TRUE,TRUE,447.249680649402,,1.5351802263241,0.427240098824744,,0,TRUE
"Pre-growing season",56,"Storm",114,TRUE,TRUE,459.772189700923,,1.47831119804163,0.0743887504933912,0.300229012064041,0.799909709089832,FALSE
"Pre-growing season",56,"Agricultural",114,TRUE,TRUE,464.318368334598,,1.45152382944873,0.0908621789646336,0.335601184455274,0.887042216559284,FALSE
"Pre-growing season",56,"Site",114,TRUE,TRUE,456.887742532876,,1.48167973019497,0.24374343000483,0.354421287739363,0.412025232150573,FALSE
"Pre-growing season",56,"Full",114,TRUE,TRUE,460.905737832806,,1.44291429592511,0.261783204508729,0.394236501925265,0.504956702887718,FALSE
"Pre-growing season",57,"Storm",114,TRUE,TRUE,434.492394386074,,1.28169165300384,0.125396563678818,0.40034775613257,0.870337999901418,FALSE
"Pre-growing season",57,"Agricultural",114,TRUE,TRUE,437.085610903818,,1.29803638658306,0.1674004858402,0.378094701094789,0.648655996441104,FALSE
"Pre-growing season",57,"Site",114,TRUE,TRUE,432.562066218447,,1.31717063365941,0.263114851410905,0.385094695145397,0.379803657414996,FALSE
"Pre-growing season",57,"Full",114,TRUE,TRUE,432.927223636694,,1.37323237761593,0.338695260444651,0.376712976122479,0.120386251652326,FALSE
"Pre-growing season",58,"Storm",114,TRUE,TRUE,455.496104249615,,1.43522660952923,0.144027123532022,0.382409689579437,0.904804713011656,FALSE
"Pre-growing season",58,"Agricultural",114,TRUE,TRUE,456.321120078212,,1.42268167467472,0.198311495312151,0.395816994935536,0.746731669484081,FALSE
"Pre-growing season",58,"Site",114,TRUE,TRUE,450.654391780764,,1.51979584276088,0.318247528840382,0.360407815307224,0.159692313405767,FALSE
"Pre-growing season",58,"Full",114,TRUE,TRUE,445.749877124229,,1.52511482117123,0.390421990821415,,0,TRUE
"Pre-growing season",59,"Storm",114,TRUE,TRUE,440.765077887397,,1.27751748525937,0.105379933563826,0.463896382071759,1.281062258915,FALSE
"Pre-growing season",59,"Agricultural",114,TRUE,TRUE,441.605807359151,,1.24334651297089,0.14322341903671,0.495777501313533,1.27167477570264,FALSE
"Pre-growing season",59,"Site",114,TRUE,TRUE,438.255270343059,,1.28798024310426,0.325223033004016,0.509780583092486,0.710615251596653,FALSE
"Pre-growing season",59,"Full",114,TRUE,TRUE,436.587065544695,,1.24950548427153,0.383019440916932,0.547178801241411,0.642674687299847,FALSE
"Pre-growing season",60,"Storm",114,TRUE,TRUE,444.720416813399,,1.30414859200919,0.13057130261652,0.459342780070183,1.21154029933714,FALSE
"Pre-growing season",60,"Agricultural",114,TRUE,TRUE,449.096053648021,,1.299644867045,0.133732404821774,0.453634982250659,1.15639172340975,FALSE
"Pre-growing season",60,"Site",114,TRUE,TRUE,440.154107000483,,1.33111413300087,0.381885313551434,0.510316604920776,0.521095752559364,FALSE
"Pre-growing season",60,"Full",114,TRUE,TRUE,442.544172036117,,1.34486579534671,0.412148893007958,0.504595991932002,0.371642982926324,FALSE
"Pre-growing season",61,"Storm",114,TRUE,TRUE,455.434009718329,,1.2310557082271,0.0172449701253696,0.604120253535108,2.76745969591031,FALSE
"Pre-growing season",61,"Agricultural",114,TRUE,TRUE,454.376847898527,,1.1595834969245,0.0603959871174292,0.677159962281798,3.19303851459205,FALSE
"Pre-growing season",61,"Site",114,TRUE,TRUE,447.466002087324,,1.25775065709275,0.321461518457019,0.587402225789433,1.20825931908005,FALSE
"Pre-growing season",61,"Full",114,TRUE,TRUE,442.545922143679,,1.19972527838294,0.376715640207433,0.62006302990898,1.09205367977374,FALSE
"Pre-growing season",62,"Storm",114,TRUE,TRUE,448.466197258019,,1.2439930151377,0.127842128483273,0.595462922955739,2.1559771454572,FALSE
"Pre-growing season",62,"Agricultural",114,TRUE,TRUE,450.344885539145,,1.27682535076196,0.193479348413062,0.540330211160433,1.4548652019121,FALSE
"Pre-growing season",62,"Site",114,TRUE,TRUE,445.260144840696,,1.24855130799933,0.39568994843592,0.642850421374163,1.27057859755537,FALSE
"Pre-growing season",62,"Full",114,TRUE,TRUE,445.532635195425,,1.28711387434036,0.427590554941897,0.586782775925809,0.729391590230562,FALSE
"Pre-growing season",63,"Storm",114,TRUE,TRUE,459.859352332505,,1.55441853332969,0.0671878117653741,0.203085968555379,0.451149118984528,FALSE
"Pre-growing season",63,"Agricultural",114,TRUE,TRUE,460.00941390153,,1.51316651755553,0.128533746958499,0.257436671925213,0.435600347044433,FALSE
"Pre-growing season",63,"Site",114,TRUE,TRUE,453.532101208332,,1.62014888775435,0.236544828418231,,0,TRUE
"Pre-growing season",63,"Full",114,TRUE,TRUE,449.864079917664,,1.55288493429902,0.299006930041223,,0,TRUE
"Pre-growing season",64,"Storm",114,TRUE,TRUE,457.103125573969,,1.41672154025876,0.143064057477512,0.430197837664164,1.16382871667798,FALSE
"Pre-growing season",64,"Agricultural",114,TRUE,TRUE,461.052512494662,,1.40281103296587,0.164653487011947,0.446352748588607,1.152708543298,FALSE
"Pre-growing season",64,"Site",114,TRUE,TRUE,445.293089395859,,1.4716821220376,0.374704354668257,0.422474535538119,0.189209143115566,FALSE
"Pre-growing season",64,"Full",114,TRUE,TRUE,446.980309760152,,1.47705327717022,0.409005322663754,0.434856721648451,0.103379601060097,FALSE
"Pre-growing season",65,"Storm",114,TRUE,TRUE,445.052308983161,,1.34165675779629,0.122115901360471,0.40474590500067,0.986755192407943,FALSE
"Pre-growing season",65,"Agricultural",114,TRUE,TRUE,439.429096026424,,1.29579833174632,0.21689730242331,0.439726559013081,0.763786332258456,FALSE
"Pre-growing season",65,"Site",114,TRUE,TRUE,443.474672190786,,1.3607853871715,0.308444060427997,0.445545759870937,0.510481596214143,FALSE
"Pre-growing season",65,"Full",114,TRUE,TRUE,431.986266330593,,1.31215792077766,0.426483435092775,0.49664630567101,0.259836385262273,FALSE
"Pre-growing season",66,"Storm",114,TRUE,TRUE,470.0208039145,,1.42616617231406,0.0782223631855928,0.480133511117095,1.85983247540093,FALSE
"Pre-growing season",66,"Agricultural",114,TRUE,TRUE,473.967631064509,,1.3924810948408,0.104135842599395,0.527717930944678,2.07017485029709,FALSE
"Pre-growing season",66,"Site",114,TRUE,TRUE,465.118212697794,,1.4399026650567,0.297236429889863,0.492370732802236,0.910793933290451,FALSE
"Pre-growing season",66,"Full",114,TRUE,TRUE,466.272076842588,,1.41405256325256,0.324223153321844,0.507090563597935,0.846163562261595,FALSE
"Pre-growing season",67,"Storm",114,TRUE,TRUE,463.560616237554,,1.35840689026094,0.068565398181219,0.519882099162144,2.07002148284238,FALSE
"Pre-growing season",67,"Agricultural",114,TRUE,TRUE,468.144339856542,,1.34611487020088,0.075730217759681,0.530108322133098,2.09347898780512,FALSE
"Pre-growing season",67,"Site",114,TRUE,TRUE,457.968396370206,,1.36412674352949,0.335217224381237,0.553934123429538,1.05647976272385,FALSE
"Pre-growing season",67,"Full",114,TRUE,TRUE,462.875576318952,,1.3576332479901,0.341217475233401,0.557926819598143,1.04619279308532,FALSE
"Pre-growing season",68,"Storm",114,TRUE,TRUE,469.503598274089,,1.52537502219307,0.0741801459556223,0.332281589605352,1.02437152501143,FALSE
"Pre-growing season",68,"Agricultural",114,TRUE,TRUE,469.669115362197,,1.50361898614729,0.127850250564946,0.348584967029831,0.86666776710882,FALSE
"Pre-growing season",68,"Site",114,TRUE,TRUE,469.083610316655,,1.54738571083785,0.226673771450895,0.356952081388582,0.534431082749317,FALSE
"Pre-growing season",68,"Full",114,TRUE,TRUE,467.739297774449,,1.53379389547241,0.290973032333213,0.379500997350535,0.363474501832253,FALSE
"Pre-growing season",69,"Storm",114,TRUE,TRUE,447.271944263567,,1.34307733935426,0.115347754383706,0.434505657321125,1.17955351883152,FALSE
"Pre-growing season",69,"Agricultural",114,TRUE,TRUE,449.675226732074,,1.2935674497578,0.136979958557072,0.494052435371973,1.38453639963965,FALSE
"Pre-growing season",69,"Site",114,TRUE,TRUE,439.227807520481,,1.41218365667588,0.333387126550814,0.401051637909777,0.240740784265698,FALSE
"Pre-growing season",69,"Full",114,TRUE,TRUE,439.789651715698,,1.364271102319,0.361512369485,0.438354376062613,0.274373882746949,FALSE
"Pre-growing season",70,"Storm",114,TRUE,TRUE,439.222064353155,,1.21912134927951,0.088027782721315,0.568102694649345,1.96759595570562,FALSE
"Pre-growing season",70,"Agricultural",114,TRUE,TRUE,438.925808529483,,1.19003873585548,0.148998283589384,0.589769476574465,1.80951192517972,FALSE
"Pre-growing season",70,"Site",114,TRUE,TRUE,437.679974185484,,1.22822365038903,0.289409319712576,0.57582293868086,1.18495766521387,FALSE
"Pre-growing season",70,"Full",114,TRUE,TRUE,437.320251624923,,1.21552985015688,0.339731631153511,0.576607213055732,0.952670112380366,FALSE
"Pre-growing season",71,"Storm",114,TRUE,TRUE,443.232525035713,,1.47588347074048,0.173162546670338,0.268333624643312,0.304823905475942,FALSE
"Pre-growing season",71,"Agricultural",114,TRUE,TRUE,437.938872837685,,1.34247506392722,0.22894544294529,0.386717668575159,0.51523021519288,FALSE
"Pre-growing season",71,"Site",114,TRUE,TRUE,443.088583610424,,1.54761207976615,0.283949225964033,,2.21364026306584e-16,TRUE
"Pre-growing season",71,"Full",114,TRUE,TRUE,440.106209307954,,1.35692284875192,0.313607814624107,0.403756125811127,0.301533642319724,FALSE
"Pre-growing season",72,"Storm",114,TRUE,TRUE,456.888610748371,,1.39132369142999,0.0264774781187741,0.381148728725856,1.29080799807863,FALSE
"Pre-growing season",72,"Agricultural",114,TRUE,TRUE,446.016832897159,,1.32168792856828,0.197038428747924,0.446088394223567,0.902480172517265,FALSE
"Pre-growing season",72,"Site",114,TRUE,TRUE,448.898985119936,,1.45286119241283,0.280905049709114,0.368149904275548,0.315128604784763,FALSE
"Pre-growing season",72,"Full",114,TRUE,TRUE,439.266175714452,,1.37666766704391,0.389771276584353,0.448717725548593,0.216584397978318,FALSE
"Pre-growing season",73,"Storm",114,TRUE,TRUE,448.705311815023,,1.29847672589757,0.0752982406357699,0.495746364781156,1.66195328065145,FALSE
"Pre-growing season",73,"Agricultural",114,TRUE,TRUE,441.933846660931,,1.19689633909247,0.149712367163338,0.589018253731499,1.83102983387539,FALSE
"Pre-growing season",73,"Site",114,TRUE,TRUE,433.199244230769,,1.40445943387933,0.43234984149857,0.470131383882438,0.147772654902642,FALSE
"Pre-growing season",73,"Full",114,TRUE,TRUE,427.123945348954,,1.27756594333782,0.483721742502503,0.55418250412712,0.280190828623124,FALSE
"Pre-growing season",74,"Storm",114,TRUE,TRUE,445.873489195297,,1.35158107907102,0.0475520490451887,0.392027583342402,1.18292118243299,FALSE
"Pre-growing season",74,"Agricultural",114,TRUE,TRUE,450.804900044592,,1.32191584436919,0.0578549617990701,0.44492729342405,1.40427144375563,FALSE
"Pre-growing season",74,"Site",114,TRUE,TRUE,437.097603676414,,1.44669994933379,0.355594386151985,0.388075173020684,0.115416803029253,FALSE
"Pre-growing season",74,"Full",114,TRUE,TRUE,439.742178135947,,1.4854535445507,0.376285579599209,,5.05208472921658e-15,TRUE
"Pre-growing season",75,"Storm",114,TRUE,TRUE,449.636785094069,,1.27391466126801,0.11304537405891,0.582389498024115,2.16653479227744,FALSE
"Pre-growing season",75,"Agricultural",114,TRUE,TRUE,444.126023036502,,1.08805604672296,0.191655720832256,0.811297716232179,4.75869329925546,FALSE
"Pre-growing season",75,"Site",114,TRUE,TRUE,447.62566644635,,1.29501377111449,0.339719316576158,0.585483195481464,1.15026351775951,FALSE
"Pre-growing season",75,"Full",114,TRUE,TRUE,443.327787720563,,1.09806255484162,0.395141922078359,0.801485567573812,2.98821796005909,FALSE
"Pre-growing season",76,"Storm",114,TRUE,TRUE,484.953980654313,,1.54895806667968,0.0356630847907396,0.411131670500145,1.8002677828455,FALSE
"Pre-growing season",76,"Agricultural",114,TRUE,TRUE,478.680265298597,,1.46029074612743,0.137267508592195,0.4834790732699,1.6865254589339,FALSE
"Pre-growing season",76,"Site",114,TRUE,TRUE,480.777604011158,,1.58223141351426,0.265180367514209,0.429063760730435,0.808708149949166,FALSE
"Pre-growing season",76,"Full",114,TRUE,TRUE,471.731936820875,,1.48062775907682,0.35914495337278,0.502575635360335,0.711577229715004,FALSE
"Pre-growing season",77,"Storm",114,TRUE,TRUE,469.33991107898,,1.50665202697287,0.145455721068352,0.424109381931074,1.25672272012015,FALSE
"Pre-growing season",77,"Agricultural",114,TRUE,TRUE,473.511880643192,,1.54055769849683,0.187958668927097,0.392860718424668,0.900094449042408,FALSE
"Pre-growing season",77,"Site",114,TRUE,TRUE,460.906712797004,,1.67340895912754,0.41362974977575,,4.03757597864721e-15,TRUE
"Pre-growing season",77,"Full",114,TRUE,TRUE,463.693610370543,,1.64999174391153,0.43000812643241,,0,TRUE
"Pre-growing season",78,"Storm",114,TRUE,TRUE,456.94862754315,,1.39496376631249,0.0726707750113468,0.400261399113898,1.23584128889372,FALSE
"Pre-growing season",78,"Agricultural",114,TRUE,TRUE,457.222889672471,,1.32961940807856,0.128900121832635,0.484730130705217,1.43622407261768,FALSE
"Pre-growing season",78,"Site",114,TRUE,TRUE,454.479550671193,,1.47655147935847,0.313028728563678,0.405203042443669,0.367735140938098,FALSE
"Pre-growing season",78,"Full",114,TRUE,TRUE,450.313356034242,,1.46665928642132,0.389962306584894,0.434281647978385,0.177948710301914,FALSE
"Pre-growing season",79,"Storm",114,TRUE,TRUE,479.061620927992,,1.62279274295966,0.0702593452249881,0.281387305525812,0.871909711154694,FALSE
"Pre-growing season",79,"Agricultural",114,TRUE,TRUE,475.273197850924,,1.59175284929276,0.172716027430911,0.321269287753529,0.614874843802843,FALSE
"Pre-growing season",79,"Site",114,TRUE,TRUE,479.242614411777,,1.63560489161512,0.208092465483752,0.322822351132521,0.495795961407452,FALSE
"Pre-growing season",79,"Full",114,TRUE,TRUE,475.98248965753,,1.64018743254325,0.287064512866263,0.339623702922826,0.226247827850062,FALSE
"Pre-growing season",80,"Storm",114,TRUE,TRUE,457.151220108197,,1.47132828778274,0.115473557891179,0.322448953469816,0.745671380205166,FALSE
"Pre-growing season",80,"Agricultural",114,TRUE,TRUE,435.511002902421,,1.23302276022639,0.286652316790413,0.543620567804782,0.997511897235108,FALSE
"Pre-growing season",80,"Site",114,TRUE,TRUE,454.560053306762,,1.50269333651878,0.249151092756118,0.328218106045177,0.285422598022638,FALSE
"Pre-growing season",80,"Full",114,TRUE,TRUE,431.720266557191,,1.27249444312447,0.404469595289545,0.509934333846761,0.385598915056633,FALSE
"Pre-growing season",81,"Storm",114,TRUE,TRUE,455.741209124646,,1.42364039577968,0.102245746033946,0.386566829511602,1.07274282804932,FALSE
"Pre-growing season",81,"Agricultural",114,TRUE,TRUE,459.070502555177,,1.42107153943089,0.124202071121625,0.379972805802484,0.945988513504251,FALSE
"Pre-growing season",81,"Site",114,TRUE,TRUE,448.653399123804,,1.51036432881794,0.346731018297776,0.38604970519613,0.152823767074001,FALSE
"Pre-growing season",81,"Full",114,TRUE,TRUE,447.154667786771,,1.53454061456895,0.389422816361463,,0,TRUE
"Pre-growing season",82,"Storm",114,TRUE,TRUE,486.166623244968,,1.60395209720312,0.0545328748302886,0.36657794531868,1.46319531522542,FALSE
"Pre-growing season",82,"Agricultural",114,TRUE,TRUE,486.858360931565,,1.54238980412344,0.0982795230476046,0.430593350221419,1.61645220100212,FALSE
"Pre-growing season",82,"Site",114,TRUE,TRUE,480.761019949946,,1.61845177629394,0.267280626478101,0.399006734889295,0.63547061471781,FALSE
"Pre-growing season",82,"Full",114,TRUE,TRUE,480.672244591149,,1.62481258507784,0.313936027587606,0.398026487399649,0.399143087172416,FALSE
"Pre-growing season",83,"Storm",114,TRUE,TRUE,454.222075184557,,1.33778268217076,0.0394637606488355,0.459799645179225,1.64395661918257,FALSE
"Pre-growing season",83,"Agricultural",114,TRUE,TRUE,449.478783422341,,1.33380522433123,0.156632891251977,0.435551617975008,1.01390214603551,FALSE
"Pre-growing season",83,"Site",114,TRUE,TRUE,448.104360148001,,1.38467332076796,0.300051802777822,0.448749513385078,0.577350196454784,FALSE
"Pre-growing season",83,"Full",114,TRUE,TRUE,441.635081522089,,1.39115338190138,0.391992643032777,0.452329393127629,0.227781062529016,FALSE
"Pre-growing season",84,"Storm",114,TRUE,TRUE,466.545298377192,,1.45595868976166,0.0904341703682355,0.43013492571353,1.46280693747228,FALSE
"Pre-growing season",84,"Agricultural",114,TRUE,TRUE,469.157810184743,,1.40427261295987,0.104095842880499,0.488274586652217,1.73130103025515,FALSE
"Pre-growing season",84,"Site",114,TRUE,TRUE,456.245341106459,,1.63954411745906,0.390256795437411,,0,TRUE
"Pre-growing season",84,"Full",114,TRUE,TRUE,460.084545650562,,1.6240792713925,0.401765846836083,,0,TRUE
"Pre-growing season",85,"Storm",114,TRUE,TRUE,475.05047029299,,1.49444672627535,0.062666375568963,0.444707412607479,1.78810346629583,FALSE
"Pre-growing season",85,"Agricultural",114,TRUE,TRUE,475.349681475985,,1.45850464361054,0.104308815024301,0.467834374533068,1.69048215373728,FALSE
"Pre-growing season",85,"Site",114,TRUE,TRUE,467.970801837509,,1.51117948355078,0.351202300769637,0.491896976768408,0.704598436666519,FALSE
"Pre-growing season",85,"Full",114,TRUE,TRUE,464.418795459815,,1.4964831397025,0.432211667730043,0.516964058747675,0.42827827748283,FALSE
"Pre-growing season",86,"Storm",114,TRUE,TRUE,450.013405505228,,1.26394582726178,0.173721744102835,0.604196653248607,2.08514607303122,FALSE
"Pre-growing season",86,"Agricultural",114,TRUE,TRUE,453.648978841024,,1.27920805267524,0.225727369591135,0.586810066133356,1.7006044114258,FALSE
"Pre-growing season",86,"Site",114,TRUE,TRUE,448.746417693657,,1.26672115342626,0.361266161667278,0.627040502320062,1.34728349628422,FALSE
"Pre-growing season",86,"Full",114,TRUE,TRUE,450.929049203173,,1.30244719700256,0.410153502542178,0.592578996978206,0.874307101428867,FALSE
"Pre-growing season",87,"Storm",114,TRUE,TRUE,463.179158691607,,1.57980192589665,0.0863036829066697,0.220637020207017,0.469952460060413,FALSE
"Pre-growing season",87,"Agricultural",114,TRUE,TRUE,463.39417796893,,1.53879480611965,0.143115891774107,0.270590425414758,0.452390072387328,FALSE
"Pre-growing season",87,"Site",114,TRUE,TRUE,456.908779500998,,1.64432183943516,0.258415547761772,,0,TRUE
"Pre-growing season",87,"Full",114,TRUE,TRUE,456.446982146442,,1.58181642950444,0.299878109254581,0.307469510374826,0.0277107847673608,FALSE
"Pre-growing season",88,"Storm",114,TRUE,TRUE,458.990986668863,,1.3587275033389,0.101194633959049,0.516839212963451,1.87419478967662,FALSE
"Pre-growing season",88,"Agricultural",114,TRUE,TRUE,461.607238826422,,1.32584676935004,0.12591792262936,0.55138518591071,1.9758064355127,FALSE
"Pre-growing season",88,"Site",114,TRUE,TRUE,454.720685101833,,1.36646419565872,0.34312282784819,0.549037160600733,0.976051029394939,FALSE
"Pre-growing season",88,"Full",114,TRUE,TRUE,450.918352216737,,1.38513397089909,0.418771907162183,0.526299997698116,0.481044744960699,FALSE
"Pre-growing season",89,"Storm",114,TRUE,TRUE,469.764713915578,,1.47145423812549,0.022897983487474,0.386506237089539,1.49278594716032,FALSE
"Pre-growing season",89,"Agricultural",114,TRUE,TRUE,473.116609502909,,1.46583840926836,0.0455158596407946,0.382587329184435,1.35886173128751,FALSE
"Pre-growing season",89,"Site",114,TRUE,TRUE,470.712037578496,,1.51105734306091,0.166198479807577,0.363894833994855,0.798052682443049,FALSE
"Pre-growing season",89,"Full",114,TRUE,TRUE,474.127874953504,,1.48592613051872,0.185637799531781,0.388588382795855,0.827108076547474,FALSE
"Pre-growing season",90,"Storm",114,TRUE,TRUE,492.022066943022,,1.55072521896887,0.0648099917522992,0.502408263977389,2.51906584963721,FALSE
"Pre-growing season",90,"Agricultural",114,TRUE,TRUE,492.237354622809,,1.47667994667725,0.105981027001925,0.574686076522542,2.89102193052605,FALSE
"Pre-growing season",90,"Site",114,TRUE,TRUE,486.508713689051,,1.58640804957568,0.295288625769203,0.488131072698296,1.08169067016223,FALSE
"Pre-growing season",90,"Full",114,TRUE,TRUE,484.518860246401,,1.51939371930058,0.343576053373514,0.535238164299512,1.09142919556691,FALSE
"Pre-growing season",91,"Storm",114,TRUE,TRUE,479.837900924576,,1.5527585508922,0.0490834229042742,0.346008791584501,1.27333225209539,FALSE
"Pre-growing season",91,"Agricultural",114,TRUE,TRUE,481.844234078362,,1.50408565282577,0.0819028637317195,0.3978141837276,1.3914490896623,FALSE
"Pre-growing season",91,"Site",114,TRUE,TRUE,474.434804681937,,1.5848056830748,0.283321973772294,0.394530264893724,0.509418990443251,FALSE
"Pre-growing season",91,"Full",114,TRUE,TRUE,475.165802369392,,1.53538874925774,0.32098013785207,0.436640832467282,0.53784158218517,FALSE
"Pre-growing season",92,"Storm",114,TRUE,TRUE,465.02536526142,,1.56868071494312,0.11873538492219,0.26945723368437,0.561254138233405,FALSE
"Pre-growing season",92,"Agricultural",114,TRUE,TRUE,461.80282982224,,1.48516436681189,0.204304183109141,0.362740382640732,0.612268302327642,FALSE
"Pre-growing season",92,"Site",114,TRUE,TRUE,464.310478656922,,1.62681045937654,0.243319465004955,0.281195982882712,0.145252120664912,FALSE
"Pre-growing season",92,"Full",114,TRUE,TRUE,456.647648582608,,1.58800380005376,0.341746382786487,0.346739334234532,0.0194156115714272,FALSE
"Pre-growing season",93,"Storm",114,TRUE,TRUE,476.801902205382,,1.5958267483785,0.135272760946778,0.360992073458598,1.01358079136445,FALSE
"Pre-growing season",93,"Agricultural",114,TRUE,TRUE,481.43609153844,,1.57735557000494,0.146207534304872,0.380956305335489,1.06650750196225,FALSE
"Pre-growing season",93,"Site",114,TRUE,TRUE,474.323083061567,,1.63295415845323,0.295003304400197,0.375873244106889,0.37175347584639,FALSE
"Pre-growing season",93,"Full",114,TRUE,TRUE,476.478488527169,,1.64119468778543,0.324880738087967,0.377624909115089,0.241381844526136,FALSE
"Pre-growing season",94,"Storm",114,TRUE,TRUE,456.633990835437,,1.33077149901511,0.036315528165156,0.484525334171118,1.8348454287007,FALSE
"Pre-growing season",94,"Agricultural",114,TRUE,TRUE,454.26603776944,,1.32474151585606,0.133382775138587,0.470290684455034,1.30869283177047,FALSE
"Pre-growing season",94,"Site",114,TRUE,TRUE,457.230889639722,,1.33927938502999,0.224677532718803,0.513824213077715,1.24625760450048,FALSE
"Pre-growing season",94,"Full",114,TRUE,TRUE,451.944455402326,,1.35026332501922,0.311499117485275,0.477637637039375,0.654474835694866,FALSE
"Pre-growing season",95,"Storm",114,TRUE,TRUE,448.663033293116,,1.32601967686383,0.125922162857206,0.501053516686313,1.53886508986217,FALSE
"Pre-growing season",95,"Agricultural",114,TRUE,TRUE,446.785232764602,,1.29140528165195,0.271369917609839,0.568349318854038,1.33051904309757,FALSE
"Pre-growing season",95,"Site",114,TRUE,TRUE,434.200591848095,,1.47759596355698,0.519495427776423,0.523135516679442,0.0167866553141837,FALSE
"Pre-growing season",95,"Full",114,TRUE,TRUE,433.250701077903,,1.44375701221948,0.549317741298105,,0,TRUE
"Pre-growing season",96,"Storm",114,TRUE,TRUE,445.722475716024,,1.46816004492808,0.194019819657423,0.304885900248642,0.375016957036385,FALSE
"Pre-growing season",96,"Agricultural",114,TRUE,TRUE,448.149888800965,,1.45197155737952,0.230578173515185,0.330257671824301,0.341074825873162,FALSE
"Pre-growing season",96,"Site",114,TRUE,TRUE,445.156942694464,,1.50665067984345,0.318214576341866,0.346084742944439,0.100109201049422,FALSE
"Pre-growing season",96,"Full",114,TRUE,TRUE,444.671659189135,,1.51461233435522,0.366639374289549,0.368032412315884,0.00506775290336967,FALSE
"Pre-growing season",97,"Storm",114,TRUE,TRUE,453.149115801554,,1.37360066446479,0.129221037779419,0.482248060405622,1.48076086272278,FALSE
"Pre-growing season",97,"Agricultural",114,TRUE,TRUE,453.251600563891,,1.32712706330035,0.156649547333831,0.519066215410542,1.53349871778465,FALSE
"Pre-growing season",97,"Site",114,TRUE,TRUE,443.0518497259,,1.38965755707725,0.418714873896704,0.517865300016773,0.434189603726227,FALSE
"Pre-growing season",97,"Full",114,TRUE,TRUE,441.612711208417,,1.35581973344954,0.455821870311547,0.539317954409839,0.362260564200832,FALSE
"Pre-growing season",98,"Storm",114,TRUE,TRUE,453.083658406433,,1.26703353451532,0.0990219902570029,0.582456500827973,2.2488177499643,FALSE
"Pre-growing season",98,"Agricultural",114,TRUE,TRUE,449.141465442016,,1.21441693133135,0.207444573853733,0.630550173376004,2.04247901560848,FALSE
"Pre-growing season",98,"Site",114,TRUE,TRUE,452.580068581833,,1.27650048245602,0.293329334781588,0.598769494591466,1.47078146392825,FALSE
"Pre-growing season",98,"Full",114,TRUE,TRUE,445.640840540037,,1.23743646322694,0.391489733921935,0.617656695797533,1.05985755599143,FALSE
"Pre-growing season",99,"Storm",114,TRUE,TRUE,478.955823131989,,1.5746704565025,0.0524694099220037,0.336567330247294,1.21638959202456,FALSE
"Pre-growing season",99,"Agricultural",114,TRUE,TRUE,474.651880358916,,1.52835080963746,0.15565940441804,0.378670148687605,0.951908542891578,FALSE
"Pre-growing season",99,"Site",114,TRUE,TRUE,477.892498213616,,1.67543219728154,0.198325360197729,0.274523054424981,0.314971861430341,FALSE
"Pre-growing season",99,"Full",114,TRUE,TRUE,469.707590141484,,1.62406981668886,0.308381145849058,0.342504611287421,0.142440059097306,FALSE
"Pre-growing season",100,"Storm",114,TRUE,TRUE,485.038596091894,,1.61001443365128,0.0755264283438958,0.363751607346045,1.34775560814231,FALSE
"Pre-growing season",100,"Agricultural",114,TRUE,TRUE,486.796634203161,,1.53254247782614,0.121661769902854,0.462628025232668,1.73753803437366,FALSE
"Pre-growing season",100,"Site",114,TRUE,TRUE,477.217923795289,,1.66883830733287,0.322457872550556,0.387736923086741,0.317466643348429,FALSE
"Pre-growing season",100,"Full",114,TRUE,TRUE,479.000432803575,,1.62192235396955,0.353944508403412,0.426897792206641,0.360867984092796,FALSE
"Pre-growing season",101,"Storm",114,TRUE,TRUE,472.652193968866,,1.53319220638931,0.0715047158587002,0.36667131251748,1.25072079991125,FALSE
"Pre-growing season",101,"Agricultural",114,TRUE,TRUE,472.197767217657,,1.44600055029643,0.151652159482035,0.487682492771213,1.59049997368839,FALSE
"Pre-growing season",101,"Site",114,TRUE,TRUE,469.587087784366,,1.5750088280682,0.261633299121936,0.369502159941179,0.461760415958827,FALSE
"Pre-growing season",101,"Full",114,TRUE,TRUE,472.97566614021,,1.52303897561933,0.28240652096144,0.420015943675425,0.608138462596506,FALSE
"Pre-growing season",102,"Storm",114,TRUE,TRUE,454.228885446406,,1.20908903401221,0.0720495388699138,0.745668395576552,4.67246580573812,FALSE
"Pre-growing season",102,"Agricultural",114,TRUE,TRUE,451.480471031702,,1.14382243159514,0.124665718892297,0.789699053395097,5.01071173024402,FALSE
"Pre-growing season",102,"Site",114,TRUE,TRUE,445.86640791016,,1.22358110016448,0.457129739355084,0.741074759346696,1.93298433247948,FALSE
"Pre-growing season",102,"Full",114,TRUE,TRUE,444.330516253097,,1.16198613015455,0.465369625666748,0.771399952488524,2.14216903700008,FALSE
"Pre-growing season",103,"Storm",114,TRUE,TRUE,475.91449201218,,1.53704533214461,0.0492811176062307,0.365617701556743,1.3568259799452,FALSE
"Pre-growing season",103,"Agricultural",114,TRUE,TRUE,478.936470411267,,1.48779953093063,0.0682530724703379,0.423412518663718,1.58650431670553,FALSE
"Pre-growing season",103,"Site",114,TRUE,TRUE,467.563995747383,,1.61279152604582,0.326053547749723,0.383408476260462,0.256891216694228,FALSE
"Pre-growing season",103,"Full",114,TRUE,TRUE,469.680554728068,,1.55374501915593,0.350368056484202,0.427639547385997,0.351664119369878,FALSE
"Pre-growing season",104,"Storm",114,TRUE,TRUE,440.293573884371,,1.34069740928331,0.11136930316181,0.365871819260614,0.821167692961673,FALSE
"Pre-growing season",104,"Agricultural",114,TRUE,TRUE,439.911659813323,,1.32541051339895,0.170853327547841,0.376262152989047,0.652054994351341,FALSE
"Pre-growing season",104,"Site",114,TRUE,TRUE,435.035174801451,,1.36334911917062,0.312620382920296,0.400235566282683,0.294083667392415,FALSE
"Pre-growing season",104,"Full",114,TRUE,TRUE,427.652420787694,,1.33595098322897,0.393458347453879,0.432765858025408,0.1298950108994,FALSE
"Pre-growing season",105,"Storm",114,TRUE,TRUE,462.631426692239,,1.41093306404807,0.105600495123594,0.45058932129622,1.46621698321228,FALSE
"Pre-growing season",105,"Agricultural",114,TRUE,TRUE,464.145915674876,,1.35915679375076,0.136995721524703,0.506031827455004,1.63362079660296,FALSE
"Pre-growing season",105,"Site",114,TRUE,TRUE,455.395380024371,,1.42525385431048,0.331267929430942,0.473640360128756,0.615153593999878,FALSE
"Pre-growing season",105,"Full",114,TRUE,TRUE,452.858566880006,,1.39724311605751,0.379913124199477,0.489946939165432,0.465776570709321,FALSE
"Pre-growing season",106,"Storm",114,TRUE,TRUE,477.306969373007,,1.58251182327431,0.086189345205634,0.344905859929205,1.1223338042556,FALSE
"Pre-growing season",106,"Agricultural",114,TRUE,TRUE,481.868365305362,,1.56531764375905,0.102045993633562,0.366431458023665,1.16331185959768,FALSE
"Pre-growing season",106,"Site",114,TRUE,TRUE,469.94716278005,,1.69739055187797,0.350083680044001,0.368351157010626,0.0853868251314263,FALSE
"Pre-growing season",106,"Full",114,TRUE,TRUE,473.441070301404,,1.71462925033209,0.369516201356699,0.372290818152668,0.0130512265722213,FALSE
"Pre-growing season",107,"Storm",114,TRUE,TRUE,438.610765819419,,1.19866846887797,0.139362941100146,0.630171881544734,2.26823250042424,FALSE
"Pre-growing season",107,"Agricultural",114,TRUE,TRUE,435.704803093388,,1.1476195567009,0.206548895579452,0.668133957296182,2.18211157443519,FALSE
"Pre-growing season",107,"Site",114,TRUE,TRUE,432.468431849368,,1.25091319341377,0.417851091578372,0.588894135913682,0.739931389147946,FALSE
"Pre-growing season",107,"Full",114,TRUE,TRUE,428.863852734096,,1.19692207005915,0.478399591363305,0.634253990596429,0.694602835814396,FALSE
"Pre-growing season",108,"Storm",114,TRUE,TRUE,469.468693850383,,1.48616752825674,0.0934825943404581,0.391492673224849,1.2534397797115,FALSE
"Pre-growing season",108,"Agricultural",114,TRUE,TRUE,469.64136010311,,1.45528993589686,0.161656856450542,0.428430284461781,1.14248706891681,FALSE
"Pre-growing season",108,"Site",114,TRUE,TRUE,457.945079023627,,1.6138605742306,0.394130594181361,0.409452278432547,0.0691125792000257,FALSE
"Pre-growing season",108,"Full",114,TRUE,TRUE,457.69071470229,,1.56574176177028,0.430201413008582,0.446532510827621,0.074180156655669,FALSE
"Pre-growing season",109,"Storm",114,TRUE,TRUE,452.379161123999,,1.27896007843035,0.118976394097681,0.57381157802274,2.09522793033115,FALSE
"Pre-growing season",109,"Agricultural",114,TRUE,TRUE,449.072422791494,,1.1935924981065,0.142643353425362,0.641758222548752,2.40826458598313,FALSE
"Pre-growing season",109,"Site",114,TRUE,TRUE,450.506750040587,,1.30730308711031,0.362512236258351,0.591143832827601,1.11235052911775,FALSE
"Pre-growing season",109,"Full",114,TRUE,TRUE,444.752278840075,,1.23376073681912,0.424528185751244,0.639681793431353,1.06146120480555,FALSE
"Pre-growing season",110,"Storm",114,TRUE,TRUE,462.451525522865,,1.42225216461571,0.104611869971795,0.436522639660602,1.38579833034353,FALSE
"Pre-growing season",110,"Agricultural",114,TRUE,TRUE,455.943323432828,,1.37930444843734,0.217393271456065,0.460995174912417,0.987410026845751,FALSE
"Pre-growing season",110,"Site",114,TRUE,TRUE,458.933762755146,,1.51171801622359,0.290753726717337,0.380774786547053,0.360456185375228,FALSE
"Pre-growing season",110,"Full",114,TRUE,TRUE,443.698721953336,,1.51004714972984,0.396409733437597,0.396974439089937,0.00213733165709303,FALSE
"Pre-growing season",111,"Storm",114,TRUE,TRUE,482.187869110627,,1.48358347899642,0.0608665061364433,0.528354981647082,2.58476410191675,FALSE
"Pre-growing season",111,"Agricultural",114,TRUE,TRUE,484.692350898928,,1.41653124736997,0.092106904367431,0.614862476301358,3.26342913949743,FALSE
"Pre-growing season",111,"Site",114,TRUE,TRUE,474.197121883982,,1.49838187870302,0.319998361022755,0.519960006479028,1.06602285657951,FALSE
"Pre-growing season",111,"Full",114,TRUE,TRUE,477.003611064499,,1.4588087405662,0.336118794728849,0.552083437105096,1.17794428234461,FALSE
"Pre-growing season",112,"Storm",114,TRUE,TRUE,454.553155863543,,1.26221395832997,0.0607445635502607,0.633194518133105,2.97674694700588,FALSE
"Pre-growing season",112,"Agricultural",114,TRUE,TRUE,441.609355208049,,1.12623540608705,0.137101567970327,0.726071269633014,3.29100827142877,FALSE
"Pre-growing season",112,"Site",114,TRUE,TRUE,449.282158465765,,1.28218503657642,0.33868094760533,0.613619210834808,1.36364909702096,FALSE
"Pre-growing season",112,"Full",114,TRUE,TRUE,437.13322870411,,1.15913785423306,0.419830650635431,0.694025538909652,1.41609994030165,FALSE
"Pre-growing season",113,"Storm",114,TRUE,TRUE,452.809554089059,,1.35749336585504,0.0977717221075105,0.457410714621075,1.41920616929654,FALSE
"Pre-growing season",113,"Agricultural",114,TRUE,TRUE,456.43191961412,,1.31692507662678,0.118309774923001,0.516643928669141,1.67508102195811,FALSE
"Pre-growing season",113,"Site",114,TRUE,TRUE,444.606568099569,,1.42458145050564,0.374434097811031,0.452149687562677,0.311304404570417,FALSE
"Pre-growing season",113,"Full",114,TRUE,TRUE,446.505681724048,,1.3731142248097,0.40010540080691,0.495999176578607,0.393265478281838,FALSE
"Pre-growing season",114,"Storm",114,TRUE,TRUE,458.507990983764,,1.59515075349629,0.142774124270881,0.227184967366677,0.296371753392558,FALSE
"Pre-growing season",114,"Agricultural",114,TRUE,TRUE,460.379385256896,,1.57820181040877,0.173757772180862,0.244696816910849,0.247997938062951,FALSE
"Pre-growing season",114,"Site",114,TRUE,TRUE,453.104140742317,,1.61711068882837,0.267983587970243,,0,TRUE
"Pre-growing season",114,"Full",114,TRUE,TRUE,453.618182586391,,1.57866540777346,0.302588108991853,,0,TRUE
"Pre-growing season",115,"Storm",114,TRUE,TRUE,484.189811734547,,1.51373948594008,0.0104887748008621,0.463074059107348,2.28315789485188,FALSE
"Pre-growing season",115,"Agricultural",114,TRUE,TRUE,482.724866349525,,1.49566600097279,0.0756895903123671,0.4503177403938,1.78503233509093,FALSE
"Pre-growing season",115,"Site",114,TRUE,TRUE,479.98119967374,,1.52575314694068,0.265027623427273,0.489424126478887,1.1724907657422,FALSE
"Pre-growing season",115,"Full",114,TRUE,TRUE,475.029032903982,,1.52894230694485,0.345473869504378,0.47199380812324,0.622132153638302,FALSE
"Pre-growing season",116,"Storm",114,TRUE,TRUE,434.561377246642,,1.30172818189004,0.142548959927488,0.381693596730089,0.750954761688826,FALSE
"Pre-growing season",116,"Agricultural",114,TRUE,TRUE,437.17171849202,,1.26951535486149,0.170169157234018,0.420294578778612,0.801719065376993,FALSE
"Pre-growing season",116,"Site",114,TRUE,TRUE,427.261872431547,,1.32113494048684,0.343912605238012,0.421920522044488,0.254855005944907,FALSE
"Pre-growing season",116,"Full",114,TRUE,TRUE,424.840247791691,,1.29681052712729,0.406710107647332,0.459726742223404,0.175946616243398,FALSE
"Pre-growing season",117,"Storm",114,TRUE,TRUE,440.26596573834,,1.22510066223675,0.0965917160038498,0.592002775514,2.15894197042109,FALSE
"Pre-growing season",117,"Agricultural",114,TRUE,TRUE,440.794644757746,,1.14441425105392,0.157984064364879,0.710004477387682,2.99867064085863,FALSE
"Pre-growing season",117,"Site",114,TRUE,TRUE,421.72488205709,,1.36716992319223,0.508134525380756,0.525429106707057,0.0700964607531103,FALSE
"Pre-growing season",117,"Full",114,TRUE,TRUE,421.920910530472,,1.37376711934577,0.534489319515276,,0,TRUE
"Pre-growing season",118,"Storm",114,TRUE,TRUE,464.00350170903,,1.40821368778709,0.0321708133898445,0.430477095677703,1.6278978105013,FALSE
"Pre-growing season",118,"Agricultural",114,TRUE,TRUE,465.267583521596,,1.37581615029951,0.0676058220860548,0.457154848434828,1.59626339846652,FALSE
"Pre-growing season",118,"Site",114,TRUE,TRUE,454.424371342861,,1.4445108652798,0.325342551339704,0.444171269898842,0.493116990080608,FALSE
"Pre-growing season",118,"Full",114,TRUE,TRUE,451.781761867061,,1.42179101194611,0.384644525633873,0.467380027721881,0.341609177573792,FALSE
"Pre-growing season",119,"Storm",114,TRUE,TRUE,415.055724913869,,1.24501807346801,0.266111528943,0.420691610315673,0.459806879677577,FALSE
"Pre-growing season",119,"Agricultural",114,TRUE,TRUE,410.772441210812,,1.1829832212371,0.328792190459462,0.479230463455027,0.451176084680185,FALSE
"Pre-growing season",119,"Site",114,TRUE,TRUE,415.716146041852,,1.29057787662476,0.36788019319157,0.418240490813846,0.152448969445555,FALSE
"Pre-growing season",119,"Full",114,TRUE,TRUE,411.05832247561,,1.2154149598943,0.422506456575981,0.481248881165967,0.178760140222451,FALSE
"Pre-growing season",120,"Storm",114,TRUE,TRUE,452.407201687957,,1.40527339564573,0.167622134841912,0.439958102068124,1.09192628677339,FALSE
"Pre-growing season",120,"Agricultural",114,TRUE,TRUE,456.950867190433,,1.39033065470384,0.180108335645881,0.457974535852051,1.12925075026822,FALSE
"Pre-growing season",120,"Site",114,TRUE,TRUE,446.618549653422,,1.4429949875155,0.401523620959623,0.475220039591221,0.314878190299933,FALSE
"Pre-growing season",120,"Full",114,TRUE,TRUE,447.13018542705,,1.48100948309289,0.452253187430705,0.475052977402361,0.0984919397227478,FALSE
"Pre-growing season",121,"Storm",114,TRUE,TRUE,456.815747267685,,1.5041539552557,0.0902055389334819,0.26856976666992,0.611179264232038,FALSE
"Pre-growing season",121,"Agricultural",114,TRUE,TRUE,450.536392784874,,1.48029886142125,0.208393960199342,0.30404316356116,0.324677458194023,FALSE
"Pre-growing season",121,"Site",114,TRUE,TRUE,460.490960456293,,1.53952677158291,0.185554281125281,0.277621519688454,0.324577900273147,FALSE
"Pre-growing season",121,"Full",114,TRUE,TRUE,451.283764810017,,1.56258443100963,0.310471003483887,,0,TRUE
"Pre-growing season",122,"Storm",114,TRUE,TRUE,476.460884759709,,1.39965620230652,0.0551544554785967,0.601604177039464,3.2286305708276,FALSE
"Pre-growing season",122,"Agricultural",114,TRUE,TRUE,474.124413795927,,1.34052568154334,0.135311736410555,0.648917011193342,3.16608586282806,FALSE
"Pre-growing season",122,"Site",114,TRUE,TRUE,474.307882700308,,1.4084624109546,0.243449984866413,0.585485199262495,1.92667050018166,FALSE
"Pre-growing season",122,"Full",114,TRUE,TRUE,472.637444461171,,1.35686700542163,0.299203997530264,0.622592258016694,1.85991584633405,FALSE
"Pre-growing season",123,"Storm",114,TRUE,TRUE,454.342006892978,,1.42124063260938,0.078654654604838,0.355428634158233,0.988240663379829,FALSE
"Pre-growing season",123,"Agricultural",114,TRUE,TRUE,458.129319579503,,1.40977360907649,0.100781611571589,0.367329613961645,0.953199468626975,FALSE
"Pre-growing season",123,"Site",114,TRUE,TRUE,449.093678157674,,1.46847779760886,0.300819790528535,0.375688725223166,0.277329295447773,FALSE
"Pre-growing season",123,"Full",114,TRUE,TRUE,450.682869395746,,1.45700994855903,0.337387361235224,0.395611206884952,0.21731281966155,FALSE
"Pre-growing season",124,"Storm",114,TRUE,TRUE,465.13260453527,,1.52184041206236,0.156539915896605,0.3689637175593,0.877894558422107,FALSE
"Pre-growing season",124,"Agricultural",114,TRUE,TRUE,467.502920918284,,1.55015061878509,0.210465881039884,0.349851907606943,0.56701074858619,FALSE
"Pre-growing season",124,"Site",114,TRUE,TRUE,461.120589901037,,1.52674984929562,0.326770226928092,0.416976683527947,0.390777369101764,FALSE
"Pre-growing season",124,"Full",114,TRUE,TRUE,458.465702521116,,1.61258884173189,0.376144509548578,,2.50904213920253e-15,TRUE
"Pre-growing season",125,"Storm",114,TRUE,TRUE,470.581871051988,,1.35143832968436,0.0573869103152789,0.606948505422748,3.0911021426839,FALSE
"Pre-growing season",125,"Agricultural",114,TRUE,TRUE,472.878353557657,,1.31213679345607,0.0810060118019032,0.64420895280574,3.31458601728854,FALSE
"Pre-growing season",125,"Site",114,TRUE,TRUE,470.415297943833,,1.36163331096213,0.254876281593742,0.612677735857826,2.03714765979533,FALSE
"Pre-growing season",125,"Full",114,TRUE,TRUE,473.234242963618,,1.32020156727704,0.272103324035495,0.651473041262972,2.27297180182153,FALSE
"Pre-growing season",126,"Storm",114,TRUE,TRUE,477.771368268472,,1.56994281652369,0.0729868653523022,0.35164096877674,1.21089890848452,FALSE
"Pre-growing season",126,"Agricultural",114,TRUE,TRUE,481.203542755776,,1.55089087563193,0.0936086861058532,0.368136291548245,1.19521794273936,FALSE
"Pre-growing season",126,"Site",114,TRUE,TRUE,476.892832214317,,1.59269541315505,0.254760799791503,0.389898339711044,0.62116625814309,FALSE
"Pre-growing season",126,"Full",114,TRUE,TRUE,479.592890090775,,1.56806840964898,0.279073171363745,0.411435374509312,0.611787412235226,FALSE
"Pre-growing season",127,"Storm",114,TRUE,TRUE,461.764455105699,,1.35581937850326,0.051289680037983,0.529119054165923,2.21324546026874,FALSE
"Pre-growing season",127,"Agricultural",114,TRUE,TRUE,462.081974982138,,1.28050653493804,0.0859916612687691,0.618524664052622,2.7502998517848,FALSE
"Pre-growing season",127,"Site",114,TRUE,TRUE,451.052787980649,,1.39077782532662,0.406556129357316,0.547080131852882,0.672725650431176,FALSE
"Pre-growing season",127,"Full",114,TRUE,TRUE,450.387545415106,,1.30965704126399,0.439148028549687,0.612990944074816,0.879983072705545,FALSE
"Pre-growing season",128,"Storm",114,TRUE,TRUE,452.049654384218,,1.44793803308685,0.120641215178917,0.322917083183212,0.702082810885096,FALSE
"Pre-growing season",128,"Agricultural",114,TRUE,TRUE,455.689835021094,,1.40433287375229,0.156298663298963,0.389575688137703,0.855465821440754,FALSE
"Pre-growing season",128,"Site",114,TRUE,TRUE,435.979171007832,,1.50009961375818,0.38761037306392,,0,TRUE
"Pre-growing season",128,"Full",114,TRUE,TRUE,439.561085377314,,1.48427416701692,0.400531329980572,,0,TRUE
"Pre-growing season",129,"Storm",114,TRUE,TRUE,467.770151116795,,1.43581965512957,0.0145512880977039,0.438086727000125,1.81357379702861,FALSE
"Pre-growing season",129,"Agricultural",114,TRUE,TRUE,467.867336381049,,1.40199744027727,0.0833219270450691,0.472324005023309,1.68961547672325,FALSE
"Pre-growing season",129,"Site",114,TRUE,TRUE,458.486339474274,,1.49048855295056,0.345928913182811,0.448538651330499,0.451939737246649,FALSE
"Pre-growing season",129,"Full",114,TRUE,TRUE,459.896109314128,,1.45887511098499,0.369184716621966,0.469798784094284,0.441982534779117,FALSE
"Pre-growing season",130,"Storm",114,TRUE,TRUE,444.49864584152,,1.26290368082832,0.114003287365736,0.547183788531834,1.80633340738903,FALSE
"Pre-growing season",130,"Agricultural",114,TRUE,TRUE,443.487988097113,,1.2032122837672,0.171537641285468,0.613275795143193,1.97199793647734,FALSE
"Pre-growing season",130,"Site",114,TRUE,TRUE,437.441553048341,,1.26850485387363,0.357944123466586,0.55739211421869,0.82896072376441,FALSE
"Pre-growing season",130,"Full",114,TRUE,TRUE,429.615572953987,,1.21928699899619,0.427364627119571,0.576350908420738,0.59033302615223,FALSE
"Pre-growing season",131,"Storm",114,TRUE,TRUE,465.000827343207,,1.41786946197218,0.104055451323133,0.473998067066044,1.65659962862056,FALSE
"Pre-growing season",131,"Agricultural",114,TRUE,TRUE,466.692908895977,,1.36868121913198,0.126366855531872,0.523209252598991,1.8407504977942,FALSE
"Pre-growing season",131,"Site",114,TRUE,TRUE,455.289095479808,,1.44808509901791,0.380856032509364,0.49380946855835,0.517474866432223,FALSE
"Pre-growing season",131,"Full",114,TRUE,TRUE,454.30185578347,,1.42027095518087,0.422041900522089,0.51453798620207,0.421673228705381,FALSE
"Pre-growing season",132,"Storm",114,TRUE,TRUE,444.857184330734,,1.34812474669496,0.166447543783879,0.44218076432297,1.02885760174594,FALSE
"Pre-growing season",132,"Agricultural",114,TRUE,TRUE,438.749909915837,,1.27944413228633,0.273322295959026,0.512176263239216,0.917546000991087,FALSE
"Pre-growing season",132,"Site",114,TRUE,TRUE,444.867677059513,,1.3733793247008,0.314794240772337,0.453064309714479,0.529261540433953,FALSE
"Pre-growing season",132,"Full",114,TRUE,TRUE,433.048187724465,,1.32913047405375,0.458423239723634,0.519006271931017,0.239149784251308,FALSE
"Pre-growing season",133,"Storm",114,TRUE,TRUE,461.957448638333,,1.35393040004514,0.10709234660856,0.53462852785977,2.00593649587921,FALSE
"Pre-growing season",133,"Agricultural",114,TRUE,TRUE,458.479411901258,,1.35413943305222,0.209645683067141,0.506808413094031,1.29111813400139,FALSE
"Pre-growing season",133,"Site",114,TRUE,TRUE,456.391242554835,,1.38366989707405,0.358689763081551,0.539878555762786,0.862241565768118,FALSE
"Pre-growing season",133,"Full",114,TRUE,TRUE,446.392574331577,,1.40918794986058,0.474537786141118,0.531048017661523,0.257474660231287,FALSE
"Pre-growing season",134,"Storm",114,TRUE,TRUE,435.885595948945,,1.24385107665494,0.0196076644827918,0.447453320134711,1.4039558213515,FALSE
"Pre-growing season",134,"Agricultural",114,TRUE,TRUE,429.883656493035,,1.19783736436784,0.131149872426978,0.477178211123855,1.10473110900124,FALSE
"Pre-growing season",134,"Site",114,TRUE,TRUE,427.259916420495,,1.31275825987262,0.349273993511475,0.43999451678876,0.302983408094601,FALSE
"Pre-growing season",134,"Full",114,TRUE,TRUE,415.201167709043,,1.33386952076111,0.449637895916805,,1.81877341668099e-13,TRUE
"Pre-growing season",135,"Storm",114,TRUE,TRUE,446.918618060474,,1.35200079051807,0.0912908102677856,0.394408336986969,1.05400704292475,FALSE
"Pre-growing season",135,"Agricultural",114,TRUE,TRUE,450.540725163754,,1.3330467728015,0.110154353682289,0.41513224267958,1.06955491507699,FALSE
"Pre-growing season",135,"Site",114,TRUE,TRUE,447.008756204865,,1.37361291316765,0.252102916631941,0.413395145194706,0.580116462457019,FALSE
"Pre-growing season",135,"Full",114,TRUE,TRUE,448.194883624454,,1.36339213846588,0.301142221139028,0.431754119737941,0.473438635722911,FALSE
"Pre-growing season",136,"Storm",114,TRUE,TRUE,453.438899835937,,1.29032938580673,0.0705776221720809,0.552426159020798,2.13674011021039,FALSE
"Pre-growing season",136,"Agricultural",114,TRUE,TRUE,450.231899960897,,1.23953534862448,0.13661815891535,0.583745783150208,1.96725410665895,FALSE
"Pre-growing season",136,"Site",114,TRUE,TRUE,454.015512328809,,1.29753887230756,0.21138762598696,0.543282614001996,1.43616516696487,FALSE
"Pre-growing season",136,"Full",114,TRUE,TRUE,450.505151200945,,1.26248289941482,0.277686702619323,0.555347962044482,1.1606058224274,FALSE
"Pre-growing season",137,"Storm",114,TRUE,TRUE,444.753479644932,,1.29555544525495,0.0787476024272576,0.431420022399552,1.22847074759097,FALSE
"Pre-growing season",137,"Agricultural",114,TRUE,TRUE,448.210653498827,,1.27758124228736,0.102293892684155,0.451706796140085,1.22920635002747,FALSE
"Pre-growing season",137,"Site",114,TRUE,TRUE,444.216654048709,,1.30680744113628,0.229648074272042,0.445634219462649,0.764585661525237,FALSE
"Pre-growing season",137,"Full",114,TRUE,TRUE,446.52290594376,,1.28409270457139,0.253602528151908,0.46501575296977,0.749400926268126,FALSE
"Pre-growing season",138,"Storm",114,TRUE,TRUE,448.819328059057,,1.40681157482156,0.112837822908262,0.362834208184285,0.875277240759827,FALSE
"Pre-growing season",138,"Agricultural",114,TRUE,TRUE,445.062276880286,,1.3802011378173,0.175414846106588,0.359338053533451,0.607797080738189,FALSE
"Pre-growing season",138,"Site",114,TRUE,TRUE,447.630717549685,,1.41771632558657,0.252917397196723,0.378398572927167,0.443822163562498,FALSE
"Pre-growing season",138,"Full",114,TRUE,TRUE,441.603007482011,,1.38020706177859,0.323079833318955,0.401567413952974,0.268259181374901,FALSE
"Pre-growing season",139,"Storm",114,TRUE,TRUE,462.615030631663,,1.54517450402462,0.14237965061696,0.307799386065211,0.63129880163437,FALSE
"Pre-growing season",139,"Agricultural",114,TRUE,TRUE,464.957818779738,,1.51349431215604,0.173415387416715,0.341235124210986,0.647665341141893,FALSE
"Pre-growing season",139,"Site",114,TRUE,TRUE,466.314782882002,,1.54623632614056,0.216742869084138,0.336210052232168,0.469674522546147,FALSE
"Pre-growing season",139,"Full",114,TRUE,TRUE,467.618616682066,,1.51172818098314,0.245579925167715,0.363604066742079,0.463267196984825,FALSE
"Pre-growing season",140,"Storm",114,TRUE,TRUE,468.212477264985,,1.46462745825736,0.0857239141967672,0.437996445772983,1.55762807319162,FALSE
"Pre-growing season",140,"Agricultural",114,TRUE,TRUE,464.633454759949,,1.38928795259536,0.152563772585713,0.502662732170589,1.58255950250222,FALSE
"Pre-growing season",140,"Site",114,TRUE,TRUE,469.964850871928,,1.48793208187528,0.202978290724252,0.423643174440741,0.958560524781296,FALSE
"Pre-growing season",140,"Full",114,TRUE,TRUE,464.742756539105,,1.40790332179251,0.279485502075217,0.489618898145453,0.926241428609538,FALSE
"Pre-growing season",141,"Storm",114,TRUE,TRUE,464.442434222164,,1.48664937142833,0.076311290614432,0.360030156365529,1.11588980828159,FALSE
"Pre-growing season",141,"Agricultural",114,TRUE,TRUE,465.762050780501,,1.42898599452025,0.126149168294571,0.436691960609268,1.29556738862322,FALSE
"Pre-growing season",141,"Site",114,TRUE,TRUE,449.280594973663,,1.5902179683876,0.376540937684325,,0,TRUE
"Pre-growing season",141,"Full",114,TRUE,TRUE,450.136687866423,,1.55474274988579,0.404192443936325,,0,TRUE
"Pre-growing season",142,"Storm",114,TRUE,TRUE,444.039096338181,,1.30960800229832,0.0523425772038537,0.393967725756683,1.12944825476377,FALSE
"Pre-growing season",142,"Agricultural",114,TRUE,TRUE,446.64917433876,,1.30876971741681,0.106320884510251,0.398780988186432,0.965918167018548,FALSE
"Pre-growing season",142,"Site",114,TRUE,TRUE,434.37252601502,,1.30690957130911,0.309123360988626,0.443745012049443,0.461314694311829,FALSE
"Pre-growing season",142,"Full",114,TRUE,TRUE,434.447728183068,,1.31145936882397,0.357365853177683,0.4470669109169,0.304850726733785,FALSE
"Pre-growing season",143,"Storm",114,TRUE,TRUE,458.891809820821,,1.26583878197943,0.0558832593303323,0.651619088704023,3.31002054418078,FALSE
"Pre-growing season",143,"Agricultural",114,TRUE,TRUE,461.354071354254,,1.26973000103267,0.0887588964919199,0.623460319819416,2.75021637114522,FALSE
"Pre-growing season",143,"Site",114,TRUE,TRUE,454.152981958332,,1.27031271089967,0.325300150749293,0.651891728840477,1.79226018404665,FALSE
"Pre-growing season",143,"Full",114,TRUE,TRUE,454.73255164476,,1.27412281443133,0.375487072552122,0.634661191090068,1.34780612696905,FALSE
"Pre-growing season",144,"Storm",114,TRUE,TRUE,476.366286259035,,1.56458514931342,0.0420919851263509,0.316023132440541,1.12135522668892,FALSE
"Pre-growing season",144,"Agricultural",114,TRUE,TRUE,477.865414974749,,1.52485608020225,0.0726590808143379,0.350498196377054,1.14174220790313,FALSE
"Pre-growing season",144,"Site",114,TRUE,TRUE,472.685432518446,,1.58302214821676,0.226719536182439,0.346263113272065,0.502511865609193,FALSE
"Pre-growing season",144,"Full",114,TRUE,TRUE,472.576722923178,,1.53222120180307,0.266090501605946,0.387659256773625,0.513293623191869,FALSE
"Pre-growing season",145,"Storm",114,TRUE,TRUE,467.367795738378,,1.5034604875906,0.181693044180442,0.415681397405256,1.03454179496087,FALSE
"Pre-growing season",145,"Agricultural",114,TRUE,TRUE,463.347550951002,,1.48616779091651,0.288799760333797,0.44107680565745,0.674160889160062,FALSE
"Pre-growing season",145,"Site",114,TRUE,TRUE,458.361915078752,,1.52195957213513,0.421263926764444,0.48547988366757,0.311465906318686,FALSE
"Pre-growing season",145,"Full",114,TRUE,TRUE,452.071828505503,,1.49911947051245,0.482397011764999,0.509578022970049,0.129930193495469,FALSE
"Pre-growing season",146,"Storm",114,TRUE,TRUE,449.17401062954,,1.39492028466925,0.140479751171993,0.373104617112875,0.82431529303866,FALSE
"Pre-growing season",146,"Agricultural",114,TRUE,TRUE,450.188539838798,,1.26581710657932,0.174169519221206,0.542597331500609,1.53425726057997,FALSE
"Pre-growing season",146,"Site",114,TRUE,TRUE,442.126417509405,,1.48030310839312,0.370864247464875,0.400183665754834,0.111265731607331,FALSE
"Pre-growing season",146,"Full",114,TRUE,TRUE,440.584427703113,,1.49095107229077,0.41517962813835,,0,TRUE
"Pre-growing season",147,"Storm",114,TRUE,TRUE,436.359635126378,,1.29307617569858,0.139118187267651,0.439349923579011,1.02774890692347,FALSE
"Pre-growing season",147,"Agricultural",114,TRUE,TRUE,437.670573882355,,1.27592386285603,0.169608706693406,0.443616356351406,0.916794837665923,FALSE
"Pre-growing season",147,"Site",114,TRUE,TRUE,426.206938150879,,1.33932052740411,0.383148763516852,0.441625132108216,0.200054608179167,FALSE
"Pre-growing season",147,"Full",114,TRUE,TRUE,425.497705697175,,1.34827432503595,0.419248077544404,0.442555676945841,0.0785177323454794,FALSE
"Pre-growing season",148,"Storm",114,TRUE,TRUE,444.997584356104,,1.30559716232893,0.196878195084471,0.522674821828658,1.3587927200167,FALSE
"Pre-growing season",148,"Agricultural",114,TRUE,TRUE,447.509885071749,,1.25580086318708,0.225862924999296,0.586235797582053,1.62185791289954,FALSE
"Pre-growing season",148,"Site",114,TRUE,TRUE,438.123336692023,,1.43148362998616,0.445654411452612,0.484725375454533,0.163599828184719,FALSE
"Pre-growing season",148,"Full",114,TRUE,TRUE,436.748496389442,,1.37943246184108,0.484875280216772,0.52488641927484,0.16938755497181,FALSE
"Pre-growing season",149,"Storm",114,TRUE,TRUE,462.995302284338,,1.51690743576572,0.0479548513799254,0.270185509933607,0.785870376145401,FALSE
"Pre-growing season",149,"Agricultural",114,TRUE,TRUE,460.046860789468,,1.38845987796874,0.127637454481168,0.43536318123259,1.21194919708061,FALSE
"Pre-growing season",149,"Site",114,TRUE,TRUE,453.161852102334,,1.55301732853098,0.261760481600135,0.2970881711336,0.125943865519989,FALSE
"Pre-growing season",149,"Full",114,TRUE,TRUE,447.586714882399,,1.44178015783559,0.337527875243054,0.392096048411927,0.197796363160441,FALSE
"Pre-growing season",150,"Storm",114,TRUE,TRUE,476.444614638095,,1.5559006294565,0.0634646980404455,0.357831398675179,1.26900227689522,FALSE
"Pre-growing season",150,"Agricultural",114,TRUE,TRUE,473.061556232167,,1.50571004024176,0.163323625220572,0.408992931502849,1.07270943677239,FALSE
"Pre-growing season",150,"Site",114,TRUE,TRUE,481.381637523087,,1.54199512542536,0.132122242235226,0.395299854809217,1.18050333520791,FALSE
"Pre-growing season",150,"Full",114,TRUE,TRUE,477.280900531113,,1.51588357174199,0.227854792722148,0.41180731997861,0.806803158165108,FALSE
"Pre-growing season",151,"Storm",114,TRUE,TRUE,448.822986811724,,1.51816199405567,0.152148148019452,0.240454434452117,0.287726544541551,FALSE
"Pre-growing season",151,"Agricultural",114,TRUE,TRUE,437.643245850622,,1.48777839143117,0.291075871896766,0.309888934442581,0.0617772147863428,FALSE
"Pre-growing season",151,"Site",114,TRUE,TRUE,449.628455342661,,1.59264602107854,0.231444093849826,,0,TRUE
"Pre-growing season",151,"Full",114,TRUE,TRUE,437.800526243583,,1.47285710866455,0.343354820969959,,0,TRUE
"Pre-growing season",152,"Storm",114,TRUE,TRUE,440.390485258956,,1.23282083976047,0.161556414775535,0.593706026927671,1.90812780538985,FALSE
"Pre-growing season",152,"Agricultural",114,TRUE,TRUE,438.933315570864,,1.165950337671,0.199106073932771,0.660642126317144,2.19930015399622,FALSE
"Pre-growing season",152,"Site",114,TRUE,TRUE,441.440810070197,,1.23840949953244,0.321983998782388,0.607144569915234,1.29598319755515,FALSE
"Pre-growing season",152,"Full",114,TRUE,TRUE,440.226050078034,,1.18284092131642,0.351024912063951,0.649112403071117,1.39194910341683,FALSE
"Pre-growing season",153,"Storm",114,TRUE,TRUE,473.722587655963,,1.42705090694768,0.0124518314209133,0.523199816847155,2.57742927072772,FALSE
"Pre-growing season",153,"Agricultural",114,TRUE,TRUE,474.716185012356,,1.34559548895121,0.0719526330087611,0.640122457441175,3.41827071921951,FALSE
"Pre-growing season",153,"Site",114,TRUE,TRUE,469.396272188644,,1.44306819211927,0.259172096482479,0.513384775467442,1.2492525617258,FALSE
"Pre-growing season",153,"Full",114,TRUE,TRUE,468.430330294578,,1.36786744055723,0.307163153305732,0.586905324200124,1.47130007837388,FALSE
"Pre-growing season",154,"Storm",114,TRUE,TRUE,467.650870402445,,1.3711417616258,0.0144493843212732,0.5100745443534,2.28678897777282,FALSE
"Pre-growing season",154,"Agricultural",114,TRUE,TRUE,468.518843059369,,1.36006739417893,0.0793069742677927,0.511402006438771,1.95411475966798,FALSE
"Pre-growing season",154,"Site",114,TRUE,TRUE,461.207736898865,,1.41508125662567,0.320040882459985,0.511858710109347,0.899869683243762,FALSE
"Pre-growing season",154,"Full",114,TRUE,TRUE,459.987444416514,,1.40242341902351,0.375359882630353,0.520724579402024,0.672370773243164,FALSE
"Pre-growing season",155,"Storm",114,TRUE,TRUE,476.334597345391,,1.50851417933155,0.118656616487124,0.454191301551866,1.62880619421094,FALSE
"Pre-growing season",155,"Agricultural",114,TRUE,TRUE,474.234562897684,,1.44737263327109,0.194720408099262,0.513115386038709,1.59967891299599,FALSE
"Pre-growing season",155,"Site",114,TRUE,TRUE,476.190751029287,,1.52173645466756,0.255629900006271,0.458734613932112,0.987373434116719,FALSE
"Pre-growing season",155,"Full",114,TRUE,TRUE,471.821673462579,,1.51826921433426,0.360532828510783,0.474861662267681,0.554606185277552,FALSE
"Pre-growing season",156,"Storm",114,TRUE,TRUE,464.99451336474,,1.34450638100817,0.0474595963187148,0.565861366928881,2.59095550682649,FALSE
"Pre-growing season",156,"Agricultural",114,TRUE,TRUE,468.290456349987,,1.30647753622895,0.0803281752828491,0.617011797425102,2.8897840549043,FALSE
"Pre-growing season",156,"Site",114,TRUE,TRUE,464.452820223036,,1.33382969499142,0.222295011795581,0.589901880852261,1.8902287778316,FALSE
"Pre-growing season",156,"Full",114,TRUE,TRUE,468.073265708869,,1.29808730163956,0.248732386645476,0.634579104038772,2.12439651730369,FALSE
"Pre-growing season",157,"Storm",114,TRUE,TRUE,456.057519505925,,1.38280702515817,0.164277176493091,0.465807754770946,1.25957045868185,FALSE
"Pre-growing season",157,"Agricultural",114,TRUE,TRUE,459.380250988052,,1.38340308550093,0.19729005193321,0.463967224502882,1.10376136743749,FALSE
"Pre-growing season",157,"Site",114,TRUE,TRUE,453.593323590438,,1.44784047749424,0.37875640719596,0.479681742424207,0.447875615268593,FALSE
"Pre-growing season",157,"Full",114,TRUE,TRUE,456.057758618885,,1.46860925288582,0.403491914186833,0.469027977355497,0.286673700970024,FALSE
"Pre-growing season",158,"Storm",114,TRUE,TRUE,470.941578423098,,1.41839199209054,0.0761679034957389,0.497720772336168,2.00373058745595,FALSE
"Pre-growing season",158,"Agricultural",114,TRUE,TRUE,465.685239959463,,1.39538919997855,0.224254325964015,0.51435159022616,1.36024188554907,FALSE
"Pre-growing season",158,"Site",114,TRUE,TRUE,468.529462761246,,1.43042752501832,0.306558435560156,0.530592414372253,1.12994795745338,FALSE
"Pre-growing season",158,"Full",114,TRUE,TRUE,456.601098005928,,1.44576466079865,0.450774117876228,0.526356764783168,0.364420305434521,FALSE
"Pre-growing season",159,"Storm",114,TRUE,TRUE,460.959875539631,,1.46694195126514,0.148225837110774,0.389038243362796,0.967123317479654,FALSE
"Pre-growing season",159,"Agricultural",114,TRUE,TRUE,462.749579190525,,1.46257603637283,0.18544349035836,0.386980844705395,0.794369072813665,FALSE
"Pre-growing season",159,"Site",114,TRUE,TRUE,453.392296916451,,1.61915575468958,0.38491709956174,,6.58631580223013e-15,TRUE
"Pre-growing season",159,"Full",114,TRUE,TRUE,446.84889471774,,1.53248400625636,0.4493165017679,,0,TRUE
"Pre-growing season",160,"Storm",114,TRUE,TRUE,463.605728883295,,1.40217941221843,0.0968027353519113,0.466928828259749,1.60960676685256,FALSE
"Pre-growing season",160,"Agricultural",114,TRUE,TRUE,463.906349543847,,1.35841594682086,0.151842174008505,0.512916064869319,1.6183648145114,FALSE
"Pre-growing season",160,"Site",114,TRUE,TRUE,464.781202706244,,1.41069054195044,0.234977826054517,0.483816018606669,1.10923675302083,FALSE
"Pre-growing season",160,"Full",114,TRUE,TRUE,461.652440287599,,1.36993824941942,0.302716245448295,0.512375522561385,0.927131964636632,FALSE
"Pre-growing season",161,"Storm",114,TRUE,TRUE,469.625334087435,,1.44701479691162,0.181181722290747,0.514271199873564,1.68743724534362,FALSE
"Pre-growing season",161,"Agricultural",114,TRUE,TRUE,474.704037554833,,1.44018046553757,0.189465351661085,0.520530683970955,1.68367429329636,FALSE
"Pre-growing season",161,"Site",114,TRUE,TRUE,468.6140028635,,1.48931832521119,0.373050787314998,0.528415069114119,0.825180630869612,FALSE
"Pre-growing season",161,"Full",114,TRUE,TRUE,473.633608277073,,1.54250523171541,0.382166136266742,0.484540860772751,0.519385348099949,FALSE
"Pre-growing season",162,"Storm",114,TRUE,TRUE,456.660095415303,,1.36993866655843,0.0705106838720075,0.441659802170175,1.46201661526202,FALSE
"Pre-growing season",162,"Agricultural",114,TRUE,TRUE,450.35812257112,,1.33386184899439,0.203122363972221,0.468562641688485,1.02661017662075,FALSE
"Pre-growing season",162,"Site",114,TRUE,TRUE,455.076073068944,,1.39512456069398,0.267642968063985,0.455461690654547,0.760704864459676,FALSE
"Pre-growing season",162,"Full",114,TRUE,TRUE,445.956003477475,,1.44731497630156,0.376302312638366,0.416606891587712,0.152040136065448,FALSE
"Pre-growing season",163,"Storm",114,TRUE,TRUE,471.210712560213,,1.47918429963673,0.0704049429565975,0.430822790501627,1.60502582484492,FALSE
"Pre-growing season",163,"Agricultural",114,TRUE,TRUE,476.546039853933,,1.46167606718195,0.0761438103137942,0.456588055348166,1.73985042822641,FALSE
"Pre-growing season",163,"Site",114,TRUE,TRUE,458.454299748782,,1.52601487657928,0.393265985480934,0.46022608611077,0.310454908656034,FALSE
"Pre-growing season",163,"Full",114,TRUE,TRUE,460.964578920668,,1.53332102386147,0.4110338929986,0.456667231073318,0.208826739436854,FALSE
"Pre-growing season",164,"Storm",114,TRUE,TRUE,443.637996804265,,1.43854032238391,0.215051700057959,0.341177400409636,0.435525703623514,FALSE
"Pre-growing season",164,"Agricultural",114,TRUE,TRUE,445.84470593596,,1.39355538873188,0.232776999359452,0.378836422508199,0.507401264824869,FALSE
"Pre-growing season",164,"Site",114,TRUE,TRUE,438.148700754783,,1.49089644213315,0.367896552434294,0.378433875703236,0.0382636781371264,FALSE
"Pre-growing season",164,"Full",114,TRUE,TRUE,438.024986682192,,1.42967643833883,0.400219123379959,0.420964999085932,0.0754171196054787,FALSE
"Pre-growing season",165,"Storm",114,TRUE,TRUE,449.770099936129,,1.36440993691339,0.0662819704483655,0.381008668017125,1.09472348507156,FALSE
"Pre-growing season",165,"Agricultural",114,TRUE,TRUE,447.085868505583,,1.34752301297536,0.179696798572066,0.407176128985179,0.793853413355379,FALSE
"Pre-growing season",165,"Site",114,TRUE,TRUE,432.540878517895,,1.47764748337004,0.37231285953281,,0,TRUE
"Pre-growing season",165,"Full",114,TRUE,TRUE,428.84720847766,,1.41614046413694,0.423741145975566,,0,TRUE
"Pre-growing season",166,"Storm",114,TRUE,TRUE,449.392226205548,,1.30311347036069,0.121864424699406,0.519293794125818,1.65691437169631,FALSE
"Pre-growing season",166,"Agricultural",114,TRUE,TRUE,446.329329659028,,1.32912872188175,0.243258274932318,0.473957267147559,0.887114205385864,FALSE
"Pre-growing season",166,"Site",114,TRUE,TRUE,444.842467106434,,1.33630545310134,0.372148238005418,0.53319963246804,0.696858046195849,FALSE
"Pre-growing season",166,"Full",114,TRUE,TRUE,438.42324043342,,1.47688527817952,0.506094335244776,,0,TRUE
"Pre-growing season",167,"Storm",114,TRUE,TRUE,469.532408113331,,1.31980687201853,0.0531213826374549,0.633890529930893,3.37221613613484,FALSE
"Pre-growing season",167,"Agricultural",114,TRUE,TRUE,471.843090217537,,1.30953513785607,0.0834282158358865,0.628619267566006,3.06364212336085,FALSE
"Pre-growing season",167,"Site",114,TRUE,TRUE,463.407391838156,,1.34655891347639,0.312591356806266,0.601880371092158,1.55538413358525,FALSE
"Pre-growing season",167,"Full",114,TRUE,TRUE,463.087973397184,,1.36957872342858,0.357403575566846,0.559498131115331,0.992222015272015,FALSE
"Pre-growing season",168,"Storm",114,TRUE,TRUE,460.98751471938,,1.42796365169823,0.094953131516835,0.408484210384834,1.25198252500561,FALSE
"Pre-growing season",168,"Agricultural",114,TRUE,TRUE,460.530981004177,,1.39953301518247,0.185450060986155,0.451619685266731,1.09626795681968,FALSE
"Pre-growing season",168,"Site",114,TRUE,TRUE,459.333907838426,,1.46175652855609,0.302213858316155,0.44024419434744,0.58625037167736,FALSE
"Pre-growing season",168,"Full",114,TRUE,TRUE,456.505348971146,,1.45624398557163,0.384965768069934,0.465061236521039,0.344515399161617,FALSE
"Pre-growing season",169,"Storm",114,TRUE,TRUE,466.940573541274,,1.46392454757045,0.0650304901032327,0.383096681979946,1.28356080231854,FALSE
"Pre-growing season",169,"Agricultural",114,TRUE,TRUE,467.099639392991,,1.42064624512454,0.120314654624143,0.428538358095413,1.26764613442577,FALSE
"Pre-growing season",169,"Site",114,TRUE,TRUE,461.397691009333,,1.49369680285015,0.262985590250438,0.388055024926109,0.503330249814268,FALSE
"Pre-growing season",169,"Full",114,TRUE,TRUE,451.556648441912,,1.48901591971481,0.359786217793905,0.397754960055086,0.146372172309402,FALSE
"Pre-growing season",170,"Storm",114,TRUE,TRUE,464.285444632208,,1.41036420823915,0.110751057667836,0.473862332901813,1.61267325750212,FALSE
"Pre-growing season",170,"Agricultural",114,TRUE,TRUE,460.924705997473,,1.33482966992709,0.16838027962684,0.536754822723472,1.67532410751576,FALSE
"Pre-growing season",170,"Site",114,TRUE,TRUE,468.964065772399,,1.41391832471985,0.19146993584864,0.487730850999867,1.34670093865091,FALSE
"Pre-growing season",170,"Full",114,TRUE,TRUE,464.987452992886,,1.33319863561637,0.256746868887872,0.556469420752737,1.40960767258199,FALSE
"Pre-growing season",171,"Storm",114,TRUE,TRUE,458.961481720114,,1.33635354532095,0.0512505732198092,0.519138013249443,2.06513296360871,FALSE
"Pre-growing season",171,"Agricultural",114,TRUE,TRUE,463.801464716794,,1.32100516827826,0.0547991730198787,0.536191433526429,2.15819605690028,FALSE
"Pre-growing season",171,"Site",114,TRUE,TRUE,453.735586385127,,1.38142197415279,0.364558404077357,0.534890579554032,0.793349739103041,FALSE
"Pre-growing season",171,"Full",114,TRUE,TRUE,457.699366131209,,1.37614335327152,0.38298258149285,0.541160211961555,0.738824591044824,FALSE
"Pre-growing season",172,"Storm",114,TRUE,TRUE,478.467713915343,,1.52880572365269,0.0761721492338629,0.412918300755607,1.56233073598953,FALSE
"Pre-growing season",172,"Agricultural",114,TRUE,TRUE,477.945961405162,,1.52683574191608,0.141528619524839,0.399746632482388,1.15043273114664,FALSE
"Pre-growing season",172,"Site",114,TRUE,TRUE,477.883655964199,,1.5696488438279,0.279588214771267,0.43784536187976,0.77729936160326,FALSE
"Pre-growing season",172,"Full",114,TRUE,TRUE,470.740687017169,,1.63152246723147,0.408776270652861,0.438272566742323,0.145414693764338,FALSE
"Pre-growing season",173,"Storm",114,TRUE,TRUE,467.110260321292,,1.5015364281228,0.0496749330036221,0.337466702712993,1.11804430084601,FALSE
"Pre-growing season",173,"Agricultural",114,TRUE,TRUE,462.68604602021,,1.44819852283217,0.136359795560421,0.378190615703041,0.925907244759526,FALSE
"Pre-growing season",173,"Site",114,TRUE,TRUE,455.334390152701,,1.57439565459762,0.337701791913238,0.366235620881628,0.115505818616008,FALSE
"Pre-growing season",173,"Full",114,TRUE,TRUE,441.497710525473,,1.49693524246141,0.442729898250809,,0,TRUE
"Pre-growing season",174,"Storm",114,TRUE,TRUE,457.229837695955,,1.41558400852126,0.0257513148111004,0.364010954375352,1.22793367166572,FALSE
"Pre-growing season",174,"Agricultural",114,TRUE,TRUE,457.829569298261,,1.36571968101304,0.0721685715813803,0.422214613452944,1.31076741135727,FALSE
"Pre-growing season",174,"Site",114,TRUE,TRUE,451.294344575948,,1.47151550769253,0.279738440555117,0.370177880550294,0.335208898889476,FALSE
"Pre-growing season",174,"Full",114,TRUE,TRUE,447.514058870913,,1.53696138256047,0.355508596583337,,0,TRUE
"Pre-growing season",175,"Storm",114,TRUE,TRUE,467.825017025461,,1.53204081042443,0.0842943932139137,0.309769334671561,0.868228220803728,FALSE
"Pre-growing season",175,"Agricultural",114,TRUE,TRUE,464.981097474541,,1.37982658316864,0.144143355480307,0.486587008513648,1.49163779556941,FALSE
"Pre-growing season",175,"Site",114,TRUE,TRUE,464.028206143602,,1.56893686677915,0.25158309316344,0.328001205024194,0.300279730361587,FALSE
"Pre-growing season",175,"Full",114,TRUE,TRUE,460.669834310478,,1.43560932536781,0.308066492803477,0.438400901779075,0.531755158922683,FALSE
"Pre-growing season",176,"Storm",114,TRUE,TRUE,464.681068638409,,1.47561084525649,0.0515349299846294,0.35113105006138,1.1530684601438,FALSE
"Pre-growing season",176,"Agricultural",114,TRUE,TRUE,467.20377339772,,1.42000375928884,0.0736331738049707,0.417901522633446,1.38592348392521,FALSE
"Pre-growing season",176,"Site",114,TRUE,TRUE,457.845772643496,,1.56060465155314,0.258320525322403,0.311163421305651,0.19671774649495,FALSE
"Pre-growing season",176,"Full",114,TRUE,TRUE,458.750876913266,,1.51438703920473,0.29120266424699,0.350276614378698,0.220954454297373,FALSE
"Pre-growing season",177,"Storm",114,TRUE,TRUE,440.297332508274,,1.27130528457471,0.109424288178974,0.476444103789507,1.32912808099943,FALSE
"Pre-growing season",177,"Agricultural",114,TRUE,TRUE,439.48550196634,,1.21420028295263,0.172301843732001,0.5462989270728,1.43671749801577,FALSE
"Pre-growing season",177,"Site",114,TRUE,TRUE,437.715330376566,,1.29392967341732,0.313876856408455,0.491259766709602,0.660844908040187,FALSE
"Pre-growing season",177,"Full",114,TRUE,TRUE,431.959322851737,,1.26995531596569,0.406578778027005,0.517812475765201,0.412212268601133,FALSE
"Pre-growing season",178,"Storm",114,TRUE,TRUE,450.991166991732,,1.24208835451539,0.0206408365407799,0.559849522091538,2.29754890949217,FALSE
"Pre-growing season",178,"Agricultural",114,TRUE,TRUE,450.82385551734,,1.21718575242704,0.07929634969321,0.572071400604614,2.06837719183407,FALSE
"Pre-growing season",178,"Site",114,TRUE,TRUE,443.957874292169,,1.27303985549014,0.290877046855062,0.532357633274864,0.974895228570263,FALSE
"Pre-growing season",178,"Full",114,TRUE,TRUE,441.419157057629,,1.25736508436107,0.352794372091073,0.536711592095494,0.720590077944859,FALSE
"Pre-growing season",179,"Storm",114,TRUE,TRUE,447.330298587839,,1.28407603615584,0.111482248912235,0.549438393630045,1.88707439724741,FALSE
"Pre-growing season",179,"Agricultural",114,TRUE,TRUE,446.613094545887,,1.28250714488484,0.178870905501945,0.521440577002588,1.36992319764449,FALSE
"Pre-growing season",179,"Site",114,TRUE,TRUE,441.788650189382,,1.34794373225218,0.37111518168847,0.507671186701524,0.561251546933542,FALSE
"Pre-growing season",179,"Full",114,TRUE,TRUE,437.950706467779,,1.37085397678699,0.440712089972741,0.495439374342385,0.217417966581581,FALSE
"Pre-growing season",180,"Storm",114,TRUE,TRUE,449.432858030296,,1.41055553899211,0.107820725377481,0.333019702646818,0.761792067323076,FALSE
"Pre-growing season",180,"Agricultural",114,TRUE,TRUE,449.966095808263,,1.39697537056902,0.16526512714743,0.350496752398904,0.625243261777714,FALSE
"Pre-growing season",180,"Site",114,TRUE,TRUE,443.116891464754,,1.46724167148699,0.322816974027571,0.366949703353232,0.1576990631613,FALSE
"Pre-growing season",180,"Full",114,TRUE,TRUE,440.104456399977,,1.48781571691894,0.384845094431862,,0,TRUE
"Pre-growing season",181,"Storm",114,TRUE,TRUE,440.113168851502,,1.25836847196617,0.0996071175826929,0.478102206551413,1.35701131413062,FALSE
"Pre-growing season",181,"Agricultural",114,TRUE,TRUE,441.922350099936,,1.24667313721875,0.12674121051921,0.474890563138364,1.21220204324195,FALSE
"Pre-growing season",181,"Site",114,TRUE,TRUE,443.620016610628,,1.2663406797028,0.215754959076196,0.496736399963865,1.04400241861233,FALSE
"Pre-growing season",181,"Full",114,TRUE,TRUE,443.152815573612,,1.26855322031332,0.267898887496755,0.479231909231659,0.748549839602756,FALSE
"Pre-growing season",182,"Storm",114,TRUE,TRUE,452.33832856731,,1.45683614891078,0.0833391580343565,0.281514125756022,0.654403377811028,FALSE
"Pre-growing season",182,"Agricultural",114,TRUE,TRUE,443.859014216394,,1.41607640169136,0.228283775594892,0.34021255080574,0.371112318153368,FALSE
"Pre-growing season",182,"Site",114,TRUE,TRUE,451.973174430505,,1.48111005360742,0.220263536974347,0.307922869451515,0.29899973263115,FALSE
"Pre-growing season",182,"Full",114,TRUE,TRUE,443.682349454582,,1.43269808084884,0.324310223137102,0.368587962598318,0.151223789630705,FALSE
"Pre-growing season",183,"Storm",114,TRUE,TRUE,457.797277378571,,1.45907131515543,0.0906512488208948,0.329185122373403,0.859152580007487,FALSE
"Pre-growing season",183,"Agricultural",114,TRUE,TRUE,461.74337806689,,1.45528523148453,0.105261801289423,0.327162214856075,0.789543550468133,FALSE
"Pre-growing season",183,"Site",114,TRUE,TRUE,457.96618234052,,1.47474414356308,0.218445202833343,0.349368120410266,0.481999148626099,FALSE
"Pre-growing season",183,"Full",114,TRUE,TRUE,461.500547708053,,1.47014562640579,0.238058361601594,0.354472524667802,0.426896807213384,FALSE
"Pre-growing season",184,"Storm",114,TRUE,TRUE,445.256551533498,,1.27101626156557,0.148779204207367,0.544991774122808,1.66880167620978,FALSE
"Pre-growing season",184,"Agricultural",114,TRUE,TRUE,441.922229758608,,1.26453895570581,0.236122825463907,0.524655361543901,1.13129827302689,FALSE
"Pre-growing season",184,"Site",114,TRUE,TRUE,447.335137928633,,1.28099406753325,0.252420897851152,0.5385175437058,1.18698031857838,FALSE
"Pre-growing season",184,"Full",114,TRUE,TRUE,440.1249317145,,1.35706428405005,0.383980429936813,0.463630201039602,0.296368847708696,FALSE
"Pre-growing season",185,"Storm",114,TRUE,TRUE,464.09470280956,,1.40016342430589,0.0580518082974204,0.452075482992445,1.66338544640285,FALSE
"Pre-growing season",185,"Agricultural",114,TRUE,TRUE,459.979301410345,,1.32626573533421,0.126088587460069,0.51250182521183,1.65274362137589,FALSE
"Pre-growing season",185,"Site",114,TRUE,TRUE,457.740782880218,,1.41756320445032,0.321791885891575,0.486756293520499,0.730577339275469,FALSE
"Pre-growing season",185,"Full",114,TRUE,TRUE,447.312859672196,,1.35200822900447,0.432022911020129,0.540922917942673,0.482489164890629,FALSE
"Pre-growing season",186,"Storm",114,TRUE,TRUE,446.661918099661,,1.26005026168617,0.123163581993843,0.554373070114177,1.83287978445644,FALSE
"Pre-growing season",186,"Agricultural",114,TRUE,TRUE,445.96060142812,,1.28814740762053,0.232720801472,0.512536907807307,1.11001673097922,FALSE
"Pre-growing season",186,"Site",114,TRUE,TRUE,443.830992564564,,1.29268325393208,0.309803153768195,0.525764231265772,0.876639334704197,FALSE
"Pre-growing season",186,"Full",114,TRUE,TRUE,443.721922054387,,1.3217897214228,0.37501532267735,0.502747757668948,0.501700567517718,FALSE
"Pre-growing season",187,"Storm",114,TRUE,TRUE,456.843754679319,,1.40448082618833,0.0794846517553255,0.426306959080723,1.37416234343431,FALSE
"Pre-growing season",187,"Agricultural",114,TRUE,TRUE,460.793161179424,,1.38146597026535,0.0965281732140709,0.454853186702369,1.45110174887128,FALSE
"Pre-growing season",187,"Site",114,TRUE,TRUE,455.438128773956,,1.41668413020433,0.262883392160581,0.447282927267223,0.74981806451602,FALSE
"Pre-growing season",187,"Full",114,TRUE,TRUE,458.818625962455,,1.39140535631883,0.283437911088853,0.474033505874766,0.788802839330748,FALSE
"Pre-growing season",188,"Storm",114,TRUE,TRUE,458.968343049518,,1.45264952855173,0.095083791004191,0.3430358700176,0.910664893136339,FALSE
"Pre-growing season",188,"Agricultural",114,TRUE,TRUE,458.618602114773,,1.46138130981461,0.145906386058008,0.318980814991345,0.607161821663451,FALSE
"Pre-growing season",188,"Site",114,TRUE,TRUE,458.157580027464,,1.49661501723462,0.210719413344223,0.319138047411534,0.389157450009331,FALSE
"Pre-growing season",188,"Full",114,TRUE,TRUE,452.260472121495,,1.52903931134804,0.308593971535412,0.328301932261641,0.0703389571597736,FALSE
"Pre-growing season",189,"Storm",114,TRUE,TRUE,447.088127432912,,1.36290842725534,0.0683118002664868,0.360581331533085,0.975814958642802,FALSE
"Pre-growing season",189,"Agricultural",114,TRUE,TRUE,450.315914647136,,1.33583611306719,0.115588542822228,0.409695038609908,1.02636400192665,FALSE
"Pre-growing season",189,"Site",114,TRUE,TRUE,440.89570115585,,1.38078774675299,0.327899401953082,0.429897270706283,0.373195753162852,FALSE
"Pre-growing season",189,"Full",114,TRUE,TRUE,440.74969912511,,1.3376636224585,0.37303928290626,0.473898208755782,0.3766185237067,FALSE
"Pre-growing season",190,"Storm",114,TRUE,TRUE,489.342294780129,,1.69745975242602,0.108299992462993,0.316709885188047,0.989503278433998,FALSE
"Pre-growing season",190,"Agricultural",114,TRUE,TRUE,485.570043911956,,1.64302606107902,0.205916207004914,0.374171699183004,0.811618263958743,FALSE
"Pre-growing season",190,"Site",114,TRUE,TRUE,489.038524477728,,1.71960919660524,0.253423566265452,0.354488270187053,0.503445707936757,FALSE
"Pre-growing season",190,"Full",114,TRUE,TRUE,478.251949723319,,1.75878397998656,0.379557938740164,,2.96869918258955e-15,TRUE
"Pre-growing season",191,"Storm",114,TRUE,TRUE,467.389314117546,,1.63261155160169,0.174190310152373,0.274438996648776,0.398013718854841,FALSE
"Pre-growing season",191,"Agricultural",114,TRUE,TRUE,466.5975632364,,1.55460593255926,0.228060674382354,0.348810025818343,0.491372524227576,FALSE
"Pre-growing season",191,"Site",114,TRUE,TRUE,466.985149381858,,1.69677359716,0.278963607306137,0.288684106097033,0.0398402672108263,FALSE
"Pre-growing season",191,"Full",114,TRUE,TRUE,463.118411946853,,1.64583439085887,0.341802531318734,,0,TRUE
"Pre-growing season",192,"Storm",114,TRUE,TRUE,476.389870498647,,1.5276737444919,0.0644919026974288,0.385859463911045,1.41814531430828,FALSE
"Pre-growing season",192,"Agricultural",114,TRUE,TRUE,475.91912763259,,1.4336109188524,0.112086841455227,0.489415091389984,1.79850071829893,FALSE
"Pre-growing season",192,"Site",114,TRUE,TRUE,471.998125598586,,1.57128229598412,0.270647900509581,0.391853233079606,0.541224526391823,FALSE
"Pre-growing season",192,"Full",114,TRUE,TRUE,466.4395100666,,1.47438668277155,0.33814891065206,0.465076943177737,0.572660860287896,FALSE
"Pre-growing season",193,"Storm",114,TRUE,TRUE,462.17393626345,,1.33638284895105,0.0289676882109609,0.573354049172742,2.71173805715757,FALSE
"Pre-growing season",193,"Agricultural",114,TRUE,TRUE,464.545762613522,,1.29163589309199,0.0508278715629074,0.625523844280709,3.06608350163411,FALSE
"Pre-growing season",193,"Site",114,TRUE,TRUE,456.980488624973,,1.38934170847534,0.284670143278971,0.505319135214932,0.97973500639634,FALSE
"Pre-growing season",193,"Full",114,TRUE,TRUE,459.679803960663,,1.33205195353113,0.302469210104819,0.56742044396306,1.25506974241549,FALSE
"Pre-growing season",194,"Storm",114,TRUE,TRUE,495.961203040507,,1.64632915010116,0.0452226706659377,0.379357543632169,1.70681294844345,FALSE
"Pre-growing season",194,"Agricultural",114,TRUE,TRUE,496.200043598862,,1.60782250731908,0.10316729628705,0.413754836595632,1.60056019612995,FALSE
"Pre-growing season",194,"Site",114,TRUE,TRUE,491.580434854331,,1.67459216841381,0.267851731564628,0.412588629038151,0.773318171288901,FALSE
"Pre-growing season",194,"Full",114,TRUE,TRUE,490.788189196334,,1.64512502182356,0.32202242958278,0.440475681517561,0.635830071930304,FALSE
"Pre-growing season",195,"Storm",114,TRUE,TRUE,447.067387177827,,1.30409391243163,0.0839843887568787,0.468973248528284,1.45081146627259,FALSE
"Pre-growing season",195,"Agricultural",114,TRUE,TRUE,451.095258101299,,1.30520236099934,0.0980623433847864,0.456220410415032,1.31398993590364,FALSE
"Pre-growing season",195,"Site",114,TRUE,TRUE,440.8769243566,,1.34580223887087,0.306413255266755,0.447179635846453,0.513665096677433,FALSE
"Pre-growing season",195,"Full",114,TRUE,TRUE,442.176348010712,,1.37338669151945,0.342653608663918,0.423948563585869,0.287832882082288,FALSE
"Pre-growing season",196,"Storm",114,TRUE,TRUE,467.117409642673,,1.38095654579198,0.047186419898126,0.539149292686439,2.41375544847883,FALSE
"Pre-growing season",196,"Agricultural",114,TRUE,TRUE,466.21433868423,,1.31487544388923,0.0836257904689472,0.60053871594113,2.67076930420738,FALSE
"Pre-growing season",196,"Site",114,TRUE,TRUE,470.705514161557,,1.37532781365361,0.212305986337363,0.587743244667949,2.03008193844724,FALSE
"Pre-growing season",196,"Full",114,TRUE,TRUE,469.772031650613,,1.32768072461472,0.259668239898132,0.621906304243356,1.9942071326661,FALSE
"Pre-growing season",197,"Storm",114,TRUE,TRUE,473.401009134256,,1.41624795421421,0.0859606068153468,0.538762522554558,2.34862694242144,FALSE
"Pre-growing season",197,"Agricultural",114,TRUE,TRUE,475.965392394659,,1.42177764609066,0.1065342844852,0.507045351727428,1.94337884630944,FALSE
"Pre-growing season",197,"Site",114,TRUE,TRUE,469.352394077628,,1.42017239700954,0.276600938584681,0.535319205522395,1.30567026691405,FALSE
"Pre-growing season",197,"Full",114,TRUE,TRUE,467.674197963305,,1.46874112610291,0.33147013813748,0.468282328415542,0.620199754689878,FALSE
"Pre-growing season",198,"Storm",114,TRUE,TRUE,452.888933321267,,1.3592143304008,0.0990248620967084,0.455234012093033,1.40288009757388,FALSE
"Pre-growing season",198,"Agricultural",114,TRUE,TRUE,454.124020732961,,1.35420274298116,0.157666158350085,0.452591678611635,1.13804861791387,FALSE
"Pre-growing season",198,"Site",114,TRUE,TRUE,452.894370368847,,1.37807607262587,0.252301742792474,0.454760281005926,0.798611754992975,FALSE
"Pre-growing season",198,"Full",114,TRUE,TRUE,450.441424299111,,1.41332132873556,0.340441555610095,0.430795979591943,0.344750890921729,FALSE
"Pre-growing season",199,"Storm",114,TRUE,TRUE,459.760285726253,,1.31119331594082,0.0561323087190705,0.568809593342723,2.45810138695936,FALSE
"Pre-growing season",199,"Agricultural",114,TRUE,TRUE,462.879659869862,,1.3009808175903,0.0833225308093559,0.570764534349126,2.30686160850887,FALSE
"Pre-growing season",199,"Site",114,TRUE,TRUE,459.231212883629,,1.32957033011109,0.248851188228508,0.563197083380011,1.49537687848841,FALSE
"Pre-growing season",199,"Full",114,TRUE,TRUE,460.178725037497,,1.36370671748833,0.305094044845461,0.515942926601326,0.928211166749653,FALSE
"Pre-growing season",200,"Storm",114,TRUE,TRUE,452.989786351131,,1.33867172612589,0.0797325763571482,0.464328077849752,1.51437110514565,FALSE
"Pre-growing season",200,"Agricultural",114,TRUE,TRUE,454.320201337027,,1.29926518163761,0.114844593273352,0.505029906213423,1.57342905663058,FALSE
"Pre-growing season",200,"Site",114,TRUE,TRUE,449.17012414981,,1.37122979438994,0.312449005753295,0.47738657438952,0.668909650562373,FALSE
"Pre-growing season",200,"Full",114,TRUE,TRUE,446.380006854802,,1.33299029631809,0.382294724088255,0.51679904922015,0.553784355251468,FALSE
"Growing season",1,"Storm",114,TRUE,TRUE,487.685702165487,,1.6322584748892,0.153308496018891,0.407153180407126,1.31019832628139,FALSE
"Growing season",1,"Agricultural",114,TRUE,TRUE,488.167654670176,,1.61786639032408,0.198165912698323,0.426499418458839,1.19227496929629,FALSE
"Growing season",1,"Site",114,TRUE,TRUE,483.400504718497,,1.65869936165228,0.292954057782562,0.401081324113074,0.544913285356964,FALSE
"Growing season",1,"Full",114,TRUE,TRUE,485.207036639716,,1.64119161201223,0.312075039070152,0.418546258580141,0.541470517930317,FALSE
"Growing season",2,"Storm",114,TRUE,TRUE,428.023289606712,,1.18847498639762,0.319236192928346,0.63099666548405,1.40417874917599,FALSE
"Growing season",2,"Agricultural",114,TRUE,TRUE,430.167781324826,,1.17477866342112,0.328849523871021,0.642233960375689,1.42454493630815,FALSE
"Growing season",2,"Site",114,TRUE,TRUE,429.760085469625,,1.18176607957976,0.366503993821982,0.620714292773845,1.09063976206047,FALSE
"Growing season",2,"Full",114,TRUE,TRUE,432.568150953146,,1.17495387951842,0.371421250432616,0.624558455650208,1.08482702992739,FALSE
"Growing season",3,"Storm",114,TRUE,TRUE,468.339053697277,,1.57473857925058,0.227726989153477,0.382550830927139,0.691977552459756,FALSE
"Growing season",3,"Agricultural",114,TRUE,TRUE,469.547647935527,,1.5087081529261,0.255371845783645,0.453912119171116,0.939718405572083,FALSE
"Growing season",3,"Site",114,TRUE,TRUE,467.308506689472,,1.65742030862198,0.315426097992992,0.345607502831274,0.131279079861376,FALSE
"Growing season",3,"Full",114,TRUE,TRUE,468.671395538861,,1.54616705522051,0.324474341010224,0.416507991931324,0.409761778532727,FALSE
"Growing season",4,"Storm",114,TRUE,TRUE,463.207163056111,,1.5397015321865,0.278117107560221,0.417254164631023,0.630682636020293,FALSE
"Growing season",4,"Agricultural",114,TRUE,TRUE,465.730769484407,,1.50861065362555,0.296466417048926,0.45177823768708,0.725334080345283,FALSE
"Growing season",4,"Site",114,TRUE,TRUE,463.112303382631,,1.61918638887753,0.343672749770836,0.376356720664354,0.143028828768518,FALSE
"Growing season",4,"Full",114,TRUE,TRUE,465.807482805401,,1.57294510132308,0.353015589554026,0.406737667704969,0.237933412195553,FALSE
"Growing season",5,"Storm",114,TRUE,TRUE,466.936897041731,,1.49193097432297,0.115373452532908,0.366346968359224,1.01458099418636,FALSE
"Growing season",5,"Agricultural",114,TRUE,TRUE,469.076437029881,,1.45139414309608,0.131080048236679,0.414640595574549,1.18782405783668,FALSE
"Growing season",5,"Site",114,TRUE,TRUE,462.224367201,,1.51621153331242,0.283220426197039,0.385390610697486,0.41876260592762,FALSE
"Growing season",5,"Full",114,TRUE,TRUE,464.712462388433,,1.48393757700049,0.291200598552225,0.411091405915305,0.496694246149432,FALSE
"Growing season",6,"Storm",114,TRUE,TRUE,485.83106612359,,1.5944161743265,0.173223092981098,0.444356939556888,1.44010878285371,FALSE
"Growing season",6,"Agricultural",114,TRUE,TRUE,489.488952133526,,1.59243723581556,0.171099771229014,0.442443684164164,1.43250359832147,FALSE
"Growing season",6,"Site",114,TRUE,TRUE,485.249937579828,,1.62485908296271,0.301903646032056,0.445923350045822,0.768870723258087,FALSE
"Growing season",6,"Full",114,TRUE,TRUE,489.056005232564,,1.62963307163855,0.301877159034581,0.440639306711644,0.736200874957368,FALSE
"Growing season",7,"Storm",114,TRUE,TRUE,416.844137451037,,1.14809602527585,0.273824631740301,0.565274584874974,1.0368781967576,FALSE
"Growing season",7,"Agricultural",114,TRUE,TRUE,418.37418529319,,1.12024440335786,0.28478719858242,0.596122888114441,1.14241715429793,FALSE
"Growing season",7,"Site",114,TRUE,TRUE,421.454829559353,,1.14645412330013,0.312837731380305,0.565987589463974,0.893520066722375,FALSE
"Growing season",7,"Full",114,TRUE,TRUE,422.549810882531,,1.11336149699059,0.337443529259882,0.608453236660824,1.00819815152513,FALSE
"Growing season",8,"Storm",114,TRUE,TRUE,472.133545044567,,1.49723491664639,0.154202911467904,0.460252296592201,1.46894104999814,FALSE
"Growing season",8,"Agricultural",114,TRUE,TRUE,474.251561959665,,1.49373871475015,0.178498373508954,0.463349885991551,1.36453794638827,FALSE
"Growing season",8,"Site",114,TRUE,TRUE,466.887747047535,,1.5172702925997,0.319322534340821,0.450373923212524,0.608380393846901,FALSE
"Growing season",8,"Full",114,TRUE,TRUE,467.371035199515,,1.61022518259602,0.333489682118004,0.373164106366342,0.171798025904277,FALSE
"Growing season",9,"Storm",114,TRUE,TRUE,409.411152773139,,1.10935367776282,0.366083615968155,0.659793553836416,1.23380439981224,FALSE
"Growing season",9,"Agricultural",114,TRUE,TRUE,412.207480420518,,1.09675814431278,0.366911621267465,0.671366592967644,1.29720885981195,FALSE
"Growing season",9,"Site",114,TRUE,TRUE,408.732214238406,,1.14351539502042,0.501001168337755,0.637251630247464,0.552053772444988,FALSE
"Growing season",9,"Full",114,TRUE,TRUE,411.947873493509,,1.1405405201723,0.50175532894679,0.636722218387435,0.542964725320506,FALSE
"Growing season",10,"Storm",114,TRUE,TRUE,436.748623835943,,1.25213322677204,0.257553707138486,0.554284616490125,1.22693973515883,FALSE
"Growing season",10,"Agricultural",114,TRUE,TRUE,436.309193477855,,1.20887311043111,0.300612068055861,0.606605949506278,1.34642191942334,FALSE
"Growing season",10,"Site",114,TRUE,TRUE,441.375163435691,,1.26207062479314,0.325420943283222,0.55848556069768,0.976636034398521,FALSE
"Growing season",10,"Full",114,TRUE,TRUE,441.924663619236,,1.21741295866234,0.346039520929196,0.604559930401541,1.13791711161421,FALSE
"Growing season",11,"Storm",114,TRUE,TRUE,443.161745772379,,1.24589006364694,0.268529751585967,0.615525900200616,1.67212583867768,FALSE
"Growing season",11,"Agricultural",114,TRUE,TRUE,444.58584872011,,1.22600763034118,0.278652959600424,0.629160540122143,1.69918249761692,FALSE
"Growing season",11,"Site",114,TRUE,TRUE,442.913225805758,,1.23956646899186,0.360318132769542,0.615720947304677,1.20150583918802,FALSE
"Growing season",11,"Full",114,TRUE,TRUE,445.086727588634,,1.22425237465588,0.368939529378774,0.627627412155872,1.22768094034253,FALSE
"Growing season",12,"Storm",114,TRUE,TRUE,461.179843092969,,1.399682475933,0.156424333089563,0.477025193987764,1.41092177475393,FALSE
"Growing season",12,"Agricultural",114,TRUE,TRUE,462.014981412532,,1.34470170977216,0.202122205698761,0.554237633689466,1.70035636593123,FALSE
"Growing season",12,"Site",114,TRUE,TRUE,462.586709005469,,1.42195598305189,0.27456350464214,0.476550894055089,0.893455162625533,FALSE
"Growing season",12,"Full",114,TRUE,TRUE,462.477821233963,,1.34793736635718,0.316158854310298,0.561343353263897,1.18713551521927,FALSE
"Growing season",13,"Storm",114,TRUE,TRUE,451.643942389691,,1.32315099567638,0.266987446942663,0.58614295992212,1.59166874335737,FALSE
"Growing season",13,"Agricultural",114,TRUE,TRUE,450.735692366706,,1.28742808817253,0.297434976994322,0.61355347171594,1.60268169676314,FALSE
"Growing season",13,"Site",114,TRUE,TRUE,453.710224162862,,1.33516403157326,0.342825266203541,0.572091607473694,1.10642902469255,FALSE
"Growing season",13,"Full",114,TRUE,TRUE,452.948064486053,,1.29697724563053,0.36677400891549,0.600252957120605,1.14303722746809,FALSE
"Growing season",14,"Storm",114,TRUE,TRUE,456.840977799368,,1.28952018187304,0.162703596109355,0.600745757422546,2.20922129523218,FALSE
"Growing season",14,"Agricultural",114,TRUE,TRUE,454.142148910881,,1.27120492095072,0.219780112793616,0.600999708702545,1.85762853558395,FALSE
"Growing season",14,"Site",114,TRUE,TRUE,461.625803907569,,1.29476998354152,0.218596693102037,0.594817185910671,1.87028691567189,FALSE
"Growing season",14,"Full",114,TRUE,TRUE,458.491764355309,,1.27463881460406,0.272622827059976,0.596442393196798,1.55517889967942,FALSE
"Growing season",15,"Storm",114,TRUE,TRUE,472.595775105704,,1.48278880978288,0.151972711521714,0.461196439198826,1.47630752107701,FALSE
"Growing season",15,"Agricultural",114,TRUE,TRUE,474.881698774843,,1.45437228760086,0.16313261945418,0.49138407858707,1.60723118274928,FALSE
"Growing season",15,"Site",114,TRUE,TRUE,471.873326452731,,1.530669986562,0.301628067659076,0.448606076502334,0.700042950619707,FALSE
"Growing season",15,"Full",114,TRUE,TRUE,474.54199027921,,1.50196907728042,0.303425504477843,0.468896823605994,0.794757675944109,FALSE
"Growing season",16,"Storm",114,TRUE,TRUE,481.374475643805,,1.65352166242732,0.205375751444052,0.368887665195242,0.794053143705225,FALSE
"Growing season",16,"Agricultural",114,TRUE,TRUE,485.246787066044,,1.66717199890338,0.203715293696468,0.353775448599711,0.719126959171604,FALSE
"Growing season",16,"Site",114,TRUE,TRUE,481.86690704569,,1.61997354798349,0.267876479741413,0.400687961567093,0.646322173103443,FALSE
"Growing season",16,"Full",114,TRUE,TRUE,485.796435908226,,1.62251565755858,0.266639209885245,0.39704379373991,0.631914498696321,FALSE
"Growing season",17,"Storm",114,TRUE,TRUE,462.345603415445,,1.42913414725312,0.240988643820441,0.499915697148829,1.23308818445134,FALSE
"Growing season",17,"Agricultural",114,TRUE,TRUE,461.234782806146,,1.36517553341308,0.286589386165376,0.568098163958949,1.43454649049554,FALSE
"Growing season",17,"Site",114,TRUE,TRUE,468.106056765011,,1.42778930285787,0.273220774838837,0.506630027099342,1.11884013831917,FALSE
"Growing season",17,"Full",114,TRUE,TRUE,467.933303015639,,1.36066500770614,0.308225460316526,0.577371417673804,1.39064867305866,FALSE
"Growing season",18,"Storm",114,TRUE,TRUE,475.001921408289,,1.39380281054464,0.104898779064385,0.567468591193775,2.52160903864061,FALSE
"Growing season",18,"Agricultural",114,TRUE,TRUE,478.595180121809,,1.40015741526721,0.11131017604628,0.557816238085051,2.39638696805665,FALSE
"Growing season",18,"Site",114,TRUE,TRUE,474.171972457841,,1.41066437478067,0.237747794613829,0.543138855781471,1.57753795567317,FALSE
"Growing season",18,"Full",114,TRUE,TRUE,477.509750728063,,1.41892391486605,0.240218180230593,0.529460615092802,1.46113328687395,FALSE
"Growing season",19,"Storm",114,TRUE,TRUE,447.162996486206,,1.28769756043209,0.116061097599133,0.520719205752524,1.6545391682743,FALSE
"Growing season",19,"Agricultural",114,TRUE,TRUE,447.730399881635,,1.24719010788578,0.149608690026323,0.574809644642652,1.85172250545828,FALSE
"Growing season",19,"Site",114,TRUE,TRUE,447.580636735523,,1.29414653018283,0.265658274992481,0.531618022912113,1.10325932522122,FALSE
"Growing season",19,"Full",114,TRUE,TRUE,447.912889185798,,1.25014341696296,0.305708698057721,0.589151797074884,1.26258457160591,FALSE
"Growing season",20,"Storm",114,TRUE,TRUE,464.016157718904,,1.3304163909836,0.114707205193167,0.598275608558417,2.57180005811823,FALSE
"Growing season",20,"Agricultural",114,TRUE,TRUE,466.220883430094,,1.33496786905203,0.133691775283422,0.58395963492506,2.31761892207277,FALSE
"Growing season",20,"Site",114,TRUE,TRUE,464.834115925207,,1.3330953825315,0.254757378578438,0.602560247255488,1.85081394912807,FALSE
"Growing season",20,"Full",114,TRUE,TRUE,467.477856291503,,1.33998501460817,0.269130001585865,0.590659000068195,1.669793007998,FALSE
"Growing season",21,"Storm",114,TRUE,TRUE,457.988166286523,,1.4354552457014,0.178325772344591,0.41779168099133,0.97366217569344,FALSE
"Growing season",21,"Agricultural",114,TRUE,TRUE,461.354419964082,,1.44421454036556,0.192011985450601,0.411697184057799,0.889951647348956,FALSE
"Growing season",21,"Site",114,TRUE,TRUE,456.686393328837,,1.46911099307832,0.323272914635614,0.431426639761837,0.451934990117249,FALSE
"Growing season",21,"Full",114,TRUE,TRUE,459.880381272113,,1.49726996368346,0.329819869645195,0.410112832134324,0.33023441218412,FALSE
"Growing season",22,"Storm",114,TRUE,TRUE,453.050529260587,,1.33260739342074,0.235999311469891,0.556344184583759,1.51603827555092,FALSE
"Growing season",22,"Agricultural",114,TRUE,TRUE,455.374490946843,,1.31580611069105,0.249403312762502,0.573583048063526,1.56037361136243,FALSE
"Growing season",22,"Site",114,TRUE,TRUE,458.839263253282,,1.34831565140192,0.273931057606306,0.541765448126587,1.24226023750946,FALSE
"Growing season",22,"Full",114,TRUE,TRUE,460.489392092888,,1.32594327753244,0.297543375760503,0.567260060368995,1.2855403215638,FALSE
"Growing season",23,"Storm",114,TRUE,TRUE,495.538056195786,,1.8128997828407,0.159739127289626,0.293022665140804,0.678505038780193,FALSE
"Growing season",23,"Agricultural",114,TRUE,TRUE,493.792047738102,,1.75461387592647,0.211626340541165,0.34855740811189,0.712366285060908,FALSE
"Growing season",23,"Site",114,TRUE,TRUE,495.544877411404,,1.94796378334708,0.28226439009588,,0,TRUE
"Growing season",23,"Full",114,TRUE,TRUE,495.030266025723,,1.90977166197225,0.310302686825513,,5.19718310172711e-15,TRUE
"Growing season",24,"Storm",114,TRUE,TRUE,456.637303703985,,1.33516907739611,0.102163372547425,0.511051402945544,1.77335843658193,FALSE
"Growing season",24,"Agricultural",114,TRUE,TRUE,459.701785709057,,1.33020452564128,0.117278111413697,0.518491357664034,1.75352764130826,FALSE
"Growing season",24,"Site",114,TRUE,TRUE,458.771536381866,,1.36720782041057,0.219925807256105,0.483820901953652,1.10788248474232,FALSE
"Growing season",24,"Full",114,TRUE,TRUE,461.71305533504,,1.36635401041779,0.235752851960534,0.487141341950469,1.05845463496138,FALSE
"Growing season",25,"Storm",114,TRUE,TRUE,477.259975529199,,1.58559828341343,0.265108145820477,0.458218592735099,1.01973777444019,FALSE
"Growing season",25,"Agricultural",114,TRUE,TRUE,478.022058178249,,1.52675644921209,0.298820949912664,0.520060298118202,1.24051466835805,FALSE
"Growing season",25,"Site",114,TRUE,TRUE,480.816916512961,,1.59224294948442,0.315460606271844,0.460963142456665,0.766718969714157,FALSE
"Growing season",25,"Full",114,TRUE,TRUE,480.090637267124,,1.53662572225254,0.357462312733468,0.514022855418893,0.860707031547729,FALSE
"Growing season",26,"Storm",114,TRUE,TRUE,449.781015035582,,1.41669850581292,0.251624111506176,0.438710314720146,0.756700354168163,FALSE
"Growing season",26,"Agricultural",114,TRUE,TRUE,444.271912735396,,1.26188041724936,0.348289116437119,0.624640712240054,1.38235578138185,FALSE
"Growing season",26,"Site",114,TRUE,TRUE,450.979392768566,,1.45086534353482,0.338063487613798,0.431404693600352,0.376609717389066,FALSE
"Growing season",26,"Full",114,TRUE,TRUE,446.069560005252,,1.29030253852888,0.407111715432433,0.58832191784119,0.841472732804162,FALSE
"Growing season",27,"Storm",114,TRUE,TRUE,439.061581357709,,1.27575455520765,0.325025631422246,0.59538136707977,1.26530997347581,FALSE
"Growing season",27,"Agricultural",114,TRUE,TRUE,441.53353212298,,1.27842849919497,0.338686445849253,0.58827740802547,1.14809053128888,FALSE
"Growing season",27,"Site",114,TRUE,TRUE,438.937063102451,,1.2926647345332,0.42164119429073,0.581585130572946,0.724825979574686,FALSE
"Growing season",27,"Full",114,TRUE,TRUE,441.216678280413,,1.32002543892335,0.432380765995217,0.552197567450064,0.519952110781639,FALSE
"Growing season",28,"Storm",114,TRUE,TRUE,464.210426983664,,1.44741963125106,0.151886706886156,0.428057257580018,1.17601779688683,FALSE
"Growing season",28,"Agricultural",114,TRUE,TRUE,458.862989182774,,1.37249420050471,0.241300171837675,0.50946327736283,1.20508463637936,FALSE
"Growing season",28,"Site",114,TRUE,TRUE,464.210441070918,,1.46630362917827,0.278290128550121,0.438570783823501,0.692992813840484,FALSE
"Growing season",28,"Full",114,TRUE,TRUE,461.219971721148,,1.38053786313416,0.331494950821053,0.521703365499653,0.871792304163847,FALSE
"Growing season",29,"Storm",114,TRUE,TRUE,440.646590454285,,1.2691097623529,0.240026491262955,0.570035303769811,1.44968225400942,FALSE
"Growing season",29,"Agricultural",114,TRUE,TRUE,437.342775263913,,1.19439106888111,0.285431147556484,0.647560897889081,1.74094396539233,FALSE
"Growing season",29,"Site",114,TRUE,TRUE,438.909110311015,,1.29660995873326,0.413214172791494,0.574303820936745,0.720763173618122,FALSE
"Growing season",29,"Full",114,TRUE,TRUE,436.855553864304,,1.21422422139397,0.431061042828456,0.641908998305908,1.00540710394645,FALSE
"Growing season",30,"Storm",114,TRUE,TRUE,478.90813606452,,1.45595906991416,0.161210362360894,0.567068810125312,2.36786775438463,FALSE
"Growing season",30,"Agricultural",114,TRUE,TRUE,481.66845165905,,1.45813830827729,0.184253277702085,0.564954345048045,2.21054538044366,FALSE
"Growing season",30,"Site",114,TRUE,TRUE,476.621726171386,,1.46042175946674,0.356802550794168,0.591479687296711,1.4280052900182,FALSE
"Growing season",30,"Full",114,TRUE,TRUE,480.064260400336,,1.45626406005474,0.36312678272805,0.596125516386521,1.42624204539469,FALSE
"Growing season",31,"Storm",114,TRUE,TRUE,436.744703633227,,1.39053086000889,0.292859652344373,0.416636825148121,0.45156127373105,FALSE
"Growing season",31,"Agricultural",114,TRUE,TRUE,436.585458077467,,1.32664779924899,0.302936451861088,0.46861186105322,0.615597467155112,FALSE
"Growing season",31,"Site",114,TRUE,TRUE,438.496596799462,,1.46408615737125,0.402556028127186,0.427066129461685,0.0948166543742728,FALSE
"Growing season",31,"Full",114,TRUE,TRUE,440.012304006694,,1.36673297673306,0.385550058497328,0.467667215005182,0.312388161634243,FALSE
"Growing season",32,"Storm",114,TRUE,TRUE,452.107552251152,,1.31614291589572,0.193209863218831,0.545034107846605,1.59230120275288,FALSE
"Growing season",32,"Agricultural",114,TRUE,TRUE,455.97684864967,,1.31318369868701,0.197374211314845,0.550491979972525,1.61166582481163,FALSE
"Growing season",32,"Site",114,TRUE,TRUE,457.199571184574,,1.32405340563732,0.240647021194554,0.538850964688188,1.33438640932595,FALSE
"Growing season",32,"Full",114,TRUE,TRUE,461.125966559844,,1.31890850839938,0.243976400502321,0.547118645767913,1.3731691829381,FALSE
"Growing season",33,"Storm",114,TRUE,TRUE,470.662240215195,,1.38065755204525,0.132875382052952,0.579806337062904,2.44592536358916,FALSE
"Growing season",33,"Agricultural",114,TRUE,TRUE,472.374904277844,,1.39128155552935,0.157892512979658,0.557457093162727,2.09175866042621,FALSE
"Growing season",33,"Site",114,TRUE,TRUE,475.722305447987,,1.38724390004594,0.189304206287076,0.574047743339224,2.0805340664661,FALSE
"Growing season",33,"Full",114,TRUE,TRUE,477.178240871694,,1.40358653442679,0.219808593533242,0.548289635811932,1.69582245374311,FALSE
"Growing season",34,"Storm",114,TRUE,TRUE,418.554733978166,,1.12185131386595,0.381371888599801,0.671681941283098,1.33021039344443,FALSE
"Growing season",34,"Agricultural",114,TRUE,TRUE,421.256013929157,,1.10088025629069,0.392657594392201,0.696268451413885,1.45678613575961,FALSE
"Growing season",34,"Site",114,TRUE,TRUE,423.700983372982,,1.13056530645727,0.406839347941037,0.657031898075556,1.10359769636521,FALSE
"Growing season",34,"Full",114,TRUE,TRUE,426.610345369904,,1.11016341517084,0.409709701733586,0.677293369042316,1.21759230852694,FALSE
"Growing season",35,"Storm",114,TRUE,TRUE,483.05199209801,,1.67262545066628,0.137879528640975,0.31746943300227,0.821265586949184,FALSE
"Growing season",35,"Agricultural",114,TRUE,TRUE,482.270863698673,,1.58633669208206,0.188369078078472,0.415266828471498,1.11166468888555,FALSE
"Growing season",35,"Site",114,TRUE,TRUE,483.151560374274,,1.76226341562373,0.23809720342887,0.279804992568509,0.187714305949436,FALSE
"Growing season",35,"Full",114,TRUE,TRUE,482.768369382313,,1.6380346737936,0.268370242523861,0.372661610714065,0.486217902085607,FALSE
"Growing season",36,"Storm",114,TRUE,TRUE,449.686758750319,,1.27728164162277,0.20509273676862,0.57787694770716,1.73089485117675,FALSE
"Growing season",36,"Agricultural",114,TRUE,TRUE,450.045997125374,,1.23394809650237,0.223305870585671,0.620347204283171,1.92872892021742,FALSE
"Growing season",36,"Site",114,TRUE,TRUE,449.364194121108,,1.28624614022585,0.309894152716251,0.564773657490155,1.13885513919211,FALSE
"Growing season",36,"Full",114,TRUE,TRUE,449.323747066599,,1.23656487253073,0.326552289037092,0.608634715432751,1.31024971482577,FALSE
"Growing season",37,"Storm",114,TRUE,TRUE,462.837621060771,,1.44122443278703,0.20533104605732,0.491769238531496,1.35231752075379,FALSE
"Growing season",37,"Agricultural",114,TRUE,TRUE,466.178362336309,,1.45438271318501,0.203567236916236,0.466940279532756,1.19924485074089,FALSE
"Growing season",37,"Site",114,TRUE,TRUE,462.536692068893,,1.53594416679045,0.327273245547623,0.417686074288992,0.396865434513075,FALSE
"Growing season",37,"Full",114,TRUE,TRUE,461.784053789598,,1.65064639521515,0.349988876338429,,0,TRUE
"Growing season",38,"Storm",114,TRUE,TRUE,451.98420496758,,1.30575259240511,0.135112251242091,0.546510098831117,1.8340769731145,FALSE
"Growing season",38,"Agricultural",114,TRUE,TRUE,451.713534768317,,1.2922251090484,0.191375117315829,0.559185249742195,1.64610147553686,FALSE
"Growing season",38,"Site",114,TRUE,TRUE,452.674278602394,,1.30220420010153,0.273539734763189,0.565717891402508,1.33461741127815,FALSE
"Growing season",38,"Full",114,TRUE,TRUE,454.131005422773,,1.28894885801929,0.299119619040313,0.579393341919566,1.29450242960136,FALSE
"Growing season",39,"Storm",114,TRUE,TRUE,505.994724014521,,1.85457797351055,0.0937765412651438,0.275009220372383,0.957555131040048,FALSE
"Growing season",39,"Agricultural",114,TRUE,TRUE,508.863048544174,,1.82148915660926,0.10949501296789,0.312491532820444,1.10028035877609,FALSE
"Growing season",39,"Site",114,TRUE,TRUE,504.619123769407,,1.88978109131014,0.179678569606351,0.253324428681017,0.375322388803702,FALSE
"Growing season",39,"Full",114,TRUE,TRUE,506.567044776964,,2.00889253579347,0.205488936690808,,3.97269761801197e-15,TRUE
"Growing season",40,"Storm",114,TRUE,TRUE,468.495983354052,,1.41198294174341,0.16271452157343,0.510158219907143,1.68593422125056,FALSE
"Growing season",40,"Agricultural",114,TRUE,TRUE,472.445222520829,,1.41099749972459,0.163839271073516,0.511721280133058,1.69149439037958,FALSE
"Growing season",40,"Site",114,TRUE,TRUE,469.520853475376,,1.42926774662606,0.291238084640533,0.517529916907609,1.11660478884199,FALSE
"Growing season",40,"Full",114,TRUE,TRUE,473.449971352652,,1.4254157427621,0.291777475929501,0.521592140613385,1.13901908313774,FALSE
"Growing season",41,"Storm",114,TRUE,TRUE,460.139186420108,,1.36994343674573,0.118332185504906,0.492545916076982,1.63917176003272,FALSE
"Growing season",41,"Agricultural",114,TRUE,TRUE,460.212120013336,,1.36711943220846,0.171867091475515,0.493763026068692,1.39673255563146,FALSE
"Growing season",41,"Site",114,TRUE,TRUE,464.583607828119,,1.37626667620235,0.205978896782893,0.505218793191898,1.34274317254308,FALSE
"Growing season",41,"Full",114,TRUE,TRUE,465.602523555788,,1.37184118507525,0.2392035180416,0.508406424440751,1.20154419250301,FALSE
"Growing season",42,"Storm",114,TRUE,TRUE,479.688796115088,,1.66919555824138,0.285089499273507,0.414382815093964,0.680430423707213,FALSE
"Growing season",42,"Agricultural",114,TRUE,TRUE,483.671038676292,,1.67382486751692,0.284895149941537,0.41014530210405,0.656743989744826,FALSE
"Growing season",42,"Site",114,TRUE,TRUE,477.909579305408,,1.71219069359081,0.359198604866673,0.399364948072822,0.20566683479446,FALSE
"Growing season",42,"Full",114,TRUE,TRUE,479.69502387406,,1.785545288274,0.374666710836308,,0,TRUE
"Growing season",43,"Storm",114,TRUE,TRUE,441.679606278989,,1.26809056673768,0.282579919391041,0.594959374335555,1.4572411913616,FALSE
"Growing season",43,"Agricultural",114,TRUE,TRUE,436.29455711657,,1.20330350807496,0.362791190452588,0.65879506048547,1.48306530207398,FALSE
"Growing season",43,"Site",114,TRUE,TRUE,441.041448728551,,1.30479662267101,0.414927893976674,0.573006178423916,0.715896262726996,FALSE
"Growing season",43,"Full",114,TRUE,TRUE,436.993402919041,,1.23930774712806,0.463802391479648,0.629339662274873,0.786296365284434,FALSE
"Growing season",44,"Storm",114,TRUE,TRUE,456.925847703481,,1.36647905036285,0.28678789119659,0.575183055647902,1.48886271498155,FALSE
"Growing season",44,"Agricultural",114,TRUE,TRUE,454.236959139014,,1.31358448928911,0.341804054064273,0.624281399993621,1.5311824482839,FALSE
"Growing season",44,"Site",114,TRUE,TRUE,458.638791411771,,1.37700805384489,0.391526692845783,0.585898343833487,1.02611364989173,FALSE
"Growing season",44,"Full",114,TRUE,TRUE,459.135643178263,,1.32728888784854,0.404798081972748,0.625423708809801,1.21022970625851,FALSE
"Growing season",45,"Storm",114,TRUE,TRUE,467.089809676662,,1.48711686314229,0.2136432638161,0.451902817315905,1.1065018987789,FALSE
"Growing season",45,"Agricultural",114,TRUE,TRUE,471.054683212825,,1.48242985611111,0.212627302163056,0.45662053521323,1.13773825078509,FALSE
"Growing season",45,"Site",114,TRUE,TRUE,470.928720740039,,1.51511877214278,0.276055149677141,0.436777432203735,0.7369955126893,FALSE
"Growing season",45,"Full",114,TRUE,TRUE,474.922970140954,,1.51240733406473,0.275363852550221,0.43891794937133,0.751017763123108,FALSE
"Growing season",46,"Storm",114,TRUE,TRUE,460.918258547357,,1.48372610132864,0.216993623305218,0.415453045510309,0.846655475167295,FALSE
"Growing season",46,"Agricultural",114,TRUE,TRUE,456.775488843787,,1.49474128675058,0.297632814467754,0.412644669880061,0.481513358623345,FALSE
"Growing season",46,"Site",114,TRUE,TRUE,466.818248987531,,1.48303524804118,0.243466397535018,0.420657428754843,0.757819158870482,FALSE
"Growing season",46,"Full",114,TRUE,TRUE,462.841019237797,,1.51284860409771,0.314104783413787,0.40053128246224,0.357683451915263,FALSE
"Growing season",47,"Storm",114,TRUE,TRUE,455.469534897137,,1.30463674135005,0.164832395734635,0.569383656158504,1.91791498045563,FALSE
"Growing season",47,"Agricultural",114,TRUE,TRUE,455.614042272422,,1.2670799060826,0.192979849728251,0.607359308172872,2.04247066210513,FALSE
"Growing season",47,"Site",114,TRUE,TRUE,454.630727015363,,1.30691144965126,0.306708699293918,0.575709453614825,1.27483295671954,FALSE
"Growing season",47,"Full",114,TRUE,TRUE,454.713086957184,,1.26724521790561,0.330740891028166,0.612081777206974,1.38029545540975,FALSE
"Growing season",48,"Storm",114,TRUE,TRUE,428.263723321081,,1.1157709187174,0.247939973861994,0.687891429777842,2.13062450028332,FALSE
"Growing season",48,"Agricultural",114,TRUE,TRUE,429.334944719807,,1.10414164099703,0.283949716379933,0.698981389091207,2.03905941966206,FALSE
"Growing season",48,"Site",114,TRUE,TRUE,425.2489554259,,1.12883244743525,0.463888824251651,0.701254258881365,1.1996070451288,FALSE
"Growing season",48,"Full",114,TRUE,TRUE,427.501377117625,,1.11824787675628,0.473586465158302,0.70890578838758,1.19871446750851,FALSE
"Growing season",49,"Storm",114,TRUE,TRUE,486.108882826139,,1.54018488696288,0.126728319699928,0.484083777458209,1.94626910454821,FALSE
"Growing season",49,"Agricultural",114,TRUE,TRUE,490.057028307299,,1.53808072845693,0.124695343397682,0.485192625091255,1.96337153610042,FALSE
"Growing season",49,"Site",114,TRUE,TRUE,490.436626884547,,1.54998458246138,0.180561057733226,0.473542303301234,1.56493696948852,FALSE
"Growing season",49,"Full",114,TRUE,TRUE,494.416943173491,,1.5503609259617,0.178219948923534,0.471420866747841,1.56029853119682,FALSE
"Growing season",50,"Storm",114,TRUE,TRUE,451.872445487533,,1.41151213562332,0.209094909729718,0.448621229108915,0.983331398694036,FALSE
"Growing season",50,"Agricultural",114,TRUE,TRUE,454.013680831149,,1.3907094863786,0.211671301385066,0.463650117352196,1.03633015428091,FALSE
"Growing season",50,"Site",114,TRUE,TRUE,450.591376692406,,1.41133625061248,0.339515907018933,0.475743477626231,0.57329517958979,FALSE
"Growing season",50,"Full",114,TRUE,TRUE,453.477759449567,,1.40424348546053,0.341328294976922,0.477409763417911,0.568804827563159,FALSE
"Growing season",51,"Storm",114,TRUE,TRUE,448.053358332467,,1.35985700819636,0.178401471233635,0.432997723998222,0.96131873241715,FALSE
"Growing season",51,"Agricultural",114,TRUE,TRUE,448.872725800457,,1.31363061014674,0.202873043113556,0.486508592454988,1.11683349852605,FALSE
"Growing season",51,"Site",114,TRUE,TRUE,449.843498657848,,1.39675860241114,0.257799334302793,0.404162050201256,0.535676841590618,FALSE
"Growing season",51,"Full",114,TRUE,TRUE,451.812640982759,,1.34606557104124,0.265804865719014,0.452337636031545,0.703006880755749,FALSE
"Growing season",52,"Storm",114,TRUE,TRUE,479.684977843506,,1.53357845750353,0.14247503782372,0.467091111809367,1.66617203288073,FALSE
"Growing season",52,"Agricultural",114,TRUE,TRUE,479.981220727487,,1.48862649903752,0.161500518396883,0.507455204413199,1.82229412311528,FALSE
"Growing season",52,"Site",114,TRUE,TRUE,480.948965474667,,1.57244492626991,0.238411123929471,0.426720074212264,0.916032815330653,FALSE
"Growing season",52,"Full",114,TRUE,TRUE,481.993354971458,,1.50901402500698,0.250645114485281,0.485534371069192,1.1923040709859,FALSE
"Growing season",53,"Storm",114,TRUE,TRUE,437.679796845778,,1.27224580658469,0.21546618133492,0.516949351239286,1.1782381916579,FALSE
"Growing season",53,"Agricultural",114,TRUE,TRUE,440.545960644429,,1.2643106416537,0.228463429262877,0.527380456037272,1.17993451578351,FALSE
"Growing season",53,"Site",114,TRUE,TRUE,441.53851498781,,1.28829435660066,0.282300574021822,0.504852328922109,0.855419336381202,FALSE
"Growing season",53,"Full",114,TRUE,TRUE,444.708141735509,,1.28276831276285,0.285383017334028,0.508091511053238,0.854609137709195,FALSE
"Growing season",54,"Storm",114,TRUE,TRUE,487.128403732932,,1.63607034417825,0.154737087454686,0.399134655347939,1.24733133304593,FALSE
"Growing season",54,"Agricultural",114,TRUE,TRUE,485.795227359628,,1.63346356690176,0.20906846639706,0.399581679077529,0.956955817690771,FALSE
"Growing season",54,"Site",114,TRUE,TRUE,485.086243059834,,1.67721404937979,0.290909596234007,0.394973566313425,0.529358086914722,FALSE
"Growing season",54,"Full",114,TRUE,TRUE,484.806239970062,,1.67584247800817,0.326819448078709,0.404344927757175,0.394463833403443,FALSE
"Growing season",55,"Storm",114,TRUE,TRUE,454.325942793382,,1.50477148896526,0.183823000887055,0.31660253978308,0.484418196095713,FALSE
"Growing season",55,"Agricultural",114,TRUE,TRUE,456.678360035823,,1.43446834224401,0.207211019197871,0.401744504150223,0.757359556362441,FALSE
"Growing season",55,"Site",114,TRUE,TRUE,447.460148050395,,1.54186127182183,0.307601684238012,0.324860190227978,0.0621336457198318,FALSE
"Growing season",55,"Full",114,TRUE,TRUE,450.438174953502,,1.51077038735735,0.315613571870511,0.346171581850788,0.11066512045161,FALSE
"Growing season",56,"Storm",114,TRUE,TRUE,462.911234706389,,1.49585347001688,0.202588020014431,0.422105082072187,0.959114461480558,FALSE
"Growing season",56,"Agricultural",114,TRUE,TRUE,463.891678207818,,1.49469173086064,0.238775187502908,0.4249737059447,0.810406852367875,FALSE
"Growing season",56,"Site",114,TRUE,TRUE,464.434527410369,,1.50729891700152,0.281668307418354,0.418308870051763,0.589073053575366,FALSE
"Growing season",56,"Full",114,TRUE,TRUE,465.360151191158,,1.50669285930547,0.311149602708124,0.42294902948741,0.481199525965679,FALSE
"Growing season",57,"Storm",114,TRUE,TRUE,457.037850529515,,1.33689380739178,0.141551624370839,0.563846199653768,2.0398599847969,FALSE
"Growing season",57,"Agricultural",114,TRUE,TRUE,460.943713005157,,1.33664614418735,0.143486049607608,0.564309225991729,2.03398185058197,FALSE
"Growing season",57,"Site",114,TRUE,TRUE,456.12588190035,,1.33549945718435,0.321984245345604,0.586691442828419,1.32489409979451,FALSE
"Growing season",57,"Full",114,TRUE,TRUE,459.393939558231,,1.34150706916671,0.332761083564919,0.579745369321473,1.22220644333082,FALSE
"Growing season",58,"Storm",114,TRUE,TRUE,452.753196546817,,1.28740475334679,0.0824926949154242,0.526141602338364,1.86647731863208,FALSE
"Growing season",58,"Agricultural",114,TRUE,TRUE,451.414939824656,,1.23548787785368,0.129535586164612,0.585810808872135,2.0379276266236,FALSE
"Growing season",58,"Site",114,TRUE,TRUE,456.074087874172,,1.29803083991088,0.174115733168047,0.518393362211534,1.42932186951658,FALSE
"Growing season",58,"Full",114,TRUE,TRUE,455.347638411551,,1.24600183641826,0.212427673092459,0.577647992133846,1.60858839445157,FALSE
"Growing season",59,"Storm",114,TRUE,TRUE,438.319826607967,,1.25896728371656,0.250669373926064,0.558293077954168,1.29626198444516,FALSE
"Growing season",59,"Agricultural",114,TRUE,TRUE,440.524146884111,,1.2307293807838,0.259157281018609,0.590487208042345,1.44911489959385,FALSE
"Growing season",59,"Site",114,TRUE,TRUE,442.113833711076,,1.27681775873826,0.335299391619437,0.55542334974207,0.932056047907172,FALSE
"Growing season",59,"Full",114,TRUE,TRUE,444.795972764336,,1.2503200603866,0.336295958872669,0.580473231321886,1.05923036593556,FALSE
"Growing season",60,"Storm",114,TRUE,TRUE,462.691811919387,,1.48356139855138,0.270433530057986,0.480989979148852,1.01302374730881,FALSE
"Growing season",60,"Agricultural",114,TRUE,TRUE,464.670148147666,,1.47888179911404,0.289339387445937,0.484432807970114,0.935888822195695,FALSE
"Growing season",60,"Site",114,TRUE,TRUE,463.777877520543,,1.49923734008705,0.351961478158261,0.477235458501056,0.595958814896019,FALSE
"Growing season",60,"Full",114,TRUE,TRUE,466.67345659445,,1.49846556778909,0.363605877903483,0.480719692827862,0.558676107784058,FALSE
"Growing season",61,"Storm",114,TRUE,TRUE,441.967997918381,,1.3279676882556,0.224159469678975,0.515657694127891,1.21022672830481,FALSE
"Growing season",61,"Agricultural",114,TRUE,TRUE,445.445286925558,,1.31831766999942,0.231041963468567,0.531230445011951,1.27199037660718,FALSE
"Growing season",61,"Site",114,TRUE,TRUE,442.667485333849,,1.34121799625362,0.353722179925868,0.520726060096426,0.699298650581627,FALSE
"Growing season",61,"Full",114,TRUE,TRUE,446.149098047198,,1.34204078635589,0.357708574670361,0.518823300279504,0.671671819523128,FALSE
"Growing season",62,"Storm",114,TRUE,TRUE,471.330806160012,,1.54933335246898,0.167752295714514,0.385741187122162,0.965995601271746,FALSE
"Growing season",62,"Agricultural",114,TRUE,TRUE,472.326529048256,,1.50437425809628,0.202900024854461,0.441580200005689,1.10767548339036,FALSE
"Growing season",62,"Site",114,TRUE,TRUE,468.005531940251,,1.58238700017187,0.296802546562905,0.380399332348482,0.364775288187012,FALSE
"Growing season",62,"Full",114,TRUE,TRUE,470.327534974394,,1.5401476402334,0.309402527492975,0.416336671688572,0.476215350047993,FALSE
"Growing season",63,"Storm",114,TRUE,TRUE,475.880502792629,,1.54201410688701,0.155996353385239,0.429648328584521,1.31290574337938,FALSE
"Growing season",63,"Agricultural",114,TRUE,TRUE,475.187088339042,,1.50237792687804,0.192300287612783,0.464661457239246,1.32569340940162,FALSE
"Growing season",63,"Site",114,TRUE,TRUE,475.849014852112,,1.55206412128544,0.238509831576775,0.412678227900727,0.801095798839985,FALSE
"Growing season",63,"Full",114,TRUE,TRUE,476.510921152776,,1.5294582064337,0.25585866093122,0.426110124108188,0.778248660992989,FALSE
"Growing season",64,"Storm",114,TRUE,TRUE,470.107544003714,,1.46973237482526,0.241252458284923,0.50410692819164,1.33936535467206,FALSE
"Growing season",64,"Agricultural",114,TRUE,TRUE,470.206761809694,,1.43334486893148,0.281323351086104,0.543375154584104,1.38506288046497,FALSE
"Growing season",64,"Site",114,TRUE,TRUE,470.995084675443,,1.49188095854916,0.3347129545705,0.498046207223161,0.824478623991385,FALSE
"Growing season",64,"Full",114,TRUE,TRUE,472.470069802099,,1.45099431312953,0.353618493661965,0.535229739914964,0.94629800628513,FALSE
"Growing season",65,"Storm",114,TRUE,TRUE,435.927660315619,,1.30253213904632,0.306633501736184,0.50981206014374,0.808694955208738,FALSE
"Growing season",65,"Agricultural",114,TRUE,TRUE,436.532319680651,,1.25654346332119,0.319093208565382,0.550760211224705,0.948056965247746,FALSE
"Growing season",65,"Site",114,TRUE,TRUE,436.658320937927,,1.3120791146558,0.37091726359456,0.503106974046661,0.513417429614615,FALSE
"Growing season",65,"Full",114,TRUE,TRUE,437.946581298154,,1.26722604683847,0.374653259789084,0.535774221525168,0.634423333586713,FALSE
"Growing season",66,"Storm",114,TRUE,TRUE,485.05471117349,,1.67455900456763,0.131244955968866,0.316792889426194,0.85532667129097,FALSE
"Growing season",66,"Agricultural",114,TRUE,TRUE,484.147912072942,,1.638455804177,0.185886333351268,0.36022187188862,0.821736319533199,FALSE
"Growing season",66,"Site",114,TRUE,TRUE,488.454135562387,,1.6946287805378,0.184735857420741,0.308237919149118,0.563045005746838,FALSE
"Growing season",66,"Full",114,TRUE,TRUE,488.196040920274,,1.66814187680113,0.220107314253058,0.334134390065814,0.522186359863547,FALSE
"Growing season",67,"Storm",114,TRUE,TRUE,476.729952355753,,1.62517740257556,0.0852360107407171,0.279643148011624,0.795641328286268,FALSE
"Growing season",67,"Agricultural",114,TRUE,TRUE,480.444922509043,,1.60577122832719,0.0915377524323185,0.305938584374735,0.895370938227347,FALSE
"Growing season",67,"Site",114,TRUE,TRUE,475.800684228257,,1.78637294208678,0.200733694944778,,0,TRUE
"Growing season",67,"Full",114,TRUE,TRUE,479.455330213463,,1.78366915231802,0.203168393650783,,0,TRUE
"Growing season",68,"Storm",114,TRUE,TRUE,472.552058189764,,1.514671571539,0.17073652791408,0.440689374952757,1.27635571459255,FALSE
"Growing season",68,"Agricultural",114,TRUE,TRUE,476.520315815687,,1.51196150785889,0.173003776345538,0.445509158413526,1.29614769638191,FALSE
"Growing season",68,"Site",114,TRUE,TRUE,470.110221346548,,1.53073583645395,0.299561519184511,0.438684512985394,0.646748887405931,FALSE
"Growing season",68,"Full",114,TRUE,TRUE,473.959440801924,,1.53807430643798,0.29597842947032,0.427968757177115,0.605634036295701,FALSE
"Growing season",69,"Storm",114,TRUE,TRUE,458.614671282879,,1.40207667119031,0.238905209328827,0.49794580715143,1.18485021964079,FALSE
"Growing season",69,"Agricultural",114,TRUE,TRUE,455.751897856483,,1.36144985845437,0.303935218942756,0.539752395150913,1.10897523171892,FALSE
"Growing season",69,"Site",114,TRUE,TRUE,463.100976770338,,1.42459996375375,0.283346686298116,0.477895043272635,0.867289210831144,FALSE
"Growing season",69,"Full",114,TRUE,TRUE,459.214792618183,,1.37991029466029,0.351370401541101,0.52370671034698,0.788821547156996,FALSE
"Growing season",70,"Storm",114,TRUE,TRUE,443.215383879082,,1.48469270423202,0.295404197739461,0.366660980562722,0.265803210003421,FALSE
"Growing season",70,"Agricultural",114,TRUE,TRUE,445.759216367918,,1.51160577987511,0.302608783100515,0.347251377301628,0.164121199344224,FALSE
"Growing season",70,"Site",114,TRUE,TRUE,444.084818793504,,1.55154506340131,0.3317964597296,0.333029141465846,0.00445724042896141,FALSE
"Growing season",70,"Full",114,TRUE,TRUE,447.190330742177,,1.5460661282364,0.336942151694488,0.337906268765378,0.00348572342026168,FALSE
"Growing season",71,"Storm",114,TRUE,TRUE,447.394299102054,,1.28481178720125,0.267444692665423,0.602990671143835,1.65679782088589,FALSE
"Growing season",71,"Agricultural",114,TRUE,TRUE,447.022453477953,,1.30109359393536,0.331949967421976,0.58711040609624,1.22232927052651,FALSE
"Growing season",71,"Site",114,TRUE,TRUE,450.58868314053,,1.27496781952086,0.341265410530999,0.621898298342706,1.42328880657545,FALSE
"Growing season",71,"Full",114,TRUE,TRUE,451.980792452436,,1.28817406378125,0.367932528493055,0.604270177339826,1.15580211441744,FALSE
"Growing season",72,"Storm",114,TRUE,TRUE,471.813112904104,,1.48623230182778,0.18751123576201,0.486002658260592,1.49037162051762,FALSE
"Growing season",72,"Agricultural",114,TRUE,TRUE,472.219358886268,,1.45689046538549,0.210629291266774,0.508760805433778,1.49990226040967,FALSE
"Growing season",72,"Site",114,TRUE,TRUE,470.388498785876,,1.46436938564747,0.277910305244126,0.496775406522598,1.06791800666498,FALSE
"Growing season",72,"Full",114,TRUE,TRUE,471.062142945459,,1.42843153445797,0.299347811995237,0.528943396771452,1.14537904894586,FALSE
"Growing season",73,"Storm",114,TRUE,TRUE,451.769124099506,,1.40059520902528,0.284215782088262,0.504139952672178,0.99304582583069,FALSE
"Growing season",73,"Agricultural",114,TRUE,TRUE,453.541573728529,,1.35842145348675,0.298548927161985,0.551374722145011,1.19984961296851,FALSE
"Growing season",73,"Site",114,TRUE,TRUE,452.131613855486,,1.41412650432789,0.410613105885437,0.53194078670617,0.57660625859803,FALSE
"Growing season",73,"Full",114,TRUE,TRUE,454.908045953529,,1.37470012852671,0.41312656170194,0.564554419979929,0.741523527608288,FALSE
"Growing season",74,"Storm",114,TRUE,TRUE,484.669036347177,,1.55236995896075,0.119621448176571,0.4934168685745,2.07351224076412,FALSE
"Growing season",74,"Agricultural",114,TRUE,TRUE,486.583429449616,,1.52190355077525,0.136168562464482,0.527081575328255,2.24359060226092,FALSE
"Growing season",74,"Site",114,TRUE,TRUE,487.636479446705,,1.54786535989116,0.217943135148716,0.510907827180421,1.65771072391525,FALSE
"Growing season",74,"Full",114,TRUE,TRUE,489.424167560194,,1.51267086884087,0.228264452901298,0.544080622071547,1.84308134002833,FALSE
"Growing season",75,"Storm",114,TRUE,TRUE,451.721901517759,,1.35011872518536,0.151293396711137,0.503439764146711,1.50428670318336,FALSE
"Growing season",75,"Agricultural",114,TRUE,TRUE,453.846371734245,,1.33918744400428,0.166667544461453,0.512226680309519,1.478432557597,FALSE
"Growing season",75,"Site",114,TRUE,TRUE,452.708805547082,,1.35482626344405,0.248967494659697,0.494586303804869,1.01924542318509,FALSE
"Growing season",75,"Full",114,TRUE,TRUE,456.261887840562,,1.34322381757149,0.25116067121535,0.50867665029412,1.08454697624684,FALSE
"Growing season",76,"Storm",114,TRUE,TRUE,471.514076675076,,1.52044813919726,0.257029666817315,0.481645945916476,1.15071757334659,FALSE
"Growing season",76,"Agricultural",114,TRUE,TRUE,474.666544850586,,1.51767742528369,0.260723926867674,0.481001343602559,1.12173739464788,FALSE
"Growing season",76,"Site",114,TRUE,TRUE,474.408776530499,,1.52811454966467,0.311378413251858,0.477280344275729,0.83714642543584,FALSE
"Growing season",76,"Full",114,TRUE,TRUE,477.93559150642,,1.5369652709077,0.312903220065197,0.466889063476009,0.766796119730694,FALSE
"Growing season",77,"Storm",114,TRUE,TRUE,459.581869146925,,1.5335830366731,0.187950457572732,0.338614825293082,0.590622495799043,FALSE
"Growing season",77,"Agricultural",114,TRUE,TRUE,462.103330240774,,1.51346407969625,0.192218876915123,0.353688938323898,0.633815307980306,FALSE
"Growing season",77,"Site",114,TRUE,TRUE,448.956663433345,,1.58796026663781,0.326550190348527,,5.89173472079316e-17,TRUE
"Growing season",77,"Full",114,TRUE,TRUE,452.050971376161,,1.58166487072482,0.331910835223526,,0,TRUE
"Growing season",78,"Storm",114,TRUE,TRUE,460.545027087083,,1.4193165984561,0.241792100454363,0.498886102530742,1.20251762763122,FALSE
"Growing season",78,"Agricultural",114,TRUE,TRUE,453.92870912917,,1.37100726019546,0.327242381548488,0.536880998343165,0.983464223699755,FALSE
"Growing season",78,"Site",114,TRUE,TRUE,464.739078309797,,1.43143617624141,0.296054565680426,0.494416374021374,0.922056291046514,FALSE
"Growing season",78,"Full",114,TRUE,TRUE,458.771045179938,,1.38657971697108,0.367223749703905,0.529094720884515,0.752541997540492,FALSE
"Growing season",79,"Storm",114,TRUE,TRUE,445.838156677449,,1.41500326862749,0.19365303986559,0.37973047235629,0.6699855043082,FALSE
"Growing season",79,"Agricultural",114,TRUE,TRUE,442.568931543649,,1.38183976426926,0.256068552736694,0.413545358814715,0.568998564406433,FALSE
"Growing season",79,"Site",114,TRUE,TRUE,445.51684988591,,1.43906404690851,0.294389260326561,0.377470659931194,0.29722432467767,FALSE
"Growing season",79,"Full",114,TRUE,TRUE,440.546465451518,,1.4162152758534,0.351239688274316,0.401555269707868,0.178055691566516,FALSE
"Growing season",80,"Storm",114,TRUE,TRUE,464.236281249451,,1.41251095600046,0.222635413045762,0.558603363742592,1.77597689872821,FALSE
"Growing season",80,"Agricultural",114,TRUE,TRUE,465.295811735821,,1.38439264992698,0.240005867989924,0.582736908945968,1.84701659248924,FALSE
"Growing season",80,"Site",114,TRUE,TRUE,466.735096664079,,1.44098730626309,0.330741632729101,0.544327457581465,1.11284352526044,FALSE
"Growing season",80,"Full",114,TRUE,TRUE,468.330436017054,,1.41596547067304,0.341620668809289,0.563248249235808,1.16778265924621,FALSE
"Growing season",81,"Storm",114,TRUE,TRUE,457.564747836251,,1.43332269888227,0.237277630465067,0.459208195644598,0.967968911993217,FALSE
"Growing season",81,"Agricultural",114,TRUE,TRUE,460.529219592488,,1.42130911399311,0.25201826717195,0.476205296277671,0.994957769784728,FALSE
"Growing season",81,"Site",114,TRUE,TRUE,457.352146976382,,1.43216916356931,0.35258129644255,0.491786851550992,0.630871938652908,FALSE
"Growing season",81,"Full",114,TRUE,TRUE,460.054138375459,,1.41097458180991,0.365336371833944,0.513981628082151,0.687881519696803,FALSE
"Growing season",82,"Storm",114,TRUE,TRUE,450.568131394005,,1.37283596733068,0.190372869704387,0.465067124556126,1.11688263976055,FALSE
"Growing season",82,"Agricultural",114,TRUE,TRUE,448.500760554014,,1.37142774859899,0.248722336844735,0.458050994713428,0.825877993711898,FALSE
"Growing season",82,"Site",114,TRUE,TRUE,449.700315241522,,1.41491317294466,0.328651635813624,0.451721908892671,0.496470157324279,FALSE
"Growing season",82,"Full",114,TRUE,TRUE,448.946840724144,,1.41904357432299,0.369190788300693,0.455511100453214,0.346638813161093,FALSE
"Growing season",83,"Storm",114,TRUE,TRUE,464.189037460087,,1.50477968514658,0.182178650134472,0.391311011435358,0.881741810027945,FALSE
"Growing season",83,"Agricultural",114,TRUE,TRUE,465.507007704362,,1.45328619020807,0.225577022357787,0.464119862297001,1.080605852796,FALSE
"Growing season",83,"Site",114,TRUE,TRUE,461.771374685742,,1.62216530053765,0.300579705737515,0.328584279890803,0.113451674047617,FALSE
"Growing season",83,"Full",114,TRUE,TRUE,464.118264744333,,1.52309296249886,0.321508494461934,0.406673825598722,0.360580567762506,FALSE
"Growing season",84,"Storm",114,TRUE,TRUE,460.63841077543,,1.41352997431573,0.289160569119951,0.560508785642943,1.43365017919255,FALSE
"Growing season",84,"Agricultural",114,TRUE,TRUE,457.283938768743,,1.36159097030402,0.344873492525384,0.603467580864309,1.40878966474714,FALSE
"Growing season",84,"Site",114,TRUE,TRUE,463.454882505739,,1.41091657594151,0.357304964091937,0.569359760974735,1.12637356663313,FALSE
"Growing season",84,"Full",114,TRUE,TRUE,461.18881844089,,1.35346789767203,0.394984092297699,0.615664205268168,1.21800766596249,FALSE
"Growing season",85,"Storm",114,TRUE,TRUE,453.036407894943,,1.38892011737599,0.131922617479359,0.434994219520632,1.18789668477905,FALSE
"Growing season",85,"Agricultural",114,TRUE,TRUE,455.251811721142,,1.39628529355167,0.143375496740883,0.412931780009433,1.02084357353023,FALSE
"Growing season",85,"Site",114,TRUE,TRUE,454.852169756405,,1.40220893859869,0.247848847339638,0.440206970173192,0.760502554854059,FALSE
"Growing season",85,"Full",114,TRUE,TRUE,456.605688723572,,1.41583429677167,0.261831076315456,0.417033443550066,0.593602656307075,FALSE
"Growing season",86,"Storm",114,TRUE,TRUE,464.877016941676,,1.45056444178493,0.252817982052995,0.504479952543321,1.24117610171951,FALSE
"Growing season",86,"Agricultural",114,TRUE,TRUE,466.938902082401,,1.45191320881075,0.27806462728478,0.505484256610645,1.120046348953,FALSE
"Growing season",86,"Site",114,TRUE,TRUE,470.8792592174,,1.45026833165159,0.284320844301184,0.511202458954898,1.12846883228786,FALSE
"Growing season",86,"Full",114,TRUE,TRUE,473.103031151445,,1.45833864007158,0.302516202280364,0.502510957167278,0.980615812212896,FALSE
"Growing season",87,"Storm",114,TRUE,TRUE,473.304380536575,,1.57199473390888,0.2215370469129,0.400458538895336,0.836220507688623,FALSE
"Growing season",87,"Agricultural",114,TRUE,TRUE,474.157177618969,,1.55863269753681,0.258447033412572,0.421111139427282,0.771314512035103,FALSE
"Growing season",87,"Site",114,TRUE,TRUE,470.310124233426,,1.59363813484608,0.379104754543291,0.452011196689594,0.366253078576454,FALSE
"Growing season",87,"Full",114,TRUE,TRUE,472.652721849123,,1.56826241688514,0.388908936563124,0.469484626715,0.407702973932738,FALSE
"Growing season",88,"Storm",114,TRUE,TRUE,450.765334192475,,1.35927247083483,0.172057710261136,0.465264510427875,1.17609956302921,FALSE
"Growing season",88,"Agricultural",114,TRUE,TRUE,451.317481247192,,1.3485783492916,0.204736742110388,0.472445965519971,1.06727742786543,FALSE
"Growing season",88,"Site",114,TRUE,TRUE,448.992570158198,,1.36782587671967,0.310307952742277,0.475678694563228,0.665884421201455,FALSE
"Growing season",88,"Full",114,TRUE,TRUE,449.532561181131,,1.36094499681005,0.334484618795723,0.479510386495409,0.578575810738699,FALSE
"Growing season",89,"Storm",114,TRUE,TRUE,458.547192311026,,1.5420619047341,0.31703454320313,0.415906534656601,0.44193209699075,FALSE
"Growing season",89,"Agricultural",114,TRUE,TRUE,456.723389564628,,1.42391848106917,0.331271054563668,0.49619285967365,0.757162191339178,FALSE
"Growing season",89,"Site",114,TRUE,TRUE,459.754495620246,,1.64838756483681,0.387788069407761,0.394117394487722,0.0286669716377644,FALSE
"Growing season",89,"Full",114,TRUE,TRUE,460.247360482104,,1.48078737742228,0.387576670522752,0.47140629922432,0.380435258450235,FALSE
"Growing season",90,"Storm",114,TRUE,TRUE,469.693600214461,,1.57422303487535,0.151419574914683,0.342905610715107,0.804691981991979,FALSE
"Growing season",90,"Agricultural",114,TRUE,TRUE,473.383634084455,,1.57761900722452,0.156174471375029,0.339692633554754,0.76906301979484,FALSE
"Growing season",90,"Site",114,TRUE,TRUE,473.052803256186,,1.58604121437309,0.236341044938216,0.361592843138506,0.539901558992375,FALSE
"Growing season",90,"Full",114,TRUE,TRUE,476.549719895562,,1.59249769364466,0.241919547684458,0.356506221484811,0.491849120776136,FALSE
"Growing season",91,"Storm",114,TRUE,TRUE,444.242239843525,,1.45245527257054,0.220706556221788,0.341274160729949,0.42175255784301,FALSE
"Growing season",91,"Agricultural",114,TRUE,TRUE,446.105843326203,,1.44431912633398,0.242927392622144,0.354485843981958,0.392702947185495,FALSE
"Growing season",91,"Site",114,TRUE,TRUE,439.114153186751,,1.52086832304973,0.330789053714609,,0,TRUE
"Growing season",91,"Full",114,TRUE,TRUE,441.752876590408,,1.51181501474189,0.338779077205928,,0,TRUE
"Growing season",92,"Storm",114,TRUE,TRUE,474.673908751804,,1.58381981248926,0.276389940676079,0.463124541959007,0.983230276012697,FALSE
"Growing season",92,"Agricultural",114,TRUE,TRUE,475.174254407889,,1.51756228484195,0.30892143398751,0.532773931039783,1.26396867943304,FALSE
"Growing season",92,"Site",114,TRUE,TRUE,481.489217032127,,1.60887228290949,0.295765718066399,0.44403922913043,0.767546726577549,FALSE
"Growing season",92,"Full",114,TRUE,TRUE,482.151561366461,,1.52612106122327,0.314558640762309,0.519660309991981,1.13253481513983,FALSE
"Growing season",93,"Storm",114,TRUE,TRUE,455.941295757128,,1.34306804803946,0.23436199641512,0.570936687595791,1.67141503929947,FALSE
"Growing season",93,"Agricultural",114,TRUE,TRUE,458.73445999843,,1.32588910531365,0.24296846279612,0.59000884617797,1.76366134443997,FALSE
"Growing season",93,"Site",114,TRUE,TRUE,461.279559095378,,1.34412232331806,0.288475063762258,0.579276878571552,1.46649866564152,FALSE
"Growing season",93,"Full",114,TRUE,TRUE,464.315818557987,,1.3245784628217,0.293276494804751,0.60037436543285,1.59112226634636,FALSE
"Growing season",94,"Storm",114,TRUE,TRUE,463.458054520981,,1.4000807351638,0.160786063183889,0.519171118906328,1.71889109851661,FALSE
"Growing season",94,"Agricultural",114,TRUE,TRUE,467.191933850188,,1.39899980582629,0.164172347389995,0.520290523094332,1.70904082577534,FALSE
"Growing season",94,"Site",114,TRUE,TRUE,461.641738873083,,1.41294986886135,0.323504966298676,0.52635620371633,0.978374524912891,FALSE
"Growing season",94,"Full",114,TRUE,TRUE,465.254800321981,,1.41203837771489,0.327037433353076,0.527167837777885,0.965062395557987,FALSE
"Growing season",95,"Storm",114,TRUE,TRUE,461.372325331403,,1.33552465311301,0.081859603844659,0.516171879051118,1.93230904803371,FALSE
"Growing season",95,"Agricultural",114,TRUE,TRUE,462.850837382435,,1.30857020252595,0.108182663158727,0.54860908382345,2.02492975002855,FALSE
"Growing season",95,"Site",114,TRUE,TRUE,461.390610500062,,1.34013710027546,0.233687149003408,0.529953367692555,1.34035928106385,FALSE
"Growing season",95,"Full",114,TRUE,TRUE,463.146486869866,,1.31057938563261,0.248518017460776,0.560083090436489,1.44976637060375,FALSE
"Growing season",96,"Storm",114,TRUE,TRUE,482.438399563378,,1.72228947017507,0.191378739985292,0.303725282882416,0.522717213449764,FALSE
"Growing season",96,"Agricultural",114,TRUE,TRUE,481.979126895933,,1.74818723470989,0.233660639604311,0.297027488751365,0.292707490112353,FALSE
"Growing season",96,"Site",114,TRUE,TRUE,482.369874119913,,1.77607566453722,0.261555285572405,0.290367790271422,0.132375740955365,FALSE
"Growing season",96,"Full",114,TRUE,TRUE,484.0406667844,,1.81379174158377,0.273234811295872,0.275709592774585,0.0112785501816048,FALSE
"Growing season",97,"Storm",114,TRUE,TRUE,458.686875613763,,1.34683469169946,0.26498090365726,0.580736488743664,1.63097430601406,FALSE
"Growing season",97,"Agricultural",114,TRUE,TRUE,453.974030642613,,1.34137217452424,0.349111853689813,0.578114489039129,1.14576701210624,FALSE
"Growing season",97,"Site",114,TRUE,TRUE,454.797302031673,,1.3866270938383,0.416248039200437,0.562151870246265,0.730856117946959,FALSE
"Growing season",97,"Full",114,TRUE,TRUE,449.265378419757,,1.41723165666498,0.492969628687943,0.559139403004165,0.328670106286969,FALSE
"Growing season",98,"Storm",114,TRUE,TRUE,451.213328061383,,1.31695377700315,0.252920316011795,0.558224941747645,1.42149128882247,FALSE
"Growing season",98,"Agricultural",114,TRUE,TRUE,449.503708064226,,1.30991837204802,0.3256899907779,0.570388347572459,1.14772274542896,FALSE
"Growing season",98,"Site",114,TRUE,TRUE,453.963400580278,,1.35361940188134,0.343855357957689,0.536480097849662,0.87904552770385,FALSE
"Growing season",98,"Full",114,TRUE,TRUE,452.002462571723,,1.34935986261206,0.403458910524204,0.54934976261644,0.670955971356263,FALSE
"Growing season",99,"Storm",114,TRUE,TRUE,460.902645279679,,1.46142976983198,0.225704077335293,0.436789205818546,0.917307247580924,FALSE
"Growing season",99,"Agricultural",114,TRUE,TRUE,460.787300348717,,1.44608751907744,0.274077595507552,0.460273032339912,0.822919553584263,FALSE
"Growing season",99,"Site",114,TRUE,TRUE,460.663190930792,,1.50262162527431,0.33581329560809,0.432967884923295,0.424559274472076,FALSE
"Growing season",99,"Full",114,TRUE,TRUE,459.695421308648,,1.48571494006912,0.377693412805409,0.457498197992565,0.353527737764076,FALSE
"Growing season",100,"Storm",114,TRUE,TRUE,475.973724606393,,1.66324666483581,0.198096440722903,0.324289369035467,0.566247832851372,FALSE
"Growing season",100,"Agricultural",114,TRUE,TRUE,477.073946477965,,1.60710115706645,0.223812779433659,0.379784746993589,0.722745402674021,FALSE
"Growing season",100,"Site",114,TRUE,TRUE,479.174837044112,,1.7591738914786,0.231140854527759,0.257302207233526,0.112193734927294,FALSE
"Growing season",100,"Full",114,TRUE,TRUE,479.434143073545,,1.65705829135848,0.261934848397003,0.333547884865357,0.315165399974913,FALSE
"Growing season",101,"Storm",114,TRUE,TRUE,462.616357120148,,1.44274237718405,0.25539033743694,0.491210867820805,1.12030583215,FALSE
"Growing season",101,"Agricultural",114,TRUE,TRUE,459.521633080141,,1.42272510205577,0.311543642848638,0.503973807205829,0.902434830191483,FALSE
"Growing season",101,"Site",114,TRUE,TRUE,462.826394237909,,1.48431467602318,0.350083362149563,0.471844819635506,0.566339332999097,FALSE
"Growing season",101,"Full",114,TRUE,TRUE,462.005276196401,,1.46306798548129,0.374968508875814,0.484147286594285,0.502717581847544,FALSE
"Growing season",102,"Storm",114,TRUE,TRUE,455.362682422219,,1.41137974532034,0.283491485796305,0.511053755496261,1.06542544055207,FALSE
"Growing season",102,"Agricultural",114,TRUE,TRUE,450.503613837227,,1.35075018598916,0.34707689375639,0.562413931573381,1.03470412714022,FALSE
"Growing season",102,"Site",114,TRUE,TRUE,459.090730575839,,1.412676311628,0.324699454862249,0.507874629961664,0.843953720588565,FALSE
"Growing season",102,"Full",114,TRUE,TRUE,455.349029574327,,1.35097104987588,0.374691326384055,0.559944502466654,0.878489562507697,FALSE
"Growing season",103,"Storm",114,TRUE,TRUE,459.798032677552,,1.434398241587,0.225584347705834,0.481864745531644,1.17100869360597,FALSE
"Growing season",103,"Agricultural",114,TRUE,TRUE,461.935645241857,,1.40012809485241,0.241584119846616,0.52262899292292,1.33944617048011,FALSE
"Growing season",103,"Site",114,TRUE,TRUE,463.714137688875,,1.46438762187945,0.299626390497045,0.467675954670653,0.761343909265279,FALSE
"Growing season",103,"Full",114,TRUE,TRUE,466.408854281207,,1.41498005258354,0.303429217553336,0.517019087664875,1.01310722472515,FALSE
"Growing season",104,"Storm",114,TRUE,TRUE,473.918863603782,,1.52891605185372,0.194615956610817,0.448010532552148,1.23454691584207,FALSE
"Growing season",104,"Agricultural",114,TRUE,TRUE,475.90784207087,,1.54038638532076,0.214678577030859,0.43174614713364,1.03311561852197,FALSE
"Growing season",104,"Site",114,TRUE,TRUE,474.99998636633,,1.5419381507038,0.268271014700875,0.433738987016923,0.781020913839517,FALSE
"Growing season",104,"Full",114,TRUE,TRUE,477.594937199989,,1.55422384423988,0.273640596095591,0.416344239460476,0.657843775365604,FALSE
"Growing season",105,"Storm",114,TRUE,TRUE,453.660654322441,,1.41923727774692,0.303560327117878,0.499294151641791,0.898931376477321,FALSE
"Growing season",105,"Agricultural",114,TRUE,TRUE,453.907535874021,,1.35899523573534,0.334412730779582,0.563718666604256,1.12509238738502,FALSE
"Growing season",105,"Site",114,TRUE,TRUE,456.933659244088,,1.43116904599994,0.356635072132184,0.496152500131964,0.63584117426069,FALSE
"Growing season",105,"Full",114,TRUE,TRUE,457.910693830467,,1.36605598835664,0.379871459486571,0.560160841459099,0.875423059736807,FALSE
"Growing season",106,"Storm",114,TRUE,TRUE,474.087414952595,,1.53885950617113,0.0343981333328009,0.353078058531357,1.33120840367646,FALSE
"Growing season",106,"Agricultural",114,TRUE,TRUE,472.389169592924,,1.48613278504498,0.0991441784313552,0.420155548276722,1.40236043532549,FALSE
"Growing season",106,"Site",114,TRUE,TRUE,473.588964051542,,1.57643387059972,0.161486653470921,0.313249050379072,0.604232894306242,FALSE
"Growing season",106,"Full",114,TRUE,TRUE,470.459981925618,,1.50434096457611,0.227960431632338,0.394550628425554,0.692058614274345,FALSE
"Growing season",107,"Storm",114,TRUE,TRUE,475.047607500547,,1.54695732462976,0.116937143005721,0.381819699097896,1.17432560185889,FALSE
"Growing season",107,"Agricultural",114,TRUE,TRUE,477.529296144303,,1.51940952663888,0.138292773284284,0.420448910703454,1.2950400342675,FALSE
"Growing season",107,"Site",114,TRUE,TRUE,476.004784911335,,1.55965941850576,0.227575195209727,0.390792766792306,0.729127828040206,FALSE
"Growing season",107,"Full",114,TRUE,TRUE,478.449890825736,,1.53479856222728,0.246387069452987,0.420695563921707,0.797638605835821,FALSE
"Growing season",108,"Storm",114,TRUE,TRUE,458.39963424679,,1.43918860525418,0.0922286007638547,0.361470736910343,1.00026583767408,FALSE
"Growing season",108,"Agricultural",114,TRUE,TRUE,451.02538205507,,1.35616702859578,0.198972532144867,0.454857576803118,0.993898998649735,FALSE
"Growing season",108,"Site",114,TRUE,TRUE,459.193840851767,,1.48570614096826,0.213418697624638,0.339446677879768,0.463276707683857,FALSE
"Growing season",108,"Full",114,TRUE,TRUE,452.512312424497,,1.38784023560896,0.290990950701521,0.434638411722359,0.546289950994491,FALSE
"Growing season",109,"Storm",114,TRUE,TRUE,432.413649060816,,1.17133970398082,0.221804908243288,0.641037056448301,1.91095323973231,FALSE
"Growing season",109,"Agricultural",114,TRUE,TRUE,433.960900697528,,1.17654853789406,0.250104716145739,0.624985123704032,1.64095274243929,FALSE
"Growing season",109,"Site",114,TRUE,TRUE,438.226358595273,,1.17446162474385,0.287841788794849,0.649239814776953,1.68723014708697,FALSE
"Growing season",109,"Full",114,TRUE,TRUE,440.030568935754,,1.18038814056882,0.312054860967817,0.635119913063596,1.45611306939313,FALSE
"Growing season",110,"Storm",114,TRUE,TRUE,441.869442171555,,1.33712961290586,0.231665465851353,0.462343448878275,0.880571391891837,FALSE
"Growing season",110,"Agricultural",114,TRUE,TRUE,442.142496796551,,1.32881805561651,0.257206221174007,0.463232243285294,0.773220682464446,FALSE
"Growing season",110,"Site",114,TRUE,TRUE,446.687193545059,,1.34069750076941,0.28381071024747,0.472079148735074,0.728344284207061,FALSE
"Growing season",110,"Full",114,TRUE,TRUE,447.026038330558,,1.33717066538128,0.305023501484623,0.467412131107376,0.614105135907462,FALSE
"Growing season",111,"Storm",114,TRUE,TRUE,483.98530602309,,1.66640229527707,0.152658552758121,0.333743348077717,0.848251658059932,FALSE
"Growing season",111,"Agricultural",114,TRUE,TRUE,487.146806354553,,1.67384333346541,0.165048768333594,0.329973197529786,0.770762777884782,FALSE
"Growing season",111,"Site",114,TRUE,TRUE,486.03486684592,,1.70205798044782,0.241945798179929,0.337222695937851,0.452234674510506,FALSE
"Growing season",111,"Full",114,TRUE,TRUE,488.329372267785,,1.73576695097452,0.257479572297595,0.318650191256747,0.287384298589417,FALSE
"Growing season",112,"Storm",114,TRUE,TRUE,453.616869177724,,1.36355966790091,0.244030136214775,0.534811780560254,1.35348307700447,FALSE
"Growing season",112,"Agricultural",114,TRUE,TRUE,450.789819255052,,1.33074592552141,0.317146128853179,0.570150297965249,1.21053902842168,FALSE
"Growing season",112,"Site",114,TRUE,TRUE,456.300089821006,,1.36932297806033,0.324679889993208,0.538098795979331,0.994714117183966,FALSE
"Growing season",112,"Full",114,TRUE,TRUE,454.085454002844,,1.33569890211842,0.376577723159102,0.569970535604694,0.920004083474974,FALSE
"Growing season",113,"Storm",114,TRUE,TRUE,432.585461554916,,1.2662791212265,0.325402023540432,0.542808082802454,0.883892855534456,FALSE
"Growing season",113,"Agricultural",114,TRUE,TRUE,429.579240593065,,1.19492912616064,0.363986342812163,0.608662832677608,1.05068235009027,FALSE
"Growing season",113,"Site",114,TRUE,TRUE,433.504489708421,,1.2842199019057,0.429433808245468,0.557622000309477,0.538525154706123,FALSE
"Growing season",113,"Full",114,TRUE,TRUE,432.075154054338,,1.21166519315245,0.445885971394882,0.611103806761392,0.718420791249185,FALSE
"Growing season",114,"Storm",114,TRUE,TRUE,479.218076562818,,1.59419684372645,0.220916350885198,0.440841198681165,1.13604756389096,FALSE
"Growing season",114,"Agricultural",114,TRUE,TRUE,482.624935731724,,1.58553769911737,0.228245772307571,0.451378327441399,1.16393697081975,FALSE
"Growing season",114,"Site",114,TRUE,TRUE,479.931001289252,,1.62455232830904,0.293710123838604,0.413594605113587,0.593587304330481,FALSE
"Growing season",114,"Full",114,TRUE,TRUE,483.862162598276,,1.61794017090449,0.293815286655714,0.419091522577356,0.622700288721294,FALSE
"Growing season",115,"Storm",114,TRUE,TRUE,484.967942012217,,1.64590589834087,0.234703272653287,0.436477112208164,1.09860522602378,FALSE
"Growing season",115,"Agricultural",114,TRUE,TRUE,487.307482119115,,1.61942157860927,0.247455257785505,0.461661717452157,1.18814140566086,FALSE
"Growing season",115,"Site",114,TRUE,TRUE,482.160819213846,,1.68539005105681,0.366702525721303,0.441349132824538,0.409455975818297,FALSE
"Growing season",115,"Full",114,TRUE,TRUE,485.561075655653,,1.65672634767646,0.369330657911976,0.460296876404005,0.504554168699041,FALSE
"Growing season",116,"Storm",114,TRUE,TRUE,464.637354655442,,1.41240662996533,0.18839307406325,0.523203939737287,1.64350858840815,FALSE
"Growing season",116,"Agricultural",114,TRUE,TRUE,467.127396845527,,1.39301552574204,0.209514261031998,0.549897952604659,1.72747272005156,FALSE
"Growing season",116,"Site",114,TRUE,TRUE,466.357810651923,,1.43939128503818,0.298734463515957,0.508204185528208,1.01055141216712,FALSE
"Growing season",116,"Full",114,TRUE,TRUE,468.990376744523,,1.41548977221993,0.311996183188697,0.535156216075311,1.10814758981398,FALSE
"Growing season",117,"Storm",114,TRUE,TRUE,478.178133173218,,1.52110073889868,0.135603418917427,0.464945305004764,1.65976853243735,FALSE
"Growing season",117,"Agricultural",114,TRUE,TRUE,476.702008431522,,1.46678070762876,0.191101723140416,0.524087613650979,1.7651800584287,FALSE
"Growing season",117,"Site",114,TRUE,TRUE,480.844696857448,,1.55155021778602,0.233562569433877,0.446012103807619,1.05022785599191,FALSE
"Growing season",117,"Full",114,TRUE,TRUE,479.628185824151,,1.50082262401303,0.277851085449976,0.49550384536391,1.11233455298675,FALSE
"Growing season",118,"Storm",114,TRUE,TRUE,446.972746300752,,1.35710010914894,0.237597869181367,0.477728611435448,0.976549730310829,FALSE
"Growing season",118,"Agricultural",114,TRUE,TRUE,448.614107639577,,1.34593071872657,0.259740967823122,0.489364305383725,0.938293974455442,FALSE
"Growing season",118,"Site",114,TRUE,TRUE,451.460123968284,,1.3603998937667,0.29685861776347,0.489931433961126,0.799249354720279,FALSE
"Growing season",118,"Full",114,TRUE,TRUE,453.420258947107,,1.34570582181673,0.310038625138154,0.502438021182905,0.799882365373126,FALSE
"Growing season",119,"Storm",114,TRUE,TRUE,461.649129975024,,1.35467657532604,0.1348424481787,0.542058177266704,1.94626387121993,FALSE
"Growing season",119,"Agricultural",114,TRUE,TRUE,462.880350972737,,1.32524939920735,0.16857422909837,0.579482852910262,2.05548121034742,FALSE
"Growing season",119,"Site",114,TRUE,TRUE,462.435863847226,,1.37007552215668,0.278371306258247,0.543539791080466,1.27381261842557,FALSE
"Growing season",119,"Full",114,TRUE,TRUE,464.767078297219,,1.33876456110671,0.291334169609439,0.57854097595218,1.43830178855902,FALSE
"Growing season",120,"Storm",114,TRUE,TRUE,427.657281532402,,1.2013907450352,0.21417081847833,0.520979164930581,1.08830910118496,FALSE
"Growing season",120,"Agricultural",114,TRUE,TRUE,424.602931803758,,1.14449042579472,0.259943282272739,0.579971001927337,1.18481624775278,FALSE
"Growing season",120,"Site",114,TRUE,TRUE,428.41919398007,,1.23928715377127,0.338197433153799,0.502063010526979,0.574404739206609,FALSE
"Growing season",120,"Full",114,TRUE,TRUE,425.737974002896,,1.18005917910642,0.373345328493982,0.555396648164458,0.655809056546195,FALSE
"Growing season",121,"Storm",114,TRUE,TRUE,466.842740605848,,1.58691799925824,0.234352572766116,0.363333226332353,0.562555586472364,FALSE
"Growing season",121,"Agricultural",114,TRUE,TRUE,469.37297013667,,1.55771788413442,0.240944778621363,0.386672400561656,0.641332711986553,FALSE
"Growing season",121,"Site",114,TRUE,TRUE,462.79236319164,,1.68730610290352,0.375724536221765,,0,TRUE
"Growing season",121,"Full",114,TRUE,TRUE,466.675551343376,,1.68644186227464,0.376367410503722,,0,TRUE
"Growing season",122,"Storm",114,TRUE,TRUE,460.735195124831,,1.40439876836394,0.186669874044254,0.497986845978496,1.43134845426181,FALSE
"Growing season",122,"Agricultural",114,TRUE,TRUE,464.5048808043,,1.40435333689131,0.189727566076025,0.498011562255507,1.41661550517617,FALSE
"Growing season",122,"Site",114,TRUE,TRUE,458.694899758838,,1.44004921009758,0.315909624140677,0.470282977503399,0.678014091993022,FALSE
"Growing season",122,"Full",114,TRUE,TRUE,461.182418700292,,1.44189492721183,0.33055838481672,0.470415060954255,0.612691397627616,FALSE
"Growing season",123,"Storm",114,TRUE,TRUE,472.695431122732,,1.5198194625875,0.169985996550108,0.425344065447807,1.18299497742304,FALSE
"Growing season",123,"Agricultural",114,TRUE,TRUE,473.789750964147,,1.51652922887893,0.199799768634789,0.426578036515274,1.04199473782637,FALSE
"Growing season",123,"Site",114,TRUE,TRUE,475.647200313836,,1.54311794255681,0.229629666685673,0.40290143382645,0.778719456197813,FALSE
"Growing season",123,"Full",114,TRUE,TRUE,477.506613637952,,1.52899459676804,0.254150578168224,0.421603847520605,0.762652705455864,FALSE
"Growing season",124,"Storm",114,TRUE,TRUE,469.127912538234,,1.37299900251642,0.0805835540957069,0.547853612337066,2.34815514377592,FALSE
"Growing season",124,"Agricultural",114,TRUE,TRUE,471.585659799105,,1.36453493339721,0.0961590015370787,0.554301935336225,2.30631799579592,FALSE
"Growing season",124,"Site",114,TRUE,TRUE,471.352432599913,,1.39918172042376,0.223417145617221,0.537725502476533,1.57154102283098,FALSE
"Growing season",124,"Full",114,TRUE,TRUE,474.439852330151,,1.38944862574296,0.229077702944709,0.546489791777655,1.59770506619327,FALSE
"Growing season",125,"Storm",114,TRUE,TRUE,446.748259274871,,1.23743659859672,0.223604653682804,0.605874061088848,1.80126587516966,FALSE
"Growing season",125,"Agricultural",114,TRUE,TRUE,446.096267247538,,1.20842497079106,0.261064340287902,0.630417453389965,1.77240733307336,FALSE
"Growing season",125,"Site",114,TRUE,TRUE,444.89888243801,,1.23931949760438,0.340356617595815,0.598401404685072,1.17249874060334,FALSE
"Growing season",125,"Full",114,TRUE,TRUE,447.032667090992,,1.21613085900368,0.343961811459087,0.616430732503169,1.25481128002306,FALSE
"Growing season",126,"Storm",114,TRUE,TRUE,466.895928733397,,1.43369805936468,0.119476218498111,0.469223368214489,1.58901446819458,FALSE
"Growing season",126,"Agricultural",114,TRUE,TRUE,469.73970041583,,1.4410198821164,0.147192807344901,0.465210758652507,1.44087754862785,FALSE
"Growing season",126,"Site",114,TRUE,TRUE,470.379330349534,,1.45421246510092,0.201359223900717,0.454206187008958,1.12789167156713,FALSE
"Growing season",126,"Full",114,TRUE,TRUE,473.631526014891,,1.44663727596512,0.217304673427851,0.468650979738455,1.14100250704969,FALSE
"Growing season",127,"Storm",114,TRUE,TRUE,442.804277325746,,1.29089002130236,0.259455902628382,0.534113754672547,1.15617146263168,FALSE
"Growing season",127,"Agricultural",114,TRUE,TRUE,435.407369684191,,1.23387308692492,0.36852622606021,0.59582340373573,1.00501433187484,FALSE
"Growing season",127,"Site",114,TRUE,TRUE,447.932408002037,,1.30265205436517,0.305692634808554,0.529328446971172,0.937555220002309,FALSE
"Growing season",127,"Full",114,TRUE,TRUE,438.231849101638,,1.2456247587166,0.417545934881054,0.585579292680769,0.72495187840538,FALSE
"Growing season",128,"Storm",114,TRUE,TRUE,449.276812659623,,1.35215103469471,0.237439488265746,0.502107505506008,1.12871080008566,FALSE
"Growing season",128,"Agricultural",114,TRUE,TRUE,450.344871583738,,1.33761446135595,0.27003872479169,0.519835956035788,1.07979754323394,FALSE
"Growing season",128,"Site",114,TRUE,TRUE,446.337458325097,,1.37323081153714,0.365672729434971,0.495748382021965,0.543599077569672,FALSE
"Growing season",128,"Full",114,TRUE,TRUE,448.979613847146,,1.37150262770329,0.380210636337949,0.501369266092848,0.509126916233976,FALSE
"Growing season",129,"Storm",114,TRUE,TRUE,456.88194944733,,1.37729732684526,0.219233479687043,0.510808077756042,1.32406555276095,FALSE
"Growing season",129,"Agricultural",114,TRUE,TRUE,448.240410876434,,1.24819180309754,0.321985612393581,0.646310666871436,1.70580180777209,FALSE
"Growing season",129,"Site",114,TRUE,TRUE,461.392534243297,,1.39123346441794,0.25750937581077,0.490286120650496,1.02140824744207,FALSE
"Growing season",129,"Full",114,TRUE,TRUE,451.611671838377,,1.25599622046749,0.353529328049584,0.620740044365386,1.31191128144426,FALSE
"Growing season",130,"Storm",114,TRUE,TRUE,482.690721388151,,1.57283543178217,0.1272393248831,0.420153834877027,1.44805654222726,FALSE
"Growing season",130,"Agricultural",114,TRUE,TRUE,485.123723833102,,1.56870354943866,0.15497340400433,0.430167775463954,1.37384206948416,FALSE
"Growing season",130,"Site",114,TRUE,TRUE,483.625000180684,,1.59938179817823,0.260180418427381,0.429039476078623,0.851751633064144,FALSE
"Growing season",130,"Full",114,TRUE,TRUE,486.972579699877,,1.60035379064204,0.269108434528589,0.430576898932589,0.815803396279776,FALSE
"Growing season",131,"Storm",114,TRUE,TRUE,459.962554320718,,1.42374151644382,0.239704779996525,0.49191658242445,1.16691886609125,FALSE
"Growing season",131,"Agricultural",114,TRUE,TRUE,462.250418146065,,1.42593249879094,0.2566282355586,0.487734497590856,1.05835000376889,FALSE
"Growing season",131,"Site",114,TRUE,TRUE,459.208101748942,,1.4536094899848,0.328964911195776,0.464903269466086,0.600046617456121,FALSE
"Growing season",131,"Full",114,TRUE,TRUE,462.75473095042,,1.46266586655461,0.334584863698907,0.458537804604939,0.544362795342653,FALSE
"Growing season",132,"Storm",114,TRUE,TRUE,466.588550981296,,1.44484235969636,0.197396409343457,0.505498647312227,1.51523543821564,FALSE
"Growing season",132,"Agricultural",114,TRUE,TRUE,468.647975314796,,1.41399294186127,0.230940737888451,0.55141451387076,1.67467115925129,FALSE
"Growing season",132,"Site",114,TRUE,TRUE,469.032701141883,,1.46384821101777,0.249341089242301,0.468866468683108,1.01102610992791,FALSE
"Growing season",132,"Full",114,TRUE,TRUE,471.528069308022,,1.42717842701457,0.270285992679413,0.516670762437747,1.19785470147665,FALSE
"Growing season",133,"Storm",114,TRUE,TRUE,446.713132381046,,1.32803709216529,0.253602397733513,0.531988147887115,1.22138167277849,FALSE
"Growing season",133,"Agricultural",114,TRUE,TRUE,445.83130994443,,1.28209193024937,0.283406925955598,0.575155432712531,1.32329109144432,FALSE
"Growing season",133,"Site",114,TRUE,TRUE,440.258955104264,,1.35893682740689,0.438373723629366,0.537920402051861,0.439396282345618,FALSE
"Growing season",133,"Full",114,TRUE,TRUE,441.625703424569,,1.32169050860449,0.453248310407995,0.568405029368309,0.520564492234751,FALSE
"Growing season",134,"Storm",114,TRUE,TRUE,467.48630998428,,1.51136037780105,0.122112161730242,0.355791346625853,0.946684251706935,FALSE
"Growing season",134,"Agricultural",114,TRUE,TRUE,469.223267005022,,1.4807818814377,0.139224561423879,0.388053374180408,1.02529757286699,FALSE
"Growing season",134,"Site",114,TRUE,TRUE,468.963374673097,,1.53493082801078,0.230086626688608,0.366087634665019,0.56070988275975,FALSE
"Growing season",134,"Full",114,TRUE,TRUE,471.208550659148,,1.49958778237526,0.239466563125693,0.396900760190451,0.658324809632101,FALSE
"Growing season",135,"Storm",114,TRUE,TRUE,469.789587317619,,1.41525076847936,0.145942224373903,0.531424870484383,1.96168469532988,FALSE
"Growing season",135,"Agricultural",114,TRUE,TRUE,468.266019286815,,1.38564654095953,0.216484499335917,0.564451328113122,1.82343570458839,FALSE
"Growing season",135,"Site",114,TRUE,TRUE,473.134982826438,,1.41676319171909,0.232983568730682,0.540451472178553,1.58160280707146,FALSE
"Growing season",135,"Full",114,TRUE,TRUE,471.066301442654,,1.38745708165802,0.302406425717681,0.572689006503884,1.42966154652653,FALSE
"Growing season",136,"Storm",114,TRUE,TRUE,452.776500378008,,1.38654914993517,0.177062919996474,0.445781209819582,1.07575205142922,FALSE
"Growing season",136,"Agricultural",114,TRUE,TRUE,450.655658355745,,1.34500541599309,0.233790091417817,0.490569791436427,1.05436135700443,FALSE
"Growing season",136,"Site",114,TRUE,TRUE,453.384205666939,,1.41006293782845,0.316221343164845,0.463215765862668,0.610063686007462,FALSE
"Growing season",136,"Full",114,TRUE,TRUE,452.563983007611,,1.34991814443894,0.352717644309229,0.52363794061084,0.743039715219869,FALSE
"Growing season",137,"Storm",114,TRUE,TRUE,447.900335005472,,1.49910682917689,0.37617260059017,0.451810675241136,0.335074549902671,FALSE
"Growing season",137,"Agricultural",114,TRUE,TRUE,444.963098949041,,1.43300170839106,0.418112840921122,0.504107046012096,0.389112949435713,FALSE
"Growing season",137,"Site",114,TRUE,TRUE,446.311449525695,,1.56964350409102,0.460483585799248,,1.04974298540156e-15,TRUE
"Growing season",137,"Full",114,TRUE,TRUE,445.164166004443,,1.53134192029757,0.48460929483573,0.485716010822288,0.0050570676462445,FALSE
"Growing season",138,"Storm",114,TRUE,TRUE,466.586896668557,,1.49984273418429,0.293086995356913,0.50141137570536,1.07292940171843,FALSE
"Growing season",138,"Agricultural",114,TRUE,TRUE,469.76136593942,,1.49547565192885,0.299602130807961,0.504849697745626,1.05778484118678,FALSE
"Growing season",138,"Site",114,TRUE,TRUE,472.477037068428,,1.51830998453855,0.325442680337801,0.490934705095176,0.844132620646068,FALSE
"Growing season",138,"Full",114,TRUE,TRUE,475.568166414389,,1.51519721276861,0.329651711379972,0.491210354749899,0.820118750372689,FALSE
"Growing season",139,"Storm",114,TRUE,TRUE,472.455900575887,,1.66594754650447,0.188590996697815,0.292029731127506,0.438724873400928,FALSE
"Growing season",139,"Agricultural",114,TRUE,TRUE,473.229796699623,,1.58293026598538,0.229333088457505,0.383494954257801,0.696293335474769,FALSE
"Growing season",139,"Site",114,TRUE,TRUE,477.328440667717,,1.6758483082322,0.232418076253638,0.304149461976964,0.308438028879166,FALSE
"Growing season",139,"Full",114,TRUE,TRUE,478.713050268354,,1.5933365605894,0.26818504740053,0.3883523966272,0.547457279308368,FALSE
"Growing season",140,"Storm",114,TRUE,TRUE,449.580464368429,,1.30102783187745,0.151698427899774,0.547377898617922,1.75151245626916,FALSE
"Growing season",140,"Agricultural",114,TRUE,TRUE,451.464960936709,,1.29121855472803,0.180317285947054,0.559213706250335,1.69500623663132,FALSE
"Growing season",140,"Site",114,TRUE,TRUE,453.665129446666,,1.30759199264369,0.244600264254802,0.555687020100437,1.40151585934343,FALSE
"Growing season",140,"Full",114,TRUE,TRUE,455.813815080246,,1.294414298593,0.26319578368516,0.5702733150629,1.40317526530209,FALSE
"Growing season",141,"Storm",114,TRUE,TRUE,475.847859911745,,1.4858651339275,0.159820603097801,0.49438330869926,1.71644949081893,FALSE
"Growing season",141,"Agricultural",114,TRUE,TRUE,478.25526411835,,1.47369014380669,0.169610136592893,0.502772497864092,1.71078895276074,FALSE
"Growing season",141,"Site",114,TRUE,TRUE,476.26235439535,,1.50100335905454,0.278909751543946,0.491952446601543,1.08435085021561,FALSE
"Growing season",141,"Full",114,TRUE,TRUE,478.696935956101,,1.50614738929177,0.276225883228301,0.473194813282103,0.967544980993914,FALSE
"Growing season",142,"Storm",114,TRUE,TRUE,490.055798148567,,1.66781856658328,0.108419223201919,0.390363056009882,1.45769569340147,FALSE
"Growing season",142,"Agricultural",114,TRUE,TRUE,493.763398560456,,1.66736431775038,0.11292327882445,0.391027158551414,1.43784978328634,FALSE
"Growing season",142,"Site",114,TRUE,TRUE,490.424102524066,,1.70456003913801,0.247920044321185,0.382549615930467,0.694362040555735,FALSE
"Growing season",142,"Full",114,TRUE,TRUE,494.088523822006,,1.6893742627285,0.251749816600384,0.398367858182149,0.766095871788311,FALSE
"Growing season",143,"Storm",114,TRUE,TRUE,481.929789250117,,1.62106611946184,0.162027046156914,0.382047825967807,1.0627296713335,FALSE
"Growing season",143,"Agricultural",114,TRUE,TRUE,484.721185413853,,1.61660278197452,0.173552306194747,0.385894516001037,1.02474216961498,FALSE
"Growing season",143,"Site",114,TRUE,TRUE,479.508315646108,,1.81565959717697,0.27407511565547,,0,TRUE
"Growing season",143,"Full",114,TRUE,TRUE,482.287170084578,,1.80596109834806,0.281858735467652,,0,TRUE
"Growing season",144,"Storm",114,TRUE,TRUE,432.443488528286,,1.26495879870156,0.284477957082023,0.535663117655027,0.999292959327667,FALSE
"Growing season",144,"Agricultural",114,TRUE,TRUE,435.395363186228,,1.27279540945958,0.303553502150683,0.529697513266897,0.893831704557122,FALSE
"Growing season",144,"Site",114,TRUE,TRUE,437.99991647786,,1.26001484766497,0.3209079733618,0.547985958503637,0.9172605590435,FALSE
"Growing season",144,"Full",114,TRUE,TRUE,441.417258779731,,1.267773301305,0.331938218894674,0.541225521963258,0.839008590362912,FALSE
"Growing season",145,"Storm",114,TRUE,TRUE,463.979961827038,,1.49504397892748,0.215722310671448,0.432216980897802,0.968262100763561,FALSE
"Growing season",145,"Agricultural",114,TRUE,TRUE,462.535562531242,,1.44004402004142,0.277072336054964,0.499685295461793,1.05687126170854,FALSE
"Growing season",145,"Site",114,TRUE,TRUE,469.196604826556,,1.49916805709241,0.247944263500747,0.429960899276539,0.807686638628754,FALSE
"Growing season",145,"Full",114,TRUE,TRUE,467.374741700726,,1.42803011537001,0.315046779594361,0.517090876744872,0.974113079911378,FALSE
"Growing season",146,"Storm",114,TRUE,TRUE,456.52814519,,1.47990109075638,0.262726464672332,0.429027824043541,0.713956818228342,FALSE
"Growing season",146,"Agricultural",114,TRUE,TRUE,452.628437120763,,1.42169461437279,0.333107926503603,0.491716090213027,0.708400832347344,FALSE
"Growing season",146,"Site",114,TRUE,TRUE,460.253855593223,,1.52392899842464,0.315259010958473,0.402837888556213,0.36860597431859,FALSE
"Growing season",146,"Full",114,TRUE,TRUE,454.295146750455,,1.49966281492858,0.387978748042173,0.437490784494622,0.209622138128938,FALSE
"Growing season",147,"Storm",114,TRUE,TRUE,442.972115345109,,1.33256223117082,0.273675886883941,0.505128062621454,0.957064994487299,FALSE
"Growing season",147,"Agricultural",114,TRUE,TRUE,444.745922633664,,1.29395017068227,0.300145677785865,0.556223035556295,1.12516208404749,FALSE
"Growing season",147,"Site",114,TRUE,TRUE,445.663449056878,,1.32872118333218,0.335019182141753,0.515467541213016,0.748780446285229,FALSE
"Growing season",147,"Full",114,TRUE,TRUE,448.099248687297,,1.28632443470459,0.351788834735439,0.566321475868359,0.945942034424973,FALSE
"Growing season",148,"Storm",114,TRUE,TRUE,480.517715227516,,1.55707597926197,0.218908936724824,0.511608950867839,1.67128143084514,FALSE
"Growing season",148,"Agricultural",114,TRUE,TRUE,482.28241296253,,1.55576221968662,0.246362197388754,0.510502491717384,1.49563923283632,FALSE
"Growing season",148,"Site",114,TRUE,TRUE,480.817571415847,,1.5519680988593,0.371922103244155,0.556420807545902,1.13427225400994,FALSE
"Growing season",148,"Full",114,TRUE,TRUE,483.277908304653,,1.54918135467932,0.384189365488148,0.557281332421591,1.05945894092478,FALSE
"Growing season",149,"Storm",114,TRUE,TRUE,487.885695080168,,1.52385466139714,0.157476012966779,0.533449726629437,2.24020166767079,FALSE
"Growing season",149,"Agricultural",114,TRUE,TRUE,488.794905620146,,1.52252709154521,0.204636204942196,0.536671541951343,1.97608624091948,FALSE
"Growing season",149,"Site",114,TRUE,TRUE,492.678368386458,,1.53867597201552,0.209241265270182,0.519515296213928,1.80813004885502,FALSE
"Growing season",149,"Full",114,TRUE,TRUE,493.216076422234,,1.5385699441129,0.252691509710324,0.520435103339168,1.55019538037339,FALSE
"Growing season",150,"Storm",114,TRUE,TRUE,484.723659304407,,1.65466042398682,0.198925043078306,0.388077587980026,0.957565759178164,FALSE
"Growing season",150,"Agricultural",114,TRUE,TRUE,486.41169779197,,1.66314903111508,0.230011964713097,0.38786047066216,0.798769328334609,FALSE
"Growing season",150,"Site",114,TRUE,TRUE,482.997603662961,,1.66901059752739,0.300162437705241,0.396189755771559,0.48332848220316,FALSE
"Growing season",150,"Full",114,TRUE,TRUE,485.900317161406,,1.68714386281147,0.310673125109457,0.386948776946751,0.381721574469191,FALSE
"Growing season",151,"Storm",114,TRUE,TRUE,480.267402380836,,1.66353346953153,0.29777095857248,0.437680001494811,0.763668599619027,FALSE
"Growing season",151,"Agricultural",114,TRUE,TRUE,484.195495957714,,1.66582618491079,0.2976125203191,0.434980644580841,0.747436089278958,FALSE
"Growing season",151,"Site",114,TRUE,TRUE,481.552669209241,,1.65498358678727,0.350488662156308,0.44731215910405,0.523344647071348,FALSE
"Growing season",151,"Full",114,TRUE,TRUE,485.416530576675,,1.65660168493143,0.351599498271111,0.446270183665447,0.511164100877192,FALSE
"Growing season",152,"Storm",114,TRUE,TRUE,453.981485866337,,1.33754716156304,0.163560237611446,0.495111311061223,1.3942564693903,FALSE
"Growing season",152,"Agricultural",114,TRUE,TRUE,452.740588982077,,1.27421114120822,0.208462029363679,0.568205889584808,1.62528412407276,FALSE
"Growing season",152,"Site",114,TRUE,TRUE,452.140950062271,,1.34227586918164,0.312966093424264,0.51435283050304,0.863879673444216,FALSE
"Growing season",152,"Full",114,TRUE,TRUE,450.544855400991,,1.28123729902114,0.35095098923313,0.572281697414253,0.994891951916773,FALSE
"Growing season",153,"Storm",114,TRUE,TRUE,469.211317238914,,1.47862733215885,0.0996044902908924,0.423532469979114,1.42163632745711,FALSE
"Growing season",153,"Agricultural",114,TRUE,TRUE,467.483004431098,,1.40612885380203,0.166540195223505,0.519192846463493,1.69948582026983,FALSE
"Growing season",153,"Site",114,TRUE,TRUE,470.886570084706,,1.49357060892261,0.200625161570166,0.414968522325262,0.925672480585451,FALSE
"Growing season",153,"Full",114,TRUE,TRUE,471.294197701469,,1.41896989510904,0.235987801203839,0.506446158215941,1.27519394524341,FALSE
"Growing season",154,"Storm",114,TRUE,TRUE,492.821919214411,,1.61550997095653,0.167224839546328,0.496467964753473,1.99151176802654,FALSE
"Growing season",154,"Agricultural",114,TRUE,TRUE,496.777666210909,,1.6159285968653,0.167529247784851,0.495706521080045,1.98264551532614,FALSE
"Growing season",154,"Site",114,TRUE,TRUE,495.629002495688,,1.62911057643174,0.254440220065311,0.491848652958995,1.42322313811085,FALSE
"Growing season",154,"Full",114,TRUE,TRUE,499.530448489303,,1.62537140919932,0.25350255546535,0.49458134058942,1.44789984338148,FALSE
"Growing season",155,"Storm",114,TRUE,TRUE,434.459657561722,,1.21098051376153,0.299325746002382,0.619612831722871,1.4640388453084,FALSE
"Growing season",155,"Agricultural",114,TRUE,TRUE,438.242175685724,,1.22213891145486,0.307800624077208,0.6067387712645,1.34024179197096,FALSE
"Growing season",155,"Site",114,TRUE,TRUE,434.922662718205,,1.222361059401,0.408097796223964,0.616583182233745,0.944267928653847,FALSE
"Growing season",155,"Full",114,TRUE,TRUE,437.272331964014,,1.26513729512469,0.438495748066731,0.581765784381555,0.622498660808462,FALSE
"Growing season",156,"Storm",114,TRUE,TRUE,449.969462911428,,1.36702499616446,0.253580404000367,0.515680145908827,1.16534521853478,FALSE
"Growing season",156,"Agricultural",114,TRUE,TRUE,452.439166202599,,1.36391165956674,0.274811292583766,0.521373564073757,1.10160833243694,FALSE
"Growing season",156,"Site",114,TRUE,TRUE,454.185237502395,,1.38669099557258,0.319559154963877,0.506735150175111,0.826181504519461,FALSE
"Growing season",156,"Full",114,TRUE,TRUE,456.966023230228,,1.38517723143399,0.333129441897992,0.509823006754977,0.781103122915108,FALSE
"Growing season",157,"Storm",114,TRUE,TRUE,420.486155933029,,1.1725114411349,0.402771943230452,0.643711700792237,1.08472269737183,FALSE
"Growing season",157,"Agricultural",114,TRUE,TRUE,422.189145025986,,1.15439738183829,0.414010861042627,0.658736900956695,1.11784622653211,FALSE
"Growing season",157,"Site",114,TRUE,TRUE,418.579487538462,,1.1955573757047,0.519284790231672,0.638778288885453,0.533286430125258,FALSE
"Growing season",157,"Full",114,TRUE,TRUE,421.406017437536,,1.17454713304839,0.522832632799867,0.655435899153478,0.603304042795005,FALSE
"Growing season",158,"Storm",114,TRUE,TRUE,439.832506878554,,1.24612451574669,0.292000292505262,0.608187833069935,1.48644858565812,FALSE
"Growing season",158,"Agricultural",114,TRUE,TRUE,438.534347443489,,1.25406678461419,0.348873879794173,0.593329834252535,1.10495897324009,FALSE
"Growing season",158,"Site",114,TRUE,TRUE,445.378259636146,,1.24852808463469,0.321570857186784,0.60379748685356,1.30912429909342,FALSE
"Growing season",158,"Full",114,TRUE,TRUE,443.533984328546,,1.26403214917352,0.382005462284605,0.583251910051554,0.891409841680811,FALSE
"Growing season",159,"Storm",114,TRUE,TRUE,455.573786869363,,1.33986610500006,0.232878090441862,0.578665623649121,1.73865688219238,FALSE
"Growing season",159,"Agricultural",114,TRUE,TRUE,454.910132082957,,1.32769854574293,0.268923897977703,0.577613808260063,1.51235124411446,FALSE
"Growing season",159,"Site",114,TRUE,TRUE,460.422483042954,,1.36364548142879,0.261470774970057,0.536177746189065,1.28015551981626,FALSE
"Growing season",159,"Full",114,TRUE,TRUE,459.282671671929,,1.36008374131433,0.305061006774742,0.529544646656314,1.01510478598578,FALSE
"Growing season",160,"Storm",114,TRUE,TRUE,449.783369823149,,1.37061233950947,0.205225047598441,0.472116232092173,1.09260005911684,FALSE
"Growing season",160,"Agricultural",114,TRUE,TRUE,450.97996491352,,1.33424315405566,0.240528123109585,0.523710900168184,1.22673249814691,FALSE
"Growing season",160,"Site",114,TRUE,TRUE,451.947979815702,,1.39406446635834,0.268593952677642,0.439663404810202,0.665975806358111,FALSE
"Growing season",160,"Full",114,TRUE,TRUE,454.81969538176,,1.36040559909531,0.281681296526367,0.482239360061587,0.814192840383148,FALSE
"Growing season",161,"Storm",114,TRUE,TRUE,456.040338755536,,1.38857242586239,0.219395446331007,0.533276867755627,1.49527351402457,FALSE
"Growing season",161,"Agricultural",114,TRUE,TRUE,459.220863117306,,1.37873410463249,0.235391873085506,0.550379459366938,1.53805447692667,FALSE
"Growing season",161,"Site",114,TRUE,TRUE,457.036958368671,,1.40736189167006,0.369127190052498,0.547392256927286,0.879649375168336,FALSE
"Growing season",161,"Full",114,TRUE,TRUE,460.841533441609,,1.40123589644934,0.370342875111842,0.55398068878514,0.913340483554088,FALSE
"Growing season",162,"Storm",114,TRUE,TRUE,465.838354433091,,1.39300332413403,0.126935439927231,0.5527789106338,2.18531173441669,FALSE
"Growing season",162,"Agricultural",114,TRUE,TRUE,468.806083639382,,1.37975144880065,0.138523743305883,0.569451186166618,2.25875110217146,FALSE
"Growing season",162,"Site",114,TRUE,TRUE,468.999229724567,,1.39693493347302,0.202158186622832,0.543150947654738,1.70271565268431,FALSE
"Growing season",162,"Full",114,TRUE,TRUE,471.660756535866,,1.37849369477111,0.214662608580905,0.565020604649743,1.79589244548588,FALSE
"Growing season",163,"Storm",114,TRUE,TRUE,468.015988662585,,1.41595802186005,0.161367224243969,0.524842898448656,1.8162154757589,FALSE
"Growing season",163,"Agricultural",114,TRUE,TRUE,468.425429896711,,1.33404019207721,0.185340410850172,0.6234773735638,2.49942332261127,FALSE
"Growing season",163,"Site",114,TRUE,TRUE,460.373792947319,,1.43825603351872,0.354497515916724,0.508554371981979,0.732297412385192,FALSE
"Growing season",163,"Full",114,TRUE,TRUE,461.157606276861,,1.34744537140663,0.361220465873236,0.587549884088245,1.1600470109635,FALSE
"Growing season",164,"Storm",114,TRUE,TRUE,493.058153805761,,1.64109618775875,0.161458879105798,0.483561660589804,1.93628798152542,FALSE
"Growing season",164,"Agricultural",114,TRUE,TRUE,496.543026688778,,1.6297459164459,0.170532220374126,0.499650608864503,2.01849040964013,FALSE
"Growing season",164,"Site",114,TRUE,TRUE,497.680860941639,,1.6548857024443,0.186648651481525,0.448934797419664,1.48474078197162,FALSE
"Growing season",164,"Full",114,TRUE,TRUE,500.991431235649,,1.64062063049195,0.190711569973696,0.463650589834071,1.56489596114086,FALSE
"Growing season",165,"Storm",114,TRUE,TRUE,450.407903402496,,1.46328183728732,0.313128538175024,0.44588660800293,0.568549568893129,FALSE
"Growing season",165,"Agricultural",114,TRUE,TRUE,452.203306767692,,1.48654709590542,0.336415618761552,0.431110154299315,0.400240903234416,FALSE
"Growing season",165,"Site",114,TRUE,TRUE,452.713608691304,,1.45603731983226,0.38565937087203,0.479706396661467,0.418660859964566,FALSE
"Growing season",165,"Full",114,TRUE,TRUE,454.710375805202,,1.49074741427613,0.398951039861777,0.455945878221708,0.248071412073662,FALSE
"Growing season",166,"Storm",114,TRUE,TRUE,471.776412355218,,1.51497603011873,0.27552215798822,0.493408087907947,1.13995441510127,FALSE
"Growing season",166,"Agricultural",114,TRUE,TRUE,472.730828501993,,1.49263484755829,0.300620405830878,0.513266483137563,1.12503677176226,FALSE
"Growing season",166,"Site",114,TRUE,TRUE,472.373685508217,,1.55682188263097,0.337564569650569,0.455495231498356,0.582792474944508,FALSE
"Growing season",166,"Full",114,TRUE,TRUE,474.957404714524,,1.5515894267202,0.344767621004414,0.457917418407261,0.556748444467454,FALSE
"Growing season",167,"Storm",114,TRUE,TRUE,444.330343332226,,1.39908428505909,0.286100128321486,0.445906816862249,0.634503966322562,FALSE
"Growing season",167,"Agricultural",114,TRUE,TRUE,443.757264663978,,1.29202596957046,0.297207166654917,0.546358004871962,1.06981282320246,FALSE
"Growing season",167,"Site",114,TRUE,TRUE,438.888209015495,,1.41857946930212,0.416232771071572,0.468342593130278,0.209876028336924,FALSE
"Growing season",167,"Full",114,TRUE,TRUE,439.902062134941,,1.32260733332474,0.416086064837666,0.527999189732898,0.461034065981831,FALSE
"Growing season",168,"Storm",114,TRUE,TRUE,439.613786570852,,1.27666873396345,0.231898506270004,0.532411484574355,1.22418548020224,FALSE
"Growing season",168,"Agricultural",114,TRUE,TRUE,440.684170012474,,1.22753449705849,0.265676931322379,0.601399634852326,1.5016022454083,FALSE
"Growing season",168,"Site",114,TRUE,TRUE,445.948714671646,,1.28304762511929,0.281516260613481,0.540797680155114,1.07953855109324,FALSE
"Growing season",168,"Full",114,TRUE,TRUE,447.411467871086,,1.2272775843432,0.296120759834872,0.608462888598161,1.4182357806895,FALSE
"Growing season",169,"Storm",114,TRUE,TRUE,513.897993424284,,1.85506715019858,0.103624159322752,0.351659023937623,1.49860811892402,FALSE
"Growing season",169,"Agricultural",114,TRUE,TRUE,515.937759196141,,1.84652770903966,0.126660475560138,0.360274306571304,1.41400127864389,FALSE
"Growing season",169,"Site",114,TRUE,TRUE,511.839646941051,,1.94285990007173,0.240310311360447,0.313827861859861,0.432292039686695,FALSE
"Growing season",169,"Full",114,TRUE,TRUE,513.999082004701,,1.96231400503301,0.254051124335211,0.305480557525178,0.300276635668069,FALSE
"Growing season",170,"Storm",114,TRUE,TRUE,466.093723465463,,1.45737704170224,0.0864551682302343,0.396338573710342,1.26662564548899,FALSE
"Growing season",170,"Agricultural",114,TRUE,TRUE,463.924355408384,,1.38053155042196,0.162502678521648,0.500484373333342,1.51934771092819,FALSE
"Growing season",170,"Site",114,TRUE,TRUE,468.09251342117,,1.48324903738008,0.196624566277402,0.389921902091011,0.788928931033875,FALSE
"Growing season",170,"Full",114,TRUE,TRUE,465.872316865224,,1.39865147788539,0.252643925331545,0.484563404993124,1.01541356609221,FALSE
"Growing season",171,"Storm",114,TRUE,TRUE,477.323935235137,,1.61127083274901,0.133594681820639,0.340107301263455,0.912900565575775,FALSE
"Growing season",171,"Agricultural",114,TRUE,TRUE,476.172946601107,,1.55108256855234,0.200301779421822,0.419530677278618,1.03067150923579,FALSE
"Growing season",171,"Site",114,TRUE,TRUE,481.927499265661,,1.62654022710853,0.193509516765835,0.343106294585524,0.666247168826171,FALSE
"Growing season",171,"Full",114,TRUE,TRUE,480.356641313468,,1.56089145980645,0.248667900402098,0.415047922628135,0.774897887790788,FALSE
"Growing season",172,"Storm",114,TRUE,TRUE,457.389144259512,,1.33909639338863,0.202560212974086,0.568438663815842,1.80606771141263,FALSE
"Growing season",172,"Agricultural",114,TRUE,TRUE,460.100691072871,,1.33945306216037,0.224978240410586,0.569451431578208,1.70065930046297,FALSE
"Growing season",172,"Site",114,TRUE,TRUE,458.7778277431,,1.34281602381543,0.318476273178638,0.578703662338554,1.30284971018973,FALSE
"Growing season",172,"Full",114,TRUE,TRUE,461.935590308058,,1.35157628472511,0.329484760189567,0.569098891669506,1.18187709394209,FALSE
"Growing season",173,"Storm",114,TRUE,TRUE,438.524541028742,,1.15260841930435,0.229903994423375,0.721722904062877,2.84822331667751,FALSE
"Growing season",173,"Agricultural",114,TRUE,TRUE,438.774160612864,,1.14191393733953,0.277900157972355,0.727506775922356,2.60406185280483,FALSE
"Growing season",173,"Site",114,TRUE,TRUE,443.276640608593,,1.15898849117192,0.284658865143434,0.709179444052312,2.36328855658771,FALSE
"Growing season",173,"Full",114,TRUE,TRUE,443.668979483586,,1.15029682965775,0.320785098188567,0.710513496458195,2.14079778786705,FALSE
"Growing season",174,"Storm",114,TRUE,TRUE,481.80260530782,,1.56332352596936,0.131938938293237,0.420064752434554,1.41263091313663,FALSE
"Growing season",174,"Agricultural",114,TRUE,TRUE,478.991775519203,,1.46686604373036,0.19917588677635,0.526245220047927,1.76093860829007,FALSE
"Growing season",174,"Site",114,TRUE,TRUE,485.112403558005,,1.59879624681671,0.179455295182686,0.37550262655047,0.908795647601287,FALSE
"Growing season",174,"Full",114,TRUE,TRUE,483.164503317903,,1.49173027619856,0.224231894016537,0.482103314802177,1.28921301459674,FALSE
"Growing season",175,"Storm",114,TRUE,TRUE,464.561050417114,,1.40361454630357,0.149702364758406,0.518055816995298,1.77237553166263,FALSE
"Growing season",175,"Agricultural",114,TRUE,TRUE,465.179527190502,,1.39299791089763,0.18443085306847,0.522968677369999,1.61533807132525,FALSE
"Growing season",175,"Site",114,TRUE,TRUE,459.724622671242,,1.43176987344696,0.374582819378963,0.530621730798226,0.769367908201227,FALSE
"Growing season",175,"Full",114,TRUE,TRUE,459.921067719348,,1.42869757554831,0.40777078596988,0.536606756812636,0.63469327683106,FALSE
"Growing season",176,"Storm",114,TRUE,TRUE,463.42009830312,,1.37149712964104,0.188913049763509,0.5538224864163,1.83687168243192,FALSE
"Growing season",176,"Agricultural",114,TRUE,TRUE,465.767840422336,,1.37694536524214,0.201949906292135,0.540226554918535,1.65651960035918,FALSE
"Growing season",176,"Site",114,TRUE,TRUE,465.412021831032,,1.38395018917291,0.259287173911708,0.531841783341102,1.30752506235441,FALSE
"Growing season",176,"Full",114,TRUE,TRUE,468.69272278938,,1.38307232163178,0.262210846088645,0.529422709653927,1.27192721699463,FALSE
"Growing season",177,"Storm",114,TRUE,TRUE,457.279667946058,,1.40348119474549,0.0886072682669036,0.422850459224592,1.31964341183251,FALSE
"Growing season",177,"Agricultural",114,TRUE,TRUE,459.985684623016,,1.40706057567074,0.10317134762295,0.413743702433515,1.20780963915789,FALSE
"Growing season",177,"Site",114,TRUE,TRUE,461.30376622593,,1.39360926205141,0.163932483320132,0.4490009883562,1.15571828394855,FALSE
"Growing season",177,"Full",114,TRUE,TRUE,464.030958307262,,1.39805834823255,0.159760403605531,0.428128160240904,1.04972670161699,FALSE
"Growing season",178,"Storm",114,TRUE,TRUE,479.471846043069,,1.57706526514061,0.165404656506747,0.403896290551826,1.14437639318391,FALSE
"Growing season",178,"Agricultural",114,TRUE,TRUE,482.456844105297,,1.56819637797409,0.171914316420139,0.410699535357168,1.14683151746416,FALSE
"Growing season",178,"Site",114,TRUE,TRUE,483.920991779213,,1.57740481118366,0.208493143860424,0.40782603972546,0.953870043838419,FALSE
"Growing season",178,"Full",114,TRUE,TRUE,486.730329205216,,1.57377829743429,0.213752505857406,0.406940096277944,0.917128134857707,FALSE
"Growing season",179,"Storm",114,TRUE,TRUE,436.913909200889,,1.45488378912664,0.325926270267213,0.38828177841178,0.229671608580993,FALSE
"Growing season",179,"Agricultural",114,TRUE,TRUE,435.536605741859,,1.41977316919993,0.36359638149442,0.423366032263738,0.222554974531629,FALSE
"Growing season",179,"Site",114,TRUE,TRUE,433.016348807871,,1.48073217882196,0.414517521136283,,0,TRUE
"Growing season",179,"Full",114,TRUE,TRUE,434.18237792937,,1.46120379791904,0.428891535071763,0.429376665953931,0.00181676207336292,FALSE
"Growing season",180,"Storm",114,TRUE,TRUE,463.127690075042,,1.48970491848097,0.31047646250947,0.487466283966362,0.872691991720725,FALSE
"Growing season",180,"Agricultural",114,TRUE,TRUE,454.023025731368,,1.38747242264208,0.417873086629716,0.584645117799552,0.887560093425339,FALSE
"Growing season",180,"Site",114,TRUE,TRUE,466.882342058425,,1.50948085898388,0.356501708989841,0.47956247781186,0.600796080724895,FALSE
"Growing season",180,"Full",114,TRUE,TRUE,458.784854268284,,1.38446437984899,0.449687163825888,0.592825967254289,0.768077137345609,FALSE
"Growing season",181,"Storm",114,TRUE,TRUE,465.542404749559,,1.36503041810118,0.121795381624164,0.534973764471947,1.99018737513055,FALSE
"Growing season",181,"Agricultural",114,TRUE,TRUE,467.983394160151,,1.33473154493322,0.143797453385902,0.577289753783759,2.21099111647562,FALSE
"Growing season",181,"Site",114,TRUE,TRUE,463.51979989961,,1.38196927490756,0.299700214939105,0.538653804083909,1.15624817428346,FALSE
"Growing season",181,"Full",114,TRUE,TRUE,466.189151257463,,1.34731390459016,0.321735619456321,0.583346185005879,1.34624196108721,FALSE
"Growing season",182,"Storm",114,TRUE,TRUE,463.928623574468,,1.3925187805168,0.227780387589268,0.575708464542563,1.8744564057591,FALSE
"Growing season",182,"Agricultural",114,TRUE,TRUE,462.993594147535,,1.29603954813787,0.288584647766583,0.697264449832561,2.72783240896442,FALSE
"Growing season",182,"Site",114,TRUE,TRUE,459.799653563893,,1.44767805330566,0.376962581213782,0.518743650004999,0.69193462145716,FALSE
"Growing season",182,"Full",114,TRUE,TRUE,460.558461925347,,1.34570203271339,0.406697006570534,0.624436481179756,1.21777309676019,FALSE
"Growing season",183,"Storm",114,TRUE,TRUE,463.220585620388,,1.36879757670047,0.128291452905056,0.5472718115248,2.05802712117866,FALSE
"Growing season",183,"Agricultural",114,TRUE,TRUE,464.898455297733,,1.33902991998304,0.159019663645439,0.587868842111499,2.22533049026819,FALSE
"Growing season",183,"Site",114,TRUE,TRUE,467.783817497411,,1.37935001890895,0.206191131255218,0.542517734812301,1.64325307724596,FALSE
"Growing season",183,"Full",114,TRUE,TRUE,469.040157182671,,1.34890483282601,0.228204944707952,0.575099529284053,1.75351332618143,FALSE
"Growing season",184,"Storm",114,TRUE,TRUE,463.619204334487,,1.5188522067295,0.233649126266474,0.416607955451736,0.812348831605018,FALSE
"Growing season",184,"Agricultural",114,TRUE,TRUE,463.694512246269,,1.43484504385044,0.281654952976975,0.520887213147858,1.18185939648691,FALSE
"Growing season",184,"Site",114,TRUE,TRUE,467.728307707302,,1.53568713344079,0.274168744313105,0.403321013192592,0.562530985263489,FALSE
"Growing season",184,"Full",114,TRUE,TRUE,468.625782721968,,1.44645476097424,0.300532357306274,0.497006617472485,0.92799249472552,FALSE
"Growing season",185,"Storm",114,TRUE,TRUE,470.340910698448,,1.68721616822445,0.339730224709086,0.398269491308633,0.294561102671104,FALSE
"Growing season",185,"Agricultural",114,TRUE,TRUE,470.585910802062,,1.66747580223928,0.369318734163917,0.420561394140511,0.260526045944057,FALSE
"Growing season",185,"Site",114,TRUE,TRUE,469.737804993277,,1.7394964924968,0.411761021090231,,4.94594047353369e-14,TRUE
"Growing season",185,"Full",114,TRUE,TRUE,471.748517894546,,1.7243855011603,0.421988734392778,,6.14479873301557e-15,TRUE
"Growing season",186,"Storm",114,TRUE,TRUE,468.056099892074,,1.49391201210689,0.220608747279065,0.468965258942605,1.19844445466759,FALSE
"Growing season",186,"Agricultural",114,TRUE,TRUE,467.85227437637,,1.43025105144648,0.241629084665882,0.530092591858873,1.4614553722587,FALSE
"Growing season",186,"Site",114,TRUE,TRUE,470.555811796167,,1.49317262757068,0.300390210908005,0.484320720823302,0.900449359472636,FALSE
"Growing season",186,"Full",114,TRUE,TRUE,471.979602345375,,1.43738446603813,0.306961893241159,0.533086987700561,1.15091035870605,FALSE
"Growing season",187,"Storm",114,TRUE,TRUE,488.1821558603,,1.75099052676769,0.165638317385767,0.300033727470652,0.646077644495311,FALSE
"Growing season",187,"Agricultural",114,TRUE,TRUE,491.668954925048,,1.74427245810335,0.17027259179308,0.306524399363539,0.656809496856353,FALSE
"Growing season",187,"Site",114,TRUE,TRUE,482.105440876624,,1.77862052747064,0.298349917227536,0.323759950613201,0.122553636437962,FALSE
"Growing season",187,"Full",114,TRUE,TRUE,485.660682568233,,1.78129716011258,0.300504585435633,0.322811511731287,0.107420566721924,FALSE
"Growing season",188,"Storm",114,TRUE,TRUE,484.634176443481,,1.63047202413842,0.198535051086458,0.426282659436551,1.20021656216196,FALSE
"Growing season",188,"Agricultural",114,TRUE,TRUE,485.782888723128,,1.62978000612808,0.237642561784638,0.432543809125913,1.03018933704095,FALSE
"Growing season",188,"Site",114,TRUE,TRUE,481.849148500815,,1.660706241813,0.328854013837012,0.424446515684005,0.499066245425752,FALSE
"Growing season",188,"Full",114,TRUE,TRUE,484.548227414134,,1.65855888984699,0.340793684636087,0.429262036848271,0.463056652968502,FALSE
"Growing season",189,"Storm",114,TRUE,TRUE,446.139080375122,,1.26750240700426,0.236997861007786,0.59169367302445,1.66650200299155,FALSE
"Growing season",189,"Agricultural",114,TRUE,TRUE,445.602881876905,,1.24803716428263,0.27969679858828,0.607076646623801,1.54642653389135,FALSE
"Growing season",189,"Site",114,TRUE,TRUE,448.403715948048,,1.2742123978919,0.33828346811431,0.59853953286411,1.23795694614398,FALSE
"Growing season",189,"Full",114,TRUE,TRUE,448.569507450134,,1.25717989782692,0.360616498316899,0.607047838592211,1.16370529654045,FALSE
"Growing season",190,"Storm",114,TRUE,TRUE,472.153814120266,,1.4852947848281,0.168411972027182,0.489335241798058,1.60926345621302,FALSE
"Growing season",190,"Agricultural",114,TRUE,TRUE,475.951729655595,,1.4833550385475,0.172463635545275,0.492720661974883,1.6127543828768,FALSE
"Growing season",190,"Site",114,TRUE,TRUE,473.40643676209,,1.49660551962412,0.29439144109633,0.500714685594402,1.05322536237949,FALSE
"Growing season",190,"Full",114,TRUE,TRUE,476.955817823632,,1.49344098489202,0.297801703766518,0.503367343421158,1.05059112507946,FALSE
"Growing season",191,"Storm",114,TRUE,TRUE,474.83787938669,,1.62428708641434,0.19724671428672,0.35709203043782,0.727531273450687,FALSE
"Growing season",191,"Agricultural",114,TRUE,TRUE,472.766046378954,,1.5642742855374,0.249589020809976,0.417391769246401,0.787235300576284,FALSE
"Growing season",191,"Site",114,TRUE,TRUE,471.477056594658,,1.71404400420715,0.325661436337426,0.342178600014505,0.0753801677464926,FALSE
"Growing season",191,"Full",114,TRUE,TRUE,469.649181257364,,1.65459174570594,0.359517982960648,0.382920182950695,0.107045751701442,FALSE
"Growing season",192,"Storm",114,TRUE,TRUE,441.059967978459,,1.33196232490772,0.294479575229056,0.508331600424085,0.884911968101799,FALSE
"Growing season",192,"Agricultural",114,TRUE,TRUE,431.396137293432,,1.20687144098238,0.382081273612369,0.627417551253895,1.12271274738799,FALSE
"Growing season",192,"Site",114,TRUE,TRUE,444.912930725992,,1.36811513001007,0.362818330096681,0.492167896396655,0.53160550058622,FALSE
"Growing season",192,"Full",114,TRUE,TRUE,435.577226741606,,1.21743219885039,0.430987591780943,0.62140773313421,0.861228424080639,FALSE
"Growing season",193,"Storm",114,TRUE,TRUE,480.206773897572,,1.68023566886287,0.0646091493028958,0.225239784243526,0.645850022494589,FALSE
"Growing season",193,"Agricultural",114,TRUE,TRUE,483.422463888546,,1.65432617088755,0.0725689233375002,0.254081910446156,0.741162167576737,FALSE
"Growing season",193,"Site",114,TRUE,TRUE,477.654314719809,,1.71147428473713,0.191905974225494,0.242040106558995,0.203124541254983,FALSE
"Growing season",193,"Full",114,TRUE,TRUE,480.193612832071,,1.66330105532718,0.199802830850306,0.276484274848591,0.313158094720352,FALSE
"Growing season",194,"Storm",114,TRUE,TRUE,438.018129608452,,1.29506627834674,0.138695042240049,0.444499254501486,1.06842468473823,FALSE
"Growing season",194,"Agricultural",114,TRUE,TRUE,441.957739380139,,1.29222233378759,0.138733689283345,0.448517113665277,1.08664097002955,FALSE
"Growing season",194,"Site",114,TRUE,TRUE,441.643431565544,,1.30658909259257,0.20899229894168,0.437380595964997,0.788452158385775,FALSE
"Growing season",194,"Full",114,TRUE,TRUE,445.350770634561,,1.31567580816915,0.21404281908892,0.426074289305834,0.723776294214388,FALSE
"Growing season",195,"Storm",114,TRUE,TRUE,463.812912570729,,1.68957065156478,0.240859256211972,0.274333023555899,0.136529706619706,FALSE
"Growing season",195,"Agricultural",114,TRUE,TRUE,463.696353122039,,1.68806441928772,0.278152736882082,0.294621609142304,0.0679032638082857,FALSE
"Growing season",195,"Site",114,TRUE,TRUE,460.923800198046,,1.67353437702891,0.327874892920788,,0,TRUE
"Growing season",195,"Full",114,TRUE,TRUE,459.542708956931,,1.63449927901892,0.359039559761737,,0,TRUE
"Growing season",196,"Storm",114,TRUE,TRUE,454.766301268808,,1.46806975034257,0.222083375407177,0.383878788436827,0.635838435261003,FALSE
"Growing season",196,"Agricultural",114,TRUE,TRUE,455.869620999158,,1.43913062395254,0.251839332400747,0.418176005774708,0.668457073960983,FALSE
"Growing season",196,"Site",114,TRUE,TRUE,456.316781471221,,1.48519595068131,0.284062713680489,0.380323247320564,0.373933748589792,FALSE
"Growing season",196,"Full",114,TRUE,TRUE,457.956659021477,,1.46170316676006,0.301619846415379,0.402277738931169,0.394336456482132,FALSE
"Growing season",197,"Storm",114,TRUE,TRUE,436.550362327359,,1.28508317432463,0.27395540169048,0.502518267401411,0.882364688882068,FALSE
"Growing season",197,"Agricultural",114,TRUE,TRUE,433.387345177936,,1.20226058761537,0.304263354407787,0.57796050330624,1.11129796474792,FALSE
"Growing season",197,"Site",114,TRUE,TRUE,439.707141809988,,1.28925548082902,0.323602951151774,0.501203481283941,0.678096725056018,FALSE
"Growing season",197,"Full",114,TRUE,TRUE,437.135847737602,,1.20438051889743,0.352038687696673,0.577168203203546,0.905724346220469,FALSE
"Growing season",198,"Storm",114,TRUE,TRUE,471.585623907392,,1.61010968745769,0.156566171790186,0.321544641656332,0.695844114822636,FALSE
"Growing season",198,"Agricultural",114,TRUE,TRUE,474.498722966935,,1.58338128533297,0.171208298749524,0.355996409491729,0.800272896177852,FALSE
"Growing season",198,"Site",114,TRUE,TRUE,475.174808283967,,1.65712398055006,0.217507008392747,0.295152989075959,0.32251217399759,FALSE
"Growing season",198,"Full",114,TRUE,TRUE,478.48596186045,,1.62916202789293,0.219912547852505,0.317302918389514,0.408007518392747,FALSE
"Growing season",199,"Storm",114,TRUE,TRUE,468.577143225118,,1.47705204974656,0.232343156776451,0.495018383216091,1.31513862773765,FALSE
"Growing season",199,"Agricultural",114,TRUE,TRUE,469.814281204906,,1.45211650595495,0.250198320765367,0.515602437098238,1.34242330150455,FALSE
"Growing season",199,"Site",114,TRUE,TRUE,467.552105419549,,1.50631222504482,0.34963626682795,0.485483896097143,0.669700355484132,FALSE
"Growing season",199,"Full",114,TRUE,TRUE,468.064207320545,,1.48157783012559,0.372774661889635,0.505432699108231,0.658753010534437,FALSE
"Growing season",200,"Storm",114,TRUE,TRUE,458.300841525351,,1.4085484183974,0.197434177197098,0.483610728763396,1.27260880789001,FALSE
"Growing season",200,"Agricultural",114,TRUE,TRUE,460.585496737217,,1.39498543084935,0.228704949899807,0.507902112577884,1.27929363066708,FALSE
"Growing season",200,"Site",114,TRUE,TRUE,459.902529085003,,1.41764797332802,0.309788518375156,0.497993176068262,0.855620711817834,FALSE
"Growing season",200,"Full",114,TRUE,TRUE,463.021568016489,,1.41042651877863,0.320785096898407,0.507969572932002,0.860044999640883,FALSE
"Post-growing season",1,"Storm",114,TRUE,TRUE,452.682902213244,,1.34510610975603,0.0275538011159737,0.560745172159419,2.5164479185416,FALSE
"Post-growing season",1,"Agricultural",114,TRUE,TRUE,455.168087378268,,1.29493805560575,0.0883646652575336,0.653128277273455,3.14998023274206,FALSE
"Post-growing season",1,"Site",114,TRUE,TRUE,444.68841776,,1.36716134421613,0.428386425266995,0.580108354297303,0.745193404589488,FALSE
"Post-growing season",1,"Full",114,TRUE,TRUE,448.016468383941,,1.44724984058405,0.499353146761564,0.545259715759774,0.223195974161714,FALSE
"Post-growing season",2,"Storm",114,TRUE,TRUE,452.531753377776,,1.29433482374953,0.0431794032382241,0.685646408573021,3.96486583832679,FALSE
"Post-growing season",2,"Agricultural",114,TRUE,TRUE,457.659496445679,,1.2824306743884,0.051750652698576,0.702788824046689,4.17723862589345,FALSE
"Post-growing season",2,"Site",114,TRUE,TRUE,434.228600967652,,1.31070518778085,0.514342346434345,0.640272238714036,0.662009995402259,FALSE
"Post-growing season",2,"Full",114,TRUE,TRUE,437.925277806414,,1.31293345539325,0.532714487303081,0.637584298782916,0.545377231950641,FALSE
"Post-growing season",3,"Storm",114,TRUE,TRUE,433.762060342779,,1.1499589359718,0.0732827019862718,0.76342619135314,4.53106013058904,FALSE
"Post-growing season",3,"Agricultural",114,TRUE,TRUE,434.690519634263,,1.08511522595921,0.161846415395287,0.847058782889051,6.23695778246868,FALSE
"Post-growing season",3,"Site",114,TRUE,TRUE,427.774705616842,,1.16184424452554,0.471081075566038,0.761400955408704,1.89031371091975,FALSE
"Post-growing season",3,"Full",114,TRUE,TRUE,429.726657525451,,1.14012116997579,0.493557127207694,0.773293608704187,1.84668115348599,FALSE
"Post-growing season",4,"Storm",114,TRUE,TRUE,445.273493575671,,1.28454421077056,0.0601812444360696,0.609170045652078,2.66783468799214,FALSE
"Post-growing season",4,"Agricultural",114,TRUE,TRUE,448.471695880481,,1.25234421356039,0.105865476824405,0.664366833889177,3.01504930018674,FALSE
"Post-growing season",4,"Site",114,TRUE,TRUE,440.354181891623,,1.30421185375371,0.385244091843015,0.598809101732307,1.01414806486542,FALSE
"Post-growing season",4,"Full",114,TRUE,TRUE,440.034744964645,,1.30362275249481,0.476505214261298,0.613901417209467,0.668027910542532,FALSE
"Post-growing season",5,"Storm",114,TRUE,TRUE,467.797212033082,,1.44352620203635,0.00280935990794678,0.518515960080609,2.56125718027558,FALSE
"Post-growing season",5,"Agricultural",114,TRUE,TRUE,471.993237566839,,1.3761558246635,0.048177917404137,0.655028409126658,3.87331964254711,FALSE
"Post-growing season",5,"Site",114,TRUE,TRUE,459.762369074514,,1.48172515784173,0.320136420026683,0.468489089708826,0.671322388448747,FALSE
"Post-growing season",5,"Full",114,TRUE,TRUE,460.27142488773,,1.6016703017356,0.418888509753274,0.428318888333044,0.0429232127943654,FALSE
"Post-growing season",6,"Storm",114,TRUE,TRUE,455.456090438118,,1.30533569013673,0.0401426548021499,0.657283922979511,3.58103677424569,FALSE
"Post-growing season",6,"Agricultural",114,TRUE,TRUE,460.11942942287,,1.2973098435129,0.0805849464360878,0.672503052131361,3.55051316869913,FALSE
"Post-growing season",6,"Site",114,TRUE,TRUE,452.395415904774,,1.3138939053454,0.298815771318272,0.633651222018288,1.80877227377798,FALSE
"Post-growing season",6,"Full",114,TRUE,TRUE,455.474489083898,,1.38337876553572,0.399679719793494,0.567554978351411,0.826172010851021,FALSE
"Post-growing season",7,"Storm",114,TRUE,TRUE,438.676300900551,,1.23054956044047,0.0679042391612619,0.687751658543076,3.45542450900086,FALSE
"Post-growing season",7,"Agricultural",114,TRUE,TRUE,433.493136771085,,1.13342637279298,0.225057582267754,0.811165513410434,4.61486032549206,FALSE
"Post-growing season",7,"Site",114,TRUE,TRUE,436.095199696017,,1.2351595572386,0.381727858875621,0.690195043504447,1.72065466180664,FALSE
"Post-growing season",7,"Full",114,TRUE,TRUE,427.031460249561,,1.14882717918891,0.553783631996069,0.786387265489525,1.63148476093406,FALSE
"Post-growing season",8,"Storm",114,TRUE,TRUE,440.141292772151,,1.26455192959818,0.0758838055616959,0.591891210809274,2.33061342158192,FALSE
"Post-growing season",8,"Agricultural",114,TRUE,TRUE,441.866085262339,,1.20953215104302,0.154539126755436,0.691058230327932,2.95289655424836,FALSE
"Post-growing season",8,"Site",114,TRUE,TRUE,434.389927838484,,1.28542485958051,0.410836227119345,0.596453034981498,0.847080257670688,FALSE
"Post-growing season",8,"Full",114,TRUE,TRUE,438.618141468158,,1.25640950715154,0.438823619841523,0.642086973787311,1.00694004427282,FALSE
"Post-growing season",9,"Storm",114,TRUE,TRUE,448.433317453817,,1.27469229847719,0.00952946837262334,0.661939669916506,3.6271566449949,FALSE
"Post-growing season",9,"Agricultural",114,TRUE,TRUE,450.642964070667,,1.21701912067963,0.103196369626969,0.765301135405665,4.86604639397618,FALSE
"Post-growing season",9,"Site",114,TRUE,TRUE,437.096102135037,,1.27749544349478,0.524047736115075,0.70279465859329,1.10146014632898,FALSE
"Post-growing season",9,"Full",114,TRUE,TRUE,440.395310364115,,1.27915437623128,0.56759260264763,0.711225494589511,0.90771818157341,FALSE
"Post-growing season",10,"Storm",114,TRUE,TRUE,453.064297008222,,1.28237011187168,0.0242096478651787,0.714463320825054,4.63517122167469,FALSE
"Post-growing season",10,"Agricultural",114,TRUE,TRUE,455.388756850131,,1.25781979409198,0.103275482736674,0.74477564792272,4.64061238955195,FALSE
"Post-growing season",10,"Site",114,TRUE,TRUE,447.645935001709,,1.28497784254736,0.398021043558687,0.717917560856245,2.13949124844305,FALSE
"Post-growing season",10,"Full",114,TRUE,TRUE,444.043437896999,,1.28806759661537,0.533883991049164,0.713282343809623,1.16270433269447,FALSE
"Post-growing season",11,"Storm",114,TRUE,TRUE,442.818556527758,,1.24433729795092,0.0350649530985635,0.698819148950238,3.94337077932502,FALSE
"Post-growing season",11,"Agricultural",114,TRUE,TRUE,447.564719254885,,1.23211368829821,0.0615637107340283,0.718302806373834,4.09467626745306,FALSE
"Post-growing season",11,"Site",114,TRUE,TRUE,433.360697365611,,1.25107832620137,0.471736259378169,0.695475956256738,1.29097358652472,FALSE
"Post-growing season",11,"Full",114,TRUE,TRUE,433.723677224685,,1.26429264344932,0.543827617981471,0.682096704289776,0.767163962129407,FALSE
"Post-growing season",12,"Storm",114,TRUE,TRUE,441.740220831146,,1.20722697916506,0.0354955850174926,0.683204895080231,3.51185951839937,FALSE
"Post-growing season",12,"Agricultural",114,TRUE,TRUE,447.579312122664,,1.20136408951926,0.0390800781952032,0.694412935607309,3.65173872617884,FALSE
"Post-growing season",12,"Site",114,TRUE,TRUE,439.463311206763,,1.21827066252676,0.359952148182555,0.693533392640806,1.8714821475249,FALSE
"Post-growing season",12,"Full",114,TRUE,TRUE,441.847894093257,,1.30215740371976,0.502950702125978,0.640650664431268,0.723762921137997,FALSE
"Post-growing season",13,"Storm",114,TRUE,FALSE,459.581166909382,,1.32156313303211,0.0601799835654174,0.656828981257565,3.56502310817547,FALSE
"Post-growing season",13,"Agricultural",114,TRUE,FALSE,460.143115024393,,1.23461119347838,0.115545452033358,0.77243602412159,5.22186412356966,FALSE
"Post-growing season",13,"Site",114,TRUE,FALSE,456.311458950119,,1.32928103264391,0.324896801013096,0.663699275860956,2.05768904419496,FALSE
"Post-growing season",13,"Full",114,TRUE,FALSE,457.485460382024,,1.27528900411847,0.339489199011525,0.710503033615396,2.42708506555975,FALSE
"Post-growing season",14,"Storm",114,TRUE,FALSE,436.745783262485,,1.2435225497073,0.0117196081915198,0.580239052968005,2.40796683555332,FALSE
"Post-growing season",14,"Agricultural",114,TRUE,FALSE,442.139028508225,,1.22713825454546,0.0263456656660241,0.61869272970359,2.69809693877686,FALSE
"Post-growing season",14,"Site",114,TRUE,FALSE,426.823783112763,,1.27418417722039,0.382900935875994,0.548914647967044,0.659911209199566,FALSE
"Post-growing season",14,"Full",114,TRUE,FALSE,432.588487306374,,1.28349957734173,0.398505763564097,0.545497046534048,0.585661762430776,FALSE
"Post-growing season",15,"Storm",114,TRUE,TRUE,442.161694947944,,1.18359126113656,0.0512212891593024,0.753877157160398,4.72715087532131,FALSE
"Post-growing season",15,"Agricultural",114,TRUE,TRUE,433.208134363485,,1.02753617004864,0.130428588194692,0.888059196286522,8.56000703334484,FALSE
"Post-growing season",15,"Site",114,TRUE,TRUE,436.503110243623,,1.19623017897788,0.394179477783808,0.731005476840308,2.0736795442045,FALSE
"Post-growing season",15,"Full",114,TRUE,TRUE,432.577450613918,,1.0427086927809,0.362296854906501,0.865064652706481,4.81224369796299,FALSE
"Post-growing season",16,"Storm",114,TRUE,TRUE,461.127415631647,,1.31746113028124,0.0670118465238176,0.720791077386786,4.73652759415137,FALSE
"Post-growing season",16,"Agricultural",114,TRUE,TRUE,464.612504221529,,1.29567883086332,0.115795496024377,0.74844635936788,4.9259662211054,FALSE
"Post-growing season",16,"Site",114,TRUE,TRUE,451.699799731783,,1.3400063024949,0.443039583658153,0.672058588492243,1.42066974810284,FALSE
"Post-growing season",16,"Full",114,TRUE,TRUE,453.044881417936,,1.32239921077941,0.518378848826149,0.705156588773153,1.25120715097643,FALSE
"Post-growing season",17,"Storm",114,TRUE,TRUE,419.604411449644,,1.13090182253884,0.0685654202783173,0.720619281153529,3.41273632374447,FALSE
"Post-growing season",17,"Agricultural",114,TRUE,TRUE,417.873904670171,,1.09587007477526,0.22679865671044,0.762361213938604,3.0928561018192,FALSE
"Post-growing season",17,"Site",114,TRUE,TRUE,414.034863093853,,1.14532079219956,0.509798711912397,0.729278426900124,1.19122538226954,FALSE
"Post-growing season",17,"Full",114,TRUE,TRUE,402.188231040002,,1.12349095778879,0.623912959320331,0.713543708371317,0.430549017741603,FALSE
"Post-growing season",18,"Storm",114,TRUE,FALSE,448.619364300405,,1.28064784405966,0.0331904581569638,0.712900406414701,4.45842975549757,FALSE
"Post-growing season",18,"Agricultural",114,TRUE,FALSE,450.670742288976,,1.2671891196105,0.126283231147786,0.723433244141089,3.97436335980743,FALSE
"Post-growing season",18,"Site",114,TRUE,FALSE,438.334712325102,,1.28924186427913,0.453028567556533,0.693855916928197,1.46374888724118,FALSE
"Post-growing season",18,"Full",114,TRUE,FALSE,433.138039264659,,1.30395056274379,0.580484313369429,0.676422060121761,0.547990938994762,FALSE
"Post-growing season",19,"Storm",114,TRUE,TRUE,463.159993228309,,1.39949020958631,0.0268557044729868,0.5578316408039,2.71005298086545,FALSE
"Post-growing season",19,"Agricultural",114,TRUE,TRUE,463.437117472828,,1.3438430228225,0.144161873980305,0.651498247642037,3.04470777849206,FALSE
"Post-growing season",19,"Site",114,TRUE,TRUE,456.150623752723,,1.40760296340848,0.415290198294606,0.601437949317721,1.03426870791947,FALSE
"Post-growing season",19,"Full",114,TRUE,TRUE,449.370882457694,,1.43122955559752,0.527629120227166,0.586484883402232,0.311779368268085,FALSE
"Post-growing season",20,"Storm",114,TRUE,TRUE,460.582318394208,,1.36105574207277,0.0246591131547759,0.640006448442714,3.65186265529023,FALSE
"Post-growing season",20,"Agricultural",114,TRUE,TRUE,464.209265405931,,1.32870353384299,0.0577176488728911,0.68979053294434,4.1638782305324,FALSE
"Post-growing season",20,"Site",114,TRUE,TRUE,451.94338107465,,1.41099034830413,0.428208854182822,0.584883773329224,0.828725826496846,FALSE
"Post-growing season",20,"Full",114,TRUE,TRUE,455.07032939514,,1.39853834526483,0.442049897679954,0.588510777513514,0.766215961546448,FALSE
"Post-growing season",21,"Storm",114,TRUE,FALSE,432.180059440977,,1.18669104305366,0.0623982452211947,0.701392373397715,3.48511107157764,FALSE
"Post-growing season",21,"Agricultural",114,TRUE,FALSE,433.356986600315,,1.14764401946471,0.114204910506351,0.747306520691665,3.82795619998211,FALSE
"Post-growing season",21,"Site",114,TRUE,FALSE,427.908557079568,,1.20822445105966,0.375408904836183,0.676797345037142,1.54207758667076,FALSE
"Post-growing season",21,"Full",114,TRUE,FALSE,427.610896840513,,1.18279740949229,0.401354619778845,0.677223164773059,1.3510072955192,FALSE
"Post-growing season",22,"Storm",114,TRUE,TRUE,437.003810564601,,1.14256338062651,0.0235763507445427,0.783800147905527,5.41122526337084,FALSE
"Post-growing season",22,"Agricultural",114,TRUE,TRUE,433.156625264696,,1.11602179807951,0.200657099154296,0.788270011059163,4.05912206193083,FALSE
"Post-growing season",22,"Site",114,TRUE,TRUE,427.688626830608,,1.15406074890431,0.481803053126523,0.768069695420136,1.89576750313406,FALSE
"Post-growing season",22,"Full",114,TRUE,TRUE,419.829516040509,,1.14386460428974,0.578827168337831,0.741881724208728,0.933721572003586,FALSE
"Post-growing season",23,"Storm",114,TRUE,FALSE,448.751808980196,,1.24530314603953,0.0338795814302993,0.72216775549973,4.47666441792813,FALSE
"Post-growing season",23,"Agricultural",114,TRUE,FALSE,452.317994691346,,1.18828281175118,0.105611494907821,0.818093528584276,6.48418854494854,FALSE
"Post-growing season",23,"Site",114,TRUE,FALSE,437.275424769818,,1.2532889793486,0.490900392630417,0.72429243699829,1.5130070653528,FALSE
"Post-growing season",23,"Full",114,TRUE,FALSE,437.008651651309,,1.4304935488343,0.621439093547265,0.637670093736716,0.0946378571759566,FALSE
"Post-growing season",24,"Storm",114,TRUE,TRUE,440.375802914429,,1.21600466950681,0.0273847468986436,0.674471129996493,3.42118266761279,FALSE
"Post-growing season",24,"Agricultural",114,TRUE,TRUE,446.066290890321,,1.21531718526694,0.0333946035934346,0.674321132402454,3.38264195998147,FALSE
"Post-growing season",24,"Site",114,TRUE,TRUE,436.227976881505,,1.22725791119515,0.474343521635068,0.722315243760905,1.5376020827292,FALSE
"Post-growing season",24,"Full",114,TRUE,TRUE,438.849041497807,,1.23628204760786,0.541840756658343,0.725095276077692,1.15457356924038,FALSE
"Post-growing season",25,"Storm",114,TRUE,TRUE,462.823113354685,,1.33449243791162,0.0167282819259631,0.64895639473198,3.76538869332285,FALSE
"Post-growing season",25,"Agricultural",114,TRUE,TRUE,466.657074590074,,1.29932074860218,0.0655422148929949,0.707774123338085,4.37557733083748,FALSE
"Post-growing season",25,"Site",114,TRUE,TRUE,452.049626302362,,1.36285950650944,0.473414092562055,0.651063548870733,1.06723417194913,FALSE
"Post-growing season",25,"Full",114,TRUE,TRUE,454.618412746971,,1.37007075410236,0.505187221486966,0.643118894473022,0.810198386565735,FALSE
"Post-growing season",26,"Storm",114,TRUE,FALSE,385.544428010169,,0.960691941175848,0.0781732256241811,0.74523973313203,2.7998092029485,FALSE
"Post-growing season",26,"Agricultural",114,TRUE,FALSE,384.223697763131,,0.886720113991987,0.119313340675738,0.848647996730062,4.43293370366786,FALSE
"Post-growing season",26,"Site",114,TRUE,FALSE,388.310516754203,,0.964406386623618,0.218039406614385,0.745833643226752,2.22686327777444,FALSE
"Post-growing season",26,"Full",114,TRUE,FALSE,388.877378012873,,0.892026043850437,0.150979606894232,0.835036468734666,3.85256055633225,FALSE
"Post-growing season",27,"Storm",114,TRUE,TRUE,434.343158448516,,1.20959704639317,0.0335154949681795,0.659680059730037,3.10652158122714,FALSE
"Post-growing season",27,"Agricultural",114,TRUE,TRUE,438.755643895175,,1.20215162267218,0.0637499676733459,0.668147603323204,3.03663803164608,FALSE
"Post-growing season",27,"Site",114,TRUE,TRUE,432.738802415048,,1.2179389551391,0.339506452529914,0.663826655747292,1.6248815485025,FALSE
"Post-growing season",27,"Full",114,TRUE,TRUE,433.881354907716,,1.26282551073148,0.470986258494911,0.628578179055309,0.748321534451062,FALSE
"Post-growing season",28,"Storm",114,TRUE,FALSE,448.193306100306,,1.27400309088043,0.0123322793832204,0.629120406681703,3.14364658571337,FALSE
"Post-growing season",28,"Agricultural",114,TRUE,FALSE,451.750951607185,,1.23258416139493,0.0416887175114147,0.6985694215125,3.87821131015024,FALSE
"Post-growing season",28,"Site",114,TRUE,FALSE,443.908356501487,,1.28911544031494,0.339844388606171,0.637469921172734,1.5579442333201,FALSE
"Post-growing season",28,"Full",114,TRUE,FALSE,448.824152455128,,1.26612749396148,0.318421867828663,0.654145231975822,1.78636450081412,FALSE
"Post-growing season",29,"Storm",114,TRUE,TRUE,465.389451035236,,1.42545668478245,0.0282038543453536,0.590806223597312,3.18199291061814,FALSE
"Post-growing season",29,"Agricultural",114,TRUE,TRUE,467.308599637096,,1.35014239730528,0.113304494929459,0.728391451887296,4.74756426919073,FALSE
"Post-growing season",29,"Site",114,TRUE,TRUE,459.42475569749,,1.4649935083199,0.437673475752806,0.589016467286939,0.867950266885285,FALSE
"Post-growing season",29,"Full",114,TRUE,TRUE,460.20859791335,,1.52879288268368,0.507630091220733,0.553389062397595,0.252357493685521,FALSE
"Post-growing season",30,"Storm",114,TRUE,TRUE,457.889994542973,,1.32108100383956,0.0716200527235117,0.713890568113664,4.52136569967131,FALSE
"Post-growing season",30,"Agricultural",114,TRUE,TRUE,458.610707015231,,1.26880142932483,0.120656574949046,0.770332387528081,5.27254312763293,FALSE
"Post-growing season",30,"Site",114,TRUE,TRUE,446.167778782571,,1.3360443173118,0.53498885984999,0.705575822455769,1.15704748804103,FALSE
"Post-growing season",30,"Full",114,TRUE,TRUE,451.05058775298,,1.32495402803497,0.516343978124877,0.699440926287982,1.19824977388742,FALSE
"Post-growing season",31,"Storm",114,TRUE,FALSE,453.391652159448,,1.38189959144048,0.0998334374785809,0.54839187225173,2.14982999623606,FALSE
"Post-growing season",31,"Agricultural",114,TRUE,FALSE,455.643700320427,,1.32458768185119,0.137802348384708,0.643627373186752,2.84655514225538,FALSE
"Post-growing season",31,"Site",114,TRUE,FALSE,451.351934014091,,1.40485785255244,0.335403994031059,0.547689409509272,1.02666012448751,FALSE
"Post-growing season",31,"Full",114,TRUE,FALSE,454.787223691792,,1.35197428076526,0.28411735131707,0.579172407752876,1.43853224649421,FALSE
"Post-growing season",32,"Storm",114,TRUE,TRUE,443.694109533333,,1.18011696065711,0.0121513459493235,0.7728748187034,5.50025961771898,FALSE
"Post-growing season",32,"Agricultural",114,TRUE,TRUE,445.401489036273,,1.13867300515941,0.0793607833847063,0.819540898910861,6.28853805461234,FALSE
"Post-growing season",32,"Site",114,TRUE,TRUE,432.652340321147,,1.18492805931021,0.477016129393725,0.757350609695963,1.86980601807708,FALSE
"Post-growing season",32,"Full",114,TRUE,TRUE,431.155035314139,,1.15154163138284,0.565464830969474,0.792574787729654,1.6710378600371,FALSE
"Post-growing season",33,"Storm",114,TRUE,TRUE,420.198052930722,,1.06769354904837,0.048781706787529,0.781754029155613,4.53129049909841,FALSE
"Post-growing season",33,"Agricultural",114,TRUE,TRUE,410.801306186435,,1.00441333542909,0.257618995178308,0.819816991219757,3.71995732905737,FALSE
"Post-growing season",33,"Site",114,TRUE,TRUE,417.192604176004,,1.07133583549166,0.332140530197025,0.765574631765832,2.47628494789785,FALSE
"Post-growing season",33,"Full",114,TRUE,TRUE,403.081427334661,,1.02476251744489,0.503538730047099,0.763039901061133,1.32048244558725,FALSE
"Post-growing season",34,"Storm",114,TRUE,TRUE,440.169543917068,,1.20687813538508,0.0963649554409188,0.773684605988617,5.03604903584393,FALSE
"Post-growing season",34,"Agricultural",114,TRUE,TRUE,435.16722413119,,1.12625085605656,0.174007475744724,0.833525102436206,5.8264828983084,FALSE
"Post-growing season",34,"Site",114,TRUE,TRUE,427.013033696822,,1.24268353076878,0.53880048695141,0.700190227231486,0.923221261966521,FALSE
"Post-growing season",34,"Full",114,TRUE,TRUE,427.107505229148,,1.15208408051813,0.492402229037728,0.759884332347034,1.67580156390725,FALSE
"Post-growing season",35,"Storm",114,TRUE,TRUE,436.936854482618,,1.17817359777515,0.0319765090332033,0.748348979588062,4.6043186542801,FALSE
"Post-growing season",35,"Agricultural",114,TRUE,TRUE,440.957869079218,,1.15437431140516,0.068995667914758,0.783646925235098,5.14039096929434,FALSE
"Post-growing season",35,"Site",114,TRUE,TRUE,433.948661305263,,1.19566488464358,0.312110152087807,0.696649671290477,2.0771991184598,FALSE
"Post-growing season",35,"Full",114,TRUE,TRUE,435.511635955811,,1.24069230579914,0.419292928926334,0.634714777558556,1.01741763568564,FALSE
"Post-growing season",36,"Storm",114,TRUE,TRUE,438.848113051754,,1.10235263235088,0.0619750495044573,0.861143564535392,8.30381455008793,FALSE
"Post-growing season",36,"Agricultural",114,TRUE,TRUE,439.398764584357,,1.07130695595972,0.131598961657994,0.877435608914382,8.29660718381972,FALSE
"Post-growing season",36,"Site",114,TRUE,TRUE,429.929404278463,,1.10685903452703,0.504019585938374,0.847547848663064,3.23443308259858,FALSE
"Post-growing season",36,"Full",114,TRUE,TRUE,428.08860857295,,1.08385951521065,0.556529532649245,0.847954998862417,2.6293605959973,FALSE
"Post-growing season",37,"Storm",114,TRUE,TRUE,461.082914549649,,1.33410490506307,0.038891860681317,0.664401541445424,3.87143457256953,FALSE
"Post-growing season",37,"Agricultural",114,TRUE,TRUE,464.667119596014,,1.31341862600723,0.0862045499815308,0.6934793504981,3.99366085755882,FALSE
"Post-growing season",37,"Site",114,TRUE,TRUE,453.571111123219,,1.34535363981058,0.398350185836127,0.649648569799346,1.47581083830782,FALSE
"Post-growing season",37,"Full",114,TRUE,TRUE,455.594154402615,,1.34892801754554,0.467782654752475,0.656493882774187,1.12597697489669,FALSE
"Post-growing season",38,"Storm",114,TRUE,TRUE,435.91763758836,,1.29292141153246,0.0664470522214206,0.50854296780901,1.69136513878023,FALSE
"Post-growing season",38,"Agricultural",114,TRUE,TRUE,436.24218025755,,1.21446795009167,0.150170701452319,0.66863973813718,2.62481542325862,FALSE
"Post-growing season",38,"Site",114,TRUE,TRUE,430.001925883382,,1.31043197520562,0.3965060771861,0.525867218637799,0.509506266012586,FALSE
"Post-growing season",38,"Full",114,TRUE,TRUE,433.681875388647,,1.28309833407081,0.426898588295491,0.569041232821115,0.59407435911928,FALSE
"Post-growing season",39,"Storm",114,TRUE,TRUE,446.96784573065,,1.25296203965478,0.0259953122524699,0.643395302055261,3.19012297364896,FALSE
"Post-growing season",39,"Agricultural",114,TRUE,TRUE,445.512614720681,,1.1939206981483,0.145951962063765,0.721897490785931,3.47972992779942,FALSE
"Post-growing season",39,"Site",114,TRUE,TRUE,441.794609216713,,1.26474953170721,0.332227528213734,0.625219851137789,1.43219222792065,FALSE
"Post-growing season",39,"Full",114,TRUE,TRUE,438.287574214765,,1.21752853345639,0.409277860938811,0.661948438383197,1.26688203993853,FALSE
"Post-growing season",40,"Storm",114,TRUE,FALSE,446.808663214777,,1.32073712649796,0.0230760793842819,0.556279231090558,2.39425998470199,FALSE
"Post-growing season",40,"Agricultural",114,TRUE,FALSE,452.428852534767,,1.308669751782,0.0244792513755845,0.5807253187109,2.60200448440821,FALSE
"Post-growing season",40,"Site",114,TRUE,FALSE,447.450964779509,,1.34068697661301,0.214444958434216,0.541375869628414,1.44120964408511,FALSE
"Post-growing season",40,"Full",114,TRUE,FALSE,452.994398852163,,1.3450639812291,0.220653306104509,0.531073465244203,1.34390090752749,FALSE
"Post-growing season",41,"Storm",114,TRUE,FALSE,451.84570145165,,1.28574756042107,0.0472058303214331,0.715458469593727,4.47785347130022,FALSE
"Post-growing season",41,"Agricultural",114,TRUE,FALSE,455.976566517113,,1.25925969965309,0.0523860731591845,0.749516858774461,5.10275190331749,FALSE
"Post-growing season",41,"Site",114,TRUE,FALSE,447.585744741341,,1.2985160533719,0.332766216952022,0.683833569519013,2.12813385118989,FALSE
"Post-growing season",41,"Full",114,TRUE,FALSE,453.120235295792,,1.29425131257891,0.351419842516173,0.695475124082411,2.15203604946394,FALSE
"Post-growing season",42,"Storm",114,TRUE,TRUE,429.666670227472,,1.22157132868541,0.0939731616059465,0.593939873407832,2.1006784771699,FALSE
"Post-growing season",42,"Agricultural",114,TRUE,TRUE,433.944274782025,,1.19924070165142,0.0945201198008644,0.625923653419665,2.34436484407889,FALSE
"Post-growing season",42,"Site",114,TRUE,TRUE,422.317533722129,,1.24852855256647,0.512705549471316,0.63769179711347,0.590403696163804,FALSE
"Post-growing season",42,"Full",114,TRUE,TRUE,424.454868989893,,1.24959401607937,0.532666327690092,0.628010244515578,0.434808067879766,FALSE
"Post-growing season",43,"Storm",114,TRUE,TRUE,423.970611642924,,1.04912405167596,0.0334329895136773,0.810251129733181,5.38226703400204,FALSE
"Post-growing season",43,"Agricultural",114,TRUE,TRUE,424.064114206333,,1.00578330112757,0.116882220028618,0.850920424259127,5.96339864323792,FALSE
"Post-growing season",43,"Site",114,TRUE,TRUE,405.770236951596,,1.07959990373287,0.58412266454127,0.766064240014466,1.03929232109042,FALSE
"Post-growing season",43,"Full",114,TRUE,TRUE,410.059749992225,,1.06172506195445,0.568618920486665,0.769228350726055,1.12796211960824,FALSE
"Post-growing season",44,"Storm",114,TRUE,FALSE,444.944152029866,,1.2376463326339,0.0100010182526476,0.734888600146972,4.8366187263563,FALSE
"Post-growing season",44,"Agricultural",114,TRUE,FALSE,448.675106154761,,1.21009164234834,0.0614747981324348,0.778489161419312,5.48641204052402,FALSE
"Post-growing season",44,"Site",114,TRUE,FALSE,436.652384970147,,1.24457988993376,0.4417101304369,0.731078435957593,1.8898141519564,FALSE
"Post-growing season",44,"Full",114,TRUE,FALSE,441.034581703168,,1.23950965100049,0.448491653589011,0.728520875996697,1.79496456489796,FALSE
"Post-growing season",45,"Storm",114,TRUE,TRUE,437.463444588264,,1.26716047070977,0.0892327545905126,0.549939581143295,1.8822263490168,FALSE
"Post-growing season",45,"Agricultural",114,TRUE,TRUE,439.135967459087,,1.22447778881751,0.15080657813677,0.622421801993468,2.1551188944385,FALSE
"Post-growing season",45,"Site",114,TRUE,TRUE,436.104714219424,,1.28044345217603,0.364362570006521,0.579247829013522,0.938986608362722,FALSE
"Post-growing season",45,"Full",114,TRUE,TRUE,434.090093058471,,1.27273337985021,0.46144030872225,0.596313992434025,0.597792204104077,FALSE
"Post-growing season",46,"Storm",114,TRUE,TRUE,443.521432603633,,1.18928754824039,0.054299983696871,0.750201939453781,4.6401854825652,FALSE
"Post-growing season",46,"Agricultural",114,TRUE,TRUE,447.121402170572,,1.1630162225511,0.102315144845446,0.78675422886826,5.12337201332758,FALSE
"Post-growing season",46,"Site",114,TRUE,TRUE,433.094188659315,,1.1985445497282,0.471199184442106,0.728192609134737,1.56113493197044,FALSE
"Post-growing season",46,"Full",114,TRUE,TRUE,434.725220952191,,1.1829168867647,0.545013677921713,0.757502317106584,1.40612857626233,FALSE
"Post-growing season",47,"Storm",114,TRUE,FALSE,416.500718916476,,1.09502939164779,0.0533711344735539,0.701553861843636,3.02531608068114,FALSE
"Post-growing season",47,"Agricultural",114,TRUE,FALSE,415.882028225459,,1.0221901337959,0.15980507413691,0.817257915990409,4.40032187458141,FALSE
"Post-growing season",47,"Site",114,TRUE,FALSE,414.000209861126,,1.09858866979275,0.346261515080584,0.71455513115025,1.78933818804922,FALSE
"Post-growing season",47,"Full",114,TRUE,FALSE,414.998829335656,,1.03233747662853,0.331703656854042,0.788820434561448,2.67966415258214,FALSE
"Post-growing season",48,"Storm",114,TRUE,FALSE,403.921991023352,,1.01316692053204,0.103517810494855,0.760861059495722,3.29727129437965,FALSE
"Post-growing season",48,"Agricultural",114,TRUE,FALSE,398.605919767792,,0.939047367751771,0.215557831417047,0.83766198813128,3.96519889348301,FALSE
"Post-growing season",48,"Site",114,TRUE,FALSE,402.683004580753,,1.01908981375602,0.393353927073879,0.775954541591934,2.05585058709055,FALSE
"Post-growing season",48,"Full",114,TRUE,FALSE,400.262880547135,,0.944873897489872,0.434697856743623,0.850741198328769,2.90858847593982,FALSE
"Post-growing season",49,"Storm",114,TRUE,TRUE,472.753549156489,,1.39548312018733,0.0124438957268361,0.641912925354855,4.02349117160069,FALSE
"Post-growing season",49,"Agricultural",114,TRUE,TRUE,475.091717330958,,1.36671577462901,0.0938530470040207,0.682863822469444,4.0828830447083,FALSE
"Post-growing season",49,"Site",114,TRUE,TRUE,463.44195317088,,1.41220486944126,0.426803608191611,0.645016525768154,1.39473527419111,FALSE
"Post-growing season",49,"Full",114,TRUE,TRUE,462.402126302519,,1.39282526040157,0.523284826382287,0.680854147467306,1.0805732977351,FALSE
"Post-growing season",50,"Storm",114,TRUE,TRUE,455.384284452258,,1.28587325396543,0.0267765500745371,0.703511925379685,4.41610973368918,FALSE
"Post-growing season",50,"Agricultural",114,TRUE,TRUE,459.682643845216,,1.26980300933902,0.0598993725131994,0.725748075339677,4.58626315078688,FALSE
"Post-growing season",50,"Site",114,TRUE,TRUE,447.98161319916,,1.29236349899935,0.405069903553204,0.691922930976917,1.77819527110644,FALSE
"Post-growing season",50,"Full",114,TRUE,TRUE,449.967571993493,,1.30005707060231,0.455942596445215,0.677257926778438,1.31199292668687,FALSE
"Post-growing season",51,"Storm",114,TRUE,TRUE,455.591895378661,,1.37313334015034,0.0918951902131083,0.535584782097418,2.07200318912298,FALSE
"Post-growing season",51,"Agricultural",114,TRUE,TRUE,458.369565914248,,1.35100451559279,0.14285650347205,0.567157990309647,2.05979233190397,FALSE
"Post-growing season",51,"Site",114,TRUE,TRUE,451.604215282203,,1.37455507409722,0.367206380976738,0.572924039735307,1.02087963752609,FALSE
"Post-growing season",51,"Full",114,TRUE,TRUE,452.77872658233,,1.38797066217491,0.445833195004816,0.57709607890351,0.659090142191814,FALSE
"Post-growing season",52,"Storm",114,TRUE,TRUE,468.915982464645,,1.35467235121669,0.0101174910628004,0.705977784348726,5.11353935580728,FALSE
"Post-growing season",52,"Agricultural",114,TRUE,TRUE,471.512699130974,,1.30974444571785,0.0432970632427373,0.756987109532629,5.95915518373578,FALSE
"Post-growing season",52,"Site",114,TRUE,TRUE,460.847484626335,,1.36096293043418,0.412279941588063,0.702201207911308,2.06968921763498,FALSE
"Post-growing season",52,"Full",114,TRUE,TRUE,462.007413397739,,1.364301132694,0.482440560195784,0.699709588731433,1.52959924903776,FALSE
"Post-growing season",53,"Storm",114,TRUE,TRUE,465.749200655858,,1.39628778574633,0.0273540841917669,0.623304262381785,3.5539677640845,FALSE
"Post-growing season",53,"Agricultural",114,TRUE,TRUE,468.669550499079,,1.33516013148504,0.0567360733111846,0.719732636775932,4.89771483822332,FALSE
"Post-growing season",53,"Site",114,TRUE,TRUE,460.317944996607,,1.41542620341086,0.349301184421878,0.592048190425358,1.33770448326633,FALSE
"Post-growing season",53,"Full",114,TRUE,TRUE,464.914043391922,,1.39855209144093,0.370732573976722,0.617753774869545,1.42205089349879,FALSE
"Post-growing season",54,"Storm",114,TRUE,FALSE,396.764151395658,,0.959737565874917,0.0297476328091056,0.787663557767839,3.87747089542926,FALSE
"Post-growing season",54,"Agricultural",114,TRUE,FALSE,402.083928529183,,0.957427023007956,0.0426516572706641,0.789362618495163,3.8320462607536,FALSE
"Post-growing season",54,"Site",114,TRUE,FALSE,389.105500793211,,0.966119593630443,0.414647952467724,0.774792553773884,1.73250974203589,FALSE
"Post-growing season",54,"Full",114,TRUE,FALSE,391.308625542351,,0.969235206117986,0.456138341595668,0.758495333163121,1.35623479312477,FALSE
"Post-growing season",55,"Storm",114,TRUE,TRUE,461.910138726003,,1.37629510856133,0.0175433501795562,0.603116356264714,3.23276572823087,FALSE
"Post-growing season",55,"Agricultural",114,TRUE,TRUE,467.100254976642,,1.36116347564268,0.03076479906548,0.629813062670132,3.47643005301053,FALSE
"Post-growing season",55,"Site",114,TRUE,TRUE,453.912583670394,,1.38202504334921,0.396216554579031,0.614053155925305,1.20939360192023,FALSE
"Post-growing season",55,"Full",114,TRUE,TRUE,456.811518446582,,1.41187905839406,0.46525369616416,0.600729175354621,0.744528082690148,FALSE
"Post-growing season",56,"Storm",114,TRUE,TRUE,443.664886310403,,1.23256215014984,0.0194183630106412,0.74732021669997,5.01960080417534,FALSE
"Post-growing season",56,"Agricultural",114,TRUE,TRUE,444.187719046008,,1.16213148803111,0.107951531974019,0.844414444544818,7.36820233000678,FALSE
"Post-growing season",56,"Site",114,TRUE,TRUE,429.948272215149,,1.24817612711856,0.555010429863276,0.719444665396311,1.01652147432294,FALSE
"Post-growing season",56,"Full",114,TRUE,TRUE,430.443811217994,,1.22490245915431,0.59625052357414,0.737662488071166,0.898380676800217,FALSE
"Post-growing season",57,"Storm",114,TRUE,FALSE,454.272860289512,,1.3426039777683,0.0235758996995177,0.596058170111006,2.93819022173171,FALSE
"Post-growing season",57,"Agricultural",114,TRUE,FALSE,451.302335005187,,1.2625242282349,0.150243836043201,0.705341510879153,3.4755996547289,FALSE
"Post-growing season",57,"Site",114,TRUE,FALSE,445.559869948266,,1.38355078177546,0.433322370067376,0.590824682824562,0.813439473016922,FALSE
"Post-growing season",57,"Full",114,TRUE,FALSE,442.55586700409,,1.31390147437131,0.453460017949989,0.626159633939817,0.886242710737193,FALSE
"Post-growing season",58,"Storm",114,TRUE,FALSE,454.094634077451,,1.31000658255479,0.0156804743292637,0.703807055660461,4.56482055926667,FALSE
"Post-growing season",58,"Agricultural",114,TRUE,FALSE,453.193091941083,,1.23497905815307,0.133675617606866,0.807408542575327,6.13764844964987,FALSE
"Post-growing season",58,"Site",114,TRUE,FALSE,440.445154882397,,1.33348495924859,0.514469951807154,0.676102778124015,0.983496761641248,FALSE
"Post-growing season",58,"Full",114,TRUE,FALSE,445.361638503297,,1.30473487380783,0.512249434521906,0.704477968965201,1.23627665628354,FALSE
"Post-growing season",59,"Storm",114,TRUE,TRUE,442.31246066917,,1.16014676779198,0.0369217921803849,0.804691361988088,6.24830375821314,FALSE
"Post-growing season",59,"Agricultural",114,TRUE,TRUE,446.543004654822,,1.14961535092766,0.0663664091067508,0.81310512646119,6.23735411301405,FALSE
"Post-growing season",59,"Site",114,TRUE,TRUE,432.210827801429,,1.17833854519571,0.516438526102919,0.78431021997659,1.98875160781363,FALSE
"Post-growing season",59,"Full",114,TRUE,TRUE,430.698558446823,,1.17804290650852,0.586027271328411,0.772605531383057,1.29694360937911,FALSE
"Post-growing season",60,"Storm",114,TRUE,FALSE,414.74648168771,,1.07919221186199,0.0489388831055243,0.738786236192912,3.57697613881821,FALSE
"Post-growing season",60,"Agricultural",114,TRUE,FALSE,417.563820269824,,1.03422962116628,0.117059975608192,0.81582645416177,4.74572336531218,FALSE
"Post-growing season",60,"Site",114,TRUE,FALSE,408.641061323852,,1.09774616373037,0.372349718496955,0.696242544166199,1.46377271413874,FALSE
"Post-growing season",60,"Full",114,TRUE,FALSE,409.780052192651,,1.08267555621025,0.433482458346967,0.711651850928417,1.28449050086848,FALSE
"Post-growing season",61,"Storm",114,TRUE,TRUE,436.75275983443,,1.17293957983147,0.0492652666496342,0.778800792019765,5.2577488886087,FALSE
"Post-growing season",61,"Agricultural",114,TRUE,TRUE,441.233635234088,,1.15956887577569,0.0703379641668769,0.794202008184683,5.48437210764496,FALSE
"Post-growing season",61,"Site",114,TRUE,TRUE,429.344799427837,,1.18554563528461,0.38084469102853,0.710619177716673,1.82169590574477,FALSE
"Post-growing season",61,"Full",114,TRUE,TRUE,431.014842076791,,1.17630251560359,0.444562618425122,0.718786992754965,1.52885230827923,FALSE
"Post-growing season",62,"Storm",114,TRUE,FALSE,431.464995880679,,1.21896379334134,0.0575903994422234,0.606802649560134,2.38193440781159,FALSE
"Post-growing season",62,"Agricultural",114,TRUE,FALSE,436.832604835999,,1.20720791649985,0.0652001665562169,0.630269870259811,2.56177819423742,FALSE
"Post-growing season",62,"Site",114,TRUE,FALSE,422.542508687956,,1.24319781452974,0.375309105159431,0.563003724051382,0.734717444481746,FALSE
"Post-growing season",62,"Full",114,TRUE,FALSE,426.542280468844,,1.31034183421165,0.464543946398211,0.533061826694509,0.268471445244283,FALSE
"Post-growing season",63,"Storm",114,TRUE,FALSE,425.413167895993,,1.13873567487587,0.0636090732395652,0.751992636400483,4.14953132883766,FALSE
"Post-growing season",63,"Agricultural",114,TRUE,FALSE,427.453220848603,,1.08204645421739,0.15604284769137,0.842752076957463,5.93051783277671,FALSE
"Post-growing season",63,"Site",114,TRUE,FALSE,427.171847332573,,1.14484263877323,0.214838208642824,0.738735915463611,3.01326764221605,FALSE
"Post-growing season",63,"Full",114,TRUE,FALSE,430.723288965801,,1.10119311538477,0.166275686917238,0.788227627144545,4.10935662412754,FALSE
"Post-growing season",64,"Storm",114,TRUE,FALSE,449.1142337282,,1.29293633684733,0.0336989466191607,0.622193333487537,3.00894039023523,FALSE
"Post-growing season",64,"Agricultural",114,TRUE,FALSE,452.836050667959,,1.25987267516857,0.0685720730769783,0.679882205113925,3.51678772517892,FALSE
"Post-growing season",64,"Site",114,TRUE,FALSE,445.135870053521,,1.30544683622952,0.332811729595636,0.623917394837628,1.4974823528035,FALSE
"Post-growing season",64,"Full",114,TRUE,FALSE,448.530991110814,,1.27919666234511,0.334650618126075,0.644527691195258,1.62490483813372,FALSE
"Post-growing season",65,"Storm",114,TRUE,TRUE,452.613875054626,,1.31527053037087,0.0610527567741189,0.625171379387206,3.00692309616027,FALSE
"Post-growing season",65,"Agricultural",114,TRUE,TRUE,457.999822261296,,1.3034586718978,0.0608007690919785,0.643226988099971,3.20871724295242,FALSE
"Post-growing season",65,"Site",114,TRUE,TRUE,439.586898221225,,1.34503212984178,0.478791887255458,0.602329212109629,0.618914451289362,FALSE
"Post-growing season",65,"Full",114,TRUE,TRUE,443.060490010136,,1.3601021642551,0.515483865815159,0.601720171785832,0.435199746712915,FALSE
"Post-growing season",66,"Storm",114,TRUE,TRUE,464.883949153595,,1.34633581366153,0.0184427554195938,0.708832335029738,5.00100202272781,FALSE
"Post-growing season",66,"Agricultural",114,TRUE,TRUE,469.110350407935,,1.31634861709813,0.0560571388658786,0.755344324965378,5.78009252402116,FALSE
"Post-growing season",66,"Site",114,TRUE,TRUE,447.727771558088,,1.39074747550514,0.521495681231015,0.644003754289975,0.733285612646248,FALSE
"Post-growing season",66,"Full",114,TRUE,TRUE,450.805697428655,,1.36922585636304,0.557046295701196,0.674106554316527,0.743060870751966,FALSE
"Post-growing season",67,"Storm",114,TRUE,TRUE,438.365666013424,,1.27100210293452,0.12231153327638,0.597661911879476,2.17699142467702,FALSE
"Post-growing season",67,"Agricultural",114,TRUE,TRUE,443.82999684025,,1.26495899956685,0.124028301077331,0.605643219499193,2.23061940164044,FALSE
"Post-growing season",67,"Site",114,TRUE,TRUE,431.533516983497,,1.30209436546238,0.509153481941548,0.628434273929378,0.597394366330854,FALSE
"Post-growing season",67,"Full",114,TRUE,TRUE,435.45321759585,,1.3120112049276,0.538821214292778,0.628905203500518,0.454163707349835,FALSE
"Post-growing season",68,"Storm",114,TRUE,FALSE,446.139205318745,,1.25108550802215,0.04235248504767,0.657442681584296,3.29186267478637,FALSE
"Post-growing season",68,"Agricultural",114,TRUE,FALSE,448.37643053934,,1.18419108603459,0.0966696990444742,0.762022567916432,4.63905226915139,FALSE
"Post-growing season",68,"Site",114,TRUE,FALSE,430.729834525412,,1.2684488773586,0.462490874362885,0.635434563372731,0.854859224702444,FALSE
"Post-growing season",68,"Full",114,TRUE,FALSE,434.915777555331,,1.23780203992696,0.452215439143393,0.655781557805827,1.02353270176341,FALSE
"Post-growing season",69,"Storm",114,TRUE,TRUE,416.193906838062,,1.08017243732788,0.0687112080794497,0.766749667891364,4.04196979624214,FALSE
"Post-growing season",69,"Agricultural",114,TRUE,TRUE,414.057768769856,,1.02860426861396,0.153947677449229,0.81501116497583,4.38609348793697,FALSE
"Post-growing season",69,"Site",114,TRUE,TRUE,409.313299020151,,1.10140608354345,0.515620039910078,0.750617263329815,1.29448509563641,FALSE
"Post-growing season",69,"Full",114,TRUE,TRUE,410.070994270027,,1.05053600163611,0.509092286622186,0.788416828178216,1.6630621641608,FALSE
"Post-growing season",70,"Storm",114,TRUE,TRUE,420.469508496651,,1.12181128514348,0.0396128125724301,0.640735080636104,2.46380883025822,FALSE
"Post-growing season",70,"Agricultural",114,TRUE,TRUE,423.434471953598,,1.063828923492,0.121527547440157,0.759129641907309,3.54290998091291,FALSE
"Post-growing season",70,"Site",114,TRUE,TRUE,418.138447110595,,1.14306850925153,0.312570158032289,0.612818788828979,1.15757630037951,FALSE
"Post-growing season",70,"Full",114,TRUE,TRUE,423.167086116402,,1.11162754446569,0.29364115204131,0.653127943533771,1.47755248759403,FALSE
"Post-growing season",71,"Storm",114,TRUE,TRUE,436.068993459247,,1.18813388888045,0.0228657844506156,0.745592182720291,4.63054266423876,FALSE
"Post-growing season",71,"Agricultural",114,TRUE,TRUE,437.033473600571,,1.10469937324957,0.115460607803774,0.866152213407111,7.96529717690512,FALSE
"Post-growing season",71,"Site",114,TRUE,TRUE,428.378678954909,,1.19454301580692,0.429976151769942,0.718673140150031,1.65709544772153,FALSE
"Post-growing season",71,"Full",114,TRUE,TRUE,431.640906047979,,1.14254458249111,0.432776345000315,0.782907283279814,2.40718416397991,FALSE
"Post-growing season",72,"Storm",114,TRUE,TRUE,445.109645262074,,1.2617429072037,0.0190054160529637,0.638181228309735,3.14342870526996,FALSE
"Post-growing season",72,"Agricultural",114,TRUE,TRUE,444.351448435575,,1.16753065472812,0.138125492314341,0.79716518116546,5.15150654879255,FALSE
"Post-growing season",72,"Site",114,TRUE,TRUE,434.656663444689,,1.27149404290564,0.472188489540268,0.649887586852315,0.919865625920644,FALSE
"Post-growing season",72,"Full",114,TRUE,TRUE,437.311318574818,,1.27606688389971,0.528116388965928,0.660236400338844,0.703614853610379,FALSE
"Post-growing season",73,"Storm",114,TRUE,FALSE,422.67405833423,,1.14136129104763,0.0461754481168055,0.662835594672751,2.75815624790443,FALSE
"Post-growing season",73,"Agricultural",114,TRUE,FALSE,424.954749807376,,1.11965051812466,0.140578451826547,0.703436486138011,2.75633863383617,FALSE
"Post-growing season",73,"Site",114,TRUE,FALSE,417.471806329419,,1.14792270722617,0.430043163825093,0.699138178519298,1.34081131863487,FALSE
"Post-growing season",73,"Full",114,TRUE,FALSE,417.593530822545,,1.13849286850371,0.547235609162643,0.73453437284724,1.03301612623022,FALSE
"Post-growing season",74,"Storm",114,TRUE,TRUE,402.001626878603,,0.951073424688563,0.0932648321377264,0.881926204934507,7.09892620117473,FALSE
"Post-growing season",74,"Agricultural",114,TRUE,TRUE,405.269391377014,,0.931074696986617,0.111322968337744,0.895552064472778,7.65598086211338,FALSE
"Post-growing season",74,"Site",114,TRUE,TRUE,392.23246086046,,0.958597036260324,0.540332110568393,0.858372563668141,2.38668798262772,FALSE
"Post-growing season",74,"Full",114,TRUE,TRUE,393.053784806028,,0.943862239793164,0.593634150129713,0.866586994615696,2.10409283694529,FALSE
"Post-growing season",75,"Storm",114,TRUE,TRUE,434.444441249764,,1.19218860903704,0.0319551171427311,0.68184530328355,3.36797194167877,FALSE
"Post-growing season",75,"Agricultural",114,TRUE,TRUE,440.23620252279,,1.1830763682481,0.0386529802908531,0.702041918158585,3.62075687483936,FALSE
"Post-growing season",75,"Site",114,TRUE,TRUE,429.692648870017,,1.21049842040431,0.410449661388971,0.673795761010933,1.34147281822417,FALSE
"Post-growing season",75,"Full",114,TRUE,TRUE,428.864390313304,,1.3548375520613,0.609782478432442,0.633116697126755,0.121495333743903,FALSE
"Post-growing season",76,"Storm",114,TRUE,FALSE,447.587305304812,,1.26678625604942,0.0579718699551043,0.692273991551785,3.81307679238426,FALSE
"Post-growing season",76,"Agricultural",114,TRUE,FALSE,450.336071672021,,1.23359232358461,0.0958275477957486,0.736597851171102,4.27787835253666,FALSE
"Post-growing season",76,"Site",114,TRUE,FALSE,443.066484104453,,1.2752190132868,0.383751962376445,0.692136355733507,1.85155452234741,FALSE
"Post-growing season",76,"Full",114,TRUE,FALSE,445.813903629506,,1.24565516211555,0.362096882601701,0.70160902156257,2.01259629544222,FALSE
"Post-growing season",77,"Storm",114,TRUE,TRUE,445.290534697532,,1.17696995836698,0.0722743127121837,0.830468294591181,7.25844548000997,FALSE
"Post-growing season",77,"Agricultural",114,TRUE,TRUE,440.932014166517,,1.09406298779681,0.253096890040593,0.898233011630321,8.92201339880143,FALSE
"Post-growing season",77,"Site",114,TRUE,TRUE,441.383303844496,,1.1900764039806,0.409499559925903,0.803011427581878,3.27360013221781,FALSE
"Post-growing season",77,"Full",114,TRUE,TRUE,427.436646132518,,1.13221088168169,0.61991696651884,0.829033044779704,1.79450807934037,FALSE
"Post-growing season",78,"Storm",114,TRUE,TRUE,450.84959879024,,1.30997636956456,0.0604047085201744,0.624490158573331,2.97143102228812,FALSE
"Post-growing season",78,"Agricultural",114,TRUE,TRUE,449.060110428654,,1.25554255654422,0.194040844300569,0.698295428425963,3.04403149791461,FALSE
"Post-growing season",78,"Site",114,TRUE,TRUE,439.490809420154,,1.34411705296493,0.550241256130921,0.659905818914329,0.640976249741106,FALSE
"Post-growing season",78,"Full",114,TRUE,TRUE,425.396483600584,,1.39486889664302,0.640585486756072,,0,TRUE
"Post-growing season",79,"Storm",114,TRUE,TRUE,444.91786789384,,1.29636969377695,0.101605868602469,0.617944416320118,2.59492144272419,FALSE
"Post-growing season",79,"Agricultural",114,TRUE,TRUE,447.07191619281,,1.26262801296061,0.139026458282703,0.660930341608687,2.81095558835532,FALSE
"Post-growing season",79,"Site",114,TRUE,TRUE,443.372156593981,,1.30456540289587,0.358551651940645,0.619789514212632,1.31388801099268,FALSE
"Post-growing season",79,"Full",114,TRUE,TRUE,446.473064774703,,1.29317500112975,0.416756531493442,0.646269455971466,1.21718127628364,FALSE
"Post-growing season",80,"Storm",114,TRUE,TRUE,438.744336887244,,1.17188391269546,0.0395975341099907,0.729508199417978,4.14139235662598,FALSE
"Post-growing season",80,"Agricultural",114,TRUE,TRUE,434.477811060099,,1.10577790517977,0.262214808318545,0.813689421136934,4.29173935086098,FALSE
"Post-growing season",80,"Site",114,TRUE,TRUE,430.769772831625,,1.19229760804634,0.47085771851444,0.723974943458599,1.49842269545908,FALSE
"Post-growing season",80,"Full",114,TRUE,TRUE,413.686781691235,,1.18258332604364,0.645364202215242,0.718596131203038,0.398399965339662,FALSE
"Post-growing season",81,"Storm",114,TRUE,TRUE,414.50585006091,,1.01592159673978,0.0317878480162107,0.828881606544463,5.65201348604973,FALSE
"Post-growing season",81,"Agricultural",114,TRUE,TRUE,409.121766039083,,0.970829687212034,0.177261191472241,0.847625029156031,4.87214543194981,FALSE
"Post-growing season",81,"Site",114,TRUE,TRUE,405.854960613498,,1.02285813405934,0.4329096394412,0.78963663894246,2.05673929305257,FALSE
"Post-growing season",81,"Full",114,TRUE,TRUE,393.946012532556,,0.987539072561465,0.56969384318636,0.781438748364143,1.08129865471612,FALSE
"Post-growing season",82,"Storm",114,TRUE,FALSE,418.109920230015,,1.19052519017789,0.107953165784969,0.562064290766631,1.65845154614175,FALSE
"Post-growing season",82,"Agricultural",114,TRUE,FALSE,421.334177453965,,1.14925745801456,0.126379869849145,0.641154382955957,2.15540322111247,FALSE
"Post-growing season",82,"Site",114,TRUE,FALSE,409.750886984262,,1.2203657514552,0.442564176045376,0.556864829789453,0.415144334662372,FALSE
"Post-growing season",82,"Full",114,TRUE,FALSE,415.196939088542,,1.23725945922295,0.464798099843145,0.549496358090386,0.307858629906063,FALSE
"Post-growing season",83,"Storm",114,TRUE,FALSE,425.318146782937,,1.13174843247942,0.0556548238884527,0.748302880414414,4.09077661397833,FALSE
"Post-growing season",83,"Agricultural",114,TRUE,FALSE,430.192815699639,,1.14108646209367,0.0895114605814879,0.726173352876656,3.50223560162693,FALSE
"Post-growing season",83,"Site",114,TRUE,FALSE,422.977404937709,,1.13108522243667,0.336646972222249,0.757008159711224,2.54399976642278,FALSE
"Post-growing season",83,"Full",114,TRUE,FALSE,426.038833928922,,1.14926040725255,0.419642720514906,0.733964709644144,1.77656282924442,FALSE
"Post-growing season",84,"Storm",114,TRUE,TRUE,444.189067972225,,1.23545087881587,0.0233562531297725,0.6870935757846,3.76420207828873,FALSE
"Post-growing season",84,"Agricultural",114,TRUE,TRUE,449.737909398407,,1.23075922464336,0.0320629651847924,0.694751972629926,3.82488420005611,FALSE
"Post-growing season",84,"Site",114,TRUE,TRUE,436.110495560415,,1.23900341206006,0.402207697786348,0.671576717991158,1.43165439172913,FALSE
"Post-growing season",84,"Full",114,TRUE,TRUE,438.157782883943,,1.28371787881013,0.50068451650257,0.641393568820705,0.717495052687334,FALSE
"Post-growing season",85,"Storm",114,TRUE,TRUE,464.258953580179,,1.47797603702364,0.0403344964348507,0.454247306371962,1.86226230375053,FALSE
"Post-growing season",85,"Agricultural",114,TRUE,TRUE,466.658738370678,,1.44721284434718,0.113659307556632,0.51238376511808,1.92916405519089,FALSE
"Post-growing season",85,"Site",114,TRUE,TRUE,450.222991846081,,1.56110930734656,0.49817485147938,0.511754976594076,0.0692393002371028,FALSE
"Post-growing season",85,"Full",114,TRUE,TRUE,450.440584985842,,1.55681642034356,0.528536067630241,,0,TRUE
"Post-growing season",86,"Storm",114,TRUE,FALSE,417.927218239015,,1.09483897995227,0.022599740538966,0.73675682994972,3.77986201292373,FALSE
"Post-growing season",86,"Agricultural",114,TRUE,FALSE,423.228683838274,,1.09602456488268,0.0387756787125461,0.731005070205937,3.58986246650666,FALSE
"Post-growing season",86,"Site",114,TRUE,FALSE,410.612191059109,,1.10978765094739,0.465379392644379,0.741254891350733,1.49396628891304,FALSE
"Post-growing season",86,"Full",114,TRUE,FALSE,413.896504132653,,1.14476564242219,0.544397005444823,0.713088462517827,0.86042793829751,FALSE
"Post-growing season",87,"Storm",114,TRUE,TRUE,462.692143780348,,1.37209044009438,0.0443939893981786,0.627934239522149,3.41215763116577,FALSE
"Post-growing season",87,"Agricultural",114,TRUE,TRUE,466.918947879581,,1.35844190666749,0.0699432568599956,0.644163370849615,3.44334661224206,FALSE
"Post-growing season",87,"Site",114,TRUE,TRUE,451.222184306866,,1.44105130646154,0.420689893947108,0.531722268934959,0.536335094898773,FALSE
"Post-growing season",87,"Full",114,TRUE,TRUE,452.272144790027,,1.47028869202012,0.447238710261057,0.500408075904764,0.243467321342005,FALSE
"Post-growing season",88,"Storm",114,TRUE,FALSE,432.708376447867,,1.21487192584333,0.126721846166517,0.635088133129093,2.37454311327694,FALSE
"Post-growing season",88,"Agricultural",114,TRUE,FALSE,436.716571864123,,1.19754593199287,0.156065011791758,0.661590226099805,2.47864516021147,FALSE
"Post-growing season",88,"Site",114,TRUE,FALSE,428.722025293093,,1.23435438651975,0.378164942197124,0.621991205036462,1.10824606187761,FALSE
"Post-growing season",88,"Full",114,TRUE,FALSE,433.383015613651,,1.25078534059943,0.408764739618543,0.60456950769224,0.865435454357579,FALSE
"Post-growing season",89,"Storm",114,TRUE,TRUE,426.835616893633,,1.13020789880441,0.0821851212801392,0.731231413399049,3.6145611634645,FALSE
"Post-growing season",89,"Agricultural",114,TRUE,TRUE,428.284738773807,,1.0543220452587,0.166290006164724,0.844852686838453,5.7509993889201,FALSE
"Post-growing season",89,"Site",114,TRUE,TRUE,424.048049176338,,1.1432891249117,0.344896131541078,0.699137106726774,1.77236927243965,FALSE
"Post-growing season",89,"Full",114,TRUE,TRUE,421.66646929734,,1.16286097456674,0.501854661527892,0.686389501324651,0.895681441405236,FALSE
"Post-growing season",90,"Storm",114,TRUE,TRUE,419.680223985455,,1.12262938147099,0.0687713608618021,0.74249118829483,3.77646051307683,FALSE
"Post-growing season",90,"Agricultural",114,TRUE,TRUE,425.171470326104,,1.13348822603261,0.0944840408643807,0.71774486257398,3.24159330721879,FALSE
"Post-growing season",90,"Site",114,TRUE,TRUE,415.452502086724,,1.13139255882709,0.454780630884401,0.737383966160952,1.55311359016359,FALSE
"Post-growing season",90,"Full",114,TRUE,TRUE,414.605367024739,,1.21285064834213,0.620427784858706,0.686308046764897,0.332389010849364,FALSE
"Post-growing season",91,"Storm",114,TRUE,FALSE,442.30371683316,,1.23063097726437,0.0324646746014795,0.688818135629801,3.70657571729344,FALSE
"Post-growing season",91,"Agricultural",114,TRUE,FALSE,436.449217844064,,1.12851259845088,0.178440755640955,0.807806232457854,4.87349892047819,FALSE
"Post-growing season",91,"Site",114,TRUE,FALSE,437.703013017394,,1.23451186740013,0.348314741036834,0.691163073091572,1.9352201576513,FALSE
"Post-growing season",91,"Full",114,TRUE,FALSE,431.726764726916,,1.13550262168546,0.398221596110319,0.773994638768556,2.47582073040504,FALSE
"Post-growing season",92,"Storm",114,TRUE,TRUE,456.079227055665,,1.31375149798556,0.0392340156279986,0.665730462716599,3.76396133508365,FALSE
"Post-growing season",92,"Agricultural",114,TRUE,TRUE,448.870634501648,,1.15395265541343,0.168269222300649,0.847491417704746,7.00885869345156,FALSE
"Post-growing season",92,"Site",114,TRUE,TRUE,443.054956489904,,1.34598388217063,0.473318222959373,0.62573918239542,0.818617556713604,FALSE
"Post-growing season",92,"Full",114,TRUE,TRUE,444.078720948097,,1.20493319954297,0.445765298716039,0.762524020968634,2.23417554761513,FALSE
"Post-growing season",93,"Storm",114,TRUE,TRUE,453.638586945801,,1.3042859878573,0.0273364738690392,0.661425402621029,3.68890420585443,FALSE
"Post-growing season",93,"Agricultural",114,TRUE,TRUE,458.237397152498,,1.26640934479609,0.0495381815311269,0.730186627612727,4.7095496461538,FALSE
"Post-growing season",93,"Site",114,TRUE,TRUE,447.642154713105,,1.31030499039973,0.389289510425913,0.65830131990184,1.53203671608978,FALSE
"Post-growing season",93,"Full",114,TRUE,TRUE,450.433544397595,,1.32765883086694,0.428495795262086,0.628717815352052,1.06468925397249,FALSE
"Post-growing season",94,"Storm",114,TRUE,FALSE,451.645697682719,,1.3110861862377,0.0313817219050992,0.635694163180579,3.28573901305449,FALSE
"Post-growing season",94,"Agricultural",114,TRUE,FALSE,456.943664680868,,1.29347214558637,0.0433003717841,0.669954412226918,3.67104106700486,FALSE
"Post-growing season",94,"Site",114,TRUE,FALSE,446.728641085916,,1.3252471344286,0.308476895162377,0.606810761438878,1.5044240266796,FALSE
"Post-growing season",94,"Full",114,TRUE,FALSE,452.449507530984,,1.32883224477271,0.305345737346099,0.595765692241331,1.42984784727497,FALSE
"Post-growing season",95,"Storm",114,TRUE,TRUE,430.095664214206,,1.1492411641101,0.0515884576736386,0.715569595133648,3.59108028751209,FALSE
"Post-growing season",95,"Agricultural",114,TRUE,TRUE,435.345392665906,,1.1350419444061,0.066301676105295,0.742190059780056,3.94090635909341,FALSE
"Post-growing season",95,"Site",114,TRUE,TRUE,424.077019748793,,1.15299476444948,0.415675344270571,0.709884376937661,1.54326988200393,FALSE
"Post-growing season",95,"Full",114,TRUE,TRUE,426.660445735318,,1.18324430837729,0.47996523627103,0.671894517969226,0.922721292979955,FALSE
"Post-growing season",96,"Storm",114,TRUE,TRUE,455.979024988223,,1.29929519033526,0.0330170234996415,0.686947992884756,4.12013200790386,FALSE
"Post-growing season",96,"Agricultural",114,TRUE,TRUE,457.982878033138,,1.23295808542102,0.0977343208499334,0.784043773277862,5.68889429892323,FALSE
"Post-growing season",96,"Site",114,TRUE,TRUE,448.833558495712,,1.31048602206205,0.422875595431268,0.683629644153002,1.6122064735481,FALSE
"Post-growing season",96,"Full",114,TRUE,TRUE,449.946348353673,,1.32174366382929,0.48547859549756,0.668926160344727,1.08732070835371,FALSE
"Post-growing season",97,"Storm",114,TRUE,TRUE,460.191465427418,,1.41289202432088,0.0388368810946651,0.580433463579914,2.91187872475532,FALSE
"Post-growing season",97,"Agricultural",114,TRUE,TRUE,464.879834951445,,1.3945705739323,0.0604708635167522,0.614472834072354,3.16485538740014,FALSE
"Post-growing season",97,"Site",114,TRUE,TRUE,451.610929250517,,1.44485364930593,0.477883286222215,0.592612810339705,0.637501235225861,FALSE
"Post-growing season",97,"Full",114,TRUE,TRUE,452.131424705532,,1.45210962393833,0.509988064532207,0.576917923371154,0.355227674571117,FALSE
"Post-growing season",98,"Storm",114,TRUE,FALSE,461.547244656208,,1.36935459191905,0.0533514108603895,0.626591915452391,3.33269126557452,FALSE
"Post-growing season",98,"Agricultural",114,TRUE,FALSE,463.568036619054,,1.31467175473985,0.0934947166755493,0.701966156364421,4.11349074338579,FALSE
"Post-growing season",98,"Site",114,TRUE,FALSE,457.870173998402,,1.37889339188918,0.298652492152746,0.615093994680491,1.77652997003988,FALSE
"Post-growing season",98,"Full",114,TRUE,FALSE,460.460848133126,,1.33042650456047,0.292159711826429,0.658812891286473,2.18020729933838,FALSE
"Post-growing season",99,"Storm",114,TRUE,FALSE,470.416728336501,,1.45102165428964,0.00756660017907607,0.571101345394371,3.16257719777876,FALSE
"Post-growing season",99,"Agricultural",114,TRUE,FALSE,475.266786754053,,1.44491234017685,0.0405132748699354,0.582685660970998,3.10013570138303,FALSE
"Post-growing season",99,"Site",114,TRUE,FALSE,465.927775419342,,1.46472139381502,0.295647773007661,0.560979672977712,1.45305256434146,FALSE
"Post-growing season",99,"Full",114,TRUE,FALSE,467.262253029741,,1.47685566270249,0.380496987317318,0.555295291853544,0.94766650307488,FALSE
"Post-growing season",100,"Storm",114,TRUE,TRUE,439.213417490321,,1.22450900244443,0.0170266693589505,0.69769767294432,3.88528849333011,FALSE
"Post-growing season",100,"Agricultural",114,TRUE,TRUE,443.359763425356,,1.19541879084393,0.0705531585009435,0.754852366880823,4.60591452871997,FALSE
"Post-growing season",100,"Site",114,TRUE,TRUE,433.000866634986,,1.24265440528312,0.410190347552107,0.666891714993533,1.33718408315791,FALSE
"Post-growing season",100,"Full",114,TRUE,TRUE,429.67334402582,,1.37792265323654,0.582676314722755,0.598884374017522,0.0789458990039417,FALSE
"Post-growing season",101,"Storm",114,TRUE,TRUE,439.441166170379,,1.25486901610011,0.0598700207681577,0.659200306192558,3.15600991536319,FALSE
"Post-growing season",101,"Agricultural",114,TRUE,TRUE,439.998780494085,,1.22890080196263,0.129117059179899,0.675661292329628,2.89821702697782,FALSE
"Post-growing season",101,"Site",114,TRUE,TRUE,435.022979461312,,1.25732047172143,0.379433230041608,0.64887337303755,1.35922418494295,FALSE
"Post-growing season",101,"Full",114,TRUE,TRUE,428.892317002256,,1.2871123033367,0.549443495134293,0.629595308872965,0.386794110918586,FALSE
"Post-growing season",102,"Storm",114,TRUE,TRUE,431.853961146881,,1.11601777451604,0.035481346563606,0.768032943302707,4.66713530427018,FALSE
"Post-growing season",102,"Agricultural",114,TRUE,TRUE,433.671404908779,,1.07527416988677,0.138170992993025,0.824623044092196,5.38937549650936,FALSE
"Post-growing season",102,"Site",114,TRUE,TRUE,424.733887863817,,1.12478916226551,0.418608115301857,0.751486187282483,1.97061094145614,FALSE
"Post-growing season",102,"Full",114,TRUE,TRUE,424.736834720879,,1.09215586132972,0.504143935328923,0.792533312219453,1.93014140206356,FALSE
"Post-growing season",103,"Storm",114,TRUE,TRUE,425.779796526363,,1.10122802810311,0.0356045705194396,0.766009684450932,4.45386635440564,FALSE
"Post-growing season",103,"Agricultural",114,TRUE,TRUE,430.010564118081,,1.07946372523404,0.0894038812312254,0.802621437866138,4.96537816775391,FALSE
"Post-growing season",103,"Site",114,TRUE,TRUE,414.67377903223,,1.12996917650852,0.512757985930992,0.730446393071297,1.17324641052301,FALSE
"Post-growing season",103,"Full",114,TRUE,TRUE,419.236053989965,,1.19284052523332,0.567542884601521,0.679393627492386,0.547979544914155,FALSE
"Post-growing season",104,"Storm",114,TRUE,FALSE,466.7909213612,,1.36234395795271,0.0211813936716285,0.703731356552924,4.96571467114247,FALSE
"Post-growing season",104,"Agricultural",114,TRUE,FALSE,464.375400946296,,1.27843744477628,0.122227639272879,0.792649307699643,6.17037541179046,FALSE
"Post-growing season",104,"Site",114,TRUE,FALSE,455.370647127749,,1.39000626219718,0.465417753733652,0.674753165685833,1.39890561594571,FALSE
"Post-growing season",104,"Full",114,TRUE,FALSE,457.649017918391,,1.3143756102243,0.422092326242703,0.72513000418909,2.17633351082526,FALSE
"Post-growing season",105,"Storm",114,TRUE,TRUE,425.824594327039,,1.12145444065246,0.0150751342125974,0.712870028011317,3.580378496921,FALSE
"Post-growing season",105,"Agricultural",114,TRUE,TRUE,427.16115610011,,1.08241947041868,0.111082717253372,0.772732333378066,4.00879516468865,FALSE
"Post-growing season",105,"Site",114,TRUE,TRUE,416.459094337626,,1.16273942441762,0.522310628973783,0.699402225081876,0.897670838983621,FALSE
"Post-growing season",105,"Full",114,TRUE,TRUE,408.993394818476,,1.1393490535721,0.63972081169535,0.730909069972533,0.48596024518289,FALSE
"Post-growing season",106,"Storm",114,TRUE,TRUE,424.767159628369,,1.10483548781233,0.0411090515981335,0.767437023664917,4.47424324763782,FALSE
"Post-growing season",106,"Agricultural",114,TRUE,TRUE,427.744669204373,,1.07642440815962,0.0666503145657512,0.798962276173248,4.96670370666218,FALSE
"Post-growing season",106,"Site",114,TRUE,TRUE,413.542437863393,,1.13586687849282,0.48794670713838,0.710721802825473,1.12382775823002,FALSE
"Post-growing season",106,"Full",114,TRUE,TRUE,416.409217098167,,1.10887460312337,0.503713786047737,0.736393252311294,1.23318507441881,FALSE
"Post-growing season",107,"Storm",114,TRUE,TRUE,418.412887260658,,1.038692331483,0.031151351355252,0.811245492657169,5.27046664366708,FALSE
"Post-growing season",107,"Agricultural",114,TRUE,TRUE,414.091145090538,,0.989214793769254,0.195152104586163,0.848468555995997,4.9895940845336,FALSE
"Post-growing season",107,"Site",114,TRUE,TRUE,409.179166035399,,1.05850870356844,0.405956244732445,0.743543373680202,1.70462406488019,FALSE
"Post-growing season",107,"Full",114,TRUE,TRUE,404.089059533721,,1.02536564173465,0.468792876885182,0.742995827899968,1.28886481765402,FALSE
"Post-growing season",108,"Storm",114,TRUE,TRUE,440.666465707556,,1.15491373700269,0.023757267732079,0.778764165196531,5.40410140940053,FALSE
"Post-growing season",108,"Agricultural",114,TRUE,TRUE,443.646827884009,,1.12419317037937,0.0713543697864655,0.813893798489159,6.00213267174461,FALSE
"Post-growing season",108,"Site",114,TRUE,TRUE,425.759300926398,,1.1922528472166,0.543916049211272,0.733633520336988,1.15156551080619,FALSE
"Post-growing season",108,"Full",114,TRUE,TRUE,426.34682331985,,1.22045706650514,0.57908593207467,0.694402430748738,0.624024644464597,FALSE
"Post-growing season",109,"Storm",114,TRUE,FALSE,421.151510624051,,1.13763195431781,0.169345457231919,0.698395370872694,2.63323347805953,FALSE
"Post-growing season",109,"Agricultural",114,TRUE,FALSE,422.679944980411,,1.1016748200115,0.235523324550469,0.748913215488036,2.88892630852281,FALSE
"Post-growing season",109,"Site",114,TRUE,FALSE,412.972240149494,,1.14794508302688,0.531578695875652,0.725379865169462,1.0499164620113,FALSE
"Post-growing season",109,"Full",114,TRUE,FALSE,418.067475560721,,1.13302290756248,0.535475725299719,0.741524223354721,1.16008734493822,FALSE
"Post-growing season",110,"Storm",114,TRUE,FALSE,445.449816580015,,1.19385002997511,0.0911065536850753,0.787788481009369,5.51161297570125,FALSE
"Post-growing season",110,"Agricultural",114,TRUE,FALSE,441.757073269938,,1.15850916538804,0.254443820663086,0.805167246227519,4.457679375652,FALSE
"Post-growing season",110,"Site",114,TRUE,FALSE,439.356865841607,,1.20686394607971,0.356902320892985,0.744272162180278,2.55830660682064,FALSE
"Post-growing season",110,"Full",114,TRUE,FALSE,428.877825565877,,1.18976201174572,0.513895267219072,0.718639192659105,1.16876319074613,FALSE
"Post-growing season",111,"Storm",114,TRUE,TRUE,452.703104508411,,1.25996557952474,0.0550444836492781,0.733020686080087,4.70282105368469,FALSE
"Post-growing season",111,"Agricultural",114,TRUE,TRUE,454.531306559724,,1.22638360210686,0.123989016445561,0.77164007393877,4.98386251670224,FALSE
"Post-growing season",111,"Site",114,TRUE,TRUE,443.330615588566,,1.28190023855327,0.543823019792547,0.740394849933595,1.41360104606131,FALSE
"Post-growing season",111,"Full",114,TRUE,TRUE,446.605579220535,,1.25462932604753,0.569101102053303,0.768361107266914,1.54390748595709,FALSE
"Post-growing season",112,"Storm",114,TRUE,FALSE,435.722009179353,,1.22608749973423,0.0220446677870584,0.627025364664562,2.79961927277725,FALSE
"Post-growing season",112,"Agricultural",114,TRUE,FALSE,436.999041845849,,1.19274633115775,0.0698973784217091,0.665398364910746,2.91185874653689,FALSE
"Post-growing season",112,"Site",114,TRUE,FALSE,423.863481650155,,1.2653202191981,0.483128466717003,0.612716290193045,0.589210670941589,FALSE
"Post-growing season",112,"Full",114,TRUE,FALSE,428.606105719121,,1.24435321154091,0.465209276928771,0.617743629207358,0.683610276024326,FALSE
"Post-growing season",113,"Storm",114,TRUE,TRUE,458.891114049725,,1.36241719052452,0.0267564026507751,0.600149010763934,3.06534674719484,FALSE
"Post-growing season",113,"Agricultural",114,TRUE,TRUE,459.055661465936,,1.30201570739419,0.135278358927622,0.696490059811845,3.6295156972785,FALSE
"Post-growing season",113,"Site",114,TRUE,TRUE,455.858338676001,,1.3918622717634,0.326657328019465,0.568981555004512,1.22153188546667,FALSE
"Post-growing season",113,"Full",114,TRUE,TRUE,453.200740300691,,1.33521002409983,0.429352563094308,0.64140008640423,1.18427654249358,FALSE
"Post-growing season",114,"Storm",114,TRUE,TRUE,453.245510085861,,1.33050029639825,0.0254235566804583,0.632496419181772,3.35023770118515,FALSE
"Post-growing season",114,"Agricultural",114,TRUE,TRUE,455.984843257763,,1.30640313369144,0.085308346409211,0.666628005078928,3.41319033724075,FALSE
"Post-growing season",114,"Site",114,TRUE,TRUE,444.07681574471,,1.34748993400736,0.480075296461297,0.646400901826581,0.946643518104478,FALSE
"Post-growing season",114,"Full",114,TRUE,TRUE,442.382714559245,,1.35204287905657,0.560832885318523,0.650374162906081,0.508450220965531,FALSE
"Post-growing season",115,"Storm",114,TRUE,TRUE,434.259468381639,,1.13221380953504,0.107743563995421,0.776355483753757,4.54639886080955,FALSE
"Post-growing season",115,"Agricultural",114,TRUE,TRUE,437.980317131597,,1.10183132167322,0.139138780781874,0.814330081342585,5.25498477961836,FALSE
"Post-growing season",115,"Site",114,TRUE,TRUE,426.656780436237,,1.14586213014181,0.446598330007919,0.74593639108231,1.79369365648531,FALSE
"Post-growing season",115,"Full",114,TRUE,TRUE,429.028506554894,,1.13057567304129,0.495536576958294,0.764700264888735,1.69379343042131,FALSE
"Post-growing season",116,"Storm",114,TRUE,TRUE,455.732663365791,,1.30634006745402,0.0390221763901283,0.664129347600674,3.70425158170366,FALSE
"Post-growing season",116,"Agricultural",114,TRUE,TRUE,459.960595768454,,1.2694285143778,0.0673611301216537,0.725352072937289,4.5261087148107,FALSE
"Post-growing season",116,"Site",114,TRUE,TRUE,444.151141864325,,1.33669062413982,0.472196696726625,0.638955765178541,0.922284298504698,FALSE
"Post-growing season",116,"Full",114,TRUE,TRUE,447.05073149542,,1.39295446935714,0.516294347020088,0.59589546144045,0.413477718716814,FALSE
"Post-growing season",117,"Storm",114,TRUE,TRUE,449.535896481418,,1.25388567364722,0.0109455703996139,0.692467870027441,4.07464219421916,FALSE
"Post-growing season",117,"Agricultural",114,TRUE,TRUE,451.658942122879,,1.23296195138452,0.0761185334903915,0.712309383742899,3.93121148744498,FALSE
"Post-growing season",117,"Site",114,TRUE,TRUE,434.414225426775,,1.26534466264987,0.53875246494336,0.701447498627671,0.980738577310326,FALSE
"Post-growing season",117,"Full",114,TRUE,TRUE,430.456539326004,,1.27289409062899,0.638477640622161,0.713480009445771,0.46397006157177,FALSE
"Post-growing season",118,"Storm",114,TRUE,TRUE,439.899262684612,,1.20630147462345,0.0503365859907681,0.737826927051932,4.4303759320438,FALSE
"Post-growing season",118,"Agricultural",114,TRUE,TRUE,439.458165832145,,1.17881863379093,0.170004900947322,0.759667529298779,3.95373102279837,FALSE
"Post-growing season",118,"Site",114,TRUE,TRUE,435.988720744239,,1.23163716648751,0.426998319144115,0.714868720478157,1.73922881785856,FALSE
"Post-growing season",118,"Full",114,TRUE,TRUE,432.29806424564,,1.21821991320149,0.504521224077805,0.699884244877952,1.08271639039048,FALSE
"Post-growing season",119,"Storm",114,TRUE,TRUE,433.233791609965,,1.15630431054659,0.075120474685509,0.773736598717101,4.80702202793183,FALSE
"Post-growing season",119,"Agricultural",114,TRUE,TRUE,437.937629890955,,1.12934258898875,0.102000945282944,0.815812264205015,5.7750187161915,FALSE
"Post-growing season",119,"Site",114,TRUE,TRUE,429.458683085339,,1.16783116297137,0.411445693233849,0.754369920517452,2.18143913684993,FALSE
"Post-growing season",119,"Full",114,TRUE,TRUE,433.324297526903,,1.19960885735044,0.452033576271446,0.705094264811937,1.39611587092749,FALSE
"Post-growing season",120,"Storm",114,FALSE,FALSE,444.565138304527,,1.27775074425292,0.0535402788730263,0.660541240021514,3.34511365559324,FALSE
"Post-growing season",120,"Agricultural",114,FALSE,FALSE,446.686879672612,,1.23707745724075,0.110006814993601,0.722057461265387,3.87618075679737,FALSE
"Post-growing season",120,"Site",114,FALSE,FALSE,446.555118127896,,1.27756965497384,0.0539328057995202,0.660971920029839,3.34871128682885,FALSE
"Post-growing season",120,"Full",114,FALSE,FALSE,448.55591961723,,1.23548683632655,0.110163575200553,0.723944204463152,3.90429277181897,FALSE
"Post-growing season",121,"Storm",114,TRUE,TRUE,462.050440940484,,1.35653672453731,0.0168225585709787,0.67150441459724,4.24298275373531,FALSE
"Post-growing season",121,"Agricultural",114,TRUE,TRUE,463.87199639073,,1.25881302384279,0.117036796536628,0.826324499886566,7.57498482554338,FALSE
"Post-growing season",121,"Site",114,TRUE,TRUE,457.221054333989,,1.36733266681624,0.375954561456487,0.664070075426169,1.81595417156899,FALSE
"Post-growing season",121,"Full",114,TRUE,TRUE,459.976543523355,,1.33179825644796,0.448376188371806,0.725510335161307,2.03775200357972,FALSE
"Post-growing season",122,"Storm",114,TRUE,TRUE,452.022715203459,,1.28778557814011,0.0400585735896539,0.675764428658021,3.7863635733885,FALSE
"Post-growing season",122,"Agricultural",114,TRUE,TRUE,457.838222088611,,1.28478611892486,0.0441074992880733,0.681088803833676,3.84096729551299,FALSE
"Post-growing season",122,"Site",114,TRUE,TRUE,445.310928514599,,1.32319876044866,0.383784744659445,0.61711584757729,1.20039612725074,FALSE
"Post-growing season",122,"Full",114,TRUE,TRUE,447.832532822221,,1.37485634940461,0.466715600312129,0.582010949494741,0.569638169276706,FALSE
"Post-growing season",123,"Storm",114,TRUE,TRUE,415.796278629654,,1.09264030477028,0.0518424534617153,0.729772400253325,3.46044775596451,FALSE
"Post-growing season",123,"Agricultural",114,TRUE,TRUE,419.624891237698,,1.09235738783456,0.0787447887072325,0.713463346553386,3.04811689360704,FALSE
"Post-growing season",123,"Site",114,TRUE,TRUE,408.322688347119,,1.10531660276034,0.472039221091294,0.714359955842315,1.17078154500975,FALSE
"Post-growing season",123,"Full",114,TRUE,TRUE,405.444535682577,,1.13436534418798,0.604453813225133,0.700427443349452,0.451483387986946,FALSE
"Post-growing season",124,"Storm",114,TRUE,TRUE,462.116200044743,,1.32597341979064,0.03587574008977,0.703120513841649,4.6049896848756,FALSE
"Post-growing season",124,"Agricultural",114,TRUE,TRUE,467.740499296112,,1.31399676155787,0.039258237684308,0.723056472491948,4.97519449192114,FALSE
"Post-growing season",124,"Site",114,TRUE,TRUE,452.645586252049,,1.33923905134113,0.46946103723253,0.694227831961265,1.49739504590715,FALSE
"Post-growing season",124,"Full",114,TRUE,TRUE,455.817592790285,,1.37696944766499,0.526712149533662,0.667215684127456,0.892524929981824,FALSE
"Post-growing season",125,"Storm",114,TRUE,TRUE,442.76578946025,,1.20460932834631,0.0684940421512684,0.791039673062395,5.81359961790436,FALSE
"Post-growing season",125,"Agricultural",114,TRUE,TRUE,445.96020693403,,1.17573666977242,0.140170564444393,0.830017108097919,6.51213762708767,FALSE
"Post-growing season",125,"Site",114,TRUE,TRUE,435.511125467099,,1.21139286040185,0.518633440848136,0.790176249506139,2.16334855445123,FALSE
"Post-growing season",125,"Full",114,TRUE,TRUE,439.035784165283,,1.19679812451985,0.517224815758975,0.791631684633793,2.14955723545979,FALSE
"Post-growing season",126,"Storm",114,TRUE,TRUE,459.898164740714,,1.36562235286861,0.0290301556093327,0.585219394718881,2.89140460648763,FALSE
"Post-growing season",126,"Agricultural",114,TRUE,TRUE,459.900885025383,,1.27833552409881,0.150237659766686,0.732999027531727,4.1704469258083,FALSE
"Post-growing season",126,"Site",114,TRUE,TRUE,449.333325619724,,1.40006990966706,0.415974357447885,0.557692495899835,0.692830293834519,FALSE
"Post-growing season",126,"Full",114,TRUE,TRUE,451.102866032138,,1.43335562086606,0.449961765093613,0.524963606335501,0.348448363987588,FALSE
"Post-growing season",127,"Storm",114,TRUE,TRUE,452.51688460608,,1.28454615167109,0.0257852634145916,0.683282218586565,3.99211650397387,FALSE
"Post-growing season",127,"Agricultural",114,TRUE,TRUE,454.69485666439,,1.215114943239,0.113442015033544,0.794690706275791,5.76203771624326,FALSE
"Post-growing season",127,"Site",114,TRUE,TRUE,445.043767311146,,1.28723973770142,0.381762622509187,0.6683284988329,1.6288032734431,FALSE
"Post-growing season",127,"Full",114,TRUE,TRUE,447.600100508466,,1.28758961097642,0.450276804724914,0.677571662718401,1.320766189321,FALSE
"Post-growing season",128,"Storm",114,TRUE,TRUE,445.508028115136,,1.22250650292668,0.0221796007830297,0.702888085707557,4.03302617709812,FALSE
"Post-growing season",128,"Agricultural",114,TRUE,TRUE,440.935922857317,,1.09616899912044,0.187470230346919,0.85712440873135,6.72072427591553,FALSE
"Post-growing season",128,"Site",114,TRUE,TRUE,436.508484814909,,1.22695509125957,0.451936274401748,0.712906455405091,1.56944990516706,FALSE
"Post-growing season",128,"Full",114,TRUE,TRUE,430.567197917909,,1.13423727571539,0.531016855200533,0.791392331011494,1.86076457527118,FALSE
"Post-growing season",129,"Storm",114,TRUE,TRUE,412.408107964859,,1.04720684838789,0.0986448145038537,0.75531228343405,3.4581146858511,FALSE
"Post-growing season",129,"Agricultural",114,TRUE,TRUE,413.210049193896,,0.997397251916446,0.188002428759891,0.825871306007368,4.30278033246829,FALSE
"Post-growing season",129,"Site",114,TRUE,TRUE,397.41009613521,,1.06539835149936,0.590692826156681,0.746764735343778,0.790621379477816,FALSE
"Post-growing season",129,"Full",114,TRUE,TRUE,400.031134633209,,1.09912241613022,0.641423682807731,0.72881879951922,0.429509201890674,FALSE
"Post-growing season",130,"Storm",114,TRUE,TRUE,459.298612082183,,1.3447761361177,0.0106601971604386,0.610667738538959,3.23950873689884,FALSE
"Post-growing season",130,"Agricultural",114,TRUE,TRUE,462.513634533817,,1.30887457822791,0.102664677492218,0.684707191624889,3.69130432468075,FALSE
"Post-growing season",130,"Site",114,TRUE,TRUE,446.259939774648,,1.44571061995365,0.487717771595763,0.554119697317341,0.333538117416959,FALSE
"Post-growing season",130,"Full",114,TRUE,TRUE,444.867852420711,,1.51922626701125,0.518586052815968,,0,TRUE
"Post-growing season",131,"Storm",114,TRUE,TRUE,463.266575667086,,1.36620433978282,0.0447720935910736,0.667978861873558,4.06567848552841,FALSE
"Post-growing season",131,"Agricultural",114,TRUE,TRUE,463.728613582926,,1.33746269727154,0.169270530414693,0.704212727633448,3.75078228709383,FALSE
"Post-growing season",131,"Site",114,TRUE,TRUE,454.346715365746,,1.40281259387016,0.400303346264561,0.601072602127319,1.10225979030773,FALSE
"Post-growing season",131,"Full",114,TRUE,TRUE,445.638949162823,,1.45936714807027,0.51142266492506,0.541189042834692,0.143640288372985,FALSE
"Post-growing season",132,"Storm",114,TRUE,TRUE,452.167891742323,,1.2132659822221,0.0443775908073907,0.781192879507291,5.88802853437404,FALSE
"Post-growing season",132,"Agricultural",114,TRUE,TRUE,452.450150851255,,1.15829502301568,0.139094214675078,0.83726865580139,6.86390812995624,FALSE
"Post-growing season",132,"Site",114,TRUE,TRUE,441.605185371063,,1.2419904162823,0.505019755396484,0.751592988872312,1.76369951163101,FALSE
"Post-growing season",132,"Full",114,TRUE,TRUE,442.608534185365,,1.19731017153749,0.507733570732536,0.774712742808633,1.96793479608721,FALSE
"Post-growing season",133,"Storm",114,TRUE,TRUE,444.534841549491,,1.17818352348478,0.0391660366666245,0.798181507163958,6.16064517984435,FALSE
"Post-growing season",133,"Agricultural",114,TRUE,TRUE,447.379736427085,,1.15612389496884,0.0739383329955142,0.814634211253564,6.3081365802283,FALSE
"Post-growing season",133,"Site",114,TRUE,TRUE,428.865755754172,,1.19472714373377,0.562439509211599,0.76839281993758,1.44864543589122,FALSE
"Post-growing season",133,"Full",114,TRUE,TRUE,428.901988605918,,1.20311371904709,0.629003306840204,0.764345047405949,0.93467694670352,FALSE
"Post-growing season",134,"Storm",114,TRUE,TRUE,469.729325107712,,1.41529549633404,0.0344067311184103,0.642142563608246,3.93121540870852,FALSE
"Post-growing season",134,"Agricultural",114,TRUE,TRUE,474.79909914478,,1.41489601813587,0.0479679674455908,0.636294332243136,3.73838208793502,FALSE
"Post-growing season",134,"Site",114,TRUE,TRUE,460.372015778502,,1.44290822834405,0.444919680881457,0.622773905320464,1.092459605696,FALSE
"Post-growing season",134,"Full",114,TRUE,TRUE,453.563401285045,,1.57828614919069,0.539827451511635,,0,TRUE
"Post-growing season",135,"Storm",114,TRUE,TRUE,446.685742483617,,1.30240564977494,0.067620427719902,0.596753019920508,2.5635360053324,FALSE
"Post-growing season",135,"Agricultural",114,TRUE,TRUE,451.673383305632,,1.29037217997958,0.0865915679742979,0.618441483717925,2.67757567512363,FALSE
"Post-growing season",135,"Site",114,TRUE,TRUE,430.03082632495,,1.36608757355884,0.528687804960908,0.578997249196589,0.236203512373489,FALSE
"Post-growing season",135,"Full",114,TRUE,TRUE,435.339467155118,,1.37511564206169,0.538945764905754,0.578948000297966,0.188910914669997,FALSE
"Post-growing season",136,"Storm",114,TRUE,TRUE,443.783824876823,,1.1692421188041,0.0776874790787565,0.797328710951712,5.76621964842485,FALSE
"Post-growing season",136,"Agricultural",114,TRUE,TRUE,448.385222672797,,1.16678060026035,0.113650569263535,0.798169421308068,5.48001623785722,FALSE
"Post-growing season",136,"Site",114,TRUE,TRUE,435.237762366454,,1.19205891581276,0.505290906365472,0.777547589216177,2.01288241386125,FALSE
"Post-growing season",136,"Full",114,TRUE,TRUE,437.000340235251,,1.22638479285353,0.589880909154481,0.756662686709285,1.16946952530512,FALSE
"Post-growing season",137,"Storm",114,TRUE,TRUE,447.998922775386,,1.27737455925322,0.0692063724626256,0.635662170349031,2.95831234881694,FALSE
"Post-growing season",137,"Agricultural",114,TRUE,TRUE,451.944744589722,,1.24102558232884,0.094987344350226,0.694218328874451,3.54120159990906,FALSE
"Post-growing season",137,"Site",114,TRUE,TRUE,441.68638175644,,1.29838542551167,0.418628253602578,0.633773227486413,1.11783887746542,FALSE
"Post-growing season",137,"Full",114,TRUE,TRUE,443.245759706747,,1.31197683555725,0.476085399267995,0.623029955180453,0.745404954667256,FALSE
"Post-growing season",138,"Storm",114,TRUE,TRUE,457.880044513119,,1.36264985192636,0.0237719453648703,0.633300648209275,3.52929638978453,FALSE
"Post-growing season",138,"Agricultural",114,TRUE,TRUE,462.110817661495,,1.31845711222557,0.0733499946309712,0.722779102635214,4.68641827041334,FALSE
"Post-growing season",138,"Site",114,TRUE,TRUE,452.912069804194,,1.38080374083059,0.372447645072011,0.610866570947729,1.30220382148383,FALSE
"Post-growing season",138,"Full",114,TRUE,TRUE,454.125723172169,,1.4787964636871,0.476942933045501,0.534290126932342,0.285041289283448,FALSE
"Post-growing season",139,"Storm",114,TRUE,TRUE,433.125501926609,,1.12703108131571,0.0473564842755283,0.772216165241496,4.7670028398124,FALSE
"Post-growing season",139,"Agricultural",114,TRUE,TRUE,433.530704124329,,1.09605744393316,0.129902648403452,0.798198336111659,4.69469267961056,FALSE
"Post-growing season",139,"Site",114,TRUE,TRUE,425.848947723709,,1.13677374992382,0.40466374508828,0.738250030846469,1.9063719415798,FALSE
"Post-growing season",139,"Full",114,TRUE,TRUE,419.627381716181,,1.11551490820932,0.550658043547123,0.753830299017749,1.17391774307391,FALSE
"Post-growing season",140,"Storm",114,TRUE,TRUE,450.204968889378,,1.32625022705378,0.0443021598280455,0.590979632818151,2.69816005339876,FALSE
"Post-growing season",140,"Agricultural",114,TRUE,TRUE,455.16935541794,,1.30325412128616,0.0562765379724381,0.634310705769832,3.09365758450511,FALSE
"Post-growing season",140,"Site",114,TRUE,TRUE,443.198868090039,,1.39944475725837,0.420842206127485,0.531406287883078,0.500809239304386,FALSE
"Post-growing season",140,"Full",114,TRUE,TRUE,446.31109240628,,1.43310441656086,0.472157729157956,0.526056304311874,0.246835532655174,FALSE
"Post-growing season",141,"Storm",114,TRUE,FALSE,436.134551758155,,1.17367866674901,0.0487274620423859,0.744845880598137,4.39904952457842,FALSE
"Post-growing season",141,"Agricultural",114,TRUE,FALSE,441.616286643405,,1.16876987435988,0.0526993311980477,0.750198260353747,4.46666524949483,FALSE
"Post-growing season",141,"Site",114,TRUE,FALSE,422.908692041125,,1.18356156353029,0.477821878573338,0.718761502027746,1.36215249714138,FALSE
"Post-growing season",141,"Full",114,TRUE,FALSE,427.364194916242,,1.18035366741313,0.472443666909886,0.708837338513229,1.28164096703838,FALSE
"Post-growing season",142,"Storm",114,TRUE,TRUE,431.880082603782,,1.25548591361877,0.115752630218053,0.523470472009763,1.53855036266643,FALSE
"Post-growing season",142,"Agricultural",114,TRUE,TRUE,436.551459374668,,1.23386170100362,0.126764887709617,0.561470816311354,1.72964004362908,FALSE
"Post-growing season",142,"Site",114,TRUE,TRUE,427.060568531582,,1.28478147881331,0.444500020646638,0.566416326089824,0.508352450888387,FALSE
"Post-growing season",142,"Full",114,TRUE,TRUE,429.76856842473,,1.30689015220753,0.498491615501494,0.568720164674979,0.298358599410882,FALSE
"Post-growing season",143,"Storm",114,TRUE,FALSE,468.057417421718,,1.43476621596306,0.0190783205141973,0.610044779343476,3.55412487299749,FALSE
"Post-growing season",143,"Agricultural",114,TRUE,FALSE,473.186432710522,,1.41607311757649,0.0348620477155712,0.64568508926123,3.94896725774724,FALSE
"Post-growing season",143,"Site",114,TRUE,FALSE,465.55445314414,,1.4493817839917,0.25987758557987,0.58134063347433,1.8075308372683,FALSE
"Post-growing season",143,"Full",114,TRUE,FALSE,469.754666697829,,1.46757824049406,0.321151147201224,0.565830379625886,1.34846718993581,FALSE
"Post-growing season",144,"Storm",114,TRUE,FALSE,461.469296423481,,1.35836078422345,0.0209765850145252,0.610756934461467,3.24784414821939,FALSE
"Post-growing season",144,"Agricultural",114,TRUE,FALSE,464.913292710483,,1.31237743283475,0.105336160936942,0.702838338975938,4.04846648128248,FALSE
"Post-growing season",144,"Site",114,TRUE,FALSE,454.459574488303,,1.39847598127146,0.359235144162256,0.573414559175898,1.10293200291598,FALSE
"Post-growing season",144,"Full",114,TRUE,FALSE,458.253553310839,,1.43787895471147,0.402400615170242,0.537497812769531,0.66464216777542,FALSE
"Post-growing season",145,"Storm",114,TRUE,TRUE,472.414372168108,,1.4664641309802,0.0336597091328257,0.591859959055597,3.3561691471488,FALSE
"Post-growing season",145,"Agricultural",114,TRUE,TRUE,475.830560302937,,1.43779594399742,0.0869693183240502,0.639838229908986,3.62986571069524,FALSE
"Post-growing season",145,"Site",114,TRUE,TRUE,460.965074029359,,1.52334661530107,0.450755776701865,0.544214837074707,0.513169103397609,FALSE
"Post-growing season",145,"Full",114,TRUE,TRUE,453.043430024052,,1.57469084937653,0.528661304760332,,0,TRUE
"Post-growing season",146,"Storm",114,TRUE,TRUE,438.029101811224,,1.16849691786197,0.0845614679610915,0.747957684238883,4.22793474619628,FALSE
"Post-growing season",146,"Agricultural",114,TRUE,TRUE,441.751945161256,,1.15647844171321,0.110337616044813,0.755801290331898,4.15918047220617,FALSE
"Post-growing season",146,"Site",114,TRUE,TRUE,435.637279506834,,1.17179267177492,0.309860482369602,0.720292850007632,2.34220230969067,FALSE
"Post-growing season",146,"Full",114,TRUE,TRUE,434.186750797543,,1.19622189489198,0.413375261476689,0.665828456527171,1.23298500555986,FALSE
"Post-growing season",147,"Storm",114,TRUE,FALSE,448.69456173754,,1.20819297358459,0.0345223877010092,0.798341305555492,6.47091314234499,FALSE
"Post-growing season",147,"Agricultural",114,TRUE,FALSE,452.431991119942,,1.18753666531651,0.0665130273273647,0.818921182576875,6.8657125861706,FALSE
"Post-growing season",147,"Site",114,TRUE,FALSE,435.220532110785,,1.2221204888118,0.489876905431828,0.755990241810715,1.86171980799294,FALSE
"Post-growing season",147,"Full",114,TRUE,FALSE,438.471130044559,,1.21330649339844,0.500092975579832,0.752886564067671,1.71832658786423,FALSE
"Post-growing season",148,"Storm",114,TRUE,FALSE,435.911845713676,,1.21470382724432,0.050847899042418,0.708065891063771,3.81499241257383,FALSE
"Post-growing season",148,"Agricultural",114,TRUE,FALSE,439.645014269408,,1.19469257263981,0.0824026709112624,0.735120733901716,4.04583770772052,FALSE
"Post-growing season",148,"Site",114,TRUE,FALSE,430.507314759031,,1.22162892473936,0.381005755047752,0.696715098549193,1.75394481580942,FALSE
"Post-growing season",148,"Full",114,TRUE,FALSE,434.429941587417,,1.20875170155468,0.378994706216454,0.69900991578044,1.754818759935,FALSE
"Post-growing season",149,"Storm",114,TRUE,TRUE,431.736125160066,,1.16962021998242,0.0520138349710858,0.694423359277077,3.3554030455657,FALSE
"Post-growing season",149,"Agricultural",114,TRUE,TRUE,437.108429367936,,1.16518210915103,0.0556320092087724,0.698213095307036,3.3736304184998,FALSE
"Post-growing season",149,"Site",114,TRUE,TRUE,422.779831213205,,1.18650311213572,0.492816639653012,0.699188365260112,1.09182889209494,FALSE
"Post-growing season",149,"Full",114,TRUE,TRUE,425.46857545105,,1.19044268761596,0.539856836538886,0.700784723818628,0.854353530207882,FALSE
"Post-growing season",150,"Storm",114,TRUE,TRUE,455.321528456329,,1.34562216472523,0.025770647697628,0.638580582611504,3.51209213775113,FALSE
"Post-growing season",150,"Agricultural",114,TRUE,TRUE,457.282554074422,,1.30441162831795,0.0969845830624787,0.702499770171766,3.97555086689482,FALSE
"Post-growing season",150,"Site",114,TRUE,TRUE,441.067307220807,,1.43742647141833,0.5569348975675,0.603012208661916,0.253377976772133,FALSE
"Post-growing season",150,"Full",114,TRUE,TRUE,438.599445423149,,1.41458508681381,0.599746597049397,0.624294726260272,0.135947076587867,FALSE
"Post-growing season",151,"Storm",114,TRUE,TRUE,433.356326720856,,1.09192884922927,0.0813594375466913,0.849463085252939,7.20414592799037,FALSE
"Post-growing season",151,"Agricultural",114,TRUE,TRUE,436.636477616418,,1.06869484381884,0.117158772642612,0.86865541414927,7.74811102377637,FALSE
"Post-growing season",151,"Site",114,TRUE,TRUE,424.182974760275,,1.10151295474749,0.495764762651105,0.823275761352556,2.61737828689764,FALSE
"Post-growing season",151,"Full",114,TRUE,TRUE,426.51580113359,,1.09904838730774,0.540452696454315,0.820746995398936,2.1896954279081,FALSE
"Post-growing season",152,"Storm",114,TRUE,TRUE,449.587485224099,,1.29392666441095,0.0310335139054969,0.614096982079184,2.93639900340906,FALSE
"Post-growing season",152,"Agricultural",114,TRUE,TRUE,451.005503971596,,1.22299579728941,0.104094833085725,0.732260757747285,4.11319023207761,FALSE
"Post-growing season",152,"Site",114,TRUE,TRUE,440.923092936739,,1.32775579060548,0.401939012831913,0.57836703378093,0.821354739813925,FALSE
"Post-growing season",152,"Full",114,TRUE,TRUE,444.486037061036,,1.26425494077842,0.382473320050923,0.637822898863904,1.27876671646142,FALSE
"Post-growing season",153,"Storm",114,TRUE,TRUE,449.669813600868,,1.27559875351355,0.00946892768405805,0.734744301325826,5.10242879806869,FALSE
"Post-growing season",153,"Agricultural",114,TRUE,TRUE,442.638456680982,,1.13205200447183,0.199343220126259,0.894959626786283,9.80961413832636,FALSE
"Post-growing season",153,"Site",114,TRUE,TRUE,443.206963853884,,1.27907017827414,0.420933512157546,0.718053749397957,1.94515937679745,FALSE
"Post-growing season",153,"Full",114,TRUE,TRUE,438.907620022222,,1.18263194612819,0.471906914414049,0.804909896448865,2.7191922483963,FALSE
"Post-growing season",154,"Storm",114,TRUE,FALSE,457.37612030347,,1.32639512274891,0.0321234124599902,0.650654470956321,3.62175557350495,FALSE
"Post-growing season",154,"Agricultural",114,TRUE,FALSE,462.406915668307,,1.3125952564133,0.0507733519885835,0.67380965716679,3.8329144871656,FALSE
"Post-growing season",154,"Site",114,TRUE,FALSE,449.506546325704,,1.33822779366621,0.401238575561641,0.654656988864521,1.48985096650165,FALSE
"Post-growing season",154,"Full",114,TRUE,FALSE,454.821545188887,,1.3635215420102,0.417197166259539,0.62332006855088,1.1417232668733,FALSE
"Post-growing season",155,"Storm",114,TRUE,TRUE,441.219492800422,,1.2006816219167,0.0201160046007852,0.751336477503394,4.91197316817986,FALSE
"Post-growing season",155,"Agricultural",114,TRUE,TRUE,446.54317838578,,1.18551726942423,0.0325926858029852,0.777652954170079,5.46509005055972,FALSE
"Post-growing season",155,"Site",114,TRUE,TRUE,437.401183435231,,1.20520256820549,0.384691942845262,0.742311651761503,2.30801398006837,FALSE
"Post-growing season",155,"Full",114,TRUE,TRUE,442.059627194086,,1.2254841946145,0.432953063718839,0.718921749887769,1.73771201087938,FALSE
"Post-growing season",156,"Storm",114,TRUE,FALSE,452.085812205195,,1.18027106652461,0.0579065112051837,0.825403566773694,7.30949791583976,FALSE
"Post-growing season",156,"Agricultural",114,TRUE,FALSE,457.292176243954,,1.17865237271267,0.0810652286684078,0.82634658080511,7.11453120657388,FALSE
"Post-growing season",156,"Site",114,TRUE,FALSE,435.492998855757,,1.1861699245882,0.414654085674073,0.748484982874423,2.17411027590534,FALSE
"Post-growing season",156,"Full",114,TRUE,FALSE,440.766254921583,,1.18695376686747,0.424759056972963,0.746397281707537,2.07748715629569,FALSE
"Post-growing season",157,"Storm",114,TRUE,FALSE,440.145874109814,,1.15344082503184,0.0423942527226488,0.790255394631152,5.62688302267182,FALSE
"Post-growing season",157,"Agricultural",114,TRUE,FALSE,445.503383128651,,1.14860918941949,0.0457018933514481,0.79353911347321,5.67002718665222,FALSE
"Post-growing season",157,"Site",114,TRUE,FALSE,423.230093117691,,1.16756207752938,0.447713205464063,0.716314150338202,1.4782803131615,FALSE
"Post-growing season",157,"Full",114,TRUE,FALSE,428.967598513046,,1.17276312155418,0.45657193494488,0.711386156965725,1.38744037732727,FALSE
"Post-growing season",158,"Storm",114,TRUE,TRUE,443.634301585486,,1.1743118310171,0.0266003178630205,0.789438258162829,5.89624402395602,FALSE
"Post-growing season",158,"Agricultural",114,TRUE,TRUE,444.194906020746,,1.11250979617573,0.122759856271671,0.858474833876121,7.62809155396556,FALSE
"Post-growing season",158,"Site",114,TRUE,TRUE,434.327646506513,,1.18632162601242,0.464028928007351,0.764678912276236,2.07670318624344,FALSE
"Post-growing season",158,"Full",114,TRUE,TRUE,434.053554015393,,1.14158006718788,0.507437417531436,0.799910454860402,2.20799606382402,FALSE
"Post-growing season",159,"Storm",114,TRUE,FALSE,453.65402684271,,1.3183066995374,0.0502112099866266,0.677615841184639,3.88214179320136,FALSE
"Post-growing season",159,"Agricultural",114,TRUE,FALSE,459.417230281996,,1.3110989818506,0.0465971635981994,0.689176572244533,4.08335617657535,FALSE
"Post-growing season",159,"Site",114,TRUE,FALSE,450.866868520638,,1.33631800117963,0.261395529201403,0.620149535564303,1.90537140759238,FALSE
"Post-growing season",159,"Full",114,TRUE,FALSE,455.781592460889,,1.35838385039451,0.324995164663197,0.601913742989585,1.43816452924062,FALSE
"Post-growing season",160,"Storm",114,TRUE,TRUE,429.993459827507,,1.09995968702829,0.0753338165918005,0.807968435137638,5.47973278204528,FALSE
"Post-growing season",160,"Agricultural",114,TRUE,TRUE,432.865290237627,,1.08112793723223,0.124233300281041,0.823882517228307,5.51609618424216,FALSE
"Post-growing season",160,"Site",114,TRUE,TRUE,424.566620469831,,1.11651300487825,0.35699687905116,0.755143189923794,2.35904239734049,FALSE
"Post-growing season",160,"Full",114,TRUE,TRUE,425.118683099933,,1.10334738165214,0.409700410368596,0.755033105545234,1.98882025489486,FALSE
"Post-growing season",161,"Storm",114,TRUE,FALSE,450.888913118655,,1.24169328761017,0.0240870335991613,0.728088847766138,4.69183621164455,FALSE
"Post-growing season",161,"Agricultural",114,TRUE,FALSE,455.670142367937,,1.24646096427122,0.0431159982538892,0.711660518568103,4.22560144745323,FALSE
"Post-growing season",161,"Site",114,TRUE,FALSE,443.254804914659,,1.27631773751704,0.400621002838508,0.682741044609488,1.65907187614303,FALSE
"Post-growing season",161,"Full",114,TRUE,FALSE,444.337430632691,,1.30358156866439,0.490772491374565,0.662532543237877,0.971777403791256,FALSE
"Post-growing season",162,"Storm",114,TRUE,TRUE,443.153618763165,,1.22014492772794,0.0945252506115471,0.742063513908243,4.34894782489336,FALSE
"Post-growing season",162,"Agricultural",114,TRUE,TRUE,448.612467218584,,1.2132406915869,0.0935072133042852,0.749454817944139,4.48729176848823,FALSE
"Post-growing season",162,"Site",114,TRUE,TRUE,432.044438425083,,1.2325303393797,0.523867508820307,0.725651879293008,1.2627754882312,FALSE
"Post-growing season",162,"Full",114,TRUE,TRUE,435.099295809007,,1.27285441222506,0.571688954982324,0.690739563835235,0.689692693864705,FALSE
"Post-growing season",163,"Storm",114,TRUE,TRUE,413.39145073645,,1.06894173175519,0.0650204678698243,0.74421511819951,3.53127044882194,FALSE
"Post-growing season",163,"Agricultural",114,TRUE,TRUE,413.899915255956,,1.01357388276743,0.12487361211648,0.819184513706074,4.6160300106681,FALSE
"Post-growing season",163,"Site",114,TRUE,TRUE,389.215296053835,,1.15020929051075,0.663766965979805,0.694728212187962,0.141383383808271,FALSE
"Post-growing season",163,"Full",114,TRUE,TRUE,391.653895498636,,1.20298578723872,0.677368558158516,,0,TRUE
"Post-growing season",164,"Storm",114,TRUE,TRUE,429.436893763132,,1.15211061015501,0.0119569008418958,0.711618228032089,3.75871167684814,FALSE
"Post-growing season",164,"Agricultural",114,TRUE,TRUE,430.180069620221,,1.10465442456211,0.103915467369804,0.778933644218245,4.36897935212999,FALSE
"Post-growing season",164,"Site",114,TRUE,TRUE,420.037264436876,,1.15259304546666,0.462892144625638,0.72151455248786,1.40299264602063,FALSE
"Post-growing season",164,"Full",114,TRUE,TRUE,416.585098015401,,1.12630433755487,0.568347620558908,0.750064661011437,1.04039789837572,FALSE
"Post-growing season",165,"Storm",114,TRUE,TRUE,433.609408709861,,1.1305630204751,0.0121103867182503,0.740339294301648,4.24984735389572,FALSE
"Post-growing season",165,"Agricultural",114,TRUE,TRUE,431.590750202878,,1.03893108170091,0.161183624990642,0.858266211380686,6.3481915210839,FALSE
"Post-growing season",165,"Site",114,TRUE,TRUE,421.813136444047,,1.15143658997173,0.549405395755017,0.751952463756274,1.24241439147245,FALSE
"Post-growing season",165,"Full",114,TRUE,TRUE,421.03624327115,,1.09793416619274,0.596660482702174,0.799789784589671,1.4135811111642,FALSE
"Post-growing season",166,"Storm",114,TRUE,TRUE,426.722679421556,,1.12678848216339,0.0332424283566925,0.779557054889679,5.00663533544582,FALSE
"Post-growing season",166,"Agricultural",114,TRUE,TRUE,419.248999586071,,1.0894164744928,0.271360801362042,0.788895448582629,3.36915665024635,FALSE
"Post-growing season",166,"Site",114,TRUE,TRUE,426.397693336258,,1.1337262574187,0.336306028010721,0.776068206669045,2.90899828777053,FALSE
"Post-growing season",166,"Full",114,TRUE,TRUE,410.386471008086,,1.12481496869026,0.660687087305404,0.786502838439276,0.829252024529718,FALSE
"Post-growing season",167,"Storm",114,TRUE,TRUE,426.9817615315,,1.11945843473287,0.0365005654987831,0.769906973516418,4.65483321405754,FALSE
"Post-growing season",167,"Agricultural",114,TRUE,TRUE,429.523629222181,,1.06697476058138,0.0809739029164074,0.842473265834691,6.44897862326103,FALSE
"Post-growing season",167,"Site",114,TRUE,TRUE,421.740034471903,,1.14058916475482,0.461167625235745,0.752666035509823,1.75056466361494,FALSE
"Post-growing season",167,"Full",114,TRUE,TRUE,426.820373116663,,1.11749453028074,0.464664546330517,0.782791667306115,2.0994552555464,FALSE
"Post-growing season",168,"Storm",114,TRUE,TRUE,445.686597836137,,1.22951916578252,0.0641819183186411,0.740713408617271,4.59144937054116,FALSE
"Post-growing season",168,"Agricultural",114,TRUE,TRUE,451.279883650546,,1.21637014616828,0.0661983816180616,0.762037725039416,5.04521666319704,FALSE
"Post-growing season",168,"Site",114,TRUE,TRUE,438.227812161158,,1.2587151311973,0.411659580096973,0.67181817637365,1.42248412579075,FALSE
"Post-growing season",168,"Full",114,TRUE,TRUE,440.78436997766,,1.30718739017284,0.483519060893043,0.62318506856757,0.699602896157843,FALSE
"Post-growing season",169,"Storm",114,TRUE,FALSE,438.293956981063,,1.21676506575216,0.0343351462690491,0.715600588705215,4.08014949470066,FALSE
"Post-growing season",169,"Agricultural",114,TRUE,FALSE,440.897697150632,,1.1924561303378,0.0972105391769121,0.74734680776144,4.21451125543832,FALSE
"Post-growing season",169,"Site",114,TRUE,FALSE,433.750887800831,,1.22488142790185,0.372197019963639,0.708693563569706,1.96450721467421,FALSE
"Post-growing season",169,"Full",114,TRUE,FALSE,432.495418190638,,1.21122889939823,0.444169197829521,0.70119386943628,1.41983479886152,FALSE
"Post-growing season",170,"Storm",114,TRUE,TRUE,461.922386614583,,1.30832431058584,0.0522117608442882,0.729869830861511,5.03787813417541,FALSE
"Post-growing season",170,"Agricultural",114,TRUE,TRUE,467.188454787675,,1.30279974191315,0.0706391374845358,0.737426159978038,5.0578632258507,FALSE
"Post-growing season",170,"Site",114,TRUE,TRUE,450.339140174123,,1.33556440179962,0.453013478146283,0.671545904397863,1.34434254882468,FALSE
"Post-growing season",170,"Full",114,TRUE,TRUE,451.917616585878,,1.37222853105161,0.50397789469908,0.631946057084174,0.724349380437239,FALSE
"Post-growing season",171,"Storm",114,TRUE,FALSE,420.844148724612,,1.0978289873593,0.0516261556446741,0.776573632031461,4.55248331576736,FALSE
"Post-growing season",171,"Agricultural",114,TRUE,FALSE,422.036475499384,,1.06301119303803,0.130396567120894,0.816440076815329,4.92739982876063,FALSE
"Post-growing season",171,"Site",114,TRUE,FALSE,413.29313182564,,1.1070939362339,0.439238555969147,0.761577016894578,1.89314725980165,FALSE
"Post-growing season",171,"Full",114,TRUE,FALSE,413.418840687213,,1.08302741121548,0.453586185099815,0.760952249911079,1.72075122453388,FALSE
"Post-growing season",172,"Storm",114,TRUE,TRUE,444.207496915499,,1.23291166292615,0.0573561347769946,0.715021291680795,4.09243943820225,FALSE
"Post-growing season",172,"Agricultural",114,TRUE,TRUE,447.884649700599,,1.22216615470264,0.0895029476096639,0.721378148158029,3.95036877883078,FALSE
"Post-growing season",172,"Site",114,TRUE,TRUE,439.295406807197,,1.24067130553633,0.385597623368996,0.70103391107729,1.85604010456271,FALSE
"Post-growing season",172,"Full",114,TRUE,TRUE,439.691049949226,,1.23945104311696,0.486048092237112,0.710409502573933,1.34678795484503,FALSE
"Post-growing season",173,"Storm",114,TRUE,TRUE,425.09087096937,,1.07569536767999,0.0357909520331263,0.790023901799537,4.91365989662851,FALSE
"Post-growing season",173,"Agricultural",114,TRUE,TRUE,429.723970842952,,1.07025553351471,0.0731890336475827,0.796416474630716,4.80988142019746,FALSE
"Post-growing season",173,"Site",114,TRUE,TRUE,408.688143681357,,1.0959815101047,0.549263603259663,0.74623493329251,1.06463645984099,FALSE
"Post-growing season",173,"Full",114,TRUE,TRUE,410.670014748983,,1.09171551113381,0.570390222672967,0.739709248587133,0.88004510152006,FALSE
"Post-growing season",174,"Storm",114,TRUE,TRUE,445.955710321351,,1.21317929908921,0.0331928228877022,0.745441238422207,4.83700162886104,FALSE
"Post-growing season",174,"Agricultural",114,TRUE,TRUE,445.952241439324,,1.14079716734242,0.126120688255307,0.834070478687671,6.5641597225711,FALSE
"Post-growing season",174,"Site",114,TRUE,TRUE,443.787003707787,,1.22350530177576,0.318867863466114,0.724058874515823,2.54619177567026,FALSE
"Post-growing season",174,"Full",114,TRUE,TRUE,443.968928791734,,1.19715686784745,0.35757896591296,0.732554352543625,2.32479350544857,FALSE
"Post-growing season",175,"Storm",114,FALSE,FALSE,424.398635705301,,1.11181598238189,0.0304079057304638,0.77091806689133,4.65497157400046,FALSE
"Post-growing season",175,"Agricultural",114,FALSE,FALSE,429.763796027722,,1.11372850762187,0.0455156078576108,0.764483453484067,4.40712828154506,FALSE
"Post-growing season",175,"Site",114,FALSE,FALSE,426.075963489741,,1.11163879619248,0.0410689930862842,0.770665000782419,4.57867668984205,FALSE
"Post-growing season",175,"Full",114,FALSE,FALSE,431.531711744433,,1.11322070498971,0.0535279294314683,0.76520134222303,4.3712473727681,FALSE
"Post-growing season",176,"Storm",114,TRUE,TRUE,434.470929822889,,1.1206679039718,0.017359673182143,0.798870025795292,5.76407748864468,FALSE
"Post-growing season",176,"Agricultural",114,TRUE,TRUE,435.138233835062,,1.08620203887009,0.0862326235212119,0.826551288912512,5.95560042096258,FALSE
"Post-growing season",176,"Site",114,TRUE,TRUE,429.072813809543,,1.12812308731467,0.414584216512364,0.788412757080028,2.61827638971173,FALSE
"Post-growing season",176,"Full",114,TRUE,TRUE,423.735143996655,,1.10885596987842,0.572368917421429,0.804206606240805,1.67816107959849,FALSE
"Post-growing season",177,"Storm",114,TRUE,TRUE,446.97099279366,,1.26019123406221,0.0272550424524025,0.677187301094038,3.70673877409571,FALSE
"Post-growing season",177,"Agricultural",114,TRUE,TRUE,451.12290475606,,1.24649400167976,0.0623896759006178,0.696308217450921,3.76248422961099,FALSE
"Post-growing season",177,"Site",114,TRUE,TRUE,436.65733126562,,1.27513401345173,0.500566372493069,0.686492934607379,1.08315486446394,FALSE
"Post-growing season",177,"Full",114,TRUE,TRUE,436.208641510359,,1.30528521934591,0.603100136582633,0.688038581503145,0.507095832574222,FALSE
"Post-growing season",178,"Storm",114,TRUE,FALSE,443.444965312171,,1.24922967894018,0.0241600110161196,0.669674420786416,3.51255954317584,FALSE
"Post-growing season",178,"Agricultural",114,TRUE,FALSE,443.468282223606,,1.18654574275001,0.105925658009715,0.761350642989096,4.47556302075946,FALSE
"Post-growing season",178,"Site",114,TRUE,FALSE,437.279286758182,,1.26881486491354,0.374285825499041,0.64353866286633,1.37248203512015,FALSE
"Post-growing season",178,"Full",114,TRUE,FALSE,438.709621687096,,1.21187436388282,0.346774320196027,0.686797136375835,1.81566978315189,FALSE
"Post-growing season",179,"Storm",114,TRUE,TRUE,433.037925006336,,1.12995060186882,0.032395155162667,0.771642122869508,4.89534246843893,FALSE
"Post-growing season",179,"Agricultural",114,TRUE,TRUE,435.022822196871,,1.07809687861855,0.0924781221428203,0.83568279835505,6.26263603628143,FALSE
"Post-growing season",179,"Site",114,TRUE,TRUE,426.524613151922,,1.13742411676229,0.451016645069204,0.7744532607886,2.15330317933916,FALSE
"Post-growing season",179,"Full",114,TRUE,TRUE,428.856121277883,,1.13533275563897,0.492321736636373,0.77023673053966,1.80000263778091,FALSE
"Post-growing season",180,"Storm",114,TRUE,TRUE,425.711289232256,,1.10502705502232,0.0828265900205636,0.768373041656048,4.24866506753472,FALSE
"Post-growing season",180,"Agricultural",114,TRUE,TRUE,430.410536135495,,1.09922413183631,0.103431527431926,0.772680946554561,4.18161777814276,FALSE
"Post-growing season",180,"Site",114,TRUE,TRUE,409.339252748124,,1.13252438251482,0.603331516408517,0.747165362766148,0.820465423147731,FALSE
"Post-growing season",180,"Full",114,TRUE,TRUE,410.981280819474,,1.12982217838354,0.618579970709389,0.737039809766189,0.641134844471725,FALSE
"Post-growing season",181,"Storm",114,TRUE,TRUE,443.073967051108,,1.2314778623729,0.0301551780567796,0.653848224562375,3.20112172286696,FALSE
"Post-growing season",181,"Agricultural",114,TRUE,TRUE,448.102878679747,,1.2205934389326,0.0420227381313347,0.669800169622644,3.32276132319395,FALSE
"Post-growing season",181,"Site",114,TRUE,TRUE,429.491642511305,,1.2496906634289,0.458129950837294,0.62996980201864,0.812588209314872,FALSE
"Post-growing season",181,"Full",114,TRUE,TRUE,433.390890526223,,1.24415722631889,0.491519040239558,0.645604738808246,0.752138373682707,FALSE
"Post-growing season",182,"Storm",114,TRUE,TRUE,405.981278521666,,1.03285495243838,0.021260455509905,0.75549401449919,3.70581688751724,FALSE
"Post-growing season",182,"Agricultural",114,TRUE,TRUE,410.305370345621,,1.01688934487407,0.0470780286533665,0.781117904424511,4.01728549701391,FALSE
"Post-growing season",182,"Site",114,TRUE,TRUE,402.081618041129,,1.04497165052575,0.407998581523547,0.738157166514854,1.56843870044255,FALSE
"Post-growing season",182,"Full",114,TRUE,TRUE,402.460974887936,,1.07379845315745,0.523528341143593,0.702445884465579,0.774682782903948,FALSE
"Post-growing season",183,"Storm",114,TRUE,FALSE,442.920137266248,,1.26793448868096,0.0431228822910214,0.608672358631635,2.68577833844305,FALSE
"Post-growing season",183,"Agricultural",114,TRUE,FALSE,447.413283759555,,1.23131903633011,0.0548887415656099,0.675258243488321,3.37126276310507,FALSE
"Post-growing season",183,"Site",114,TRUE,FALSE,440.480799832442,,1.26748681002665,0.312129299506475,0.63977494181338,1.66652410448542,FALSE
"Post-growing season",183,"Full",114,TRUE,FALSE,445.428083656017,,1.24815619566608,0.283677266142732,0.649546406749188,1.86285329171956,FALSE
"Post-growing season",184,"Storm",114,TRUE,TRUE,451.913153088857,,1.25862570344138,0.0126321834187506,0.676261988084111,3.82710260371853,FALSE
"Post-growing season",184,"Agricultural",114,TRUE,TRUE,452.67270365524,,1.18200810240799,0.122589746348326,0.792675264569187,5.36929518035399,FALSE
"Post-growing season",184,"Site",114,TRUE,TRUE,435.690948031203,,1.28309594904342,0.509713829409166,0.660747718503277,0.822651517804237,FALSE
"Post-growing season",184,"Full",114,TRUE,TRUE,439.615450199899,,1.27723123952032,0.533820808943676,0.671415388412822,0.764862187502061,FALSE
"Post-growing season",185,"Storm",114,TRUE,FALSE,418.794180751965,,1.06571968102114,0.0357249559308234,0.780596029201865,4.53575505008586,FALSE
"Post-growing season",185,"Agricultural",114,TRUE,FALSE,424.375117602206,,1.06206149465744,0.0430893269249578,0.78548738817648,4.59354686316306,FALSE
"Post-growing season",185,"Site",114,TRUE,FALSE,413.768250604132,,1.06772681178575,0.373534655967779,0.780025719404499,2.44782251842932,FALSE
"Post-growing season",185,"Full",114,TRUE,FALSE,419.165777604812,,1.06653520297792,0.3502243547268,0.769065879201332,2.39605612927558,FALSE
"Post-growing season",186,"Storm",114,TRUE,TRUE,455.455010021992,,1.30722599362727,0.0451905665986135,0.704302685257368,4.41431088841658,FALSE
"Post-growing season",186,"Agricultural",114,TRUE,TRUE,452.473620277631,,1.17362316381347,0.140870218747937,0.863797630801803,8.58066165782372,FALSE
"Post-growing season",186,"Site",114,TRUE,TRUE,456.512575596486,,1.30563878598458,0.214691561430923,0.689531116515708,2.99715749282855,FALSE
"Post-growing season",186,"Full",114,TRUE,TRUE,455.473842576286,,1.20700564010613,0.215535762922443,0.794631996226098,4.78096537919965,FALSE
"Post-growing season",187,"Storm",114,TRUE,FALSE,447.572694349527,,1.26473603536156,0.0214840230285168,0.703430440472969,4.25805209277418,FALSE
"Post-growing season",187,"Agricultural",114,TRUE,FALSE,451.708002081545,,1.25245573354695,0.05310620381746,0.717045094425999,4.26281116794333,FALSE
"Post-growing season",187,"Site",114,TRUE,FALSE,442.368135819905,,1.27954127954416,0.308895920281376,0.660708936500033,1.92759603643944,FALSE
"Post-growing season",187,"Full",114,TRUE,FALSE,443.65472557866,,1.2787802751194,0.414440015707209,0.672335462536808,1.44939290005675,FALSE
"Post-growing season",188,"Storm",114,TRUE,TRUE,467.410677840443,,1.36774630809597,0.0350219494787724,0.649658808031519,3.85503468520334,FALSE
"Post-growing season",188,"Agricultural",114,TRUE,TRUE,470.21936116419,,1.32664869592301,0.115163097902443,0.71648915190027,4.40427485598925,FALSE
"Post-growing season",188,"Site",114,TRUE,TRUE,460.70660310821,,1.39334461027356,0.350849472151484,0.607023420696399,1.44070871142485,FALSE
"Post-growing season",188,"Full",114,TRUE,TRUE,463.339843720169,,1.38760220733318,0.377136052494677,0.603172763037239,1.24207908331854,FALSE
"Post-growing season",189,"Storm",114,TRUE,TRUE,407.473406251974,,1.04047311286657,0.0305578080243033,0.813595143862104,5.18734135817527,FALSE
"Post-growing season",189,"Agricultural",114,TRUE,TRUE,399.283193823851,,0.949804507181901,0.210497335538047,0.895003330238167,6.72905423344625,FALSE
"Post-growing season",189,"Site",114,TRUE,TRUE,404.703258360351,,1.04982035557756,0.423678953538877,0.792492049370507,2.21309597454448,FALSE
"Post-growing season",189,"Full",114,TRUE,TRUE,396.454118675354,,0.962790573336856,0.537210787213496,0.870472819512766,2.70746103753564,FALSE
"Post-growing season",190,"Storm",114,FALSE,FALSE,453.048190187341,,1.38830100598334,0.0825526196393121,0.479251035769826,1.66952240815315,FALSE
"Post-growing season",190,"Agricultural",114,FALSE,FALSE,455.295706389173,,1.32921529762527,0.142041272978116,0.586591302047006,2.18389387353397,FALSE
"Post-growing season",190,"Site",114,FALSE,FALSE,455.041732117864,,1.38832140531704,0.083537608949068,0.47968437108068,1.66860718226818,FALSE
"Post-growing season",190,"Full",114,FALSE,FALSE,456.886937236441,,1.32353072457845,0.145118018268895,0.594734166715235,2.2359718457485,FALSE
"Post-growing season",191,"Storm",114,TRUE,TRUE,432.043654226801,,1.21398015650321,0.0287743415946313,0.674990979128291,3.33269154508421,FALSE
"Post-growing season",191,"Agricultural",114,TRUE,TRUE,435.888522593368,,1.18792129061088,0.0454769960787644,0.717102679498736,3.82122512733357,FALSE
"Post-growing season",191,"Site",114,TRUE,TRUE,425.149581981998,,1.22785748184662,0.4236037690685,0.644931758432911,1.04199296754416,FALSE
"Post-growing season",191,"Full",114,TRUE,TRUE,428.629764163234,,1.23954618863215,0.488400702950754,0.645827913640644,0.750247620026393,FALSE
"Post-growing season",192,"Storm",114,TRUE,TRUE,449.154394196823,,1.28835071585949,0.0554749436765654,0.608282907523291,2.7334366791871,FALSE
"Post-growing season",192,"Agricultural",114,TRUE,TRUE,450.954419675538,,1.25257399521268,0.112391671703127,0.656088281571984,2.90333966089326,FALSE
"Post-growing season",192,"Site",114,TRUE,TRUE,439.021197843923,,1.33292754372168,0.482801203593132,0.612682645713766,0.65997193915672,FALSE
"Post-growing season",192,"Full",114,TRUE,TRUE,436.575787959366,,1.3159071838345,0.529777823746606,0.618409094063072,0.438803004609097,FALSE
"Post-growing season",193,"Storm",114,TRUE,TRUE,425.816714346209,,1.14213394900669,0.0453374600489075,0.756412263386328,4.37053460467336,FALSE
"Post-growing season",193,"Agricultural",114,TRUE,TRUE,419.796587517504,,1.05318895194959,0.220395599237889,0.854814213888897,5.58547742190528,FALSE
"Post-growing season",193,"Site",114,TRUE,TRUE,418.907087903723,,1.14787913991925,0.501599972505396,0.757826731624439,1.57320288288529,FALSE
"Post-growing season",193,"Full",114,TRUE,TRUE,407.878280841113,,1.07109396143709,0.539486973395331,0.766978617223614,1.26163002009371,FALSE
"Post-growing season",194,"Storm",114,TRUE,TRUE,435.254705343534,,1.20112744664491,0.0285367732450383,0.694721942572485,3.62604031162002,FALSE
"Post-growing season",194,"Agricultural",114,TRUE,TRUE,436.554893841252,,1.14951964294777,0.129588360567565,0.78173358273227,4.56802590286864,FALSE
"Post-growing season",194,"Site",114,TRUE,TRUE,430.239113613422,,1.21032717631346,0.439993474515968,0.704283372743246,1.48026895767733,FALSE
"Post-growing season",194,"Full",114,TRUE,TRUE,432.011232876704,,1.17973808227724,0.492288373001309,0.74453720287568,1.55768546750599,FALSE
"Post-growing season",195,"Storm",114,TRUE,TRUE,444.793122050443,,1.22889924407074,0.0418240958080819,0.723137515903234,4.34275621701897,FALSE
"Post-growing season",195,"Agricultural",114,TRUE,TRUE,450.630609007546,,1.23040136392771,0.0435237522714557,0.718995852190069,4.25035928153539,FALSE
"Post-growing season",195,"Site",114,TRUE,TRUE,438.757469203663,,1.24965365315193,0.37565873549388,0.676005765596732,1.64835470716619,FALSE
"Post-growing season",195,"Full",114,TRUE,TRUE,441.682427780702,,1.27530202800831,0.442846196991211,0.64932525557152,1.07376048364235,FALSE
"Post-growing season",196,"Storm",114,TRUE,TRUE,420.499103955717,,1.09828586579024,0.0397474476211731,0.760982432524884,4.23552373832591,FALSE
"Post-growing season",196,"Agricultural",114,TRUE,TRUE,419.132947313428,,1.04153329185,0.105689715861046,0.818461687667275,4.97618922609268,FALSE
"Post-growing season",196,"Site",114,TRUE,TRUE,412.2478212278,,1.11768852709609,0.509008803805144,0.747839295134564,1.34043062095824,FALSE
"Post-growing season",196,"Full",114,TRUE,TRUE,407.736794762523,,1.06892917024103,0.585922978522924,0.785229528733735,1.20053211621876,FALSE
"Post-growing season",197,"Storm",114,TRUE,TRUE,453.571492986321,,1.26160328686159,0.0148473591713792,0.693967981712187,4.16970777570012,FALSE
"Post-growing season",197,"Agricultural",114,TRUE,TRUE,456.556209494811,,1.22536087254614,0.0854466018488745,0.750257924041037,4.7362300481215,FALSE
"Post-growing season",197,"Site",114,TRUE,TRUE,443.959149165328,,1.27234267439617,0.412727259608135,0.675651974457676,1.50510922495519,FALSE
"Post-growing season",197,"Full",114,TRUE,TRUE,444.182621159587,,1.27943498393773,0.503988873896214,0.679949777878392,1.01739959023064,FALSE
"Post-growing season",198,"Storm",114,TRUE,TRUE,441.541905988469,,1.2328955940814,0.0757579991908958,0.687291539341725,3.4464169325079,FALSE
"Post-growing season",198,"Agricultural",114,TRUE,TRUE,443.209256116165,,1.14849709231338,0.139277244220113,0.819869813020153,5.83730882455379,FALSE
"Post-growing season",198,"Site",114,TRUE,TRUE,441.524516517356,,1.24051761201094,0.327383467822445,0.686734354783741,2.0223867868095,FALSE
"Post-growing season",198,"Full",114,TRUE,TRUE,445.352003020965,,1.19576706470285,0.309809373170172,0.737784466094641,2.6958877012935,FALSE
"Post-growing season",199,"Storm",114,TRUE,TRUE,447.619590525888,,1.26885620441384,0.0138700067502366,0.63027207586452,3.12469467827393,FALSE
"Post-growing season",199,"Agricultural",114,TRUE,TRUE,448.877987464148,,1.21559241740804,0.113685878738418,0.721279952556598,3.77134027622966,FALSE
"Post-growing season",199,"Site",114,TRUE,TRUE,441.745196768803,,1.28472717389947,0.402394529029042,0.640572418885523,1.24014805839927,FALSE
"Post-growing season",199,"Full",114,TRUE,TRUE,439.667214240916,,1.28742606722424,0.501477042356148,0.642937538348197,0.730934288244301,FALSE
"Post-growing season",200,"Storm",114,TRUE,TRUE,447.584450539401,,1.24788952808318,0.0506370107894066,0.695574391150095,3.8575267201407,FALSE
"Post-growing season",200,"Agricultural",114,TRUE,TRUE,452.665747974254,,1.24989227114429,0.0794253028235892,0.690975217886145,3.60975913043214,FALSE
"Post-growing season",200,"Site",114,TRUE,TRUE,443.999023251071,,1.26273288239656,0.351079950714586,0.672267097433109,1.79132650861363,FALSE
"Post-growing season",200,"Full",114,TRUE,TRUE,446.127564082557,,1.31771404130095,0.446940188398104,0.616995720897468,0.859951443225947,FALSE
