"Field_Name","frozen","storm","unique_storm_number","Q_start","Q_end","runoff_volume","peak_discharge","rain_in","duration","Ievent","I5","I10","I30","I60","ARFdays1","ARFdays2","ARFdays7","ARFdays14","Q_event_id","BasinArea_ac","area_ft2","runoff_in","first_P_start","Q_response_time_hr","Monitoring","FarmEnterprise","CropRotation","LandCover","LandCover_Updated","Tile","Tile_Notes","SoilType","HydrologicGroup","DrainageClass","MeanSlope_per","Clay_Fraction","Water_Year","Season","Tillage_Basin_Coverage","Tillage_Total","Tillage_Fall","Tillage_Spring","Tillage_Summer","Tillage_Summer_Previous","Crop_Basin_Coverage","Previous_PerennialFrac","Current_PerennialFrac","Residue_Fall_Frac","Residue_Spring_Frac","PerennialFrac","Crop_Source","Tillage_Passes","Tillage_Window","Residue_Frac","Residue"
"AO1","Non-Frozen","Storm","2019-5",2019-06-15 02:54:00,2019-06-15 04:00:00,946.4,0.7981,0.91,1.417,0.6424,2.52,2.28,1.5,0.9,0.97,0.97,2.15,2.2,5,22.2,967032,0.011743975380339,2019-06-15 01:52:00,1.03333333333333,"Surface","Potato","Potato-Alfalfa","Cultivated Crops","Cultivated Crops","No",,"Antigo silt loam","B","Well drained",1.9,12.5,2019,"Summer",1,3,1,2,0,,1,1,0,0,0,0,"Current crop",2,"Current spring + summer",,
"AO1","Non-Frozen","Storm","2019-6",2019-07-15 21:50:00,2019-07-15 22:15:00,38.3,0.0631,0.68,2.2,0.3091,3,2.4,0.82,0.41,0.82,0.82,0.92,1.74,6,22.2,967032,0.000475268657086839,2019-07-15 19:37:00,2.21666666666667,"Surface","Potato","Potato-Alfalfa","Cultivated Crops","Cultivated Crops","No",,"Antigo silt loam","B","Well drained",1.9,12.5,2019,"Summer",1,3,1,2,0,,1,1,0,0,0,0,"Current crop",2,"Current spring + summer",,
"AO1","Non-Frozen","Storm","2019-7",2019-07-20 01:34:00,2019-07-20 02:30:00,149.4,0.0938,1.03,0.8833,1.166,3.6,2.4,1.6,1.03,0.01,0.25,2.03,2.48,7,22.2,967032,0.00185392003573822,2019-07-20 01:17:00,0.283333333333333,"Surface","Potato","Potato-Alfalfa","Cultivated Crops","Cultivated Crops","No",,"Antigo silt loam","B","Well drained",1.9,12.5,2019,"Summer",1,3,1,2,0,,1,1,0,0,0,0,"Current crop",2,"Current spring + summer",,
"AO1","Non-Frozen","Storm","2019-8",2019-08-05 22:50:00,2019-08-05 23:07:00,15.1,0.0303,0.46,0.75,0.6133,2.16,1.62,0.8,0.46,0.58,0.58,0.6,1.02,8,22.2,967032,0.000187377460104733,2019-08-05 22:19:00,0.516666666666667,"Surface","Potato","Potato-Alfalfa","Cultivated Crops","Cultivated Crops","No",,"Antigo silt loam","B","Well drained",1.9,12.5,2019,"Summer",1,3,1,2,0,,1,1,0,0,0,0,"Current crop",2,"Current spring + summer",,
"AO1","Non-Frozen","Storm","2019-9",2019-09-03 11:16:00,2019-09-03 11:53:00,121.1,0.1119,0.81,1.983,0.4084,3.6,2.94,1.52,0.77,0.65,0.65,0.94,1.16,9,22.2,967032,0.00150274241183332,2019-09-03 09:37:00,1.65,"Surface","Potato","Potato-Alfalfa","Cultivated Crops","Cultivated Crops","No",,"Antigo silt loam","B","Well drained",1.9,12.5,2019,"Summer",1,3,1,2,0,,1,1,0,0,0,0,"Current crop",2,"Current spring + summer",,
"AO1","Non-Frozen","Storm","2019-10",2019-09-13 02:56:00,2019-09-13 03:37:00,37.5,0.0267,0.63,4.617,0.1365,0.96,0.72,0.48,0.37,0.12,1.09,2.15,3.83,10,22.2,967032,0.000465341374432283,2019-09-12 22:57:00,3.98333333333333,"Surface","Potato","Potato-Alfalfa","Cultivated Crops","Cultivated Crops","No",,"Antigo silt loam","B","Well drained",1.9,12.5,2019,"Summer",1,3,1,2,0,,1,1,0,0,0,0,"Current crop",2,"Current spring + summer",,
"AO1","Non-Frozen","Storm","2019-11",2019-09-15 04:25:00,2019-09-15 05:00:00,112.8,0.111,0.77,3.583,0.2149,1.92,1.62,1.02,0.56,0,0.7,2.93,4.62,11,22.2,967032,0.00139974685429231,2019-09-15 01:08:00,3.28333333333333,"Surface","Potato","Potato-Alfalfa","Cultivated Crops","Cultivated Crops","No",,"Antigo silt loam","B","Well drained",1.9,12.5,2019,"Summer",1,3,1,2,0,,1,1,0,0,0,0,"Current crop",2,"Current spring + summer",,
"AO1","Non-Frozen","Storm","2020-3",2020-05-26 20:30:00,2020-05-26 21:45:00,3021,1.685,1.13,2.233,0.506,4.32,3.18,1.1,0.57,0,0.03,0.1,0.99,14,22.2,967032,0.0374879011242648,2020-05-26 19:02:00,1.46666666666667,"Surface","Potato","Potato-Alfalfa","Cultivated Crops","Cultivated Crops","No",,"Antigo silt loam","B","Well drained",1.9,12.5,2020,"Spring",1,1,0,1,0,0,1,0,1,0,0,0,"Previous crop",1,"Current fall + spring",0,"No"
"AO1","Non-Frozen","Storm","2020-4",2020-06-10 05:30:00,2020-06-10 08:15:00,3715,0.679,1.85,7.117,0.26,0.72,0.66,0.54,0.45,0,0,0.26,1.38,15,22.2,967032,0.0460998188270916,2020-06-09 23:49:00,5.68333333333333,"Surface","Potato","Potato-Alfalfa","Cultivated Crops","Cultivated Crops","No",,"Antigo silt loam","B","Well drained",1.9,12.5,2020,"Summer",1,1,0,1,0,0,1,0,1,0,0,1,"Current crop",1,"Current spring + summer",,
"AO1","Non-Frozen","Storm","2020-5",2020-06-20 10:51:00,2020-06-20 22:00:00,20930,2.662,2.77,13.42,0.2065,1.32,1.14,0.84,0.76,0.48,0.48,0.48,2.4,16,22.2,967032,0.259722532449805,2020-06-20 08:18:00,2.55,"Surface","Potato","Potato-Alfalfa","Cultivated Crops","Cultivated Crops","No",,"Antigo silt loam","B","Well drained",1.9,12.5,2020,"Summer",1,1,0,1,0,0,1,0,1,0,0,1,"Current crop",1,"Current spring + summer",,
"AO1","Non-Frozen","Storm","2020-6",2020-07-14 17:30:00,2020-07-14 18:15:00,327.4,0.3399,1.53,7.417,0.2063,3.84,3.6,1.76,0.95,0,0,1.08,2.28,17,22.2,967032,0.00406274042637679,2020-07-14 10:48:00,6.7,"Surface","Potato","Potato-Alfalfa","Cultivated Crops","Cultivated Crops","No",,"Antigo silt loam","B","Well drained",1.9,12.5,2020,"Summer",1,1,0,1,0,0,1,0,1,0,0,1,"Current crop",1,"Current spring + summer",,
"AO1","Non-Frozen","Storm","2020-7",2020-07-18 10:49:00,2020-07-18 11:45:00,741.3,0.5574,1.09,0.5667,1.924,6.24,4.86,2.14,1.09,0,0,1.74,3.84,18,22.2,967032,0.00919886828977738,2020-07-18 10:40:00,0.15,"Surface","Potato","Potato-Alfalfa","Cultivated Crops","Cultivated Crops","No",,"Antigo silt loam","B","Well drained",1.9,12.5,2020,"Summer",1,1,0,1,0,0,1,0,1,0,0,1,"Current crop",1,"Current spring + summer",,
"AO1","Non-Frozen","Storm","2020-8",2020-07-26 11:28:00,2020-07-26 22:45:00,135700,9.82,4.58,6.633,0.6905,4.8,4.62,3.06,1.84,0.07,0.07,0.46,3.77,19,22.2,967032,1.68391532027896,2020-07-26 08:41:00,2.78333333333333,"Surface","Potato","Potato-Alfalfa","Cultivated Crops","Cultivated Crops","No",,"Antigo silt loam","B","Well drained",1.9,12.5,2020,"Summer",1,1,0,1,0,0,1,0,1,0,0,1,"Current crop",1,"Current spring + summer",,
"AO1","Non-Frozen","Storm","2023-5",2023-06-03 20:48:00,2023-06-03 21:11:00,34.5,0.0588,0.81,0.7167,1.13,4.44,3.6,1.54,0.81,0,0,0,0,34,22.2,967032,0.000428114064477701,2023-06-03 20:24:00,0.4,"Surface","Potato","Potato-Alfalfa","Cultivated Crops","Cultivated Crops","No",,"Antigo silt loam","B","Well drained",1.9,12.5,2023,"Summer",1,4,2,2,0,0,1,1,0,0,0,0,"Current crop",2,"Current spring + summer",,
"AO1","Non-Frozen","Storm","2023-6",2023-07-29 00:56:00,2023-07-29 02:00:00,1165,0.6054,1.41,1.083,1.302,2.64,2.46,1.38,1.34,0.7,0.7,1.47,2.29,35,22.2,967032,0.0144566053656963,2023-07-29 00:38:00,0.3,"Surface","Potato","Potato-Alfalfa","Cultivated Crops","Cultivated Crops","No",,"Antigo silt loam","B","Well drained",1.9,12.5,2023,"Summer",1,4,2,2,0,0,1,1,0,0,0,0,"Current crop",2,"Current spring + summer",,
"AO3","Non-Frozen","Storm","2021-2",2021-04-07 03:58:00,2021-04-07 04:42:00,94,0.09639,0.8,2.25,0.3556,2.64,1.74,0.82,0.7,0.5,0.5,0.5,1.17,37,22.4,975744,0.0011560409287682,2021-04-07 01:54:00,2.06666666666667,"Surface","Potato and vegetable","Potato-Alfalfa-Green Bean-Corn","Cultivated Crops","Cultivated Crops","No",,"Antigo silt loam","B","Well drained",2.5,12.5,2021,"Spring",1,3,1,2,0,0,1,1,0,0,0,1,"Previous crop",3,"Current fall + spring",0,"No"
"AO3","Non-Frozen","Storm","2021-3",2021-05-25 01:24:00,2021-05-26 02:08:00,16760,12.89,1.11,24.23,0.0458,3.36,1.86,0.82,0.5,0.02,0.04,0.86,1.02,38,22.4,975744,0.20611963793782,2021-05-25 00:37:00,0.783333333333333,"Surface","Potato and vegetable","Potato-Alfalfa-Green Bean-Corn","Cultivated Crops","Cultivated Crops","No",,"Antigo silt loam","B","Well drained",2.5,12.5,2021,"Spring",1,3,1,2,0,0,1,1,0,0,0,1,"Previous crop",3,"Current fall + spring",0,"No"
"AO3","Non-Frozen","Storm","2021-4",2021-05-27 21:55:00,2021-05-28 02:45:00,93.2,0.01161,0.49,9.083,0.05394,0.12,0.12,0.1,0.08,0,0.64,1.36,2.13,39,22.4,975744,0.00114620228256592,2021-05-27 15:56:00,5.98333333333333,"Surface","Potato and vegetable","Potato-Alfalfa-Green Bean-Corn","Cultivated Crops","Cultivated Crops","No",,"Antigo silt loam","B","Well drained",2.5,12.5,2021,"Spring",1,3,1,2,0,0,1,1,0,0,0,1,"Previous crop",3,"Current fall + spring",0,"No"
"AO3","Non-Frozen","Storm","2021-5",2021-05-31 21:30:00,2021-06-01 01:37:00,15350,6.924,0.66,2.383,0.2769,1.68,1.26,0.78,0.41,0,0.02,1.62,2.48,40,22.4,975744,0.188779024006297,,,"Surface","Potato and vegetable","Potato-Alfalfa-Green Bean-Corn","Cultivated Crops","Cultivated Crops","No",,"Antigo silt loam","B","Well drained",2.5,12.5,2021,"Spring",1,3,1,2,0,0,1,1,0,0,0,1,"Previous crop",3,"Current fall + spring",0,"No"
"AO3","Non-Frozen","Storm","2021-6",2021-06-09 01:15:00,2021-06-09 03:18:00,14810,10.71,0.79,2.533,0.3118,1.44,1.26,0.94,0.63,0,0,0.04,1.25,41,22.4,975744,0.182137937819756,2021-06-09 00:40:00,0.583333333333333,"Surface","Potato and vegetable","Potato-Alfalfa-Green Bean-Corn","Cultivated Crops","Cultivated Crops","No",,"Antigo silt loam","B","Well drained",2.5,12.5,2021,"Summer",1,3,1,2,0,0,1,1,0,0,0,0,"Current crop",2,"Current spring + summer",,
"AO3","Non-Frozen","Storm","2021-7",2021-06-10 23:57:00,2021-06-11 20:57:00,24040,14.42,0.33,20.55,0.01606,0.48,0.3,0.16,0.11,0,0.8,0.8,1.59,42,22.4,975744,0.295651318378591,2021-06-10 23:43:00,0.233333333333333,"Surface","Potato and vegetable","Potato-Alfalfa-Green Bean-Corn","Cultivated Crops","Cultivated Crops","No",,"Antigo silt loam","B","Well drained",2.5,12.5,2021,"Summer",1,3,1,2,0,0,1,1,0,0,0,0,"Current crop",2,"Current spring + summer",,
"AO3","Non-Frozen","Storm","2021-8",2021-06-21 02:11:00,2021-06-21 06:00:00,14640,6.433,1.01,8.317,0.1214,0.96,0.72,0.62,0.44,0,0.02,0.1,1.23,43,22.4,975744,0.180047225501771,2021-06-20 20:51:00,5.33333333333333,"Surface","Potato and vegetable","Potato-Alfalfa-Green Bean-Corn","Cultivated Crops","Cultivated Crops","No",,"Antigo silt loam","B","Well drained",2.5,12.5,2021,"Summer",1,3,1,2,0,0,1,1,0,0,0,0,"Current crop",2,"Current spring + summer",,
"AO3","Non-Frozen","Storm","2021-9",2021-06-27 07:11:00,2021-06-27 09:15:00,180,0.05117,0.58,9.1,0.06374,0.36,0.36,0.2,0.15,0.12,0.12,1.45,1.55,44,22.4,975744,0.00221369539551358,2021-06-26 23:53:00,7.3,"Surface","Potato and vegetable","Potato-Alfalfa-Green Bean-Corn","Cultivated Crops","Cultivated Crops","No",,"Antigo silt loam","B","Well drained",2.5,12.5,2021,"Summer",1,3,1,2,0,0,1,1,0,0,0,0,"Current crop",2,"Current spring + summer",,
"AO3","Non-Frozen","Storm","2021-10",2021-06-29 20:18:00,2021-06-29 22:25:00,4385,3.643,0.93,1.85,0.5027,3.96,3.18,1.58,0.86,0.16,0.16,1.21,2.3,45,22.4,975744,0.0539280794962613,2021-06-29 19:51:00,0.45,"Surface","Potato and vegetable","Potato-Alfalfa-Green Bean-Corn","Cultivated Crops","Cultivated Crops","No",,"Antigo silt loam","B","Well drained",2.5,12.5,2021,"Summer",1,3,1,2,0,0,1,1,0,0,0,0,"Current crop",2,"Current spring + summer",,
"AO3","Non-Frozen","Storm","2021-11",2021-07-05 19:54:00,2021-07-05 21:07:00,1003,1.594,0.37,0.2333,1.586,2.4,1.98,0.74,0.37,0,0,1.1,2.15,46,22.4,975744,0.0123352026761118,2021-07-05 19:42:00,0.2,"Surface","Potato and vegetable","Potato-Alfalfa-Green Bean-Corn","Cultivated Crops","Cultivated Crops","No",,"Antigo silt loam","B","Well drained",2.5,12.5,2021,"Summer",1,3,1,2,0,0,1,1,0,0,0,0,"Current crop",2,"Current spring + summer",,
"AO3","Non-Frozen","Storm","2021-12",2021-07-06 20:50:00,2021-07-07 17:00:00,7483,3.867,1.54,19.33,0.07966,4.2,2.88,1,0.5,0.06,0.43,0.55,2.58,47,22.4,975744,0.0920282369146006,2021-07-06 20:49:00,0.0166666666666667,"Surface","Potato and vegetable","Potato-Alfalfa-Green Bean-Corn","Cultivated Crops","Cultivated Crops","No",,"Antigo silt loam","B","Well drained",2.5,12.5,2021,"Summer",1,3,1,2,0,0,1,1,0,0,0,0,"Current crop",2,"Current spring + summer",,
"AO3","Non-Frozen","Storm","2021-13",2021-07-14 20:50:00,2021-07-15 02:45:00,298.8,0.09417,0.63,6.467,0.09742,0.84,0.6,0.44,0.28,0,0,0,1.97,48,22.4,975744,0.00367473435655254,2021-07-14 20:12:00,0.633333333333333,"Surface","Potato and vegetable","Potato-Alfalfa-Green Bean-Corn","Cultivated Crops","Cultivated Crops","No",,"Antigo silt loam","B","Well drained",2.5,12.5,2021,"Summer",1,3,1,2,0,0,1,1,0,0,0,0,"Current crop",2,"Current spring + summer",,
"AO3","Non-Frozen","Storm","2021-14",2021-07-20 08:15:00,2021-07-24 15:00:00,6758,2.775,1.03,31.62,0.03258,1.68,1.56,0.94,0.65,0,0,0,0.66,49,22.4,975744,0.083111963793782,,,"Surface","Potato and vegetable","Potato-Alfalfa-Green Bean-Corn","Cultivated Crops","Cultivated Crops","No",,"Antigo silt loam","B","Well drained",2.5,12.5,2021,"Summer",1,3,1,2,0,0,1,1,0,0,0,0,"Current crop",2,"Current spring + summer",,
"AO3","Non-Frozen","Storm","2021-15",2021-07-27 07:48:00,2021-07-27 13:30:00,2591,0.8418,0.9,7.1,0.1268,1.08,1.02,0.6,0.37,0,0,1.03,1.69,50,22.4,975744,0.0318649153876427,2021-07-27 04:37:00,3.18333333333333,"Surface","Potato and vegetable","Potato-Alfalfa-Green Bean-Corn","Cultivated Crops","Cultivated Crops","No",,"Antigo silt loam","B","Well drained",2.5,12.5,2021,"Summer",1,3,1,2,0,0,1,1,0,0,0,0,"Current crop",2,"Current spring + summer",,
"AO3","Non-Frozen","Storm","2021-16",2021-07-29 01:53:00,2021-07-29 04:45:00,423,0.3547,0.25,1.817,0.1376,0.84,0.6,0.34,0.21,0.05,0.95,1.98,2.14,51,22.4,975744,0.00520218417945691,2021-07-29 00:51:00,1.03333333333333,"Surface","Potato and vegetable","Potato-Alfalfa-Green Bean-Corn","Cultivated Crops","Cultivated Crops","No",,"Antigo silt loam","B","Well drained",2.5,12.5,2021,"Summer",1,3,1,2,0,0,1,1,0,0,0,0,"Current crop",2,"Current spring + summer",,
"AO3","Non-Frozen","Storm","2021-17",2021-08-08 02:06:00,2021-08-09 10:45:00,14440,5.649,2.63,37.42,0.07029,4.44,3.3,1.3,0.8,0,0.04,0.1,1.31,52,22.4,975744,0.1775875639512,2021-08-07 19:43:00,6.38333333333333,"Surface","Potato and vegetable","Potato-Alfalfa-Green Bean-Corn","Cultivated Crops","Cultivated Crops","No",,"Antigo silt loam","B","Well drained",2.5,12.5,2021,"Summer",1,3,1,2,0,0,1,1,0,0,0,0,"Current crop",2,"Current spring + summer",,
"AO3","Non-Frozen","Storm","2021-18",2021-08-11 18:20:00,2021-08-11 21:45:00,4327,3.316,0.63,1.6,0.3938,3.12,2.52,1.22,0.61,0,0,2.67,3.04,53,22.4,975744,0.0532147776465958,2021-08-11 17:07:00,1.21666666666667,"Surface","Potato and vegetable","Potato-Alfalfa-Green Bean-Corn","Cultivated Crops","Cultivated Crops","No",,"Antigo silt loam","B","Well drained",2.5,12.5,2021,"Summer",1,3,1,2,0,0,1,1,0,0,0,0,"Current crop",2,"Current spring + summer",,
"AO3","Non-Frozen","Storm","2021-19",2021-08-24 15:59:00,2021-08-24 20:00:00,915,0.2588,0.67,3.817,0.1755,1.08,0.66,0.34,0.29,0,0,0,0.65,54,22.4,975744,0.0112529515938607,2021-08-24 14:50:00,1.15,"Surface","Potato and vegetable","Potato-Alfalfa-Green Bean-Corn","Cultivated Crops","Cultivated Crops","No",,"Antigo silt loam","B","Well drained",2.5,12.5,2021,"Summer",1,3,1,2,0,0,1,1,0,0,0,0,"Current crop",2,"Current spring + summer",,
"AO3","Non-Frozen","Storm","2021-20",2021-08-27 06:43:00,2021-08-27 20:45:00,412.4,0.09207,0.64,16.35,0.03914,0.36,0.3,0.24,0.22,0,0,0.67,0.67,55,22.4,975744,0.00507182211727666,2021-08-27 04:03:00,2.66666666666667,"Surface","Potato and vegetable","Potato-Alfalfa-Green Bean-Corn","Cultivated Crops","Cultivated Crops","No",,"Antigo silt loam","B","Well drained",2.5,12.5,2021,"Summer",1,3,1,2,0,0,1,1,0,0,0,0,"Current crop",2,"Current spring + summer",,
"AO3","Non-Frozen","Storm","2021-21",2021-08-29 06:21:00,2021-08-29 12:00:00,5523,3.109,0.68,4.167,0.1632,2.64,2.04,0.98,0.55,0,0.64,1.46,1.46,56,22.4,975744,0.0679235537190083,2021-08-29 06:15:00,0.1,"Surface","Potato and vegetable","Potato-Alfalfa-Green Bean-Corn","Cultivated Crops","Cultivated Crops","No",,"Antigo silt loam","B","Well drained",2.5,12.5,2021,"Summer",1,3,1,2,0,0,1,1,0,0,0,0,"Current crop",2,"Current spring + summer",,
"AO3","Non-Frozen","Storm","2021-22",2021-09-07 10:23:00,2021-09-07 12:30:00,1282,0.8109,0.36,0.5833,0.6171,1.68,1.26,0.68,0.36,0,0.02,0.14,2.28,57,22.4,975744,0.0157664305391578,2021-09-07 10:06:00,0.283333333333333,"Surface","Potato and vegetable","Potato-Alfalfa-Green Bean-Corn","Cultivated Crops","Cultivated Crops","No",,"Antigo silt loam","B","Well drained",2.5,12.5,2021,"Summer",1,3,1,2,0,0,1,1,0,0,0,0,"Current crop",2,"Current spring + summer",,
"AO3","Non-Frozen","Storm","2021-23",2021-09-14 08:45:00,2021-09-14 10:30:00,122.2,0.08048,0.22,1.083,0.2031,0.72,0.48,0.3,0.19,0,0,0.37,0.51,58,22.4,975744,0.00150285320739866,2021-09-14 08:12:00,0.55,"Surface","Potato and vegetable","Potato-Alfalfa-Green Bean-Corn","Cultivated Crops","Cultivated Crops","No",,"Antigo silt loam","B","Well drained",2.5,12.5,2021,"Summer",1,3,1,2,0,0,1,1,0,0,0,0,"Current crop",2,"Current spring + summer",,
"AO3","Non-Frozen","Storm","2021-24",2021-09-21 01:55:00,2021-09-21 05:15:00,14520,6.473,1.01,3.283,0.3076,3,2.52,1.6,0.92,0,0,0.22,0.59,59,22.4,975744,0.178571428571429,2021-09-21 01:14:00,0.683333333333333,"Surface","Potato and vegetable","Potato-Alfalfa-Green Bean-Corn","Cultivated Crops","Cultivated Crops","No",,"Antigo silt loam","B","Well drained",2.5,12.5,2021,"Summer",1,3,1,2,0,0,1,1,0,0,0,0,"Current crop",2,"Current spring + summer",,
"AO3","Non-Frozen","Storm","2021-25",2021-09-24 23:53:00,2021-09-25 02:45:00,209,0.0553,0.39,3.1,0.1258,0.36,0.3,0.26,0.21,0,0,1.01,1.23,60,22.4,975744,0.00257034632034632,2021-09-24 21:56:00,1.95,"Surface","Potato and vegetable","Potato-Alfalfa-Green Bean-Corn","Cultivated Crops","Cultivated Crops","No",,"Antigo silt loam","B","Well drained",2.5,12.5,2021,"Summer",1,3,1,2,0,0,1,1,0,0,0,0,"Current crop",2,"Current spring + summer",,
"AO3","Non-Frozen","Storm","2022-1",2021-10-03 22:04:00,2021-10-03 23:15:00,316.4,0.2405,0.29,1.133,0.2559,1.68,0.96,0.54,0.28,0.01,0.29,0.29,1.69,61,22.4,975744,0.00389118457300276,2021-10-03 21:43:00,0.35,"Surface","Potato and vegetable","Potato-Alfalfa-Green Bean-Corn","Cultivated Crops","Cultivated Crops","No",,"Antigo silt loam","B","Well drained",2.5,12.5,2022,"Fall",1,5,2,0,3,0,1,0,0,0,0,0,"Previous crop",2,"Previous summer + current fall",0,"No"
"AO3","Non-Frozen","Storm","2022-2",2021-10-12 06:49:00,2021-10-12 09:30:00,266.1,0.1024,0.59,6.917,0.0853,0.72,0.72,0.54,0.36,0.02,0.05,0.06,0.65,62,22.4,975744,0.00327257969303424,2021-10-12 01:57:00,4.86666666666667,"Surface","Potato and vegetable","Potato-Alfalfa-Green Bean-Corn","Cultivated Crops","Cultivated Crops","No",,"Antigo silt loam","B","Well drained",2.5,12.5,2022,"Fall",1,5,2,0,3,0,1,0,0,0,0,0,"Previous crop",2,"Previous summer + current fall",0,"No"
"AO3","Non-Frozen","Storm","2022-3",2021-11-11 16:30:00,2021-11-11 19:15:00,124.3,0.0273,0.48,3.5,0.1371,0.36,0.3,0.22,0.19,0.29,0.29,0.29,0.34,63,22.4,975744,0.00152867965367965,2021-11-11 15:15:00,1.25,"Surface","Potato and vegetable","Potato-Alfalfa-Green Bean-Corn","Cultivated Crops","Cultivated Crops","No",,"Antigo silt loam","B","Well drained",2.5,12.5,2022,"Fall",1,5,2,0,3,0,1,0,0,0,0,0,"Previous crop",2,"Previous summer + current fall",0,"No"
"AO3","Non-Frozen","Storm","2022-10",2022-04-19 18:15:00,2022-04-19 22:45:00,492.6,0.1306,0,,,,,,,0.1,0.12,1.08,1.8,70,22.4,975744,0.00605814639905549,,,"Surface","Potato and vegetable","Potato-Alfalfa-Green Bean-Corn","Cultivated Crops","Cultivated Crops","No",,"Antigo silt loam","B","Well drained",2.5,12.5,2022,"Spring",1,5,2,0,3,0,1,0,0,0,0,0,"Previous crop",2,"Current fall + spring",0,"No"
"AO3","Non-Frozen","Storm","2022-11",2022-04-20 23:06:00,2022-04-21 10:30:00,10880,1.602,0.42,5.817,0.07221,0.48,0.36,0.24,0.18,0,0,0.33,1.25,71,22.4,975744,0.133805588351043,2022-04-20 23:01:00,0.0833333333333333,"Surface","Potato and vegetable","Potato-Alfalfa-Green Bean-Corn","Cultivated Crops","Cultivated Crops","No",,"Antigo silt loam","B","Well drained",2.5,12.5,2022,"Spring",1,5,2,0,3,0,1,0,0,0,0,0,"Previous crop",2,"Current fall + spring",0,"No"
"AO3","Non-Frozen","Storm","2022-12",2022-04-24 06:30:00,2022-04-24 07:46:00,219.3,0.1017,0.14,1.3,0.1077,0.96,0.6,0.26,0.13,0.02,0.04,0.58,1.54,72,22.4,975744,0.00269701889020071,2022-04-24 06:08:00,0.366666666666667,"Surface","Potato and vegetable","Potato-Alfalfa-Green Bean-Corn","Cultivated Crops","Cultivated Crops","No",,"Antigo silt loam","B","Well drained",2.5,12.5,2022,"Spring",1,5,2,0,3,0,1,0,0,0,0,0,"Previous crop",2,"Current fall + spring",0,"No"
"AO3","Non-Frozen","Storm","2022-13",2022-04-30 19:30:00,2022-05-01 04:05:00,2623,0.6086,1.06,8.317,0.1275,1.2,1.02,0.68,0.43,0.01,0.01,0.2,0.77,73,22.4,975744,0.032258461235734,2022-04-30 16:49:00,2.68333333333333,"Surface","Potato and vegetable","Potato-Alfalfa-Green Bean-Corn","Cultivated Crops","Cultivated Crops","No",,"Antigo silt loam","B","Well drained",2.5,12.5,2022,"Spring",1,5,2,0,3,0,1,0,0,0,0,0,"Previous crop",2,"Current fall + spring",0,"No"
"AO3","Non-Frozen","Storm","2022-14",2022-05-12 08:08:00,2022-05-13 01:00:00,2924,1.36,1.14,17.6,0.06477,2.4,1.74,0.7,0.43,0,0.02,0.02,1.3,74,22.4,975744,0.0359602518693428,2022-05-12 06:40:00,1.46666666666667,"Surface","Potato and vegetable","Potato-Alfalfa-Green Bean-Corn","Cultivated Crops","Cultivated Crops","No",,"Antigo silt loam","B","Well drained",2.5,12.5,2022,"Spring",1,5,2,0,3,0,1,0,0,0,0,0,"Previous crop",2,"Current fall + spring",0,"No"
"AO3","Non-Frozen","Storm","2022-15",2022-05-19 02:37:00,2022-05-19 03:45:00,307.5,0.1419,0.44,1.733,0.2538,0.72,0.48,0.28,0.27,0.02,0.02,1.21,1.23,75,22.4,975744,0.00378172963400236,2022-05-19 01:14:00,1.38333333333333,"Surface","Potato and vegetable","Potato-Alfalfa-Green Bean-Corn","Cultivated Crops","Cultivated Crops","No",,"Antigo silt loam","B","Well drained",2.5,12.5,2022,"Spring",1,5,2,0,3,0,1,0,0,0,0,0,"Previous crop",2,"Current fall + spring",0,"No"
"AO3","Non-Frozen","Storm","2022-16",2022-05-20 00:15:00,2022-05-20 15:00:00,23600,6.58,1.47,17.9,0.08212,2.4,1.86,0.92,0.66,0.45,0.47,1.01,1.68,76,22.4,975744,0.290240062967336,2022-05-19 20:43:00,3.53333333333333,"Surface","Potato and vegetable","Potato-Alfalfa-Green Bean-Corn","Cultivated Crops","Cultivated Crops","No",,"Antigo silt loam","B","Well drained",2.5,12.5,2022,"Spring",1,5,2,0,3,0,1,0,0,0,0,0,"Previous crop",2,"Current fall + spring",0,"No"
"AO3","Non-Frozen","Storm","2022-17",2022-06-15 22:57:00,2022-06-16 01:45:00,5535,2.665,0.53,2.183,0.2427,3.12,1.98,0.94,0.52,0.02,0.16,0.72,0.88,77,22.4,975744,0.0680711334120425,2022-06-15 22:22:00,0.583333333333333,"Surface","Potato and vegetable","Potato-Alfalfa-Green Bean-Corn","Cultivated Crops","Cultivated Crops","No",,"Antigo silt loam","B","Well drained",2.5,12.5,2022,"Summer",1,5,2,0,3,0,1,0,0,0,0,0,"Current crop",3,"Current spring + summer",,
"AO3","Non-Frozen","Storm","2022-18",2022-07-04 18:36:00,2022-07-05 01:15:00,3934,1.542,0.57,5.183,0.11,2.16,1.92,0.8,0.45,0,0,0.32,0.36,78,22.4,975744,0.0483815426997245,2022-07-04 18:34:00,0.0333333333333333,"Surface","Potato and vegetable","Potato-Alfalfa-Green Bean-Corn","Cultivated Crops","Cultivated Crops","No",,"Antigo silt loam","B","Well drained",2.5,12.5,2022,"Summer",1,5,2,0,3,0,1,0,0,0,0,0,"Current crop",3,"Current spring + summer",,
"AO3","Non-Frozen","Storm","2022-20",2022-08-01 06:00:00,2022-08-01 06:30:00,32.8,0.036,0.22,0.2833,0.7765,1.32,0.78,0.44,0.22,0,0,0.08,0.93,79,22.4,975744,0.000403384494293585,,,"Surface","Potato and vegetable","Potato-Alfalfa-Green Bean-Corn","Cultivated Crops","Cultivated Crops","No",,"Antigo silt loam","B","Well drained",2.5,12.5,2022,"Summer",1,5,2,0,3,0,1,0,0,0,0,0,"Current crop",3,"Current spring + summer",,
"AO3","Non-Frozen","Storm","2022-21",2022-08-03 09:00:00,2022-08-03 11:00:00,1688,0.7924,0.38,4.283,0.08872,2.16,1.38,0.58,0.31,0.01,0.15,0.24,1.01,80,22.4,975744,0.0207595434868162,2022-08-03 05:24:00,3.6,"Surface","Potato and vegetable","Potato-Alfalfa-Green Bean-Corn","Cultivated Crops","Cultivated Crops","No",,"Antigo silt loam","B","Well drained",2.5,12.5,2022,"Summer",1,5,2,0,3,0,1,0,0,0,0,0,"Current crop",3,"Current spring + summer",,
"AO3","Non-Frozen","Storm","2022-23",2022-08-05 05:45:00,2022-08-05 10:45:00,2566,0.4026,0,,,,,,,0,0.38,0.64,1.34,81,22.4,975744,0.0315574576938213,,,"Surface","Potato and vegetable","Potato-Alfalfa-Green Bean-Corn","Cultivated Crops","Cultivated Crops","No",,"Antigo silt loam","B","Well drained",2.5,12.5,2022,"Summer",1,5,2,0,3,0,1,0,0,0,0,0,"Current crop",3,"Current spring + summer",,
"AO3","Non-Frozen","Storm","2022-24",2022-08-07 03:22:00,2022-08-08 12:30:00,33800,9.316,1.53,31.75,0.04819,2.04,1.44,1.04,0.86,0,0,0.64,1.09,82,22.4,975744,0.415682802046438,2022-08-07 01:13:00,2.15,"Surface","Potato and vegetable","Potato-Alfalfa-Green Bean-Corn","Cultivated Crops","Cultivated Crops","No",,"Antigo silt loam","B","Well drained",2.5,12.5,2022,"Summer",1,5,2,0,3,0,1,0,0,0,0,0,"Current crop",3,"Current spring + summer",,
"AO3","Non-Frozen","Storm","2022-25",2022-08-13 08:16:00,2022-08-13 16:45:00,5875,2.226,0.99,8.7,0.1138,2.28,1.5,0.62,0.36,0,0,1.53,2.17,83,22.4,975744,0.0722525580480126,2022-08-13 05:04:00,3.2,"Surface","Potato and vegetable","Potato-Alfalfa-Green Bean-Corn","Cultivated Crops","Cultivated Crops","No",,"Antigo silt loam","B","Well drained",2.5,12.5,2022,"Summer",1,5,2,0,3,0,1,0,0,0,0,0,"Current crop",3,"Current spring + summer",,
"AO3","Non-Frozen","Storm","2022-26",2022-08-28 19:43:00,2022-08-28 21:00:00,747.3,0.4855,0.76,3.767,0.2018,1.44,1.08,0.86,0.56,0.28,0.36,0.49,0.75,84,22.4,975744,0.0091905253837072,2022-08-28 16:01:00,3.7,"Surface","Potato and vegetable","Potato-Alfalfa-Green Bean-Corn","Cultivated Crops","Cultivated Crops","No",,"Antigo silt loam","B","Well drained",2.5,12.5,2022,"Summer",1,5,2,0,3,0,1,0,0,0,0,0,"Current crop",3,"Current spring + summer",,
"AO3","Non-Frozen","Storm","2022-27",2022-08-29 09:35:00,2022-08-29 11:00:00,819.3,0.5814,0.24,0.1667,1.44,2.28,1.38,0.48,0.24,0.79,1.12,1.25,1.51,85,22.4,975744,0.0100760035419126,2022-08-29 09:24:00,0.183333333333333,"Surface","Potato and vegetable","Potato-Alfalfa-Green Bean-Corn","Cultivated Crops","Cultivated Crops","No",,"Antigo silt loam","B","Well drained",2.5,12.5,2022,"Summer",1,5,2,0,3,0,1,0,0,0,0,0,"Current crop",3,"Current spring + summer",,
"AO3","Non-Frozen","Storm","2023-1",2022-11-05 14:36:00,2022-11-05 20:11:00,1379,0.2635,1.6,19.62,0.08156,0.72,0.66,0.4,0.32,0.08,0.08,0.08,0.68,86,22.4,975744,0.0169593663911846,2022-11-04 23:52:00,14.7333333333333,"Surface","Potato and vegetable","Potato-Alfalfa-Green Bean-Corn","Cultivated Crops","Cultivated Crops","No",,"Antigo silt loam","B","Well drained",2.5,12.5,2023,"Fall",1,2,0,1,1,3,1,0,1,0,0,0,"Previous crop",3,"Previous summer + current fall",0,"No"
"AO3","Non-Frozen","Storm","2023-2",2022-11-09 11:48:00,2022-11-09 12:45:00,170.1,0.1119,0.35,5.1,0.06863,1.2,0.66,0.36,0.21,0,0,1.77,1.77,87,22.4,975744,0.00209194214876033,2022-11-09 06:41:00,5.11666666666667,"Surface","Potato and vegetable","Potato-Alfalfa-Green Bean-Corn","Cultivated Crops","Cultivated Crops","No",,"Antigo silt loam","B","Well drained",2.5,12.5,2023,"Fall",1,2,0,1,1,3,1,0,1,0,0,0,"Previous crop",3,"Previous summer + current fall",0,"No"
"AO3","Non-Frozen","Storm","2023-3",2022-11-10 22:48:00,2022-11-11 01:30:00,3722,0.9588,0.78,1.65,0.4727,1.44,1.14,0.78,0.57,0,0.35,2.12,2.12,88,22.4,975744,0.0457743014561196,2022-11-10 22:09:00,0.65,"Surface","Potato and vegetable","Potato-Alfalfa-Green Bean-Corn","Cultivated Crops","Cultivated Crops","No",,"Antigo silt loam","B","Well drained",2.5,12.5,2023,"Fall",1,2,0,1,1,3,1,0,1,0,0,0,"Previous crop",3,"Previous summer + current fall",0,"No"
"AO3","Non-Frozen","Storm","2023-8",2023-04-14 16:30:00,2023-04-15 01:30:00,404,0.02,0,,,,,,,0,0,0,1.21,93,22.4,975744,0.0049685163321527,,,"Surface","Potato and vegetable","Potato-Alfalfa-Green Bean-Corn","Cultivated Crops","Cultivated Crops","No",,"Antigo silt loam","B","Well drained",2.5,12.5,2023,"Spring",1,2,0,1,1,3,1,0,1,0,0,0,"Previous crop",1,"Current fall + spring",0,"No"
"AO3","Non-Frozen","Storm","2023-9",2023-04-15 16:30:00,2023-04-16 00:45:00,242.6,0.0143,0.24,1.4,0.1714,1.8,1.2,0.4,0.2,0,0,0,0.48,94,22.4,975744,0.00298356946084219,,,"Surface","Potato and vegetable","Potato-Alfalfa-Green Bean-Corn","Cultivated Crops","Cultivated Crops","No",,"Antigo silt loam","B","Well drained",2.5,12.5,2023,"Spring",1,2,0,1,1,3,1,0,1,0,0,0,"Previous crop",1,"Current fall + spring",0,"No"
"AO3","Non-Frozen","Storm","2023-10",2023-04-16 08:09:00,2023-04-16 13:00:00,167.4,0.0298,0.49,3.783,0.1295,0.84,0.72,0.5,0.34,0.25,0.25,0.25,0.73,95,22.4,975744,0.00205873671782763,2023-04-16 08:02:00,0.116666666666667,"Surface","Potato and vegetable","Potato-Alfalfa-Green Bean-Corn","Cultivated Crops","Cultivated Crops","No",,"Antigo silt loam","B","Well drained",2.5,12.5,2023,"Spring",1,2,0,1,1,3,1,0,1,0,0,0,"Previous crop",1,"Current fall + spring",0,"No"
"AO3","Non-Frozen","Storm","2023-11",2023-07-05 08:56:00,2023-07-05 10:53:00,3369,2.175,0.72,2.017,0.357,3.6,2.58,1.04,0.58,0,0,0,0.75,96,22.4,975744,0.0414329988193625,2023-07-05 08:43:00,0.216666666666667,"Surface","Potato and vegetable","Potato-Alfalfa-Green Bean-Corn","Cultivated Crops","Cultivated Crops","No",,"Antigo silt loam","B","Well drained",2.5,12.5,2023,"Summer",1,2,0,1,1,3,1,0,1,0,0,1,"Current crop",2,"Current spring + summer",,
"AO3","Non-Frozen","Storm","2023-12",2023-07-11 02:27:00,2023-07-11 03:30:00,985.1,0.8924,0.44,1.217,0.3616,1.8,1.32,0.76,0.43,0.01,0.01,0.78,0.78,97,22.4,975744,0.0121150629673357,2023-07-11 02:09:00,0.3,"Surface","Potato and vegetable","Potato-Alfalfa-Green Bean-Corn","Cultivated Crops","Cultivated Crops","No",,"Antigo silt loam","B","Well drained",2.5,12.5,2023,"Summer",1,2,0,1,1,3,1,0,1,0,0,1,"Current crop",2,"Current spring + summer",,
"AO3","Non-Frozen","Storm","2023-13",2023-07-24 19:46:00,2023-07-24 23:15:00,15930,3.916,0.02,2.1,0.009524,0.12,0.06,0.02,0.01,0,0.7,1.25,2.1,98,22.4,975744,0.195912042502952,,,"Surface","Potato and vegetable","Potato-Alfalfa-Green Bean-Corn","Cultivated Crops","Cultivated Crops","No",,"Antigo silt loam","B","Well drained",2.5,12.5,2023,"Summer",1,2,0,1,1,3,1,0,1,0,0,1,"Current crop",2,"Current spring + summer",,
"AO3","Non-Frozen","Storm","2023-14",2023-07-28 00:55:00,2023-07-28 05:25:00,23310,8.058,0.7,4.067,0.1721,2.28,1.62,0.88,0.49,0,0.06,0.97,1.4,99,22.4,975744,0.286673553719008,2023-07-28 00:43:00,0.2,"Surface","Potato and vegetable","Potato-Alfalfa-Green Bean-Corn","Cultivated Crops","Cultivated Crops","No",,"Antigo silt loam","B","Well drained",2.5,12.5,2023,"Summer",1,2,0,1,1,3,1,0,1,0,0,1,"Current crop",2,"Current spring + summer",,
"AO3","Non-Frozen","Storm","2023-15",2023-07-29 00:45:00,2023-07-29 05:15:00,16930,4.646,1.42,1.45,0.9793,2.64,2.46,1.38,1.34,0.7,0.7,1.61,2.1,100,22.4,975744,0.208210350255805,2023-07-29 00:38:00,0.116666666666667,"Surface","Potato and vegetable","Potato-Alfalfa-Green Bean-Corn","Cultivated Crops","Cultivated Crops","No",,"Antigo silt loam","B","Well drained",2.5,12.5,2023,"Summer",1,2,0,1,1,3,1,0,1,0,0,1,"Current crop",2,"Current spring + summer",,
"AO3","Non-Frozen","Storm","2023-16",2023-08-17 05:25:00,2023-08-17 08:45:00,15410,4.261,0.88,1.683,0.5228,1.56,1.2,0.84,0.83,0,0,0.5,0.79,101,22.4,975744,0.189516922471468,2023-08-17 04:51:00,0.566666666666667,"Surface","Potato and vegetable","Potato-Alfalfa-Green Bean-Corn","Cultivated Crops","Cultivated Crops","No",,"Antigo silt loam","B","Well drained",2.5,12.5,2023,"Summer",1,2,0,1,1,3,1,0,1,0,0,1,"Current crop",2,"Current spring + summer",,
"AO3","Non-Frozen","Storm","2023-17",2023-09-06 18:57:00,2023-09-06 20:09:00,597.9,0.3564,0.5,3.85,0.1299,0.72,0.6,0.52,0.33,0.46,0.46,0.47,0.54,102,22.4,975744,0.00735315820543093,2023-09-06 16:13:00,2.73333333333333,"Surface","Potato and vegetable","Potato-Alfalfa-Green Bean-Corn","Cultivated Crops","Cultivated Crops","No",,"Antigo silt loam","B","Well drained",2.5,12.5,2023,"Summer",1,2,0,1,1,3,1,0,1,0,0,1,"Current crop",2,"Current spring + summer",,
"AO3","Non-Frozen","Storm","2023-18",2023-09-10 10:47:00,2023-09-10 11:55:00,479.3,0.2195,0.72,5.533,0.1301,0.72,0.6,0.48,0.36,0,0,1.03,1.11,103,22.4,975744,0.00589457890594254,2023-09-10 06:09:00,4.63333333333333,"Surface","Potato and vegetable","Potato-Alfalfa-Green Bean-Corn","Cultivated Crops","Cultivated Crops","No",,"Antigo silt loam","B","Well drained",2.5,12.5,2023,"Summer",1,2,0,1,1,3,1,0,1,0,0,1,"Current crop",2,"Current spring + summer",,
"AR1","Non-Frozen","Storm","2017-1",2016-10-26 12:23:00,2016-10-26 14:45:00,224.7,0.04591,1.4,8.95,0.1564,0.6,0.54,0.46,0.41,0,0,0,0,104,18.5,805860,0.00334599061871789,2016-10-26 05:39:00,6.73333333333333,"Surface","Beef and cash crop (grain and specialty)","Corn-Alfalfa","Cultivated Crops","Cultivated Crops","No",,"Warsaw silt loam","B","Well drained",1.9,23.5,2017,"Fall",1,3,1,2,0,,1,0,1,1,1,0,"Previous crop",,"Previous summer + current fall",1,"Yes"
"AR1","Non-Frozen","Storm","2017-2",2016-11-02 13:13:00,2016-11-02 14:45:00,290.6,0.1655,1.01,5.783,0.1746,2.64,2.1,1.02,0.6,0,0,1.15,1.61,105,18.5,805860,0.00432730250912069,2016-11-02 08:44:00,4.48333333333333,"Surface","Beef and cash crop (grain and specialty)","Corn-Alfalfa","Cultivated Crops","Cultivated Crops","No",,"Warsaw silt loam","B","Well drained",1.9,23.5,2017,"Fall",1,3,1,2,0,,1,0,1,1,1,0,"Previous crop",,"Previous summer + current fall",1,"Yes"
"AR1","Non-Frozen","Storm","2017-5",2017-05-01 03:21:00,2017-05-01 06:45:00,955.1,0.3756,0.85,6.517,0.1304,1.32,0.9,0.58,0.52,0.29,0.49,1.57,1.81,108,18.5,805860,0.0142223214950488,2017-04-30 23:18:00,4.05,"Surface","Beef and cash crop (grain and specialty)","Corn-Alfalfa","Cultivated Crops","Cultivated Crops","No",,"Warsaw silt loam","B","Well drained",1.9,23.5,2017,"Spring",1,3,1,2,0,,1,0,1,1,1,0,"Previous crop",3,"Current fall + spring",1,"Yes"
"AR1","Non-Frozen","Storm","2017-6",2017-05-17 23:33:00,2017-05-18 01:15:00,3398,1.586,0.83,0.35,2.371,5.16,4.38,1.66,0.83,0,0.6,0.73,1.54,109,18.5,805860,0.0505993596902688,2017-05-17 23:32:00,0.0166666666666667,"Surface","Beef and cash crop (grain and specialty)","Corn-Alfalfa","Cultivated Crops","Cultivated Crops","No",,"Warsaw silt loam","B","Well drained",1.9,23.5,2017,"Spring",1,3,1,2,0,,1,0,1,1,1,0,"Previous crop",3,"Current fall + spring",1,"Yes"
"AR1","Non-Frozen","Storm","2017-7",2017-05-18 03:20:00,2017-05-18 04:15:00,75.1,0.0465,0.25,0.5167,0.4839,1.08,0.78,0.48,0.25,0.83,0.98,1.43,2.37,110,18.5,805860,0.00111830839103566,2017-05-18 03:00:00,0.333333333333333,"Surface","Beef and cash crop (grain and specialty)","Corn-Alfalfa","Cultivated Crops","Cultivated Crops","No",,"Warsaw silt loam","B","Well drained",1.9,23.5,2017,"Spring",1,3,1,2,0,,1,0,1,1,1,0,"Previous crop",3,"Current fall + spring",1,"Yes"
"AR1","Non-Frozen","Storm","2017-8",2017-05-20 16:03:00,2017-05-20 17:04:00,103.2,0.04776,0.44,2.567,0.1714,0.6,0.6,0.46,0.33,0.23,0.23,1.91,2.64,111,18.5,805860,0.00153674335492517,2017-05-20 14:25:00,1.63333333333333,"Surface","Beef and cash crop (grain and specialty)","Corn-Alfalfa","Cultivated Crops","Cultivated Crops","No",,"Warsaw silt loam","B","Well drained",1.9,23.5,2017,"Spring",1,3,1,2,0,,1,0,1,1,1,0,"Previous crop",3,"Current fall + spring",1,"Yes"
"AR1","Non-Frozen","Storm","2017-9",2017-05-21 07:41:00,2017-05-21 09:15:00,1292,0.5709,0.37,0.2667,1.388,2.76,1.86,0.74,0.37,0.62,0.85,2.53,3.26,112,18.5,805860,0.0192390737845283,2017-05-21 07:32:00,0.15,"Surface","Beef and cash crop (grain and specialty)","Corn-Alfalfa","Cultivated Crops","Cultivated Crops","No",,"Warsaw silt loam","B","Well drained",1.9,23.5,2017,"Spring",1,3,1,2,0,,1,0,1,1,1,0,"Previous crop",3,"Current fall + spring",1,"Yes"
"AR1","Non-Frozen","Storm","2017-10",2017-05-23 00:19:00,2017-05-23 02:00:00,1370,0.5847,0.45,0.6333,0.7105,2.28,1.92,0.84,0.45,0,0.37,2.9,3.63,113,18.5,805860,0.0204005658551113,2017-05-22 23:52:00,0.45,"Surface","Beef and cash crop (grain and specialty)","Corn-Alfalfa","Cultivated Crops","Cultivated Crops","No",,"Warsaw silt loam","B","Well drained",1.9,23.5,2017,"Spring",1,3,1,2,0,,1,0,1,1,1,0,"Previous crop",3,"Current fall + spring",1,"Yes"
"AR1","Non-Frozen","Storm","2017-11",2017-05-23 19:24:00,2017-05-23 22:10:00,21280,5.544,1.16,2.683,0.4323,3.24,2.28,1.26,1.02,0.45,0.45,2.75,3.76,114,18.5,805860,0.316878862333408,2017-05-23 19:14:00,0.166666666666667,"Surface","Beef and cash crop (grain and specialty)","Corn-Alfalfa","Cultivated Crops","Cultivated Crops","No",,"Warsaw silt loam","B","Well drained",1.9,23.5,2017,"Spring",1,3,1,2,0,,1,0,1,1,1,0,"Previous crop",3,"Current fall + spring",1,"Yes"
"AR1","Non-Frozen","Storm","2017-12",2017-05-28 11:34:00,2017-05-28 13:45:00,687.5,0.3416,0.63,2,0.315,3.24,1.98,0.78,0.45,0,0.26,1.98,4.88,115,18.5,805860,0.0102375102375102,2017-05-28 11:28:00,0.1,"Surface","Beef and cash crop (grain and specialty)","Corn-Alfalfa","Cultivated Crops","Cultivated Crops","No",,"Warsaw silt loam","B","Well drained",1.9,23.5,2017,"Spring",1,3,1,2,0,,1,0,1,1,1,0,"Previous crop",3,"Current fall + spring",1,"Yes"
"AR1","Non-Frozen","Storm","2017-13",2017-06-23 08:08:00,2017-06-23 08:41:00,109.6,0.09291,0.96,0.95,1.011,2.52,1.98,1.54,0.96,0,0,1.3,1.51,116,18.5,805860,0.0016320452684089,2017-06-23 07:39:00,0.483333333333333,"Surface","Beef and cash crop (grain and specialty)","Corn-Alfalfa","Cultivated Crops","Cultivated Crops","No",,"Warsaw silt loam","B","Well drained",1.9,23.5,2017,"Summer",1,3,1,2,0,,1,0,1,1,1,1,"Current crop",2,"Current spring + summer",,
"AR1","Non-Frozen","Storm","2017-14",2017-06-29 06:01:00,2017-06-29 07:30:00,2774,1.165,1.44,5.55,0.2595,3.96,2.46,1.04,0.73,0.13,0.13,1.36,2.67,117,18.5,805860,0.0413074231256049,2017-06-29 00:40:00,5.35,"Surface","Beef and cash crop (grain and specialty)","Corn-Alfalfa","Cultivated Crops","Cultivated Crops","No",,"Warsaw silt loam","B","Well drained",1.9,23.5,2017,"Summer",1,3,1,2,0,,1,0,1,1,1,1,"Current crop",2,"Current spring + summer",,
"AR1","Non-Frozen","Storm","2017-15",2017-07-12 11:15:00,2017-07-12 14:45:00,6510,2.475,1.84,7.25,0.2538,4.92,3.24,1.96,1.14,0.1,1.46,1.48,3.73,118,18.5,805860,0.0969399151217333,2017-07-12 07:19:00,3.93333333333333,"Surface","Beef and cash crop (grain and specialty)","Corn-Alfalfa","Cultivated Crops","Cultivated Crops","No",,"Warsaw silt loam","B","Well drained",1.9,23.5,2017,"Summer",1,3,1,2,0,,1,0,1,1,1,1,"Current crop",2,"Current spring + summer",,
"AR1","Non-Frozen","Storm","2017-16",2017-07-16 06:52:00,2017-07-16 08:30:00,6341,2.868,1.12,0.8333,1.344,4.08,3.72,2.16,1.12,0,0,3.37,3.93,119,18.5,805860,0.0944233489688035,2017-07-16 06:16:00,0.6,"Surface","Beef and cash crop (grain and specialty)","Corn-Alfalfa","Cultivated Crops","Cultivated Crops","No",,"Warsaw silt loam","B","Well drained",1.9,23.5,2017,"Summer",1,3,1,2,0,,1,0,1,1,1,1,"Current crop",2,"Current spring + summer",,
"AR1","Non-Frozen","Storm","2017-17",2017-07-20 08:52:00,2017-07-20 12:45:00,12920,4.354,2.64,10.3,0.2563,3.72,3.06,1.28,0.69,0,0,1.12,4.49,120,18.5,805860,0.192390737845283,2017-07-20 01:15:00,7.61666666666667,"Surface","Beef and cash crop (grain and specialty)","Corn-Alfalfa","Cultivated Crops","Cultivated Crops","No",,"Warsaw silt loam","B","Well drained",1.9,23.5,2017,"Summer",1,3,1,2,0,,1,0,1,1,1,1,"Current crop",2,"Current spring + summer",,
"AR1","Non-Frozen","Storm","2017-18",2017-07-21 23:32:00,2017-07-22 01:15:00,17030,7.01,1.36,1.783,0.7626,5.76,5.34,2.66,1.35,0.02,2.66,3.78,7.15,121,18.5,805860,0.253592435410617,2017-07-21 23:21:00,0.183333333333333,"Surface","Beef and cash crop (grain and specialty)","Corn-Alfalfa","Cultivated Crops","Cultivated Crops","No",,"Warsaw silt loam","B","Well drained",1.9,23.5,2017,"Summer",1,3,1,2,0,,1,0,1,1,1,1,"Current crop",2,"Current spring + summer",,
"AR1","Non-Frozen","Storm","2017-19",2017-07-27 02:17:00,2017-07-27 04:00:00,9629,4.283,1.63,1.767,0.9226,4.08,3.96,2.42,1.52,0,0,4.8,5.92,122,18.5,805860,0.143384707021071,2017-07-27 01:07:00,1.16666666666667,"Surface","Beef and cash crop (grain and specialty)","Corn-Alfalfa","Cultivated Crops","Cultivated Crops","No",,"Warsaw silt loam","B","Well drained",1.9,23.5,2017,"Summer",1,3,1,2,0,,1,0,1,1,1,1,"Current crop",2,"Current spring + summer",,
"AR1","Non-Frozen","Storm","2017-20",2017-08-10 20:33:00,2017-08-10 22:15:00,2130,0.71,0.61,0.3667,1.664,3.48,3.06,1.22,0.61,0.05,0.05,0.26,0.26,123,18.5,805860,0.0317176680813044,2017-08-10 20:23:00,0.166666666666667,"Surface","Beef and cash crop (grain and specialty)","Corn-Alfalfa","Cultivated Crops","Cultivated Crops","No",,"Warsaw silt loam","B","Well drained",1.9,23.5,2017,"Summer",1,3,1,2,0,,1,0,1,1,1,1,"Current crop",2,"Current spring + summer",,
"AR1","Non-Frozen","Storm","2018-7",2018-04-15,2018-04-15 00:45:00,100.2,0.08333,0,,,,,,,0.24,0.3,0.49,0.56,130,18.5,805860,0.00149207058297967,,,"Surface","Beef and cash crop (grain and specialty)","Corn-Alfalfa","Cultivated Crops","Cultivated Crops","No",,"Warsaw silt loam","B","Well drained",1.9,23.5,2018,"Spring",1,0,0,0,0,0,1,1,1,1,1,1,"Previous crop",0,"Current fall + spring",1,"Yes"
"AR1","Non-Frozen","Storm","2018-8",2018-06-16 06:18:00,2018-06-16 07:01:00,130.3,0.1054,1.09,0.95,1.147,2.88,2.58,1.76,1.09,0.32,0.32,1.73,2.08,131,18.5,805860,0.00194028739483285,2018-06-16 06:02:00,0.266666666666667,"Surface","Beef and cash crop (grain and specialty)","Corn-Alfalfa","Cultivated Crops","Cultivated Crops","No",,"Warsaw silt loam","B","Well drained",1.9,23.5,2018,"Summer",1,0,0,0,0,0,1,1,1,1,1,1,"Current crop",0,"Current spring + summer",,
"AR1","Non-Frozen","Storm","2018-9",2018-06-19 13:20:00,2018-06-19 13:54:00,67.7,0.05749,0.5,0.8,0.625,2.04,1.56,0.86,0.5,0.91,0.91,2.39,3.84,132,18.5,805860,0.0010081155535701,2018-06-19 12:40:00,0.666666666666667,"Surface","Beef and cash crop (grain and specialty)","Corn-Alfalfa","Cultivated Crops","Cultivated Crops","No",,"Warsaw silt loam","B","Well drained",1.9,23.5,2018,"Summer",1,0,0,0,0,0,1,1,1,1,1,1,"Current crop",0,"Current spring + summer",,
"AR1","Non-Frozen","Storm","2018-10",2018-07-01 20:30:00,2018-07-01 22:30:00,1495,0.4822,0.66,2.583,0.2555,1.44,1.02,0.66,0.48,0.22,0.22,1.27,3.57,133,18.5,805860,0.0222619313528404,2018-07-01 18:09:00,2.35,"Surface","Beef and cash crop (grain and specialty)","Corn-Alfalfa","Cultivated Crops","Cultivated Crops","No",,"Warsaw silt loam","B","Well drained",1.9,23.5,2018,"Summer",1,0,0,0,0,0,1,1,1,1,1,1,"Current crop",0,"Current spring + summer",,
"AR1","Non-Frozen","Storm","2018-11",2018-07-20 04:47:00,2018-07-20 05:15:00,38.1,0.0406,1.22,2.75,0.4436,1.92,1.38,0.86,0.59,0,0,0.75,0.75,134,18.5,805860,0.00056734420370784,2018-07-20 02:28:00,2.31666666666667,"Surface","Beef and cash crop (grain and specialty)","Corn-Alfalfa","Cultivated Crops","Cultivated Crops","No",,"Warsaw silt loam","B","Well drained",1.9,23.5,2018,"Summer",1,0,0,0,0,0,1,1,1,1,1,1,"Current crop",0,"Current spring + summer",,
"AR1","Non-Frozen","Storm","2018-12",2018-08-09 22:51:00,2018-08-10 01:00:00,5981,1.94,1.13,1.15,0.9826,3.12,2.76,1.66,1.12,0,0,0.84,1.18,135,18.5,805860,0.0890626163353436,2018-08-09 22:16:00,0.583333333333333,"Surface","Beef and cash crop (grain and specialty)","Corn-Alfalfa","Cultivated Crops","Cultivated Crops","No",,"Warsaw silt loam","B","Well drained",1.9,23.5,2018,"Summer",1,0,0,0,0,0,1,1,1,1,1,1,"Current crop",0,"Current spring + summer",,
"AR1","Non-Frozen","Storm","2018-13",2018-08-17 04:03:00,2018-08-17 07:00:00,31610,10.19,1.45,2.383,0.6084,3.48,2.82,2.16,1.35,0.37,0.56,0.56,2.53,136,18.5,805860,0.470702107065743,2018-08-17 03:38:00,0.416666666666667,"Surface","Beef and cash crop (grain and specialty)","Corn-Alfalfa","Cultivated Crops","Cultivated Crops","No",,"Warsaw silt loam","B","Well drained",1.9,23.5,2018,"Summer",1,0,0,0,0,0,1,1,1,1,1,1,"Current crop",0,"Current spring + summer",,
"AR1","Non-Frozen","Storm","2018-14",2018-08-20 19:12:00,2018-08-20 19:45:00,46,0.03556,0.56,0.8667,0.6462,2.64,1.98,1.02,0.56,0,0,2.09,3.24,137,18.5,805860,0.000684982503164321,2018-08-20 18:32:00,0.666666666666667,"Surface","Beef and cash crop (grain and specialty)","Corn-Alfalfa","Cultivated Crops","Cultivated Crops","No",,"Warsaw silt loam","B","Well drained",1.9,23.5,2018,"Summer",1,0,0,0,0,0,1,1,1,1,1,1,"Current crop",0,"Current spring + summer",,
"AR1","Non-Frozen","Storm","2018-15",2018-09-01 14:06:00,2018-09-01 17:30:00,297.6,0.04119,0.62,3.883,0.1597,0.48,0.36,0.22,0.2,0,0,1.23,2.33,138,18.5,805860,0.00443153897699352,2018-09-01 12:08:00,1.96666666666667,"Surface","Beef and cash crop (grain and specialty)","Corn-Alfalfa","Cultivated Crops","Cultivated Crops","No",,"Warsaw silt loam","B","Well drained",1.9,23.5,2018,"Summer",1,0,0,0,0,0,1,1,1,1,1,1,"Current crop",0,"Current spring + summer",,
"AR1","Non-Frozen","Storm","2018-16",2018-09-02 06:35:00,2018-09-02 11:30:00,3037,0.372,0.4,2.4,0.1667,0.84,0.66,0.42,0.25,0.62,0.62,1.85,2.95,139,18.5,805860,0.045223736132827,2018-09-02 06:00:00,0.583333333333333,"Surface","Beef and cash crop (grain and specialty)","Corn-Alfalfa","Cultivated Crops","Cultivated Crops","No",,"Warsaw silt loam","B","Well drained",1.9,23.5,2018,"Summer",1,0,0,0,0,0,1,1,1,1,1,1,"Current crop",0,"Current spring + summer",,
"AR1","Non-Frozen","Storm","2018-17",2018-09-02 23:43:00,2018-09-03 05:30:00,23200,6.514,0.89,5.183,0.1717,2.28,1.86,1.22,0.69,0.4,1.02,2.25,3.35,140,18.5,805860,0.345469436378527,2018-09-02 23:31:00,0.2,"Surface","Beef and cash crop (grain and specialty)","Corn-Alfalfa","Cultivated Crops","Cultivated Crops","No",,"Warsaw silt loam","B","Well drained",1.9,23.5,2018,"Summer",1,0,0,0,0,0,1,1,1,1,1,1,"Current crop",0,"Current spring + summer",,
"AR1","Non-Frozen","Storm","2018-18",2018-09-03 14:53:00,2018-09-04 02:00:00,39860,8.518,1.1,8.233,0.1336,1.44,1.38,0.88,0.49,0.89,1.77,2.87,4.24,141,18.5,805860,0.593552229915866,2018-09-03 12:58:00,1.91666666666667,"Surface","Beef and cash crop (grain and specialty)","Corn-Alfalfa","Cultivated Crops","Cultivated Crops","No",,"Warsaw silt loam","B","Well drained",1.9,23.5,2018,"Summer",1,0,0,0,0,0,1,1,1,1,1,1,"Current crop",0,"Current spring + summer",,
"AR1","Non-Frozen","Storm","2018-19",2018-09-05 17:30:00,2018-09-06 00:15:00,381,0.03556,0.47,6.55,0.07176,1.32,1.02,0.38,0.19,0.01,0.37,3.02,4.32,142,18.5,805860,0.0056734420370784,2018-09-05 17:15:00,0.25,"Surface","Beef and cash crop (grain and specialty)","Corn-Alfalfa","Cultivated Crops","Cultivated Crops","No",,"Warsaw silt loam","B","Well drained",1.9,23.5,2018,"Summer",1,0,0,0,0,0,1,1,1,1,1,1,"Current crop",0,"Current spring + summer",,
"AR1","Non-Frozen","Storm","2018-20",2018-09-20 08:53:00,2018-09-20 13:30:00,22620,6.65,1.69,3.917,0.4315,3.12,2.34,1.32,0.82,0.16,0.54,0.54,0.54,143,18.5,805860,0.336832700469064,2018-09-20 07:55:00,0.966666666666667,"Surface","Beef and cash crop (grain and specialty)","Corn-Alfalfa","Cultivated Crops","Cultivated Crops","No",,"Warsaw silt loam","B","Well drained",1.9,23.5,2018,"Summer",1,0,0,0,0,0,1,1,1,1,1,1,"Current crop",0,"Current spring + summer",,
"AR1","Non-Frozen","Storm","2018-21",2018-10-01 03:07:00,2018-10-01 08:05:00,954.1,0.1655,0.84,8.183,0.1026,1.08,0.78,0.4,0.27,0.44,0.47,1.83,4.13,144,18.5,805860,0.0142074305710669,2018-09-30 23:38:00,3.48333333333333,"Surface","Beef and cash crop (grain and specialty)","Corn-Alfalfa","Cultivated Crops","Cultivated Crops","No",,"Warsaw silt loam","B","Well drained",1.9,23.5,2019,"Fall",1,0,0,0,0,0,1,1,1,1,1,1,"Previous crop",0,"Previous summer + current fall",1,"Yes"
"AR1","Non-Frozen","Storm","2019-1",2018-10-02 00:39:00,2018-10-02 06:15:00,24300,4.412,0.85,3.883,0.2189,3,1.98,0.86,0.51,1.04,1.47,2.88,5.18,145,18.5,805860,0.361849452758544,2018-10-01 23:47:00,0.866666666666667,"Surface","Beef and cash crop (grain and specialty)","Corn-Alfalfa","Cultivated Crops","Cultivated Crops","No",,"Warsaw silt loam","B","Well drained",1.9,23.5,2019,"Fall",1,0,0,0,0,0,1,1,1,1,1,1,"Previous crop",0,"Previous summer + current fall",1,"Yes"
"AR1","Non-Frozen","Storm","2019-2",2018-10-06 05:58:00,2018-10-06 11:45:00,25990,3.881,1.05,8.667,0.1212,1.2,0.96,0.58,0.48,0.28,0.36,2.74,4.1,146,18.5,805860,0.387015114287842,2018-10-06 01:48:00,4.16666666666667,"Surface","Beef and cash crop (grain and specialty)","Corn-Alfalfa","Cultivated Crops","Cultivated Crops","No",,"Warsaw silt loam","B","Well drained",1.9,23.5,2019,"Fall",1,0,0,0,0,0,1,1,1,1,1,1,"Previous crop",0,"Previous summer + current fall",1,"Yes"
"AR1","Non-Frozen","Storm","2019-11",2019-06-25 19:03:00,2019-06-25 20:00:00,138.3,0.09639,0.61,1.4,0.4357,3.24,2.4,0.86,0.58,0.23,0.71,1,1.38,155,18.5,805860,0.00205941478668751,2019-06-25 18:13:00,0.833333333333333,"Surface","Beef and cash crop (grain and specialty)","Corn-Alfalfa","Cultivated Crops","Cultivated Crops","No",,"Warsaw silt loam","B","Well drained",1.9,23.5,2019,"Summer",1,0,0,0,0,0,1,1,1,1,1,1,"Current crop",0,"Current spring + summer",,
"AR1","Non-Frozen","Storm","2019-12",2019-06-28 14:20:00,2019-06-28 16:15:00,2576,0.8721,0.87,0.4,2.175,4.08,3.3,1.74,0.87,0.09,0.09,1.44,1.82,156,18.5,805860,0.038359020177202,2019-06-28 14:08:00,0.2,"Surface","Beef and cash crop (grain and specialty)","Corn-Alfalfa","Cultivated Crops","Cultivated Crops","No",,"Warsaw silt loam","B","Well drained",1.9,23.5,2019,"Summer",1,0,0,0,0,0,1,1,1,1,1,1,"Current crop",0,"Current spring + summer",,
"AR1","Non-Frozen","Storm","2019-13",2019-08-18 12:13:00,2019-08-18 14:15:00,1264,0.381,1.19,2,0.595,2.76,1.98,1.62,1.02,0.02,0.11,0.43,2.01,157,18.5,805860,0.018822127913037,2019-08-18 11:46:00,0.45,"Surface","Beef and cash crop (grain and specialty)","Corn-Alfalfa","Cultivated Crops","Cultivated Crops","No",,"Warsaw silt loam","B","Well drained",1.9,23.5,2019,"Summer",1,0,0,0,0,0,1,1,1,1,1,1,"Current crop",0,"Current spring + summer",,
"AR1","Non-Frozen","Storm","2019-14",2019-08-26 19:45:00,2019-08-26 21:15:00,112.6,0.0324,0.26,0.8,0.325,1.08,0.72,0.48,0.26,1.08,1.08,1.22,2.82,158,18.5,805860,0.0016767180403544,2019-08-26 19:08:00,0.616666666666667,"Surface","Beef and cash crop (grain and specialty)","Corn-Alfalfa","Cultivated Crops","Cultivated Crops","No",,"Warsaw silt loam","B","Well drained",1.9,23.5,2019,"Summer",1,0,0,0,0,0,1,1,1,1,1,1,"Current crop",0,"Current spring + summer",,
"AR1","Non-Frozen","Storm","2019-15",2019-09-10 08:15:00,2019-09-10 11:15:00,5271,1.194,2.11,2.767,0.7627,3.12,2.4,1.9,1.39,0.14,0.16,0.39,0.4,159,18.5,805860,0.0784900603082421,2019-09-10 07:07:00,1.13333333333333,"Surface","Beef and cash crop (grain and specialty)","Corn-Alfalfa","Cultivated Crops","Cultivated Crops","No",,"Warsaw silt loam","B","Well drained",1.9,23.5,2019,"Summer",1,0,0,0,0,0,1,1,1,1,1,1,"Current crop",0,"Current spring + summer",,
"AR1","Non-Frozen","Storm","2019-16",2019-09-12 01:48:00,2019-09-12 05:27:00,3438,0.7522,1.29,3.583,0.36,2.76,2.22,1.12,0.87,0,2.22,2.38,2.62,160,18.5,805860,0.0511949966495421,2019-09-12 01:31:00,0.283333333333333,"Surface","Beef and cash crop (grain and specialty)","Corn-Alfalfa","Cultivated Crops","Cultivated Crops","No",,"Warsaw silt loam","B","Well drained",1.9,23.5,2019,"Summer",1,0,0,0,0,0,1,1,1,1,1,1,"Current crop",0,"Current spring + summer",,
"AR1","Non-Frozen","Storm","2019-17",2019-09-13 03:22:00,2019-09-13 10:30:00,102600,18.87,3.12,6.033,0.5171,4.56,3.48,1.76,1.64,0.66,1.62,4,4.24,161,18.5,805860,1.52780880053607,2019-09-13 03:11:00,0.183333333333333,"Surface","Beef and cash crop (grain and specialty)","Corn-Alfalfa","Cultivated Crops","Cultivated Crops","No",,"Warsaw silt loam","B","Well drained",1.9,23.5,2019,"Summer",1,0,0,0,0,0,1,1,1,1,1,1,"Current crop",0,"Current spring + summer",,
"AR1","Non-Frozen","Storm","2019-18",2019-09-22 14:06:00,2019-09-22 19:00:00,16080,3.688,0.75,6.9,0.1087,0.84,0.66,0.54,0.41,0.33,0.35,0.75,8.05,162,18.5,805860,0.239446057627876,2019-09-22 09:54:00,4.2,"Surface","Beef and cash crop (grain and specialty)","Corn-Alfalfa","Cultivated Crops","Cultivated Crops","No",,"Warsaw silt loam","B","Well drained",1.9,23.5,2019,"Summer",1,0,0,0,0,0,1,1,1,1,1,1,"Current crop",0,"Current spring + summer",,
"AR1","Non-Frozen","Storm","2019-19",2019-09-29 07:43:00,2019-09-29 18:45:00,48850,9.558,1.94,12.4,0.1565,1.8,1.38,1.1,0.83,0,0.38,1.27,2.2,163,18.5,805860,0.727421636512546,2019-09-29 05:28:00,2.25,"Surface","Beef and cash crop (grain and specialty)","Corn-Alfalfa","Cultivated Crops","Cultivated Crops","No",,"Warsaw silt loam","B","Well drained",1.9,23.5,2019,"Summer",1,0,0,0,0,0,1,1,1,1,1,1,"Current crop",0,"Current spring + summer",,
"AR1","Non-Frozen","Storm","2020-1",2019-10-02 02:54:00,2019-10-02 16:30:00,65980,7.16,2.15,13.08,0.1643,3.12,2.28,1.1,0.83,0.12,0.12,2.44,4.04,164,18.5,805860,0.982503164321346,2019-10-02 02:41:00,0.216666666666667,"Surface","Beef and cash crop (grain and specialty)","Corn-Alfalfa","Cultivated Crops","Cultivated Crops","No",,"Warsaw silt loam","B","Well drained",1.9,23.5,2020,"Fall",1,0,0,0,0,0,1,1,1,1,1,1,"Previous crop",0,"Previous summer + current fall",1,"Yes"
"AR1","Non-Frozen","Storm","2020-2",2019-10-03 03:42:00,2019-10-03 08:30:00,6470,1.344,0.37,6.417,0.05766,0.72,0.42,0.26,0.23,2.19,2.31,4.63,6.23,165,18.5,805860,0.09634427816246,2019-10-03 01:46:00,1.93333333333333,"Surface","Beef and cash crop (grain and specialty)","Corn-Alfalfa","Cultivated Crops","Cultivated Crops","No",,"Warsaw silt loam","B","Well drained",1.9,23.5,2020,"Fall",1,0,0,0,0,0,1,1,1,1,1,1,"Previous crop",0,"Previous summer + current fall",1,"Yes"
"AR1","Non-Frozen","Storm","2020-3",2019-10-05 20:15:00,2019-10-06 00:45:00,11000,1.875,0.69,2.55,0.2706,1.08,0.84,0.48,0.42,0,0,4.63,5.95,166,18.5,805860,0.163800163800164,2019-10-05 19:19:00,0.933333333333333,"Surface","Beef and cash crop (grain and specialty)","Corn-Alfalfa","Cultivated Crops","Cultivated Crops","No",,"Warsaw silt loam","B","Well drained",1.9,23.5,2020,"Fall",1,0,0,0,0,0,1,1,1,1,1,1,"Previous crop",0,"Previous summer + current fall",1,"Yes"
"AR1","Non-Frozen","Storm","2020-4",2019-10-27 02:42:00,2019-10-27 04:25:00,178.2,0.0389,0.9,6.55,0.1374,0.36,0.36,0.28,0.28,0,0,0.5,0.5,167,18.5,805860,0.00265356265356265,2019-10-26 21:46:00,4.93333333333333,"Surface","Beef and cash crop (grain and specialty)","Corn-Alfalfa","Cultivated Crops","Cultivated Crops","No",,"Warsaw silt loam","B","Well drained",1.9,23.5,2020,"Fall",1,0,0,0,0,0,1,1,1,1,1,1,"Previous crop",0,"Previous summer + current fall",1,"Yes"
"AR1","Non-Frozen","Storm","2020-5",2019-11-27 06:45:00,2019-11-27 09:00:00,911.4,0.2332,0.64,10.63,0.06019,2.16,1.32,0.56,0.35,0,0,0.52,0.69,168,18.5,805860,0.0135715881170427,2019-11-26 21:35:00,9.16666666666667,"Surface","Beef and cash crop (grain and specialty)","Corn-Alfalfa","Cultivated Crops","Cultivated Crops","No",,"Warsaw silt loam","B","Well drained",1.9,23.5,2020,"Fall",1,0,0,0,0,0,1,1,1,1,1,1,"Previous crop",0,"Previous summer + current fall",1,"Yes"
"AR1","Non-Frozen","Storm","2020-15",2020-05-23 22:11:00,2020-05-24 00:15:00,6801,2.045,2.87,2.85,1.007,4.68,3.84,2.44,1.45,0,0,1.61,3.33,178,18.5,805860,0.101273174000447,2020-05-23 20:41:00,1.5,"Surface","Beef and cash crop (grain and specialty)","Corn-Alfalfa","Cultivated Crops","Cultivated Crops","No",,"Warsaw silt loam","B","Well drained",1.9,23.5,2020,"Spring",1,0,0,0,0,0,1,1,1,1,1,1,"Previous crop",0,"Current fall + spring",1,"Yes"
"AR1","Non-Frozen","Storm","2020-16",2020-05-28 18:40:00,2020-05-28 20:15:00,1092,0.4591,1.21,1.817,0.6661,3.96,3.6,1.98,1.19,0.06,0.06,2.95,5.02,179,18.5,805860,0.0162608889881617,2020-05-28 18:11:00,0.483333333333333,"Surface","Beef and cash crop (grain and specialty)","Corn-Alfalfa","Cultivated Crops","Cultivated Crops","No",,"Warsaw silt loam","B","Well drained",1.9,23.5,2020,"Spring",1,0,0,0,0,0,1,1,1,1,1,1,"Previous crop",0,"Current fall + spring",1,"Yes"
"AR1","Non-Frozen","Storm","2020-17",2020-06-29 20:24:00,2020-06-29 22:00:00,7229,2.976,1.91,3.217,0.5938,3.36,3.12,2.36,1.43,0,0,1.99,2.05,180,18.5,805860,0.107646489464671,2020-06-29 18:35:00,1.81666666666667,"Surface","Beef and cash crop (grain and specialty)","Corn-Alfalfa","Cultivated Crops","Cultivated Crops","No",,"Warsaw silt loam","B","Well drained",1.9,23.5,2020,"Summer",1,0,0,0,0,0,1,1,1,1,1,1,"Current crop",0,"Current spring + summer",,
"AR1","Non-Frozen","Storm","2020-18",2020-07-07 23:05:00,2020-07-08 01:02:00,3268,1.446,1.65,1.9,0.8684,3.96,3.6,2.62,1.51,0.06,0.06,0.06,2.74,181,18.5,805860,0.0486635395726305,2020-07-07 23:03:00,0.0333333333333333,"Surface","Beef and cash crop (grain and specialty)","Corn-Alfalfa","Cultivated Crops","Cultivated Crops","No",,"Warsaw silt loam","B","Well drained",1.9,23.5,2020,"Summer",1,0,0,0,0,0,1,1,1,1,1,1,"Current crop",0,"Current spring + summer",,
"AR1","Non-Frozen","Storm","2020-19",2020-07-08 11:07:00,2020-07-08 12:45:00,453.6,0.1749,0.51,0.6333,0.8053,2.4,1.86,0.9,0.51,1.82,1.82,1.82,4.39,182,18.5,805860,0.00675452311815948,2020-07-08 10:31:00,0.6,"Surface","Beef and cash crop (grain and specialty)","Corn-Alfalfa","Cultivated Crops","Cultivated Crops","No",,"Warsaw silt loam","B","Well drained",1.9,23.5,2020,"Summer",1,0,0,0,0,0,1,1,1,1,1,1,"Current crop",0,"Current spring + summer",,
"AR1","Non-Frozen","Storm","2020-20",2020-08-02 14:25:00,2020-08-02 15:00:00,92.3,0.0804,0,,,,,,,0,0,0.64,0.65,183,18.5,805860,0.00137443228352319,,,"Surface","Beef and cash crop (grain and specialty)","Corn-Alfalfa","Cultivated Crops","Cultivated Crops","No",,"Warsaw silt loam","B","Well drained",1.9,23.5,2020,"Summer",1,0,0,0,0,0,1,1,1,1,1,1,"Current crop",0,"Current spring + summer",,
"AR1","Non-Frozen","Storm","2020-21",2020-08-10 02:11:00,2020-08-10 02:45:00,33.7,0.0252,0,,,,,,,0.31,0.31,0.34,0.38,184,18.5,805860,0.000501824138187775,,,"Surface","Beef and cash crop (grain and specialty)","Corn-Alfalfa","Cultivated Crops","Cultivated Crops","No",,"Warsaw silt loam","B","Well drained",1.9,23.5,2020,"Summer",1,0,0,0,0,0,1,1,1,1,1,1,"Current crop",0,"Current spring + summer",,
"AR1","Non-Frozen","Storm","2020-22",2020-08-10 19:42:00,2020-08-10 22:15:00,56100,28.32,2.13,2.683,0.7938,4.56,4.38,3.04,1.81,0.32,0.32,0.32,0.37,185,18.5,805860,0.835380835380835,2020-08-10 19:28:00,0.233333333333333,"Surface","Beef and cash crop (grain and specialty)","Corn-Alfalfa","Cultivated Crops","Cultivated Crops","No",,"Warsaw silt loam","B","Well drained",1.9,23.5,2020,"Summer",1,0,0,0,0,0,1,1,1,1,1,1,"Current crop",0,"Current spring + summer",,
"AR1","Non-Frozen","Storm","2021-1",2021-07-28 07:53:00,2021-07-28 08:45:00,38.2,0.02744,2.15,0.7167,3,5.88,4.5,3.54,2.15,0,0,0,1.79,186,18.5,805860,0.000568833296106023,2021-07-28 07:49:00,0.0666666666666667,"Surface","Beef and cash crop (grain and specialty)","Corn-Alfalfa","Cultivated Crops","Cultivated Crops","No",,"Warsaw silt loam","B","Well drained",1.9,23.5,2021,"Summer",1,2,0,2,0,0,1,1,0,1,1,0,"Current crop",2,"Current spring + summer",,
"AR1","Non-Frozen","Storm","2021-2",2021-08-30 06:13:00,2021-08-30 07:00:00,85.1,0.0555,0,,,,,,,0.25,0.25,1.1,1.14,187,18.5,805860,0.00126721763085399,,,"Surface","Beef and cash crop (grain and specialty)","Corn-Alfalfa","Cultivated Crops","Cultivated Crops","No",,"Warsaw silt loam","B","Well drained",1.9,23.5,2021,"Summer",1,2,0,2,0,0,1,1,0,1,1,0,"Current crop",2,"Current spring + summer",,
"AR2","Non-Frozen","Storm","2017-1",2016-11-02 13:11:00,2016-11-02 13:30:00,18,0.03061,0.83,4.683,0.1772,2.64,2.1,0.98,0.58,0,0,1.15,1.61,188,5.8,252648,0.00085494442861214,2016-11-02 08:44:00,4.45,"Surface","Beef and cash crop (grain and specialty)","Corn-Seed Corn-Vegetables-Mint","Cultivated Crops","Cultivated Crops","No",,"Oshtemo sandy loam","A","Well drained",3.4,14,2017,"Fall",1,2,1,1,0,,1,0,0,0,0,0,"Previous crop",,"Previous summer + current fall",0,"No"
"AR2","Non-Frozen","Storm","2017-4",2017-05-17 23:36:00,2017-05-18 00:30:00,1437,2.46,0.83,0.35,2.371,5.16,4.38,1.66,0.83,0,0.6,0.73,1.54,191,5.8,252648,0.0682530635508692,2017-05-17 23:32:00,0.0666666666666667,"Surface","Beef and cash crop (grain and specialty)","Corn-Seed Corn-Vegetables-Mint","Cultivated Crops","Cultivated Crops","No",,"Oshtemo sandy loam","A","Well drained",3.4,14,2017,"Spring",1,2,1,1,0,,1,0,0,0,0,0,"Previous crop",2,"Current fall + spring",0,"No"
"AR2","Non-Frozen","Storm","2017-5",2017-05-18 03:00:00,2017-05-18 04:00:00,116.1,0.0766,0.25,0.5167,0.4839,1.08,0.78,0.48,0.25,0.83,0.98,1.43,2.37,192,5.8,252648,0.0055143915645483,2017-05-18 03:00:00,0,"Surface","Beef and cash crop (grain and specialty)","Corn-Seed Corn-Vegetables-Mint","Cultivated Crops","Cultivated Crops","No",,"Oshtemo sandy loam","A","Well drained",3.4,14,2017,"Spring",1,2,1,1,0,,1,0,0,0,0,0,"Previous crop",2,"Current fall + spring",0,"No"
"AR2","Non-Frozen","Storm","2017-6",2017-05-19 16:30:00,2017-05-19 17:00:00,10.7,0.01376,0.14,1.917,0.07304,0.24,0.18,0.14,0.09,0,1.08,1.68,2.62,193,5.8,252648,0.000508216965897217,2017-05-19 14:58:00,1.53333333333333,"Surface","Beef and cash crop (grain and specialty)","Corn-Seed Corn-Vegetables-Mint","Cultivated Crops","Cultivated Crops","No",,"Oshtemo sandy loam","A","Well drained",3.4,14,2017,"Spring",1,2,1,1,0,,1,0,0,0,0,0,"Previous crop",2,"Current fall + spring",0,"No"
"AR2","Non-Frozen","Storm","2017-7",2017-05-20 15:42:00,2017-05-20 16:46:00,254.7,0.1297,0.41,2.25,0.1822,0.6,0.6,0.46,0.33,0.23,0.23,1.91,2.64,194,5.8,252648,0.0120974636648618,2017-05-20 14:25:00,1.28333333333333,"Surface","Beef and cash crop (grain and specialty)","Corn-Seed Corn-Vegetables-Mint","Cultivated Crops","Cultivated Crops","No",,"Oshtemo sandy loam","A","Well drained",3.4,14,2017,"Spring",1,2,1,1,0,,1,0,0,0,0,0,"Previous crop",2,"Current fall + spring",0,"No"
"AR2","Non-Frozen","Storm","2017-8",2017-05-21 07:30:00,2017-05-21 08:30:00,2038,2.735,0.37,0.2667,1.388,2.76,1.86,0.74,0.37,0.62,0.85,2.53,3.26,195,5.8,252648,0.0967987080839745,,,"Surface","Beef and cash crop (grain and specialty)","Corn-Seed Corn-Vegetables-Mint","Cultivated Crops","Cultivated Crops","No",,"Oshtemo sandy loam","A","Well drained",3.4,14,2017,"Spring",1,2,1,1,0,,1,0,0,0,0,0,"Previous crop",2,"Current fall + spring",0,"No"
"AR2","Non-Frozen","Storm","2017-9",2017-05-23 00:14:00,2017-05-23 01:11:00,3686,4.434,0.45,0.6333,0.7105,2.28,1.92,0.84,0.45,0,0.37,2.9,3.63,196,5.8,252648,0.175073620214686,2017-05-22 23:52:00,0.366666666666667,"Surface","Beef and cash crop (grain and specialty)","Corn-Seed Corn-Vegetables-Mint","Cultivated Crops","Cultivated Crops","No",,"Oshtemo sandy loam","A","Well drained",3.4,14,2017,"Spring",1,2,1,1,0,,1,0,0,0,0,0,"Previous crop",2,"Current fall + spring",0,"No"
"AR2","Non-Frozen","Storm","2017-10",2017-05-23 19:21:00,2017-05-23 21:05:00,8591,4.289,1.13,1.65,0.6848,3.24,2.28,1.26,1.02,0.45,0.45,2.75,3.76,197,5.8,252648,0.408045977011494,2017-05-23 19:14:00,0.116666666666667,"Surface","Beef and cash crop (grain and specialty)","Corn-Seed Corn-Vegetables-Mint","Cultivated Crops","Cultivated Crops","No",,"Oshtemo sandy loam","A","Well drained",3.4,14,2017,"Spring",1,2,1,1,0,,1,0,0,0,0,0,"Previous crop",2,"Current fall + spring",0,"No"
"AR2","Non-Frozen","Storm","2017-11",2017-05-28 11:30:00,2017-05-28 13:45:00,2305,2.942,0.63,2,0.315,3.24,1.98,0.78,0.45,0,0.26,1.98,4.88,198,5.8,252648,0.109480383775055,2017-05-28 11:28:00,0.0333333333333333,"Surface","Beef and cash crop (grain and specialty)","Corn-Seed Corn-Vegetables-Mint","Cultivated Crops","Cultivated Crops","No",,"Oshtemo sandy loam","A","Well drained",3.4,14,2017,"Spring",1,2,1,1,0,,1,0,0,0,0,0,"Previous crop",2,"Current fall + spring",0,"No"
"AR2","Non-Frozen","Storm","2017-12",2017-06-18 00:45:00,2017-06-18 01:10:00,153.1,0.3732,0.25,0.2667,0.9375,1.8,1.38,0.5,0.25,0.72,0.72,0.92,1.07,199,5.8,252648,0.00727177733447326,2017-06-18 00:43:00,0.0333333333333333,"Surface","Beef and cash crop (grain and specialty)","Corn-Seed Corn-Vegetables-Mint","Cultivated Crops","Cultivated Crops","No",,"Oshtemo sandy loam","A","Well drained",3.4,14,2017,"Summer",1,2,1,1,0,,1,0,0,0,0,0,"Current crop",1,"Current spring + summer",,
"AR2","Non-Frozen","Storm","2017-13",2017-06-23 07:47:00,2017-06-23 09:34:00,5310,5.176,1.19,1.8,0.6611,2.52,1.98,1.54,0.96,0,0,1.3,1.51,200,5.8,252648,0.252208606440581,2017-06-23 07:39:00,0.133333333333333,"Surface","Beef and cash crop (grain and specialty)","Corn-Seed Corn-Vegetables-Mint","Cultivated Crops","Cultivated Crops","No",,"Oshtemo sandy loam","A","Well drained",3.4,14,2017,"Summer",1,2,1,1,0,,1,0,0,0,0,0,"Current crop",1,"Current spring + summer",,
"AR2","Non-Frozen","Storm","2017-14",2017-06-29 00:47:00,2017-06-29 01:15:00,82.1,0.1994,0.44,0.5167,0.8516,5.76,4.32,1.72,0.88,0.13,0.13,1.36,2.67,201,5.8,252648,0.00389949653272537,2017-06-29 00:40:00,0.116666666666667,"Surface","Beef and cash crop (grain and specialty)","Corn-Seed Corn-Vegetables-Mint","Cultivated Crops","Cultivated Crops","No",,"Oshtemo sandy loam","A","Well drained",3.4,14,2017,"Summer",1,2,1,1,0,,1,0,0,0,0,0,"Current crop",1,"Current spring + summer",,
"AR2","Non-Frozen","Storm","2017-15",2017-06-29 05:19:00,2017-06-29 06:45:00,3072,3.604,1.44,5.55,0.2595,5.76,4.32,1.72,0.9,0.13,0.13,1.36,2.67,202,5.8,252648,0.145910515816472,2017-06-29 00:40:00,4.65,"Surface","Beef and cash crop (grain and specialty)","Corn-Seed Corn-Vegetables-Mint","Cultivated Crops","Cultivated Crops","No",,"Oshtemo sandy loam","A","Well drained",3.4,14,2017,"Summer",1,2,1,1,0,,1,0,0,0,0,0,"Current crop",1,"Current spring + summer",,
"AR2","Non-Frozen","Storm","2017-16",2017-07-03 13:21:00,2017-07-03 13:45:00,65.7,0.155,0.55,2.733,0.2012,1.56,1.08,0.54,0.28,0,0,1.69,3.25,203,5.8,252648,0.00312054716443431,2017-07-03 10:59:00,2.36666666666667,"Surface","Beef and cash crop (grain and specialty)","Corn-Seed Corn-Vegetables-Mint","Cultivated Crops","Cultivated Crops","No",,"Oshtemo sandy loam","A","Well drained",3.4,14,2017,"Summer",1,2,1,1,0,,1,0,0,0,0,0,"Current crop",1,"Current spring + summer",,
"AR2","Non-Frozen","Storm","2017-17",2017-07-10 07:43:00,2017-07-10 08:53:00,1240,1.765,1.11,2.467,0.45,2.52,1.92,1.08,0.97,0,0,0.56,2.25,204,5.8,252648,0.0588961717488363,2017-07-10 06:19:00,1.4,"Surface","Beef and cash crop (grain and specialty)","Corn-Seed Corn-Vegetables-Mint","Cultivated Crops","Cultivated Crops","No",,"Oshtemo sandy loam","A","Well drained",3.4,14,2017,"Summer",1,2,1,1,0,,1,0,0,0,0,0,"Current crop",1,"Current spring + summer",,
"AR2","Non-Frozen","Storm","2017-18",2017-07-12 11:05:00,2017-07-12 14:15:00,6263,2.966,1.82,6.8,0.2676,4.92,3.24,1.96,1.14,0.1,1.46,1.48,3.73,205,5.8,252648,0.297473164244324,2017-07-12 07:19:00,3.76666666666667,"Surface","Beef and cash crop (grain and specialty)","Corn-Seed Corn-Vegetables-Mint","Cultivated Crops","Cultivated Crops","No",,"Oshtemo sandy loam","A","Well drained",3.4,14,2017,"Summer",1,2,1,1,0,,1,0,0,0,0,0,"Current crop",1,"Current spring + summer",,
"AR2","Non-Frozen","Storm","2017-19",2017-07-16 06:45:00,2017-07-16 07:30:00,4442,6.076,1.12,0.8333,1.344,4.08,3.72,2.16,1.12,0,0,3.37,3.93,206,5.8,252648,0.210981286216396,2017-07-16 06:16:00,0.483333333333333,"Surface","Beef and cash crop (grain and specialty)","Corn-Seed Corn-Vegetables-Mint","Cultivated Crops","Cultivated Crops","No",,"Oshtemo sandy loam","A","Well drained",3.4,14,2017,"Summer",1,2,1,1,0,,1,0,0,0,0,0,"Current crop",1,"Current spring + summer",,
"AR2","Non-Frozen","Storm","2017-20",2017-07-20 01:20:00,2017-07-20 04:30:00,379.7,0.118,0.94,2.967,0.3169,5.28,4.08,1.76,1.04,0,0,1.12,4.49,207,5.8,252648,0.0180345777524461,2017-07-20 01:15:00,0.0833333333333333,"Surface","Beef and cash crop (grain and specialty)","Corn-Seed Corn-Vegetables-Mint","Cultivated Crops","Cultivated Crops","No",,"Oshtemo sandy loam","A","Well drained",3.4,14,2017,"Summer",1,2,1,1,0,,1,0,0,0,0,0,"Current crop",1,"Current spring + summer",,
"AR2","Non-Frozen","Storm","2017-21",2017-07-20 07:18:00,2017-07-20 11:45:00,6162,5.47,2.64,10.3,0.2563,5.28,4.08,1.76,1.04,0,0,1.12,4.49,208,5.8,252648,0.292675976061556,2017-07-20 01:15:00,6.05,"Surface","Beef and cash crop (grain and specialty)","Corn-Seed Corn-Vegetables-Mint","Cultivated Crops","Cultivated Crops","No",,"Oshtemo sandy loam","A","Well drained",3.4,14,2017,"Summer",1,2,1,1,0,,1,0,0,0,0,0,"Current crop",1,"Current spring + summer",,
"AR2","Non-Frozen","Storm","2017-22",2017-07-21 23:30:00,2017-07-22 00:15:00,4426,4.608,1.35,0.8167,1.653,11.52,10.68,5.32,2.7,0.02,2.66,3.78,7.15,209,5.8,252648,0.210221335613185,2017-07-21 23:21:00,0.15,"Surface","Beef and cash crop (grain and specialty)","Corn-Seed Corn-Vegetables-Mint","Cultivated Crops","Cultivated Crops","No",,"Oshtemo sandy loam","A","Well drained",3.4,14,2017,"Summer",1,2,1,1,0,,1,0,0,0,0,0,"Current crop",1,"Current spring + summer",,
"AR2","Non-Frozen","Storm","2017-23",2017-07-22 02:20:00,2017-07-22 08:00:00,105.6,0.04091,1.74,8.5,0.2047,11.52,10.68,5.32,2.7,0.02,2.66,3.78,7.15,210,5.8,252648,0.00501567398119122,2017-07-21 23:21:00,2.98333333333333,"Surface","Beef and cash crop (grain and specialty)","Corn-Seed Corn-Vegetables-Mint","Cultivated Crops","Cultivated Crops","No",,"Oshtemo sandy loam","A","Well drained",3.4,14,2017,"Summer",1,2,1,1,0,,1,0,0,0,0,0,"Current crop",1,"Current spring + summer",,
"AR2","Non-Frozen","Storm","2017-24",2017-07-23 18:51:00,2017-07-23 20:15:00,903.7,1.002,0.38,1.333,0.285,2.04,1.5,0.66,0.35,0,1.78,4.42,8.91,211,5.8,252648,0.0429229600075995,2017-07-23 18:38:00,0.216666666666667,"Surface","Beef and cash crop (grain and specialty)","Corn-Seed Corn-Vegetables-Mint","Cultivated Crops","Cultivated Crops","No",,"Oshtemo sandy loam","A","Well drained",3.4,14,2017,"Summer",1,2,1,1,0,,1,0,0,0,0,0,"Current crop",1,"Current spring + summer",,
"AR2","Non-Frozen","Storm","2017-25",2017-07-27 02:04:00,2017-07-27 03:15:00,4769,4.378,1.63,1.767,0.9226,4.08,3.96,2.42,1.52,0,0,4.8,5.92,212,5.8,252648,0.226512776669516,2017-07-27 01:07:00,0.95,"Surface","Beef and cash crop (grain and specialty)","Corn-Seed Corn-Vegetables-Mint","Cultivated Crops","Cultivated Crops","No",,"Oshtemo sandy loam","A","Well drained",3.4,14,2017,"Summer",1,2,1,1,0,,1,0,0,0,0,0,"Current crop",1,"Current spring + summer",,
"AR2","Non-Frozen","Storm","2017-26",2017-07-30 04:15:00,2017-07-30 04:49:00,34.5,0.03944,0,,,,,,,0,0,2.02,7.56,213,5.8,252648,0.00163864348817327,,,"Surface","Beef and cash crop (grain and specialty)","Corn-Seed Corn-Vegetables-Mint","Cultivated Crops","Cultivated Crops","No",,"Oshtemo sandy loam","A","Well drained",3.4,14,2017,"Summer",1,2,1,1,0,,1,0,0,0,0,0,"Current crop",1,"Current spring + summer",,
"AR2","Non-Frozen","Storm","2017-27",2017-08-06 11:15:00,2017-08-06 12:30:00,42,0.01856,0,,,,,,,0,0.02,0.02,2.04,214,5.8,252648,0.00199487033342833,,,"Surface","Beef and cash crop (grain and specialty)","Corn-Seed Corn-Vegetables-Mint","Cultivated Crops","Cultivated Crops","No",,"Oshtemo sandy loam","A","Well drained",3.4,14,2017,"Summer",1,2,1,1,0,,1,0,0,0,0,0,"Current crop",1,"Current spring + summer",,
"AR2","Non-Frozen","Storm","2017-28",2017-08-10 20:23:00,2017-08-10 21:00:00,45.8,0.0971,0.61,0.3667,1.664,3.48,3.06,1.22,0.61,0.05,0.05,0.26,0.26,215,5.8,252648,0.00217535860169089,2017-08-10 20:23:00,0,"Surface","Beef and cash crop (grain and specialty)","Corn-Seed Corn-Vegetables-Mint","Cultivated Crops","Cultivated Crops","No",,"Oshtemo sandy loam","A","Well drained",3.4,14,2017,"Summer",1,2,1,1,0,,1,0,0,0,0,0,"Current crop",1,"Current spring + summer",,
"AR2","Non-Frozen","Storm","2017-29",2017-08-13 10:30:00,2017-08-13 12:30:00,506,0.1814,0,,,,,,,0,0.01,0.86,0.88,216,5.8,252648,0.0240334378265413,,,"Surface","Beef and cash crop (grain and specialty)","Corn-Seed Corn-Vegetables-Mint","Cultivated Crops","Cultivated Crops","No",,"Oshtemo sandy loam","A","Well drained",3.4,14,2017,"Summer",1,2,1,1,0,,1,0,0,0,0,0,"Current crop",1,"Current spring + summer",,
"AR2","Non-Frozen","Storm","2017-30",2017-08-27 14:09:00,2017-08-27 15:00:00,51.7,0.05118,0.57,4,0.1425,0.96,0.6,0.44,0.28,0.01,0.01,0.01,0.62,217,5.8,252648,0.00245559038662487,2017-08-27 10:53:00,3.26666666666667,"Surface","Beef and cash crop (grain and specialty)","Corn-Seed Corn-Vegetables-Mint","Cultivated Crops","Cultivated Crops","No",,"Oshtemo sandy loam","A","Well drained",3.4,14,2017,"Summer",1,2,1,1,0,,1,0,0,0,0,0,"Current crop",1,"Current spring + summer",,
"AR2","Non-Frozen","Storm","2019-6",2019-05-24 16:10:00,2019-05-24 16:44:00,778.7,1.419,1.28,7.983,0.1603,1.44,1.26,0.74,0.5,0,0.16,1.14,1.48,237,5.8,252648,0.0369858459200152,2019-05-24 08:43:00,7.45,"Surface","Beef and cash crop (grain and specialty)","Corn-Seed Corn-Vegetables-Mint","Cultivated Crops","Cultivated Crops","No",,"Oshtemo sandy loam","A","Well drained",3.4,14,2019,"Spring",1,2,1,1,0,0,1,0,0,1,1,0,"Previous crop",2,"Current fall + spring",1,"Yes"
"AR2","Non-Frozen","Storm","2019-7",2019-05-30 06:58:00,2019-05-30 07:29:00,31.3,0.06169,0.78,0.8667,0.9,3.12,2.64,1.4,0.78,0,0.09,1.76,3.24,238,5.8,252648,0.00148665336753111,2019-05-30 06:34:00,0.4,"Surface","Beef and cash crop (grain and specialty)","Corn-Seed Corn-Vegetables-Mint","Cultivated Crops","Cultivated Crops","No",,"Oshtemo sandy loam","A","Well drained",3.4,14,2019,"Spring",1,2,1,1,0,0,1,0,0,1,1,0,"Previous crop",2,"Current fall + spring",1,"Yes"
"AR2","Non-Frozen","Storm","2019-8",2019-06-04 16:20:00,2019-06-04 16:35:00,8,0.02296,0.64,0.5833,1.097,2.4,2.04,1.24,0.64,0,0,1.55,3.99,239,5.8,252648,0.000379975301605396,2019-06-04 15:53:00,0.45,"Surface","Beef and cash crop (grain and specialty)","Corn-Seed Corn-Vegetables-Mint","Cultivated Crops","Cultivated Crops","No",,"Oshtemo sandy loam","A","Well drained",3.4,14,2019,"Summer",1,2,1,1,0,0,1,0,0,1,1,0,"Current crop",1,"Current spring + summer",,
"AR2","Non-Frozen","Storm","2019-9",2019-06-05 04:46:00,2019-06-05 05:45:00,1603,1.735,0.5,0.6333,0.7895,3.84,2.34,0.96,0.5,0.74,0.74,2.22,4.43,240,5.8,252648,0.0761375510591812,2019-06-05 04:46:00,0,"Surface","Beef and cash crop (grain and specialty)","Corn-Seed Corn-Vegetables-Mint","Cultivated Crops","Cultivated Crops","No",,"Oshtemo sandy loam","A","Well drained",3.4,14,2019,"Summer",1,2,1,1,0,0,1,0,0,1,1,0,"Current crop",1,"Current spring + summer",,
"AR2","Non-Frozen","Storm","2019-10",2019-06-25 19:00:00,2019-06-25 19:15:00,10.6,0.05118,0.46,0.8167,0.5633,3.24,2.4,0.86,0.46,0.23,0.71,1,1.38,241,5.8,252648,0.000503467274627149,2019-06-25 18:13:00,0.783333333333333,"Surface","Beef and cash crop (grain and specialty)","Corn-Seed Corn-Vegetables-Mint","Cultivated Crops","Cultivated Crops","No",,"Oshtemo sandy loam","A","Well drained",3.4,14,2019,"Summer",1,2,1,1,0,0,1,0,0,1,1,0,"Current crop",1,"Current spring + summer",,
"AR2","Non-Frozen","Storm","2019-11",2019-06-28 14:11:00,2019-06-28 14:45:00,1016,1.586,0.87,0.4,2.175,4.08,3.3,1.74,0.87,0.09,0.09,1.44,1.82,242,5.8,252648,0.0482568633038852,2019-06-28 14:08:00,0.05,"Surface","Beef and cash crop (grain and specialty)","Corn-Seed Corn-Vegetables-Mint","Cultivated Crops","Cultivated Crops","No",,"Oshtemo sandy loam","A","Well drained",3.4,14,2019,"Summer",1,2,1,1,0,0,1,0,0,1,1,0,"Current crop",1,"Current spring + summer",,
"AR2","Non-Frozen","Storm","2019-12",2019-07-18 14:30:00,2019-07-18 15:00:00,113.9,0.2788,1.53,5.067,0.302,2.16,1.56,0.94,0.58,0,0.02,0.02,0.62,243,5.8,252648,0.00540989835660682,2019-07-18 09:54:00,4.6,"Surface","Beef and cash crop (grain and specialty)","Corn-Seed Corn-Vegetables-Mint","Cultivated Crops","Cultivated Crops","No",,"Oshtemo sandy loam","A","Well drained",3.4,14,2019,"Summer",1,2,1,1,0,0,1,0,0,1,1,0,"Current crop",1,"Current spring + summer",,
"AR2","Non-Frozen","Storm","2019-13",2019-09-13 03:13:00,2019-09-13 07:01:00,826.2,0.5812,2.92,3.8,0.7684,4.56,3.48,1.76,1.64,0.66,1.62,4,4.24,244,5.8,252648,0.0392419492732972,2019-09-13 03:11:00,0.0333333333333333,"Surface","Beef and cash crop (grain and specialty)","Corn-Seed Corn-Vegetables-Mint","Cultivated Crops","Cultivated Crops","No",,"Oshtemo sandy loam","A","Well drained",3.4,14,2019,"Summer",1,2,1,1,0,0,1,0,0,1,1,0,"Current crop",1,"Current spring + summer",,
"AR2","Non-Frozen","Storm","2019-14",2019-09-29 08:54:00,2019-09-29 09:30:00,24.8,0.03846,1.47,3.767,0.3903,1.8,1.38,1.1,0.83,0,0.38,1.27,2.2,245,5.8,252648,0.00117792343497673,2019-09-29 05:28:00,3.43333333333333,"Surface","Beef and cash crop (grain and specialty)","Corn-Seed Corn-Vegetables-Mint","Cultivated Crops","Cultivated Crops","No",,"Oshtemo sandy loam","A","Well drained",3.4,14,2019,"Summer",1,2,1,1,0,0,1,0,0,1,1,0,"Current crop",1,"Current spring + summer",,
"AR2","Non-Frozen","Storm","2020-1",2019-10-02 02:54:00,2019-10-02 04:30:00,511.7,0.7395,1.3,1.783,0.729,3.12,2.28,1.1,0.83,0.12,0.12,2.44,4.04,246,5.8,252648,0.0243041702289351,2019-10-02 02:41:00,0.216666666666667,"Surface","Beef and cash crop (grain and specialty)","Corn-Seed Corn-Vegetables-Mint","Cultivated Crops","Cultivated Crops","No",,"Oshtemo sandy loam","A","Well drained",3.4,14,2020,"Fall",1,3,0,3,0,0,1,0,0,1,1,0,"Previous crop",0,"Previous summer + current fall",1,"Yes"
"AR2","Non-Frozen","Storm","2020-9",2020-05-23 21:45:00,2020-05-23 23:45:00,2030,1.542,2.87,2.85,1.007,4.68,3.84,2.44,1.45,0,0,1.61,3.33,254,5.8,252648,0.0964187327823691,2020-05-23 20:41:00,1.06666666666667,"Surface","Beef and cash crop (grain and specialty)","Corn-Seed Corn-Vegetables-Mint","Cultivated Crops","Cultivated Crops","No",,"Oshtemo sandy loam","A","Well drained",3.4,14,2020,"Spring",1,3,0,3,0,0,1,0,0,1,1,0,"Previous crop",3,"Current fall + spring",1,"Yes"
"AR2","Non-Frozen","Storm","2020-10",2020-07-06 17:23:00,2020-07-06 18:00:00,4,0.00426,0,,,,,,,0,0,1.91,3.9,255,5.8,252648,0.000189987650802698,,,"Surface","Beef and cash crop (grain and specialty)","Corn-Seed Corn-Vegetables-Mint","Cultivated Crops","Cultivated Crops","No",,"Oshtemo sandy loam","A","Well drained",3.4,14,2020,"Summer",1,3,0,3,0,0,1,0,0,1,1,0,"Current crop",3,"Current spring + summer",,
"AR2","Non-Frozen","Storm","2021-1",2020-10-12 15:47:00,2020-10-12 19:15:00,80.7,0.00876,0.3,3.4,0.08824,1.32,0.78,0.3,0.17,0,0,0,0.14,256,5.8,252648,0.00383300085494443,2020-10-12 14:48:00,0.983333333333333,"Surface","Beef and cash crop (grain and specialty)","Corn-Seed Corn-Vegetables-Mint","Cultivated Crops","Cultivated Crops","No",,"Oshtemo sandy loam","A","Well drained",3.4,14,2021,"Fall",1,3,0,3,0,0,1,0,0,1,1,0,"Previous crop",0,"Previous summer + current fall",1,"Yes"
"AR2","Non-Frozen","Storm","2021-2",2020-10-22 11:45:00,2020-10-22 11:59:00,4.3,0.00955,1.47,12.7,0.1157,0.72,0.54,0.38,0.35,0.05,0.05,0.3,0.61,257,5.8,252648,0.0002042367246129,2020-10-21 23:15:00,12.5,"Surface","Beef and cash crop (grain and specialty)","Corn-Seed Corn-Vegetables-Mint","Cultivated Crops","Cultivated Crops","No",,"Oshtemo sandy loam","A","Well drained",3.4,14,2021,"Fall",1,3,0,3,0,0,1,0,0,1,1,0,"Previous crop",0,"Previous summer + current fall",1,"Yes"
"H3","Non-Frozen","Storm","2004-1",2004-07-16 18:57:00,2004-07-16 19:20:00,714.8,1.622,1.03,2.333,0.4414,5.64,2.94,1.04,0.53,0,0,0.2,2.51,264,15.8,688248,0.0124629494019598,2004-07-16 16:51:00,2.1,"Surface","Dairy","Corn-Barely-Alfalfa/Brome (Organic)","Cultivated Crops","Cultivated Crops","No",,"Dodgevill silt loam","C","Well drained",6,30,2004,"Summer",,,,,,,,,,,,,"Current crop",,"Current spring + summer",,
"H3","Non-Frozen","Storm","2004-2",2004-07-16 22:25:00,2004-07-16 23:15:00,1861,3.386,0.83,0.7,1.186,4.08,3.12,1.44,0.83,1.03,1.03,1.22,3.54,265,15.8,688248,0.0324476060954772,2004-07-16 22:22:00,0.05,"Surface","Dairy","Corn-Barely-Alfalfa/Brome (Organic)","Cultivated Crops","Cultivated Crops","No",,"Dodgevill silt loam","C","Well drained",6,30,2004,"Summer",,,,,,,,,,,,,"Current crop",,"Current spring + summer",,
"H3","Non-Frozen","Storm","2005-15",2005-04-20 03:53:00,2005-04-20 04:11:00,264.2,0.5966,0.7,0.4333,1.615,3.276,3.036,1.4,0.7,0,0,0.054,0.976,280,15.8,688248,0.00460647905987377,2005-04-20 03:42:00,0.183333333333333,"Surface","Dairy","Corn-Barely-Alfalfa/Brome (Organic)","Cultivated Crops","Cultivated Crops","No",,"Dodgevill silt loam","C","Well drained",6,30,2005,"Spring",1,2.4,0.04,1.84,0.52,,1,0.68,0.48,0.96,0.96,0.68,"Previous crop",1.88,"Current fall + spring",0.96,"Partial"
"H3","Non-Frozen","Storm","2005-16",2005-05-09 17:45:00,2005-05-09 17:55:00,119.4,0.4085,0.369,0.1333,2.768,4.212,2.214,0.738,0.369,0.762,0.762,1.078,1.114,281,15.8,688248,0.00208180772047285,2005-05-09 17:36:00,0.15,"Surface","Dairy","Corn-Barely-Alfalfa/Brome (Organic)","Cultivated Crops","Cultivated Crops","No",,"Dodgevill silt loam","C","Well drained",6,30,2005,"Spring",1,2.4,0.04,1.84,0.52,,1,0.68,0.48,0.96,0.96,0.68,"Previous crop",1.88,"Current fall + spring",0.96,"Partial"
"H3","Non-Frozen","Storm","2005-17",2005-06-25 06:56:00,2005-06-25 07:22:00,649.9,1.092,1.37,3.783,0.3621,4.056,2.826,1.254,0.69,0.62,0.62,0.62,1.704,282,15.8,688248,0.0113313805488719,2005-06-25 03:33:00,3.38333333333333,"Surface","Dairy","Corn-Barely-Alfalfa/Brome (Organic)","Cultivated Crops","Cultivated Crops","No",,"Dodgevill silt loam","C","Well drained",6,30,2005,"Summer",1,2.4,0.04,1.84,0.52,,1,0.68,0.48,0.96,0.96,0.48,"Current crop",2.36,"Current spring + summer",,
"H3","Non-Frozen","Storm","2005-18",2005-06-26 03:06:00,2005-06-26 03:40:00,952,1.21,0.887,0.8333,1.064,2.16,2.1,1.54,0.887,1.705,2.325,2.325,2.442,283,15.8,688248,0.0165986679220281,2005-06-26 02:48:00,0.3,"Surface","Dairy","Corn-Barely-Alfalfa/Brome (Organic)","Cultivated Crops","Cultivated Crops","No",,"Dodgevill silt loam","C","Well drained",6,30,2005,"Summer",1,2.4,0.04,1.84,0.52,,1,0.68,0.48,0.96,0.96,0.48,"Current crop",2.36,"Current spring + summer",,
"H3","Non-Frozen","Storm","2005-19",2005-07-23 14:48:00,2005-07-23 15:04:00,51.4,0.09204,0.874,3.367,0.2596,2.4,2.04,1.532,0.838,0,0.216,0.645,0.789,284,15.8,688248,0.000896188583185131,2005-07-23 11:40:00,3.13333333333333,"Surface","Dairy","Corn-Barely-Alfalfa/Brome (Organic)","Cultivated Crops","Cultivated Crops","No",,"Dodgevill silt loam","C","Well drained",6,30,2005,"Summer",1,2.4,0.04,1.84,0.52,,1,0.68,0.48,0.96,0.96,0.48,"Current crop",2.36,"Current spring + summer",,
"H3","Non-Frozen","Storm","2005-20",2005-07-26 00:21:00,2005-07-26 00:45:00,297,0.5486,0.772,0.5,1.544,4.476,3.648,1.526,0.772,0.018,0.018,1.7,1.844,285,15.8,688248,0.00517836593785961,2005-07-26 00:10:00,0.183333333333333,"Surface","Dairy","Corn-Barely-Alfalfa/Brome (Organic)","Cultivated Crops","Cultivated Crops","No",,"Dodgevill silt loam","C","Well drained",6,30,2005,"Summer",1,2.4,0.04,1.84,0.52,,1,0.68,0.48,0.96,0.96,0.48,"Current crop",2.36,"Current spring + summer",,
"H3","Non-Frozen","Storm","2005-21",2005-07-26 04:20:00,2005-07-26 04:37:00,46.3,0.06589,0.395,0.5,0.79,1.332,0.996,0.772,0.395,0.799,0.799,2.481,2.625,286,15.8,688248,0.000807267147888552,2005-07-26 03:59:00,0.35,"Surface","Dairy","Corn-Barely-Alfalfa/Brome (Organic)","Cultivated Crops","Cultivated Crops","No",,"Dodgevill silt loam","C","Well drained",6,30,2005,"Summer",1,2.4,0.04,1.84,0.52,,1,0.68,0.48,0.96,0.96,0.48,"Current crop",2.36,"Current spring + summer",,
"JF2","Non-Frozen","Storm","2011-8",2011-03-20 13:30:00,2011-03-20 21:15:00,2255,0.2234,0.94,11,0.08545,0.36,0.36,0.3,0.22,0.02,0.02,0.03,0.03,300,16,696960,0.0388257575757576,2011-03-20 09:54:00,3.6,"Surface","Beef","Grass Pasture","Pasture/Hay","Pasture/Hay","No",,"Pepin silt loam","B","Well drained",8.6,22.5,2011,"Spring",1,0,0,0,0,,1,1,1,1,1,1,"Previous crop",0,"Current fall + spring",1,"Yes"
"JF2","Non-Frozen","Storm","2011-9",2011-03-22 15:30:00,2011-03-23 13:15:00,5598,0.6278,1.49,20.92,0.07124,0.84,0.6,0.32,0.24,0,0.94,0.97,0.97,301,16,696960,0.0963842975206612,2011-03-22 08:04:00,7.43333333333333,"Surface","Beef","Grass Pasture","Pasture/Hay","Pasture/Hay","No",,"Pepin silt loam","B","Well drained",8.6,22.5,2011,"Spring",1,0,0,0,0,,1,1,1,1,1,1,"Previous crop",0,"Current fall + spring",1,"Yes"
"JF2","Non-Frozen","Storm","2012-9",2012-03-07 08:30:00,2012-03-07 23:00:00,224.7,0.0118,0.06,1,0.06,0.24,0.18,0.1,0.05,0,0,0,0,310,16,696960,0.00386880165289256,,,"Surface","Beef","Grass Pasture","Pasture/Hay","Pasture/Hay","No",,"Pepin silt loam","B","Well drained",8.6,22.5,2012,"Spring",1,0,0,0,0,0,1,1,1,1,1,1,"Previous crop",0,"Current fall + spring",1,"Yes"
"JF2","Non-Frozen","Storm","2013-5",2013-04-05 14:30:00,2013-04-05 22:45:00,267.8,0.0278,0,,,,,,,0,0,0.21,0.21,315,16,696960,0.00461088154269972,,,"Surface","Beef","Grass Pasture","Pasture/Hay","Pasture/Hay","No",,"Pepin silt loam","B","Well drained",8.6,22.5,2013,"Spring",1,0,0,0,0,0,1,1,1,1,1,1,"Previous crop",0,"Current fall + spring",1,"Yes"
"JF2","Non-Frozen","Storm","2013-6",2013-04-06 16:30:00,2013-04-07 03:00:00,138.2,0.0092,0.23,4,0.0575,0.24,0.24,0.2,0.14,0,0,0.03,0.21,316,16,696960,0.00237947658402204,,,"Surface","Beef","Grass Pasture","Pasture/Hay","Pasture/Hay","No",,"Pepin silt loam","B","Well drained",8.6,22.5,2013,"Spring",1,0,0,0,0,0,1,1,1,1,1,1,"Previous crop",0,"Current fall + spring",1,"Yes"
"JF2","Non-Frozen","Storm","2013-7",2013-04-07 18:15:00,2013-04-07 22:15:00,17.3,0.0036,0,,,,,,,0.23,0.23,0.23,0.44,317,16,696960,0.000297865013774105,,,"Surface","Beef","Grass Pasture","Pasture/Hay","Pasture/Hay","No",,"Pepin silt loam","B","Well drained",8.6,22.5,2013,"Spring",1,0,0,0,0,0,1,1,1,1,1,1,"Previous crop",0,"Current fall + spring",1,"Yes"
"JF2","Non-Frozen","Storm","2013-8",2013-04-09 16:30:00,2013-04-09 18:00:00,17.3,0.0081,0.79,5.5,0.1436,0.48,0.48,0.44,0.37,0,0.07,0.3,0.51,318,16,696960,0.000297865013774105,2013-04-09 12:09:00,4.35,"Surface","Beef","Grass Pasture","Pasture/Hay","Pasture/Hay","No",,"Pepin silt loam","B","Well drained",8.6,22.5,2013,"Spring",1,0,0,0,0,0,1,1,1,1,1,1,"Previous crop",0,"Current fall + spring",1,"Yes"
"JF2","Non-Frozen","Storm","2013-9",2013-04-10 03:45:00,2013-04-10 10:00:00,5694,1.858,1.26,6.583,0.1914,1.56,1.02,0.64,0.5,0.81,0.88,1.11,1.32,319,16,696960,0.0980371900826446,2013-04-10 01:39:00,2.1,"Surface","Beef","Grass Pasture","Pasture/Hay","Pasture/Hay","No",,"Pepin silt loam","B","Well drained",8.6,22.5,2013,"Spring",1,0,0,0,0,0,1,1,1,1,1,1,"Previous crop",0,"Current fall + spring",1,"Yes"
"JF2","Non-Frozen","Storm","2013-10",2013-04-15 04:15:00,2013-04-15 06:30:00,699.8,0.28,0.53,3.5,0.1514,0.36,0.3,0.3,0.25,0.42,0.42,2.67,2.9,320,16,696960,0.0120488980716253,2013-04-15 02:04:00,2.18333333333333,"Surface","Beef","Grass Pasture","Pasture/Hay","Pasture/Hay","No",,"Pepin silt loam","B","Well drained",8.6,22.5,2013,"Spring",1,0,0,0,0,0,1,1,1,1,1,1,"Previous crop",0,"Current fall + spring",1,"Yes"
"JF2","Non-Frozen","Storm","2013-11",2013-06-23 02:45:00,2013-06-23 07:15:00,146.9,0.082,1.34,6,0.2233,1.92,1.68,1.18,0.89,0.52,1.55,1.57,3.75,321,16,696960,0.00252926997245179,2013-06-23 01:09:00,1.6,"Surface","Beef","Grass Pasture","Pasture/Hay","Pasture/Hay","No",,"Pepin silt loam","B","Well drained",8.6,22.5,2013,"Summer",1,0,0,0,0,0,1,1,1,1,1,1,"Current crop",0,"Current spring + summer",,
"JF2","Non-Frozen","Storm","2014-1",2013-10-05 07:15:00,2013-10-05 08:00:00,46.4,0.03948,1.52,1.917,0.793,3.6,3.36,2.72,1.51,0.07,1.36,1.95,1.95,322,16,696960,0.000798898071625344,2013-10-05 05:59:00,1.26666666666667,"Surface","Beef","Grass Pasture","Pasture/Hay","Pasture/Hay","No",,"Pepin silt loam","B","Well drained",8.6,22.5,2014,"Fall",1,0,0,0,0,0,1,1,1,1,1,1,"Previous crop",0,"Previous summer + current fall",1,"Yes"
"JF2","Non-Frozen","Storm","2014-9",2014-06-18 11:00:00,2014-06-18 12:15:00,766.1,0.7282,1.22,1.167,1.046,6,5.34,2.28,1.2,0.01,1.62,1.63,2.53,330,16,696960,0.0131904269972452,2014-06-18 10:59:00,0.0166666666666667,"Surface","Beef","Grass Pasture","Pasture/Hay","Pasture/Hay","No",,"Pepin silt loam","B","Well drained",8.6,22.5,2014,"Summer",1,0,0,0,0,0,1,1,1,1,1,1,"Current crop",0,"Current spring + summer",,
"JF2","Non-Frozen","Storm","2014-10",2014-06-19 06:00:00,2014-06-19 12:30:00,29620,11.43,2.16,6.583,0.3281,2.52,2.46,1.86,1.39,1.39,1.55,3.01,3.9,331,16,696960,0.509986225895317,2014-06-19 05:39:00,0.35,"Surface","Beef","Grass Pasture","Pasture/Hay","Pasture/Hay","No",,"Pepin silt loam","B","Well drained",8.6,22.5,2014,"Summer",1,0,0,0,0,0,1,1,1,1,1,1,"Current crop",0,"Current spring + summer",,
"JF2","Non-Frozen","Storm","2015-3",2015-04-09 17:15:00,2015-04-09 18:15:00,69,0.03188,0.79,3.25,0.2431,0.84,0.78,0.6,0.39,0.36,1.78,1.8,2.05,334,16,696960,0.00118801652892562,2015-04-09 14:24:00,2.85,"Surface","Beef","Grass Pasture","Pasture/Hay","Pasture/Hay","No",,"Pepin silt loam","B","Well drained",8.6,22.5,2015,"Spring",1,0,0,0,0,0,1,1,1,1,1,1,"Previous crop",0,"Current fall + spring",1,"Yes"
"JF2","Non-Frozen","Storm","2015-4",2015-07-13 21:45:00,2015-07-13 22:15:00,95,0.2,1.11,0.75,1.48,5.28,4.08,2.2,1.11,0.91,0.91,1.05,1.55,335,16,696960,0.00163567493112948,2015-07-13 21:24:00,0.35,"Surface","Beef","Grass Pasture","Pasture/Hay","Pasture/Hay","No",,"Pepin silt loam","B","Well drained",8.6,22.5,2015,"Summer",1,0,0,0,0,0,1,1,1,1,1,1,"Current crop",0,"Current spring + summer",,
"JF2","Non-Frozen","Storm","2016-1",2015-12-14 10:00:00,2015-12-14 16:30:00,12900,2.802,4.15,32.33,0.1284,0.96,0.84,0.52,0.5,0,0,0.05,0.57,336,16,696960,0.222107438016529,2015-12-13 07:24:00,26.6,"Surface","Beef","Grass Pasture","Pasture/Hay","Pasture/Hay","No",,"Pepin silt loam","B","Well drained",8.6,22.5,2016,"Fall",1,0,0,0,0,0,1,1,1,1,1,1,"Previous crop",0,"Previous summer + current fall",1,"Yes"
"JF2","Non-Frozen","Storm","2016-2",2016-03-31 03:15:00,2016-03-31 10:15:00,6902,1.254,1.48,6.833,0.2166,1.92,1.74,1.02,0.71,0.32,0.32,0.37,0.37,337,16,696960,0.11883608815427,2016-03-31 01:44:00,1.51666666666667,"Surface","Beef","Grass Pasture","Pasture/Hay","Pasture/Hay","No",,"Pepin silt loam","B","Well drained",8.6,22.5,2016,"Spring",1,0,0,0,0,0,1,1,1,1,1,1,"Previous crop",0,"Current fall + spring",1,"Yes"
"JF2","Non-Frozen","Storm","2016-3",2016-05-26 11:00:00,2016-05-26 11:30:00,109.3,0.181,1.46,0.75,1.947,4.44,3.18,2.42,1.46,0.11,0.11,0.11,0.55,338,16,696960,0.0018818870523416,2016-05-26 10:39:00,0.35,"Surface","Beef","Grass Pasture","Pasture/Hay","Pasture/Hay","No",,"Pepin silt loam","B","Well drained",8.6,22.5,2016,"Spring",1,0,0,0,0,0,1,1,1,1,1,1,"Previous crop",0,"Current fall + spring",1,"Yes"
"JF2","Non-Frozen","Storm","2016-4",2016-06-01 00:15:00,2016-06-01 01:30:00,82.4,0.0595,1.25,1.667,0.75,2.28,1.8,1.06,0.97,0.17,0.17,3.2,3.2,339,16,696960,0.00141873278236915,2016-05-31 23:44:00,0.516666666666667,"Surface","Beef","Grass Pasture","Pasture/Hay","Pasture/Hay","No",,"Pepin silt loam","B","Well drained",8.6,22.5,2016,"Summer",1,0,0,0,0,0,1,1,1,1,1,1,"Current crop",0,"Current spring + summer",,
"JF2","Non-Frozen","Storm","2016-5",2016-06-11 00:15:00,2016-06-11 01:15:00,81.6,0.1575,0.65,0.75,0.8667,1.68,1.32,0.94,0.65,0,0.53,1.31,4.01,340,16,696960,0.00140495867768595,2016-06-11 00:14:00,0.0166666666666667,"Surface","Beef","Grass Pasture","Pasture/Hay","Pasture/Hay","No",,"Pepin silt loam","B","Well drained",8.6,22.5,2016,"Summer",1,0,0,0,0,0,1,1,1,1,1,1,"Current crop",0,"Current spring + summer",,
"JF2","Non-Frozen","Storm","2016-6",2016-06-12 10:30:00,2016-06-12 11:00:00,42.7,0.1081,0.2,0.25,0.8,1.32,1.02,0.4,0.2,0,0.69,1.22,3.62,341,16,696960,0.000735192837465565,,,"Surface","Beef","Grass Pasture","Pasture/Hay","Pasture/Hay","No",,"Pepin silt loam","B","Well drained",8.6,22.5,2016,"Summer",1,0,0,0,0,0,1,1,1,1,1,1,"Current crop",0,"Current spring + summer",,
"JF2","Non-Frozen","Storm","2016-7",2016-06-13 15:15:00,2016-06-13 16:00:00,78.2,0.06234,0.64,0.75,0.8533,1.92,1.74,1.2,0.64,0,0.29,1.51,3.87,342,16,696960,0.00134641873278237,2016-06-13 15:04:00,0.183333333333333,"Surface","Beef","Grass Pasture","Pasture/Hay","Pasture/Hay","No",,"Pepin silt loam","B","Well drained",8.6,22.5,2016,"Summer",1,0,0,0,0,0,1,1,1,1,1,1,"Current crop",0,"Current spring + summer",,
"JF2","Non-Frozen","Storm","2016-8",2016-06-15 02:15:00,2016-06-15 05:15:00,9527,4.844,1.57,3,0.5233,4.08,3.96,2.06,1.21,0.02,0.67,2.18,3.34,343,16,696960,0.164032369146006,2016-06-15 00:59:00,1.26666666666667,"Surface","Beef","Grass Pasture","Pasture/Hay","Pasture/Hay","No",,"Pepin silt loam","B","Well drained",8.6,22.5,2016,"Summer",1,0,0,0,0,0,1,1,1,1,1,1,"Current crop",0,"Current spring + summer",,
"JF2","Non-Frozen","Storm","2016-9",2016-06-30 20:15:00,2016-06-30 21:00:00,420.3,0.5179,1.31,0.6667,1.965,7.08,6.06,2.54,1.31,0,0,0.62,0.67,344,16,696960,0.00723657024793388,2016-06-30 20:14:00,0.0166666666666667,"Surface","Beef","Grass Pasture","Pasture/Hay","Pasture/Hay","No",,"Pepin silt loam","B","Well drained",8.6,22.5,2016,"Summer",1,0,0,0,0,0,1,1,1,1,1,1,"Current crop",0,"Current spring + summer",,
"JF2","Non-Frozen","Storm","2016-10",2016-07-06 03:30:00,2016-07-06 04:15:00,92.1,0.1081,0.73,0.9167,0.7964,3.24,2.88,1.38,0.73,0,0,1.35,1.97,345,16,696960,0.00158574380165289,2016-07-06 03:14:00,0.266666666666667,"Surface","Beef","Grass Pasture","Pasture/Hay","Pasture/Hay","No",,"Pepin silt loam","B","Well drained",8.6,22.5,2016,"Summer",1,0,0,0,0,0,1,1,1,1,1,1,"Current crop",0,"Current spring + summer",,
"JF2","Non-Frozen","Storm","2016-11",2016-07-17 09:00:00,2016-07-17 09:45:00,84.3,0.099,0.47,2.417,0.1945,1.44,1.02,0.58,0.36,0,0.07,0.38,1.8,346,16,696960,0.00145144628099174,2016-07-17 07:14:00,1.76666666666667,"Surface","Beef","Grass Pasture","Pasture/Hay","Pasture/Hay","No",,"Pepin silt loam","B","Well drained",8.6,22.5,2016,"Summer",1,0,0,0,0,0,1,1,1,1,1,1,"Current crop",0,"Current spring + summer",,
"JF2","Non-Frozen","Storm","2016-12",2016-08-17 03:45:00,2016-08-17 04:15:00,45,0.04713,0.81,1.75,0.4629,1.92,1.56,0.98,0.49,0,0,0.58,2.02,347,16,696960,0.000774793388429752,2016-08-17 02:24:00,1.35,"Surface","Beef","Grass Pasture","Pasture/Hay","Pasture/Hay","No",,"Pepin silt loam","B","Well drained",8.6,22.5,2016,"Summer",1,0,0,0,0,0,1,1,1,1,1,1,"Current crop",0,"Current spring + summer",,
"JF2","Non-Frozen","Storm","2016-13",2016-08-24 06:15:00,2016-08-24 07:00:00,68.7,0.1036,1.4,3.833,0.3652,2.64,2.58,1.14,0.73,0,0,1.89,2.96,348,16,696960,0.00118285123966942,2016-08-24 02:59:00,3.26666666666667,"Surface","Beef","Grass Pasture","Pasture/Hay","Pasture/Hay","No",,"Pepin silt loam","B","Well drained",8.6,22.5,2016,"Summer",1,0,0,0,0,0,1,1,1,1,1,1,"Current crop",0,"Current spring + summer",,
"JF2","Non-Frozen","Storm","2016-14",2016-09-07 11:45:00,2016-09-07 13:30:00,2918,1.92,2.51,12.5,0.2008,3.36,2.4,1.5,0.8,0.08,0.21,0.21,2.19,349,16,696960,0.0502410468319559,2016-09-07 00:39:00,11.1,"Surface","Beef","Grass Pasture","Pasture/Hay","Pasture/Hay","No",,"Pepin silt loam","B","Well drained",8.6,22.5,2016,"Summer",1,0,0,0,0,0,1,1,1,1,1,1,"Current crop",0,"Current spring + summer",,
"JF2","Non-Frozen","Storm","2016-15",2016-09-09 18:00:00,2016-09-09 19:15:00,67.5,0.02929,1.47,5.667,0.2594,1.08,0.9,0.76,0.63,0,0.34,3.06,3.28,350,16,696960,0.00116219008264463,2016-09-09 13:29:00,4.51666666666667,"Surface","Beef","Grass Pasture","Pasture/Hay","Pasture/Hay","No",,"Pepin silt loam","B","Well drained",8.6,22.5,2016,"Summer",1,0,0,0,0,0,1,1,1,1,1,1,"Current crop",0,"Current spring + summer",,
"JF2","Non-Frozen","Storm","2016-16",2016-09-21 13:45:00,2016-09-21 15:45:00,206.5,0.06589,1.52,7.583,0.2004,1.32,0.78,0.5,0.43,0.01,0.18,1.22,5.52,351,16,696960,0.00355544077134986,2016-09-21 07:49:00,5.93333333333333,"Surface","Beef","Grass Pasture","Pasture/Hay","Pasture/Hay","No",,"Pepin silt loam","B","Well drained",8.6,22.5,2016,"Summer",1,0,0,0,0,0,1,1,1,1,1,1,"Current crop",0,"Current spring + summer",,
"JF2","Non-Frozen","Storm","2016-17",2016-09-22 06:00:00,2016-09-22 22:15:00,50540,9.304,3.43,12.17,0.2819,2.04,2.04,1.58,1.12,1.56,1.57,2.78,5.08,352,16,696960,0.870179063360881,2016-09-22 01:24:00,4.6,"Surface","Beef","Grass Pasture","Pasture/Hay","Pasture/Hay","No",,"Pepin silt loam","B","Well drained",8.6,22.5,2016,"Summer",1,0,0,0,0,0,1,1,1,1,1,1,"Current crop",0,"Current spring + summer",,
"JF2","Non-Frozen","Storm","2017-7",2017-03-07 03:45:00,2017-03-07 05:30:00,385.3,0.1369,0.64,1.25,0.512,2.64,1.86,0.92,0.6,0.03,0.03,0.2,0.25,359,16,696960,0.00663395316804408,2017-03-07 02:59:00,0.766666666666667,"Surface","Beef","Grass Pasture","Pasture/Hay","Pasture/Hay","No",,"Pepin silt loam","B","Well drained",8.6,22.5,2017,"Spring",1,0,0,0,0,0,1,1,1,1,1,1,"Previous crop",0,"Current fall + spring",1,"Yes"
"JF2","Non-Frozen","Storm","2017-8",2017-05-16 07:00:00,2017-05-16 08:00:00,67.3,0.04178,2.73,2.583,1.057,3.84,3.54,2.7,1.97,0.05,0.05,0.35,0.67,360,16,696960,0.00115874655647383,2017-05-16 05:19:00,1.68333333333333,"Surface","Beef","Grass Pasture","Pasture/Hay","Pasture/Hay","No",,"Pepin silt loam","B","Well drained",8.6,22.5,2017,"Spring",1,0,0,0,0,0,1,1,1,1,1,1,"Previous crop",0,"Current fall + spring",1,"Yes"
"JF2","Non-Frozen","Storm","2017-9",2017-05-17 22:30:00,2017-05-18 00:15:00,843.8,0.5966,0.61,0.25,2.44,3.36,3.12,1.22,0.61,0.09,2.94,2.99,3.59,361,16,696960,0.0145282369146006,2017-05-17 22:29:00,0.0166666666666667,"Surface","Beef","Grass Pasture","Pasture/Hay","Pasture/Hay","No",,"Pepin silt loam","B","Well drained",8.6,22.5,2017,"Spring",1,0,0,0,0,0,1,1,1,1,1,1,"Previous crop",0,"Current fall + spring",1,"Yes"
"JF2","Non-Frozen","Storm","2017-10",2017-07-12 08:45:00,2017-07-12 13:00:00,8325,5.528,1.93,6.333,0.3047,2.52,2.22,1.12,0.74,0,0.69,1.1,2.34,362,16,696960,0.143336776859504,2017-07-12 05:04:00,3.68333333333333,"Surface","Beef","Grass Pasture","Pasture/Hay","Pasture/Hay","No",,"Pepin silt loam","B","Well drained",8.6,22.5,2017,"Summer",1,0,0,0,0,0,1,1,1,1,1,1,"Current crop",0,"Current spring + summer",,
"JF2","Non-Frozen","Storm","2017-11",2017-07-20,2017-07-20 00:45:00,82.9,0.08864,0.46,0.8333,0.552,1.92,1.32,0.8,0.46,0,0,0.21,3.27,363,16,696960,0.00142734159779614,2017-07-19 23:34:00,0.433333333333333,"Surface","Beef","Grass Pasture","Pasture/Hay","Pasture/Hay","No",,"Pepin silt loam","B","Well drained",8.6,22.5,2017,"Summer",1,0,0,0,0,0,1,1,1,1,1,1,"Current crop",0,"Current spring + summer",,
"JF2","Non-Frozen","Storm","2017-12",2017-07-20 04:45:00,2017-07-20 11:45:00,101000,31.66,3.47,6.333,0.5479,5.28,3.96,2.38,1.43,0.47,0.47,0.68,3.36,364,16,696960,1.73898071625344,,,"Surface","Beef","Grass Pasture","Pasture/Hay","Pasture/Hay","No",,"Pepin silt loam","B","Well drained",8.6,22.5,2017,"Summer",1,0,0,0,0,0,1,1,1,1,1,1,"Current crop",0,"Current spring + summer",,
"JF2","Non-Frozen","Storm","2017-13",2017-07-22 01:30:00,2017-07-22 04:30:00,11360,6.826,0.4,1.667,0.24,1.08,0.78,0.54,0.39,0.71,4.18,4.86,7.53,365,16,696960,0.195592286501377,,,"Surface","Beef","Grass Pasture","Pasture/Hay","Pasture/Hay","No",,"Pepin silt loam","B","Well drained",8.6,22.5,2017,"Summer",1,0,0,0,0,0,1,1,1,1,1,1,"Current crop",0,"Current spring + summer",,
"JF4","Non-Frozen","Storm","2011-7",2011-03-20 11:15:00,2011-03-20 23:45:00,6848,0.5354,0.86,7.55,0.1139,0.36,0.36,0.28,0.22,0.02,0.02,0.03,0.03,372,14,609840,0.134750098386462,2011-03-20 09:57:00,1.3,"Surface","Dairy","Corn-Alfalfa","Cultivated Crops","Cultivated Crops","No",,"NewGlarus silt loam","C","Well drained",5.2,26.5,2011,"Spring",0.95,0.2,0.2,0,0,,0.95,0.75,0.75,0.75,0.75,0.75,"Previous crop",0.2,"Current fall + spring",0.75,"Partial"
"JF4","Non-Frozen","Storm","2011-8",2011-03-22 09:45:00,2011-03-23 08:00:00,20260,1.282,1.64,18.72,0.08762,1.2,0.78,0.42,0.28,0,0.86,0.89,0.89,373,14,609840,0.39866194411649,2011-03-22 08:03:00,1.7,"Surface","Dairy","Corn-Alfalfa","Cultivated Crops","Cultivated Crops","No",,"NewGlarus silt loam","C","Well drained",5.2,26.5,2011,"Spring",0.95,0.2,0.2,0,0,,0.95,0.75,0.75,0.75,0.75,0.75,"Previous crop",0.2,"Current fall + spring",0.75,"Partial"
"JF4","Non-Frozen","Storm","2011-9",2011-04-26 12:00:00,2011-04-26 18:00:00,5223,0.723,1.22,14.27,0.08551,0.48,0.42,0.3,0.29,0,0,0.47,1.11,374,14,609840,0.102774498229044,2011-04-26 03:35:00,8.41666666666667,"Surface","Dairy","Corn-Alfalfa","Cultivated Crops","Cultivated Crops","No",,"NewGlarus silt loam","C","Well drained",5.2,26.5,2011,"Spring",0.95,0.2,0.2,0,0,,0.95,0.75,0.75,0.75,0.75,0.75,"Previous crop",0.2,"Current fall + spring",0.75,"Partial"
"JF4","Non-Frozen","Storm","2012-6",2012-04-15 11:30:00,2012-04-15 12:45:00,449.3,0.2012,1.89,8.283,0.2282,1.92,1.56,1.26,1.08,0.03,0.03,0.03,0.04,380,14,609840,0.00884100747737111,2012-04-15 03:24:00,8.1,"Surface","Dairy","Corn-Alfalfa","Cultivated Crops","Cultivated Crops","No",,"NewGlarus silt loam","C","Well drained",5.2,26.5,2012,"Spring",0.95,,,,,0,0.95,0.75,0.45,0.75,0.75,0.75,"Previous crop",,"Current fall + spring",0.75,"Partial"
"JF4","Non-Frozen","Storm","2012-7",2012-04-20 01:30:00,2012-04-20 06:30:00,2341,0.3468,1.61,13.5,0.1193,0.6,0.48,0.32,0.24,0,0.08,2,2.01,381,14,609840,0.046064541519087,2012-04-19 16:58:00,8.53333333333333,"Surface","Dairy","Corn-Alfalfa","Cultivated Crops","Cultivated Crops","No",,"NewGlarus silt loam","C","Well drained",5.2,26.5,2012,"Spring",0.95,,,,,0,0.95,0.75,0.45,0.75,0.75,0.75,"Previous crop",,"Current fall + spring",0.75,"Partial"
"JF4","Non-Frozen","Storm","2012-8",2012-05-03 07:45:00,2012-05-03 10:00:00,846.7,0.2928,0.73,5.417,0.1348,2.76,1.56,0.56,0.29,0.44,0.44,1.07,2.93,382,14,609840,0.0166607634789453,,,"Surface","Dairy","Corn-Alfalfa","Cultivated Crops","Cultivated Crops","No",,"NewGlarus silt loam","C","Well drained",5.2,26.5,2012,"Spring",0.95,,,,,0,0.95,0.75,0.45,0.75,0.75,0.75,"Previous crop",,"Current fall + spring",0.75,"Partial"
"JF4","Non-Frozen","Storm","2012-9",2012-05-03 12:45:00,2012-05-03 16:00:00,9858,3.618,0.49,4.217,0.1162,2.88,1.92,0.84,0.44,0.73,1.17,1.8,3.66,383,14,609840,0.193978748524203,2012-05-03 10:35:00,2.16666666666667,"Surface","Dairy","Corn-Alfalfa","Cultivated Crops","Cultivated Crops","No",,"NewGlarus silt loam","C","Well drained",5.2,26.5,2012,"Spring",0.95,,,,,0,0.95,0.75,0.45,0.75,0.75,0.75,"Previous crop",,"Current fall + spring",0.75,"Partial"
"JF4","Non-Frozen","Storm","2012-10",2012-05-06 14:00:00,2012-05-06 16:30:00,924.5,0.2248,0.35,2.717,0.1288,0.84,0.48,0.34,0.21,0.04,0.41,2.55,2.93,384,14,609840,0.0181916568280205,2012-05-06 11:54:00,2.1,"Surface","Dairy","Corn-Alfalfa","Cultivated Crops","Cultivated Crops","No",,"NewGlarus silt loam","C","Well drained",5.2,26.5,2012,"Spring",0.95,,,,,0,0.95,0.75,0.45,0.75,0.75,0.75,"Previous crop",,"Current fall + spring",0.75,"Partial"
"JF4","Non-Frozen","Storm","2013-6",2013-04-09 17:00:00,2013-04-09 19:00:00,556.4,0.1519,0.84,6.683,0.1257,0.72,0.6,0.46,0.4,0,0.15,0.31,0.48,390,14,609840,0.0109484454939,2013-04-09 12:14:00,4.76666666666667,"Surface","Dairy","Corn-Alfalfa","Cultivated Crops","Cultivated Crops","No",,"NewGlarus silt loam","C","Well drained",5.2,26.5,2013,"Spring",0.95,,,,,,0.95,0.45,0.5,0.55,0.55,0.45,"Previous crop",,"Current fall + spring",0.55,"Partial"
"JF4","Non-Frozen","Storm","2013-7",2013-04-10 04:15:00,2013-04-10 12:00:00,8864,1.41,1.26,6.833,0.1844,1.56,1.08,0.66,0.52,0.86,1.01,1.17,1.34,391,14,609840,0.174419519874065,2013-04-10 01:38:00,2.61666666666667,"Surface","Dairy","Corn-Alfalfa","Cultivated Crops","Cultivated Crops","No",,"NewGlarus silt loam","C","Well drained",5.2,26.5,2013,"Spring",0.95,,,,,,0.95,0.45,0.5,0.55,0.55,0.45,"Previous crop",,"Current fall + spring",0.55,"Partial"
"JF4","Non-Frozen","Storm","2013-8",2013-04-14 20:15:00,2013-04-15 01:30:00,257.1,0.03188,0.43,4.067,0.1057,0.84,0.72,0.4,0.21,0,0,2.36,2.52,392,14,609840,0.0050590318772137,2013-04-14 18:39:00,1.6,"Surface","Dairy","Corn-Alfalfa","Cultivated Crops","Cultivated Crops","No",,"NewGlarus silt loam","C","Well drained",5.2,26.5,2013,"Spring",0.95,,,,,,0.95,0.45,0.5,0.55,0.55,0.45,"Previous crop",,"Current fall + spring",0.55,"Partial"
"JF4","Non-Frozen","Storm","2013-9",2013-04-15 03:45:00,2013-04-15 08:45:00,4503,0.664,0.51,3.333,0.153,0.36,0.3,0.26,0.24,0.43,0.43,2.79,2.95,393,14,609840,0.0886068476977568,2013-04-15 02:08:00,1.61666666666667,"Surface","Dairy","Corn-Alfalfa","Cultivated Crops","Cultivated Crops","No",,"NewGlarus silt loam","C","Well drained",5.2,26.5,2013,"Spring",0.95,,,,,,0.95,0.45,0.5,0.55,0.55,0.45,"Previous crop",,"Current fall + spring",0.55,"Partial"
"JF4","Non-Frozen","Storm","2013-10",2013-05-21 06:00:00,2013-05-21 09:15:00,3959,0.934,1.6,4.533,0.3529,3.48,2.34,1.2,0.86,0.42,0.42,1.45,2.45,394,14,609840,0.0779024006296734,2013-05-21 03:48:00,2.2,"Surface","Dairy","Corn-Alfalfa","Cultivated Crops","Cultivated Crops","No",,"NewGlarus silt loam","C","Well drained",5.2,26.5,2013,"Spring",0.95,,,,,,0.95,0.45,0.5,0.55,0.55,0.45,"Previous crop",,"Current fall + spring",0.55,"Partial"
"JF4","Non-Frozen","Storm","2013-11",2013-05-30 00:15:00,2013-05-30 07:30:00,19280,1.356,1.65,5.233,0.3153,3.72,2.82,1.26,0.76,0,0.06,1.05,4.44,395,14,609840,0.379378197560016,2013-05-29 23:29:00,0.766666666666667,"Surface","Dairy","Corn-Alfalfa","Cultivated Crops","Cultivated Crops","No",,"NewGlarus silt loam","C","Well drained",5.2,26.5,2013,"Spring",0.95,,,,,,0.95,0.45,0.5,0.55,0.55,0.45,"Previous crop",,"Current fall + spring",0.55,"Partial"
"JF4","Non-Frozen","Storm","2013-12",2013-06-06 01:45:00,2013-06-06 07:30:00,3199,0.531,0.43,5.033,0.08543,0.72,0.54,0.42,0.27,0.53,0.98,2.06,3.82,396,14,609840,0.0629476584022039,2013-06-06 00:29:00,1.26666666666667,"Surface","Dairy","Corn-Alfalfa","Cultivated Crops","Cultivated Crops","No",,"NewGlarus silt loam","C","Well drained",5.2,26.5,2013,"Summer",0.95,,,,,,0.95,0.45,0.5,0.55,0.55,0.5,"Current crop",,"Current spring + summer",,
"JF4","Non-Frozen","Storm","2013-13",2013-06-09 20:30:00,2013-06-10 00:15:00,1005,0.1186,0.47,3.567,0.1318,1.8,1.38,0.5,0.3,0.05,0.05,1.48,3.89,397,14,609840,0.019775678866588,2013-06-09 18:42:00,1.8,"Surface","Dairy","Corn-Alfalfa","Cultivated Crops","Cultivated Crops","No",,"NewGlarus silt loam","C","Well drained",5.2,26.5,2013,"Summer",0.95,,,,,,0.95,0.45,0.5,0.55,0.55,0.5,"Current crop",,"Current spring + summer",,
"JF4","Non-Frozen","Storm","2013-14",2013-06-10 02:30:00,2013-06-10 04:00:00,147.6,0.04902,0.09,2.3,0.03913,0.24,0.18,0.1,0.07,0.52,0.52,1.95,4.25,398,14,609840,0.00290436835891381,2013-06-10 00:55:00,1.58333333333333,"Surface","Dairy","Corn-Alfalfa","Cultivated Crops","Cultivated Crops","No",,"NewGlarus silt loam","C","Well drained",5.2,26.5,2013,"Summer",0.95,,,,,,0.95,0.45,0.5,0.55,0.55,0.5,"Current crop",,"Current spring + summer",,
"JF4","Non-Frozen","Storm","2013-15",2013-06-13 02:15:00,2013-06-13 04:30:00,1992,0.71,0.59,5.533,0.1066,1.56,1.44,0.78,0.42,0.2,0.21,1.35,4.09,399,14,609840,0.0391971664698937,,,"Surface","Dairy","Corn-Alfalfa","Cultivated Crops","Cultivated Crops","No",,"NewGlarus silt loam","C","Well drained",5.2,26.5,2013,"Summer",0.95,,,,,,0.95,0.45,0.5,0.55,0.55,0.5,"Current crop",,"Current spring + summer",,
"JF4","Non-Frozen","Storm","2013-16",2013-06-23 01:45:00,2013-06-23 11:00:00,22270,5.06,1.42,8.55,0.1661,2.76,1.56,0.9,0.67,0.4,1.08,1.08,3.13,400,14,609840,0.438213301849665,2013-06-23 01:10:00,0.583333333333333,"Surface","Dairy","Corn-Alfalfa","Cultivated Crops","Cultivated Crops","No",,"NewGlarus silt loam","C","Well drained",5.2,26.5,2013,"Summer",0.95,,,,,,0.95,0.45,0.5,0.55,0.55,0.5,"Current crop",,"Current spring + summer",,
"JF4","Non-Frozen","Storm","2013-17",2013-06-25 08:00:00,2013-06-25 12:30:00,7634,1.45,0.75,5.533,0.1355,1.08,0.9,0.44,0.37,0,0.44,2.5,3.93,401,14,609840,0.15021645021645,2013-06-25 03:55:00,4.08333333333333,"Surface","Dairy","Corn-Alfalfa","Cultivated Crops","Cultivated Crops","No",,"NewGlarus silt loam","C","Well drained",5.2,26.5,2013,"Summer",0.95,,,,,,0.95,0.45,0.5,0.55,0.55,0.5,"Current crop",,"Current spring + summer",,
"JF4","Non-Frozen","Storm","2014-5",2014-04-13 22:45:00,2014-04-14 06:45:00,7502,0.916,1.51,11.55,0.1307,0.48,0.42,0.4,0.36,0.84,1.23,1.23,1.43,406,14,609840,0.147619047619048,2014-04-13 17:22:00,5.38333333333333,"Surface","Dairy","Corn-Alfalfa","Cultivated Crops","Cultivated Crops","No",,"NewGlarus silt loam","C","Well drained",5.2,26.5,2014,"Spring",0.95,,,,,,0.95,0.5,0.65,0.85,0.85,0.5,"Previous crop",,"Current fall + spring",0.85,"Partial"
"JF4","Non-Frozen","Storm","2014-6",2014-04-24 14:30:00,2014-04-25 01:00:00,4411,0.4104,1.17,18.18,0.06434,0.36,0.3,0.22,0.18,0.2,0.2,0.92,3.66,407,14,609840,0.0867965367965368,2014-04-24 04:44:00,9.76666666666667,"Surface","Dairy","Corn-Alfalfa","Cultivated Crops","Cultivated Crops","No",,"NewGlarus silt loam","C","Well drained",5.2,26.5,2014,"Spring",0.95,,,,,,0.95,0.5,0.65,0.85,0.85,0.5,"Previous crop",,"Current fall + spring",0.85,"Partial"
"JF4","Non-Frozen","Storm","2014-7",2014-04-28 13:15:00,2014-04-28 22:00:00,5148,0.5894,0.8,9.95,0.0804,0.48,0.42,0.32,0.19,0.42,0.42,1.8,2.52,408,14,609840,0.101298701298701,2014-04-28 09:07:00,4.13333333333333,"Surface","Dairy","Corn-Alfalfa","Cultivated Crops","Cultivated Crops","No",,"NewGlarus silt loam","C","Well drained",5.2,26.5,2014,"Spring",0.95,,,,,,0.95,0.5,0.65,0.85,0.85,0.5,"Previous crop",,"Current fall + spring",0.85,"Partial"
"JF4","Non-Frozen","Storm","2014-8",2014-04-29 10:00:00,2014-04-29 14:00:00,1551,0.262,0.19,2.95,0.06441,0.24,0.12,0.12,0.1,0.88,1.3,2.68,3.4,409,14,609840,0.0305194805194805,2014-04-29 08:25:00,1.58333333333333,"Surface","Dairy","Corn-Alfalfa","Cultivated Crops","Cultivated Crops","No",,"NewGlarus silt loam","C","Well drained",5.2,26.5,2014,"Spring",0.95,,,,,,0.95,0.5,0.65,0.85,0.85,0.5,"Previous crop",,"Current fall + spring",0.85,"Partial"
"JF4","Non-Frozen","Storm","2014-9",2014-06-01 21:30:00,2014-06-02 01:45:00,8377,1.956,1.89,6.283,0.3008,2.88,2.1,1.26,0.7,0.51,0.51,0.86,1,410,14,609840,0.164836678473042,2014-06-01 17:10:00,4.33333333333333,"Surface","Dairy","Corn-Alfalfa","Cultivated Crops","Cultivated Crops","No",,"NewGlarus silt loam","C","Well drained",5.2,26.5,2014,"Summer",0.95,,,,,,0.95,0.5,0.65,0.85,0.85,0.65,"Current crop",,"Current spring + summer",,
"JF4","Non-Frozen","Storm","2014-10",2014-06-07 18:45:00,2014-06-07 21:00:00,4978,2.38,1.43,2.783,0.5138,5.88,5.04,2.46,1.27,0,0,2.62,2.97,411,14,609840,0.0979535615899252,2014-06-07 18:05:00,0.666666666666667,"Surface","Dairy","Corn-Alfalfa","Cultivated Crops","Cultivated Crops","No",,"NewGlarus silt loam","C","Well drained",5.2,26.5,2014,"Summer",0.95,,,,,,0.95,0.5,0.65,0.85,0.85,0.65,"Current crop",,"Current spring + summer",,
"JF4","Non-Frozen","Storm","2014-11",2014-06-17 02:45:00,2014-06-17 05:15:00,7122,2.475,1.56,3.267,0.4776,4.92,4.5,2.42,1.3,0,0.01,0.01,1.47,412,14,609840,0.140141676505313,2014-06-17 01:51:00,0.9,"Surface","Dairy","Corn-Alfalfa","Cultivated Crops","Cultivated Crops","No",,"NewGlarus silt loam","C","Well drained",5.2,26.5,2014,"Summer",0.95,,,,,,0.95,0.5,0.65,0.85,0.85,0.65,"Current crop",,"Current spring + summer",,
"JF4","Non-Frozen","Storm","2014-12",2014-06-18 11:00:00,2014-06-18 15:15:00,15840,5.426,1.11,2.433,0.4562,5.52,4.62,1.92,0.99,0.03,1.74,1.75,3.21,413,14,609840,0.311688311688312,2014-06-18 11:00:00,0,"Surface","Dairy","Corn-Alfalfa","Cultivated Crops","Cultivated Crops","No",,"NewGlarus silt loam","C","Well drained",5.2,26.5,2014,"Summer",0.95,,,,,,0.95,0.5,0.65,0.85,0.85,0.65,"Current crop",,"Current spring + summer",,
"JF4","Non-Frozen","Storm","2014-13",2014-06-19 06:30:00,2014-06-19 13:15:00,60780,16.62,1.85,6.2,0.2984,3.36,3.12,2.1,1.36,1.14,1.25,2.86,4.31,414,14,609840,1.19598583234947,2014-06-19 06:17:00,0.216666666666667,"Surface","Dairy","Corn-Alfalfa","Cultivated Crops","Cultivated Crops","No",,"NewGlarus silt loam","C","Well drained",5.2,26.5,2014,"Summer",0.95,,,,,,0.95,0.5,0.65,0.85,0.85,0.65,"Current crop",,"Current spring + summer",,
"JF4","Non-Frozen","Storm","2015-3",2015-04-07 23:00:00,2015-04-07 23:30:00,5.5,0.00541,0.29,0.5667,0.5118,2.4,2.04,1.12,0.58,0.02,0.02,0.13,0.2,417,14,609840,0.000108225108225108,2015-04-07 22:53:00,0.116666666666667,"Surface","Dairy","Corn-Alfalfa","Cultivated Crops","Cultivated Crops","No",,"NewGlarus silt loam","C","Well drained",5.2,26.5,2015,"Spring",0.95,,,,,,0.95,0.65,0.65,0.65,0.65,0.65,"Previous crop",,"Current fall + spring",0.65,"Partial"
"JF4","Non-Frozen","Storm","2015-4",2015-04-08 03:00:00,2015-04-08 06:15:00,838,0.153,1.62,5.417,0.2991,2.4,2.04,1.12,0.67,0.02,0.02,0.13,0.2,418,14,609840,0.0164895710350256,2015-04-07 22:53:00,4.11666666666667,"Surface","Dairy","Corn-Alfalfa","Cultivated Crops","Cultivated Crops","No",,"NewGlarus silt loam","C","Well drained",5.2,26.5,2015,"Spring",0.95,,,,,,0.95,0.65,0.65,0.65,0.65,0.65,"Previous crop",,"Current fall + spring",0.65,"Partial"
"JF4","Non-Frozen","Storm","2015-5",2015-04-09 16:00:00,2015-04-09 21:30:00,8599,1.16,0.9,3.183,0.2827,1.2,1.02,0.82,0.49,0.27,1.9,1.92,2.1,419,14,609840,0.169205037386856,2015-04-09 14:23:00,1.61666666666667,"Surface","Dairy","Corn-Alfalfa","Cultivated Crops","Cultivated Crops","No",,"NewGlarus silt loam","C","Well drained",5.2,26.5,2015,"Spring",0.95,,,,,,0.95,0.65,0.65,0.65,0.65,0.65,"Previous crop",,"Current fall + spring",0.65,"Partial"
"JF4","Non-Frozen","Storm","2015-6",2015-04-10 00:45:00,2015-04-10 07:30:00,6754,0.71,0.53,5.067,0.1046,1.92,1.44,0.52,0.29,1.17,2.44,2.82,3,420,14,609840,0.132900432900433,2015-04-09 23:43:00,1.03333333333333,"Surface","Dairy","Corn-Alfalfa","Cultivated Crops","Cultivated Crops","No",,"NewGlarus silt loam","C","Well drained",5.2,26.5,2015,"Spring",0.95,,,,,,0.95,0.65,0.65,0.65,0.65,0.65,"Previous crop",,"Current fall + spring",0.65,"Partial"
"JF4","Non-Frozen","Storm","2015-7",2015-04-10 14:30:00,2015-04-10 18:30:00,1060,0.1597,0,,,,,,,1.41,1.7,3.35,3.53,421,14,609840,0.020857929948839,,,"Surface","Dairy","Corn-Alfalfa","Cultivated Crops","Cultivated Crops","No",,"NewGlarus silt loam","C","Well drained",5.2,26.5,2015,"Spring",0.95,,,,,,0.95,0.65,0.65,0.65,0.65,0.65,"Previous crop",,"Current fall + spring",0.65,"Partial"
"JF4","Non-Frozen","Storm","2015-8",2015-06-12 02:15:00,2015-06-12 06:15:00,1536,0.2194,1.73,15.25,0.1134,1.08,0.72,0.38,0.27,0,0,0.36,1.32,422,14,609840,0.030224321133412,2015-06-11 14:03:00,12.2,"Surface","Dairy","Corn-Alfalfa","Cultivated Crops","Cultivated Crops","No",,"NewGlarus silt loam","C","Well drained",5.2,26.5,2015,"Summer",0.95,,,,,,0.95,0.65,0.65,0.65,0.65,0.65,"Current crop",,"Current spring + summer",,
"JF4","Non-Frozen","Storm","2015-9",2015-07-13 21:45:00,2015-07-13 23:30:00,766,0.3399,1.1,0.9167,1.2,4.44,3.24,2,1.1,0.86,0.86,1.14,1.84,423,14,609840,0.0150728059818969,2015-07-13 21:30:00,0.25,"Surface","Dairy","Corn-Alfalfa","Cultivated Crops","Cultivated Crops","No",,"NewGlarus silt loam","C","Well drained",5.2,26.5,2015,"Summer",0.95,,,,,,0.95,0.65,0.65,0.65,0.65,0.65,"Current crop",,"Current spring + summer",,
"JF4","Non-Frozen","Storm","2016-1",2015-12-13 10:00:00,2015-12-13 13:15:00,758.8,0.1369,1.31,4.683,0.2797,3.6,2.88,1.92,1.65,0,0,0.04,0.55,424,14,609840,0.014931129476584,2015-12-13 07:19:00,2.68333333333333,"Surface","Dairy","Corn-Alfalfa","Cultivated Crops","Cultivated Crops","No",,"NewGlarus silt loam","C","Well drained",5.2,26.5,2016,"Fall",0.95,,,,,,0.95,0.65,0.65,0.65,0.65,0.65,"Previous crop",,"Previous summer + current fall",0.65,"Partial"
"JF4","Non-Frozen","Storm","2016-2",2015-12-13 16:00:00,2015-12-13 20:00:00,3114,0.674,1.92,12.42,0.1546,3.6,2.88,1.92,1.65,0,0,0.04,0.55,425,14,609840,0.0612750885478158,2015-12-13 07:19:00,8.68333333333333,"Surface","Dairy","Corn-Alfalfa","Cultivated Crops","Cultivated Crops","No",,"NewGlarus silt loam","C","Well drained",5.2,26.5,2016,"Fall",0.95,,,,,,0.95,0.65,0.65,0.65,0.65,0.65,"Previous crop",,"Previous summer + current fall",0.65,"Partial"
"JF4","Non-Frozen","Storm","2016-3",2015-12-14,2015-12-14 17:30:00,47150,4.171,4.18,31.12,0.1343,3.6,2.88,1.92,1.65,0,0,0.04,0.55,426,14,609840,0.927784336875246,2015-12-13 07:19:00,16.6833333333333,"Surface","Dairy","Corn-Alfalfa","Cultivated Crops","Cultivated Crops","No",,"NewGlarus silt loam","C","Well drained",5.2,26.5,2016,"Fall",0.95,,,,,,0.95,0.65,0.65,0.65,0.65,0.65,"Previous crop",,"Previous summer + current fall",0.65,"Partial"
"JF4","Non-Frozen","Storm","2016-4",2015-12-24 01:15:00,2015-12-24 04:00:00,1524,0.478,0.7,5.267,0.1329,0.96,0.84,0.56,0.35,0.14,0.15,0.18,4.44,427,14,609840,0.0299881936245573,2015-12-23 21:38:00,3.61666666666667,"Surface","Dairy","Corn-Alfalfa","Cultivated Crops","Cultivated Crops","No",,"NewGlarus silt loam","C","Well drained",5.2,26.5,2016,"Fall",0.95,,,,,,0.95,0.65,0.65,0.65,0.65,0.65,"Previous crop",,"Previous summer + current fall",0.65,"Partial"
"JF4","Non-Frozen","Storm","2016-12",2016-03-16 02:15:00,2016-03-16 07:00:00,5453,1.072,0.6,6.433,0.09326,0.48,0.42,0.32,0.23,0.57,0.6,0.78,0.81,435,14,609840,0.107300275482094,2016-03-16 00:13:00,2.03333333333333,"Surface","Dairy","Corn-Alfalfa","Cultivated Crops","Cultivated Crops","No",,"NewGlarus silt loam","C","Well drained",5.2,26.5,2016,"Spring",0.95,,,,,,0.95,0.65,0.65,0.65,0.65,0.65,"Previous crop",,"Current fall + spring",0.65,"Partial"
"JF4","Non-Frozen","Storm","2016-13",2016-03-26 21:00:00,2016-03-27 00:15:00,410.4,0.09639,0,,,,,,,0,0,0,1.38,436,14,609840,0.00807556080283353,,,"Surface","Dairy","Corn-Alfalfa","Cultivated Crops","Cultivated Crops","No",,"NewGlarus silt loam","C","Well drained",5.2,26.5,2016,"Spring",0.95,,,,,,0.95,0.65,0.65,0.65,0.65,0.65,"Previous crop",,"Current fall + spring",0.65,"Partial"
"JF4","Non-Frozen","Storm","2016-14",2016-03-31 03:00:00,2016-03-31 11:45:00,32010,5.623,1.7,7.767,0.2189,2.4,2.04,1.38,0.91,0.32,0.32,0.35,0.35,437,14,609840,0.62987012987013,2016-03-31 01:44:00,1.26666666666667,"Surface","Dairy","Corn-Alfalfa","Cultivated Crops","Cultivated Crops","No",,"NewGlarus silt loam","C","Well drained",5.2,26.5,2016,"Spring",0.95,,,,,,0.95,0.65,0.65,0.65,0.65,0.65,"Previous crop",,"Current fall + spring",0.65,"Partial"
"JF4","Non-Frozen","Storm","2016-15",2016-06-01 01:15:00,2016-06-01 03:30:00,2266,0.679,1.49,3.6,0.4139,3.24,1.92,1.28,1.07,0.16,0.16,2.82,2.82,438,14,609840,0.0445887445887446,2016-05-31 23:47:00,1.46666666666667,"Surface","Dairy","Corn-Alfalfa","Cultivated Crops","Cultivated Crops","No",,"NewGlarus silt loam","C","Well drained",5.2,26.5,2016,"Summer",0.95,,,,,,0.95,0.65,0.65,0.65,0.65,0.65,"Current crop",,"Current spring + summer",,
"JF4","Non-Frozen","Storm","2016-16",2016-06-13 15:00:00,2016-06-13 17:15:00,82.7,0.03724,0.66,1.3,0.5077,1.68,1.38,1,0.65,0,0.51,2.05,4.2,439,14,609840,0.00162731208185754,2016-06-13 15:00:00,0,"Surface","Dairy","Corn-Alfalfa","Cultivated Crops","Cultivated Crops","No",,"NewGlarus silt loam","C","Well drained",5.2,26.5,2016,"Summer",0.95,,,,,,0.95,0.65,0.65,0.65,0.65,0.65,"Current crop",,"Current spring + summer",,
"JF4","Non-Frozen","Storm","2016-17",2016-06-15 02:15:00,2016-06-15 06:45:00,16910,5.105,1.52,3.767,0.4035,3.96,3.12,1.96,1.14,0.07,0.73,2.75,3.72,440,14,609840,0.332743014561196,2016-06-15 00:59:00,1.26666666666667,"Surface","Dairy","Corn-Alfalfa","Cultivated Crops","Cultivated Crops","No",,"NewGlarus silt loam","C","Well drained",5.2,26.5,2016,"Summer",0.95,,,,,,0.95,0.65,0.65,0.65,0.65,0.65,"Current crop",,"Current spring + summer",,
"JF4","Non-Frozen","Storm","2016-18",2016-08-24 06:30:00,2016-08-24 10:15:00,4314,1.506,1.7,6.467,0.2629,3.84,2.46,1.12,0.73,0,0,1.84,3.27,441,14,609840,0.084887839433294,2016-08-24 03:10:00,3.33333333333333,"Surface","Dairy","Corn-Alfalfa","Cultivated Crops","Cultivated Crops","No",,"NewGlarus silt loam","C","Well drained",5.2,26.5,2016,"Summer",0.95,,,,,,0.95,0.65,0.65,0.65,0.65,0.65,"Current crop",,"Current spring + summer",,
"JF4","Non-Frozen","Storm","2016-19",2016-09-07 09:00:00,2016-09-07 14:45:00,12010,3.765,2.41,13.98,0.1723,6,4.8,2.72,1.46,0.22,0.25,0.25,2.27,442,14,609840,0.236324281778827,2016-09-07 00:19:00,8.68333333333333,"Surface","Dairy","Corn-Alfalfa","Cultivated Crops","Cultivated Crops","No",,"NewGlarus silt loam","C","Well drained",5.2,26.5,2016,"Summer",0.95,,,,,,0.95,0.65,0.65,0.65,0.65,0.65,"Current crop",,"Current spring + summer",,
"JF4","Non-Frozen","Storm","2016-20",2016-09-07 17:15:00,2016-09-07 18:15:00,80.4,0.04839,2.59,16.42,0.1578,6,4.8,2.72,1.46,0.22,0.25,0.25,2.27,443,14,609840,0.00158205430932704,,,"Surface","Dairy","Corn-Alfalfa","Cultivated Crops","Cultivated Crops","No",,"NewGlarus silt loam","C","Well drained",5.2,26.5,2016,"Summer",0.95,,,,,,0.95,0.65,0.65,0.65,0.65,0.65,"Current crop",,"Current spring + summer",,
"JF4","Non-Frozen","Storm","2016-21",2016-09-09 15:00:00,2016-09-09 21:30:00,9462,0.925,1.38,5.767,0.2393,1.32,0.96,0.68,0.59,0,0.29,2.88,3.18,444,14,609840,0.186186540731995,2016-09-09 13:38:00,1.36666666666667,"Surface","Dairy","Corn-Alfalfa","Cultivated Crops","Cultivated Crops","No",,"NewGlarus silt loam","C","Well drained",5.2,26.5,2016,"Summer",0.95,,,,,,0.95,0.65,0.65,0.65,0.65,0.65,"Current crop",,"Current spring + summer",,
"JF4","Non-Frozen","Storm","2016-22",2016-09-10 08:30:00,2016-09-10 12:45:00,3067,0.6542,0.38,5.65,0.06726,0.84,0.48,0.36,0.25,1.41,1.41,4.29,4.46,445,14,609840,0.0603502558048013,2016-09-10 05:53:00,2.61666666666667,"Surface","Dairy","Corn-Alfalfa","Cultivated Crops","Cultivated Crops","No",,"NewGlarus silt loam","C","Well drained",5.2,26.5,2016,"Summer",0.95,,,,,,0.95,0.65,0.65,0.65,0.65,0.65,"Current crop",,"Current spring + summer",,
"JF4","Non-Frozen","Storm","2016-23",2016-09-21 12:15:00,2016-09-21 18:15:00,19070,2.802,1.69,8.583,0.1969,1.68,1.26,0.56,0.51,0.01,0.24,1.22,5.3,446,14,609840,0.375245966155057,2016-09-21 07:50:00,4.41666666666667,"Surface","Dairy","Corn-Alfalfa","Cultivated Crops","Cultivated Crops","No",,"NewGlarus silt loam","C","Well drained",5.2,26.5,2016,"Summer",0.95,,,,,,0.95,0.65,0.65,0.65,0.65,0.65,"Current crop",,"Current spring + summer",,
"JF4","Non-Frozen","Storm","2016-24",2016-09-22 03:15:00,2016-09-22 16:30:00,75950,6.532,3.03,12.02,0.2521,1.44,1.32,1.12,0.82,1.76,1.77,2.98,5.25,447,14,609840,1.49449035812672,2016-09-22 01:24:00,1.85,"Surface","Dairy","Corn-Alfalfa","Cultivated Crops","Cultivated Crops","No",,"NewGlarus silt loam","C","Well drained",5.2,26.5,2016,"Summer",0.95,,,,,,0.95,0.65,0.65,0.65,0.65,0.65,"Current crop",,"Current spring + summer",,
"JF4","Non-Frozen","Storm","2017-1",2016-10-26 09:15:00,2016-10-26 12:15:00,1305,0.2472,1.94,8.45,0.2296,0.6,0.6,0.52,0.45,0.05,0.05,0.05,0.15,448,14,609840,0.0256788665879575,2016-10-26 03:44:00,5.51666666666667,"Surface","Dairy","Corn-Alfalfa","Cultivated Crops","Cultivated Crops","No",,"NewGlarus silt loam","C","Well drained",5.2,26.5,2017,"Fall",0.95,,,,,,0.95,0.65,0.3,0.65,0.65,0.65,"Previous crop",,"Previous summer + current fall",0.65,"Partial"
"JF4","Non-Frozen","Storm","2017-5",2017-02-20 21:45:00,2017-02-21 05:00:00,7462,0.7204,0.65,6.85,0.09489,0.36,0.36,0.24,0.18,0,0,0,0,452,14,609840,0.146831955922865,2017-02-20 20:23:00,1.36666666666667,"Surface","Dairy","Corn-Alfalfa","Cultivated Crops","Cultivated Crops","No",,"NewGlarus silt loam","C","Well drained",5.2,26.5,2017,"Spring",0.95,,,,,,0.95,0.65,0.3,0.65,0.65,0.65,"Previous crop",,"Current fall + spring",0.65,"Partial"
"JF4","Non-Frozen","Storm","2017-6",2017-03-07 03:30:00,2017-03-07 07:15:00,6254,1.328,0.56,1.3,0.4308,2.16,1.62,0.84,0.52,0.01,0.01,0.17,0.21,453,14,609840,0.12306178669815,2017-03-07 03:02:00,0.466666666666667,"Surface","Dairy","Corn-Alfalfa","Cultivated Crops","Cultivated Crops","No",,"NewGlarus silt loam","C","Well drained",5.2,26.5,2017,"Spring",0.95,,,,,,0.95,0.65,0.3,0.65,0.65,0.65,"Previous crop",,"Current fall + spring",0.65,"Partial"
"JF4","Non-Frozen","Storm","2017-7",2017-04-04 08:15:00,2017-04-04 16:45:00,3752,0.2976,0.74,12.85,0.05759,0.24,0.18,0.12,0.11,0.63,0.63,0.81,1.66,454,14,609840,0.0738292011019284,2017-04-04 01:51:00,6.4,"Surface","Dairy","Corn-Alfalfa","Cultivated Crops","Cultivated Crops","No",,"NewGlarus silt loam","C","Well drained",5.2,26.5,2017,"Spring",0.95,,,,,,0.95,0.65,0.3,0.65,0.65,0.65,"Previous crop",,"Current fall + spring",0.65,"Partial"
"JF4","Non-Frozen","Storm","2017-8",2017-04-20 05:00:00,2017-04-20 10:00:00,4749,0.6665,1.22,7.033,0.1735,2.16,1.62,0.98,0.69,0.01,0.01,1.27,1.43,455,14,609840,0.0934474616292798,2017-04-20 02:02:00,2.96666666666667,"Surface","Dairy","Corn-Alfalfa","Cultivated Crops","Cultivated Crops","No",,"NewGlarus silt loam","C","Well drained",5.2,26.5,2017,"Spring",0.95,,,,,,0.95,0.65,0.3,0.65,0.65,0.65,"Previous crop",,"Current fall + spring",0.65,"Partial"
"JF4","Non-Frozen","Storm","2017-9",2017-05-01 13:45:00,2017-05-01 16:15:00,911,0.209,0.39,2.383,0.1636,0.36,0.36,0.3,0.26,0.55,0.55,1.18,2.42,456,14,609840,0.0179260133805588,2017-05-01 11:30:00,2.25,"Surface","Dairy","Corn-Alfalfa","Cultivated Crops","Cultivated Crops","No",,"NewGlarus silt loam","C","Well drained",5.2,26.5,2017,"Spring",0.95,,,,,,0.95,0.65,0.3,0.65,0.65,0.65,"Previous crop",,"Current fall + spring",0.65,"Partial"
"JF4","Non-Frozen","Storm","2017-10",2017-05-16 06:15:00,2017-05-16 10:15:00,9056,1.506,2.03,4.9,0.4143,3.6,3.12,2,1.42,0.07,0.07,0.35,0.65,457,14,609840,0.178197560015742,2017-05-16 05:18:00,0.95,"Surface","Dairy","Corn-Alfalfa","Cultivated Crops","Cultivated Crops","No",,"NewGlarus silt loam","C","Well drained",5.2,26.5,2017,"Spring",0.95,,,,,,0.95,0.65,0.3,0.65,0.65,0.65,"Previous crop",,"Current fall + spring",0.65,"Partial"
"JF4","Non-Frozen","Storm","2017-11",2017-05-17 22:45:00,2017-05-18 04:30:00,8656,2.43,0.95,4.967,0.1913,4.8,3.78,1.52,0.76,0.08,2.14,2.26,2.78,458,14,609840,0.170326643053916,2017-05-17 21:04:00,1.68333333333333,"Surface","Dairy","Corn-Alfalfa","Cultivated Crops","Cultivated Crops","No",,"NewGlarus silt loam","C","Well drained",5.2,26.5,2017,"Spring",0.95,,,,,,0.95,0.65,0.3,0.65,0.65,0.65,"Previous crop",,"Current fall + spring",0.65,"Partial"
"JF4","Non-Frozen","Storm","2017-12",2017-05-20 20:15:00,2017-05-20 21:30:00,40.9,0.0179,0.54,6.117,0.08828,0.36,0.3,0.2,0.16,0.03,0.03,3.24,3.79,459,14,609840,0.000804801259346714,2017-05-20 14:16:00,5.98333333333333,"Surface","Dairy","Corn-Alfalfa","Cultivated Crops","Cultivated Crops","No",,"NewGlarus silt loam","C","Well drained",5.2,26.5,2017,"Spring",0.95,,,,,,0.95,0.65,0.3,0.65,0.65,0.65,"Previous crop",,"Current fall + spring",0.65,"Partial"
"JF4","Non-Frozen","Storm","2017-13",2017-06-23 02:15:00,2017-06-23 07:15:00,2672,0.8292,0.8,14.67,0.05455,1.56,1.2,0.56,0.29,0.72,0.72,2.19,3.54,460,14,609840,0.052577725304998,2017-06-22 15:55:00,10.3333333333333,"Surface","Dairy","Corn-Alfalfa","Cultivated Crops","Cultivated Crops","No",,"NewGlarus silt loam","C","Well drained",5.2,26.5,2017,"Summer",0.95,,,,,,0.95,0.65,0.3,0.65,0.65,0.3,"Current crop",,"Current spring + summer",,
"JF4","Non-Frozen","Storm","2017-14",2017-07-12 08:15:00,2017-07-12 14:00:00,36410,11.48,2.97,5.817,0.5106,5.64,4.5,2.06,1.04,0,0.66,1.18,2.25,461,14,609840,0.716450216450216,2017-07-12 05:45:00,2.5,"Surface","Dairy","Corn-Alfalfa","Cultivated Crops","Cultivated Crops","No",,"NewGlarus silt loam","C","Well drained",5.2,26.5,2017,"Summer",0.95,,,,,,0.95,0.65,0.3,0.65,0.65,0.3,"Current crop",,"Current spring + summer",,
"JF4","Non-Frozen","Storm","2017-15",2017-07-20 05:00:00,2017-07-20 12:15:00,137300,30.27,5.09,6.5,0.7831,6.12,5.16,3.22,2.33,0.97,0.98,1.27,5.22,462,14,609840,2.70169224714679,2017-07-20 03:15:00,1.75,"Surface","Dairy","Corn-Alfalfa","Cultivated Crops","Cultivated Crops","No",,"NewGlarus silt loam","C","Well drained",5.2,26.5,2017,"Summer",0.95,,,,,,0.95,0.65,0.3,0.65,0.65,0.3,"Current crop",,"Current spring + summer",,
"JF4","Non-Frozen","Storm","2017-16",2017-07-21 21:15:00,2017-07-22 05:45:00,20200,8.481,1.52,10.62,0.1432,3.6,3.3,1.72,0.89,0,6.06,6.36,10.31,463,14,609840,0.397481306572216,2017-07-21 15:43:00,5.53333333333333,"Surface","Dairy","Corn-Alfalfa","Cultivated Crops","Cultivated Crops","No",,"NewGlarus silt loam","C","Well drained",5.2,26.5,2017,"Summer",0.95,,,,,,0.95,0.65,0.3,0.65,0.65,0.3,"Current crop",,"Current spring + summer",,
"JF5","Non-Frozen","Storm","2011-1",2010-11-13 13:30:00,2010-11-13 19:00:00,139,0.06092,0.93,14.93,0.06228,0.36,0.3,0.24,0.21,0.13,0.14,0.14,0.14,464,33.4,1454904,0.00114646739578694,2010-11-13 03:57:00,9.55,"Surface","Dairy","Corn-Alfalfa","Cultivated Crops","Cultivated Crops","No",,"Brinkman silt loam","B","Moderately well drained",6.3,22.5,2011,"Fall",0.75,0.25,0,0.25,0,,0.75,0.5,0.5,0.5,0.5,0.5,"Previous crop",,"Previous summer + current fall",0.5,"Partial"
"JF5","Non-Frozen","Storm","2011-2",2010-11-22 17:00:00,2010-11-22 18:45:00,24.5,0.02623,0.22,2.217,0.09925,1.44,0.96,0.42,0.21,0.03,0.03,0.06,1.2,465,33.4,1454904,0.000202075188466043,2010-11-22 16:09:00,0.85,"Surface","Dairy","Corn-Alfalfa","Cultivated Crops","Cultivated Crops","No",,"Brinkman silt loam","B","Moderately well drained",6.3,22.5,2011,"Fall",0.75,0.25,0,0.25,0,,0.75,0.5,0.5,0.5,0.5,0.5,"Previous crop",,"Previous summer + current fall",0.5,"Partial"
"JF5","Non-Frozen","Storm","2011-10",2011-03-22 09:45:00,2011-03-23 09:30:00,46180,4.314,1.64,18.72,0.08762,1.2,0.78,0.42,0.28,0,0.86,0.89,0.89,473,33.4,1454904,0.380891110341301,2011-03-22 08:03:00,1.7,"Surface","Dairy","Corn-Alfalfa","Cultivated Crops","Cultivated Crops","No",,"Brinkman silt loam","B","Moderately well drained",6.3,22.5,2011,"Spring",0.75,0.25,0,0.25,0,,0.75,0.5,0.5,0.5,0.5,0.5,"Previous crop",0.25,"Current fall + spring",0.5,"Partial"
"JF5","Non-Frozen","Storm","2011-12",2011-04-26 12:15:00,2011-04-26 17:00:00,2036,0.2785,1.2,13.28,0.09034,0.48,0.42,0.3,0.29,0,0,0.47,1.11,475,33.4,1454904,0.016792860559872,2011-04-26 03:35:00,8.66666666666667,"Surface","Dairy","Corn-Alfalfa","Cultivated Crops","Cultivated Crops","No",,"Brinkman silt loam","B","Moderately well drained",6.3,22.5,2011,"Spring",0.75,0.25,0,0.25,0,,0.75,0.5,0.5,0.5,0.5,0.5,"Previous crop",0.25,"Current fall + spring",0.5,"Partial"
"JF5","Non-Frozen","Storm","2011-13",2011-05-09 16:15:00,2011-05-09 17:30:00,79.2,0.0465,1.06,1.783,0.5944,3,2.4,1.28,0.86,0,0,0,1.33,476,33.4,1454904,0.00065323897659227,2011-05-09 15:21:00,0.9,"Surface","Dairy","Corn-Alfalfa","Cultivated Crops","Cultivated Crops","No",,"Brinkman silt loam","B","Moderately well drained",6.3,22.5,2011,"Spring",0.75,0.25,0,0.25,0,,0.75,0.5,0.5,0.5,0.5,0.5,"Previous crop",0.25,"Current fall + spring",0.5,"Partial"
"JF5","Non-Frozen","Storm","2011-14",2011-06-21 10:15:00,2011-06-21 11:15:00,562.9,0.5574,0.49,0.5333,0.9188,1.68,1.44,0.96,0.49,0.09,0.1,2.73,3.54,477,33.4,1454904,0.00464278055459329,,,"Surface","Dairy","Corn-Alfalfa","Cultivated Crops","Cultivated Crops","No",,"Brinkman silt loam","B","Moderately well drained",6.3,22.5,2011,"Summer",0.75,0.25,0,0.25,0,,0.75,0.5,0.5,0.5,0.5,0.5,"Current crop",0.25,"Current spring + summer",,
"JF5","Non-Frozen","Storm","2011-15",2011-07-11 07:30:00,2011-07-11 08:45:00,2376,2.15,0.88,0.45,1.956,4.32,3.42,1.76,0.88,0.98,0.98,0.98,0.99,478,33.4,1454904,0.0195971692977681,2011-07-11 07:29:00,0.0166666666666667,"Surface","Dairy","Corn-Alfalfa","Cultivated Crops","Cultivated Crops","No",,"Brinkman silt loam","B","Moderately well drained",6.3,22.5,2011,"Summer",0.75,0.25,0,0.25,0,,0.75,0.5,0.5,0.5,0.5,0.5,"Current crop",0.25,"Current spring + summer",,
"JF5","Non-Frozen","Storm","2011-16",2011-09-02 12:45:00,2011-09-02 14:00:00,1049,0.6302,1.15,1.167,0.9857,6,4.56,2.2,1.13,0,0,0.33,0.64,479,33.4,1454904,0.00865211725309711,2011-09-02 12:38:00,0.116666666666667,"Surface","Dairy","Corn-Alfalfa","Cultivated Crops","Cultivated Crops","No",,"Brinkman silt loam","B","Moderately well drained",6.3,22.5,2011,"Summer",0.75,0.25,0,0.25,0,,0.75,0.5,0.5,0.5,0.5,0.5,"Current crop",0.25,"Current spring + summer",,
"JF5","Non-Frozen","Storm","2012-14",2012-04-20 02:15:00,2012-04-20 03:30:00,328.3,0.1897,1.51,10.4,0.1452,0.6,0.48,0.32,0.24,0,0.08,2,2.01,493,33.4,1454904,0.00270780752544498,2012-04-19 16:58:00,9.28333333333333,"Surface","Dairy","Corn-Alfalfa","Cultivated Crops","Cultivated Crops","No",,"Brinkman silt loam","B","Moderately well drained",6.3,22.5,2012,"Spring",0.75,0.25,0,0.25,0,0,0.75,0.5,0.75,0.5,0.5,0.5,"Previous crop",0.25,"Current fall + spring",0.5,"Partial"
"JF5","Non-Frozen","Storm","2012-15",2012-05-03 06:00:00,2012-05-03 09:00:00,1080,0.5942,0.73,5.417,0.1348,2.76,1.56,0.56,0.29,0.44,0.44,1.07,2.93,494,33.4,1454904,0.00890780422625823,2012-05-03 02:07:00,3.88333333333333,"Surface","Dairy","Corn-Alfalfa","Cultivated Crops","Cultivated Crops","No",,"Brinkman silt loam","B","Moderately well drained",6.3,22.5,2012,"Spring",0.75,0.25,0,0.25,0,0,0.75,0.5,0.75,0.5,0.5,0.5,"Previous crop",0.25,"Current fall + spring",0.5,"Partial"
"JF5","Non-Frozen","Storm","2012-16",2012-05-03 13:00:00,2012-05-03 15:15:00,10620,5.883,0.49,4.217,0.1162,2.88,1.92,0.84,0.44,0.73,1.17,1.8,3.66,495,33.4,1454904,0.0875934082248726,,,"Surface","Dairy","Corn-Alfalfa","Cultivated Crops","Cultivated Crops","No",,"Brinkman silt loam","B","Moderately well drained",6.3,22.5,2012,"Spring",0.75,0.25,0,0.25,0,0,0.75,0.5,0.75,0.5,0.5,0.5,"Previous crop",0.25,"Current fall + spring",0.5,"Partial"
"JF5","Non-Frozen","Storm","2013-6",2013-04-09 16:00:00,2013-04-09 19:30:00,3636,0.832,0.85,7.217,0.1178,0.72,0.6,0.46,0.4,0,0.15,0.31,0.48,501,33.4,1454904,0.029989607561736,2013-04-09 12:14:00,3.76666666666667,"Surface","Dairy","Corn-Alfalfa","Cultivated Crops","Cultivated Crops","No",,"Brinkman silt loam","B","Moderately well drained",6.3,22.5,2013,"Spring",0.75,0.5,0,0.5,0,0,0.75,0.75,0.25,0.75,0.75,0.75,"Previous crop",0.5,"Current fall + spring",0.75,"Partial"
"JF5","Non-Frozen","Storm","2013-7",2013-04-10 02:15:00,2013-04-10 12:45:00,38880,7.583,1.26,6.833,0.1844,1.56,1.08,0.66,0.52,0.86,1.01,1.17,1.34,502,33.4,1454904,0.320680952145296,2013-04-10 01:38:00,0.616666666666667,"Surface","Dairy","Corn-Alfalfa","Cultivated Crops","Cultivated Crops","No",,"Brinkman silt loam","B","Moderately well drained",6.3,22.5,2013,"Spring",0.75,0.5,0,0.5,0,0,0.75,0.75,0.25,0.75,0.75,0.75,"Previous crop",0.5,"Current fall + spring",0.75,"Partial"
"JF5","Non-Frozen","Storm","2013-8",2013-04-14 13:45:00,2013-04-15 08:30:00,14740,1.89,0.94,10.82,0.0869,0.84,0.72,0.4,0.24,0,0,2.36,2.52,503,33.4,1454904,0.121575031754672,,,"Surface","Dairy","Corn-Alfalfa","Cultivated Crops","Cultivated Crops","No",,"Brinkman silt loam","B","Moderately well drained",6.3,22.5,2013,"Spring",0.75,0.5,0,0.5,0,0,0.75,0.75,0.25,0.75,0.75,0.75,"Previous crop",0.5,"Current fall + spring",0.75,"Partial"
"JF5","Non-Frozen","Storm","2013-9",2013-05-21 06:00:00,2013-05-21 07:30:00,1719,0.7022,1.58,3.55,0.4451,3.48,2.34,1.2,0.86,0.42,0.42,1.45,2.45,504,33.4,1454904,0.0141782550601277,2013-05-21 03:48:00,2.2,"Surface","Dairy","Corn-Alfalfa","Cultivated Crops","Cultivated Crops","No",,"Brinkman silt loam","B","Moderately well drained",6.3,22.5,2013,"Spring",0.75,0.5,0,0.5,0,0,0.75,0.75,0.25,0.75,0.75,0.75,"Previous crop",0.5,"Current fall + spring",0.75,"Partial"
"JF5","Non-Frozen","Storm","2013-10",2013-05-29 23:45:00,2013-05-30 06:15:00,9906,1.222,1.65,5.233,0.3153,3.72,2.82,1.26,0.76,0,0.06,1.05,4.44,505,33.4,1454904,0.0817043598752907,2013-05-29 23:29:00,0.266666666666667,"Surface","Dairy","Corn-Alfalfa","Cultivated Crops","Cultivated Crops","No",,"Brinkman silt loam","B","Moderately well drained",6.3,22.5,2013,"Spring",0.75,0.5,0,0.5,0,0,0.75,0.75,0.25,0.75,0.75,0.75,"Previous crop",0.5,"Current fall + spring",0.75,"Partial"
"JF5","Non-Frozen","Storm","2013-11",2013-06-13 02:00:00,2013-06-13 04:15:00,4121,2.638,0.59,5.533,0.1066,1.56,1.44,0.78,0.42,0.2,0.21,1.35,4.09,506,33.4,1454904,0.0339898714966761,2013-06-12 20:35:00,5.41666666666667,"Surface","Dairy","Corn-Alfalfa","Cultivated Crops","Cultivated Crops","No",,"Brinkman silt loam","B","Moderately well drained",6.3,22.5,2013,"Summer",0.75,0.5,0,0.5,0,0,0.75,0.75,0.25,0.75,0.75,0.25,"Current crop",0.5,"Current spring + summer",,
"JF5","Non-Frozen","Storm","2013-12",2013-06-23 02:30:00,2013-06-23 10:30:00,25170,7.583,1.42,8.55,0.1661,2.76,1.56,0.9,0.67,0.4,1.08,1.08,3.13,507,33.4,1454904,0.207601326273074,2013-06-23 01:10:00,1.33333333333333,"Surface","Dairy","Corn-Alfalfa","Cultivated Crops","Cultivated Crops","No",,"Brinkman silt loam","B","Moderately well drained",6.3,22.5,2013,"Summer",0.75,0.5,0,0.5,0,0,0.75,0.75,0.25,0.75,0.75,0.25,"Current crop",0.5,"Current spring + summer",,
"JF5","Non-Frozen","Storm","2013-13",2013-06-25 08:00:00,2013-06-25 11:30:00,5038,1.99,0.75,5.533,0.1355,1.08,0.9,0.44,0.37,0,0.44,2.5,3.93,508,33.4,1454904,0.0415532571221194,2013-06-25 03:55:00,4.08333333333333,"Surface","Dairy","Corn-Alfalfa","Cultivated Crops","Cultivated Crops","No",,"Brinkman silt loam","B","Moderately well drained",6.3,22.5,2013,"Summer",0.75,0.5,0,0.5,0,0,0.75,0.75,0.25,0.75,0.75,0.25,"Current crop",0.5,"Current spring + summer",,
"JF5","Non-Frozen","Storm","2014-1",2013-10-03 20:30:00,2013-10-03 21:45:00,3014,2.42,1.11,2.083,0.5328,4.8,3.9,1.76,0.97,0.17,0.17,0.53,0.71,509,33.4,1454904,0.0248593721647614,2013-10-03 19:13:00,1.28333333333333,"Surface","Dairy","Corn-Alfalfa","Cultivated Crops","Cultivated Crops","No",,"Brinkman silt loam","B","Moderately well drained",6.3,22.5,2014,"Fall",0.75,0.5,0,0.5,0,0,0.75,0.25,0.25,0.25,0.25,0.25,"Previous crop",0,"Previous summer + current fall",0.25,"Partial"
"JF5","Non-Frozen","Storm","2014-2",2013-10-05 07:30:00,2013-10-05 09:45:00,81240,59.76,1.68,3.083,0.5449,4.08,3.6,2.9,1.57,0.1,1.39,1.75,1.75,510,33.4,1454904,0.670064829019647,2013-10-05 05:52:00,1.63333333333333,"Surface","Dairy","Corn-Alfalfa","Cultivated Crops","Cultivated Crops","No",,"Brinkman silt loam","B","Moderately well drained",6.3,22.5,2014,"Fall",0.75,0.5,0,0.5,0,0,0.75,0.25,0.25,0.25,0.25,0.25,"Previous crop",0,"Previous summer + current fall",0.25,"Partial"
"JF5","Non-Frozen","Storm","2014-8",2014-04-13 22:30:00,2014-04-14 04:30:00,5337,0.8012,1.5,11.1,0.1351,0.48,0.42,0.4,0.36,0.84,1.23,1.23,1.43,516,33.4,1454904,0.0440193992180927,2014-04-13 17:22:00,5.13333333333333,"Surface","Dairy","Corn-Alfalfa","Cultivated Crops","Cultivated Crops","No",,"Brinkman silt loam","B","Moderately well drained",6.3,22.5,2014,"Spring",0.75,0.5,0,0.5,0,0,0.75,0.25,0.25,0.25,0.25,0.25,"Previous crop",0.5,"Current fall + spring",0.25,"Partial"
"JF5","Non-Frozen","Storm","2014-9",2014-06-01 18:00:00,2014-06-02 01:15:00,32720,14.9,1.89,6.283,0.3008,2.88,2.1,1.26,0.7,0.51,0.51,0.86,1,517,33.4,1454904,0.26987347618812,2014-06-01 17:10:00,0.833333333333333,"Surface","Dairy","Corn-Alfalfa","Cultivated Crops","Cultivated Crops","No",,"Brinkman silt loam","B","Moderately well drained",6.3,22.5,2014,"Summer",0.75,0.5,0,0.5,0,0,0.75,0.25,0.25,0.25,0.25,0.25,"Current crop",0.5,"Current spring + summer",,
"JF5","Non-Frozen","Storm","2014-10",2014-06-07 18:30:00,2014-06-07 20:30:00,45820,34.6,1.41,2.367,0.5958,5.88,5.04,2.46,1.27,0,0,2.62,2.97,518,33.4,1454904,0.377921842265881,2014-06-07 18:05:00,0.416666666666667,"Surface","Dairy","Corn-Alfalfa","Cultivated Crops","Cultivated Crops","No",,"Brinkman silt loam","B","Moderately well drained",6.3,22.5,2014,"Summer",0.75,0.5,0,0.5,0,0,0.75,0.25,0.25,0.25,0.25,0.25,"Current crop",0.5,"Current spring + summer",,
"JF5","Non-Frozen","Storm","2014-11",2014-06-17 02:45:00,2014-06-17 04:30:00,42600,27.14,1.51,2.583,0.5845,4.92,4.5,2.42,1.3,0,0.01,0.01,1.47,519,33.4,1454904,0.35136338892463,2014-06-17 01:51:00,0.9,"Surface","Dairy","Corn-Alfalfa","Cultivated Crops","Cultivated Crops","No",,"Brinkman silt loam","B","Moderately well drained",6.3,22.5,2014,"Summer",0.75,0.5,0,0.5,0,0,0.75,0.25,0.25,0.25,0.25,0.25,"Current crop",0.5,"Current spring + summer",,
"JF5","Non-Frozen","Storm","2014-12",2014-06-18 11:00:00,2014-06-18 13:00:00,39230,23.47,1.07,1.967,0.5441,5.52,4.62,1.92,0.99,0.03,1.74,1.75,3.21,520,33.4,1454904,0.323567740551954,2014-06-18 11:00:00,0,"Surface","Dairy","Corn-Alfalfa","Cultivated Crops","Cultivated Crops","No",,"Brinkman silt loam","B","Moderately well drained",6.3,22.5,2014,"Summer",0.75,0.5,0,0.5,0,0,0.75,0.25,0.25,0.25,0.25,0.25,"Current crop",0.5,"Current spring + summer",,
"JF5","Non-Frozen","Storm","2014-13",2014-06-19 06:15:00,2014-06-19 12:15:00,76160,31.58,1.84,4.317,0.4263,3.36,3.12,2.1,1.36,1.14,1.25,2.86,4.31,521,33.4,1454904,0.628165157288728,,,"Surface","Dairy","Corn-Alfalfa","Cultivated Crops","Cultivated Crops","No",,"Brinkman silt loam","B","Moderately well drained",6.3,22.5,2014,"Summer",0.75,0.5,0,0.5,0,0,0.75,0.25,0.25,0.25,0.25,0.25,"Current crop",0.5,"Current spring + summer",,
"JF5","Non-Frozen","Storm","2014-14",2014-08-25 09:45:00,2014-08-25 12:30:00,2569,2.856,1.27,2.6,0.4885,3.12,2.52,1.62,0.89,0,0.02,0.97,1.11,522,33.4,1454904,0.021189026904868,2014-08-25 08:04:00,1.68333333333333,"Surface","Dairy","Corn-Alfalfa","Cultivated Crops","Cultivated Crops","No",,"Brinkman silt loam","B","Moderately well drained",6.3,22.5,2014,"Summer",0.75,0.5,0,0.5,0,0,0.75,0.25,0.25,0.25,0.25,0.25,"Current crop",0.5,"Current spring + summer",,
"JF5","Non-Frozen","Storm","2015-1",2014-10-14 19:00:00,2014-10-14 23:30:00,560.1,0.1036,2.19,27.17,0.08061,0.48,0.42,0.3,0.25,0.06,0.06,0.06,0.89,523,33.4,1454904,0.00461968624734003,2014-10-13 19:24:00,23.6,"Surface","Dairy","Corn-Alfalfa","Cultivated Crops","Cultivated Crops","No",,"Brinkman silt loam","B","Moderately well drained",6.3,22.5,2015,"Fall",0.75,0.75,0,0.75,0,0,0.75,0.25,0.5,0.25,0.25,0.25,"Previous crop",0,"Previous summer + current fall",0.25,"Partial"
"JF5","Non-Frozen","Storm","2015-4",2015-04-08 01:45:00,2015-04-08 05:30:00,229.5,0.04004,1.62,5.417,0.2991,1.2,1.02,0.56,0.48,0.02,0.02,0.13,0.2,526,33.4,1454904,0.00189290839807987,2015-04-07 22:53:00,2.86666666666667,"Surface","Dairy","Corn-Alfalfa","Cultivated Crops","Cultivated Crops","No",,"Brinkman silt loam","B","Moderately well drained",6.3,22.5,2015,"Spring",0.75,0.75,0,0.75,0,0,0.75,0.25,0.5,0.25,0.25,0.25,"Previous crop",0.75,"Current fall + spring",0.25,"Partial"
"JF5","Non-Frozen","Storm","2015-5",2015-04-09 15:30:00,2015-04-09 20:45:00,8281,1.304,0.9,3.183,0.2827,1.2,1.02,0.82,0.49,0.27,1.9,1.92,2.1,527,33.4,1454904,0.0683014137015226,2015-04-09 14:23:00,1.11666666666667,"Surface","Dairy","Corn-Alfalfa","Cultivated Crops","Cultivated Crops","No",,"Brinkman silt loam","B","Moderately well drained",6.3,22.5,2015,"Spring",0.75,0.75,0,0.75,0,0,0.75,0.25,0.5,0.25,0.25,0.25,"Previous crop",0.75,"Current fall + spring",0.25,"Partial"
"JF5","Non-Frozen","Storm","2015-6",2015-04-10 00:30:00,2015-04-10 07:15:00,9612,1.386,0.53,5.067,0.1046,1.92,1.44,0.52,0.29,1.17,2.44,2.82,3,528,33.4,1454904,0.0792794576136982,2015-04-09 23:43:00,0.783333333333333,"Surface","Dairy","Corn-Alfalfa","Cultivated Crops","Cultivated Crops","No",,"Brinkman silt loam","B","Moderately well drained",6.3,22.5,2015,"Spring",0.75,0.75,0,0.75,0,0,0.75,0.25,0.5,0.25,0.25,0.25,"Previous crop",0.75,"Current fall + spring",0.25,"Partial"
"JF5","Non-Frozen","Storm","2015-7",2015-04-10 14:45:00,2015-04-10 17:15:00,559.6,0.1306,0,,,,,,,1.37,1.7,3.35,3.53,529,33.4,1454904,0.00461556226390195,,,"Surface","Dairy","Corn-Alfalfa","Cultivated Crops","Cultivated Crops","No",,"Brinkman silt loam","B","Moderately well drained",6.3,22.5,2015,"Spring",0.75,0.75,0,0.75,0,0,0.75,0.25,0.5,0.25,0.25,0.25,"Previous crop",0.75,"Current fall + spring",0.25,"Partial"
"JF5","Non-Frozen","Storm","2015-8",2015-07-13 21:45:00,2015-07-13 22:45:00,853,0.6398,1.1,0.9167,1.2,4.44,3.24,2,1.1,0.86,0.86,1.14,1.84,530,33.4,1454904,0.00703551574536877,2015-07-13 21:30:00,0.25,"Surface","Dairy","Corn-Alfalfa","Cultivated Crops","Cultivated Crops","No",,"Brinkman silt loam","B","Moderately well drained",6.3,22.5,2015,"Summer",0.75,0.75,0,0.75,0,0,0.75,0.25,0.5,0.25,0.25,0.5,"Current crop",0.75,"Current spring + summer",,
"JF5","Non-Frozen","Storm","2015-9",2015-07-18 09:00:00,2015-07-18 10:00:00,298,0.3365,0.94,0.8333,1.128,2.52,2.22,1.78,0.94,0,0.07,2.03,2.79,531,33.4,1454904,0.00245789412909718,2015-07-18 08:54:00,0.1,"Surface","Dairy","Corn-Alfalfa","Cultivated Crops","Cultivated Crops","No",,"Brinkman silt loam","B","Moderately well drained",6.3,22.5,2015,"Summer",0.75,0.75,0,0.75,0,0,0.75,0.25,0.5,0.25,0.25,0.5,"Current crop",0.75,"Current spring + summer",,
"JF5","Non-Frozen","Storm","2016-1",2015-12-13 10:30:00,2015-12-13 12:45:00,856.3,0.2194,1.31,4.683,0.2797,3.6,2.88,1.92,1.65,0,0,0.04,0.55,532,33.4,1454904,0.00706273403606011,2015-12-13 07:19:00,3.18333333333333,"Surface","Dairy","Corn-Alfalfa","Cultivated Crops","Cultivated Crops","No",,"Brinkman silt loam","B","Moderately well drained",6.3,22.5,2016,"Fall",0.75,0.25,0,0.25,0,0,0.75,0.5,0.5,0.5,0.5,0.5,"Previous crop",0,"Previous summer + current fall",0.5,"Partial"
"JF5","Non-Frozen","Storm","2016-2",2015-12-13 16:00:00,2015-12-13 19:30:00,7231,2.38,1.9,12.13,0.1566,3.6,2.88,1.92,1.65,0,0,0.04,0.55,533,33.4,1454904,0.0596410484815493,2015-12-13 07:19:00,8.68333333333333,"Surface","Dairy","Corn-Alfalfa","Cultivated Crops","Cultivated Crops","No",,"Brinkman silt loam","B","Moderately well drained",6.3,22.5,2016,"Fall",0.75,0.25,0,0.25,0,0,0.75,0.5,0.5,0.5,0.5,0.5,"Previous crop",0,"Previous summer + current fall",0.5,"Partial"
"JF5","Non-Frozen","Storm","2016-3",2015-12-14 01:00:00,2015-12-14 17:45:00,111700,12.26,4.18,31.12,0.1343,3.6,2.88,1.92,1.65,0,0,0.04,0.55,534,33.4,1454904,0.921297900067633,2015-12-13 07:19:00,17.6833333333333,"Surface","Dairy","Corn-Alfalfa","Cultivated Crops","Cultivated Crops","No",,"Brinkman silt loam","B","Moderately well drained",6.3,22.5,2016,"Fall",0.75,0.25,0,0.25,0,0,0.75,0.5,0.5,0.5,0.5,0.5,"Previous crop",0,"Previous summer + current fall",0.5,"Partial"
"JF5","Non-Frozen","Storm","2016-4",2015-12-24 01:30:00,2015-12-24 03:30:00,3348,1.72,0.7,5.267,0.1329,0.96,0.84,0.56,0.35,0.14,0.15,0.18,4.44,535,33.4,1454904,0.0276141931014005,2015-12-23 21:38:00,3.86666666666667,"Surface","Dairy","Corn-Alfalfa","Cultivated Crops","Cultivated Crops","No",,"Brinkman silt loam","B","Moderately well drained",6.3,22.5,2016,"Fall",0.75,0.25,0,0.25,0,0,0.75,0.5,0.5,0.5,0.5,0.5,"Previous crop",0,"Previous summer + current fall",0.5,"Partial"
"JF5","Non-Frozen","Storm","2016-13",2016-03-16 02:30:00,2016-03-16 05:45:00,4534,1.404,0.58,4.75,0.1221,0.48,0.42,0.32,0.23,0.57,0.6,0.78,0.81,544,33.4,1454904,0.0373962818165322,2016-03-16 00:13:00,2.28333333333333,"Surface","Dairy","Corn-Alfalfa","Cultivated Crops","Cultivated Crops","No",,"Brinkman silt loam","B","Moderately well drained",6.3,22.5,2016,"Spring",0.75,0.25,0,0.25,0,0,0.75,0.5,0.5,0.5,0.5,0.5,"Previous crop",0.25,"Current fall + spring",0.5,"Partial"
"JF5","Non-Frozen","Storm","2016-14",2016-03-31 03:00:00,2016-03-31 11:30:00,60810,13.64,1.7,7.767,0.2189,2.4,2.04,1.38,0.91,0.32,0.32,0.35,0.35,545,33.4,1454904,0.501558865739595,2016-03-31 01:44:00,1.26666666666667,"Surface","Dairy","Corn-Alfalfa","Cultivated Crops","Cultivated Crops","No",,"Brinkman silt loam","B","Moderately well drained",6.3,22.5,2016,"Spring",0.75,0.25,0,0.25,0,0,0.75,0.5,0.5,0.5,0.5,0.5,"Previous crop",0.25,"Current fall + spring",0.5,"Partial"
"JF5","Non-Frozen","Storm","2016-15",2016-05-26 11:00:00,2016-05-26 12:30:00,467.6,0.2038,1.73,1.867,0.9268,4.8,3.96,2.5,1.59,0.05,0.05,0.05,0.6,546,33.4,1454904,0.00385674931129477,2016-05-26 10:21:00,0.65,"Surface","Dairy","Corn-Alfalfa","Cultivated Crops","Cultivated Crops","No",,"Brinkman silt loam","B","Moderately well drained",6.3,22.5,2016,"Spring",0.75,0.25,0,0.25,0,0,0.75,0.5,0.5,0.5,0.5,0.5,"Previous crop",0.25,"Current fall + spring",0.5,"Partial"
"JF5","Non-Frozen","Storm","2016-16",2016-06-01 00:45:00,2016-06-01 03:30:00,8521,3.646,1.49,3.6,0.4139,3.24,1.92,1.28,1.07,0.16,0.16,2.82,2.82,547,33.4,1454904,0.0702809257518022,2016-05-31 23:47:00,0.966666666666667,"Surface","Dairy","Corn-Alfalfa","Cultivated Crops","Cultivated Crops","No",,"Brinkman silt loam","B","Moderately well drained",6.3,22.5,2016,"Summer",0.75,0.25,0,0.25,0,0,0.75,0.5,0.5,0.5,0.5,0.5,"Current crop",0.25,"Current spring + summer",,
"JF5","Non-Frozen","Storm","2016-17",2016-06-11 00:30:00,2016-06-11 02:00:00,1113,0.9588,1.04,1.783,0.5832,3.6,2.76,1.62,1.02,0,0.46,0.99,3.34,548,33.4,1454904,0.00917998713317167,2016-06-11 00:11:00,0.316666666666667,"Surface","Dairy","Corn-Alfalfa","Cultivated Crops","Cultivated Crops","No",,"Brinkman silt loam","B","Moderately well drained",6.3,22.5,2016,"Summer",0.75,0.25,0,0.25,0,0,0.75,0.5,0.5,0.5,0.5,0.5,"Current crop",0.25,"Current spring + summer",,
"JF5","Non-Frozen","Storm","2016-18",2016-06-12 11:00:00,2016-06-12 12:00:00,1365,1.184,0.48,1.483,0.3236,2.88,2.34,0.84,0.47,0,1.05,1.55,3.72,549,33.4,1454904,0.0112584747859653,2016-06-12 09:55:00,1.08333333333333,"Surface","Dairy","Corn-Alfalfa","Cultivated Crops","Cultivated Crops","No",,"Brinkman silt loam","B","Moderately well drained",6.3,22.5,2016,"Summer",0.75,0.25,0,0.25,0,0,0.75,0.5,0.5,0.5,0.5,0.5,"Current crop",0.25,"Current spring + summer",,
"JF5","Non-Frozen","Storm","2016-19",2016-06-13 16:00:00,2016-06-13 17:00:00,527.6,0.3864,0.66,1.3,0.5077,1.68,1.38,1,0.65,0,0.51,2.05,4.2,550,33.4,1454904,0.00435162732386467,2016-06-13 15:00:00,1,"Surface","Dairy","Corn-Alfalfa","Cultivated Crops","Cultivated Crops","No",,"Brinkman silt loam","B","Moderately well drained",6.3,22.5,2016,"Summer",0.75,0.25,0,0.25,0,0,0.75,0.5,0.5,0.5,0.5,0.5,"Current crop",0.25,"Current spring + summer",,
"JF5","Non-Frozen","Storm","2016-20",2016-06-15 02:30:00,2016-06-15 06:15:00,45270,19.28,1.52,3.767,0.4035,3.96,3.12,1.96,1.14,0.07,0.73,2.75,3.72,551,33.4,1454904,0.373385460483991,2016-06-15 00:59:00,1.51666666666667,"Surface","Dairy","Corn-Alfalfa","Cultivated Crops","Cultivated Crops","No",,"Brinkman silt loam","B","Moderately well drained",6.3,22.5,2016,"Summer",0.75,0.25,0,0.25,0,0,0.75,0.5,0.5,0.5,0.5,0.5,"Current crop",0.25,"Current spring + summer",,
"JF5","Non-Frozen","Storm","2016-21",2016-06-30 20:30:00,2016-06-30 21:45:00,455.1,0.354,0.94,0.9,1.044,3.6,2.88,1.72,0.94,0,0,0.54,0.54,552,33.4,1454904,0.0037536497253427,2016-06-30 20:14:00,0.266666666666667,"Surface","Dairy","Corn-Alfalfa","Cultivated Crops","Cultivated Crops","No",,"Brinkman silt loam","B","Moderately well drained",6.3,22.5,2016,"Summer",0.75,0.25,0,0.25,0,0,0.75,0.5,0.5,0.5,0.5,0.5,"Current crop",0.25,"Current spring + summer",,
"JF5","Non-Frozen","Storm","2016-22",2016-08-24 06:15:00,2016-08-24 08:45:00,15200,9.439,1.58,5.5,0.2873,3.84,2.46,1.12,0.73,0,0,1.84,3.27,553,33.4,1454904,0.125369096517708,2016-08-24 03:10:00,3.08333333333333,"Surface","Dairy","Corn-Alfalfa","Cultivated Crops","Cultivated Crops","No",,"Brinkman silt loam","B","Moderately well drained",6.3,22.5,2016,"Summer",0.75,0.25,0,0.25,0,0,0.75,0.5,0.5,0.5,0.5,0.5,"Current crop",0.25,"Current spring + summer",,
"JF5","Non-Frozen","Storm","2016-23",2016-09-07 08:45:00,2016-09-07 14:30:00,38320,16.09,2.41,13.98,0.1723,6,4.8,2.72,1.46,0.22,0.25,0.25,2.27,554,33.4,1454904,0.316062090694644,2016-09-07 00:19:00,8.43333333333333,"Surface","Dairy","Corn-Alfalfa","Cultivated Crops","Cultivated Crops","No",,"Brinkman silt loam","B","Moderately well drained",6.3,22.5,2016,"Summer",0.75,0.25,0,0.25,0,0,0.75,0.5,0.5,0.5,0.5,0.5,"Current crop",0.25,"Current spring + summer",,
"JF5","Non-Frozen","Storm","2016-24",2016-09-07 17:30:00,2016-09-07 18:30:00,221.4,0.1216,2.59,16.42,0.1578,6,4.8,2.72,1.46,0.22,0.25,0.25,2.27,555,33.4,1454904,0.00182609986638294,,,"Surface","Dairy","Corn-Alfalfa","Cultivated Crops","Cultivated Crops","No",,"Brinkman silt loam","B","Moderately well drained",6.3,22.5,2016,"Summer",0.75,0.25,0,0.25,0,0,0.75,0.5,0.5,0.5,0.5,0.5,"Current crop",0.25,"Current spring + summer",,
"JF5","Non-Frozen","Storm","2016-25",2016-09-09 14:30:00,2016-09-09 20:30:00,12330,1.69,1.38,5.767,0.2393,1.32,0.96,0.68,0.59,0,0.29,2.88,3.18,556,33.4,1454904,0.101697431583115,2016-09-09 13:38:00,0.866666666666667,"Surface","Dairy","Corn-Alfalfa","Cultivated Crops","Cultivated Crops","No",,"Brinkman silt loam","B","Moderately well drained",6.3,22.5,2016,"Summer",0.75,0.25,0,0.25,0,0,0.75,0.5,0.5,0.5,0.5,0.5,"Current crop",0.25,"Current spring + summer",,
"JF5","Non-Frozen","Storm","2016-26",2016-09-10 08:30:00,2016-09-10 11:30:00,2489,0.8348,0.37,5.033,0.07351,0.84,0.48,0.36,0.25,1.41,1.41,4.29,4.46,557,33.4,1454904,0.0205291895547747,2016-09-10 05:53:00,2.61666666666667,"Surface","Dairy","Corn-Alfalfa","Cultivated Crops","Cultivated Crops","No",,"Brinkman silt loam","B","Moderately well drained",6.3,22.5,2016,"Summer",0.75,0.25,0,0.25,0,0,0.75,0.5,0.5,0.5,0.5,0.5,"Current crop",0.25,"Current spring + summer",,
"JF5","Non-Frozen","Storm","2016-27",2016-09-16 07:15:00,2016-09-16 08:30:00,207,0.08532,0.77,4.25,0.1812,0.96,0.78,0.46,0.39,0,0,2.27,5.15,558,33.4,1454904,0.00170732914336616,2016-09-16 04:10:00,3.08333333333333,"Surface","Dairy","Corn-Alfalfa","Cultivated Crops","Cultivated Crops","No",,"Brinkman silt loam","B","Moderately well drained",6.3,22.5,2016,"Summer",0.75,0.25,0,0.25,0,0,0.75,0.5,0.5,0.5,0.5,0.5,"Current crop",0.25,"Current spring + summer",,
"JF5","Non-Frozen","Storm","2016-28",2016-09-16 16:45:00,2016-09-16 18:00:00,488.3,0.2665,0.17,2.267,0.075,0.84,0.6,0.24,0.14,0.81,0.81,2.45,5.96,559,33.4,1454904,0.00402748222563138,2016-09-16 14:56:00,1.81666666666667,"Surface","Dairy","Corn-Alfalfa","Cultivated Crops","Cultivated Crops","No",,"Brinkman silt loam","B","Moderately well drained",6.3,22.5,2016,"Summer",0.75,0.25,0,0.25,0,0,0.75,0.5,0.5,0.5,0.5,0.5,"Current crop",0.25,"Current spring + summer",,
"JF5","Non-Frozen","Storm","2016-29",2016-09-21 11:45:00,2016-09-21 21:30:00,49520,7.31,1.76,11.92,0.1477,1.68,1.26,0.56,0.51,0.01,0.24,1.22,5.3,560,33.4,1454904,0.408439319707692,2016-09-21 07:50:00,3.91666666666667,"Surface","Dairy","Corn-Alfalfa","Cultivated Crops","Cultivated Crops","No",,"Brinkman silt loam","B","Moderately well drained",6.3,22.5,2016,"Summer",0.75,0.25,0,0.25,0,0,0.75,0.5,0.5,0.5,0.5,0.5,"Current crop",0.25,"Current spring + summer",,
"JF5","Non-Frozen","Storm","2016-30",2016-09-22 03:15:00,2016-09-22 17:00:00,224800,21.5,3.03,12.02,0.2521,1.44,1.32,1.12,0.82,1.76,1.77,2.98,5.25,561,33.4,1454904,1.8541429537619,2016-09-22 01:24:00,1.85,"Surface","Dairy","Corn-Alfalfa","Cultivated Crops","Cultivated Crops","No",,"Brinkman silt loam","B","Moderately well drained",6.3,22.5,2016,"Summer",0.75,0.25,0,0.25,0,0,0.75,0.5,0.5,0.5,0.5,0.5,"Current crop",0.25,"Current spring + summer",,
"JF5","Non-Frozen","Storm","2017-1",2016-10-26 09:45:00,2016-10-26 12:45:00,1654,0.3612,1.96,8.9,0.2202,0.6,0.6,0.52,0.45,0.05,0.05,0.05,0.15,562,33.4,1454904,0.013642137213177,2016-10-26 03:44:00,6.01666666666667,"Surface","Dairy","Corn-Alfalfa","Cultivated Crops","Cultivated Crops","No",,"Brinkman silt loam","B","Moderately well drained",6.3,22.5,2017,"Fall",0.75,0.25,0,0.25,0,0,0.75,0.5,0.5,0.5,0.5,0.5,"Previous crop",0,"Previous summer + current fall",0.5,"Partial"
"JF5","Non-Frozen","Storm","2017-9",2017-02-20 22:00:00,2017-02-21 04:45:00,11100,1.424,0.65,6.85,0.09489,0.36,0.36,0.24,0.18,0,0,0,0,570,33.4,1454904,0.0915524323254318,2017-02-20 20:23:00,1.61666666666667,"Surface","Dairy","Corn-Alfalfa","Cultivated Crops","Cultivated Crops","No",,"Brinkman silt loam","B","Moderately well drained",6.3,22.5,2017,"Spring",0.75,0.25,0,0.25,0,0,0.75,0.5,0.5,0.5,0.5,0.5,"Previous crop",0.25,"Current fall + spring",0.5,"Partial"
"JF5","Non-Frozen","Storm","2017-10",2017-03-07 03:30:00,2017-03-07 07:00:00,8790,2.383,0.56,1.3,0.4308,2.16,1.62,0.84,0.52,0.01,0.01,0.17,0.21,571,33.4,1454904,0.0724996288414906,2017-03-07 03:02:00,0.466666666666667,"Surface","Dairy","Corn-Alfalfa","Cultivated Crops","Cultivated Crops","No",,"Brinkman silt loam","B","Moderately well drained",6.3,22.5,2017,"Spring",0.75,0.25,0,0.25,0,0,0.75,0.5,0.5,0.5,0.5,0.5,"Previous crop",0.25,"Current fall + spring",0.5,"Partial"
"JF5","Non-Frozen","Storm","2017-11",2017-04-04 09:30:00,2017-04-04 16:00:00,1484,0.2077,0.74,12.85,0.05759,0.24,0.18,0.12,0.11,0.63,0.63,0.81,1.66,572,33.4,1454904,0.0122399828442289,2017-04-04 01:51:00,7.65,"Surface","Dairy","Corn-Alfalfa","Cultivated Crops","Cultivated Crops","No",,"Brinkman silt loam","B","Moderately well drained",6.3,22.5,2017,"Spring",0.75,0.25,0,0.25,0,0,0.75,0.5,0.5,0.5,0.5,0.5,"Previous crop",0.25,"Current fall + spring",0.5,"Partial"
"JF5","Non-Frozen","Storm","2017-12",2017-04-20 05:45:00,2017-04-20 09:45:00,1785,0.2635,1.22,7.033,0.1735,2.16,1.62,0.98,0.69,0.01,0.01,1.27,1.43,573,33.4,1454904,0.0147226208739546,2017-04-20 02:02:00,3.71666666666667,"Surface","Dairy","Corn-Alfalfa","Cultivated Crops","Cultivated Crops","No",,"Brinkman silt loam","B","Moderately well drained",6.3,22.5,2017,"Spring",0.75,0.25,0,0.25,0,0,0.75,0.5,0.5,0.5,0.5,0.5,"Previous crop",0.25,"Current fall + spring",0.5,"Partial"
"JF5","Non-Frozen","Storm","2017-13",2017-05-01 14:30:00,2017-05-01 16:00:00,155.2,0.0595,0.39,2.383,0.1636,0.36,0.36,0.3,0.26,0.55,0.55,1.18,2.42,574,33.4,1454904,0.00128008445918081,,,"Surface","Dairy","Corn-Alfalfa","Cultivated Crops","Cultivated Crops","No",,"Brinkman silt loam","B","Moderately well drained",6.3,22.5,2017,"Spring",0.75,0.25,0,0.25,0,0,0.75,0.5,0.5,0.5,0.5,0.5,"Previous crop",0.25,"Current fall + spring",0.5,"Partial"
"JF5","Non-Frozen","Storm","2017-14",2017-05-16 06:00:00,2017-05-16 10:30:00,25500,5.012,2.04,4.983,0.4094,3.6,3.12,2,1.42,0.07,0.07,0.35,0.65,575,33.4,1454904,0.210323155342208,2017-05-16 05:18:00,0.7,"Surface","Dairy","Corn-Alfalfa","Cultivated Crops","Cultivated Crops","No",,"Brinkman silt loam","B","Moderately well drained",6.3,22.5,2017,"Spring",0.75,0.25,0,0.25,0,0,0.75,0.5,0.5,0.5,0.5,0.5,"Previous crop",0.25,"Current fall + spring",0.5,"Partial"
"JF5","Non-Frozen","Storm","2017-15",2017-05-17 22:30:00,2017-05-18 04:30:00,20110,7.73,0.95,4.967,0.1913,4.8,3.78,1.52,0.76,0.08,2.14,2.26,2.78,576,33.4,1454904,0.165866613879679,2017-05-17 21:04:00,1.43333333333333,"Surface","Dairy","Corn-Alfalfa","Cultivated Crops","Cultivated Crops","No",,"Brinkman silt loam","B","Moderately well drained",6.3,22.5,2017,"Spring",0.75,0.25,0,0.25,0,0,0.75,0.5,0.5,0.5,0.5,0.5,"Previous crop",0.25,"Current fall + spring",0.5,"Partial"
"JF5","Non-Frozen","Storm","2017-16",2017-05-20 19:15:00,2017-05-20 22:40:00,1161,0.1786,0.55,7.917,0.06947,0.36,0.3,0.2,0.16,0.03,0.03,3.24,3.79,577,33.4,1454904,0.00957588954322759,2017-05-20 14:16:00,4.98333333333333,"Surface","Dairy","Corn-Alfalfa","Cultivated Crops","Cultivated Crops","No",,"Brinkman silt loam","B","Moderately well drained",6.3,22.5,2017,"Spring",0.75,0.25,0,0.25,0,0,0.75,0.5,0.5,0.5,0.5,0.5,"Previous crop",0.25,"Current fall + spring",0.5,"Partial"
"JF5","Non-Frozen","Storm","2017-17",2017-06-22 09:00:00,2017-06-22 10:30:00,553.8,0.2262,0.72,2.033,0.3541,3.48,2.16,0.88,0.7,0,0.39,1.47,2.83,578,33.4,1454904,0.00456772405602019,2017-06-22 08:00:00,1,"Surface","Dairy","Corn-Alfalfa","Cultivated Crops","Cultivated Crops","No",,"Brinkman silt loam","B","Moderately well drained",6.3,22.5,2017,"Summer",0.75,0.25,0,0.25,0,0,0.75,0.5,0.5,0.5,0.5,0.5,"Current crop",0.25,"Current spring + summer",,
"JF5","Non-Frozen","Storm","2017-18",2017-06-23 02:30:00,2017-06-23 08:00:00,3750,1.297,0.8,14.67,0.05455,1.56,1.2,0.56,0.29,0.72,0.72,2.19,3.54,579,33.4,1454904,0.0309298757856188,2017-06-22 15:55:00,10.5833333333333,"Surface","Dairy","Corn-Alfalfa","Cultivated Crops","Cultivated Crops","No",,"Brinkman silt loam","B","Moderately well drained",6.3,22.5,2017,"Summer",0.75,0.25,0,0.25,0,0,0.75,0.5,0.5,0.5,0.5,0.5,"Current crop",0.25,"Current spring + summer",,
"JF5","Non-Frozen","Storm","2017-19",2017-07-12 08:45:00,2017-07-12 14:15:00,88640,39.13,2.97,5.817,0.5106,5.64,4.5,2.06,1.04,0,0.66,1.18,2.25,580,33.4,1454904,0.731099783903268,2017-07-12 05:45:00,3,"Surface","Dairy","Corn-Alfalfa","Cultivated Crops","Cultivated Crops","No",,"Brinkman silt loam","B","Moderately well drained",6.3,22.5,2017,"Summer",0.75,0.25,0,0.25,0,0,0.75,0.5,0.5,0.5,0.5,0.5,"Current crop",0.25,"Current spring + summer",,
"JF5","Non-Frozen","Storm","2017-20",2017-07-20 05:00:00,2017-07-20 12:15:00,332100,76.8,5.09,6.5,0.7831,6.12,5.16,3.22,2.33,0.97,0.98,1.27,5.22,581,33.4,1454904,2.73914979957441,2017-07-20 03:15:00,1.75,"Surface","Dairy","Corn-Alfalfa","Cultivated Crops","Cultivated Crops","No",,"Brinkman silt loam","B","Moderately well drained",6.3,22.5,2017,"Summer",0.75,0.25,0,0.25,0,0,0.75,0.5,0.5,0.5,0.5,0.5,"Current crop",0.25,"Current spring + summer",,
"JF5","Non-Frozen","Storm","2017-21",2017-07-21 21:15:00,2017-07-21 23:30:00,758.6,0.2155,0.62,7.233,0.08571,2.4,1.56,0.76,0.44,0,6.06,6.36,10.31,582,33.4,1454904,0.00625690767225879,2017-07-21 15:43:00,5.53333333333333,"Surface","Dairy","Corn-Alfalfa","Cultivated Crops","Cultivated Crops","No",,"Brinkman silt loam","B","Moderately well drained",6.3,22.5,2017,"Summer",0.75,0.25,0,0.25,0,0,0.75,0.5,0.5,0.5,0.5,0.5,"Current crop",0.25,"Current spring + summer",,
"JF5","Non-Frozen","Storm","2017-22",2017-07-22 01:45:00,2017-07-22 05:15:00,49490,25.63,1.52,10.62,0.1432,3.6,3.3,1.72,0.89,0,6.06,6.36,10.31,583,33.4,1454904,0.408191880701407,2017-07-21 15:43:00,10.0333333333333,"Surface","Dairy","Corn-Alfalfa","Cultivated Crops","Cultivated Crops","No",,"Brinkman silt loam","B","Moderately well drained",6.3,22.5,2017,"Summer",0.75,0.25,0,0.25,0,0,0.75,0.5,0.5,0.5,0.5,0.5,"Current crop",0.25,"Current spring + summer",,
"K5","Non-Frozen","Storm","2007-1",2006-11-28 04:56:00,2006-11-28 14:31:00,4639,0.742,1.256,10.42,0.1206,1.464,1.164,0.604,0.473,0.189,0.189,0.198,0.216,584,15.2,662112,0.0840764100333478,2006-11-28 01:30:00,3.43333333333333,"Surface","Dairy","Grass Pasture","Pasture/Hay","Pasture/Hay","Yes","Radom tile, WY2009 tile blow out","Kewaunee loam","D","Well drained",3,47.5,2007,"Fall",1,0,0,0,0,,1,1,1,1,1,1,"Previous crop",,"Previous summer + current fall",1,"Yes"
"K5","Non-Frozen","Storm","2007-2",2006-12-22 14:00:00,2006-12-23 13:00:00,29360,1.678,1.224,22.3,0.05489,0.432,0.378,0.234,0.18,0.243,0.243,0.243,0.261,585,15.2,662112,0.532115412498188,2006-12-22 11:55:00,2.08333333333333,"Surface","Dairy","Grass Pasture","Pasture/Hay","Pasture/Hay","Yes","Radom tile, WY2009 tile blow out","Kewaunee loam","D","Well drained",3,47.5,2007,"Fall",1,0,0,0,0,,1,1,1,1,1,1,"Previous crop",,"Previous summer + current fall",1,"Yes"
"K5","Non-Frozen","Storm","2007-6",2007-04-01 06:15:00,2007-04-01 07:30:00,32.9,0.01508,0.558,6.4,0.08719,0.864,0.81,0.45,0.27,0.054,0.054,0.369,0.657,589,15.2,662112,0.000596273742206757,,,"Surface","Dairy","Grass Pasture","Pasture/Hay","Pasture/Hay","Yes","Radom tile, WY2009 tile blow out","Kewaunee loam","D","Well drained",3,47.5,2007,"Spring",1,0,0,0,0,,1,1,1,1,1,1,"Previous crop",0,"Current fall + spring",1,"Yes"
"K5","Non-Frozen","Storm","2007-7",2007-04-03 11:55:00,2007-04-03 16:30:00,107.2,0.01928,0.414,6.483,0.06386,0.324,0.27,0.234,0.207,0.009,0.063,0.756,1.278,590,15.2,662112,0.00194287371320864,,,"Surface","Dairy","Grass Pasture","Pasture/Hay","Pasture/Hay","Yes","Radom tile, WY2009 tile blow out","Kewaunee loam","D","Well drained",3,47.5,2007,"Spring",1,0,0,0,0,,1,1,1,1,1,1,"Previous crop",0,"Current fall + spring",1,"Yes"
"K5","Non-Frozen","Storm","2008-17",2008-04-09 02:28:00,2008-04-09 09:00:00,1128,0.148,0.873,12.37,0.07059,0.216,0.216,0.18,0.162,0,0,0,0.478,607,15.2,662112,0.0204436711613745,2008-04-08 19:25:00,7.05,"Surface","Dairy","Grass Pasture","Pasture/Hay","Pasture/Hay","Yes","Radom tile, WY2009 tile blow out","Kewaunee loam","D","Well drained",3,47.5,2008,"Spring",1,0,0,0,0,0,1,1,1,1,1,1,"Previous crop",0,"Current fall + spring",1,"Yes"
"K5","Non-Frozen","Storm","2008-18",2008-04-10 22:30:00,2008-04-11 19:00:00,19620,1.156,1.053,22.48,0.04683,0.432,0.27,0.216,0.162,0,0.873,0.873,1.351,608,15.2,662112,0.355589386689865,2008-04-10 16:43:00,5.78333333333333,"Surface","Dairy","Grass Pasture","Pasture/Hay","Pasture/Hay","Yes","Radom tile, WY2009 tile blow out","Kewaunee loam","D","Well drained",3,47.5,2008,"Spring",1,0,0,0,0,0,1,1,1,1,1,1,"Previous crop",0,"Current fall + spring",1,"Yes"
"K5","Non-Frozen","Storm","2008-19",2008-04-25 23:12:00,2008-04-26 08:00:00,23880,4.752,1.079,4.85,0.2225,2.556,1.386,0.866,0.698,0.567,0.567,0.738,0.855,609,15.2,662112,0.432796868203567,2008-04-25 22:35:00,0.616666666666667,"Surface","Dairy","Grass Pasture","Pasture/Hay","Pasture/Hay","Yes","Radom tile, WY2009 tile blow out","Kewaunee loam","D","Well drained",3,47.5,2008,"Spring",1,0,0,0,0,0,1,1,1,1,1,1,"Previous crop",0,"Current fall + spring",1,"Yes"
"K5","Non-Frozen","Storm","2008-20",2008-06-08 17:43:00,2008-06-08 19:45:00,663,0.2522,1.001,4.617,0.2168,1.08,0.972,0.702,0.486,0.339,0.554,1.752,2.22,610,15.2,662112,0.012016093953893,,,"Surface","Dairy","Grass Pasture","Pasture/Hay","Pasture/Hay","Yes","Radom tile, WY2009 tile blow out","Kewaunee loam","D","Well drained",3,47.5,2008,"Summer",1,0,0,0,0,0,1,1,1,1,1,1,"Current crop",0,"Current spring + summer",,
"K5","Non-Frozen","Storm","2008-21",2008-06-08 23:45:00,2008-06-09 12:00:00,23000,2.7,1.238,6.833,0.1812,1.68,1.446,1.09,0.734,1.34,1.34,2.753,3.221,611,15.2,662112,0.416847904886182,2008-06-08 23:23:00,0.366666666666667,"Surface","Dairy","Grass Pasture","Pasture/Hay","Pasture/Hay","Yes","Radom tile, WY2009 tile blow out","Kewaunee loam","D","Well drained",3,47.5,2008,"Summer",1,0,0,0,0,0,1,1,1,1,1,1,"Current crop",0,"Current spring + summer",,
"K5","Non-Frozen","Storm","2008-22",2008-06-12 23:57:00,2008-06-13 14:00:00,132500,22.54,2.908,13.3,0.2186,3.816,2.826,1.448,0.926,0,0,2.793,4.432,612,15.2,662112,2.40140640858344,2008-06-12 18:32:00,5.41666666666667,"Surface","Dairy","Grass Pasture","Pasture/Hay","Pasture/Hay","Yes","Radom tile, WY2009 tile blow out","Kewaunee loam","D","Well drained",3,47.5,2008,"Summer",1,0,0,0,0,0,1,1,1,1,1,1,"Current crop",0,"Current spring + summer",,
"K5","Non-Frozen","Storm","2008-23",2008-07-16 20:38:00,2008-07-17 03:12:00,26790,10.65,2.635,2.683,0.982,5.112,4.83,3.962,2.32,0,0,0.66,1.371,613,15.2,662112,0.485537190082645,2008-07-16 20:19:00,0.316666666666667,"Surface","Dairy","Grass Pasture","Pasture/Hay","Pasture/Hay","Yes","Radom tile, WY2009 tile blow out","Kewaunee loam","D","Well drained",3,47.5,2008,"Summer",1,0,0,0,0,0,1,1,1,1,1,1,"Current crop",0,"Current spring + summer",,
"K5","Non-Frozen","Storm","2009-11",2009-04-26 07:03:00,2009-04-27 02:44:00,15690,1.078,1.26,22.52,0.05596,0.54,0.378,0.288,0.252,0.594,0.594,1.674,1.701,624,15.2,662112,0.284362766420183,2009-04-26 02:19:00,4.73333333333333,"Surface","Dairy","Grass Pasture","Pasture/Hay","Pasture/Hay","Yes","Radom tile, WY2009 tile blow out","Kewaunee loam","D","Well drained",3,47.5,2009,"Spring",1,0.76,0,0.76,0,0,1,1,1,1,1,1,"Previous crop",0.76,"Current fall + spring",1,"Yes"
"K5","Non-Frozen","Storm","2010-1",2009-12-25 22:51:00,2009-12-26 11:00:00,3194,0.1994,0.036,1.017,0.03541,0.108,0.054,0.036,0.027,1.26,1.269,1.269,1.269,625,15.2,662112,0.0578874873133246,2009-12-25 22:10:00,0.683333333333333,"Surface","Dairy","Grass Pasture","Pasture/Hay","Pasture/Hay","Yes","Radom tile, WY2009 tile blow out","Kewaunee loam","D","Well drained",3,47.5,2010,"Fall",1,1.1,0,1.1,0,0,1,1,1,1,1,1,"Previous crop",0,"Previous summer + current fall",1,"Yes"
"K5","Non-Frozen","Storm","2010-8",2010-04-07 04:00:00,2010-04-07 07:51:00,1078,0.241,0.513,3.783,0.1356,0.756,0.648,0.378,0.297,0.585,0.585,0.621,0.621,632,15.2,662112,0.0195374800637959,2010-04-07 01:20:00,2.66666666666667,"Surface","Dairy","Grass Pasture","Pasture/Hay","Pasture/Hay","Yes","Radom tile, WY2009 tile blow out","Kewaunee loam","D","Well drained",3,47.5,2010,"Spring",1,1.1,0,1.1,0,0,1,1,1,1,1,1,"Previous crop",1.1,"Current fall + spring",1,"Yes"
"K5","Non-Frozen","Storm","2010-9",2010-04-08 14:00:00,2010-04-08 18:00:00,1149,0.179,0.144,4.117,0.03498,0.108,0.108,0.09,0.081,0.162,0.837,1.296,1.296,633,15.2,662112,0.0208242714223575,2010-04-08 13:17:00,0.716666666666667,"Surface","Dairy","Grass Pasture","Pasture/Hay","Pasture/Hay","Yes","Radom tile, WY2009 tile blow out","Kewaunee loam","D","Well drained",3,47.5,2010,"Spring",1,1.1,0,1.1,0,0,1,1,1,1,1,1,"Previous crop",1.1,"Current fall + spring",1,"Yes"
"K5","Non-Frozen","Storm","2010-10",2010-04-25 09:00:00,2010-04-25 18:00:00,16670,3.765,1.332,11.13,0.1196,1.08,0.756,0.486,0.396,0.756,0.756,0.756,0.801,634,15.2,662112,0.302124111932724,2010-04-25 04:39:00,4.35,"Surface","Dairy","Grass Pasture","Pasture/Hay","Pasture/Hay","Yes","Radom tile, WY2009 tile blow out","Kewaunee loam","D","Well drained",3,47.5,2010,"Spring",1,1.1,0,1.1,0,0,1,1,1,1,1,1,"Previous crop",1.1,"Current fall + spring",1,"Yes"
"K5","Non-Frozen","Storm","2010-11",2010-05-13 10:00:00,2010-05-13 17:00:00,2612,0.3156,0.522,8.633,0.06046,0.324,0.27,0.216,0.171,0.009,0.531,1.161,1.647,635,15.2,662112,0.0473394229375091,2010-05-13 06:10:00,3.83333333333333,"Surface","Dairy","Grass Pasture","Pasture/Hay","Pasture/Hay","Yes","Radom tile, WY2009 tile blow out","Kewaunee loam","D","Well drained",3,47.5,2010,"Spring",1,1.1,0,1.1,0,0,1,1,1,1,1,1,"Previous crop",1.1,"Current fall + spring",1,"Yes"
"K5","Non-Frozen","Storm","2010-12",2010-06-15 23:30:00,2010-06-16 08:00:00,5951,0.7838,0.477,7,0.06814,0.432,0.324,0.198,0.144,0.308,0.338,1.638,2.712,636,15.2,662112,0.107854864433812,2010-06-15 19:24:00,4.1,"Surface","Dairy","Grass Pasture","Pasture/Hay","Pasture/Hay","Yes","Radom tile, WY2009 tile blow out","Kewaunee loam","D","Well drained",3,47.5,2010,"Summer",1,1.1,0,1.1,0,0,1,1,1,1,1,1,"Current crop",1.1,"Current spring + summer",,
"K5","Non-Frozen","Storm","2010-13",2010-07-15 05:40:00,2010-07-15 12:00:00,2102,0.3444,1.908,8.45,0.2258,4.32,2.832,1.432,0.86,0,0,0.225,0.605,637,15.2,662112,0.0380962737422068,,,"Surface","Dairy","Grass Pasture","Pasture/Hay","Pasture/Hay","Yes","Radom tile, WY2009 tile blow out","Kewaunee loam","D","Well drained",3,47.5,2010,"Summer",1,1.1,0,1.1,0,0,1,1,1,1,1,1,"Current crop",1.1,"Current spring + summer",,
"K5","Non-Frozen","Storm","2010-14",2010-07-22 19:00:00,2010-07-23 02:00:00,53310,20.28,1.72,7.55,0.2278,2.58,2.19,1.362,0.982,0,0.695,0.948,3.072,638,15.2,662112,0.966180948238365,2010-07-22 14:26:00,4.56666666666667,"Surface","Dairy","Grass Pasture","Pasture/Hay","Pasture/Hay","Yes","Radom tile, WY2009 tile blow out","Kewaunee loam","D","Well drained",3,47.5,2010,"Summer",1,1.1,0,1.1,0,0,1,1,1,1,1,1,"Current crop",1.1,"Current spring + summer",,
"K5","Non-Frozen","Storm","2010-15",2010-07-24 09:00:00,2010-07-24 15:00:00,4057,1.078,0.455,3.25,0.14,1.56,0.888,0.35,0.211,0,1.72,2.668,4.792,639,15.2,662112,0.0735283456575323,2010-07-24 08:11:00,0.816666666666667,"Surface","Dairy","Grass Pasture","Pasture/Hay","Pasture/Hay","Yes","Radom tile, WY2009 tile blow out","Kewaunee loam","D","Well drained",3,47.5,2010,"Summer",1,1.1,0,1.1,0,0,1,1,1,1,1,1,"Current crop",1.1,"Current spring + summer",,
"K5","Non-Frozen","Storm","2010-16",2010-08-11 11:00:00,2010-08-11 18:00:00,9409,5.619,1.205,5.05,0.2386,2.28,1.98,1.244,0.721,0,0.009,0.369,0.711,640,15.2,662112,0.170527040742352,2010-08-11 10:46:00,0.233333333333333,"Surface","Dairy","Grass Pasture","Pasture/Hay","Pasture/Hay","Yes","Radom tile, WY2009 tile blow out","Kewaunee loam","D","Well drained",3,47.5,2010,"Summer",1,1.1,0,1.1,0,0,1,1,1,1,1,1,"Current crop",1.1,"Current spring + summer",,
"K5","Non-Frozen","Storm","2011-10",2011-03-21 16:45:00,2011-03-21 19:15:00,109.7,0.02037,0,,,,,,,0.414,0.423,0.423,0.621,651,15.2,662112,0.00198818326808757,,,"Surface","Dairy","Grass Pasture","Pasture/Hay","Pasture/Hay","Yes","Radom tile, WY2009 tile blow out","Kewaunee loam","D","Well drained",3,47.5,2011,"Spring",1,0,0,0,0,0,1,1,1,1,1,1,"Previous crop",0,"Current fall + spring",1,"Yes"
"K5","Non-Frozen","Storm","2011-14",2011-04-16 03:45:00,2011-04-16 17:32:00,6214,0.568,1.226,16.8,0.07298,1.32,0.768,0.432,0.306,0,0.018,0.273,0.84,655,15.2,662112,0.112621429607076,2011-04-15 23:26:00,4.31666666666667,"Surface","Dairy","Grass Pasture","Pasture/Hay","Pasture/Hay","Yes","Radom tile, WY2009 tile blow out","Kewaunee loam","D","Well drained",3,47.5,2011,"Spring",1,0,0,0,0,0,1,1,1,1,1,1,"Previous crop",0,"Current fall + spring",1,"Yes"
"K5","Non-Frozen","Storm","2011-15",2011-04-16 21:30:00,2011-04-17 00:30:00,453.5,0.07386,0.072,2.183,0.03298,0.108,0.054,0.054,0.036,1.226,1.226,1.499,2.066,656,15.2,662112,0.00821915325503842,2011-04-16 20:09:00,1.35,"Surface","Dairy","Grass Pasture","Pasture/Hay","Pasture/Hay","Yes","Radom tile, WY2009 tile blow out","Kewaunee loam","D","Well drained",3,47.5,2011,"Spring",1,0,0,0,0,0,1,1,1,1,1,1,"Previous crop",0,"Current fall + spring",1,"Yes"
"K5","Non-Frozen","Storm","2011-16",2011-04-21 16:00:00,2011-04-22 01:00:00,15230,1.194,0,,,,,,,0.009,0.369,1.667,1.94,657,15.2,662112,0.276025808322459,,,"Surface","Dairy","Grass Pasture","Pasture/Hay","Pasture/Hay","Yes","Radom tile, WY2009 tile blow out","Kewaunee loam","D","Well drained",3,47.5,2011,"Spring",1,0,0,0,0,0,1,1,1,1,1,1,"Previous crop",0,"Current fall + spring",1,"Yes"
"K5","Non-Frozen","Storm","2011-17",2011-04-23 01:45:00,2011-04-23 09:30:00,5513,0.4502,0.279,4.7,0.05936,0.54,0.324,0.162,0.135,0.027,0.027,1.514,1.967,658,15.2,662112,0.0999166304190228,2011-04-23 00:31:00,1.23333333333333,"Surface","Dairy","Grass Pasture","Pasture/Hay","Pasture/Hay","Yes","Radom tile, WY2009 tile blow out","Kewaunee loam","D","Well drained",3,47.5,2011,"Spring",1,0,0,0,0,0,1,1,1,1,1,1,"Previous crop",0,"Current fall + spring",1,"Yes"
"K5","Non-Frozen","Storm","2011-18",2011-04-26 10:45:00,2011-04-26 21:45:00,32140,3.14,1.179,13.53,0.08712,0.54,0.378,0.324,0.297,0,0,0.675,1.991,659,15.2,662112,0.582499637523561,2011-04-26 07:00:00,3.75,"Surface","Dairy","Grass Pasture","Pasture/Hay","Pasture/Hay","Yes","Radom tile, WY2009 tile blow out","Kewaunee loam","D","Well drained",3,47.5,2011,"Spring",1,0,0,0,0,0,1,1,1,1,1,1,"Previous crop",0,"Current fall + spring",1,"Yes"
"K5","Non-Frozen","Storm","2011-19",2011-04-27 16:00:00,2011-04-27 18:30:00,334.6,0.07179,0.09,1.733,0.05192,0.108,0.108,0.072,0.063,0.108,1.215,1.611,3.206,660,15.2,662112,0.00606423082499638,2011-04-27 14:44:00,1.26666666666667,"Surface","Dairy","Grass Pasture","Pasture/Hay","Pasture/Hay","Yes","Radom tile, WY2009 tile blow out","Kewaunee loam","D","Well drained",3,47.5,2011,"Spring",1,0,0,0,0,0,1,1,1,1,1,1,"Previous crop",0,"Current fall + spring",1,"Yes"
"K5","Non-Frozen","Storm","2011-20",2011-06-22 04:15:00,2011-06-22 05:30:00,62.9,0.03328,0.996,4.1,0.2429,2.304,1.422,0.748,0.536,0.072,0.072,0.747,1.139,661,15.2,662112,0.00113998840075395,2011-06-22 01:00:00,3.25,"Surface","Dairy","Grass Pasture","Pasture/Hay","Pasture/Hay","Yes","Radom tile, WY2009 tile blow out","Kewaunee loam","D","Well drained",3,47.5,2011,"Summer",1,0,0,0,0,0,1,1,1,1,1,1,"Current crop",0,"Current spring + summer",,
"K5","Non-Frozen","Storm","2011-21",2011-06-24 02:15:00,2011-06-24 05:15:00,960.3,0.2066,1.109,12.43,0.0892,0.996,0.768,0.598,0.389,0.072,1.296,1.611,2.291,662,15.2,662112,0.0174043062200957,2011-06-23 16:16:00,9.98333333333333,"Surface","Dairy","Grass Pasture","Pasture/Hay","Pasture/Hay","Yes","Radom tile, WY2009 tile blow out","Kewaunee loam","D","Well drained",3,47.5,2011,"Summer",1,0,0,0,0,0,1,1,1,1,1,1,"Current crop",0,"Current spring + summer",,
"K7","Non-Frozen","Storm","2007-1",2006-11-28 04:54:00,2006-12-23 15:00:00,28940,0.1592,2.831,608.7,0.004651,1.464,1.164,0.604,0.473,0.189,0.189,0.198,0.216,663,12,522720,0.664370982552801,2006-11-28 01:30:00,3.4,"Surface","Dairy","Grass Pasture","Pasture/Hay","Pasture/Hay","Yes",,"Kewaunee loam","D","Well drained",3,47.5,2007,"Fall",1,0,0,0,0,,1,1,1,1,1,1,"Previous crop",,"Previous summer + current fall",1,"Yes"
"K7","Non-Frozen","Storm","2008-6",2008-04-10 23:45:00,2008-04-11 21:15:00,17940,0.1592,1.062,27.23,0.039,0.432,0.27,0.216,0.162,0,0.873,0.873,1.351,671,12,522720,0.411845730027548,2008-04-10 16:43:00,7.03333333333333,"Surface","Dairy","Grass Pasture","Pasture/Hay","Pasture/Hay","Yes",,"Kewaunee loam","D","Well drained",3,47.5,2008,"Spring",1,1.6,0.8,0.8,0,0,1,1,1,1,0.2,1,"Previous crop",1.6,"Current fall + spring",0.2,"Partial"
"K7","Non-Frozen","Storm","2008-7",2008-04-25 23:45:00,2008-04-26 10:00:00,10130,0.1592,1.079,4.85,0.2225,2.556,1.386,0.866,0.698,0.567,0.567,0.738,0.855,672,12,522720,0.232552800734619,2008-04-25 22:35:00,1.16666666666667,"Surface","Dairy","Grass Pasture","Pasture/Hay","Pasture/Hay","Yes",,"Kewaunee loam","D","Well drained",3,47.5,2008,"Spring",1,1.6,0.8,0.8,0,0,1,1,1,1,0.2,1,"Previous crop",1.6,"Current fall + spring",0.2,"Partial"
"K7","Non-Frozen","Storm","2008-8",2008-06-08 15:23:00,2008-06-08 21:00:00,9895,0.1592,1.001,4.617,0.2168,1.08,0.972,0.702,0.486,0.339,0.554,1.752,2.22,673,12,522720,0.227157943067034,2008-06-08 12:50:00,2.55,"Surface","Dairy","Grass Pasture","Pasture/Hay","Pasture/Hay","Yes",,"Kewaunee loam","D","Well drained",3,47.5,2008,"Summer",1,1.6,0.8,0.8,0,0,1,1,1,1,0.2,1,"Current crop",0.8,"Current spring + summer",,
"K7","Non-Frozen","Storm","2008-9",2008-06-08 23:37:00,2008-06-09 13:15:00,40650,0.1592,1.238,6.833,0.1812,1.68,1.446,1.09,0.734,1.34,1.34,2.753,3.221,674,12,522720,0.933195592286501,2008-06-08 23:23:00,0.233333333333333,"Surface","Dairy","Grass Pasture","Pasture/Hay","Pasture/Hay","Yes",,"Kewaunee loam","D","Well drained",3,47.5,2008,"Summer",1,1.6,0.8,0.8,0,0,1,1,1,1,0.2,1,"Current crop",0.8,"Current spring + summer",,
"K7","Non-Frozen","Storm","2008-10",2008-06-12 23:43:00,2008-06-13 14:30:00,115900,0.1592,2.908,13.3,0.2186,3.816,2.826,1.448,0.926,0,0,2.793,4.432,675,12,522720,2.66069788797062,2008-06-12 18:32:00,5.18333333333333,"Surface","Dairy","Grass Pasture","Pasture/Hay","Pasture/Hay","Yes",,"Kewaunee loam","D","Well drained",3,47.5,2008,"Summer",1,1.6,0.8,0.8,0,0,1,1,1,1,0.2,1,"Current crop",0.8,"Current spring + summer",,
"K7","Non-Frozen","Storm","2008-11",2008-07-16 20:45:00,2008-07-17 00:30:00,17560,0.1592,2.635,2.683,0.982,5.112,4.83,3.962,2.32,0,0,0.66,1.371,676,12,522720,0.403122130394858,2008-07-16 20:19:00,0.433333333333333,"Surface","Dairy","Grass Pasture","Pasture/Hay","Pasture/Hay","Yes",,"Kewaunee loam","D","Well drained",3,47.5,2008,"Summer",1,1.6,0.8,0.8,0,0,1,1,1,1,0.2,1,"Current crop",0.8,"Current spring + summer",,
"K7","Non-Frozen","Storm","2009-13",2009-04-26 07:30:00,2009-04-26 18:46:00,6100,0.4654,1.152,14.85,0.07758,0.324,0.324,0.288,0.252,0.594,0.594,1.674,1.701,690,12,522720,0.140036730945822,2009-04-26 02:19:00,5.18333333333333,"Surface","Dairy","Grass Pasture","Pasture/Hay","Pasture/Hay","Yes",,"Kewaunee loam","D","Well drained",3,47.5,2009,"Spring",1,0,0,0,0,0,1,1,1,1,1,1,"Previous crop",0,"Current fall + spring",1,"Yes"
"K7","Non-Frozen","Storm","2009-14",2009-04-26 20:55:00,2009-04-26 23:46:00,167.7,0.03846,0.099,1.583,0.06253,0.54,0.378,0.144,0.09,1.161,1.746,2.817,2.853,691,12,522720,0.00384986225895317,2009-04-26 19:52:00,1.05,"Surface","Dairy","Grass Pasture","Pasture/Hay","Pasture/Hay","Yes",,"Kewaunee loam","D","Well drained",3,47.5,2009,"Spring",1,0,0,0,0,0,1,1,1,1,1,1,"Previous crop",0,"Current fall + spring",1,"Yes"
"K7","Non-Frozen","Storm","2010-4",2010-04-25 08:45:00,2010-04-25 16:45:00,12770,1.875,1.332,11.13,0.1196,1.08,0.756,0.486,0.396,0.756,0.756,0.756,0.801,696,12,522720,0.293158861340679,2010-04-25 04:39:00,4.1,"Surface","Dairy","Grass Pasture","Pasture/Hay","Pasture/Hay","Yes",,"Kewaunee loam","D","Well drained",3,47.5,2010,"Spring",1,0.4,0,0.4,0,0,1,1,1,1,1,1,"Previous crop",0.4,"Current fall + spring",1,"Yes"
"K7","Non-Frozen","Storm","2010-5",2010-06-15 21:45:00,2010-06-16 06:45:00,9842,0.9288,0.477,7,0.06814,0.432,0.324,0.198,0.144,0.308,0.338,1.638,2.712,697,12,522720,0.225941230486685,2010-06-15 19:24:00,2.35,"Surface","Dairy","Grass Pasture","Pasture/Hay","Pasture/Hay","Yes",,"Kewaunee loam","D","Well drained",3,47.5,2010,"Summer",1,0.4,0,0.4,0,0,1,1,1,1,1,1,"Current crop",0.4,"Current spring + summer",,
"K7","Non-Frozen","Storm","2010-6",2010-07-22 21:00:00,2010-07-23 02:45:00,31440,6.747,1.72,7.55,0.2278,2.58,2.19,1.362,0.982,0,0.695,0.948,3.072,698,12,522720,0.721763085399449,2010-07-22 14:26:00,6.56666666666667,"Surface","Dairy","Grass Pasture","Pasture/Hay","Pasture/Hay","Yes",,"Kewaunee loam","D","Well drained",3,47.5,2010,"Summer",1,0.4,0,0.4,0,0,1,1,1,1,1,1,"Current crop",0.4,"Current spring + summer",,
"K7","Non-Frozen","Storm","2010-7",2010-07-24 11:15:00,2010-07-24 15:00:00,1926,0.4312,0.455,3.25,0.14,1.56,0.888,0.35,0.211,0,1.72,2.668,4.792,699,12,522720,0.0442148760330579,2010-07-24 08:11:00,3.06666666666667,"Surface","Dairy","Grass Pasture","Pasture/Hay","Pasture/Hay","Yes",,"Kewaunee loam","D","Well drained",3,47.5,2010,"Summer",1,0.4,0,0.4,0,0,1,1,1,1,1,1,"Current crop",0.4,"Current spring + summer",,
"K7","Non-Frozen","Storm","2011-9",2011-04-16 04:30:00,2011-04-16 17:15:00,2197,0.152,1.226,16.8,0.07298,1.32,0.768,0.432,0.306,0,0.018,0.273,0.84,708,12,522720,0.0504361799816345,2011-04-15 23:26:00,5.06666666666667,"Surface","Dairy","Grass Pasture","Pasture/Hay","Pasture/Hay","Yes",,"Kewaunee loam","D","Well drained",3,47.5,2011,"Spring",1,0,0,0,0,0,1,1,1,1,1,1,"Previous crop",0,"Current fall + spring",1,"Yes"
"K7","Non-Frozen","Storm","2011-10",2011-04-21 16:15:00,2011-04-22 01:00:00,9780,0.975,0,,,,,,,0,0.369,1.667,1.94,709,12,522720,0.224517906336088,,,"Surface","Dairy","Grass Pasture","Pasture/Hay","Pasture/Hay","Yes",,"Kewaunee loam","D","Well drained",3,47.5,2011,"Spring",1,0,0,0,0,0,1,1,1,1,1,1,"Previous crop",0,"Current fall + spring",1,"Yes"
"K7","Non-Frozen","Storm","2011-11",2011-04-23 02:30:00,2011-04-23 10:00:00,1899,0.2102,0.279,4.7,0.05936,0.54,0.324,0.162,0.135,0.027,0.027,1.514,1.967,710,12,522720,0.0435950413223141,2011-04-23 00:31:00,1.98333333333333,"Surface","Dairy","Grass Pasture","Pasture/Hay","Pasture/Hay","Yes",,"Kewaunee loam","D","Well drained",3,47.5,2011,"Spring",1,0,0,0,0,0,1,1,1,1,1,1,"Previous crop",0,"Current fall + spring",1,"Yes"
"K7","Non-Frozen","Storm","2011-12",2011-04-26 11:15:00,2011-04-26 22:30:00,26110,2.691,1.188,15.32,0.07756,0.54,0.378,0.324,0.297,0,0,0.675,1.991,711,12,522720,0.599403122130395,2011-04-26 07:00:00,4.25,"Surface","Dairy","Grass Pasture","Pasture/Hay","Pasture/Hay","Yes",,"Kewaunee loam","D","Well drained",3,47.5,2011,"Spring",1,0,0,0,0,0,1,1,1,1,1,1,"Previous crop",0,"Current fall + spring",1,"Yes"
"K7","Non-Frozen","Storm","2011-13",2011-06-24 03:15:00,2011-06-24 04:30:00,29.5,0.01254,1.1,11.18,0.09836,0.996,0.768,0.598,0.389,0.072,1.296,1.611,2.291,712,12,522720,0.00067722681359045,2011-06-23 16:16:00,10.9833333333333,"Surface","Dairy","Grass Pasture","Pasture/Hay","Pasture/Hay","Yes",,"Kewaunee loam","D","Well drained",3,47.5,2011,"Summer",1,0,0,0,0,0,1,1,1,1,1,1,"Current crop",0,"Current spring + summer",,
"K8","Non-Frozen","Storm","2008-11",2008-04-08 22:33:00,2008-04-09 12:00:00,1699,0.157,0.873,12.37,0.07059,0.216,0.216,0.18,0.162,0,0,0,0.478,724,5,217800,0.0936088154269973,2008-04-08 19:25:00,3.13333333333333,"Surface","Dairy","Grass Pasture","Pasture/Hay","Pasture/Hay","No","No tile in basin but in surrounding area in waterways","Kewaunee loam","C","Well drained",6,47.5,2008,"Spring",1,0,0,0,0,,1,1,1,1,1,1,"Previous crop",0,"Current fall + spring",1,"Yes"
"K8","Non-Frozen","Storm","2008-12",2008-04-10 20:51:00,2008-04-11 23:00:00,5973,0.2746,1.062,27.23,0.039,0.432,0.27,0.216,0.162,0,0.873,0.873,1.351,725,5,217800,0.329090909090909,2008-04-10 16:43:00,4.13333333333333,"Surface","Dairy","Grass Pasture","Pasture/Hay","Pasture/Hay","No","No tile in basin but in surrounding area in waterways","Kewaunee loam","C","Well drained",6,47.5,2008,"Spring",1,0,0,0,0,,1,1,1,1,1,1,"Previous crop",0,"Current fall + spring",1,"Yes"
"K8","Non-Frozen","Storm","2008-13",2008-04-12 09:43:00,2008-04-13 02:00:00,763.9,0.0264,0.09,12.35,0.007287,0.108,0.054,0.018,0.018,0.108,1.08,1.953,2.431,726,5,217800,0.0420881542699724,2008-04-12 08:07:00,1.6,"Surface","Dairy","Grass Pasture","Pasture/Hay","Pasture/Hay","No","No tile in basin but in surrounding area in waterways","Kewaunee loam","C","Well drained",6,47.5,2008,"Spring",1,0,0,0,0,,1,1,1,1,1,1,"Previous crop",0,"Current fall + spring",1,"Yes"
"K8","Non-Frozen","Storm","2008-14",2008-04-25 16:56:00,2008-04-25 19:38:00,76.8,0.0182,0.216,0.85,0.2541,0.648,0.432,0.288,0.216,0.351,0.351,0.522,0.648,727,5,217800,0.00423140495867769,2008-04-25 16:25:00,0.516666666666667,"Surface","Dairy","Grass Pasture","Pasture/Hay","Pasture/Hay","No","No tile in basin but in surrounding area in waterways","Kewaunee loam","C","Well drained",6,47.5,2008,"Spring",1,0,0,0,0,,1,1,1,1,1,1,"Previous crop",0,"Current fall + spring",1,"Yes"
"K8","Non-Frozen","Storm","2008-15",2008-04-25 22:00:00,2008-04-26 09:00:00,7321,1.486,1.079,4.85,0.2225,2.556,1.386,0.866,0.698,0.567,0.567,0.738,0.855,728,5,217800,0.4033608815427,,,"Surface","Dairy","Grass Pasture","Pasture/Hay","Pasture/Hay","No","No tile in basin but in surrounding area in waterways","Kewaunee loam","C","Well drained",6,47.5,2008,"Spring",1,0,0,0,0,,1,1,1,1,1,1,"Previous crop",0,"Current fall + spring",1,"Yes"
"K8","Non-Frozen","Storm","2008-16",2008-06-08 16:30:00,2008-06-08 18:30:00,242.8,0.1113,1.001,4.617,0.2168,1.08,0.972,0.702,0.486,0.339,0.554,1.752,2.22,729,5,217800,0.0133774104683196,2008-06-08 12:50:00,3.66666666666667,"Surface","Dairy","Grass Pasture","Pasture/Hay","Pasture/Hay","No","No tile in basin but in surrounding area in waterways","Kewaunee loam","C","Well drained",6,47.5,2008,"Summer",1,0,0,0,0,,1,1,1,1,1,1,"Current crop",0,"Current spring + summer",,
"K8","Non-Frozen","Storm","2008-17",2008-06-08 23:42:00,2008-06-09 12:45:00,4941,0.5724,1.238,6.833,0.1812,1.68,1.446,1.09,0.734,1.34,1.34,2.753,3.221,730,5,217800,0.272231404958678,2008-06-08 23:23:00,0.316666666666667,"Surface","Dairy","Grass Pasture","Pasture/Hay","Pasture/Hay","No","No tile in basin but in surrounding area in waterways","Kewaunee loam","C","Well drained",6,47.5,2008,"Summer",1,0,0,0,0,,1,1,1,1,1,1,"Current crop",0,"Current spring + summer",,
"K8","Non-Frozen","Storm","2008-18",2008-06-12 23:00:00,2008-06-13 15:00:00,35990,5.072,2.908,13.3,0.2186,3.816,2.826,1.448,0.926,0,0,2.793,4.432,731,5,217800,1.98292011019284,2008-06-12 18:32:00,4.46666666666667,"Surface","Dairy","Grass Pasture","Pasture/Hay","Pasture/Hay","No","No tile in basin but in surrounding area in waterways","Kewaunee loam","C","Well drained",6,47.5,2008,"Summer",1,0,0,0,0,,1,1,1,1,1,1,"Current crop",0,"Current spring + summer",,
"K8","Non-Frozen","Storm","2008-19",2008-07-16 20:00:00,2008-07-17 02:06:00,6993,2.1,2.635,2.683,0.982,5.112,4.83,3.962,2.32,0,0,0.66,1.371,732,5,217800,0.385289256198347,,,"Surface","Dairy","Grass Pasture","Pasture/Hay","Pasture/Hay","No","No tile in basin but in surrounding area in waterways","Kewaunee loam","C","Well drained",6,47.5,2008,"Summer",1,0,0,0,0,,1,1,1,1,1,1,"Current crop",0,"Current spring + summer",,
"K8","Non-Frozen","Storm","2008-20",2008-07-20 09:45:00,2008-07-20 12:00:00,80.7,0.02,0.368,1.833,0.2007,1.932,1.398,0.574,0.341,0.135,0.135,2.77,4.105,733,5,217800,0.00444628099173554,2008-07-20 08:57:00,0.8,"Surface","Dairy","Grass Pasture","Pasture/Hay","Pasture/Hay","No","No tile in basin but in surrounding area in waterways","Kewaunee loam","C","Well drained",6,47.5,2008,"Summer",1,0,0,0,0,,1,1,1,1,1,1,"Current crop",0,"Current spring + summer",,
"K8","Non-Frozen","Storm","2009-10",2009-04-25 16:40:00,2009-04-25 19:01:00,354.4,0.07593,0.585,5.333,0.1097,0.648,0.378,0.27,0.243,0,0.009,1.08,1.107,743,5,217800,0.0195261707988981,2009-04-25 12:00:00,4.66666666666667,"Surface","Dairy","Grass Pasture","Pasture/Hay","Pasture/Hay","No","No tile in basin but in surrounding area in waterways","Kewaunee loam","C","Well drained",6,47.5,2009,"Spring",1,0,0,0,0,0,1,1,1,1,1,1,"Previous crop",0,"Current fall + spring",1,"Yes"
"K8","Non-Frozen","Storm","2009-11",2009-04-26 03:15:00,2009-04-27 04:01:00,6233,0.3204,1.26,22.52,0.05596,0.54,0.378,0.288,0.252,0.594,0.594,1.674,1.701,744,5,217800,0.343415977961433,2009-04-26 02:19:00,0.933333333333333,"Surface","Dairy","Grass Pasture","Pasture/Hay","Pasture/Hay","No","No tile in basin but in surrounding area in waterways","Kewaunee loam","C","Well drained",6,47.5,2009,"Spring",1,0,0,0,0,0,1,1,1,1,1,1,"Previous crop",0,"Current fall + spring",1,"Yes"
"K8","Non-Frozen","Storm","2010-1",2009-12-25 12:00:00,2009-12-26 04:03:00,1879,0.0678,1.296,23.67,0.05476,0.54,0.432,0.234,0.189,0.009,0.009,0.009,0.009,745,5,217800,0.103526170798898,2009-12-24 23:31:00,12.4833333333333,"Surface","Dairy","Grass Pasture","Pasture/Hay","Pasture/Hay","No","No tile in basin but in surrounding area in waterways","Kewaunee loam","C","Well drained",6,47.5,2010,"Fall",1,0,0,0,0,0,1,1,1,1,1,1,"Previous crop",0,"Previous summer + current fall",1,"Yes"
"K8","Non-Frozen","Storm","2010-6",2010-04-07 04:00:00,2010-04-07 06:45:00,324.8,0.06072,0.513,3.783,0.1356,0.756,0.648,0.378,0.297,0.585,0.585,0.621,0.621,750,5,217800,0.0178953168044077,2010-04-07 01:20:00,2.66666666666667,"Surface","Dairy","Grass Pasture","Pasture/Hay","Pasture/Hay","No","No tile in basin but in surrounding area in waterways","Kewaunee loam","C","Well drained",6,47.5,2010,"Spring",1,0,0,0,0,0,1,1,1,1,1,1,"Previous crop",0,"Current fall + spring",1,"Yes"
"K8","Non-Frozen","Storm","2010-7",2010-04-08 13:45:00,2010-04-08 20:45:00,539.8,0.0414,0.144,4.117,0.03498,0.108,0.108,0.09,0.081,0.162,0.837,1.296,1.296,751,5,217800,0.0297410468319559,2010-04-08 13:17:00,0.466666666666667,"Surface","Dairy","Grass Pasture","Pasture/Hay","Pasture/Hay","No","No tile in basin but in surrounding area in waterways","Kewaunee loam","C","Well drained",6,47.5,2010,"Spring",1,0,0,0,0,0,1,1,1,1,1,1,"Previous crop",0,"Current fall + spring",1,"Yes"
"K8","Non-Frozen","Storm","2010-8",2010-04-25 07:00:00,2010-04-25 17:45:00,8555,0.975,1.332,11.13,0.1196,1.08,0.756,0.486,0.396,0.756,0.756,0.756,0.801,752,5,217800,0.471349862258953,2010-04-25 04:39:00,2.35,"Surface","Dairy","Grass Pasture","Pasture/Hay","Pasture/Hay","No","No tile in basin but in surrounding area in waterways","Kewaunee loam","C","Well drained",6,47.5,2010,"Spring",1,0,0,0,0,0,1,1,1,1,1,1,"Previous crop",0,"Current fall + spring",1,"Yes"
"K8","Non-Frozen","Storm","2010-9",2010-05-13 07:30:00,2010-05-13 17:30:00,1181,0.1045,0.522,8.633,0.06046,0.324,0.27,0.216,0.171,0.009,0.531,1.161,1.647,753,5,217800,0.065068870523416,2010-05-13 06:10:00,1.33333333333333,"Surface","Dairy","Grass Pasture","Pasture/Hay","Pasture/Hay","No","No tile in basin but in surrounding area in waterways","Kewaunee loam","C","Well drained",6,47.5,2010,"Spring",1,0,0,0,0,0,1,1,1,1,1,1,"Previous crop",0,"Current fall + spring",1,"Yes"
"K8","Non-Frozen","Storm","2010-10",2010-05-26 23:30:00,2010-05-27 01:15:00,512.2,0.3836,0.727,1.733,0.4194,1.68,1.326,1.112,0.673,0,0,0.234,0.756,754,5,217800,0.0282203856749311,2010-05-26 23:24:00,0.1,"Surface","Dairy","Grass Pasture","Pasture/Hay","Pasture/Hay","No","No tile in basin but in surrounding area in waterways","Kewaunee loam","C","Well drained",6,47.5,2010,"Spring",1,0,0,0,0,0,1,1,1,1,1,1,"Previous crop",0,"Current fall + spring",1,"Yes"
"K8","Non-Frozen","Storm","2010-11",2010-06-11 12:45:00,2010-06-11 14:15:00,322,0.2006,0.72,2.083,0.3456,1.68,1.32,0.7,0.48,0.03,0.03,1.536,1.563,755,5,217800,0.0177410468319559,2010-06-11 11:19:00,1.43333333333333,"Surface","Dairy","Grass Pasture","Pasture/Hay","Pasture/Hay","No","No tile in basin but in surrounding area in waterways","Kewaunee loam","C","Well drained",6,47.5,2010,"Summer",1,0,0,0,0,0,1,1,1,1,1,1,"Current crop",0,"Current spring + summer",,
"K8","Non-Frozen","Storm","2010-12",2010-06-15 20:45:00,2010-06-16 06:30:00,8562,0.6795,0.477,7,0.06814,0.432,0.324,0.198,0.144,0.308,0.338,1.638,2.712,756,5,217800,0.471735537190083,2010-06-15 19:24:00,1.35,"Surface","Dairy","Grass Pasture","Pasture/Hay","Pasture/Hay","No","No tile in basin but in surrounding area in waterways","Kewaunee loam","C","Well drained",6,47.5,2010,"Summer",1,0,0,0,0,0,1,1,1,1,1,1,"Current crop",0,"Current spring + summer",,
"K8","Non-Frozen","Storm","2010-13",2010-06-24 01:45:00,2010-06-24 03:45:00,693.2,0.5592,0.697,0.4833,1.442,4.62,3.588,1.394,0.697,0.288,0.495,0.504,2.169,757,5,217800,0.0381928374655647,,,"Surface","Dairy","Grass Pasture","Pasture/Hay","Pasture/Hay","No","No tile in basin but in surrounding area in waterways","Kewaunee loam","C","Well drained",6,47.5,2010,"Summer",1,0,0,0,0,0,1,1,1,1,1,1,"Current crop",0,"Current spring + summer",,
"K8","Non-Frozen","Storm","2010-14",2010-06-27 08:30:00,2010-06-27 10:30:00,255.7,0.1257,0.415,2.833,0.1465,1.08,0.978,0.596,0.334,0,0.009,1.201,2.025,758,5,217800,0.0140881542699725,2010-06-27 07:35:00,0.916666666666667,"Surface","Dairy","Grass Pasture","Pasture/Hay","Pasture/Hay","No","No tile in basin but in surrounding area in waterways","Kewaunee loam","C","Well drained",6,47.5,2010,"Summer",1,0,0,0,0,0,1,1,1,1,1,1,"Current crop",0,"Current spring + summer",,
"K8","Non-Frozen","Storm","2010-15",2010-07-15 05:45:00,2010-07-15 13:15:00,3000,0.3528,1.003,4.333,0.2315,4.32,2.832,1.07,0.58,0.905,0.905,1.13,1.51,759,5,217800,0.165289256198347,2010-07-15 05:44:00,0.0166666666666667,"Surface","Dairy","Grass Pasture","Pasture/Hay","Pasture/Hay","No","No tile in basin but in surrounding area in waterways","Kewaunee loam","C","Well drained",6,47.5,2010,"Summer",1,0,0,0,0,0,1,1,1,1,1,1,"Current crop",0,"Current spring + summer",,
"K8","Non-Frozen","Storm","2010-16",2010-07-21 01:45:00,2010-07-21 02:45:00,150.2,0.1391,0.695,1.017,0.6836,4.44,3.072,1.318,0.686,0.054,0.054,2.161,2.757,760,5,217800,0.00827548209366391,2010-07-21 00:59:00,0.766666666666667,"Surface","Dairy","Grass Pasture","Pasture/Hay","Pasture/Hay","No","No tile in basin but in surrounding area in waterways","Kewaunee loam","C","Well drained",6,47.5,2010,"Summer",1,0,0,0,0,0,1,1,1,1,1,1,"Current crop",0,"Current spring + summer",,
"K8","Non-Frozen","Storm","2010-17",2010-07-22 18:00:00,2010-07-23 02:00:00,13640,3.541,1.72,7.55,0.2278,2.58,2.19,1.362,0.982,0,0.695,0.948,3.072,761,5,217800,0.751515151515151,2010-07-22 14:26:00,3.56666666666667,"Surface","Dairy","Grass Pasture","Pasture/Hay","Pasture/Hay","No","No tile in basin but in surrounding area in waterways","Kewaunee loam","C","Well drained",6,47.5,2010,"Summer",1,0,0,0,0,0,1,1,1,1,1,1,"Current crop",0,"Current spring + summer",,
"K8","Non-Frozen","Storm","2010-18",2010-07-24 09:15:00,2010-07-24 15:30:00,1286,0.2345,0.455,3.25,0.14,1.56,0.888,0.35,0.211,0,1.72,2.668,4.792,762,5,217800,0.0708539944903581,2010-07-24 08:11:00,1.06666666666667,"Surface","Dairy","Grass Pasture","Pasture/Hay","Pasture/Hay","No","No tile in basin but in surrounding area in waterways","Kewaunee loam","C","Well drained",6,47.5,2010,"Summer",1,0,0,0,0,0,1,1,1,1,1,1,"Current crop",0,"Current spring + summer",,
"K8","Non-Frozen","Storm","2010-19",2010-08-11 15:00:00,2010-08-11 18:15:00,2573,0.7522,1.205,5.05,0.2386,2.28,1.98,1.244,0.721,0,0.009,0.369,0.711,763,5,217800,0.141763085399449,2010-08-11 10:46:00,4.23333333333333,"Surface","Dairy","Grass Pasture","Pasture/Hay","Pasture/Hay","No","No tile in basin but in surrounding area in waterways","Kewaunee loam","C","Well drained",6,47.5,2010,"Summer",1,0,0,0,0,0,1,1,1,1,1,1,"Current crop",0,"Current spring + summer",,
"K8","Non-Frozen","Storm","2011-12",2011-04-16 01:15:00,2011-04-16 18:00:00,4542,0.4052,1.226,16.8,0.07298,1.32,0.768,0.432,0.306,0,0.018,0.273,0.84,775,5,217800,0.250247933884298,2011-04-15 23:26:00,1.81666666666667,"Surface","Dairy","Grass Pasture","Pasture/Hay","Pasture/Hay","No","No tile in basin but in surrounding area in waterways","Kewaunee loam","C","Well drained",6,47.5,2011,"Spring",1,0,0,0,0,0,1,1,1,1,1,1,"Previous crop",0,"Current fall + spring",1,"Yes"
"K8","Non-Frozen","Storm","2011-13",2011-04-16 20:45:00,2011-04-17 00:30:00,279.3,0.03018,0.072,2.183,0.03298,0.108,0.054,0.054,0.036,1.226,1.226,1.499,2.066,776,5,217800,0.0153884297520661,2011-04-16 20:09:00,0.6,"Surface","Dairy","Grass Pasture","Pasture/Hay","Pasture/Hay","No","No tile in basin but in surrounding area in waterways","Kewaunee loam","C","Well drained",6,47.5,2011,"Spring",1,0,0,0,0,0,1,1,1,1,1,1,"Previous crop",0,"Current fall + spring",1,"Yes"
"K8","Non-Frozen","Storm","2011-14",2011-04-20 21:30:00,2011-04-21 05:00:00,814.1,0.05006,0,,,,,,,0.36,0.369,1.685,1.94,777,5,217800,0.0448539944903581,,,"Surface","Dairy","Grass Pasture","Pasture/Hay","Pasture/Hay","No","No tile in basin but in surrounding area in waterways","Kewaunee loam","C","Well drained",6,47.5,2011,"Spring",1,0,0,0,0,0,1,1,1,1,1,1,"Previous crop",0,"Current fall + spring",1,"Yes"
"K8","Non-Frozen","Storm","2011-15",2011-04-21 15:15:00,2011-04-22 02:15:00,4989,0.3494,0,,,,,,,0.063,0.369,1.667,1.94,778,5,217800,0.274876033057851,,,"Surface","Dairy","Grass Pasture","Pasture/Hay","Pasture/Hay","No","No tile in basin but in surrounding area in waterways","Kewaunee loam","C","Well drained",6,47.5,2011,"Spring",1,0,0,0,0,0,1,1,1,1,1,1,"Previous crop",0,"Current fall + spring",1,"Yes"
"K8","Non-Frozen","Storm","2011-16",2011-04-23 00:45:00,2011-04-23 11:00:00,1945,0.15,0.279,4.7,0.05936,0.54,0.324,0.162,0.135,0.027,0.027,1.514,1.967,779,5,217800,0.107162534435262,2011-04-23 00:31:00,0.233333333333333,"Surface","Dairy","Grass Pasture","Pasture/Hay","Pasture/Hay","No","No tile in basin but in surrounding area in waterways","Kewaunee loam","C","Well drained",6,47.5,2011,"Spring",1,0,0,0,0,0,1,1,1,1,1,1,"Previous crop",0,"Current fall + spring",1,"Yes"
"K8","Non-Frozen","Storm","2011-17",2011-04-26 09:30:00,2011-04-26 21:00:00,11120,0.9344,1.179,13.53,0.08712,0.54,0.378,0.324,0.297,0,0,0.675,1.991,780,5,217800,0.61267217630854,2011-04-26 07:00:00,2.5,"Surface","Dairy","Grass Pasture","Pasture/Hay","Pasture/Hay","No","No tile in basin but in surrounding area in waterways","Kewaunee loam","C","Well drained",6,47.5,2011,"Spring",1,0,0,0,0,0,1,1,1,1,1,1,"Previous crop",0,"Current fall + spring",1,"Yes"
"K8","Non-Frozen","Storm","2011-18",2011-04-27 15:45:00,2011-04-27 18:15:00,194.8,0.03374,0.09,1.733,0.05192,0.108,0.108,0.072,0.063,0.108,1.215,1.611,3.206,781,5,217800,0.010732782369146,2011-04-27 14:44:00,1.01666666666667,"Surface","Dairy","Grass Pasture","Pasture/Hay","Pasture/Hay","No","No tile in basin but in surrounding area in waterways","Kewaunee loam","C","Well drained",6,47.5,2011,"Spring",1,0,0,0,0,0,1,1,1,1,1,1,"Previous crop",0,"Current fall + spring",1,"Yes"
"K8","Non-Frozen","Storm","2011-19",2011-05-12 01:00:00,2011-05-12 02:15:00,73.6,0.03236,0.176,0.2167,0.8123,1.464,0.84,0.352,0.176,0.416,0.416,0.569,0.803,782,5,217800,0.00405509641873278,2011-05-12 00:59:00,0.0166666666666667,"Surface","Dairy","Grass Pasture","Pasture/Hay","Pasture/Hay","No","No tile in basin but in surrounding area in waterways","Kewaunee loam","C","Well drained",6,47.5,2011,"Spring",1,0,0,0,0,0,1,1,1,1,1,1,"Previous crop",0,"Current fall + spring",1,"Yes"
"K8","Non-Frozen","Storm","2011-20",2011-06-24 02:00:00,2011-06-24 05:30:00,847.3,0.1814,1.109,12.43,0.0892,0.996,0.768,0.598,0.389,0.072,1.296,1.611,2.291,783,5,217800,0.0466831955922865,2011-06-23 16:16:00,9.73333333333333,"Surface","Dairy","Grass Pasture","Pasture/Hay","Pasture/Hay","No","No tile in basin but in surrounding area in waterways","Kewaunee loam","C","Well drained",6,47.5,2011,"Summer",1,0,0,0,0,0,1,1,1,1,1,1,"Current crop",0,"Current spring + summer",,
"KD1","Non-Frozen","Storm","2019-2",2018-10-28 12:15:00,2018-10-28 16:30:00,808.5,0.1609,0.56,4.333,0.1292,0.36,0.3,0.24,0.22,0,0,0,0.59,784,2.63,114562.8,0.0846871759419288,2018-10-28 11:29:00,0.766666666666667,"Surface","Dairy","Corn","Cultivated Crops","Cultivated Crops","No",,"Waymor silt loam","C","Well drained",3.92,22.5,2019,"Fall",1,0,0,0,0,,1,0,0,0,0,0,"Previous crop",,"Previous summer + current fall",0,"No"
"KD1","Non-Frozen","Storm","2019-3",2018-11-04 17:00:00,2018-11-05 10:30:00,1585,0.1119,0.24,20.67,0.01161,0.12,0.06,0.04,0.04,0,0,0.42,0.56,785,2.63,114562.8,0.166022478500875,2018-11-04 12:54:00,4.1,"Surface","Dairy","Corn","Cultivated Crops","Cultivated Crops","No",,"Waymor silt loam","C","Well drained",3.92,22.5,2019,"Fall",1,0,0,0,0,,1,0,0,0,0,0,"Previous crop",,"Previous summer + current fall",0,"No"
"KD1","Non-Frozen","Storm","2019-4",2018-11-06 02:00:00,2018-11-07 02:45:00,2700,0.2416,0.63,20.58,0.03061,0.24,0.18,0.14,0.12,0.02,0.24,0.24,0.8,786,2.63,114562.8,0.282814316689187,,,"Surface","Dairy","Corn","Cultivated Crops","Cultivated Crops","No",,"Waymor silt loam","C","Well drained",3.92,22.5,2019,"Fall",1,0,0,0,0,,1,0,0,0,0,0,"Previous crop",,"Previous summer + current fall",0,"No"
"KD1","Non-Frozen","Storm","2019-11",2019-04-07 20:30:00,2019-04-08 21:00:00,261.6,0.0298,0.27,3.4,0.07941,0.36,0.36,0.26,0.18,0.01,0.03,0.11,0.11,793,2.63,114562.8,0.0274015649058857,2019-04-07 20:10:00,0.333333333333333,"Surface","Dairy","Corn","Cultivated Crops","Cultivated Crops","No",,"Waymor silt loam","C","Well drained",3.92,22.5,2019,"Spring",1,0,0,0,0,,1,0,0,0,0,0,"Previous crop",0,"Current fall + spring",0,"No"
"KD1","Non-Frozen","Storm","2019-12",2019-04-12 10:31:00,2019-04-13 22:00:00,1467,0.0912,0,,,,,,,0,0,0.34,0.41,794,2.63,114562.8,0.153662445401125,,,"Surface","Dairy","Corn","Cultivated Crops","Cultivated Crops","No",,"Waymor silt loam","C","Well drained",3.92,22.5,2019,"Spring",1,0,0,0,0,,1,0,0,0,0,0,"Previous crop",0,"Current fall + spring",0,"No"
"KD1","Non-Frozen","Storm","2019-13",2019-04-17 18:25:00,2019-04-19 17:00:00,3602,0.4009,0.88,19.82,0.04441,1.2,0.72,0.36,0.3,0,0.16,0.16,0.53,795,2.63,114562.8,0.377295247672019,2019-04-17 17:52:00,0.55,"Surface","Dairy","Corn","Cultivated Crops","Cultivated Crops","No",,"Waymor silt loam","C","Well drained",3.92,22.5,2019,"Spring",1,0,0,0,0,,1,0,0,0,0,0,"Previous crop",0,"Current fall + spring",0,"No"
"KD1","Non-Frozen","Storm","2019-14",2019-04-23 02:21:00,2019-04-23 14:46:00,365.5,0.092,0.55,8.5,0.06471,1.08,0.66,0.36,0.21,0,0,1.04,1.07,796,2.63,114562.8,0.0382846787962585,2019-04-22 22:38:00,3.71666666666667,"Surface","Dairy","Corn","Cultivated Crops","Cultivated Crops","No",,"Waymor silt loam","C","Well drained",3.92,22.5,2019,"Spring",1,0,0,0,0,,1,0,0,0,0,0,"Previous crop",0,"Current fall + spring",0,"No"
"KD1","Non-Frozen","Storm","2019-15",2019-04-26,2019-04-26 18:30:00,63,0.0162,0.34,15.23,0.02232,0.24,0.18,0.18,0.14,0,0,0.55,1.59,797,2.63,114562.8,0.0065990007227477,2019-04-25 21:28:00,2.53333333333333,"Surface","Dairy","Corn","Cultivated Crops","Cultivated Crops","No",,"Waymor silt loam","C","Well drained",3.92,22.5,2019,"Spring",1,0,0,0,0,,1,0,0,0,0,0,"Previous crop",0,"Current fall + spring",0,"No"
"KD1","Non-Frozen","Storm","2019-16",2019-05-01 07:15:00,2019-05-03 22:00:00,385.6,0.034,0.34,33.42,0.01017,0.24,0.18,0.12,0.1,0.02,0.28,0.62,2.05,798,2.63,114562.8,0.0403900742649446,2019-05-01 06:53:00,0.366666666666667,"Surface","Dairy","Corn","Cultivated Crops","Cultivated Crops","No",,"Waymor silt loam","C","Well drained",3.92,22.5,2019,"Spring",1,0,0,0,0,,1,0,0,0,0,0,"Previous crop",0,"Current fall + spring",0,"No"
"KD1","Non-Frozen","Storm","2019-17",2019-05-09 01:45:00,2019-05-10 14:40:00,170.2,0.0238,0.46,21.5,0.0214,0.36,0.3,0.16,0.12,0.16,0.16,0.19,1.14,799,2.63,114562.8,0.0178277765557406,2019-05-09 01:28:00,0.283333333333333,"Surface","Dairy","Corn","Cultivated Crops","Cultivated Crops","No",,"Waymor silt loam","C","Well drained",3.92,22.5,2019,"Spring",1,0,0,0,0,,1,0,0,0,0,0,"Previous crop",0,"Current fall + spring",0,"No"
"KD1","Non-Frozen","Storm","2019-18",2019-05-19 10:15:00,2019-05-20 23:00:00,415.4,0.2515,0.9,24.05,0.03742,2.76,1.5,0.76,0.39,0.01,0.06,0.15,0.79,800,2.63,114562.8,0.0435115063528475,2019-05-19 09:22:00,0.883333333333333,"Surface","Dairy","Corn","Cultivated Crops","Cultivated Crops","No",,"Waymor silt loam","C","Well drained",3.92,22.5,2019,"Spring",1,0,0,0,0,,1,0,0,0,0,0,"Previous crop",0,"Current fall + spring",0,"No"
"KD1","Non-Frozen","Storm","2019-19",2019-05-22 08:02:00,2019-05-23 00:30:00,32.4,0.0121,0.26,2.55,0.102,0.24,0.24,0.14,0.13,0,0.01,1.05,1.67,801,2.63,114562.8,0.00339377180027024,2019-05-22 07:37:00,0.416666666666667,"Surface","Dairy","Corn","Cultivated Crops","Cultivated Crops","No",,"Waymor silt loam","C","Well drained",3.92,22.5,2019,"Spring",1,0,0,0,0,,1,0,0,0,0,0,"Previous crop",0,"Current fall + spring",0,"No"
"KD1","Non-Frozen","Storm","2019-20",2019-05-25 05:21:00,2019-05-25 22:45:00,301.5,0.1045,0.45,4.383,0.1027,1.2,0.78,0.44,0.28,0,0,1.22,1.31,802,2.63,114562.8,0.0315809320302926,2019-05-25 05:16:00,0.0833333333333333,"Surface","Dairy","Corn","Cultivated Crops","Cultivated Crops","No",,"Waymor silt loam","C","Well drained",3.92,22.5,2019,"Spring",1,0,0,0,0,,1,0,0,0,0,0,"Previous crop",0,"Current fall + spring",0,"No"
"KD1","Non-Frozen","Storm","2019-21",2019-05-27 21:36:00,2019-05-29 05:00:00,3436,0.236,1.19,13.52,0.08804,0.48,0.36,0.26,0.24,0,0,0.71,1.76,803,2.63,114562.8,0.359907404497795,2019-05-27 20:54:00,0.7,"Surface","Dairy","Corn","Cultivated Crops","Cultivated Crops","No",,"Waymor silt loam","C","Well drained",3.92,22.5,2019,"Spring",1,0,0,0,0,,1,0,0,0,0,0,"Previous crop",0,"Current fall + spring",0,"No"
"KD1","Non-Frozen","Storm","2019-22",2019-06-12 22:00:00,2019-06-13 14:15:00,175.3,0.0262,1.02,8.75,0.1166,0.72,0.54,0.4,0.3,0.15,0.15,0.15,0.56,804,2.63,114562.8,0.0183619813761535,2019-06-12 20:45:00,1.25,"Surface","Dairy","Corn","Cultivated Crops","Cultivated Crops","No",,"Waymor silt loam","C","Well drained",3.92,22.5,2019,"Summer",1,0,0,0,0,,1,0,0,0,0,0,"Current crop",0,"Current spring + summer",,
"KD1","Non-Frozen","Storm","2019-23",2019-06-14 16:05:00,2019-06-15 07:30:00,64.2,0.0047,0.3,14.92,0.02011,0.24,0.24,0.14,0.12,0,1.09,1.17,1.58,805,2.63,114562.8,0.00672469597460956,2019-06-14 14:49:00,1.26666666666667,"Surface","Dairy","Corn","Cultivated Crops","Cultivated Crops","No",,"Waymor silt loam","C","Well drained",3.92,22.5,2019,"Summer",1,0,0,0,0,,1,0,0,0,0,0,"Current crop",0,"Current spring + summer",,
"KD1","Non-Frozen","Storm","2019-24",2019-06-24 18:00:00,2019-06-25 09:30:00,131.1,0.0602,0.78,10.57,0.07382,2.4,2.1,0.88,0.48,0,0,0.03,1.53,806,2.63,114562.8,0.0137322062659083,2019-06-24 17:54:00,0.1,"Surface","Dairy","Corn","Cultivated Crops","Cultivated Crops","No",,"Waymor silt loam","C","Well drained",3.92,22.5,2019,"Summer",1,0,0,0,0,,1,0,0,0,0,0,"Current crop",0,"Current spring + summer",,
"KD1","Non-Frozen","Storm","2019-25",2019-06-28 09:02:00,2019-06-28 17:15:00,57.7,0.0214,0.31,3.967,0.07815,0.48,0.36,0.28,0.21,0.2,0.2,0.98,1.34,807,2.63,114562.8,0.00604384669369115,2019-06-28 08:23:00,0.65,"Surface","Dairy","Corn","Cultivated Crops","Cultivated Crops","No",,"Waymor silt loam","C","Well drained",3.92,22.5,2019,"Summer",1,0,0,0,0,,1,0,0,0,0,0,"Current crop",0,"Current spring + summer",,
"KD1","Non-Frozen","Storm","2019-26",2019-07-02 12:00:00,2019-07-02 18:00:00,12.7,0.0045,0.32,4.633,0.06906,0.36,0.3,0.2,0.19,0.03,0.04,0.55,1.36,808,2.63,114562.8,0.00133027474887136,2019-07-02 09:13:00,2.78333333333333,"Surface","Dairy","Corn","Cultivated Crops","Cultivated Crops","No",,"Waymor silt loam","C","Well drained",3.92,22.5,2019,"Summer",1,0,0,0,0,,1,0,0,0,0,0,"Current crop",0,"Current spring + summer",,
"KD1","Non-Frozen","Storm","2019-27",2019-07-20 03:00:00,2019-07-20 03:45:00,94.6,0.0899,0.7,0.6833,1.024,2.64,2.04,1.26,0.7,0.23,0.42,0.42,0.59,809,2.63,114562.8,0.00990897568844337,2019-07-20 02:53:00,0.116666666666667,"Surface","Dairy","Corn","Cultivated Crops","Cultivated Crops","No",,"Waymor silt loam","C","Well drained",3.92,22.5,2019,"Summer",1,0,0,0,0,,1,0,0,0,0,0,"Current crop",0,"Current spring + summer",,
"KD1","Non-Frozen","Storm","2019-28",2019-07-20 17:13:00,2019-07-20 18:00:00,734.5,0.7431,0.68,1.767,0.3849,4.56,3.24,1.28,0.64,0.75,0.98,1.17,1.34,810,2.63,114562.8,0.0769359687437807,2019-07-20 15:47:00,1.43333333333333,"Surface","Dairy","Corn","Cultivated Crops","Cultivated Crops","No",,"Waymor silt loam","C","Well drained",3.92,22.5,2019,"Summer",1,0,0,0,0,,1,0,0,0,0,0,"Current crop",0,"Current spring + summer",,
"KD1","Non-Frozen","Storm","2019-29",2019-08-06 00:52:00,2019-08-06 01:23:00,28,0.0357,0.99,3.283,0.3015,2.04,1.74,0.86,0.54,0.02,0.07,0.07,0.39,811,2.63,114562.8,0.00293288921011009,2019-08-05 21:58:00,2.9,"Surface","Dairy","Corn","Cultivated Crops","Cultivated Crops","No",,"Waymor silt loam","C","Well drained",3.92,22.5,2019,"Summer",1,0,0,0,0,,1,0,0,0,0,0,"Current crop",0,"Current spring + summer",,
"KD1","Non-Frozen","Storm","2019-30",2019-08-07 23:19:00,2019-08-08 02:30:00,1415,0.6933,1.67,4.167,0.4008,3,2.34,1.66,0.83,0,1.08,1.15,1.47,812,2.63,114562.8,0.148215651153778,2019-08-07 21:53:00,1.43333333333333,"Surface","Dairy","Corn","Cultivated Crops","Cultivated Crops","No",,"Waymor silt loam","C","Well drained",3.92,22.5,2019,"Summer",1,0,0,0,0,,1,0,0,0,0,0,"Current crop",0,"Current spring + summer",,
"KD1","Non-Frozen","Storm","2019-31",2019-08-16 23:22:00,2019-08-16 23:45:00,46.5,0.1186,0.4,0.2667,1.5,3.24,2.1,0.8,0.4,0.17,0.17,0.18,3.01,813,2.63,114562.8,0.00487069100964711,2019-08-16 23:11:00,0.183333333333333,"Surface","Dairy","Corn","Cultivated Crops","Cultivated Crops","No",,"Waymor silt loam","C","Well drained",3.92,22.5,2019,"Summer",1,0,0,0,0,,1,0,0,0,0,0,"Current crop",0,"Current spring + summer",,
"KD1","Non-Frozen","Storm","2019-32",2019-08-27 00:01:00,2019-08-27 03:45:00,531.6,0.1905,1.57,7.45,0.2107,1.44,1.08,0.76,0.55,0.35,0.35,0.35,0.93,814,2.63,114562.8,0.0556829965748044,2019-08-26 19:32:00,4.48333333333333,"Surface","Dairy","Corn","Cultivated Crops","Cultivated Crops","No",,"Waymor silt loam","C","Well drained",3.92,22.5,2019,"Summer",1,0,0,0,0,,1,0,0,0,0,0,"Current crop",0,"Current spring + summer",,
"KD1","Non-Frozen","Storm","2019-33",2019-08-29 18:26:00,2019-08-29 19:15:00,214.9,0.2117,0.42,0.3167,1.326,2.88,1.98,0.84,0.42,0,0.06,1.98,2.55,815,2.63,114562.8,0.0225099246875949,2019-08-29 18:17:00,0.15,"Surface","Dairy","Corn","Cultivated Crops","Cultivated Crops","No",,"Waymor silt loam","C","Well drained",3.92,22.5,2019,"Summer",1,0,0,0,0,,1,0,0,0,0,0,"Current crop",0,"Current spring + summer",,
"KD1","Non-Frozen","Storm","2019-34",2019-09-03 07:43:00,2019-09-03 16:00:00,3319,1.715,1.65,7.417,0.2225,2.88,2.4,1.28,0.76,0,0,0.48,2.4,816,2.63,114562.8,0.347652117441264,2019-09-03 06:56:00,0.783333333333333,"Surface","Dairy","Corn","Cultivated Crops","Cultivated Crops","No",,"Waymor silt loam","C","Well drained",3.92,22.5,2019,"Summer",1,0,0,0,0,,1,0,0,0,0,0,"Current crop",0,"Current spring + summer",,
"KD1","Non-Frozen","Storm","2019-35",2019-09-10 06:00:00,2019-09-10 19:00:00,12720,8.101,2.42,8.383,0.2887,5.4,4.56,2.66,1.52,0.01,0.01,1.82,2.3,817,2.63,114562.8,1.33236966973573,2019-09-10 05:23:00,0.616666666666667,"Surface","Dairy","Corn","Cultivated Crops","Cultivated Crops","No",,"Waymor silt loam","C","Well drained",3.92,22.5,2019,"Summer",1,0,0,0,0,,1,0,0,0,0,0,"Current crop",0,"Current spring + summer",,
"KD1","Non-Frozen","Storm","2019-36",2019-09-11 14:15:00,2019-09-12 20:15:00,6921,1.184,1,7.55,0.1325,1.68,1.2,0.5,0.38,0,2.43,2.59,4.66,818,2.63,114562.8,0.724947365113283,,,"Surface","Dairy","Corn","Cultivated Crops","Cultivated Crops","No",,"Waymor silt loam","C","Well drained",3.92,22.5,2019,"Summer",1,0,0,0,0,,1,0,0,0,0,0,"Current crop",0,"Current spring + summer",,
"KD1","Non-Frozen","Storm","2019-37",2019-09-13 03:00:00,2019-09-13 20:30:00,3195,0.8274,0.51,6.867,0.07427,0.96,0.78,0.44,0.29,0,1,3.44,5.24,819,2.63,114562.8,0.334663608082205,2019-09-13 02:33:00,0.45,"Surface","Dairy","Corn","Cultivated Crops","Cultivated Crops","No",,"Waymor silt loam","C","Well drained",3.92,22.5,2019,"Summer",1,0,0,0,0,,1,0,0,0,0,0,"Current crop",0,"Current spring + summer",,
"KD1","Non-Frozen","Storm","2019-38",2019-09-19 13:10:00,2019-09-19 20:30:00,1595,0.6071,0.72,3.95,0.1823,1.92,1.2,0.54,0.38,0,0,0.52,4.11,820,2.63,114562.8,0.167069938933057,2019-09-19 12:07:00,1.05,"Surface","Dairy","Corn","Cultivated Crops","Cultivated Crops","No",,"Waymor silt loam","C","Well drained",3.92,22.5,2019,"Summer",1,0,0,0,0,,1,0,0,0,0,0,"Current crop",0,"Current spring + summer",,
"KD1","Non-Frozen","Storm","2019-39",2019-09-19 23:59:00,2019-09-20 18:45:00,293.3,0.0627,0.12,15.62,0.007684,0.36,0.24,0.14,0.1,0.72,0.72,1.24,4.75,821,2.63,114562.8,0.0307220144759032,2019-09-19 23:45:00,0.233333333333333,"Surface","Dairy","Corn","Cultivated Crops","Cultivated Crops","No",,"Waymor silt loam","C","Well drained",3.92,22.5,2019,"Summer",1,0,0,0,0,,1,0,0,0,0,0,"Current crop",0,"Current spring + summer",,
"KD1","Non-Frozen","Storm","2019-40",2019-09-22 07:15:00,2019-09-23 16:15:00,4336,0.7572,0.84,22.5,0.03733,1.32,1.02,0.56,0.37,0,0.01,0.84,4.79,822,2.63,114562.8,0.454178843394191,,,"Surface","Dairy","Corn","Cultivated Crops","Cultivated Crops","No",,"Waymor silt loam","C","Well drained",3.92,22.5,2019,"Summer",1,0,0,0,0,,1,0,0,0,0,0,"Current crop",0,"Current spring + summer",,
"KD1","Non-Frozen","Storm","2019-41",2019-09-27 11:44:00,2019-09-27 13:30:00,286.5,0.2007,0.31,2.167,0.1431,0.72,0.6,0.38,0.23,0,0.01,0.95,1.79,823,2.63,114562.8,0.0300097413820193,2019-09-27 10:27:00,1.28333333333333,"Surface","Dairy","Corn","Cultivated Crops","Cultivated Crops","No",,"Waymor silt loam","C","Well drained",3.92,22.5,2019,"Summer",1,0,0,0,0,,1,0,0,0,0,0,"Current crop",0,"Current spring + summer",,
"KD1","Non-Frozen","Storm","2019-42",2019-09-29 12:32:00,2019-09-29 14:45:00,85.9,0.0283,0.2,3,0.06667,0.24,0.18,0.14,0.13,0,0.27,1.28,2.13,824,2.63,114562.8,0.00899768511244488,2019-09-29 11:11:00,1.35,"Surface","Dairy","Corn","Cultivated Crops","Cultivated Crops","No",,"Waymor silt loam","C","Well drained",3.92,22.5,2019,"Summer",1,0,0,0,0,,1,0,0,0,0,0,"Current crop",0,"Current spring + summer",,
"KD1","Non-Frozen","Storm","2019-43",2019-09-30 10:28:00,2019-09-30 18:15:00,60.1,0.0159,0,,,,,,,0.25,0.25,0.7,2.38,825,2.63,114562.8,0.00629523719741487,,,"Surface","Dairy","Corn","Cultivated Crops","Cultivated Crops","No",,"Waymor silt loam","C","Well drained",3.92,22.5,2019,"Summer",1,0,0,0,0,,1,0,0,0,0,0,"Current crop",0,"Current spring + summer",,
"KD1","Non-Frozen","Storm","2020-1",2019-10-01 13:08:00,2019-10-02 14:00:00,8498,0.8992,1.53,22.23,0.06882,1.32,1.02,0.48,0.29,0,0.22,0.7,2.38,826,2.63,114562.8,0.890131875268412,2019-10-01 11:47:00,1.35,"Surface","Dairy","Corn","Cultivated Crops","Cultivated Crops","No",,"Waymor silt loam","C","Well drained",3.92,22.5,2020,"Fall",1,0,0,0,0,0,1,0,0,0,0,0,"Previous crop",0,"Previous summer + current fall",0,"No"
"KD1","Non-Frozen","Storm","2020-2",2019-10-03 01:45:00,2019-10-03 13:00:00,1858,0.2539,0.36,9.217,0.03906,0.6,0.42,0.18,0.09,0.74,1.53,2.13,3.91,827,2.63,114562.8,0.194618148299448,2019-10-03 00:25:00,1.33333333333333,"Surface","Dairy","Corn","Cultivated Crops","Cultivated Crops","No",,"Waymor silt loam","C","Well drained",3.92,22.5,2020,"Fall",1,0,0,0,0,0,1,0,0,0,0,0,"Previous crop",0,"Previous summer + current fall",0,"No"
"KD1","Non-Frozen","Storm","2020-3",2019-10-05 19:25:00,2019-10-06 04:45:00,1383,0.1275,0.35,7.233,0.04839,0.36,0.24,0.18,0.14,0,0,2.15,3.44,828,2.63,114562.8,0.144863777770795,2019-10-05 19:07:00,0.3,"Surface","Dairy","Corn","Cultivated Crops","Cultivated Crops","No",,"Waymor silt loam","C","Well drained",3.92,22.5,2020,"Fall",1,0,0,0,0,0,1,0,0,0,0,0,"Previous crop",0,"Previous summer + current fall",0,"No"
"KD1","Non-Frozen","Storm","2020-4",2019-10-11 13:00:00,2019-10-11 21:00:00,4789,0.642,0.96,8.1,0.1185,1.08,0.84,0.36,0.29,0.14,0.14,0.49,2.89,829,2.63,114562.8,0.501628800972043,2019-10-11 11:24:00,1.6,"Surface","Dairy","Corn","Cultivated Crops","Cultivated Crops","No",,"Waymor silt loam","C","Well drained",3.92,22.5,2020,"Fall",1,0,0,0,0,0,1,0,0,0,0,0,"Previous crop",0,"Previous summer + current fall",0,"No"
"KD1","Non-Frozen","Storm","2020-5",2019-10-16 06:06:00,2019-10-16 12:45:00,486.6,0.0338,0.21,5.867,0.0358,0.12,0.12,0.06,0.05,0.16,0.16,1.3,2.26,830,2.63,114562.8,0.0509694246299846,2019-10-16 05:13:00,0.883333333333333,"Surface","Dairy","Corn","Cultivated Crops","Cultivated Crops","No",,"Waymor silt loam","C","Well drained",3.92,22.5,2020,"Fall",1,0,0,0,0,0,1,0,0,0,0,0,"Previous crop",0,"Previous summer + current fall",0,"No"
"KD1","Non-Frozen","Storm","2020-6",2019-10-21 17:15:00,2019-10-22 01:15:00,1775,0.3145,0.49,5.183,0.09453,0.48,0.42,0.28,0.17,0,0.01,0.38,1.52,831,2.63,114562.8,0.185924226712336,2019-10-21 15:18:00,1.95,"Surface","Dairy","Corn","Cultivated Crops","Cultivated Crops","No",,"Waymor silt loam","C","Well drained",3.92,22.5,2020,"Fall",1,0,0,0,0,0,1,0,0,0,0,0,"Previous crop",0,"Previous summer + current fall",0,"No"
"KD1","Non-Frozen","Storm","2020-7",2019-10-27 03:51:00,2019-10-27 11:15:00,1144,0.1379,0.41,6.467,0.0634,0.24,0.24,0.18,0.16,0,0,0.56,0.94,832,2.63,114562.8,0.119829473441641,2019-10-27 02:55:00,0.933333333333333,"Surface","Dairy","Corn","Cultivated Crops","Cultivated Crops","No",,"Waymor silt loam","C","Well drained",3.92,22.5,2020,"Fall",1,0,0,0,0,0,1,0,0,0,0,0,"Previous crop",0,"Previous summer + current fall",0,"No"
"KD1","Non-Frozen","Storm","2020-8",2019-10-29 08:30:00,2019-10-29 11:00:00,78.4,0.0121,0,,,,,,,0,0.02,0.48,1.35,833,2.63,114562.8,0.00821208978830825,,,"Surface","Dairy","Corn","Cultivated Crops","Cultivated Crops","No",,"Waymor silt loam","C","Well drained",3.92,22.5,2020,"Fall",1,0,0,0,0,0,1,0,0,0,0,0,"Previous crop",0,"Previous summer + current fall",0,"No"
"KD1","Non-Frozen","Storm","2020-9",2019-10-31 17:15:00,2019-11-01 00:30:00,328.5,0.0214,0,,,,,,,0,0,0.41,0.98,834,2.63,114562.8,0.0344090751971844,,,"Surface","Dairy","Corn","Cultivated Crops","Cultivated Crops","No",,"Waymor silt loam","C","Well drained",3.92,22.5,2020,"Fall",1,0,0,0,0,0,1,0,0,0,0,0,"Previous crop",0,"Previous summer + current fall",0,"No"
"KD1","Non-Frozen","Storm","2020-10",2019-11-01 17:45:00,2019-11-01 22:00:00,297.1,0.0503,0.05,0.7667,0.06522,0.12,0.12,0.08,0.05,0,0,0.41,0.98,835,2.63,114562.8,0.0311200494401324,,,"Surface","Dairy","Corn","Cultivated Crops","Cultivated Crops","No",,"Waymor silt loam","C","Well drained",3.92,22.5,2020,"Fall",1,0,0,0,0,0,1,0,0,0,0,0,"Previous crop",0,"Previous summer + current fall",0,"No"
"KD1","Non-Frozen","Storm","2020-11",2019-11-20 05:45:00,2019-11-20 09:30:00,316.4,0.035,0,,,,,,,0,0,0.1,0.11,836,2.63,114562.8,0.033141648074244,,,"Surface","Dairy","Corn","Cultivated Crops","Cultivated Crops","No",,"Waymor silt loam","C","Well drained",3.92,22.5,2020,"Fall",1,0,0,0,0,0,1,0,0,0,0,0,"Previous crop",0,"Previous summer + current fall",0,"No"
"KD1","Non-Frozen","Storm","2020-12",2019-11-20 18:15:00,2019-11-20 21:45:00,219.5,0.0228,0,,,,,,,0,0,0.1,0.11,837,2.63,114562.8,0.0229917564863987,,,"Surface","Dairy","Corn","Cultivated Crops","Cultivated Crops","No",,"Waymor silt loam","C","Well drained",3.92,22.5,2020,"Fall",1,0,0,0,0,0,1,0,0,0,0,0,"Previous crop",0,"Previous summer + current fall",0,"No"
"KD1","Non-Frozen","Storm","2020-13",2019-11-21 08:35:00,2019-11-21 21:00:00,5460,0.3184,0.91,10.37,0.08778,0.48,0.3,0.26,0.2,0,0,0.1,0.11,838,2.63,114562.8,0.571913395971467,2019-11-21 08:34:00,0.0166666666666667,"Surface","Dairy","Corn","Cultivated Crops","Cultivated Crops","No",,"Waymor silt loam","C","Well drained",3.92,22.5,2020,"Fall",1,0,0,0,0,0,1,0,0,0,0,0,"Previous crop",0,"Previous summer + current fall",0,"No"
"KD1","Non-Frozen","Storm","2020-14",2019-11-27 05:56:00,2019-11-27 22:15:00,7325,0.6278,1.17,15.82,0.07397,0.48,0.42,0.34,0.31,0.01,0.01,0.92,1.02,839,2.63,114562.8,0.767264766573443,2019-11-27 04:48:00,1.13333333333333,"Surface","Dairy","Corn","Cultivated Crops","Cultivated Crops","No",,"Waymor silt loam","C","Well drained",3.92,22.5,2020,"Fall",1,0,0,0,0,0,1,0,0,0,0,0,"Previous crop",0,"Previous summer + current fall",0,"No"
"KD1","Non-Frozen","Storm","2020-15",2019-11-30 22:15:00,2019-12-01 04:30:00,3097,0.6398,0.53,5.8,0.09138,0.48,0.36,0.36,0.32,0,0,1.18,2.12,840,2.63,114562.8,0.324398495846819,2019-11-30 21:51:00,0.4,"Surface","Dairy","Corn","Cultivated Crops","Cultivated Crops","No",,"Waymor silt loam","C","Well drained",3.92,22.5,2020,"Fall",1,0,0,0,0,0,1,0,0,0,0,0,"Previous crop",0,"Previous summer + current fall",0,"No"
"KD1","Non-Frozen","Storm","2020-16",2019-12-23 17:17:00,2019-12-23 21:30:00,600.5,0.0739,0,,,,,,,0,0,0,0.02,841,2.63,114562.8,0.0628999989525396,,,"Surface","Dairy","Corn","Cultivated Crops","Cultivated Crops","No",,"Waymor silt loam","C","Well drained",3.92,22.5,2020,"Fall",1,0,0,0,0,0,1,0,0,0,0,0,"Previous crop",0,"Previous summer + current fall",0,"No"
"KD1","Non-Frozen","Storm","2020-17",2019-12-24 15:15:00,2019-12-25 06:15:00,1789,0.0503,0,,,,,,,0,0,0,0,842,2.63,114562.8,0.187390671317391,,,"Surface","Dairy","Corn","Cultivated Crops","Cultivated Crops","No",,"Waymor silt loam","C","Well drained",3.92,22.5,2020,"Fall",1,0,0,0,0,0,1,0,0,0,0,0,"Previous crop",0,"Previous summer + current fall",0,"No"
"KD1","Non-Frozen","Storm","2020-18",2019-12-25 15:30:00,2019-12-26 01:45:00,862.1,0.0364,0,,,,,,,0,0,0,0,843,2.63,114562.8,0.0903015638584253,,,"Surface","Dairy","Corn","Cultivated Crops","Cultivated Crops","No",,"Waymor silt loam","C","Well drained",3.92,22.5,2020,"Fall",1,0,0,0,0,0,1,0,0,0,0,0,"Previous crop",0,"Previous summer + current fall",0,"No"
"KD1","Non-Frozen","Storm","2020-19",2019-12-26 16:15:00,2019-12-26 21:00:00,318.6,0.0269,0,,,,,,,0,0,0,0,844,2.63,114562.8,0.0333720893693241,,,"Surface","Dairy","Corn","Cultivated Crops","Cultivated Crops","No",,"Waymor silt loam","C","Well drained",3.92,22.5,2020,"Fall",1,0,0,0,0,0,1,0,0,0,0,0,"Previous crop",0,"Previous summer + current fall",0,"No"
"KD1","Non-Frozen","Storm","2020-20",2019-12-27 12:15:00,2019-12-27 14:45:00,255.6,0.0454,0,,,,,,,0,0,0,0,845,2.63,114562.8,0.0267730886465764,,,"Surface","Dairy","Corn","Cultivated Crops","Cultivated Crops","No",,"Waymor silt loam","C","Well drained",3.92,22.5,2020,"Fall",1,0,0,0,0,0,1,0,0,0,0,0,"Previous crop",0,"Previous summer + current fall",0,"No"
"KD1","Non-Frozen","Storm","2020-21",2019-12-29 06:20:00,2019-12-29 21:01:00,5653,0.4292,0.8,9.467,0.08451,0.48,0.36,0.22,0.17,0.05,0.05,0.05,0.05,846,2.63,114562.8,0.592129382312583,2019-12-29 05:54:00,0.433333333333333,"Surface","Dairy","Corn","Cultivated Crops","Cultivated Crops","No",,"Waymor silt loam","C","Well drained",3.92,22.5,2020,"Fall",1,0,0,0,0,0,1,0,0,0,0,0,"Previous crop",0,"Previous summer + current fall",0,"No"
"KD1","Non-Frozen","Storm","2020-22",2019-12-30 05:29:00,2019-12-30 22:30:00,7899,0.5459,0.63,14.62,0.0431,0.48,0.36,0.24,0.18,0.8,0.85,0.85,0.85,847,2.63,114562.8,0.8273889953807,,,"Surface","Dairy","Corn","Cultivated Crops","Cultivated Crops","No",,"Waymor silt loam","C","Well drained",3.92,22.5,2020,"Fall",1,0,0,0,0,0,1,0,0,0,0,0,"Previous crop",0,"Previous summer + current fall",0,"No"
"KD1","Non-Frozen","Storm","2020-23",2020-01-02 18:39:00,2020-01-02 23:24:00,797.9,0.1246,0,,,,,,,0,0,1.48,1.48,848,2.63,114562.8,0.0835768678838157,,,"Surface","Dairy","Corn","Cultivated Crops","Cultivated Crops","No",,"Waymor silt loam","C","Well drained",3.92,22.5,2020,"Spring",1,0,0,0,0,0,1,0,0,0,0,0,"Previous crop",0,"Current fall + spring",0,"No"
"KD1","Non-Frozen","Storm","2020-24",2020-01-03 18:00:00,2020-01-04 01:30:00,413,0.0196,0,,,,,,,0,0,1.48,1.48,849,2.63,114562.8,0.0432601158491238,,,"Surface","Dairy","Corn","Cultivated Crops","Cultivated Crops","No",,"Waymor silt loam","C","Well drained",3.92,22.5,2020,"Spring",1,0,0,0,0,0,1,0,0,0,0,0,"Previous crop",0,"Current fall + spring",0,"No"
"KD1","Non-Frozen","Storm","2020-31",2020-03-10 15:30:00,2020-03-11 06:15:00,2643,0.1285,0,,,,,,,0.49,0.49,0.54,0.54,856,2.63,114562.8,0.276843792225749,,,"Surface","Dairy","Corn","Cultivated Crops","Cultivated Crops","No",,"Waymor silt loam","C","Well drained",3.92,22.5,2020,"Spring",1,0,0,0,0,0,1,0,0,0,0,0,"Previous crop",0,"Current fall + spring",0,"No"
"KD1","Non-Frozen","Storm","2020-32",2020-03-11 17:15:00,2020-03-13 08:00:00,10180,0.2025,0.19,8.283,0.02294,0.12,0.12,0.08,0.06,0,0,0.52,0.54,857,2.63,114562.8,1.06631471996145,,,"Surface","Dairy","Corn","Cultivated Crops","Cultivated Crops","No",,"Waymor silt loam","C","Well drained",3.92,22.5,2020,"Spring",1,0,0,0,0,0,1,0,0,0,0,0,"Previous crop",0,"Current fall + spring",0,"No"
"KD1","Non-Frozen","Storm","2020-33",2020-03-13 16:15:00,2020-03-14 02:15:00,683.6,0.0328,0,,,,,,,0.18,0.19,0.68,0.73,858,2.63,114562.8,0.0716043951439734,,,"Surface","Dairy","Corn","Cultivated Crops","Cultivated Crops","No",,"Waymor silt loam","C","Well drained",3.92,22.5,2020,"Spring",1,0,0,0,0,0,1,0,0,0,0,0,"Previous crop",0,"Current fall + spring",0,"No"
"KD1","Non-Frozen","Storm","2020-34",2020-03-19 19:15:00,2020-03-20 23:00:00,16780,1.048,1.86,15.22,0.1222,0.72,0.66,0.48,0.43,0,0,0.08,0.7,859,2.63,114562.8,1.75763860520169,,,"Surface","Dairy","Corn","Cultivated Crops","Cultivated Crops","No",,"Waymor silt loam","C","Well drained",3.92,22.5,2020,"Spring",1,0,0,0,0,0,1,0,0,0,0,0,"Previous crop",0,"Current fall + spring",0,"No"
"KD1","Non-Frozen","Storm","2020-35",2020-03-25 21:46:00,2020-03-26 23:30:00,4459,0.1991,0.43,9.317,0.04615,0.24,0.24,0.16,0.14,0,0,1.86,2.05,860,2.63,114562.8,0.467062606710032,2020-03-25 21:34:00,0.2,"Surface","Dairy","Corn","Cultivated Crops","Cultivated Crops","No",,"Waymor silt loam","C","Well drained",3.92,22.5,2020,"Spring",1,0,0,0,0,0,1,0,0,0,0,0,"Previous crop",0,"Current fall + spring",0,"No"
"KD1","Non-Frozen","Storm","2020-36",2020-03-27 13:00:00,2020-03-27 19:45:00,456.5,0.0544,0,,,,,,,0,0.43,0.43,2.29,861,2.63,114562.8,0.0478165687291163,,,"Surface","Dairy","Corn","Cultivated Crops","Cultivated Crops","No",,"Waymor silt loam","C","Well drained",3.92,22.5,2020,"Spring",1,0,0,0,0,0,1,0,0,0,0,0,"Previous crop",0,"Current fall + spring",0,"No"
"KD1","Non-Frozen","Storm","2020-37",2020-03-28 04:30:00,2020-03-28 16:00:00,1785,0.1364,0.32,8.2,0.03902,0.24,0.24,0.18,0.12,0,0.01,0.43,2.29,862,2.63,114562.8,0.186971687144518,,,"Surface","Dairy","Corn","Cultivated Crops","Cultivated Crops","No",,"Waymor silt loam","C","Well drained",3.92,22.5,2020,"Spring",1,0,0,0,0,0,1,0,0,0,0,0,"Previous crop",0,"Current fall + spring",0,"No"
"KD1","Non-Frozen","Storm","2020-38",2020-03-28 20:00:00,2020-03-29 09:00:00,7695,0.5474,0.64,9.967,0.06421,0.96,0.6,0.26,0.17,0.32,0.32,0.75,2.61,863,2.63,114562.8,0.806020802564183,,,"Surface","Dairy","Corn","Cultivated Crops","Cultivated Crops","No",,"Waymor silt loam","C","Well drained",3.92,22.5,2020,"Spring",1,0,0,0,0,0,1,0,0,0,0,0,"Previous crop",0,"Current fall + spring",0,"No"
"KD1","Non-Frozen","Storm","2020-39",2020-03-29 14:00:00,2020-03-29 22:00:00,1703,0.1399,0.11,7.367,0.01493,0.12,0.12,0.08,0.04,0.66,0.96,1.39,3.25,864,2.63,114562.8,0.178382511600624,2020-03-29 12:55:00,1.08333333333333,"Surface","Dairy","Corn","Cultivated Crops","Cultivated Crops","No",,"Waymor silt loam","C","Well drained",3.92,22.5,2020,"Spring",1,0,0,0,0,0,1,0,0,0,0,0,"Previous crop",0,"Current fall + spring",0,"No"
"KD1","Non-Frozen","Storm","2020-40",2020-04-13 13:00:00,2020-04-13 18:00:00,356.3,0.0397,0.07,2.917,0.024,0.12,0.06,0.04,0.03,0.35,0.36,0.38,0.48,865,2.63,114562.8,0.0373210151986509,,,"Surface","Dairy","Corn","Cultivated Crops","Cultivated Crops","No",,"Waymor silt loam","C","Well drained",3.92,22.5,2020,"Spring",1,0,0,0,0,0,1,0,0,0,0,0,"Previous crop",0,"Current fall + spring",0,"No"
"KD1","Non-Frozen","Storm","2020-41",2020-04-21 01:15:00,2020-04-21 01:45:00,96.7,0.1761,0.15,0.55,0.2727,0.48,0.36,0.28,0.15,0.06,0.07,0.07,0.52,866,2.63,114562.8,0.0101289423792016,2020-04-21 01:03:00,0.2,"Surface","Dairy","Corn","Cultivated Crops","Cultivated Crops","No",,"Waymor silt loam","C","Well drained",3.92,22.5,2020,"Spring",1,0,0,0,0,0,1,0,0,0,0,0,"Previous crop",0,"Current fall + spring",0,"No"
"KD1","Non-Frozen","Storm","2020-42",2020-04-29 22:00:00,2020-04-30 16:00:00,1808,0.0799,0.89,21.5,0.0414,0.24,0.18,0.1,0.09,0.06,0.21,0.3,0.54,867,2.63,114562.8,0.189380846138537,2020-04-29 18:12:00,3.8,"Surface","Dairy","Corn","Cultivated Crops","Cultivated Crops","No",,"Waymor silt loam","C","Well drained",3.92,22.5,2020,"Spring",1,0,0,0,0,0,1,0,0,0,0,0,"Previous crop",0,"Current fall + spring",0,"No"
"KD1","Non-Frozen","Storm","2020-43",2020-05-17 19:44:00,2020-05-19 14:56:00,15290,0.9499,3.39,48.68,0.06963,0.96,0.72,0.58,0.42,0,0,0.13,0.13,868,2.63,114562.8,1.60156700080654,2020-05-17 12:08:00,7.6,"Surface","Dairy","Corn","Cultivated Crops","Cultivated Crops","No",,"Waymor silt loam","C","Well drained",3.92,22.5,2020,"Spring",1,0,0,0,0,0,1,0,0,0,0,0,"Previous crop",0,"Current fall + spring",0,"No"
"KD1","Non-Frozen","Storm","2020-44",2020-05-28 16:57:00,2020-05-28 20:45:00,1318,0.3807,0.96,3.9,0.2462,1.08,0.78,0.5,0.37,0,0,0.27,3.66,869,2.63,114562.8,0.138055284961611,2020-05-28 15:53:00,1.06666666666667,"Surface","Dairy","Corn","Cultivated Crops","Cultivated Crops","No",,"Waymor silt loam","C","Well drained",3.92,22.5,2020,"Spring",1,0,0,0,0,0,1,0,0,0,0,0,"Previous crop",0,"Current fall + spring",0,"No"
"KD1","Non-Frozen","Storm","2020-45",2020-06-10 02:38:00,2020-06-10 05:30:00,51.1,0.0631,0.46,5.683,0.08094,1.08,0.9,0.36,0.26,0,0,0.19,1.32,870,2.63,114562.8,0.00535252280845091,2020-06-09 23:41:00,2.95,"Surface","Dairy","Corn","Cultivated Crops","Cultivated Crops","No",,"Waymor silt loam","C","Well drained",3.92,22.5,2020,"Summer",1,0,0,0,0,0,1,0,0,0,0,0,"Current crop",0,"Current spring + summer",,
"KD1","Non-Frozen","Storm","2020-46",2020-06-10 22:30:00,2020-06-11 03:50:00,2301,0.996,0.6,2.8,0.2143,1.8,1.44,0.86,0.48,0.46,0.46,0.57,1.78,871,2.63,114562.8,0.241020645445118,2020-06-10 22:24:00,0.1,"Surface","Dairy","Corn","Cultivated Crops","Cultivated Crops","No",,"Waymor silt loam","C","Well drained",3.92,22.5,2020,"Summer",1,0,0,0,0,0,1,0,0,0,0,0,"Current crop",0,"Current spring + summer",,
"KD1","Non-Frozen","Storm","2020-47",2020-06-11 20:17:00,2020-06-11 21:15:00,230.3,0.2402,0.13,0.3167,0.4105,1.32,0.72,0.26,0.13,0.6,1.06,1.17,1.42,872,2.63,114562.8,0.0241230137531555,2020-06-11 20:15:00,0.0333333333333333,"Surface","Dairy","Corn","Cultivated Crops","Cultivated Crops","No",,"Waymor silt loam","C","Well drained",3.92,22.5,2020,"Summer",1,0,0,0,0,0,1,0,0,0,0,0,"Current crop",0,"Current spring + summer",,
"KD1","Non-Frozen","Storm","2020-48",2020-06-21 00:30:00,2020-06-21 01:30:00,261.4,0.1786,0.25,1.6,0.1562,0.36,0.36,0.3,0.23,0.38,0.38,0.38,1.57,873,2.63,114562.8,0.027380615697242,2020-06-20 23:45:00,0.75,"Surface","Dairy","Corn","Cultivated Crops","Cultivated Crops","No",,"Waymor silt loam","C","Well drained",3.92,22.5,2020,"Summer",1,0,0,0,0,0,1,0,0,0,0,0,"Current crop",0,"Current spring + summer",,
"KD1","Non-Frozen","Storm","2020-49",2020-06-23 05:30:00,2020-06-23 13:11:00,2006,0.4101,0.31,11.03,0.0281,0.12,0.06,0.06,0.05,0.02,0.28,0.66,1.85,874,2.63,114562.8,0.210120562695744,2020-06-22 23:33:00,5.95,"Surface","Dairy","Corn","Cultivated Crops","Cultivated Crops","No",,"Waymor silt loam","C","Well drained",3.92,22.5,2020,"Summer",1,0,0,0,0,0,1,0,0,0,0,0,"Current crop",0,"Current spring + summer",,
"KD1","Non-Frozen","Storm","2020-50",2020-07-09 17:26:00,2020-07-09 18:45:00,1780,1.3,1.06,0.7667,1.383,3,2.4,1.72,1.06,0.21,0.21,0.67,0.69,875,2.63,114562.8,0.186447956928427,2020-07-09 17:17:00,0.15,"Surface","Dairy","Corn","Cultivated Crops","Cultivated Crops","No",,"Waymor silt loam","C","Well drained",3.92,22.5,2020,"Summer",1,0,0,0,0,0,1,0,0,0,0,0,"Current crop",0,"Current spring + summer",,
"KD1","Non-Frozen","Storm","2020-51",2020-07-10 03:19:00,2020-07-10 19:15:00,8962,4.836,1.94,14.23,0.1363,4.44,3.72,1.7,0.97,1.27,1.27,1.73,1.75,876,2.63,114562.8,0.938734039321665,2020-07-10 02:13:00,1.1,"Surface","Dairy","Corn","Cultivated Crops","Cultivated Crops","No",,"Waymor silt loam","C","Well drained",3.92,22.5,2020,"Summer",1,0,0,0,0,0,1,0,0,0,0,0,"Current crop",0,"Current spring + summer",,
"KD1","Non-Frozen","Storm","2020-52",2020-07-15 20:18:00,2020-07-16 09:32:00,1029,0.3809,0.62,7.55,0.08212,1.32,1.08,0.7,0.43,0.32,0.32,3.53,3.99,877,2.63,114562.8,0.107783678471546,2020-07-15 19:59:00,0.316666666666667,"Surface","Dairy","Corn","Cultivated Crops","Cultivated Crops","No",,"Waymor silt loam","C","Well drained",3.92,22.5,2020,"Summer",1,0,0,0,0,0,1,0,0,0,0,0,"Current crop",0,"Current spring + summer",,
"KD1","Non-Frozen","Storm","2020-53",2020-07-29 00:03:00,2020-07-29 01:15:00,155.1,0.1206,0.69,0.9167,0.7527,1.8,1.38,0.98,0.69,0,0.03,0.29,1.46,878,2.63,114562.8,0.0162461113031455,2020-07-28 23:41:00,0.366666666666667,"Surface","Dairy","Corn","Cultivated Crops","Cultivated Crops","No",,"Waymor silt loam","C","Well drained",3.92,22.5,2020,"Summer",1,0,0,0,0,0,1,0,0,0,0,0,"Current crop",0,"Current spring + summer",,
"KD1","Non-Frozen","Storm","2020-54",2020-09-12 15:00:00,2020-09-12 16:45:00,65.1,0.0224,0.73,13.57,0.05381,0.48,0.36,0.24,0.16,0,0.05,0.67,0.74,879,2.63,114562.8,0.00681896741350595,2020-09-12 03:09:00,11.85,"Surface","Dairy","Corn","Cultivated Crops","Cultivated Crops","No",,"Waymor silt loam","C","Well drained",3.92,22.5,2020,"Summer",1,0,0,0,0,0,1,0,0,0,0,0,"Current crop",0,"Current spring + summer",,
"KD1","Non-Frozen","Storm","2021-1",2020-10-12 17:39:00,2020-10-12 18:00:00,42.3,0.06234,0.4,0.5833,0.6857,2.04,1.5,0.74,0.4,0,0,0.07,0.44,880,2.63,114562.8,0.0044307576281306,2020-10-12 17:10:00,0.483333333333333,"Surface","Dairy","Corn","Cultivated Crops","Cultivated Crops","No",,"Waymor silt loam","C","Well drained",3.92,22.5,2021,"Fall",1,0,0,0,0,0,1,0,0,0,0,0,"Previous crop",0,"Previous summer + current fall",0,"No"
"KD1","Non-Frozen","Storm","2021-2",2020-10-22 18:45:00,2020-10-23 12:15:00,16670,3.386,4.65,18.3,0.2541,3.12,2.88,1.72,0.94,0,0.16,0.24,0.85,881,2.63,114562.8,1.74611654044768,2020-10-22 17:05:00,1.66666666666667,"Surface","Dairy","Corn","Cultivated Crops","Cultivated Crops","No",,"Waymor silt loam","C","Well drained",3.92,22.5,2021,"Fall",1,0,0,0,0,0,1,0,0,0,0,0,"Previous crop",0,"Previous summer + current fall",0,"No"
"KD1","Non-Frozen","Storm","2021-3",2020-11-10 20:24:00,2020-11-11 03:00:00,1691,0.2388,1.08,4.5,0.24,3,1.74,0.74,0.37,0.12,0.13,0.13,0.13,882,2.63,114562.8,0.177125559082006,2020-11-10 20:05:00,0.316666666666667,"Surface","Dairy","Corn","Cultivated Crops","Cultivated Crops","No",,"Waymor silt loam","C","Well drained",3.92,22.5,2021,"Fall",1,0,0,0,0,0,1,0,0,0,0,0,"Previous crop",0,"Previous summer + current fall",0,"No"
"KD1","Non-Frozen","Storm","2021-4",2020-11-15 05:15:00,2020-11-15 20:15:00,2842,0.222,0.74,12.58,0.05881,1.08,0.78,0.38,0.2,0.03,0.16,1.37,1.37,883,2.63,114562.8,0.297688254826174,2020-11-15 03:26:00,1.81666666666667,"Surface","Dairy","Corn","Cultivated Crops","Cultivated Crops","No",,"Waymor silt loam","C","Well drained",3.92,22.5,2021,"Fall",1,0,0,0,0,0,1,0,0,0,0,0,"Previous crop",0,"Previous summer + current fall",0,"No"
"KD1","Non-Frozen","Storm","2021-5",2020-11-24 23:15:00,2020-11-25 06:15:00,491.3,0.03084,0.39,11.9,0.03277,0.12,0.12,0.08,0.07,0,0,0,2.09,884,2.63,114562.8,0.0514617310331102,2020-11-24 16:09:00,7.1,"Surface","Dairy","Corn","Cultivated Crops","Cultivated Crops","No",,"Waymor silt loam","C","Well drained",3.92,22.5,2021,"Fall",1,0,0,0,0,0,1,0,0,0,0,0,"Previous crop",0,"Previous summer + current fall",0,"No"
"KD1","Non-Frozen","Storm","2021-12",2021-03-24 08:51:00,2021-03-24 11:00:00,164.3,0.03892,0.51,8.383,0.06083,0.48,0.36,0.22,0.14,0,0,0.12,0.69,891,2.63,114562.8,0.0172097749007531,2021-03-24 01:48:00,7.05,"Surface","Dairy","Corn","Cultivated Crops","Cultivated Crops","No",,"Waymor silt loam","C","Well drained",3.92,22.5,2021,"Spring",1,0,0,0,0,0,1,0,0,0,0,0,"Previous crop",0,"Current fall + spring",0,"No"
"KD1","Non-Frozen","Storm","2021-13",2021-04-11 05:57:00,2021-04-11 11:45:00,740.8,0.1119,1.04,11.15,0.09327,0.84,0.66,0.54,0.45,0.01,0.07,0.31,0.38,892,2.63,114562.8,0.0775958688160555,2021-04-10 23:48:00,6.15,"Surface","Dairy","Corn","Cultivated Crops","Cultivated Crops","No",,"Waymor silt loam","C","Well drained",3.92,22.5,2021,"Spring",1,0,0,0,0,0,1,0,0,0,0,0,"Previous crop",0,"Current fall + spring",0,"No"
"KD1","Non-Frozen","Storm","2021-14",2021-05-03 05:43:00,2021-05-03 06:39:00,87.3,0.03948,0.82,3.867,0.2121,1.2,0.96,0.78,0.48,0.01,0.01,0.37,0.72,893,2.63,114562.8,0.00914432957295038,2021-05-03 02:43:00,3,"Surface","Dairy","Corn","Cultivated Crops","Cultivated Crops","No",,"Waymor silt loam","C","Well drained",3.92,22.5,2021,"Spring",1,0,0,0,0,0,1,0,0,0,0,0,"Previous crop",0,"Current fall + spring",0,"No"
"KD1","Non-Frozen","Storm","2021-15",2021-06-30 22:37:00,2021-07-01 01:54:00,1151,0.8982,1.4,3.017,0.4641,5.16,4.08,2.22,1.25,0.22,0.26,2.9,3.28,894,2.63,114562.8,0.120562695744168,2021-06-30 22:09:00,0.466666666666667,"Surface","Dairy","Corn","Cultivated Crops","Cultivated Crops","No",,"Waymor silt loam","C","Well drained",3.92,22.5,2021,"Summer",1,0,0,0,0,0,1,0,0,0,0,0,"Current crop",0,"Current spring + summer",,
"KD1","Non-Frozen","Storm","2021-16",2021-07-06 20:50:00,2021-07-07 22:38:00,2264,0.09813,2.07,25.37,0.0816,3,2.34,1.42,0.79,0,0,1.63,4.31,895,2.63,114562.8,0.237145041846044,2021-07-06 20:09:00,0.683333333333333,"Surface","Dairy","Corn","Cultivated Crops","Cultivated Crops","No",,"Waymor silt loam","C","Well drained",3.92,22.5,2021,"Summer",1,0,0,0,0,0,1,0,0,0,0,0,"Current crop",0,"Current spring + summer",,
"KD1","Non-Frozen","Storm","2021-17",2021-07-15 02:13:00,2021-07-15 11:32:00,7998,2.38,2.38,8.3,0.2867,3.36,2.52,1.6,1.3,0.41,0.41,0.43,2.64,896,2.63,114562.8,0.837758853659303,2021-07-14 23:59:00,2.23333333333333,"Surface","Dairy","Corn","Cultivated Crops","Cultivated Crops","No",,"Waymor silt loam","C","Well drained",3.92,22.5,2021,"Summer",1,0,0,0,0,0,1,0,0,0,0,0,"Current crop",0,"Current spring + summer",,
"KD1","Non-Frozen","Storm","2021-18",2021-08-08 08:39:00,2021-08-08 15:13:00,3273,1.328,2.41,5.867,0.4108,3.48,2.7,1.16,0.78,0.48,0.48,0.5,1.52,897,2.63,114562.8,0.342833799453226,2021-08-08 07:37:00,1.03333333333333,"Surface","Dairy","Corn","Cultivated Crops","Cultivated Crops","No",,"Waymor silt loam","C","Well drained",3.92,22.5,2021,"Summer",1,0,0,0,0,0,1,0,0,0,0,0,"Current crop",0,"Current spring + summer",,
"KD1","Non-Frozen","Storm","2021-19",2021-08-11 00:54:00,2021-08-11 06:04:00,5189,1.838,1.38,2.083,0.6624,3.12,2.64,1.66,1.35,0,0.1,3.05,3.29,898,2.63,114562.8,0.54352721825933,2021-08-11 00:37:00,0.283333333333333,"Surface","Dairy","Corn","Cultivated Crops","Cultivated Crops","No",,"Waymor silt loam","C","Well drained",3.92,22.5,2021,"Summer",1,0,0,0,0,0,1,0,0,0,0,0,"Current crop",0,"Current spring + summer",,
"KD1","Non-Frozen","Storm","2021-20",2021-08-28 06:21:00,2021-08-29 13:37:00,4852,1.764,1.95,26.52,0.07354,3.12,2.64,1.58,0.91,1.12,1.12,1.42,1.42,899,2.63,114562.8,0.508227801694791,2021-08-28 05:58:00,0.383333333333333,"Surface","Dairy","Corn","Cultivated Crops","Cultivated Crops","No",,"Waymor silt loam","C","Well drained",3.92,22.5,2021,"Summer",1,0,0,0,0,0,1,0,0,0,0,0,"Current crop",0,"Current spring + summer",,
"KD1","Non-Frozen","Storm","2021-21",2021-09-07 14:49:00,2021-09-07 17:06:00,502,0.1486,0.41,0.7833,0.5234,1.8,1.26,0.7,0.41,0.08,0.08,0.65,4.02,900,2.63,114562.8,0.0525825136955452,2021-09-07 14:21:00,0.466666666666667,"Surface","Dairy","Corn","Cultivated Crops","Cultivated Crops","No",,"Waymor silt loam","C","Well drained",3.92,22.5,2021,"Summer",1,0,0,0,0,0,1,0,0,0,0,0,"Current crop",0,"Current spring + summer",,
"KD1","Non-Frozen","Storm","2022-1",2021-10-03 15:43:00,2021-10-03 19:48:00,512.1,0.0471,0.93,4.25,0.2188,1.2,1.08,0.76,0.54,0.01,0.01,0.01,0.77,901,2.63,114562.8,0.0536404487320492,2021-10-03 14:40:00,1.05,"Surface","Dairy","Corn","Cultivated Crops","Cultivated Crops","No",,"Waymor silt loam","C","Well drained",3.92,22.5,2022,"Fall",1,0,0,0,0,0,1,0,0,0,0,0,"Previous crop",0,"Previous summer + current fall",0,"No"
"KD1","Non-Frozen","Storm","2022-2",2021-10-12 07:35:00,2021-10-12 13:01:00,311.6,0.035,0.15,5.35,0.02804,0.24,0.12,0.1,0.08,0.33,0.35,0.56,1.51,902,2.63,114562.8,0.0326388670667966,2021-10-12 06:36:00,0.983333333333333,"Surface","Dairy","Corn","Cultivated Crops","Cultivated Crops","No",,"Waymor silt loam","C","Well drained",3.92,22.5,2022,"Fall",1,0,0,0,0,0,1,0,0,0,0,0,"Previous crop",0,"Previous summer + current fall",0,"No"
"KD1","Non-Frozen","Storm","2022-3",2021-12-15 06:07:00,2021-12-15 20:22:00,2348,0.0781,0.03,2.45,0.01224,0.12,0.06,0.02,0.02,0,0,0.71,0.74,903,2.63,114562.8,0.245943709476375,2021-12-15 05:29:00,0.633333333333333,"Surface","Dairy","Corn","Cultivated Crops","Cultivated Crops","No",,"Waymor silt loam","C","Well drained",3.92,22.5,2022,"Fall",1,0,0,0,0,0,1,0,0,0,0,0,"Previous crop",0,"Previous summer + current fall",0,"No"
"KD1","Non-Frozen","Storm","2022-15",2022-04-09 16:15:00,2022-04-09 22:45:00,109,0.0099,0,,,,,,,0,0.07,1.34,3.15,915,2.63,114562.8,0.0114173187107857,,,"Surface","Dairy","Corn","Cultivated Crops","Cultivated Crops","No",,"Waymor silt loam","C","Well drained",3.92,22.5,2022,"Spring",1,0,0,0,0,0,1,0,0,0,0,0,"Previous crop",0,"Current fall + spring",0,"No"
"KD1","Non-Frozen","Storm","2022-16",2022-04-12 23:43:00,2022-04-14 19:15:00,4392,0.1713,0.63,30.95,0.02036,0.84,0.6,0.3,0.22,0,0,0.73,3.15,916,2.63,114562.8,0.460044621814411,2022-04-12 23:39:00,0.0666666666666667,"Surface","Dairy","Corn","Cultivated Crops","Cultivated Crops","No",,"Waymor silt loam","C","Well drained",3.92,22.5,2022,"Spring",1,0,0,0,0,0,1,0,0,0,0,0,"Previous crop",0,"Current fall + spring",0,"No"
"KD1","Non-Frozen","Storm","2022-17",2022-04-21 01:31:00,2022-04-21 17:30:00,2408,0.3399,0.7,10.38,0.06742,0.48,0.42,0.32,0.24,0,0.01,0.56,0.92,917,2.63,114562.8,0.252228472069468,2022-04-20 22:07:00,3.4,"Surface","Dairy","Corn","Cultivated Crops","Cultivated Crops","No",,"Waymor silt loam","C","Well drained",3.92,22.5,2022,"Spring",1,0,0,0,0,0,1,0,0,0,0,0,"Previous crop",0,"Current fall + spring",0,"No"
"KD1","Non-Frozen","Storm","2022-18",2022-05-01 00:21:00,2022-05-01 20:30:00,1735,0.3136,0.59,3.733,0.158,0.96,0.78,0.58,0.5,0.23,0.23,0.5,1.51,918,2.63,114562.8,0.181734384983607,2022-04-30 23:39:00,0.7,"Surface","Dairy","Corn","Cultivated Crops","Cultivated Crops","No",,"Waymor silt loam","C","Well drained",3.92,22.5,2022,"Spring",1,0,0,0,0,0,1,0,0,0,0,0,"Previous crop",0,"Current fall + spring",0,"No"
"KD1","Non-Frozen","Storm","2022-19",2022-05-03 19:30:00,2022-05-04 02:45:00,148,0.0121,0.12,4.367,0.02748,0.12,0.06,0.04,0.03,0,0,1.02,1.89,919,2.63,114562.8,0.0155024143962962,,,"Surface","Dairy","Corn","Cultivated Crops","Cultivated Crops","No",,"Waymor silt loam","C","Well drained",3.92,22.5,2022,"Spring",1,0,0,0,0,0,1,0,0,0,0,0,"Previous crop",0,"Current fall + spring",0,"No"
"KD1","Non-Frozen","Storm","2022-20",2022-05-25 23:39:00,2022-05-26 08:15:00,220.9,0.034,1.08,12.22,0.0884,0.84,0.72,0.58,0.39,0,0,0.95,0.98,920,2.63,114562.8,0.0231384009469042,2022-05-25 16:15:00,7.4,"Surface","Dairy","Corn","Cultivated Crops","Cultivated Crops","No",,"Waymor silt loam","C","Well drained",3.92,22.5,2022,"Spring",1,0,0,0,0,0,1,0,0,0,0,0,"Previous crop",0,"Current fall + spring",0,"No"
"KD1","Non-Frozen","Storm","2022-21",2022-08-13 17:36:00,2022-08-13 22:45:00,429.1,0.111,0.88,3.283,0.268,3.36,2.52,1.1,0.6,0.91,0.91,3.09,3.55,921,2.63,114562.8,0.0449465271449371,2022-08-13 15:47:00,1.81666666666667,"Surface","Dairy","Corn","Cultivated Crops","Cultivated Crops","No",,"Waymor silt loam","C","Well drained",3.92,22.5,2022,"Summer",1,0,0,0,0,0,1,0,0,0,0,0,"Current crop",0,"Current spring + summer",,
"KD1","Non-Frozen","Storm","2023-1",2022-12-15 07:34:00,2022-12-15 09:00:00,121,0.0361,0.94,9.783,0.09608,0.36,0.3,0.26,0.24,0.04,0.04,0.13,0.14,922,2.63,114562.8,0.0126742712294043,2022-12-14 22:12:00,9.36666666666667,"Surface","Dairy","Corn","Cultivated Crops","Cultivated Crops","No",,"Waymor silt loam","C","Well drained",3.92,22.5,2023,"Fall",1,0,0,0,0,0,1,0,0,0,0,0,"Previous crop",0,"Previous summer + current fall",0,"No"
"KD1","Non-Frozen","Storm","2023-11",2023-03-30 20:15:00,2023-04-02 04:30:00,33220,1.005,1.92,33.85,0.05672,1.08,0.78,0.6,0.52,0,0,0,0.3,932,2.63,114562.8,3.47966355570918,,,"Surface","Dairy","Corn","Cultivated Crops","Cultivated Crops","No",,"Waymor silt loam","C","Well drained",3.92,22.5,2023,"Spring",1,0,0,0,0,0,1,0,0,0,0,0,"Previous crop",0,"Current fall + spring",0,"No"
"KD1","Non-Frozen","Storm","2023-12",2023-04-02 20:00:00,2023-04-04 10:00:00,11320,0.4256,0,,,,,,,0,1.05,1.92,1.94,933,2.63,114562.8,1.18572520923022,,,"Surface","Dairy","Corn","Cultivated Crops","Cultivated Crops","No",,"Waymor silt loam","C","Well drained",3.92,22.5,2023,"Spring",1,0,0,0,0,0,1,0,0,0,0,0,"Previous crop",0,"Current fall + spring",0,"No"
"KD1","Non-Frozen","Storm","2023-13",2023-04-04 15:45:00,2023-04-06 02:15:00,9995,0.5464,0.61,18.17,0.03358,0.84,0.6,0.3,0.19,0,0,1.92,1.94,934,2.63,114562.8,1.04693670196608,,,"Surface","Dairy","Corn","Cultivated Crops","Cultivated Crops","No",,"Waymor silt loam","C","Well drained",3.92,22.5,2023,"Spring",1,0,0,0,0,0,1,0,0,0,0,0,"Previous crop",0,"Current fall + spring",0,"No"
"KD1","Non-Frozen","Storm","2023-14",2023-05-01 18:09:00,2023-05-02 03:45:00,1948,0.1317,0.63,7.083,0.08894,0.24,0.18,0.14,0.14,0.14,0.25,0.36,0.98,935,2.63,114562.8,0.204045292189088,2023-05-01 13:26:00,4.71666666666667,"Surface","Dairy","Corn","Cultivated Crops","Cultivated Crops","No",,"Waymor silt loam","C","Well drained",3.92,22.5,2023,"Spring",1,0,0,0,0,0,1,0,0,0,0,0,"Previous crop",0,"Current fall + spring",0,"No"
"KD2","Non-Frozen","Storm","2019-2",2018-11-06 09:30:00,2018-11-06 13:45:00,4828,0.6182,0.49,10.33,0.04742,0.24,0.18,0.14,0.12,0.02,0.24,0.24,0.8,936,19.8,862488,0.0671731084954225,2018-11-06 03:09:00,6.35,"Surface","Dairy","Corn","Cultivated Crops","Cultivated Crops","No",,"Hortonville silt loam","C","Well drained",3.96,31,2019,"Fall",1,0,0,0,0,,1,0.1,0.1,0.1,0.1,0.1,"Previous crop",,"Previous summer + current fall",0.1,"Partial"
"KD2","Non-Frozen","Storm","2019-10",2019-04-12 17:00:00,2019-04-12 17:30:00,32.1,0.0323,0,,,,,,,0,0.01,0.43,0.51,944,19.8,862488,0.000446614909424827,,,"Surface","Dairy","Corn","Cultivated Crops","Cultivated Crops","No",,"Hortonville silt loam","C","Well drained",3.96,31,2019,"Spring",1,0,0,0,0,,1,0.1,0.1,0.1,0.1,0.1,"Previous crop",0,"Current fall + spring",0.1,"Partial"
"KD2","Non-Frozen","Storm","2019-11",2019-04-18 02:38:00,2019-04-18 05:15:00,3264,1.028,0.77,9.75,0.07897,1.2,0.66,0.38,0.24,0,0.14,0.15,0.61,945,19.8,862488,0.0454128057433843,2019-04-17 17:56:00,8.7,"Surface","Dairy","Corn","Cultivated Crops","Cultivated Crops","No",,"Hortonville silt loam","C","Well drained",3.96,31,2019,"Spring",1,0,0,0,0,,1,0.1,0.1,0.1,0.1,0.1,"Previous crop",0,"Current fall + spring",0.1,"Partial"
"KD2","Non-Frozen","Storm","2019-12",2019-05-28 01:08:00,2019-05-28 08:15:00,26330,3.178,1.35,9.867,0.1368,0.72,0.54,0.42,0.34,0,0,0.91,1.78,946,19.8,862488,0.366335531624788,2019-05-27 21:08:00,4,"Surface","Dairy","Corn","Cultivated Crops","Cultivated Crops","No",,"Hortonville silt loam","C","Well drained",3.96,31,2019,"Spring",1,0,0,0,0,,1,0.1,0.1,0.1,0.1,0.1,"Previous crop",0,"Current fall + spring",0.1,"Partial"
"KD2","Non-Frozen","Storm","2019-13",2019-07-20 17:15:00,2019-07-20 20:15:00,8125,2.284,1.02,2.8,0.3643,6,4.98,1.96,0.99,0.85,0.91,1.08,1.24,947,19.8,862488,0.11304505106158,2019-07-20 16:21:00,0.9,"Surface","Dairy","Corn","Cultivated Crops","Cultivated Crops","No",,"Hortonville silt loam","C","Well drained",3.96,31,2019,"Summer",1,0,0,0,0,,1,0.1,0.1,0.1,0.1,0.1,"Current crop",0,"Current spring + summer",,
"KD2","Non-Frozen","Storm","2019-14",2019-08-07 23:30:00,2019-08-08 04:45:00,18260,3.877,2.33,3.9,0.5974,4.92,4.02,2.68,1.53,0,0.92,1.19,1.39,948,19.8,862488,0.254055708601163,2019-08-07 22:21:00,1.15,"Surface","Dairy","Corn","Cultivated Crops","Cultivated Crops","No",,"Hortonville silt loam","C","Well drained",3.96,31,2019,"Summer",1,0,0,0,0,,1,0.1,0.1,0.1,0.1,0.1,"Current crop",0,"Current spring + summer",,
"KD2","Non-Frozen","Storm","2019-15",2019-08-27 01:56:00,2019-08-27 05:00:00,3463,0.9103,2.6,16.25,0.16,1.68,1.38,1.28,0.82,0,0,0,0.23,949,19.8,862488,0.0481815399170771,2019-08-26 11:32:00,14.4,"Surface","Dairy","Corn","Cultivated Crops","Cultivated Crops","No",,"Hortonville silt loam","C","Well drained",3.96,31,2019,"Summer",1,0,0,0,0,,1,0.1,0.1,0.1,0.1,0.1,"Current crop",0,"Current spring + summer",,
"KD2","Non-Frozen","Storm","2019-16",2019-08-29 18:31:00,2019-08-29 21:15:00,6145,2.015,0.73,0.2667,2.738,4.08,3.84,1.46,0.73,0,0.09,2.69,2.92,950,19.8,862488,0.0854968416951888,2019-08-29 18:27:00,0.0666666666666667,"Surface","Dairy","Corn","Cultivated Crops","Cultivated Crops","No",,"Hortonville silt loam","C","Well drained",3.96,31,2019,"Summer",1,0,0,0,0,,1,0.1,0.1,0.1,0.1,0.1,"Current crop",0,"Current spring + summer",,
"KD2","Non-Frozen","Storm","2019-17",2019-09-03 08:26:00,2019-09-03 19:00:00,49550,9.203,1.99,7.567,0.263,3.24,3,1.46,0.93,0,0,0.82,3.42,951,19.8,862488,0.689400896012466,2019-09-03 07:03:00,1.38333333333333,"Surface","Dairy","Corn","Cultivated Crops","Cultivated Crops","No",,"Hortonville silt loam","C","Well drained",3.96,31,2019,"Summer",1,0,0,0,0,,1,0.1,0.1,0.1,0.1,0.1,"Current crop",0,"Current spring + summer",,
"KD2","Non-Frozen","Storm","2019-18",2019-09-10 09:52:00,2019-09-10 17:30:00,27060,4.639,1.5,8.033,0.1867,1.68,1.32,0.82,0.52,0.03,0.03,2.19,3.01,952,19.8,862488,0.376492194674013,2019-09-10 05:40:00,4.2,"Surface","Dairy","Corn","Cultivated Crops","Cultivated Crops","No",,"Hortonville silt loam","C","Well drained",3.96,31,2019,"Summer",1,0,0,0,0,,1,0.1,0.1,0.1,0.1,0.1,"Current crop",0,"Current spring + summer",,
"KD2","Non-Frozen","Storm","2019-19",2019-09-11 15:35:00,2019-09-12 03:15:00,75190,6.7,1.76,7.8,0.2256,2.04,1.56,0.98,0.66,0,1.53,1.7,4.42,953,19.8,862488,1.04613629407018,2019-09-11 14:23:00,1.2,"Surface","Dairy","Corn","Cultivated Crops","Cultivated Crops","No",,"Hortonville silt loam","C","Well drained",3.96,31,2019,"Summer",1,0,0,0,0,,1,0.1,0.1,0.1,0.1,0.1,"Current crop",0,"Current spring + summer",,
"KD2","Non-Frozen","Storm","2019-20",2019-09-13 04:59:00,2019-09-13 13:15:00,10960,1.618,0.67,6.9,0.0971,1.68,1.08,0.5,0.42,0.01,1.77,3.31,5.46,954,19.8,862488,0.152489078108913,2019-09-13 02:43:00,2.26666666666667,"Surface","Dairy","Corn","Cultivated Crops","Cultivated Crops","No",,"Hortonville silt loam","C","Well drained",3.96,31,2019,"Summer",1,0,0,0,0,,1,0.1,0.1,0.1,0.1,0.1,"Current crop",0,"Current spring + summer",,
"KD2","Non-Frozen","Storm","2019-21",2019-09-22 14:15:00,2019-09-22 19:00:00,1926,0.3652,0.95,5.683,0.1672,1.68,0.9,0.5,0.35,0,0,0.12,4.1,955,19.8,862488,0.0267968945654896,2019-09-22 11:46:00,2.48333333333333,"Surface","Dairy","Corn","Cultivated Crops","Cultivated Crops","No",,"Hortonville silt loam","C","Well drained",3.96,31,2019,"Summer",1,0,0,0,0,,1,0.1,0.1,0.1,0.1,0.1,"Current crop",0,"Current spring + summer",,
"KD2","Non-Frozen","Storm","2019-22",2019-09-23 06:02:00,2019-09-23 07:45:00,100.1,0.0368,0.18,0.9333,0.1929,0.36,0.36,0.28,0.18,0.95,0.95,1.06,5.05,956,19.8,862488,0.00139271502907867,2019-09-23 05:05:00,0.95,"Surface","Dairy","Corn","Cultivated Crops","Cultivated Crops","No",,"Hortonville silt loam","C","Well drained",3.96,31,2019,"Summer",1,0,0,0,0,,1,0.1,0.1,0.1,0.1,0.1,"Current crop",0,"Current spring + summer",,
"KD2","Non-Frozen","Storm","2020-1",2019-10-01 16:45:00,2019-10-02 12:15:00,53020,3.434,1.75,22.18,0.07889,2.04,1.56,0.84,0.5,0.02,0.24,0.82,2.06,957,19.8,862488,0.737679828588919,2019-10-01 11:57:00,4.8,"Surface","Dairy","Corn","Cultivated Crops","Cultivated Crops","No",,"Hortonville silt loam","C","Well drained",3.96,31,2020,"Fall",1,1.8,0.9,0.9,0,0,1,0.1,0.1,0.1,0.1,0.1,"Previous crop",0.9,"Previous summer + current fall",0.1,"Partial"
"KD2","Non-Frozen","Storm","2020-2",2019-10-03 06:00:00,2019-10-03 11:30:00,2389,0.4622,0.43,9.117,0.04717,0.96,0.6,0.26,0.14,0.67,1.76,2.51,3.81,958,19.8,862488,0.0332387233213679,2019-10-03 01:17:00,4.71666666666667,"Surface","Dairy","Corn","Cultivated Crops","Cultivated Crops","No",,"Hortonville silt loam","C","Well drained",3.96,31,2020,"Fall",1,1.8,0.9,0.9,0,0,1,0.1,0.1,0.1,0.1,0.1,"Previous crop",0.9,"Previous summer + current fall",0.1,"Partial"
"KD2","Non-Frozen","Storm","2020-3",2019-10-05 20:53:00,2019-10-05 23:15:00,190.5,0.0619,0.34,3.5,0.09714,0.36,0.3,0.22,0.17,0,0,2.47,4.14,959,19.8,862488,0.00265047165873612,2019-10-05 19:20:00,1.55,"Surface","Dairy","Corn","Cultivated Crops","Cultivated Crops","No",,"Hortonville silt loam","C","Well drained",3.96,31,2020,"Fall",1,1.8,0.9,0.9,0,0,1,0.1,0.1,0.1,0.1,0.1,"Previous crop",0.9,"Previous summer + current fall",0.1,"Partial"
"KD2","Non-Frozen","Storm","2020-4",2019-10-06 01:22:00,2019-10-06 03:15:00,51.4,0.0112,0.06,1.133,0.05294,0.24,0.12,0.08,0.05,0.34,0.34,2.81,4.48,960,19.8,862488,0.000715140384561872,2019-10-06 00:58:00,0.4,"Surface","Dairy","Corn","Cultivated Crops","Cultivated Crops","No",,"Hortonville silt loam","C","Well drained",3.96,31,2020,"Fall",1,1.8,0.9,0.9,0,0,1,0.1,0.1,0.1,0.1,0.1,"Previous crop",0.9,"Previous summer + current fall",0.1,"Partial"
"KD2","Non-Frozen","Storm","2020-5",2019-10-11 14:07:00,2019-10-11 23:30:00,29390,2.892,1.24,11.52,0.1077,1.2,0.96,0.54,0.33,0.16,0.16,0.56,3.45,961,19.8,862488,0.408910037009211,2019-10-11 10:56:00,3.18333333333333,"Surface","Dairy","Corn","Cultivated Crops","Cultivated Crops","No",,"Hortonville silt loam","C","Well drained",3.96,31,2020,"Fall",1,1.8,0.9,0.9,0,0,1,0.1,0.1,0.1,0.1,0.1,"Previous crop",0.9,"Previous summer + current fall",0.1,"Partial"
"KD2","Non-Frozen","Storm","2020-6",2019-10-21 20:21:00,2019-10-21 21:45:00,176.2,0.101,0.37,5,0.074,0.84,0.6,0.28,0.17,0,0,0.33,1.77,962,19.8,862488,0.00245151236886774,2019-10-21 15:41:00,4.66666666666667,"Surface","Dairy","Corn","Cultivated Crops","Cultivated Crops","No",,"Hortonville silt loam","C","Well drained",3.96,31,2020,"Fall",1,1.8,0.9,0.9,0,0,1,0.1,0.1,0.1,0.1,0.1,"Previous crop",0.9,"Previous summer + current fall",0.1,"Partial"
"KD2","Non-Frozen","Storm","2020-7",2019-10-27 04:22:00,2019-10-27 11:45:00,15130,1.266,1.05,7.933,0.1324,0.48,0.36,0.3,0.3,0,0,0.4,0.75,963,19.8,862488,0.210507276622979,2019-10-27 01:24:00,2.96666666666667,"Surface","Dairy","Corn","Cultivated Crops","Cultivated Crops","No",,"Hortonville silt loam","C","Well drained",3.96,31,2020,"Fall",1,1.8,0.9,0.9,0,0,1,0.1,0.1,0.1,0.1,0.1,"Previous crop",0.9,"Previous summer + current fall",0.1,"Partial"
"KD2","Non-Frozen","Storm","2020-8",2019-11-21 11:31:00,2019-11-22 00:15:00,37630,2.74,1.19,10.77,0.1105,0.96,0.6,0.3,0.26,0.01,0.01,0.06,0.07,964,19.8,862488,0.52355511033197,2019-11-21 08:50:00,2.68333333333333,"Surface","Dairy","Corn","Cultivated Crops","Cultivated Crops","No",,"Hortonville silt loam","C","Well drained",3.96,31,2020,"Fall",1,1.8,0.9,0.9,0,0,1,0.1,0.1,0.1,0.1,0.1,"Previous crop",0.9,"Previous summer + current fall",0.1,"Partial"
"KD2","Non-Frozen","Storm","2020-9",2019-11-27 08:22:00,2019-11-27 23:00:00,39650,3.536,1.27,17.25,0.07362,0.48,0.42,0.34,0.32,0,0,1.2,1.25,965,19.8,862488,0.55165984918051,2019-11-27 03:47:00,4.58333333333333,"Surface","Dairy","Corn","Cultivated Crops","Cultivated Crops","No",,"Hortonville silt loam","C","Well drained",3.96,31,2020,"Fall",1,1.8,0.9,0.9,0,0,1,0.1,0.1,0.1,0.1,0.1,"Previous crop",0.9,"Previous summer + current fall",0.1,"Partial"
"KD2","Non-Frozen","Storm","2020-10",2019-12-01 00:30:00,2019-12-01 07:30:00,1533,0.2038,0.34,7.533,0.04513,0.24,0.24,0.14,0.12,0,0,1.27,2.48,966,19.8,862488,0.0213289924033726,2019-11-30 22:22:00,2.13333333333333,"Surface","Dairy","Corn","Cultivated Crops","Cultivated Crops","No",,"Hortonville silt loam","C","Well drained",3.96,31,2020,"Fall",1,1.8,0.9,0.9,0,0,1,0.1,0.1,0.1,0.1,0.1,"Previous crop",0.9,"Previous summer + current fall",0.1,"Partial"
"KD2","Non-Frozen","Storm","2020-11",2019-12-24 17:30:00,2019-12-25 05:15:00,2504,0.1184,0,,,,,,,0,0,0,0.01,967,19.8,862488,0.0348387455825472,,,"Surface","Dairy","Corn","Cultivated Crops","Cultivated Crops","No",,"Hortonville silt loam","C","Well drained",3.96,31,2020,"Fall",1,1.8,0.9,0.9,0,0,1,0.1,0.1,0.1,0.1,0.1,"Previous crop",0.9,"Previous summer + current fall",0.1,"Partial"
"KD2","Non-Frozen","Storm","2020-12",2019-12-25 17:00:00,2019-12-26,393.8,0.0235,0,,,,,,,0,0,0,0.01,968,19.8,862488,0.00547903275176002,,,"Surface","Dairy","Corn","Cultivated Crops","Cultivated Crops","No",,"Hortonville silt loam","C","Well drained",3.96,31,2020,"Fall",1,1.8,0.9,0.9,0,0,1,0.1,0.1,0.1,0.1,0.1,"Previous crop",0.9,"Previous summer + current fall",0.1,"Partial"
"KD2","Non-Frozen","Storm","2020-13",2019-12-29 08:45:00,2019-12-30,51490,4.496,1.02,8.117,0.1257,0.6,0.48,0.32,0.28,0.01,0.01,0.01,0.01,969,19.8,862488,0.716392575896708,2019-12-29 05:57:00,2.8,"Surface","Dairy","Corn","Cultivated Crops","Cultivated Crops","No",,"Hortonville silt loam","C","Well drained",3.96,31,2020,"Fall",1,1.8,0.9,0.9,0,0,1,0.1,0.1,0.1,0.1,0.1,"Previous crop",0.9,"Previous summer + current fall",0.1,"Partial"
"KD2","Non-Frozen","Storm","2020-14",2019-12-30 06:13:00,2019-12-30 20:45:00,24040,1.279,0.64,10,0.064,0.24,0.24,0.22,0.18,1.02,1.03,1.03,1.03,970,19.8,862488,0.334474218771739,2019-12-30 05:32:00,0.683333333333333,"Surface","Dairy","Corn","Cultivated Crops","Cultivated Crops","No",,"Hortonville silt loam","C","Well drained",3.96,31,2020,"Fall",1,1.8,0.9,0.9,0,0,1,0.1,0.1,0.1,0.1,0.1,"Previous crop",0.9,"Previous summer + current fall",0.1,"Partial"
"KD2","Non-Frozen","Storm","2020-15",2020-01-02 18:30:00,2020-01-02 20:45:00,66.6,0.0105,0,,,,,,,0,0,1.67,1.67,971,19.8,862488,0.000926621587778612,,,"Surface","Dairy","Corn","Cultivated Crops","Cultivated Crops","No",,"Hortonville silt loam","C","Well drained",3.96,31,2020,"Spring",1,1.8,0.9,0.9,0,0,1,0.1,0.1,0.1,0.1,0.1,"Previous crop",1.8,"Current fall + spring",0.1,"Partial"
"KD2","Non-Frozen","Storm","2020-23",2020-03-12 15:00:00,2020-03-13 04:30:00,1798,0.1348,0.12,9.25,0.01297,0.12,0.06,0.04,0.04,0,0,0.65,0.65,979,19.8,862488,0.0250160002226118,,,"Surface","Dairy","Corn","Cultivated Crops","Cultivated Crops","No",,"Hortonville silt loam","C","Well drained",3.96,31,2020,"Spring",1,1.8,0.9,0.9,0,0,1,0.1,0.1,0.1,0.1,0.1,"Previous crop",1.8,"Current fall + spring",0.1,"Partial"
"KD2","Non-Frozen","Storm","2020-24",2020-03-19 21:00:00,2020-03-20 11:15:00,64100,5.536,1.51,14.55,0.1038,0.84,0.54,0.4,0.35,0,0,0.06,0.76,980,19.8,862488,0.89183849514428,2020-03-19 19:20:00,1.66666666666667,"Surface","Dairy","Corn","Cultivated Crops","Cultivated Crops","No",,"Hortonville silt loam","C","Well drained",3.96,31,2020,"Spring",1,1.8,0.9,0.9,0,0,1,0.1,0.1,0.1,0.1,0.1,"Previous crop",1.8,"Current fall + spring",0.1,"Partial"
"KD2","Non-Frozen","Storm","2020-25",2020-03-28 09:16:00,2020-03-28 11:15:00,235,0.0862,0.32,3.983,0.08033,0.36,0.3,0.18,0.13,0,0.02,0.38,1.9,981,19.8,862488,0.00326961070762724,2020-03-28 05:42:00,3.56666666666667,"Surface","Dairy","Corn","Cultivated Crops","Cultivated Crops","No",,"Hortonville silt loam","C","Well drained",3.96,31,2020,"Spring",1,1.8,0.9,0.9,0,0,1,0.1,0.1,0.1,0.1,0.1,"Previous crop",1.8,"Current fall + spring",0.1,"Partial"
"KD2","Non-Frozen","Storm","2020-26",2020-03-29 00:34:00,2020-03-29 11:45:00,30050,2.88,0.79,13.52,0.05845,0.84,0.54,0.42,0.28,0.36,0.36,0.74,2.26,982,19.8,862488,0.418092773464674,2020-03-28 21:20:00,3.23333333333333,"Surface","Dairy","Corn","Cultivated Crops","Cultivated Crops","No",,"Hortonville silt loam","C","Well drained",3.96,31,2020,"Spring",1,1.8,0.9,0.9,0,0,1,0.1,0.1,0.1,0.1,0.1,"Previous crop",1.8,"Current fall + spring",0.1,"Partial"
"KD2","Non-Frozen","Storm","2020-27",2020-04-30 08:49:00,2020-04-30 16:30:00,452,0.0252,1.35,20.85,0.06475,0.24,0.24,0.18,0.16,0.03,0.24,0.38,0.72,983,19.8,862488,0.00628878314828728,2020-04-29 17:44:00,15.0833333333333,"Surface","Dairy","Corn","Cultivated Crops","Cultivated Crops","No",,"Hortonville silt loam","C","Well drained",3.96,31,2020,"Spring",1,1.8,0.9,0.9,0,0,1,0.1,0.1,0.1,0.1,0.1,"Previous crop",1.8,"Current fall + spring",0.1,"Partial"
"KD2","Non-Frozen","Storm","2020-28",2020-05-17 21:55:00,2020-05-19 13:45:00,171300,8.476,4.39,49.12,0.08938,0.96,0.84,0.5,0.48,0,0,0.13,0.13,984,19.8,862488,2.38333750730445,2020-05-17 11:52:00,10.05,"Surface","Dairy","Corn","Cultivated Crops","Cultivated Crops","No",,"Hortonville silt loam","C","Well drained",3.96,31,2020,"Spring",1,1.8,0.9,0.9,0,0,1,0.1,0.1,0.1,0.1,0.1,"Previous crop",1.8,"Current fall + spring",0.1,"Partial"
"KD2","Non-Frozen","Storm","2020-29",2020-06-10 23:25:00,2020-06-11 05:00:00,7170,1.786,1.02,3.583,0.2847,1.8,1.5,1,0.86,0.7,0.7,0.92,1.9,985,19.8,862488,0.099757909675265,2020-06-10 22:28:00,0.95,"Surface","Dairy","Corn","Cultivated Crops","Cultivated Crops","No",,"Hortonville silt loam","C","Well drained",3.96,31,2020,"Summer",1,1.8,0.9,0.9,0,0,1,0.1,0.1,0.1,0.1,0.1,"Current crop",0.9,"Current spring + summer",,
"KD2","Non-Frozen","Storm","2020-30",2020-06-23 07:07:00,2020-06-23 14:30:00,11450,1.936,0.66,5.967,0.1106,0.72,0.6,0.44,0.32,0.02,0.02,0.56,2.37,986,19.8,862488,0.159306564265242,2020-06-23 06:28:00,0.65,"Surface","Dairy","Corn","Cultivated Crops","Cultivated Crops","No",,"Hortonville silt loam","C","Well drained",3.96,31,2020,"Summer",1,1.8,0.9,0.9,0,0,1,0.1,0.1,0.1,0.1,0.1,"Current crop",0.9,"Current spring + summer",,
"KD2","Non-Frozen","Storm","2021-1",2020-10-23 02:00:00,2020-10-23 15:15:00,103700,6.663,4.54,20.12,0.2257,2.52,2.16,1.46,1.04,0,0.09,0.17,0.75,987,19.8,862488,1.4428026824721,2020-10-22 16:59:00,9.01666666666667,"Surface","Dairy","Corn","Cultivated Crops","Cultivated Crops","No",,"Hortonville silt loam","C","Well drained",3.96,31,2021,"Fall",1,0,0,0,0,0,1,0.1,0.1,0.1,0.1,0.1,"Previous crop",0,"Previous summer + current fall",0.1,"Partial"
"KD2","Non-Frozen","Storm","2021-2",2020-11-10 22:30:00,2020-11-11 06:30:00,51540,10.64,2.01,7.5,0.268,3,2.4,1.12,0.85,0.07,0.07,0.07,0.07,988,19.8,862488,0.717088237749395,2020-11-10 20:21:00,2.15,"Surface","Dairy","Corn","Cultivated Crops","Cultivated Crops","No",,"Hortonville silt loam","C","Well drained",3.96,31,2021,"Fall",1,0,0,0,0,0,1,0.1,0.1,0.1,0.1,0.1,"Previous crop",0,"Previous summer + current fall",0.1,"Partial"
"KD2","Non-Frozen","Storm","2021-3",2020-11-15 13:45:00,2020-11-15 17:45:00,654.5,0.09689,0.56,12.3,0.04553,0.48,0.3,0.16,0.16,0.01,0.06,2.14,2.14,989,19.8,862488,0.0091062136516682,2020-11-15 03:50:00,9.91666666666667,"Surface","Dairy","Corn","Cultivated Crops","Cultivated Crops","No",,"Hortonville silt loam","C","Well drained",3.96,31,2021,"Fall",1,0,0,0,0,0,1,0.1,0.1,0.1,0.1,0.1,"Previous crop",0,"Previous summer + current fall",0.1,"Partial"
"KD2","Non-Frozen","Storm","2021-14",2021-07-15 03:21:00,2021-07-15 12:15:00,32800,2.976,2.21,10.43,0.2118,3.84,2.88,1.62,0.99,0.29,0.29,0.35,3.13,1000,19.8,862488,0.45635417536244,2021-07-14 23:59:00,3.36666666666667,"Surface","Dairy","Corn","Cultivated Crops","Cultivated Crops","No",,"Hortonville silt loam","C","Well drained",3.96,31,2021,"Summer",1,0,0,0,0,0,1,0.1,0.1,0.1,0.1,0.1,"Current crop",0,"Current spring + summer",,
"KD2","Non-Frozen","Storm","2021-15",2021-08-08 09:26:00,2021-08-08 17:00:00,33890,6.424,2.31,4.95,0.4667,3.6,3,2.24,1.69,0.51,0.72,1.2,2.44,1001,19.8,862488,0.471519603751009,2021-08-08 07:55:00,1.51666666666667,"Surface","Dairy","Corn","Cultivated Crops","Cultivated Crops","No",,"Hortonville silt loam","C","Well drained",3.96,31,2021,"Summer",1,0,0,0,0,0,1,0.1,0.1,0.1,0.1,0.1,"Current crop",0,"Current spring + summer",,
"KD2","Non-Frozen","Storm","2021-16",2021-08-11 00:59:00,2021-08-11 09:15:00,45820,9.362,1.39,2.783,0.4994,3.24,2.82,1.92,1.24,0,0.12,3.22,4.24,1002,19.8,862488,0.637504521802042,2021-08-11 00:20:00,0.65,"Surface","Dairy","Corn","Cultivated Crops","Cultivated Crops","No",,"Hortonville silt loam","C","Well drained",3.96,31,2021,"Summer",1,0,0,0,0,0,1,0.1,0.1,0.1,0.1,0.1,"Current crop",0,"Current spring + summer",,
"KD2","Non-Frozen","Storm","2021-17",2021-08-29 07:11:00,2021-08-29 13:45:00,29570,4.548,1.36,2.667,0.51,2.16,1.5,0.94,0.86,0.53,1.81,2.2,2.26,1003,19.8,862488,0.411414419678882,2021-08-29 06:14:00,0.95,"Surface","Dairy","Corn","Cultivated Crops","Cultivated Crops","No",,"Hortonville silt loam","C","Well drained",3.96,31,2021,"Summer",1,0,0,0,0,0,1,0.1,0.1,0.1,0.1,0.1,"Current crop",0,"Current spring + summer",,
"KD2","Non-Frozen","Storm","2022-1",2021-10-11 22:14:00,2021-10-12 01:15:00,4522,1.394,0.89,3.85,0.2312,3.36,2.04,0.9,0.49,0,0.01,0.25,1.13,1004,19.8,862488,0.0629156579569803,2021-10-11 20:18:00,1.93333333333333,"Surface","Dairy","Corn","Cultivated Crops","Cultivated Crops","No",,"Hortonville silt loam","C","Well drained",3.96,31,2022,"Fall",1,0,0,0,0,0,1,0.1,0,0,0,0.1,"Previous crop",0,"Previous summer + current fall",0,"No"
"KD2","Non-Frozen","Storm","2022-2",2021-10-12 10:00:00,2021-10-12 12:00:00,186.2,0.0785,0.25,4.65,0.05376,0.48,0.3,0.2,0.13,0.91,0.92,1.16,2.04,1005,19.8,862488,0.00259064473940507,2021-10-12 06:04:00,3.93333333333333,"Surface","Dairy","Corn","Cultivated Crops","Cultivated Crops","No",,"Hortonville silt loam","C","Well drained",3.96,31,2022,"Fall",1,0,0,0,0,0,1,0.1,0,0,0,0.1,"Previous crop",0,"Previous summer + current fall",0,"No"
"KD2","Non-Frozen","Storm","2022-3",2021-12-11 12:03:00,2021-12-11 14:35:00,312.6,0.095,0.28,3.5,0.08,0.84,0.54,0.3,0.22,0.5,0.51,0.78,1.08,1006,19.8,862488,0.00434927790299691,2021-12-11 09:23:00,2.66666666666667,"Surface","Dairy","Corn","Cultivated Crops","Cultivated Crops","No",,"Hortonville silt loam","C","Well drained",3.96,31,2022,"Fall",1,0,0,0,0,0,1,0.1,0,0,0,0.1,"Previous crop",0,"Previous summer + current fall",0,"No"
"KD2","Non-Frozen","Storm","2022-15",2022-04-14 05:44:00,2022-04-14 08:00:00,336.6,0.1296,0.44,8.25,0.05333,0.36,0.24,0.18,0.16,0.16,0.16,0.26,2.46,1018,19.8,862488,0.0046831955922865,2022-04-13 21:54:00,7.83333333333333,"Surface","Dairy","Corn","Cultivated Crops","Cultivated Crops","No",,"Hortonville silt loam","C","Well drained",3.96,31,2022,"Spring",1,0,0,0,0,0,1,0.1,0,0,0,0.1,"Previous crop",0,"Current fall + spring",0,"No"
"KD2","Non-Frozen","Storm","2022-16",2022-04-21 04:04:00,2022-04-21 06:30:00,156.7,0.0645,0.53,5.767,0.09191,0.36,0.36,0.28,0.22,0,0.01,0.64,0.88,1019,19.8,862488,0.00218020424631995,2022-04-20 22:37:00,5.45,"Surface","Dairy","Corn","Cultivated Crops","Cultivated Crops","No",,"Hortonville silt loam","C","Well drained",3.96,31,2022,"Spring",1,0,0,0,0,0,1,0.1,0,0,0,0.1,"Previous crop",0,"Current fall + spring",0,"No"
"KD2","Non-Frozen","Storm","2022-17",2022-05-01 03:27:00,2022-05-01 07:00:00,401.9,0.1285,0.48,4.017,0.1195,0.6,0.48,0.4,0.32,0.33,0.33,0.68,1.46,1020,19.8,862488,0.00559172997189526,2022-04-30 23:42:00,3.75,"Surface","Dairy","Corn","Cultivated Crops","Cultivated Crops","No",,"Hortonville silt loam","C","Well drained",3.96,31,2022,"Spring",1,0,0,0,0,0,1,0.1,0,0,0,0.1,"Previous crop",0,"Current fall + spring",0,"No"
"KD2","Non-Frozen","Storm","2022-18",2022-08-13 16:56:00,2022-08-13 22:45:00,61910,12.54,2.65,14.05,0.1886,2.76,2.4,1.6,1.2,0,0,2.15,3.4,1021,19.8,862488,0.861368505996605,2022-08-13 04:39:00,12.2833333333333,"Surface","Dairy","Corn","Cultivated Crops","Cultivated Crops","No",,"Hortonville silt loam","C","Well drained",3.96,31,2022,"Summer",1,0,0,0,0,0,1,0.1,0,0,0,0,"Current crop",0,"Current spring + summer",,
"KD2","Non-Frozen","Storm","2023-11",2023-03-31 09:45:00,2023-03-31 16:00:00,17310,2.632,0.62,6.183,0.1003,0.48,0.42,0.38,0.33,0.26,0.26,0.26,0.3,1032,19.8,862488,0.240838133400117,2023-03-31 08:49:00,0.933333333333333,"Surface","Dairy","Corn","Cultivated Crops","Cultivated Crops","No",,"Hortonville silt loam","C","Well drained",3.96,31,2023,"Spring",1,0,0,0,0,0,1,0,0,0,0,0,"Previous crop",0,"Current fall + spring",0,"No"
"KD2","Non-Frozen","Storm","2023-12",2023-04-01 01:51:00,2023-04-01 10:00:00,59510,8.518,0.93,7.2,0.1292,0.72,0.6,0.54,0.48,0.94,0.94,0.94,0.95,1033,19.8,862488,0.827976737067646,2023-03-31 23:51:00,2,"Surface","Dairy","Corn","Cultivated Crops","Cultivated Crops","No",,"Hortonville silt loam","C","Well drained",3.96,31,2023,"Spring",1,0,0,0,0,0,1,0,0,0,0,0,"Previous crop",0,"Current fall + spring",0,"No"
"KP3","Non-Frozen","Storm","2006-4",2006-04-07 06:20:00,2006-04-07 11:45:00,7079,0.9929,2.19,8.417,0.2602,2.28,1.86,1.3,1.18,0.01,0.01,1.64,1.66,1037,6.1,265716,0.319694711647022,2006-04-07 03:16:00,3.06666666666667,"Surface","Dairy","Corn-Soybean-Alfalfa","Cultivated Crops","Cultivated Crops","Yes","Random tile in the low area","Brookston silt loam","C/D","Poorly drained",2,30,2006,"Spring",1,0,0,0,0,,1,0,0,0,0,0,"Previous crop",0,"Current fall + spring",0,"No"
"KP3","Non-Frozen","Storm","2007-1",2006-10-04 10:24:00,2006-10-04 13:31:00,23840,5.764,2.08,2.717,0.7656,7.8,5.52,3.28,1.97,0.01,0.57,0.74,1.3,1038,6.1,265716,1.07663821523732,2006-10-04 10:16:00,0.133333333333333,"Surface","Dairy","Corn-Soybean-Alfalfa","Cultivated Crops","Cultivated Crops","Yes","Random tile in the low area","Brookston silt loam","C/D","Poorly drained",2,30,2007,"Fall",1,0,0,0,0,0,1,0,0,1,1,0,"Previous crop",0,"Previous summer + current fall",1,"Yes"
"KP3","Non-Frozen","Storm","2007-2",2006-12-22 15:45:00,2006-12-22 18:00:00,76,0.01916,0.8,6.983,0.1146,0.96,0.72,0.64,0.54,0.24,0.29,0.29,0.33,1039,6.1,265716,0.00343223592105857,2006-12-22 10:59:00,4.76666666666667,"Surface","Dairy","Corn-Soybean-Alfalfa","Cultivated Crops","Cultivated Crops","Yes","Random tile in the low area","Brookston silt loam","C/D","Poorly drained",2,30,2007,"Fall",1,0,0,0,0,0,1,0,0,1,1,0,"Previous crop",0,"Previous summer + current fall",1,"Yes"
"KP3","Non-Frozen","Storm","2007-3",2006-12-22 20:00:00,2006-12-23 00:15:00,168.7,0.02929,1.41,12.97,0.1087,0.96,0.72,0.64,0.54,0.24,0.29,0.29,0.33,1040,6.1,265716,0.00761866052477081,2006-12-22 10:59:00,9.01666666666667,"Surface","Dairy","Corn-Soybean-Alfalfa","Cultivated Crops","Cultivated Crops","Yes","Random tile in the low area","Brookston silt loam","C/D","Poorly drained",2,30,2007,"Fall",1,0,0,0,0,0,1,0,0,1,1,0,"Previous crop",0,"Previous summer + current fall",1,"Yes"
"KP3","Non-Frozen","Storm","2007-6",2007-03-22 07:15:00,2007-03-22 10:45:00,296.3,0.06376,0.76,2.833,0.2682,1.68,1.26,0.74,0.45,0.48,0.48,0.48,0.83,1043,6.1,265716,0.0133812039922323,2007-03-22 07:00:00,0.25,"Surface","Dairy","Corn-Soybean-Alfalfa","Cultivated Crops","Cultivated Crops","Yes","Random tile in the low area","Brookston silt loam","C/D","Poorly drained",2,30,2007,"Spring",1,0,0,0,0,0,1,0,0,1,1,0,"Previous crop",0,"Current fall + spring",1,"Yes"
"KP3","Non-Frozen","Storm","2007-7",2007-04-01 03:45:00,2007-04-01 05:15:00,47.8,0.01622,0.59,2.183,0.2702,1.92,1.5,0.74,0.49,0.24,0.24,0.41,1.67,1044,6.1,265716,0.00215869575035,2007-04-01 02:22:00,1.38333333333333,"Surface","Dairy","Corn-Soybean-Alfalfa","Cultivated Crops","Cultivated Crops","Yes","Random tile in the low area","Brookston silt loam","C/D","Poorly drained",2,30,2007,"Spring",1,0,0,0,0,0,1,0,0,1,1,0,"Previous crop",0,"Current fall + spring",1,"Yes"
"KP3","Non-Frozen","Storm","2007-8",2007-04-03 07:15:00,2007-04-03 16:30:00,3450,0.3576,1.69,7.317,0.231,0.72,0.6,0.5,0.43,0,0.06,1.05,2.33,1045,6.1,265716,0.155805446416475,2007-04-03 06:15:00,1,"Surface","Dairy","Corn-Soybean-Alfalfa","Cultivated Crops","Cultivated Crops","Yes","Random tile in the low area","Brookston silt loam","C/D","Poorly drained",2,30,2007,"Spring",1,0,0,0,0,0,1,0,0,1,1,0,"Previous crop",0,"Current fall + spring",1,"Yes"
"KP3","Non-Frozen","Storm","2007-9",2007-04-26 17:00:00,2007-04-26 19:30:00,148.1,0.04591,0.93,9.033,0.103,0.72,0.6,0.44,0.33,0.05,0.5,0.91,0.98,1046,6.1,265716,0.00668834394616809,2007-04-26 09:40:00,7.33333333333333,"Surface","Dairy","Corn-Soybean-Alfalfa","Cultivated Crops","Cultivated Crops","Yes","Random tile in the low area","Brookston silt loam","C/D","Poorly drained",2,30,2007,"Spring",1,0,0,0,0,0,1,0,0,1,1,0,"Previous crop",0,"Current fall + spring",1,"Yes"
"KP3","Non-Frozen","Storm","2007-10",2007-06-02,2007-06-02 01:00:00,35.5,0.02376,0.87,1.067,0.8156,3.12,2.58,1.5,0.86,0,0.65,0.65,0.67,1047,6.1,265716,0.00160321546312604,2007-06-01 23:50:00,0.166666666666667,"Surface","Dairy","Corn-Soybean-Alfalfa","Cultivated Crops","Cultivated Crops","Yes","Random tile in the low area","Brookston silt loam","C/D","Poorly drained",2,30,2007,"Summer",1,0,0,0,0,0,1,0,0,1,1,0,"Current crop",0,"Current spring + summer",,
"KP3","Non-Frozen","Storm","2007-11",2007-08-19 05:30:00,2007-08-19 09:45:00,118.6,0.01358,2.25,15.95,0.1411,1.2,1.08,0.88,0.62,0,0,1.01,3.89,1048,6.1,265716,0.00535609447680983,2007-08-18 17:37:00,11.8833333333333,"Surface","Dairy","Corn-Soybean-Alfalfa","Cultivated Crops","Cultivated Crops","Yes","Random tile in the low area","Brookston silt loam","C/D","Poorly drained",2,30,2007,"Summer",1,0,0,0,0,0,1,0,0,1,1,0,"Current crop",0,"Current spring + summer",,
"KP3","Non-Frozen","Storm","2007-12",2007-08-19 13:45:00,2007-08-19 15:00:00,15.4,0.00495,2.59,20.68,0.1252,1.2,1.08,0.88,0.62,0,0,1.01,3.89,1049,6.1,265716,0.000695479384003974,2007-08-18 17:37:00,20.1333333333333,"Surface","Dairy","Corn-Soybean-Alfalfa","Cultivated Crops","Cultivated Crops","Yes","Random tile in the low area","Brookston silt loam","C/D","Poorly drained",2,30,2007,"Summer",1,0,0,0,0,0,1,0,0,1,1,0,"Current crop",0,"Current spring + summer",,
"KP3","Non-Frozen","Storm","2007-13",2007-08-20 05:15:00,2007-08-20 11:30:00,329.2,0.05816,0.95,8.617,0.1103,0.84,0.72,0.38,0.32,1.91,2.72,3.34,5.39,1050,6.1,265716,0.014867000858059,2007-08-20 01:34:00,3.68333333333333,"Surface","Dairy","Corn-Soybean-Alfalfa","Cultivated Crops","Cultivated Crops","Yes","Random tile in the low area","Brookston silt loam","C/D","Poorly drained",2,30,2007,"Summer",1,0,0,0,0,0,1,0,0,1,1,0,"Current crop",0,"Current spring + summer",,
"KP3","Non-Frozen","Storm","2007-14",2007-08-20 13:45:00,2007-08-20 16:15:00,69.5,0.01358,0.32,2.433,0.1315,0.6,0.54,0.32,0.21,1.21,3.67,4.29,6.34,1051,6.1,265716,0.00313868942781014,2007-08-20 13:16:00,0.483333333333333,"Surface","Dairy","Corn-Soybean-Alfalfa","Cultivated Crops","Cultivated Crops","Yes","Random tile in the low area","Brookston silt loam","C/D","Poorly drained",2,30,2007,"Summer",1,0,0,0,0,0,1,0,0,1,1,0,"Current crop",0,"Current spring + summer",,
"KP3","Non-Frozen","Storm","2007-15",2007-08-22 07:30:00,2007-08-22 11:00:00,234.1,0.1369,0.93,2.617,0.3554,3.72,3,1.42,0.72,0,0.84,4.23,5.91,1052,6.1,265716,0.0105721898568396,2007-08-22 07:16:00,0.233333333333333,"Surface","Dairy","Corn-Soybean-Alfalfa","Cultivated Crops","Cultivated Crops","Yes","Random tile in the low area","Brookston silt loam","C/D","Poorly drained",2,30,2007,"Summer",1,0,0,0,0,0,1,0,0,1,1,0,"Current crop",0,"Current spring + summer",,
"KP3","Non-Frozen","Storm","2007-16",2007-08-22 21:45:00,2007-08-23 05:00:00,8406,1.728,1.4,5.483,0.2553,5.64,4.32,2,1.03,0.93,0.93,4.95,6.84,1053,6.1,265716,0.379623357268663,2007-08-22 21:44:00,0.0166666666666667,"Surface","Dairy","Corn-Soybean-Alfalfa","Cultivated Crops","Cultivated Crops","Yes","Random tile in the low area","Brookston silt loam","C/D","Poorly drained",2,30,2007,"Summer",1,0,0,0,0,0,1,0,0,1,1,0,"Current crop",0,"Current spring + summer",,
"KP3","Non-Frozen","Storm","2007-17",2007-08-23 13:45:00,2007-08-23 15:45:00,139.3,0.04839,0.41,3.9,0.1051,1.56,1.02,0.54,0.39,1.4,2.33,6.35,8.2,1054,6.1,265716,0.00629092715530868,2007-08-23 10:28:00,3.28333333333333,"Surface","Dairy","Corn-Soybean-Alfalfa","Cultivated Crops","Cultivated Crops","Yes","Random tile in the low area","Brookston silt loam","C/D","Poorly drained",2,30,2007,"Summer",1,0,0,0,0,0,1,0,0,1,1,0,"Current crop",0,"Current spring + summer",,
"KP3","Non-Frozen","Storm","2007-18",2007-08-24 07:45:00,2007-08-24 12:46:00,7413,1.846,1.04,3.05,0.341,3.12,2.76,1.84,0.92,0.44,2.08,6.79,7.8,1055,6.1,265716,0.334778485300095,2007-08-24 07:34:00,0.183333333333333,"Surface","Dairy","Corn-Soybean-Alfalfa","Cultivated Crops","Cultivated Crops","Yes","Random tile in the low area","Brookston silt loam","C/D","Poorly drained",2,30,2007,"Summer",1,0,0,0,0,0,1,0,0,1,1,0,"Current crop",0,"Current spring + summer",,
"KP3","Non-Frozen","Storm","2007-19",2007-08-24 23:15:00,2007-08-25 02:45:00,92.5,0.05481,0.33,2.633,0.1253,1.32,0.96,0.56,0.3,1.06,1.84,7.84,8.85,1056,6.1,265716,0.00417739240391997,2007-08-24 22:59:00,0.266666666666667,"Surface","Dairy","Corn-Soybean-Alfalfa","Cultivated Crops","Cultivated Crops","Yes","Random tile in the low area","Brookston silt loam","C/D","Poorly drained",2,30,2007,"Summer",1,0,0,0,0,0,1,0,0,1,1,0,"Current crop",0,"Current spring + summer",,
"KP3","Non-Frozen","Storm","2008-1",2007-12-23 10:30:00,2007-12-23 20:00:00,2048,0.1186,0.45,7.233,0.06221,0.48,0.3,0.24,0.22,0.05,0.05,0.05,0.05,1057,6.1,265716,0.0924897258727363,2007-12-23 03:24:00,7.1,"Surface","Dairy","Corn-Soybean-Alfalfa","Cultivated Crops","Cultivated Crops","Yes","Random tile in the low area","Brookston silt loam","C/D","Poorly drained",2,30,2008,"Fall",1,0,0,0,0,0,1,0,0,0,0,0,"Previous crop",0,"Previous summer + current fall",0,"No"
"KP3","Non-Frozen","Storm","2008-7",2008-04-10 23:15:00,2008-04-11 01:15:00,596.2,0.1884,0.91,10.77,0.08452,0.84,0.72,0.38,0.23,0,1.13,1.28,2.05,1063,6.1,265716,0.0269249875807253,2008-04-10 14:27:00,8.8,"Surface","Dairy","Corn-Soybean-Alfalfa","Cultivated Crops","Cultivated Crops","Yes","Random tile in the low area","Brookston silt loam","C/D","Poorly drained",2,30,2008,"Spring",1,0,0,0,0,0,1,0,0,0,0,0,"Previous crop",0,"Current fall + spring",0,"No"
"KP3","Non-Frozen","Storm","2008-8",2008-04-25 08:30:00,2008-04-25 10:00:00,155.5,0.0741,1.1,2.25,0.4889,1.8,1.44,0.94,0.7,0.13,0.13,0.16,0.43,1064,6.1,265716,0.00702253533848169,2008-04-25 07:13:00,1.28333333333333,"Surface","Dairy","Corn-Soybean-Alfalfa","Cultivated Crops","Cultivated Crops","Yes","Random tile in the low area","Brookston silt loam","C/D","Poorly drained",2,30,2008,"Spring",1,0,0,0,0,0,1,0,0,0,0,0,"Previous crop",0,"Current fall + spring",0,"No"
"KP3","Non-Frozen","Storm","2008-9",2008-04-25 15:45:00,2008-04-25 18:15:00,2462,0.659,0.71,1.233,0.5757,3.96,2.7,1.16,0.69,1.23,1.23,1.26,1.48,1065,6.1,265716,0.111186379442713,2008-04-25 15:24:00,0.35,"Surface","Dairy","Corn-Soybean-Alfalfa","Cultivated Crops","Cultivated Crops","Yes","Random tile in the low area","Brookston silt loam","C/D","Poorly drained",2,30,2008,"Spring",1,0,0,0,0,0,1,0,0,0,0,0,"Previous crop",0,"Current fall + spring",0,"No"
"KP3","Non-Frozen","Storm","2008-10",2008-04-25 22:45:00,2008-04-26 02:45:00,10090,2.28,0.97,3.567,0.272,3,1.98,1.34,0.86,1.94,1.94,1.97,2.09,1066,6.1,265716,0.455674479519487,2008-04-25 21:56:00,0.816666666666667,"Surface","Dairy","Corn-Soybean-Alfalfa","Cultivated Crops","Cultivated Crops","Yes","Random tile in the low area","Brookston silt loam","C/D","Poorly drained",2,30,2008,"Spring",1,0,0,0,0,0,1,0,0,0,0,0,"Previous crop",0,"Current fall + spring",0,"No"
"KP3","Non-Frozen","Storm","2008-11",2008-06-05 11:14:00,2008-06-05 15:07:00,1184,0.2304,1.85,4.45,0.4157,2.88,2.4,1.8,1.14,0,0,0.69,1.06,1067,6.1,265716,0.0534706227701757,2008-06-05 09:37:00,1.61666666666667,"Surface","Dairy","Corn-Soybean-Alfalfa","Cultivated Crops","Cultivated Crops","Yes","Random tile in the low area","Brookston silt loam","C/D","Poorly drained",2,30,2008,"Summer",1,0,0,0,0,0,1,0,0,0,0,0,"Current crop",0,"Current spring + summer",,
"KP3","Non-Frozen","Storm","2008-12",2008-06-07 21:43:00,2008-06-08 08:15:00,26530,3.481,2.77,11.2,0.2473,2.64,2.16,1.68,1.22,0,0.28,2.17,3.19,1068,6.1,265716,1.19812130244321,2008-06-07 21:00:00,0.716666666666667,"Surface","Dairy","Corn-Soybean-Alfalfa","Cultivated Crops","Cultivated Crops","Yes","Random tile in the low area","Brookston silt loam","C/D","Poorly drained",2,30,2008,"Summer",1,0,0,0,0,0,1,0,0,0,0,0,"Current crop",0,"Current spring + summer",,
"KP3","Non-Frozen","Storm","2008-13",2008-06-08 15:20:00,2008-06-08 19:30:00,8640,1.43,0.78,1.667,0.468,3.12,2.4,1,0.66,2.78,2.83,4.95,5.97,1069,6.1,265716,0.390191031025606,2008-06-08 15:04:00,0.266666666666667,"Surface","Dairy","Corn-Soybean-Alfalfa","Cultivated Crops","Cultivated Crops","Yes","Random tile in the low area","Brookston silt loam","C/D","Poorly drained",2,30,2008,"Summer",1,0,0,0,0,0,1,0,0,0,0,0,"Current crop",0,"Current spring + summer",,
"KP3","Non-Frozen","Storm","2008-14",2008-06-09 00:05:00,2008-06-09 08:00:00,51480,5.114,1.93,7.733,0.2496,2.16,1.5,1.24,0.96,2.12,3.56,5.73,6.75,1070,6.1,265716,2.32488822652757,2008-06-08 23:58:00,0.116666666666667,"Surface","Dairy","Corn-Soybean-Alfalfa","Cultivated Crops","Cultivated Crops","Yes","Random tile in the low area","Brookston silt loam","C/D","Poorly drained",2,30,2008,"Summer",1,0,0,0,0,0,1,0,0,0,0,0,"Current crop",0,"Current spring + summer",,
"KP3","Non-Frozen","Storm","2008-15",2008-06-12 22:00:00,2008-06-13 10:00:00,23480,2.235,2.43,12.98,0.1872,1.92,1.5,0.74,0.59,0,0,5.79,8.33,1071,6.1,265716,1.06038025561125,2008-06-12 18:29:00,3.51666666666667,"Surface","Dairy","Corn-Soybean-Alfalfa","Cultivated Crops","Cultivated Crops","Yes","Random tile in the low area","Brookston silt loam","C/D","Poorly drained",2,30,2008,"Summer",1,0,0,0,0,0,1,0,0,0,0,0,"Current crop",0,"Current spring + summer",,
"MT1","Non-Frozen","Storm","2022-1",2021-11-11 13:46:00,2021-11-11 21:59:00,1332,0.1575,0.7,10.53,0.06646,0.6,0.48,0.3,0.23,0.6,0.6,0.6,0.79,1072,7.7,335412,0.0476548245143286,2021-11-11 10:01:00,3.75,"Surface","Dairy","Corn-Alfalfa","Cultivated Crops","Cultivated Crops","No",,"Loyal silt loam","C/D","Moderately well drained",4.1,21.5,2022,"Fall",1,0,0,0,0,,1,0,0,0,0,0,"Previous crop",,"Previous summer + current fall",0,"No"
"MT1","Non-Frozen","Storm","2022-15",2022-04-20 04:30:00,2022-04-20 19:00:00,314.7,0.0111,0,,,,,,,0,0.06,1.26,2.08,1086,7.7,335412,0.0112589889449394,,,"Surface","Dairy","Corn-Alfalfa","Cultivated Crops","Cultivated Crops","No",,"Loyal silt loam","C/D","Moderately well drained",4.1,21.5,2022,"Spring",1,0,0,0,0,,1,0,0,0,0,0,"Previous crop",0,"Current fall + spring",0,"No"
"MT1","Non-Frozen","Storm","2022-16",2022-04-20 21:13:00,2022-04-21 20:00:00,3912,0.5137,0.57,6.3,0.09048,0.36,0.36,0.26,0.2,0,0.01,0.29,1.84,1087,7.7,335412,0.13995921433938,,,"Surface","Dairy","Corn-Alfalfa","Cultivated Crops","Cultivated Crops","No",,"Loyal silt loam","C/D","Moderately well drained",4.1,21.5,2022,"Spring",1,0,0,0,0,,1,0,0,0,0,0,"Previous crop",0,"Current fall + spring",0,"No"
"MT1","Non-Frozen","Storm","2022-17",2022-04-23 03:00:00,2022-04-23 16:45:00,353.2,0.0111,0.02,0.8833,0.02264,0.12,0.06,0.02,0.02,0.02,0.05,0.65,2.18,1088,7.7,335412,0.0126363994132589,2022-04-23 02:11:00,0.816666666666667,"Surface","Dairy","Corn-Alfalfa","Cultivated Crops","Cultivated Crops","No",,"Loyal silt loam","C/D","Moderately well drained",4.1,21.5,2022,"Spring",1,0,0,0,0,,1,0,0,0,0,0,"Previous crop",0,"Current fall + spring",0,"No"
"MT1","Non-Frozen","Storm","2022-18",2022-04-24 02:00:00,2022-04-24 13:45:00,1998,0.3666,0.38,3.417,0.1112,0.84,0.6,0.3,0.17,0.02,0.04,0.67,2.2,1089,7.7,335412,0.071482236771493,2022-04-24 01:49:00,0.183333333333333,"Surface","Dairy","Corn-Alfalfa","Cultivated Crops","Cultivated Crops","No",,"Loyal silt loam","C/D","Moderately well drained",4.1,21.5,2022,"Spring",1,0,0,0,0,,1,0,0,0,0,0,"Previous crop",0,"Current fall + spring",0,"No"
"MT1","Non-Frozen","Storm","2022-19",2022-04-30 23:40:00,2022-05-02 12:45:00,3217,0.0733,0.56,32.98,0.01698,0.48,0.42,0.28,0.18,0.29,0.29,0.68,1.35,1090,7.7,335412,0.115094272119066,2022-04-30 21:01:00,2.65,"Surface","Dairy","Corn-Alfalfa","Cultivated Crops","Cultivated Crops","No",,"Loyal silt loam","C/D","Moderately well drained",4.1,21.5,2022,"Spring",1,0,0,0,0,,1,0,0,0,0,0,"Previous crop",0,"Current fall + spring",0,"No"
"MT1","Non-Frozen","Storm","2022-20",2022-05-19 22:56:00,2022-05-20 21:10:00,1172,0.0688,0.97,19.28,0.0503,4.32,2.16,0.78,0.44,0.66,0.7,0.72,1.33,1091,7.7,335412,0.0419305212693642,2022-05-19 20:10:00,2.76666666666667,"Surface","Dairy","Corn-Alfalfa","Cultivated Crops","Cultivated Crops","No",,"Loyal silt loam","C/D","Moderately well drained",4.1,21.5,2022,"Spring",1,0,0,0,0,,1,0,0,0,0,0,"Previous crop",0,"Current fall + spring",0,"No"
"MT1","Non-Frozen","Storm","2022-21",2022-05-26 10:23:00,2022-05-26 16:07:00,258.8,0.0228,0.26,7.133,0.03645,0.48,0.3,0.2,0.16,0.56,0.56,1.53,2.51,1092,7.7,335412,0.00925906049872992,2022-05-26 07:07:00,3.26666666666667,"Surface","Dairy","Corn-Alfalfa","Cultivated Crops","Cultivated Crops","No",,"Loyal silt loam","C/D","Moderately well drained",4.1,21.5,2022,"Spring",1,0,0,0,0,,1,0,0,0,0,0,"Previous crop",0,"Current fall + spring",0,"No"
"MT1","Non-Frozen","Storm","2022-22",2022-06-15 22:06:00,2022-06-15 22:33:00,21,0.0179,0.56,1.367,0.4098,1.44,1.38,0.9,0.54,0.04,0.04,0.74,1.24,1093,7.7,335412,0.000751314800901578,2022-06-15 21:01:00,1.08333333333333,"Surface","Dairy","Corn-Alfalfa","Cultivated Crops","Cultivated Crops","No",,"Loyal silt loam","C/D","Moderately well drained",4.1,21.5,2022,"Summer",1,0,0,0,0,,1,0,0,0,0,0,"Current crop",0,"Current spring + summer",,
"MT1","Non-Frozen","Storm","2022-23",2022-07-13 01:08:00,2022-07-13 01:54:00,44.9,0.0247,0.51,0.4667,1.093,3.6,2.34,1.02,0.51,0.34,0.61,1.98,2.55,1094,7.7,335412,0.00160638259811814,2022-07-13 00:46:00,0.366666666666667,"Surface","Dairy","Corn-Alfalfa","Cultivated Crops","Cultivated Crops","No",,"Loyal silt loam","C/D","Moderately well drained",4.1,21.5,2022,"Summer",1,0,0,0,0,,1,0,0,0,0,0,"Current crop",0,"Current spring + summer",,
"MT1","Non-Frozen","Storm","2022-24",2022-07-15 12:05:00,2022-07-15 14:23:00,146.6,0.0361,0.87,3.983,0.2184,2.64,2.04,0.92,0.48,0,0,1.28,2.93,1095,7.7,335412,0.00524489284819863,2022-07-15 08:50:00,3.25,"Surface","Dairy","Corn-Alfalfa","Cultivated Crops","Cultivated Crops","No",,"Loyal silt loam","C/D","Moderately well drained",4.1,21.5,2022,"Summer",1,0,0,0,0,,1,0,0,0,0,0,"Current crop",0,"Current spring + summer",,
"MT1","Non-Frozen","Storm","2022-25",2022-08-03 06:19:00,2022-08-03 15:23:00,17700,8.399,3.89,7.35,0.5293,5.28,4.2,1.96,1.27,0,0.01,0.04,0.51,1096,7.7,335412,0.633251046474187,2022-08-03 04:33:00,1.76666666666667,"Surface","Dairy","Corn-Alfalfa","Cultivated Crops","Cultivated Crops","No",,"Loyal silt loam","C/D","Moderately well drained",4.1,21.5,2022,"Summer",1,0,0,0,0,,1,0,0,0,0,0,"Current crop",0,"Current spring + summer",,
"MT1","Non-Frozen","Storm","2022-26",2022-08-07 00:24:00,2022-08-08 17:34:00,25310,6.62,2.6,32.2,0.08075,3.72,3.12,1.96,1.05,0,0,3.93,3.94,1097,7.7,335412,0.905513219562806,2022-08-06 23:51:00,0.55,"Surface","Dairy","Corn-Alfalfa","Cultivated Crops","Cultivated Crops","No",,"Loyal silt loam","C/D","Moderately well drained",4.1,21.5,2022,"Summer",1,0,0,0,0,,1,0,0,0,0,0,"Current crop",0,"Current spring + summer",,
"MT1","Non-Frozen","Storm","2022-27",2022-08-25 09:54:00,2022-08-25 10:53:00,28.7,0.0143,0.41,1.6,0.2562,0.84,0.78,0.54,0.37,0.6,0.6,0.92,1.03,1098,7.7,335412,0.00102679689456549,2022-08-25 08:30:00,1.4,"Surface","Dairy","Corn-Alfalfa","Cultivated Crops","Cultivated Crops","No",,"Loyal silt loam","C/D","Moderately well drained",4.1,21.5,2022,"Summer",1,0,0,0,0,,1,0,0,0,0,0,"Current crop",0,"Current spring + summer",,
"MT1","Non-Frozen","Storm","2022-28",2022-08-28 09:15:00,2022-08-28 20:44:00,310.1,0.0277,0.47,12.65,0.03715,0.6,0.54,0.34,0.21,0.34,0.34,1.35,1.67,1099,7.7,335412,0.0110944152266466,2022-08-28 05:43:00,3.53333333333333,"Surface","Dairy","Corn-Alfalfa","Cultivated Crops","Cultivated Crops","No",,"Loyal silt loam","C/D","Moderately well drained",4.1,21.5,2022,"Summer",1,0,0,0,0,,1,0,0,0,0,0,"Current crop",0,"Current spring + summer",,
"MT2","Non-Frozen","Storm","2022-1",2021-11-11 15:30:00,2021-11-11 19:15:00,78.7,0.0211,0.69,7.733,0.08922,0.6,0.48,0.3,0.23,0.6,0.6,0.6,0.79,1100,5.6,243936,0.00387150728059819,2021-11-11 10:01:00,5.48333333333333,"Surface","Dairy","Grass Pasture","Pasture/Hay","Pasture/Hay","No",,"Loyal silt loam","C/D","Moderately well drained",2.4,21.5,2022,"Fall",1,0,0,0,0,,1,1,1,1,1,1,"Previous crop",,"Previous summer + current fall",1,"Yes"
"MT2","Non-Frozen","Storm","2022-18",2022-04-21 00:34:00,2022-04-21 23:00:00,406.2,0.0268,0.57,6.3,0.09048,0.36,0.36,0.26,0.2,0,0.01,0.29,1.84,1117,5.6,243936,0.0199822904368359,2022-04-20 21:48:00,2.76666666666667,"Surface","Dairy","Grass Pasture","Pasture/Hay","Pasture/Hay","No",,"Loyal silt loam","C/D","Moderately well drained",2.4,21.5,2022,"Spring",1,0,0,0,0,,1,1,1,1,1,1,"Previous crop",0,"Current fall + spring",1,"Yes"
"MT2","Non-Frozen","Storm","2022-19",2022-04-23 07:15:00,2022-04-25 02:00:00,3046,0.4388,0.38,3.417,0.1112,0.84,0.6,0.3,0.17,0.02,0.04,0.67,2.2,1118,5.6,243936,0.149842581660764,,,"Surface","Dairy","Grass Pasture","Pasture/Hay","Pasture/Hay","No",,"Loyal silt loam","C/D","Moderately well drained",2.4,21.5,2022,"Spring",1,0,0,0,0,,1,1,1,1,1,1,"Previous crop",0,"Current fall + spring",1,"Yes"
"MT2","Non-Frozen","Storm","2022-20",2022-05-01 01:45:00,2022-05-03 21:30:00,1808,0.0435,0.56,32.98,0.01698,0.48,0.42,0.28,0.18,0.29,0.29,0.68,1.35,1119,5.6,243936,0.0889413616686344,2022-04-30 21:01:00,4.73333333333333,"Surface","Dairy","Grass Pasture","Pasture/Hay","Pasture/Hay","No",,"Loyal silt loam","C/D","Moderately well drained",2.4,21.5,2022,"Spring",1,0,0,0,0,,1,1,1,1,1,1,"Previous crop",0,"Current fall + spring",1,"Yes"
"MT2","Non-Frozen","Storm","2022-21",2022-08-03 08:14:00,2022-08-03 10:45:00,977.7,0.5536,3.82,6.15,0.6211,5.28,4.2,1.96,1.27,0,0.01,0.04,0.51,1120,5.6,243936,0.0480962219598583,2022-08-03 04:33:00,3.68333333333333,"Surface","Dairy","Grass Pasture","Pasture/Hay","Pasture/Hay","No",,"Loyal silt loam","C/D","Moderately well drained",2.4,21.5,2022,"Summer",1,0,0,0,0,,1,1,1,1,1,1,"Current crop",0,"Current spring + summer",,
"MT2","Non-Frozen","Storm","2022-22",2022-08-07 00:45:00,2022-08-07 08:45:00,992.4,0.1975,1.14,2.133,0.5344,3.72,3.12,1.96,1.05,0,0,3.93,3.94,1121,5.6,243936,0.0488193624557261,2022-08-06 23:51:00,0.9,"Surface","Dairy","Grass Pasture","Pasture/Hay","Pasture/Hay","No",,"Loyal silt loam","C/D","Moderately well drained",2.4,21.5,2022,"Summer",1,0,0,0,0,,1,1,1,1,1,1,"Current crop",0,"Current spring + summer",,
"MT2","Non-Frozen","Storm","2022-23",2022-09-20 12:15:00,2022-09-20 14:30:00,15.8,0.0075,0.4,3.183,0.1257,0.48,0.42,0.36,0.27,0,0,0.02,0.58,1122,5.6,243936,0.000777253049980323,2022-09-20 09:15:00,3,"Surface","Dairy","Grass Pasture","Pasture/Hay","Pasture/Hay","No",,"Loyal silt loam","C/D","Moderately well drained",2.4,21.5,2022,"Summer",1,0,0,0,0,,1,1,1,1,1,1,"Current crop",0,"Current spring + summer",,
"MT2","Non-Frozen","Storm","2023-1",2022-11-05 18:30:00,2022-11-06 04:30:00,24.9,0.0039,1.61,17.95,0.08969,0.48,0.42,0.34,0.29,0.08,0.08,0.08,0.83,1123,5.6,243936,0.00122491145218418,2022-11-05 04:24:00,14.1,"Surface","Dairy","Grass Pasture","Pasture/Hay","Pasture/Hay","No",,"Loyal silt loam","C/D","Moderately well drained",2.4,21.5,2023,"Fall",,,,,,,,,,,,,"Previous crop",,"Previous summer + current fall",,
"MT2","Non-Frozen","Storm","2023-12",2023-04-16 08:45:00,2023-04-17 05:53:00,8568,0.483,0.89,15.58,0.05711,0.84,0.6,0.42,0.3,0.15,0.15,0.15,0.61,1134,5.6,243936,0.421487603305785,2023-04-16 06:33:00,2.2,"Surface","Dairy","Grass Pasture","Pasture/Hay","Pasture/Hay","No",,"Loyal silt loam","C/D","Moderately well drained",2.4,21.5,2023,"Spring",,,,,,,,,,,,,"Previous crop",,"Current fall + spring",,
"MT2","Non-Frozen","Storm","2023-13",2023-04-17 14:59:00,2023-04-23 23:00:00,18940,0.346,0.88,35.28,0.02494,0.84,0.54,0.3,0.19,0,0,1.04,1.13,1135,5.6,243936,0.931719795356159,,,"Surface","Dairy","Grass Pasture","Pasture/Hay","Pasture/Hay","No",,"Loyal silt loam","C/D","Moderately well drained",2.4,21.5,2023,"Spring",,,,,,,,,,,,,"Previous crop",,"Current fall + spring",,
"MT2","Non-Frozen","Storm","2023-14",2023-04-30 14:30:00,2023-05-02 02:15:00,1094,0.0264,0.06,8.983,0.006679,0.12,0.06,0.02,0.01,0.02,0.28,0.33,1.32,1136,5.6,243936,0.0538173947264856,,,"Surface","Dairy","Grass Pasture","Pasture/Hay","Pasture/Hay","No",,"Loyal silt loam","C/D","Moderately well drained",2.4,21.5,2023,"Spring",,,,,,,,,,,,,"Previous crop",,"Current fall + spring",,
"MT2","Non-Frozen","Storm","2023-15",2023-05-06 05:45:00,2023-05-09 23:45:00,5789,0.4142,0.87,67.37,0.01291,1.08,0.66,0.52,0.35,0.23,0.23,0.57,0.62,1137,5.6,243936,0.284779614325069,2023-05-06 04:28:00,1.28333333333333,"Surface","Dairy","Grass Pasture","Pasture/Hay","Pasture/Hay","No",,"Loyal silt loam","C/D","Moderately well drained",2.4,21.5,2023,"Spring",,,,,,,,,,,,,"Previous crop",,"Current fall + spring",,
"P1","Non-Frozen","Storm","2004-1",2003-11-23 13:15:00,2003-11-23 15:10:00,569.6,0.2194,1.686,11.72,0.1439,1.212,1.044,0.636,0.432,0,0,0,0,1138,20.5,892980,0.00765437075858362,2003-11-23 03:25:00,9.83333333333333,"Surface","Dairy","Corn-Alfalfa","Cultivated Crops","Cultivated Crops","Yes","Random tile in waterways","Hortonville silt loam","C","Well drained",4,31,2004,"Fall",0.95,0,0,0,0,,0.95,0.95,0.95,0.95,0.95,0.95,"Previous crop",,"Previous summer + current fall",0.95,"Partial"
"P1","Non-Frozen","Storm","2004-10",2004-03-29 01:00:00,2004-03-29 02:47:00,55.3,0.02188,0.805,4.483,0.1796,0.54,0.486,0.4,0.31,0,0,0.261,0.441,1147,20.5,892980,0.00074312974534704,2004-03-28 22:06:00,2.9,"Surface","Dairy","Corn-Alfalfa","Cultivated Crops","Cultivated Crops","Yes","Random tile in waterways","Hortonville silt loam","C","Well drained",4,31,2004,"Spring",0.95,0,0,0,0,,0.95,0.95,0.95,0.95,0.95,0.95,"Previous crop",0,"Current fall + spring",0.95,"Partial"
"P1","Non-Frozen","Storm","2004-11",2004-05-08 22:00:00,2004-05-09 03:08:00,12600,2.02,1.401,4.133,0.339,4.452,3.732,2.114,1.202,0.983,0.983,1.091,1.721,1148,20.5,892980,0.169320701471478,,,"Surface","Dairy","Corn-Alfalfa","Cultivated Crops","Cultivated Crops","Yes","Random tile in waterways","Hortonville silt loam","C","Well drained",4,31,2004,"Spring",0.95,0,0,0,0,,0.95,0.95,0.95,0.95,0.95,0.95,"Previous crop",0,"Current fall + spring",0.95,"Partial"
"P1","Non-Frozen","Storm","2004-12",2004-05-13 01:00:00,2004-05-13 02:15:00,59.2,0.03892,0.514,1.1,0.4673,3.288,2.208,0.938,0.496,0,0,2.537,2.636,1149,20.5,892980,0.000795538533897736,2004-05-13 00:34:00,0.433333333333333,"Surface","Dairy","Corn-Alfalfa","Cultivated Crops","Cultivated Crops","Yes","Random tile in waterways","Hortonville silt loam","C","Well drained",4,31,2004,"Spring",0.95,0,0,0,0,,0.95,0.95,0.95,0.95,0.95,0.95,"Previous crop",0,"Current fall + spring",0.95,"Partial"
"P1","Non-Frozen","Storm","2004-13",2004-05-13 22:40:00,2004-05-13 23:38:00,88.3,0.0711,0.29,1.25,0.232,1.092,0.762,0.436,0.272,0.568,0.568,3.006,3.204,1150,20.5,892980,0.00118658872539139,2004-05-13 21:25:00,1.25,"Surface","Dairy","Corn-Alfalfa","Cultivated Crops","Cultivated Crops","Yes","Random tile in waterways","Hortonville silt loam","C","Well drained",4,31,2004,"Spring",0.95,0,0,0,0,,0.95,0.95,0.95,0.95,0.95,0.95,"Previous crop",0,"Current fall + spring",0.95,"Partial"
"P1","Non-Frozen","Storm","2004-14",2004-05-14 16:00:00,2004-05-14 19:00:00,41.8,0.00722,0.288,6.683,0.04309,0.108,0.108,0.072,0.072,0.299,0.867,3.305,3.503,1151,20.5,892980,0.000561714708056171,2004-05-14 11:51:00,4.15,"Surface","Dairy","Corn-Alfalfa","Cultivated Crops","Cultivated Crops","Yes","Random tile in waterways","Hortonville silt loam","C","Well drained",4,31,2004,"Spring",0.95,0,0,0,0,,0.95,0.95,0.95,0.95,0.95,0.95,"Previous crop",0,"Current fall + spring",0.95,"Partial"
"P1","Non-Frozen","Storm","2004-15",2004-05-20 06:48:00,2004-05-20 07:40:00,48.6,0.04355,0.809,1.867,0.4334,2.52,1.938,0.826,0.503,0,0.009,0.704,3.764,1152,20.5,892980,0.000653094134247128,2004-05-20 05:23:00,1.41666666666667,"Surface","Dairy","Corn-Alfalfa","Cultivated Crops","Cultivated Crops","Yes","Random tile in waterways","Hortonville silt loam","C","Well drained",4,31,2004,"Spring",0.95,0,0,0,0,,0.95,0.95,0.95,0.95,0.95,0.95,"Previous crop",0,"Current fall + spring",0.95,"Partial"
"P1","Non-Frozen","Storm","2004-16",2004-05-21 22:40:00,2004-05-21 23:52:00,28.9,0.01114,0.252,2.4,0.105,0.324,0.216,0.18,0.144,0.189,1.07,1.142,4.735,1153,20.5,892980,0.000388362561311563,2004-05-21 20:45:00,1.91666666666667,"Surface","Dairy","Corn-Alfalfa","Cultivated Crops","Cultivated Crops","Yes","Random tile in waterways","Hortonville silt loam","C","Well drained",4,31,2004,"Spring",0.95,0,0,0,0,,0.95,0.95,0.95,0.95,0.95,0.95,"Previous crop",0,"Current fall + spring",0.95,"Partial"
"P1","Non-Frozen","Storm","2004-17",2004-05-22 06:46:00,2004-05-22 07:42:00,10.7,0.00778,0.117,2.183,0.05359,0.216,0.216,0.144,0.099,0.441,1.322,1.394,4.987,1154,20.5,892980,0.000143788214741652,2004-05-22 04:42:00,2.06666666666667,"Surface","Dairy","Corn-Alfalfa","Cultivated Crops","Cultivated Crops","Yes","Random tile in waterways","Hortonville silt loam","C","Well drained",4,31,2004,"Spring",0.95,0,0,0,0,,0.95,0.95,0.95,0.95,0.95,0.95,"Previous crop",0,"Current fall + spring",0.95,"Partial"
"P1","Non-Frozen","Storm","2004-18",2004-05-23 10:56:00,2004-05-23 17:56:00,33790,4.118,1.074,7.117,0.1509,1.8,1.26,0.62,0.55,0.099,0.657,1.61,2.819,1155,20.5,892980,0.454075119263589,2004-05-23 07:13:00,3.71666666666667,"Surface","Dairy","Corn-Alfalfa","Cultivated Crops","Cultivated Crops","Yes","Random tile in waterways","Hortonville silt loam","C","Well drained",4,31,2004,"Spring",0.95,0,0,0,0,,0.95,0.95,0.95,0.95,0.95,0.95,"Previous crop",0,"Current fall + spring",0.95,"Partial"
"P1","Non-Frozen","Storm","2004-19",2004-05-23 22:25:00,2004-05-24 08:26:00,81640,17.28,1.46,8.85,0.165,3.72,3.42,1.9,1.04,1.074,1.443,2.684,3.884,1156,20.5,892980,1.09709064032789,2004-05-23 22:02:00,0.383333333333333,"Surface","Dairy","Corn-Alfalfa","Cultivated Crops","Cultivated Crops","Yes","Random tile in waterways","Hortonville silt loam","C","Well drained",4,31,2004,"Spring",0.95,0,0,0,0,,0.95,0.95,0.95,0.95,0.95,0.95,"Previous crop",0,"Current fall + spring",0.95,"Partial"
"P1","Non-Frozen","Storm","2004-20",2004-05-31 13:06:00,2004-06-01 00:15:00,33140,3.772,1.11,7.667,0.1448,1.68,0.96,0.5,0.41,0.42,0.46,0.6,4.744,1157,20.5,892980,0.445340321171807,2004-05-31 12:55:00,0.183333333333333,"Surface","Dairy","Corn-Alfalfa","Cultivated Crops","Cultivated Crops","Yes","Random tile in waterways","Hortonville silt loam","C","Well drained",4,31,2004,"Spring",0.95,0,0,0,0,,0.95,0.95,0.95,0.95,0.95,0.95,"Previous crop",0,"Current fall + spring",0.95,"Partial"
"P1","Non-Frozen","Storm","2004-21",2004-06-09 07:02:00,2004-06-09 11:11:00,43030,8.014,2.24,2.2,1.018,6.96,6.24,4.28,2.16,0,0,0.01,1.75,1158,20.5,892980,0.578243633676006,2004-06-09 06:57:00,0.0833333333333333,"Surface","Dairy","Corn-Alfalfa","Cultivated Crops","Cultivated Crops","Yes","Random tile in waterways","Hortonville silt loam","C","Well drained",4,31,2004,"Summer",0.95,0,0,0,0,,0.95,0.95,0.95,0.95,0.95,0.95,"Current crop",0,"Current spring + summer",,
"P1","Non-Frozen","Storm","2004-22",2004-06-11 08:00:00,2004-06-11 14:55:00,2760,0.3104,0.53,8.45,0.06272,0.24,0.24,0.18,0.14,0.13,2.61,2.62,4.22,1159,20.5,892980,0.0370892965127998,2004-06-11 05:49:00,2.18333333333333,"Surface","Dairy","Corn-Alfalfa","Cultivated Crops","Cultivated Crops","Yes","Random tile in waterways","Hortonville silt loam","C","Well drained",4,31,2004,"Summer",0.95,0,0,0,0,,0.95,0.95,0.95,0.95,0.95,0.95,"Current crop",0,"Current spring + summer",,
"P1","Non-Frozen","Storm","2004-23",2004-06-12 09:31:00,2004-06-12 10:48:00,162.7,0.06092,0.2,3.433,0.05825,0.36,0.3,0.2,0.12,0.53,0.66,3.18,4.78,1160,20.5,892980,0.00218638715312773,2004-06-12 06:35:00,2.93333333333333,"Surface","Dairy","Corn-Alfalfa","Cultivated Crops","Cultivated Crops","Yes","Random tile in waterways","Hortonville silt loam","C","Well drained",4,31,2004,"Summer",0.95,0,0,0,0,,0.95,0.95,0.95,0.95,0.95,0.95,"Current crop",0,"Current spring + summer",,
"P1","Non-Frozen","Storm","2004-24",2004-06-13 19:00:00,2004-06-13 20:00:00,304.2,0.1884,0.24,3.1,0.07742,0.96,0.72,0.32,0.17,0,0.21,3.37,4.94,1161,20.5,892980,0.00408788550695424,2004-06-13 16:03:00,2.95,"Surface","Dairy","Corn-Alfalfa","Cultivated Crops","Cultivated Crops","Yes","Random tile in waterways","Hortonville silt loam","C","Well drained",4,31,2004,"Summer",0.95,0,0,0,0,,0.95,0.95,0.95,0.95,0.95,0.95,"Current crop",0,"Current spring + summer",,
"P1","Non-Frozen","Storm","2004-25",2004-06-17 05:21:00,2004-06-17 08:38:00,5898,1.079,0.92,2.633,0.3494,4.56,3.12,1.38,0.84,0,0,1.28,3.69,1162,20.5,892980,0.079258214069744,2004-06-17 04:34:00,0.783333333333333,"Surface","Dairy","Corn-Alfalfa","Cultivated Crops","Cultivated Crops","Yes","Random tile in waterways","Hortonville silt loam","C","Well drained",4,31,2004,"Summer",0.95,0,0,0,0,,0.95,0.95,0.95,0.95,0.95,0.95,"Current crop",0,"Current spring + summer",,
"P1","Non-Frozen","Storm","2005-12",2005-08-19 03:00:00,2005-08-19 04:17:00,1090,0.5596,4.591,3.367,1.364,7.044,6.678,5.188,4.029,0,0,0.234,0.766,1174,20.5,892980,0.0146475844923738,2005-08-18 23:40:00,3.33333333333333,"Surface","Dairy","Corn-Alfalfa","Cultivated Crops","Cultivated Crops","Yes","Random tile in waterways","Hortonville silt loam","C","Well drained",4,31,2005,"Summer",0.95,1.9,0,1.9,0,0,0.95,0.95,0,0,0,0,"Current crop",1.9,"Current spring + summer",,
"P1","Non-Frozen","Storm","2006-9",2006-05-11 14:45:00,2006-05-12 14:55:00,48980,2.175,2.673,31.73,0.08423,0.432,0.378,0.288,0.279,0.009,0.234,0.234,1.242,1183,20.5,892980,0.658200631593093,2006-05-11 07:04:00,7.68333333333333,"Surface","Dairy","Corn-Alfalfa","Cultivated Crops","Cultivated Crops","Yes","Random tile in waterways","Hortonville silt loam","C","Well drained",4,31,2006,"Spring",0.95,2.85,0,1.9,0.95,0,0.95,0,0,0,0,0,"Previous crop",1.9,"Current fall + spring",0,"No"
"P1","Non-Frozen","Storm","2006-10",2006-05-14 00:30:00,2006-05-14 03:00:00,352.9,0.06021,0.252,4.95,0.05091,0.432,0.432,0.252,0.234,0.099,0.855,3.024,4.032,1184,20.5,892980,0.00474232345629241,2006-05-13 22:01:00,2.48333333333333,"Surface","Dairy","Corn-Alfalfa","Cultivated Crops","Cultivated Crops","Yes","Random tile in waterways","Hortonville silt loam","C","Well drained",4,31,2006,"Spring",0.95,2.85,0,1.9,0.95,0,0.95,0,0,0,0,0,"Previous crop",1.9,"Current fall + spring",0,"No"
"P1","Non-Frozen","Storm","2006-11",2006-05-14 10:55:00,2006-05-14 15:50:00,2164,0.2725,0.621,16.87,0.03682,0.432,0.432,0.252,0.234,0.099,0.855,3.024,4.032,1185,20.5,892980,0.0290801585701807,2006-05-13 22:01:00,12.9,"Surface","Dairy","Corn-Alfalfa","Cultivated Crops","Cultivated Crops","Yes","Random tile in waterways","Hortonville silt loam","C","Well drained",4,31,2006,"Spring",0.95,2.85,0,1.9,0.95,0,0.95,0,0,0,0,0,"Previous crop",1.9,"Current fall + spring",0,"No"
"P1","Non-Frozen","Storm","2006-12",2006-05-15 12:15:00,2006-05-15 13:10:00,102.9,0.04414,0.127,2.2,0.05773,0.36,0.24,0.158,0.099,0.198,0.648,3.663,3.726,1186,20.5,892980,0.00138278572868373,2006-05-15 10:51:00,1.4,"Surface","Dairy","Corn-Alfalfa","Cultivated Crops","Cultivated Crops","Yes","Random tile in waterways","Hortonville silt loam","C","Well drained",4,31,2006,"Spring",0.95,2.85,0,1.9,0.95,0,0.95,0,0,0,0,0,"Previous crop",1.9,"Current fall + spring",0,"No"
"P1","Non-Frozen","Storm","2006-13",2006-05-28 07:26:00,2006-05-28 11:09:00,47280,15.5,1.794,2.35,0.7634,4.056,3.474,2.446,1.554,0.018,0.018,0.072,0.893,1187,20.5,892980,0.635355775045354,2006-05-28 06:29:00,0.95,"Surface","Dairy","Corn-Alfalfa","Cultivated Crops","Cultivated Crops","Yes","Random tile in waterways","Hortonville silt loam","C","Well drained",4,31,2006,"Spring",0.95,2.85,0,1.9,0.95,0,0.95,0,0,0,0,0,"Previous crop",1.9,"Current fall + spring",0,"No"
"P1","Non-Frozen","Storm","2006-14",2006-05-30 15:15:00,2006-05-30 17:55:00,3184,1.062,0.387,2.483,0.1558,2.04,1.404,0.576,0.306,0,0,1.866,2.145,1188,20.5,892980,0.0427870724988242,2006-05-30 14:12:00,1.05,"Surface","Dairy","Corn-Alfalfa","Cultivated Crops","Cultivated Crops","Yes","Random tile in waterways","Hortonville silt loam","C","Well drained",4,31,2006,"Spring",0.95,2.85,0,1.9,0.95,0,0.95,0,0,0,0,0,"Previous crop",1.9,"Current fall + spring",0,"No"
"P1","Non-Frozen","Storm","2006-15",2006-05-31 07:40:00,2006-05-31 11:09:00,4491,0.931,0.477,6.3,0.07571,0.864,0.81,0.576,0.351,0.396,0.396,2.262,2.541,1189,20.5,892980,0.0603507357387623,2006-05-31 04:46:00,2.9,"Surface","Dairy","Corn-Alfalfa","Cultivated Crops","Cultivated Crops","Yes","Random tile in waterways","Hortonville silt loam","C","Well drained",4,31,2006,"Spring",0.95,2.85,0,1.9,0.95,0,0.95,0,0,0,0,0,"Previous crop",1.9,"Current fall + spring",0,"No"
"P1","Non-Frozen","Storm","2007-6",2007-04-01 04:08:00,2007-04-01 06:03:00,97.2,0.06447,0.526,,,,,,,0.063,0.063,0.225,1.325,1194,20.5,892980,0.00130618826849426,,,"Surface","Dairy","Corn-Alfalfa","Cultivated Crops","Cultivated Crops","Yes","Random tile in waterways","Hortonville silt loam","C","Well drained",4,31,2007,"Spring",0.95,2.85,0.95,1.9,0,0.95,0.95,0,0,0,0,0,"Previous crop",2.85,"Current fall + spring",0,"No"
"P1","Non-Frozen","Storm","2008-5",2008-04-09 03:22:00,2008-04-09 04:54:00,178.2,0.05091,1.01,7.117,0.1419,0.48,0.42,0.26,0.23,0,0,0,0.68,1199,20.5,892980,0.00239467849223947,2008-04-08 21:29:00,5.88333333333333,"Surface","Dairy","Corn-Alfalfa","Cultivated Crops","Cultivated Crops","Yes","Random tile in waterways","Hortonville silt loam","C","Well drained",4,31,2008,"Spring",0.95,2.85,0,1.9,0.95,0,0.95,0,0,0,0,0,"Previous crop",1.9,"Current fall + spring",0,"No"
"P1","Non-Frozen","Storm","2008-6",2008-04-11 01:46:00,2008-04-11 15:00:00,8720,0.4313,1.24,16.52,0.07508,0.6,0.36,0.28,0.24,0,1.13,1.13,1.81,1200,20.5,892980,0.117180675938991,2008-04-10 20:27:00,5.31666666666667,"Surface","Dairy","Corn-Alfalfa","Cultivated Crops","Cultivated Crops","Yes","Random tile in waterways","Hortonville silt loam","C","Well drained",4,31,2008,"Spring",0.95,2.85,0,1.9,0.95,0,0.95,0,0,0,0,0,"Previous crop",1.9,"Current fall + spring",0,"No"
"P1","Non-Frozen","Storm","2008-7",2008-04-11 19:07:00,2008-04-11 23:00:00,530.1,0.1196,0.31,4.85,0.06392,0.6,0.54,0.32,0.24,1.24,1.24,2.37,3.05,1201,20.5,892980,0.00712356379762145,2008-04-11 15:34:00,3.55,"Surface","Dairy","Corn-Alfalfa","Cultivated Crops","Cultivated Crops","Yes","Random tile in waterways","Hortonville silt loam","C","Well drained",4,31,2008,"Spring",0.95,2.85,0,1.9,0.95,0,0.95,0,0,0,0,0,"Previous crop",1.9,"Current fall + spring",0,"No"
"P1","Non-Frozen","Storm","2008-8",2008-06-08 14:25:00,2008-06-08 20:15:00,1781,0.288,1.04,5.017,0.2073,1.2,1.02,0.54,0.41,0.28,0.28,1.09,1.2,1202,20.5,892980,0.0239333467714842,2008-06-08 12:57:00,1.46666666666667,"Surface","Dairy","Corn-Alfalfa","Cultivated Crops","Cultivated Crops","Yes","Random tile in waterways","Hortonville silt loam","C","Well drained",4,31,2008,"Summer",0.95,2.85,0,1.9,0.95,0,0.95,0,0,0,0,0,"Current crop",2.85,"Current spring + summer",,
"P1","Non-Frozen","Storm","2008-9",2008-06-08 23:30:00,2008-06-09 09:13:00,32170,2.215,1.1,9.1,0.1209,1.92,1.5,0.94,0.54,1.3,1.32,2.13,2.24,1203,20.5,892980,0.432305314788685,2008-06-08 23:19:00,0.183333333333333,"Surface","Dairy","Corn-Alfalfa","Cultivated Crops","Cultivated Crops","Yes","Random tile in waterways","Hortonville silt loam","C","Well drained",4,31,2008,"Summer",0.95,2.85,0,1.9,0.95,0,0.95,0,0,0,0,0,"Current crop",2.85,"Current spring + summer",,
"P1","Non-Frozen","Storm","2008-10",2008-06-13 00:23:00,2008-06-13 10:46:00,50390,15.6,2.18,10.1,0.2158,4.92,3.72,1.94,1.01,0.12,0.12,2.54,3.46,1204,20.5,892980,0.677148424376806,2008-06-12 22:18:00,2.08333333333333,"Surface","Dairy","Corn-Alfalfa","Cultivated Crops","Cultivated Crops","Yes","Random tile in waterways","Hortonville silt loam","C","Well drained",4,31,2008,"Summer",0.95,2.85,0,1.9,0.95,0,0.95,0,0,0,0,0,"Current crop",2.85,"Current spring + summer",,
"P1","Non-Frozen","Storm","2010-1",2009-10-06 20:12:00,2009-10-06 21:46:00,187.1,0.09465,1.08,15.97,0.06764,0.648,0.54,0.342,0.234,0,0,0.729,2.602,1205,20.5,892980,0.00251427803534234,2009-10-06 04:47:00,15.4166666666667,"Surface","Dairy","Corn-Alfalfa","Cultivated Crops","Cultivated Crops","Yes","Random tile in waterways","Hortonville silt loam","C","Well drained",4,31,2010,"Fall",,,,,,,,,,,,,"Previous crop",,"Previous summer + current fall",,
"P2","Non-Frozen","Storm","2004-1",2003-11-23 13:21:00,2003-11-23 15:40:00,231.4,0.09813,1.704,11.78,0.1446,1.212,1.044,0.636,0.432,0,0,0,0,1206,22.1,962676,0.00288445956895155,2003-11-23 03:25:00,9.93333333333333,"Surface","Dairy","Corn-Alfalfa","Cultivated Crops","Cultivated Crops","Yes",,"Hortonville silt loam","C","Well drained",4,31,2004,"Fall",0.94,0,0,0,0,,0.94,0.94,0.94,0.94,0.94,0.94,"Previous crop",,"Previous summer + current fall",0.94,"Partial"
"P2","Non-Frozen","Storm","2004-11",2004-03-29 00:30:00,2004-03-29 05:50:00,4371,0.697,0.815,4.9,0.1663,0.54,0.486,0.4,0.31,0,0,0.261,0.441,1216,22.1,962676,0.0544856213305411,2004-03-28 22:06:00,2.4,"Surface","Dairy","Corn-Alfalfa","Cultivated Crops","Cultivated Crops","Yes",,"Hortonville silt loam","C","Well drained",4,31,2004,"Spring",0.94,0,0,0,0,,0.94,0.94,0.94,0.94,0.94,0.94,"Previous crop",0,"Current fall + spring",0.94,"Partial"
"P2","Non-Frozen","Storm","2004-12",2004-03-30 22:25:00,2004-03-31 01:40:00,732.4,0.09726,0.26,6.9,0.03768,0.12,0.12,0.1,0.07,0,0.815,1.076,1.256,1217,22.1,962676,0.00912955137554068,2004-03-30 15:47:00,6.63333333333333,"Surface","Dairy","Corn-Alfalfa","Cultivated Crops","Cultivated Crops","Yes",,"Hortonville silt loam","C","Well drained",4,31,2004,"Spring",0.94,0,0,0,0,,0.94,0.94,0.94,0.94,0.94,0.94,"Previous crop",0,"Current fall + spring",0.94,"Partial"
"P2","Non-Frozen","Storm","2004-13",2004-05-08 23:17:00,2004-05-09 04:35:00,4523,0.7846,1.392,1.833,0.7593,4.452,3.732,2.114,1.202,0.992,0.992,1.1,1.73,1218,22.1,962676,0.0563803398027997,2004-05-08 22:30:00,0.783333333333333,"Surface","Dairy","Corn-Alfalfa","Cultivated Crops","Cultivated Crops","Yes",,"Hortonville silt loam","C","Well drained",4,31,2004,"Spring",0.94,0,0,0,0,,0.94,0.94,0.94,0.94,0.94,0.94,"Previous crop",0,"Current fall + spring",0.94,"Partial"
"P2","Non-Frozen","Storm","2004-14",2004-05-13 02:10:00,2004-05-13 05:36:00,946.9,0.1667,0.523,4.533,0.1154,3.288,2.208,0.938,0.496,0,0,2.537,2.636,1219,22.1,962676,0.0118033481669845,,,"Surface","Dairy","Corn-Alfalfa","Cultivated Crops","Cultivated Crops","Yes",,"Hortonville silt loam","C","Well drained",4,31,2004,"Spring",0.94,0,0,0,0,,0.94,0.94,0.94,0.94,0.94,0.94,"Previous crop",0,"Current fall + spring",0.94,"Partial"
"P2","Non-Frozen","Storm","2004-15",2004-05-13 22:53:00,2004-05-14 04:00:00,2991,0.679,0.29,1.25,0.232,1.092,0.762,0.436,0.272,0.568,0.568,3.006,3.204,1220,22.1,962676,0.0372835720429303,,,"Surface","Dairy","Corn-Alfalfa","Cultivated Crops","Cultivated Crops","Yes",,"Hortonville silt loam","C","Well drained",4,31,2004,"Spring",0.94,0,0,0,0,,0.94,0.94,0.94,0.94,0.94,0.94,"Previous crop",0,"Current fall + spring",0.94,"Partial"
"P2","Non-Frozen","Storm","2004-16",2004-05-14 15:25:00,2004-05-15,4131,0.2928,0.288,6.683,0.04309,0.108,0.108,0.072,0.072,0.299,0.867,3.305,3.503,1221,22.1,962676,0.0514939605848697,2004-05-14 11:51:00,3.56666666666667,"Surface","Dairy","Corn-Alfalfa","Cultivated Crops","Cultivated Crops","Yes",,"Hortonville silt loam","C","Well drained",4,31,2004,"Spring",0.94,0,0,0,0,,0.94,0.94,0.94,0.94,0.94,0.94,"Previous crop",0,"Current fall + spring",0.94,"Partial"
"P2","Non-Frozen","Storm","2004-17",2004-05-21 23:38:00,2004-05-22 03:40:00,1303,0.1947,0.252,2.4,0.105,0.324,0.216,0.18,0.144,0.189,1.07,1.142,4.735,1222,22.1,962676,0.0162422247983745,,,"Surface","Dairy","Corn-Alfalfa","Cultivated Crops","Cultivated Crops","Yes",,"Hortonville silt loam","C","Well drained",4,31,2004,"Spring",0.94,0,0,0,0,,0.94,0.94,0.94,0.94,0.94,0.94,"Previous crop",0,"Current fall + spring",0.94,"Partial"
"P2","Non-Frozen","Storm","2004-18",2004-05-22 07:07:00,2004-05-22 21:00:00,2781,0.1655,0.216,11.03,0.01958,0.216,0.216,0.144,0.099,0.441,1.322,1.394,4.987,1223,22.1,962676,0.0346658688904678,,,"Surface","Dairy","Corn-Alfalfa","Cultivated Crops","Cultivated Crops","Yes",,"Hortonville silt loam","C","Well drained",4,31,2004,"Spring",0.94,0,0,0,0,,0.94,0.94,0.94,0.94,0.94,0.94,"Previous crop",0,"Current fall + spring",0.94,"Partial"
"P2","Non-Frozen","Storm","2004-19",2004-05-23 11:16:00,2004-05-23 20:00:00,21290,2.79,1.074,7.117,0.1509,1.8,1.26,0.62,0.55,0.099,0.657,1.61,2.819,1224,22.1,962676,0.265385238647271,2004-05-23 07:13:00,4.05,"Surface","Dairy","Corn-Alfalfa","Cultivated Crops","Cultivated Crops","Yes",,"Hortonville silt loam","C","Well drained",4,31,2004,"Spring",0.94,0,0,0,0,,0.94,0.94,0.94,0.94,0.94,0.94,"Previous crop",0,"Current fall + spring",0.94,"Partial"
"P2","Non-Frozen","Storm","2004-20",2004-05-23 22:27:00,2004-05-24 20:00:00,73050,11.6,1.46,8.85,0.165,3.72,3.42,1.9,1.04,1.074,1.443,2.684,3.884,1225,22.1,962676,0.910586739463745,2004-05-23 22:02:00,0.416666666666667,"Surface","Dairy","Corn-Alfalfa","Cultivated Crops","Cultivated Crops","Yes",,"Hortonville silt loam","C","Well drained",4,31,2004,"Spring",0.94,0,0,0,0,,0.94,0.94,0.94,0.94,0.94,0.94,"Previous crop",0,"Current fall + spring",0.94,"Partial"
"P2","Non-Frozen","Storm","2004-21",2004-05-31 14:03:00,2004-06-01,23830,2.844,1.11,7.667,0.1448,1.68,0.96,0.5,0.41,0.42,0.46,0.6,4.744,1226,22.1,962676,0.29704698153896,2004-05-31 12:55:00,1.13333333333333,"Surface","Dairy","Corn-Alfalfa","Cultivated Crops","Cultivated Crops","Yes",,"Hortonville silt loam","C","Well drained",4,31,2004,"Spring",0.94,0,0,0,0,,0.94,0.94,0.94,0.94,0.94,0.94,"Previous crop",0,"Current fall + spring",0.94,"Partial"
"P2","Non-Frozen","Storm","2004-22",2004-06-09 07:11:00,2004-06-09 11:30:00,30220,12.62,2.24,2.2,1.018,6.96,6.24,4.28,2.16,0,0,0.01,1.75,1227,22.1,962676,0.376699948892462,2004-06-09 06:57:00,0.233333333333333,"Surface","Dairy","Corn-Alfalfa","Cultivated Crops","Cultivated Crops","Yes",,"Hortonville silt loam","C","Well drained",4,31,2004,"Summer",0.94,0,0,0,0,,0.94,0.94,0.94,0.94,0.94,0.94,"Current crop",0,"Current spring + summer",,
"P2","Non-Frozen","Storm","2004-23",2004-06-10 07:13:00,2004-06-10 09:00:00,833.8,0.1542,0.26,5.3,0.04906,0.24,0.18,0.12,0.09,2.3,2.3,2.31,4.05,1228,22.1,962676,0.0103935280405869,2004-06-10 03:09:00,4.06666666666667,"Surface","Dairy","Corn-Alfalfa","Cultivated Crops","Cultivated Crops","Yes",,"Hortonville silt loam","C","Well drained",4,31,2004,"Summer",0.94,0,0,0,0,,0.94,0.94,0.94,0.94,0.94,0.94,"Current crop",0,"Current spring + summer",,
"P2","Non-Frozen","Storm","2004-24",2004-06-11 08:43:00,2004-06-11 18:34:00,10200,0.6014,0.56,10.23,0.05472,0.24,0.24,0.18,0.14,0.13,2.61,2.62,4.22,1229,22.1,962676,0.127145581691036,2004-06-11 05:49:00,2.9,"Surface","Dairy","Corn-Alfalfa","Cultivated Crops","Cultivated Crops","Yes",,"Hortonville silt loam","C","Well drained",4,31,2004,"Summer",0.94,0,0,0,0,,0.94,0.94,0.94,0.94,0.94,0.94,"Current crop",0,"Current spring + summer",,
"P2","Non-Frozen","Storm","2004-25",2004-06-12 09:16:00,2004-06-12 12:48:00,3399,0.5847,0.2,3.433,0.05825,0.36,0.3,0.2,0.12,0.53,0.66,3.18,4.78,1230,22.1,962676,0.0423693953105718,2004-06-12 06:35:00,2.68333333333333,"Surface","Dairy","Corn-Alfalfa","Cultivated Crops","Cultivated Crops","Yes",,"Hortonville silt loam","C","Well drained",4,31,2004,"Summer",0.94,0,0,0,0,,0.94,0.94,0.94,0.94,0.94,0.94,"Current crop",0,"Current spring + summer",,
"P2","Non-Frozen","Storm","2004-26",2004-06-13 19:12:00,2004-06-13 21:50:00,3205,0.8376,0.26,5.75,0.04522,0.96,0.72,0.32,0.17,0,0.21,3.37,4.94,1231,22.1,962676,0.0399511362078207,,,"Surface","Dairy","Corn-Alfalfa","Cultivated Crops","Cultivated Crops","Yes",,"Hortonville silt loam","C","Well drained",4,31,2004,"Summer",0.94,0,0,0,0,,0.94,0.94,0.94,0.94,0.94,0.94,"Current crop",0,"Current spring + summer",,
"P2","Non-Frozen","Storm","2004-27",2004-06-17 05:35:00,2004-06-17 09:35:00,7540,1.82,0.93,4.1,0.2268,4.56,3.12,1.38,0.84,0,0,1.28,3.69,1232,22.1,962676,0.0939880084265111,2004-06-17 04:34:00,1.01666666666667,"Surface","Dairy","Corn-Alfalfa","Cultivated Crops","Cultivated Crops","Yes",,"Hortonville silt loam","C","Well drained",4,31,2004,"Summer",0.94,0,0,0,0,,0.94,0.94,0.94,0.94,0.94,0.94,"Current crop",0,"Current spring + summer",,
"P2","Non-Frozen","Storm","2005-13",2005-08-19 02:40:00,2005-08-19 03:41:00,2892,2.405,4.591,3.367,1.364,7.044,6.678,5.188,4.029,0,0,0.234,0.766,1245,22.1,962676,0.0360495119853409,2005-08-18 23:40:00,3,"Surface","Dairy","Corn-Alfalfa","Cultivated Crops","Cultivated Crops","Yes",,"Hortonville silt loam","C","Well drained",4,31,2005,"Summer",0.94,2.82,0.94,1.88,0,0,0.94,0.94,0,0.94,0.94,0,"Current crop",1.88,"Current spring + summer",,
"P2","Non-Frozen","Storm","2006-10",2006-05-11 14:57:00,2006-05-12 17:15:00,42560,1.104,2.691,33.68,0.07989,0.432,0.378,0.288,0.279,0.009,0.234,0.234,1.242,1255,22.1,962676,0.530521172232402,2006-05-11 07:04:00,7.88333333333333,"Surface","Dairy","Corn-Alfalfa","Cultivated Crops","Cultivated Crops","Yes",,"Hortonville silt loam","C","Well drained",4,31,2006,"Spring",0.94,2.82,0.94,1.88,0,0,0.94,0,0,0,0,0,"Previous crop",2.82,"Current fall + spring",0,"No"
"P2","Non-Frozen","Storm","2006-11",2006-05-16 08:45:00,2006-05-16 11:30:00,1418,0.1575,0.072,2.867,0.02512,0.108,0.108,0.054,0.045,0.155,0.443,3.818,3.872,1256,22.1,962676,0.0176757289056754,2006-05-16 07:10:00,1.58333333333333,"Surface","Dairy","Corn-Alfalfa","Cultivated Crops","Cultivated Crops","Yes",,"Hortonville silt loam","C","Well drained",4,31,2006,"Spring",0.94,2.82,0.94,1.88,0,0,0.94,0,0,0,0,0,"Previous crop",2.82,"Current fall + spring",0,"No"
"P2","Non-Frozen","Storm","2006-12",2006-05-17 18:40:00,2006-05-17 22:15:00,2865,0.7048,0.153,2.017,0.07587,0.648,0.486,0.216,0.117,0.072,0.153,3.728,3.98,1257,22.1,962676,0.0357129501514528,2006-05-17 18:19:00,0.35,"Surface","Dairy","Corn-Alfalfa","Cultivated Crops","Cultivated Crops","Yes",,"Hortonville silt loam","C","Well drained",4,31,2006,"Spring",0.94,2.82,0.94,1.88,0,0,0.94,0,0,0,0,0,"Previous crop",2.82,"Current fall + spring",0,"No"
"P2","Non-Frozen","Storm","2006-13",2006-05-28 07:33:00,2006-05-28 09:45:00,24610,15.18,1.794,2.35,0.7634,4.056,3.474,2.446,1.554,0.018,0.018,0.072,0.893,1258,22.1,962676,0.306769878962392,2006-05-28 06:29:00,1.06666666666667,"Surface","Dairy","Corn-Alfalfa","Cultivated Crops","Cultivated Crops","Yes",,"Hortonville silt loam","C","Well drained",4,31,2006,"Spring",0.94,2.82,0.94,1.88,0,0,0.94,0,0,0,0,0,"Previous crop",2.82,"Current fall + spring",0,"No"
"P2","Non-Frozen","Storm","2006-14",2006-05-30 15:29:00,2006-05-30 17:30:00,7255,7.69,0.387,2.483,0.1558,2.04,1.404,0.576,0.306,0,0,1.866,2.145,1259,22.1,962676,0.0904354112910263,2006-05-30 14:12:00,1.28333333333333,"Surface","Dairy","Corn-Alfalfa","Cultivated Crops","Cultivated Crops","Yes",,"Hortonville silt loam","C","Well drained",4,31,2006,"Spring",0.94,2.82,0.94,1.88,0,0,0.94,0,0,0,0,0,"Previous crop",2.82,"Current fall + spring",0,"No"
"P2","Non-Frozen","Storm","2006-15",2006-05-31 07:50:00,2006-05-31 11:15:00,4565,1.38,0.477,6.3,0.07571,0.864,0.81,0.576,0.351,0.396,0.396,2.262,2.541,1260,22.1,962676,0.0569038804332922,2006-05-31 04:46:00,3.06666666666667,"Surface","Dairy","Corn-Alfalfa","Cultivated Crops","Cultivated Crops","Yes",,"Hortonville silt loam","C","Well drained",4,31,2006,"Spring",0.94,2.82,0.94,1.88,0,0,0.94,0,0,0,0,0,"Previous crop",2.82,"Current fall + spring",0,"No"
"P2","Non-Frozen","Storm","2007-1",2006-10-04 04:31:00,2006-10-04 12:45:00,3797,1.376,1.81,7.883,0.2296,2.64,2.28,1.4,1.09,0,0.028,0.496,0.838,1261,22.1,962676,0.0473305660471436,2006-10-04 02:04:00,2.45,"Surface","Dairy","Corn-Alfalfa","Cultivated Crops","Cultivated Crops","Yes",,"Hortonville silt loam","C","Well drained",4,31,2007,"Fall",,,,,,,,,,,,,"Previous crop",,"Previous summer + current fall",,
"P3","Non-Frozen","Storm","2004-1",2003-11-23 09:36:00,2003-11-23 16:16:00,857.6,0.2181,1.722,12.52,0.1376,1.212,1.044,0.636,0.432,0,0,0,0,1262,13.2,574992,0.017897988145922,2003-11-23 03:25:00,6.18333333333333,"Surface","Dairy","Corn-Alfalfa","Cultivated Crops","Cultivated Crops","Yes","Random tile in waterways","Hortonville silt loam","C","Well drained",4,31,2004,"Fall",1,0,0,0,0,,1,1,1,1,1,1,"Previous crop",,"Previous summer + current fall",1,"Yes"
"P3","Non-Frozen","Storm","2004-10",2004-03-28 23:53:00,2004-03-29 05:01:00,2121,0.363,0.815,4.9,0.1663,0.54,0.486,0.4,0.31,0,0,0.261,0.441,1271,13.2,574992,0.0442649636864513,2004-03-28 22:06:00,1.78333333333333,"Surface","Dairy","Corn-Alfalfa","Cultivated Crops","Cultivated Crops","Yes","Random tile in waterways","Hortonville silt loam","C","Well drained",4,31,2004,"Spring",1,0,0,0,0,,1,1,1,1,1,1,"Previous crop",0,"Current fall + spring",1,"Yes"
"P3","Non-Frozen","Storm","2004-11",2004-03-30 20:35:00,2004-03-31 01:05:00,361.2,0.04296,0.26,6.9,0.03768,0.12,0.12,0.1,0.07,0,0.815,1.076,1.256,1272,13.2,574992,0.0075381918357125,2004-03-30 15:47:00,4.8,"Surface","Dairy","Corn-Alfalfa","Cultivated Crops","Cultivated Crops","Yes","Random tile in waterways","Hortonville silt loam","C","Well drained",4,31,2004,"Spring",1,0,0,0,0,,1,1,1,1,1,1,"Previous crop",0,"Current fall + spring",1,"Yes"
"P3","Non-Frozen","Storm","2004-12",2004-05-08 22:41:00,2004-05-09 02:57:00,10540,2.12,1.392,1.833,0.7593,4.452,3.732,2.114,1.202,0.992,0.992,1.1,1.73,1273,13.2,574992,0.219968277819517,2004-05-08 22:30:00,0.183333333333333,"Surface","Dairy","Corn-Alfalfa","Cultivated Crops","Cultivated Crops","Yes","Random tile in waterways","Hortonville silt loam","C","Well drained",4,31,2004,"Spring",1,0,0,0,0,,1,1,1,1,1,1,"Previous crop",0,"Current fall + spring",1,"Yes"
"P3","Non-Frozen","Storm","2004-13",2004-05-13 01:15:00,2004-05-13 03:03:00,402.9,0.1737,0.514,1.1,0.4673,3.288,2.208,0.938,0.496,0,0,2.537,2.636,1274,13.2,574992,0.00840846481342349,2004-05-13 00:34:00,0.683333333333333,"Surface","Dairy","Corn-Alfalfa","Cultivated Crops","Cultivated Crops","Yes","Random tile in waterways","Hortonville silt loam","C","Well drained",4,31,2004,"Spring",1,0,0,0,0,,1,1,1,1,1,1,"Previous crop",0,"Current fall + spring",1,"Yes"
"P3","Non-Frozen","Storm","2004-14",2004-05-13 23:00:00,2004-05-14 00:49:00,296.2,0.0903,0.29,1.25,0.232,1.092,0.762,0.436,0.272,0.568,0.568,3.006,3.204,1275,13.2,574992,0.00618165122297354,,,"Surface","Dairy","Corn-Alfalfa","Cultivated Crops","Cultivated Crops","Yes","Random tile in waterways","Hortonville silt loam","C","Well drained",4,31,2004,"Spring",1,0,0,0,0,,1,1,1,1,1,1,"Previous crop",0,"Current fall + spring",1,"Yes"
"P3","Non-Frozen","Storm","2004-15",2004-05-14 14:16:00,2004-05-14 20:51:00,2089,0.196,0.288,6.683,0.04309,0.108,0.108,0.072,0.072,0.299,0.867,3.305,3.503,1276,13.2,574992,0.0435971283078721,2004-05-14 11:51:00,2.41666666666667,"Surface","Dairy","Corn-Alfalfa","Cultivated Crops","Cultivated Crops","Yes","Random tile in waterways","Hortonville silt loam","C","Well drained",4,31,2004,"Spring",1,0,0,0,0,,1,1,1,1,1,1,"Previous crop",0,"Current fall + spring",1,"Yes"
"P3","Non-Frozen","Storm","2004-16",2004-05-20 06:44:00,2004-05-20 09:01:00,461.3,0.1519,0.845,3.6,0.2347,2.52,1.938,0.826,0.503,0,0.009,0.704,3.764,1277,13.2,574992,0.0096272643793305,2004-05-20 05:23:00,1.35,"Surface","Dairy","Corn-Alfalfa","Cultivated Crops","Cultivated Crops","Yes","Random tile in waterways","Hortonville silt loam","C","Well drained",4,31,2004,"Spring",1,0,0,0,0,,1,1,1,1,1,1,"Previous crop",0,"Current fall + spring",1,"Yes"
"P3","Non-Frozen","Storm","2004-17",2004-05-21 22:54:00,2004-05-22 01:31:00,637.7,0.1475,0.252,2.4,0.105,0.324,0.216,0.18,0.144,0.189,1.07,1.142,4.735,1278,13.2,574992,0.0133087069037482,2004-05-21 20:45:00,2.15,"Surface","Dairy","Corn-Alfalfa","Cultivated Crops","Cultivated Crops","Yes","Random tile in waterways","Hortonville silt loam","C","Well drained",4,31,2004,"Spring",1,0,0,0,0,,1,1,1,1,1,1,"Previous crop",0,"Current fall + spring",1,"Yes"
"P3","Non-Frozen","Storm","2004-18",2004-05-22 06:33:00,2004-05-22 09:50:00,724.4,0.1497,0.117,2.183,0.05359,0.216,0.216,0.144,0.099,0.441,1.322,1.394,4.987,1279,13.2,574992,0.0151181233825862,2004-05-22 04:42:00,1.85,"Surface","Dairy","Corn-Alfalfa","Cultivated Crops","Cultivated Crops","Yes","Random tile in waterways","Hortonville silt loam","C","Well drained",4,31,2004,"Spring",1,0,0,0,0,,1,1,1,1,1,1,"Previous crop",0,"Current fall + spring",1,"Yes"
"P3","Non-Frozen","Storm","2004-19",2004-05-22 14:19:00,2004-05-22 17:35:00,396.4,0.06589,0.099,5.467,0.01811,0.216,0.162,0.108,0.054,0.558,0.558,1.511,4.418,1280,13.2,574992,0.00827281075214959,2004-05-22 10:16:00,4.05,"Surface","Dairy","Corn-Alfalfa","Cultivated Crops","Cultivated Crops","Yes","Random tile in waterways","Hortonville silt loam","C","Well drained",4,31,2004,"Spring",1,0,0,0,0,,1,1,1,1,1,1,"Previous crop",0,"Current fall + spring",1,"Yes"
"P3","Non-Frozen","Storm","2004-20",2004-05-23 10:47:00,2004-05-23 18:54:00,36190,5.326,1.074,7.117,0.1509,1.8,1.26,0.62,0.55,0.099,0.657,1.61,2.819,1281,13.2,574992,0.755280073461892,2004-05-23 07:13:00,3.56666666666667,"Surface","Dairy","Corn-Alfalfa","Cultivated Crops","Cultivated Crops","Yes","Random tile in waterways","Hortonville silt loam","C","Well drained",4,31,2004,"Spring",1,0,0,0,0,,1,1,1,1,1,1,"Previous crop",0,"Current fall + spring",1,"Yes"
"P3","Non-Frozen","Storm","2004-21",2004-05-23 22:30:00,2004-05-24 10:00:00,37290,8.563,1.46,8.85,0.165,3.72,3.42,1.9,1.04,1.074,1.443,2.684,3.884,1282,13.2,574992,0.778236914600551,2004-05-23 22:02:00,0.466666666666667,"Surface","Dairy","Corn-Alfalfa","Cultivated Crops","Cultivated Crops","Yes","Random tile in waterways","Hortonville silt loam","C","Well drained",4,31,2004,"Spring",1,0,0,0,0,,1,1,1,1,1,1,"Previous crop",0,"Current fall + spring",1,"Yes"
"P3","Non-Frozen","Storm","2004-22",2004-05-31 13:24:00,2004-06-01 00:45:00,28910,3.467,1.11,7.667,0.1448,1.68,0.96,0.5,0.41,0.42,0.46,0.6,4.744,1283,13.2,574992,0.603347524835128,2004-05-31 12:55:00,0.483333333333333,"Surface","Dairy","Corn-Alfalfa","Cultivated Crops","Cultivated Crops","Yes","Random tile in waterways","Hortonville silt loam","C","Well drained",4,31,2004,"Spring",1,0,0,0,0,,1,1,1,1,1,1,"Previous crop",0,"Current fall + spring",1,"Yes"
"P3","Non-Frozen","Storm","2004-23",2004-06-09 07:09:00,2004-06-09 13:43:00,30430,11.43,2.28,5.533,0.412,6.96,6.24,4.28,2.16,0,0,0.01,1.75,1284,13.2,574992,0.635069705317639,2004-06-09 06:57:00,0.2,"Surface","Dairy","Corn-Alfalfa","Cultivated Crops","Cultivated Crops","Yes","Random tile in waterways","Hortonville silt loam","C","Well drained",4,31,2004,"Summer",1,0,0,0,0,,1,1,1,1,1,1,"Current crop",0,"Current spring + summer",,
"P3","Non-Frozen","Storm","2004-24",2004-06-10 05:53:00,2004-06-10 09:15:00,405.3,0.05154,0.26,5.3,0.04906,0.24,0.18,0.12,0.09,2.3,2.3,2.31,4.05,1285,13.2,574992,0.00845855246681693,2004-06-10 03:09:00,2.73333333333333,"Surface","Dairy","Corn-Alfalfa","Cultivated Crops","Cultivated Crops","Yes","Random tile in waterways","Hortonville silt loam","C","Well drained",4,31,2004,"Summer",1,0,0,0,0,,1,1,1,1,1,1,"Current crop",0,"Current spring + summer",,
"P3","Non-Frozen","Storm","2004-25",2004-06-11 08:15:00,2004-06-11 17:55:00,5490,0.5011,0.56,10.23,0.05472,0.24,0.24,0.18,0.14,0.13,2.61,2.62,4.22,1286,13.2,574992,0.114575507137491,2004-06-11 05:49:00,2.43333333333333,"Surface","Dairy","Corn-Alfalfa","Cultivated Crops","Cultivated Crops","Yes","Random tile in waterways","Hortonville silt loam","C","Well drained",4,31,2004,"Summer",1,0,0,0,0,,1,1,1,1,1,1,"Current crop",0,"Current spring + summer",,
"P3","Non-Frozen","Storm","2004-26",2004-06-12 09:28:00,2004-06-12 12:31:00,815.2,0.1725,0.2,3.433,0.05825,0.36,0.3,0.2,0.12,0.53,0.66,3.18,4.78,1287,13.2,574992,0.0170131062693046,2004-06-12 06:35:00,2.88333333333333,"Surface","Dairy","Corn-Alfalfa","Cultivated Crops","Cultivated Crops","Yes","Random tile in waterways","Hortonville silt loam","C","Well drained",4,31,2004,"Summer",1,0,0,0,0,,1,1,1,1,1,1,"Current crop",0,"Current spring + summer",,
"P3","Non-Frozen","Storm","2004-27",2004-06-13 19:00:00,2004-06-13 21:31:00,1127,0.3056,0.25,5.433,0.04601,0.96,0.72,0.32,0.17,0,0.21,3.37,4.94,1288,13.2,574992,0.0235203272393355,2004-06-13 16:03:00,2.95,"Surface","Dairy","Corn-Alfalfa","Cultivated Crops","Cultivated Crops","Yes","Random tile in waterways","Hortonville silt loam","C","Well drained",4,31,2004,"Summer",1,0,0,0,0,,1,1,1,1,1,1,"Current crop",0,"Current spring + summer",,
"P3","Non-Frozen","Storm","2004-28",2004-06-17 05:18:00,2004-06-17 08:47:00,6727,1.815,0.93,4.1,0.2268,4.56,3.12,1.38,0.84,0,0,1.28,3.69,1289,13.2,574992,0.140391518490692,2004-06-17 04:34:00,0.733333333333333,"Surface","Dairy","Corn-Alfalfa","Cultivated Crops","Cultivated Crops","Yes","Random tile in waterways","Hortonville silt loam","C","Well drained",4,31,2004,"Summer",1,0,0,0,0,,1,1,1,1,1,1,"Current crop",0,"Current spring + summer",,
"P3","Non-Frozen","Storm","2005-12",2005-08-19 02:00:00,2005-08-19 04:28:00,7831,7.46,4.591,3.367,1.364,7.044,6.678,5.188,4.029,0,0,0.234,0.766,1301,13.2,574992,0.163431839051674,2005-08-18 23:40:00,2.33333333333333,"Surface","Dairy","Corn-Alfalfa","Cultivated Crops","Cultivated Crops","Yes","Random tile in waterways","Hortonville silt loam","C","Well drained",4,31,2005,"Summer",1,1,0,1,0,0,1,1,0,1,1,0,"Current crop",1,"Current spring + summer",,
"P3","Non-Frozen","Storm","2005-13",2005-09-13 23:24:00,2005-09-14 01:30:00,2024,1.336,1.422,1.117,1.273,4.884,4.74,2.646,1.413,0.018,0.018,0.713,0.713,1302,13.2,574992,0.0422405876951331,2005-09-13 23:11:00,0.216666666666667,"Surface","Dairy","Corn-Alfalfa","Cultivated Crops","Cultivated Crops","Yes","Random tile in waterways","Hortonville silt loam","C","Well drained",4,31,2005,"Summer",1,1,0,1,0,0,1,1,0,1,1,0,"Current crop",1,"Current spring + summer",,
"P3","Non-Frozen","Storm","2005-14",2005-09-25 16:35:00,2005-09-25 16:44:00,8.1,0.02623,0.328,0.1333,2.46,3.288,1.968,0.656,0.328,0.117,0.117,0.504,1.944,1303,13.2,574992,0.000169045830202855,2005-09-25 16:33:00,0.0333333333333333,"Surface","Dairy","Corn-Alfalfa","Cultivated Crops","Cultivated Crops","Yes","Random tile in waterways","Hortonville silt loam","C","Well drained",4,31,2005,"Summer",1,1,0,1,0,0,1,1,0,1,1,0,"Current crop",1,"Current spring + summer",,
"P3","Non-Frozen","Storm","2006-10",2006-04-03 07:25:00,2006-04-03 19:30:00,971.4,0.05548,0.612,16.98,0.03604,0.216,0.162,0.126,0.117,0,0.027,0.054,0.054,1313,13.2,574992,0.0202729777109942,2006-04-02 19:36:00,11.8166666666667,"Surface","Dairy","Corn-Alfalfa","Cultivated Crops","Cultivated Crops","Yes","Random tile in waterways","Hortonville silt loam","C","Well drained",4,31,2006,"Spring",1,3,1,2,0,0,1,0,0,0,0,0,"Previous crop",3,"Current fall + spring",0,"No"
"P3","Non-Frozen","Storm","2006-11",2006-05-11 14:25:00,2006-05-12 21:05:00,53260,2.46,2.691,33.68,0.07989,0.432,0.378,0.288,0.279,0.009,0.234,0.234,1.242,1314,13.2,574992,1.11152850822272,2006-05-11 07:04:00,7.35,"Surface","Dairy","Corn-Alfalfa","Cultivated Crops","Cultivated Crops","Yes","Random tile in waterways","Hortonville silt loam","C","Well drained",4,31,2006,"Spring",1,3,1,2,0,0,1,0,0,0,0,0,"Previous crop",3,"Current fall + spring",0,"No"
"P3","Non-Frozen","Storm","2006-12",2006-05-13 02:00:00,2006-05-13 14:00:00,1653,0.0726,0.099,10.83,0.009138,0.108,0.054,0.036,0.018,0.513,2.691,2.925,3.933,1315,13.2,574992,0.0344978712747308,,,"Surface","Dairy","Corn-Alfalfa","Cultivated Crops","Cultivated Crops","Yes","Random tile in waterways","Hortonville silt loam","C","Well drained",4,31,2006,"Spring",1,3,1,2,0,0,1,0,0,0,0,0,"Previous crop",3,"Current fall + spring",0,"No"
"P3","Non-Frozen","Storm","2006-13",2006-05-13 23:51:00,2006-05-14 21:15:00,15620,0.7657,0.639,18.98,0.03366,0.216,0.216,0.126,0.117,0.099,0.855,3.024,4.032,1316,13.2,574992,0.325987144168962,2006-05-13 22:01:00,1.83333333333333,"Surface","Dairy","Corn-Alfalfa","Cultivated Crops","Cultivated Crops","Yes","Random tile in waterways","Hortonville silt loam","C","Well drained",4,31,2006,"Spring",1,3,1,2,0,0,1,0,0,0,0,0,"Previous crop",3,"Current fall + spring",0,"No"
"P3","Non-Frozen","Storm","2006-14",2006-05-15 11:22:00,2006-05-15 21:45:00,3314,0.3504,0.155,7.883,0.01966,0.36,0.24,0.158,0.099,0.198,0.648,3.663,3.726,1317,13.2,574992,0.0691627013941064,2006-05-15 10:51:00,0.516666666666667,"Surface","Dairy","Corn-Alfalfa","Cultivated Crops","Cultivated Crops","Yes","Random tile in waterways","Hortonville silt loam","C","Well drained",4,31,2006,"Spring",1,3,1,2,0,0,1,0,0,0,0,0,"Previous crop",3,"Current fall + spring",0,"No"
"P3","Non-Frozen","Storm","2006-15",2006-05-16 07:37:00,2006-05-16 14:37:00,1615,0.1245,0.072,2.867,0.02512,0.108,0.108,0.054,0.045,0.155,0.443,3.818,3.872,1318,13.2,574992,0.033704816762668,2006-05-16 07:10:00,0.45,"Surface","Dairy","Corn-Alfalfa","Cultivated Crops","Cultivated Crops","Yes","Random tile in waterways","Hortonville silt loam","C","Well drained",4,31,2006,"Spring",1,3,1,2,0,0,1,0,0,0,0,0,"Previous crop",3,"Current fall + spring",0,"No"
"P3","Non-Frozen","Storm","2006-16",2006-05-17 15:33:00,2006-05-18,2537,0.5508,0.225,5.483,0.04103,0.648,0.486,0.216,0.117,0,0.09,3.656,3.908,1319,13.2,574992,0.0529468236079806,,,"Surface","Dairy","Corn-Alfalfa","Cultivated Crops","Cultivated Crops","Yes","Random tile in waterways","Hortonville silt loam","C","Well drained",4,31,2006,"Spring",1,3,1,2,0,0,1,0,0,0,0,0,"Previous crop",3,"Current fall + spring",0,"No"
"P3","Non-Frozen","Storm","2006-17",2006-05-28 07:25:00,2006-05-28 12:00:00,38040,9.892,1.794,2.35,0.7634,4.056,3.474,2.446,1.554,0.018,0.018,0.072,0.893,1320,13.2,574992,0.793889306286001,2006-05-28 06:29:00,0.933333333333333,"Surface","Dairy","Corn-Alfalfa","Cultivated Crops","Cultivated Crops","Yes","Random tile in waterways","Hortonville silt loam","C","Well drained",4,31,2006,"Spring",1,3,1,2,0,0,1,0,0,0,0,0,"Previous crop",3,"Current fall + spring",0,"No"
"P3","Non-Frozen","Storm","2006-18",2006-05-30 15:21:00,2006-05-30 18:00:00,1030,0.931,0.387,2.483,0.1558,2.04,1.404,0.576,0.306,0,0,1.866,2.145,1321,13.2,574992,0.0214959512480174,2006-05-30 14:12:00,1.15,"Surface","Dairy","Corn-Alfalfa","Cultivated Crops","Cultivated Crops","Yes","Random tile in waterways","Hortonville silt loam","C","Well drained",4,31,2006,"Spring",1,3,1,2,0,0,1,0,0,0,0,0,"Previous crop",3,"Current fall + spring",0,"No"
"P3","Non-Frozen","Storm","2006-19",2006-05-31 07:41:00,2006-05-31 12:45:00,11180,3.806,0.477,6.3,0.07571,0.864,0.81,0.576,0.351,0.396,0.396,2.262,2.541,1322,13.2,574992,0.233324985391101,2006-05-31 04:46:00,2.91666666666667,"Surface","Dairy","Corn-Alfalfa","Cultivated Crops","Cultivated Crops","Yes","Random tile in waterways","Hortonville silt loam","C","Well drained",4,31,2006,"Spring",1,3,1,2,0,0,1,0,0,0,0,0,"Previous crop",3,"Current fall + spring",0,"No"
"P3","Non-Frozen","Storm","2006-20",2006-08-02 09:30:00,2006-08-02 09:55:00,30.2,0.03188,1.01,0.9333,1.082,3.924,3.588,2.002,1.01,0,0,0.902,2.579,1323,13.2,574992,0.000630269638534101,2006-08-02 08:23:00,1.11666666666667,"Surface","Dairy","Corn-Alfalfa","Cultivated Crops","Cultivated Crops","Yes","Random tile in waterways","Hortonville silt loam","C","Well drained",4,31,2006,"Summer",1,3,1,2,0,0,1,0,0,0,0,0,"Current crop",2,"Current spring + summer",,
"P3","Non-Frozen","Storm","2007-1",2006-10-04 03:45:00,2006-10-04 11:45:00,5878,3.144,1.81,7.883,0.2296,2.64,2.28,1.4,1.09,0,0.028,0.496,0.838,1324,13.2,574992,0.122673011102763,2006-10-04 02:04:00,1.68333333333333,"Surface","Dairy","Corn-Alfalfa","Cultivated Crops","Cultivated Crops","Yes","Random tile in waterways","Hortonville silt loam","C","Well drained",4,31,2007,"Fall",1,3,1,2,0,0,1,0,0,0,0,0,"Previous crop",1,"Previous summer + current fall",0,"No"
"P3","Non-Frozen","Storm","2007-9",2007-04-01 04:18:00,2007-04-01 07:48:00,670.1,0.1822,0.526,,,,,,,0.063,0.063,0.225,1.325,1332,13.2,574992,0.0139848902245596,,,"Surface","Dairy","Corn-Alfalfa","Cultivated Crops","Cultivated Crops","Yes","Random tile in waterways","Hortonville silt loam","C","Well drained",4,31,2007,"Spring",1,3,1,2,0,0,1,0,0,0,0,0,"Previous crop",3,"Current fall + spring",0,"No"
"P3","Non-Frozen","Storm","2008-10",2008-04-09 01:15:00,2008-04-09 14:15:00,4968,0.4654,1.13,13.87,0.08149,0.48,0.42,0.26,0.23,0,0,0,0.68,1342,13.2,574992,0.103681442524418,2008-04-08 21:29:00,3.76666666666667,"Surface","Dairy","Corn-Alfalfa","Cultivated Crops","Cultivated Crops","Yes","Random tile in waterways","Hortonville silt loam","C","Well drained",4,31,2008,"Spring",1,3,1,2,0,0,1,0,0,0,0,0,"Previous crop",3,"Current fall + spring",0,"No"
"P3","Non-Frozen","Storm","2008-11",2008-04-11 00:30:00,2008-04-12,22840,1.294,1.55,23.97,0.06467,0.6,0.54,0.32,0.24,0,1.13,1.13,1.81,1343,13.2,574992,0.47666750146089,2008-04-10 20:27:00,4.05,"Surface","Dairy","Corn-Alfalfa","Cultivated Crops","Cultivated Crops","Yes","Random tile in waterways","Hortonville silt loam","C","Well drained",4,31,2008,"Spring",1,3,1,2,0,0,1,0,0,0,0,0,"Previous crop",3,"Current fall + spring",0,"No"
"P3","Non-Frozen","Storm","2008-12",2008-04-12 04:30:00,2008-04-12 22:30:00,3430,0.1119,0.28,18.35,0.01526,0.12,0.12,0.08,0.06,1.09,1.55,2.68,3.36,1344,13.2,574992,0.0715836046414559,2008-04-12 01:54:00,2.6,"Surface","Dairy","Corn-Alfalfa","Cultivated Crops","Cultivated Crops","Yes","Random tile in waterways","Hortonville silt loam","C","Well drained",4,31,2008,"Spring",1,3,1,2,0,0,1,0,0,0,0,0,"Previous crop",3,"Current fall + spring",0,"No"
"P3","Non-Frozen","Storm","2008-13",2008-06-08 23:45:00,2008-06-09 09:00:00,18080,1.348,1.1,9.1,0.1209,1.92,1.5,0.94,0.54,1.3,1.32,2.13,2.24,1345,13.2,574992,0.377326988897237,2008-06-08 23:19:00,0.433333333333333,"Surface","Dairy","Corn-Alfalfa","Cultivated Crops","Cultivated Crops","Yes","Random tile in waterways","Hortonville silt loam","C","Well drained",4,31,2008,"Summer",1,3,1,2,0,0,1,0,0,0,0,0,"Current crop",2,"Current spring + summer",,
"P3","Non-Frozen","Storm","2008-14",2008-06-13 00:30:00,2008-06-13 11:15:00,31090,9.148,2.18,10.1,0.2158,4.92,3.72,1.94,1.01,0.12,0.12,2.54,3.46,1346,13.2,574992,0.648843810000835,2008-06-12 22:18:00,2.2,"Surface","Dairy","Corn-Alfalfa","Cultivated Crops","Cultivated Crops","Yes","Random tile in waterways","Hortonville silt loam","C","Well drained",4,31,2008,"Summer",1,3,1,2,0,0,1,0,0,0,0,0,"Current crop",2,"Current spring + summer",,
"P3","Non-Frozen","Storm","2010-1",2009-10-30 11:30:00,2009-10-30 14:15:00,1457,0.3972,0.766,9.367,0.08178,0.864,0.648,0.432,0.351,0.009,0.009,1.458,1.917,1347,13.2,574992,0.0304073795809333,2009-10-30 03:17:00,8.21666666666667,"Surface","Dairy","Corn-Alfalfa","Cultivated Crops","Cultivated Crops","Yes","Random tile in waterways","Hortonville silt loam","C","Well drained",4,31,2010,"Fall",,,,,,,,,,,,,"Previous crop",,"Previous summer + current fall",,
"R1","Non-Frozen","Storm","2004-9",2004-05-22 03:47:00,2004-05-22 04:01:00,42,0.082,1.022,0.4,2.555,4.464,3.876,2.044,1.022,0.337,0.337,0.718,1.826,1356,16.9,736164,0.000684630055259426,2004-05-22 03:34:00,0.216666666666667,"Surface","Beef and Grain","Corn-Soybean","Cultivated Crops","Cultivated Crops","No",,"Tama silt loam","B","Well drained",5,30.5,2004,"Spring",1,0,0,0,0,,1,0,0,0,0,0,"Previous crop",0,"Current fall + spring",0,"No"
"R1","Non-Frozen","Storm","2004-10",2004-05-23 05:16:00,2004-05-23 11:00:00,44710,39.9,1.949,6.1,0.3195,6.936,5.772,2.272,1.208,1.312,2.779,3.16,4.142,1357,16.9,736164,0.72880499453926,2004-05-23 04:32:00,0.733333333333333,"Surface","Beef and Grain","Corn-Soybean","Cultivated Crops","Cultivated Crops","No",,"Tama silt loam","B","Well drained",5,30.5,2004,"Spring",1,0,0,0,0,,1,0,0,0,0,0,"Previous crop",0,"Current fall + spring",0,"No"
"R1","Non-Frozen","Storm","2004-11",2004-05-30 12:53:00,2004-05-30 14:02:00,2299,1.502,0.969,1.633,0.5933,2.076,1.608,1.234,0.841,0.782,0.989,1.088,6.197,1358,16.9,736164,0.0374753451676529,2004-05-30 12:20:00,0.55,"Surface","Beef and Grain","Corn-Soybean","Cultivated Crops","Cultivated Crops","No",,"Tama silt loam","B","Well drained",5,30.5,2004,"Spring",1,0,0,0,0,,1,0,0,0,0,0,"Previous crop",0,"Current fall + spring",0,"No"
"R1","Non-Frozen","Storm","2004-12",2004-06-12 05:52:00,2004-06-12 06:40:00,1042,0.9011,0.669,1.067,0.6272,2.436,1.842,1.08,0.641,0.009,1.257,1.469,4.054,1359,16.9,736164,0.0169853456566743,2004-06-12 04:57:00,0.916666666666667,"Surface","Beef and Grain","Corn-Soybean","Cultivated Crops","Cultivated Crops","No",,"Tama silt loam","B","Well drained",5,30.5,2004,"Summer",1,0,0,0,0,,1,0,0,0,0,0,"Current crop",0,"Current spring + summer",,
"R1","Non-Frozen","Storm","2004-13",2004-06-17 01:01:00,2004-06-17 02:06:00,7122,7.08,1.423,1.5,0.9487,3.552,3.24,2.344,1.35,0,0,2.128,2.34,1360,16.9,736164,0.116093696513277,2004-06-17 00:32:00,0.483333333333333,"Surface","Beef and Grain","Corn-Soybean","Cultivated Crops","Cultivated Crops","No",,"Tama silt loam","B","Well drained",5,30.5,2004,"Summer",1,0,0,0,0,,1,0,0,0,0,0,"Current crop",0,"Current spring + summer",,
"R1","Non-Frozen","Storm","2005-18",2005-06-12 01:22:00,2005-06-12 02:35:00,8007,6.29,1.338,1.667,0.8028,3.78,2.916,2.116,1.275,0.153,0.153,1.267,1.357,1378,16.9,736164,0.130519829820529,2005-06-12 00:33:00,0.816666666666667,"Surface","Beef and Grain","Corn-Soybean","Cultivated Crops","Cultivated Crops","No",,"Tama silt loam","B","Well drained",5,30.5,2005,"Summer",1,0,0,0,0,0,1,0,0,0,0,0,"Current crop",0,"Current spring + summer",,
"R1","Non-Frozen","Storm","2007-7",2007-07-04 03:02:00,2007-07-04 04:00:00,8146,7.86,2.611,1.483,1.76,6.36,4.944,3.878,2.541,0,0,0,1.511,1386,16.9,736164,0.132785629289126,2007-07-04 02:21:00,0.683333333333333,"Surface","Beef and Grain","Corn-Soybean","Cultivated Crops","Cultivated Crops","No",,"Tama silt loam","B","Well drained",5,30.5,2007,"Summer",1,0,0,0,0,0,1,0,0,0,0,0,"Current crop",0,"Current spring + summer",,
"R1","Non-Frozen","Storm","2007-8",2007-08-22 22:59:00,2007-08-23 00:08:00,2505,2.2,0.918,3.35,0.274,3.54,2.85,1.204,0.737,0.551,0.551,2.873,4.175,1387,16.9,736164,0.0408332925815443,2007-08-22 20:33:00,2.43333333333333,"Surface","Beef and Grain","Corn-Soybean","Cultivated Crops","Cultivated Crops","No",,"Tama silt loam","B","Well drained",5,30.5,2007,"Summer",1,0,0,0,0,0,1,0,0,0,0,0,"Current crop",0,"Current spring + summer",,
"R1","Non-Frozen","Storm","2008-1",2007-10-18 04:09:00,2007-10-18 11:30:00,7543,2.546,1.545,11.67,0.1324,3.6,2.07,0.942,0.534,0,0.18,0.504,0.504,1388,16.9,736164,0.122956297781473,2007-10-17 23:21:00,4.8,"Surface","Beef and Grain","Corn-Soybean","Cultivated Crops","Cultivated Crops","No",,"Tama silt loam","B","Well drained",5,30.5,2008,"Fall",1,0,0,0,0,0,1,0,0,0,0,0,"Previous crop",0,"Previous summer + current fall",0,"No"
"R1","Non-Frozen","Storm","2008-15",2008-04-25 05:06:00,2008-04-25 06:00:00,285.1,0.345,0.457,0.9333,0.4896,2.196,1.77,0.842,0.457,0.567,0.567,1.585,2.017,1402,16.9,736164,0.00464733401796339,2008-04-25 04:46:00,0.333333333333333,"Surface","Beef and Grain","Corn-Soybean","Cultivated Crops","Cultivated Crops","No",,"Tama silt loam","B","Well drained",5,30.5,2008,"Spring",1,0,0,0,0,0,1,0,0,0,0,0,"Previous crop",0,"Current fall + spring",0,"No"
"R1","Non-Frozen","Storm","2008-16",2008-04-25 13:40:00,2008-04-25 16:00:00,5530,4.52,0.699,2.15,0.3251,3.312,2.142,0.894,0.564,1.159,1.285,1.645,2.735,1403,16.9,736164,0.0901429572758244,2008-04-25 12:34:00,1.1,"Surface","Beef and Grain","Corn-Soybean","Cultivated Crops","Cultivated Crops","No",,"Tama silt loam","B","Well drained",5,30.5,2008,"Spring",1,0,0,0,0,0,1,0,0,0,0,0,"Previous crop",0,"Current fall + spring",0,"No"
"R1","Non-Frozen","Storm","2008-17",2008-05-02 06:42:00,2008-05-02 07:45:00,527,0.3522,0.797,0.8667,0.9196,2.664,1.932,1.324,0.797,0,0,1.014,2.56,1404,16.9,736164,0.00859047712194565,2008-05-02 06:22:00,0.333333333333333,"Surface","Beef and Grain","Corn-Soybean","Cultivated Crops","Cultivated Crops","No",,"Tama silt loam","B","Well drained",5,30.5,2008,"Spring",1,0,0,0,0,0,1,0,0,0,0,0,"Previous crop",0,"Current fall + spring",0,"No"
"R1","Non-Frozen","Storm","2008-18",2008-05-26 01:43:00,2008-05-26 03:17:00,518.4,0.6996,1.187,1.583,0.7497,4.836,3.81,1.526,1.151,0,0,0.018,0.027,1405,16.9,736164,0.00845029096777349,2008-05-26 01:27:00,0.266666666666667,"Surface","Beef and Grain","Corn-Soybean","Cultivated Crops","Cultivated Crops","No",,"Tama silt loam","B","Well drained",5,30.5,2008,"Spring",1,0,0,0,0,0,1,0,0,0,0,0,"Previous crop",0,"Current fall + spring",0,"No"
"R1","Non-Frozen","Storm","2008-19",2008-05-30 09:03:00,2008-05-30 10:21:00,285.1,0.1701,1.182,12.87,0.09187,1.104,0.66,0.434,0.334,0.126,0.126,1.349,1.349,1406,16.9,736164,0.00464733401796339,2008-05-29 21:27:00,11.6,"Surface","Beef and Grain","Corn-Soybean","Cultivated Crops","Cultivated Crops","No",,"Tama silt loam","B","Well drained",5,30.5,2008,"Spring",1,0,0,0,0,0,1,0,0,0,0,0,"Previous crop",0,"Current fall + spring",0,"No"
"R1","Non-Frozen","Storm","2008-20",2008-06-05 10:00:00,2008-06-05 11:33:00,5460,4.964,0.89,2.85,0.3123,3.312,2.466,1.452,0.744,0,0.162,1.84,3.063,1407,16.9,736164,0.0890019071837254,2008-06-05 08:35:00,1.41666666666667,"Surface","Beef and Grain","Corn-Soybean","Cultivated Crops","Cultivated Crops","No",,"Tama silt loam","B","Well drained",5,30.5,2008,"Summer",1,0,0,0,0,0,1,0,0,0,0,0,"Current crop",0,"Current spring + summer",,
"R1","Non-Frozen","Storm","2008-21",2008-06-08 04:09:00,2008-06-08 06:55:00,22140,13.98,1.068,1.367,0.7815,1.8,1.74,1.236,0.748,0.072,0.306,1.493,4.367,1408,16.9,736164,0.360897843415326,2008-06-08 03:51:00,0.3,"Surface","Beef and Grain","Corn-Soybean","Cultivated Crops","Cultivated Crops","No",,"Tama silt loam","B","Well drained",5,30.5,2008,"Summer",1,0,0,0,0,0,1,0,0,0,0,0,"Current crop",0,"Current spring + summer",,
"R1","Non-Frozen","Storm","2008-22",2008-06-08 13:48:00,2008-06-08 17:10:00,16090,5.596,0.734,2.467,0.2976,1.32,0.984,0.652,0.599,1.249,1.249,2.67,5.544,1409,16.9,736164,0.262278514026766,2008-06-08 13:39:00,0.15,"Surface","Beef and Grain","Corn-Soybean","Cultivated Crops","Cultivated Crops","No",,"Tama silt loam","B","Well drained",5,30.5,2008,"Summer",1,0,0,0,0,0,1,0,0,0,0,0,"Current crop",0,"Current spring + summer",,
"R1","Non-Frozen","Storm","2008-23",2008-06-09 00:36:00,2008-06-09 05:10:00,21290,12.06,0.78,4.433,0.1759,3.276,2.19,1.2,0.645,1.911,1.983,3.404,6.278,1410,16.9,736164,0.347042235154123,2008-06-09 00:28:00,0.133333333333333,"Surface","Beef and Grain","Corn-Soybean","Cultivated Crops","Cultivated Crops","No",,"Tama silt loam","B","Well drained",5,30.5,2008,"Summer",1,0,0,0,0,0,1,0,0,0,0,0,"Current crop",0,"Current spring + summer",,
"R1","Non-Frozen","Storm","2008-24",2008-06-12 14:14:00,2008-06-12 15:32:00,345.6,0.268,0.503,1.033,0.4868,2.784,1.716,0.808,0.494,0.027,0.027,3.033,5.889,1411,16.9,736164,0.00563352731184899,2008-06-12 13:59:00,0.25,"Surface","Beef and Grain","Corn-Soybean","Cultivated Crops","Cultivated Crops","No",,"Tama silt loam","B","Well drained",5,30.5,2008,"Summer",1,0,0,0,0,0,1,0,0,0,0,0,"Current crop",0,"Current spring + summer",,
"R1","Non-Frozen","Storm","2008-25",2008-06-13 04:02:00,2008-06-13 07:10:00,1581,0.3612,0.451,5.117,0.08814,0.66,0.438,0.234,0.207,0.548,0.575,3.581,6.221,1412,16.9,736164,0.025771431365837,2008-06-13 00:38:00,3.4,"Surface","Beef and Grain","Corn-Soybean","Cultivated Crops","Cultivated Crops","No",,"Tama silt loam","B","Well drained",5,30.5,2008,"Summer",1,0,0,0,0,0,1,0,0,0,0,0,"Current crop",0,"Current spring + summer",,
"R1","Non-Frozen","Storm","2008-26",2008-07-10 15:54:00,2008-07-10 17:00:00,483.8,0.5894,0.739,1.967,0.3758,2.772,1.95,1.208,0.676,0.072,0.072,1.413,2.935,1413,16.9,736164,0.00788628620796453,2008-07-10 14:17:00,1.61666666666667,"Surface","Beef and Grain","Corn-Soybean","Cultivated Crops","Cultivated Crops","No",,"Tama silt loam","B","Well drained",5,30.5,2008,"Summer",1,0,0,0,0,0,1,0,0,0,0,0,"Current crop",0,"Current spring + summer",,
"R1","Non-Frozen","Storm","2008-27",2008-07-10 23:16:00,2008-07-11 01:25:00,32490,18.82,1.255,1.317,0.9532,2.52,2.406,1.766,1.192,0.829,0.829,2.17,3.692,1414,16.9,736164,0.52961024988997,2008-07-10 23:04:00,0.2,"Surface","Beef and Grain","Corn-Soybean","Cultivated Crops","Cultivated Crops","No",,"Tama silt loam","B","Well drained",5,30.5,2008,"Summer",1,0,0,0,0,0,1,0,0,0,0,0,"Current crop",0,"Current spring + summer",,
"R1","Non-Frozen","Storm","2008-28",2008-07-12 07:40:00,2008-07-12 09:25:00,4078,2.01,0.897,1.95,0.46,2.04,1.566,1.034,0.767,0,2.012,3.425,4.884,1415,16.9,736164,0.06647431822257,2008-07-12 07:25:00,0.25,"Surface","Beef and Grain","Corn-Soybean","Cultivated Crops","Cultivated Crops","No",,"Tama silt loam","B","Well drained",5,30.5,2008,"Summer",1,0,0,0,0,0,1,0,0,0,0,0,"Current crop",0,"Current spring + summer",,
"R1","Non-Frozen","Storm","2008-29",2008-07-20 04:39:00,2008-07-20 05:44:00,924.5,0.9836,1.14,1.083,1.052,4.56,3.84,1.88,1.13,0.01,0.02,0.08,4.542,1416,16.9,736164,0.0150700115735081,2008-07-20 03:36:00,1.05,"Surface","Beef and Grain","Corn-Soybean","Cultivated Crops","Cultivated Crops","No",,"Tama silt loam","B","Well drained",5,30.5,2008,"Summer",1,0,0,0,0,0,1,0,0,0,0,0,"Current crop",0,"Current spring + summer",,
"R1","Non-Frozen","Storm","2009-13",2009-06-08 05:35:00,2009-06-08 06:01:00,28.2,0.0595,1.19,0.95,1.253,4.044,3.402,1.766,1.19,0.018,0.063,0.292,0.985,1429,16.9,736164,0.0004596801799599,2009-06-08 04:39:00,0.933333333333333,"Surface","Beef and Grain","Corn-Soybean","Cultivated Crops","Cultivated Crops","No",,"Tama silt loam","B","Well drained",5,30.5,2009,"Summer",1,0,0,0,0,0,1,0,0,0,0,0,"Current crop",0,"Current spring + summer",,
"R1","Non-Frozen","Storm","2009-14",2009-06-19 14:18:00,2009-06-19 14:38:00,106.1,0.169,0.879,0.3333,2.637,4.164,3.534,1.758,0.879,0.108,0.363,0.75,2.021,1430,16.9,736164,0.00172950592531012,2009-06-19 14:03:00,0.25,"Surface","Beef and Grain","Corn-Soybean","Cultivated Crops","Cultivated Crops","No",,"Tama silt loam","B","Well drained",5,30.5,2009,"Summer",1,0,0,0,0,0,1,0,0,0,0,0,"Current crop",0,"Current spring + summer",,
"R1","Non-Frozen","Storm","2009-15",2009-07-24 22:15:00,2009-07-25 01:31:00,10050,4.22,1.602,2.25,0.712,7.308,4.506,1.926,0.99,0,0,2.312,2.816,1431,16.9,736164,0.16382219179422,2009-07-24 22:13:00,0.0333333333333333,"Surface","Beef and Grain","Corn-Soybean","Cultivated Crops","Cultivated Crops","No",,"Tama silt loam","B","Well drained",5,30.5,2009,"Summer",1,0,0,0,0,0,1,0,0,0,0,0,"Current crop",0,"Current spring + summer",,
"R1","Non-Frozen","Storm","2009-16",2009-07-28 00:55:00,2009-07-28 02:56:00,3528,1.695,1.572,1.167,1.347,5.388,3.912,2.296,1.471,0,0,3.914,4.418,1432,16.9,736164,0.0575089246417918,2009-07-28 00:48:00,0.116666666666667,"Surface","Beef and Grain","Corn-Soybean","Cultivated Crops","Cultivated Crops","No",,"Tama silt loam","B","Well drained",5,30.5,2009,"Summer",1,0,0,0,0,0,1,0,0,0,0,0,"Current crop",0,"Current spring + summer",,
"R1","Non-Frozen","Storm","2009-17",2009-08-27 15:55:00,2009-08-27 17:51:00,1435,0.5574,1.341,9.75,0.1375,0.864,0.648,0.558,0.432,0.09,0.415,0.685,1.416,1433,16.9,736164,0.0233915268880304,2009-08-27 08:03:00,7.86666666666667,"Surface","Beef and Grain","Corn-Soybean","Cultivated Crops","Cultivated Crops","No",,"Tama silt loam","B","Well drained",5,30.5,2009,"Summer",1,0,0,0,0,0,1,0,0,0,0,0,"Current crop",0,"Current spring + summer",,
"R1","Non-Frozen","Storm","2010-1",2009-10-30 03:30:00,2009-10-30 15:01:00,596.9,0.2848,1.12,13.3,0.08421,1.452,1.266,0.746,0.58,0.207,0.207,1.485,2.655,1434,16.9,736164,0.00972989714248456,2009-10-29 23:20:00,4.16666666666667,"Surface","Beef and Grain","Corn-Soybean","Cultivated Crops","Cultivated Crops","No",,"Tama silt loam","B","Well drained",5,30.5,2010,"Fall",1,0,0,0,0,0,1,0,0,0,0,0,"Previous crop",0,"Previous summer + current fall",0,"No"
"R1","Non-Frozen","Storm","2010-9",2010-06-15 19:59:00,2010-06-15 20:45:00,520.2,0.447,0.837,3.55,0.2358,1.572,1.35,0.792,0.513,0.027,0.424,0.64,3.538,1442,16.9,736164,0.00847963225585603,2010-06-15 16:54:00,3.08333333333333,"Surface","Beef and Grain","Corn-Soybean","Cultivated Crops","Cultivated Crops","No",,"Tama silt loam","B","Well drained",5,30.5,2010,"Summer",1,0,0,0,0,0,1,0,0,0,0,0,"Current crop",0,"Current spring + summer",,
"R1","Non-Frozen","Storm","2010-10",2010-06-22 00:10:00,2010-06-22 01:30:00,2537,2.08,0.827,1.017,0.8134,3.396,3.09,1.382,0.818,0,0,1.804,2.804,1443,16.9,736164,0.0413549154807896,2010-06-21 23:43:00,0.45,"Surface","Beef and Grain","Corn-Soybean","Cultivated Crops","Cultivated Crops","No",,"Tama silt loam","B","Well drained",5,30.5,2010,"Summer",1,0,0,0,0,0,1,0,0,0,0,0,"Current crop",0,"Current spring + summer",,
"R1","Non-Frozen","Storm","2010-11",2010-06-23 09:25:00,2010-06-23 11:01:00,5677,3.881,0.73,3.15,0.2317,2.796,2.004,1.186,0.602,0,0.881,1.848,3.307,1444,16.9,736164,0.0925391624692324,2010-06-23 07:19:00,2.1,"Surface","Beef and Grain","Corn-Soybean","Cultivated Crops","Cultivated Crops","No",,"Tama silt loam","B","Well drained",5,30.5,2010,"Summer",1,0,0,0,0,0,1,0,0,0,0,0,"Current crop",0,"Current spring + summer",,
"R1","Non-Frozen","Storm","2010-12",2010-06-26 06:29:00,2010-06-26 07:46:00,1825,1.538,1.028,1.917,0.5363,2.52,1.866,1.426,0.911,0,0,1.638,4.064,1445,16.9,736164,0.0297488059725822,2010-06-26 05:43:00,0.766666666666667,"Surface","Beef and Grain","Corn-Soybean","Cultivated Crops","Cultivated Crops","No",,"Tama silt loam","B","Well drained",5,30.5,2010,"Summer",1,0,0,0,0,0,1,0,0,0,0,0,"Current crop",0,"Current spring + summer",,
"R1","Non-Frozen","Storm","2010-13",2010-07-24 05:15:00,2010-07-24 10:51:00,22670,13.18,2.306,6.183,0.3729,2.76,2.34,1.404,1.012,0.823,2.341,2.341,2.85,1446,16.9,736164,0.369537222684076,2010-07-24 04:08:00,1.11666666666667,"Surface","Beef and Grain","Corn-Soybean","Cultivated Crops","Cultivated Crops","No",,"Tama silt loam","B","Well drained",5,30.5,2010,"Summer",1,0,0,0,0,0,1,0,0,0,0,0,"Current crop",0,"Current spring + summer",,
"R1","Non-Frozen","Storm","2010-14",2010-08-08 13:00:00,2010-08-08 16:09:00,18850,7.926,3.19,1.983,1.608,4.308,3.804,2.356,2.066,0,0,0.38,0.686,1447,16.9,736164,0.307268489086671,,,"Surface","Beef and Grain","Corn-Soybean","Cultivated Crops","Cultivated Crops","No",,"Tama silt loam","B","Well drained",5,30.5,2010,"Summer",1,0,0,0,0,0,1,0,0,0,0,0,"Current crop",0,"Current spring + summer",,
"R1","Non-Frozen","Storm","2010-15",2010-08-09 07:00:00,2010-08-09 07:12:00,7.8,0.01748,0.409,0.5167,0.7916,1.56,1.158,0.8,0.409,3.19,3.19,3.57,3.876,1448,16.9,736164,0.000127145581691036,2010-08-09 06:36:00,0.4,"Surface","Beef and Grain","Corn-Soybean","Cultivated Crops","Cultivated Crops","No",,"Tama silt loam","B","Well drained",5,30.5,2010,"Summer",1,0,0,0,0,0,1,0,0,0,0,0,"Current crop",0,"Current spring + summer",,
"R1","Non-Frozen","Storm","2010-16",2010-08-13 21:20:00,2010-08-13 22:55:00,14040,16.82,1.271,3.65,0.3482,4.308,3.288,2.182,1.127,0.018,0.018,3.779,4.303,1449,16.9,736164,0.228862047043865,2010-08-13 19:14:00,2.1,"Surface","Beef and Grain","Corn-Soybean","Cultivated Crops","Cultivated Crops","No",,"Tama silt loam","B","Well drained",5,30.5,2010,"Summer",1,0,0,0,0,0,1,0,0,0,0,0,"Current crop",0,"Current spring + summer",,
"R2","Non-Frozen","Storm","2004-6",2004-05-22 03:52:00,2004-05-22 04:03:00,13.5,0.03724,1.031,0.45,2.291,8.928,7.752,4.124,2.062,0.337,0.337,0.718,1.826,1455,17.2,749232,0.000216221410724582,2004-05-22 03:34:00,0.3,"Surface","Beef and Grain","Corn-Soybean","Cultivated Crops","Cultivated Crops","No",,"Tama silt loam","B","Well drained",5,30.5,2004,"Spring",1,0,0,0,0,,1,0,0,0,0,0,"Previous crop",0,"Current fall + spring",0,"No"
"R2","Non-Frozen","Storm","2004-7",2004-05-22 09:03:00,2004-05-22 09:26:00,30.4,0.04591,1.947,5.783,0.3367,8.928,7.752,4.124,2.17,0.337,0.337,0.718,1.826,1456,17.2,749232,0.00048689858415017,2004-05-22 03:34:00,5.48333333333333,"Surface","Beef and Grain","Corn-Soybean","Cultivated Crops","Cultivated Crops","No",,"Tama silt loam","B","Well drained",5,30.5,2004,"Spring",1,0,0,0,0,,1,0,0,0,0,0,"Previous crop",0,"Current fall + spring",0,"No"
"R2","Non-Frozen","Storm","2004-8",2004-05-23 05:16:00,2004-05-23 11:15:00,43050,36.76,1.949,6.1,0.3195,6.936,5.772,2.272,1.208,1.312,2.779,3.16,4.142,1457,17.2,749232,0.6895060541995,2004-05-23 04:32:00,0.733333333333333,"Surface","Beef and Grain","Corn-Soybean","Cultivated Crops","Cultivated Crops","No",,"Tama silt loam","B","Well drained",5,30.5,2004,"Spring",1,0,0,0,0,,1,0,0,0,0,0,"Previous crop",0,"Current fall + spring",0,"No"
"R2","Non-Frozen","Storm","2004-9",2004-05-30 12:54:00,2004-05-30 14:31:00,2674,1.187,1.015,2.15,0.4721,2.076,1.608,1.234,0.841,0.782,0.989,1.088,6.197,1458,17.2,749232,0.0428278557242616,2004-05-30 12:20:00,0.566666666666667,"Surface","Beef and Grain","Corn-Soybean","Cultivated Crops","Cultivated Crops","No",,"Tama silt loam","B","Well drained",5,30.5,2004,"Spring",1,0,0,0,0,,1,0,0,0,0,0,"Previous crop",0,"Current fall + spring",0,"No"
"R2","Non-Frozen","Storm","2004-10",2004-05-31 12:21:00,2004-05-31 13:00:00,88.4,0.08042,0.48,2.533,0.1895,0.78,0.504,0.28,0.268,1.043,1.933,2.131,7.24,1459,17.2,749232,0.00141584983022615,2004-05-31 10:13:00,2.13333333333333,"Surface","Beef and Grain","Corn-Soybean","Cultivated Crops","Cultivated Crops","No",,"Tama silt loam","B","Well drained",5,30.5,2004,"Spring",1,0,0,0,0,,1,0,0,0,0,0,"Previous crop",0,"Current fall + spring",0,"No"
"R2","Non-Frozen","Storm","2004-11",2004-06-12 05:55:00,2004-06-12 06:33:00,495.1,0.5288,0.669,1.067,0.6272,2.436,1.842,1.08,0.641,0.009,1.257,1.469,4.054,1460,17.2,749232,0.00792972003331411,2004-06-12 04:57:00,0.966666666666667,"Surface","Beef and Grain","Corn-Soybean","Cultivated Crops","Cultivated Crops","No",,"Tama silt loam","B","Well drained",5,30.5,2004,"Summer",1,0,0,0,0,,1,0,0,0,0,0,"Current crop",0,"Current spring + summer",,
"R2","Non-Frozen","Storm","2004-12",2004-06-17 00:59:00,2004-06-17 02:19:00,5430,3.765,1.423,1.5,0.9487,3.552,3.24,2.344,1.35,0,0,2.128,2.34,1461,17.2,749232,0.0869690563136652,2004-06-17 00:32:00,0.45,"Surface","Beef and Grain","Corn-Soybean","Cultivated Crops","Cultivated Crops","No",,"Tama silt loam","B","Well drained",5,30.5,2004,"Summer",1,0,0,0,0,,1,0,0,0,0,0,"Current crop",0,"Current spring + summer",,
"R2","Non-Frozen","Storm","2005-19",2005-06-12 01:43:00,2005-06-12 01:59:00,38.2,0.07335,1.32,1.383,0.9542,3.78,2.916,2.116,1.275,0.153,0.153,1.267,1.357,1480,17.2,749232,0.000611826510346595,2005-06-12 00:33:00,1.16666666666667,"Surface","Beef and Grain","Corn-Soybean","Cultivated Crops","Cultivated Crops","No",,"Tama silt loam","B","Well drained",5,30.5,2005,"Summer",1,0,0,0,0,0,1,0,0,0,0,0,"Current crop",0,"Current spring + summer",,
"R2","Non-Frozen","Storm","2008-1",2007-10-18 04:11:00,2007-10-18 04:36:00,51.8,0.0912,0.894,5.2,0.1719,7.2,4.14,1.884,1.068,0,0.18,0.504,0.504,1487,17.2,749232,0.000829649561150618,2007-10-17 23:21:00,4.83333333333333,"Surface","Beef and Grain","Corn-Soybean","Cultivated Crops","Cultivated Crops","No",,"Tama silt loam","B","Well drained",5,30.5,2008,"Fall",1,0,0,0,0,0,1,0,0,0,0,0,"Previous crop",0,"Previous summer + current fall",0,"No"
"R2","Non-Frozen","Storm","2008-2",2007-10-18 09:23:00,2007-10-18 10:00:00,51.8,0.0645,1.536,10.37,0.1482,7.2,4.14,1.884,1.068,0,0.18,0.504,0.504,1488,17.2,749232,0.000829649561150618,2007-10-17 23:21:00,10.0333333333333,"Surface","Beef and Grain","Corn-Soybean","Cultivated Crops","Cultivated Crops","No",,"Tama silt loam","B","Well drained",5,30.5,2008,"Fall",1,0,0,0,0,0,1,0,0,0,0,0,"Previous crop",0,"Previous summer + current fall",0,"No"
"R2","Non-Frozen","Storm","2008-13",2008-04-25 13:00:00,2008-04-25 16:00:00,2065,1.103,0.699,2.15,0.3251,3.312,2.142,0.894,0.564,1.159,1.285,1.645,2.735,1499,17.2,749232,0.0330738676404638,2008-04-25 12:34:00,0.433333333333333,"Surface","Beef and Grain","Corn-Soybean","Cultivated Crops","Cultivated Crops","No",,"Tama silt loam","B","Well drained",5,30.5,2008,"Spring",1,0,0,0,0,0,1,0,0,0,0,0,"Previous crop",0,"Current fall + spring",0,"No"
"R2","Non-Frozen","Storm","2008-14",2008-05-02 06:40:00,2008-05-02 07:25:00,129.6,0.1678,0.797,0.8667,0.9196,2.664,1.932,1.324,0.797,0,0,1.014,2.56,1500,17.2,749232,0.00207572554295599,2008-05-02 06:22:00,0.3,"Surface","Beef and Grain","Corn-Soybean","Cultivated Crops","Cultivated Crops","No",,"Tama silt loam","B","Well drained",5,30.5,2008,"Spring",1,0,0,0,0,0,1,0,0,0,0,0,"Previous crop",0,"Current fall + spring",0,"No"
"R2","Non-Frozen","Storm","2008-15",2008-06-05 10:00:00,2008-06-05 11:30:00,1719,1.401,0.89,2.85,0.3123,3.312,2.466,1.452,0.744,0,0.162,1.84,3.063,1501,17.2,749232,0.0275321929655968,2008-06-05 08:35:00,1.41666666666667,"Surface","Beef and Grain","Corn-Soybean","Cultivated Crops","Cultivated Crops","No",,"Tama silt loam","B","Well drained",5,30.5,2008,"Summer",1,0,0,0,0,0,1,0,0,0,0,0,"Current crop",0,"Current spring + summer",,
"R2","Non-Frozen","Storm","2008-16",2008-06-08 04:15:00,2008-06-08 07:00:00,14040,7.981,1.077,3.1,0.3474,1.8,1.74,1.236,0.748,0.072,0.306,1.493,4.367,1502,17.2,749232,0.224870267153565,2008-06-08 03:51:00,0.4,"Surface","Beef and Grain","Corn-Soybean","Cultivated Crops","Cultivated Crops","No",,"Tama silt loam","B","Well drained",5,30.5,2008,"Summer",1,0,0,0,0,0,1,0,0,0,0,0,"Current crop",0,"Current spring + summer",,
"R2","Non-Frozen","Storm","2008-17",2008-06-08 13:51:00,2008-06-08 17:39:00,12200,3.8,0.734,2.467,0.2976,1.32,0.984,0.652,0.599,1.249,1.249,2.67,5.544,1503,17.2,749232,0.195400089691844,2008-06-08 13:39:00,0.2,"Surface","Beef and Grain","Corn-Soybean","Cultivated Crops","Cultivated Crops","No",,"Tama silt loam","B","Well drained",5,30.5,2008,"Summer",1,0,0,0,0,0,1,0,0,0,0,0,"Current crop",0,"Current spring + summer",,
"R2","Non-Frozen","Storm","2008-18",2008-06-09 00:38:00,2008-06-09 05:53:00,18590,9.004,0.78,4.433,0.1759,3.276,2.19,1.2,0.645,1.911,1.983,3.404,6.278,1504,17.2,749232,0.297744890768147,2008-06-09 00:28:00,0.166666666666667,"Surface","Beef and Grain","Corn-Soybean","Cultivated Crops","Cultivated Crops","No",,"Tama silt loam","B","Well drained",5,30.5,2008,"Summer",1,0,0,0,0,0,1,0,0,0,0,0,"Current crop",0,"Current spring + summer",,
"R2","Non-Frozen","Storm","2008-19",2008-06-12 14:13:00,2008-06-12 16:00:00,388.8,0.2116,0.503,1.033,0.4868,2.784,1.716,0.808,0.494,0.027,0.027,3.033,5.889,1505,17.2,749232,0.00622717662886796,2008-06-12 13:59:00,0.233333333333333,"Surface","Beef and Grain","Corn-Soybean","Cultivated Crops","Cultivated Crops","No",,"Tama silt loam","B","Well drained",5,30.5,2008,"Summer",1,0,0,0,0,0,1,0,0,0,0,0,"Current crop",0,"Current spring + summer",,
"R2","Non-Frozen","Storm","2008-20",2008-06-13 04:15:00,2008-06-13 08:15:00,1080,0.2168,0.451,5.117,0.08814,0.66,0.438,0.234,0.207,0.548,0.575,3.581,6.221,1506,17.2,749232,0.0172977128579666,2008-06-13 00:38:00,3.61666666666667,"Surface","Beef and Grain","Corn-Soybean","Cultivated Crops","Cultivated Crops","No",,"Tama silt loam","B","Well drained",5,30.5,2008,"Summer",1,0,0,0,0,0,1,0,0,0,0,0,"Current crop",0,"Current spring + summer",,
"R2","Non-Frozen","Storm","2008-21",2008-06-15 12:39:00,2008-06-15 13:00:00,8.6,0.0121,0.265,3.333,0.0795,1.128,0.618,0.206,0.103,0.036,0.036,2.685,5.255,1507,17.2,749232,0.000137741046831956,,,"Surface","Beef and Grain","Corn-Soybean","Cultivated Crops","Cultivated Crops","No",,"Tama silt loam","B","Well drained",5,30.5,2008,"Summer",1,0,0,0,0,0,1,0,0,0,0,0,"Current crop",0,"Current spring + summer",,
"R2","Non-Frozen","Storm","2008-22",2008-07-10 23:18:00,2008-07-11 01:32:00,16050,7.893,1.255,1.317,0.9532,2.52,2.406,1.766,1.192,0.829,0.829,2.17,3.692,1508,17.2,749232,0.257063232750336,2008-07-10 23:04:00,0.233333333333333,"Surface","Beef and Grain","Corn-Soybean","Cultivated Crops","Cultivated Crops","No",,"Tama silt loam","B","Well drained",5,30.5,2008,"Summer",1,0,0,0,0,0,1,0,0,0,0,0,"Current crop",0,"Current spring + summer",,
"R2","Non-Frozen","Storm","2008-23",2008-07-12 07:45:00,2008-07-12 09:24:00,1201,0.6566,0.897,1.95,0.46,2.04,1.566,1.034,0.767,0,2.012,3.425,4.884,1509,17.2,749232,0.0192356973540906,2008-07-12 07:25:00,0.333333333333333,"Surface","Beef and Grain","Corn-Soybean","Cultivated Crops","Cultivated Crops","No",,"Tama silt loam","B","Well drained",5,30.5,2008,"Summer",1,0,0,0,0,0,1,0,0,0,0,0,"Current crop",0,"Current spring + summer",,
"R2","Non-Frozen","Storm","2008-24",2008-07-20 04:00:00,2008-07-20 05:44:00,164.2,0.0981,1.14,1.083,1.052,4.56,3.84,1.88,1.13,0.01,0.02,0.08,4.542,1510,17.2,749232,0.00262989301044269,2008-07-20 03:36:00,0.4,"Surface","Beef and Grain","Corn-Soybean","Cultivated Crops","Cultivated Crops","No",,"Tama silt loam","B","Well drained",5,30.5,2008,"Summer",1,0,0,0,0,0,1,0,0,0,0,0,"Current crop",0,"Current spring + summer",,
"R2","Non-Frozen","Storm","2009-10",2009-07-24 22:57:00,2009-07-25 01:11:00,1046,0.3918,1.602,2.25,0.712,7.308,4.506,1.926,0.99,0,0,2.312,2.816,1520,17.2,749232,0.0167531552309565,2009-07-24 22:13:00,0.733333333333333,"Surface","Beef and Grain","Corn-Soybean","Cultivated Crops","Cultivated Crops","No",,"Tama silt loam","B","Well drained",5,30.5,2009,"Summer",1,0,0,0,0,0,1,0,0,0,0,0,"Current crop",0,"Current spring + summer",,
"R2","Non-Frozen","Storm","2009-11",2009-07-28 01:45:00,2009-07-28 02:31:00,406.5,0.2928,1.572,1.167,1.347,5.388,3.912,2.296,1.471,0,0,3.914,4.418,1521,17.2,749232,0.00651066692292908,2009-07-28 00:48:00,0.95,"Surface","Beef and Grain","Corn-Soybean","Cultivated Crops","Cultivated Crops","No",,"Tama silt loam","B","Well drained",5,30.5,2009,"Summer",1,0,0,0,0,0,1,0,0,0,0,0,"Current crop",0,"Current spring + summer",,
"R2","Non-Frozen","Storm","2010-5",2010-06-23 10:00:00,2010-06-23 10:30:00,259.2,0.32,0.73,3.15,0.2317,2.796,2.004,1.186,0.602,0,0.881,1.848,3.307,1526,17.2,749232,0.00415145108591197,2010-06-23 07:19:00,2.68333333333333,"Surface","Beef and Grain","Corn-Soybean","Cultivated Crops","Cultivated Crops","No",,"Tama silt loam","B","Well drained",5,30.5,2010,"Summer",1,0,0,0,0,0,1,0,0,0,0,0,"Current crop",0,"Current spring + summer",,
"R2","Non-Frozen","Storm","2010-6",2010-07-24 07:08:00,2010-07-24 10:45:00,6905,3.854,2.306,6.183,0.3729,2.76,2.34,1.404,1.012,0.823,2.341,2.341,2.85,1527,17.2,749232,0.110593247485425,2010-07-24 04:08:00,3,"Surface","Beef and Grain","Corn-Soybean","Cultivated Crops","Cultivated Crops","No",,"Tama silt loam","B","Well drained",5,30.5,2010,"Summer",1,0,0,0,0,0,1,0,0,0,0,0,"Current crop",0,"Current spring + summer",,
"R2","Non-Frozen","Storm","2010-7",2010-08-08 14:22:00,2010-08-08 16:15:00,8546,3.03,3.19,1.983,1.608,4.308,3.804,2.356,2.066,0,0,0.38,0.686,1528,17.2,749232,0.136876161189058,2010-08-08 13:11:00,1.18333333333333,"Surface","Beef and Grain","Corn-Soybean","Cultivated Crops","Cultivated Crops","No",,"Tama silt loam","B","Well drained",5,30.5,2010,"Summer",1,0,0,0,0,0,1,0,0,0,0,0,"Current crop",0,"Current spring + summer",,
"R2","Non-Frozen","Storm","2010-8",2010-08-13 21:23:00,2010-08-13 22:53:00,5768,4.792,1.262,3.367,0.3749,4.308,3.288,2.182,1.127,0.018,0.018,3.779,4.303,1529,17.2,749232,0.0923825997821769,2010-08-13 19:14:00,2.15,"Surface","Beef and Grain","Corn-Soybean","Cultivated Crops","Cultivated Crops","No",,"Tama silt loam","B","Well drained",5,30.5,2010,"Summer",1,0,0,0,0,0,1,0,0,0,0,0,"Current crop",0,"Current spring + summer",,
"R3","Non-Frozen","Storm","2004-6",2004-05-22 03:44:00,2004-05-22 04:09:00,179.8,0.296,1.04,0.5333,1.95,8.928,7.752,4.124,2.08,0.337,0.337,0.718,1.826,1535,39.5,1720620,0.00125396659343725,2004-05-22 03:34:00,0.166666666666667,"Surface","Beef and Grain","Corn-Soybean","Cultivated Crops","Cultivated Crops","No",,"Tama silt loam","B","Well drained",5,30.5,2004,"Spring",1,0,0,0,0,,1,0,0,0,0,0,"Previous crop",0,"Current fall + spring",0,"No"
"R3","Non-Frozen","Storm","2004-7",2004-05-22 08:56:00,2004-05-22 09:18:00,88.9,0.1564,1.929,5.7,0.3384,8.928,7.752,4.124,2.179,0.337,0.337,0.718,1.826,1536,39.5,1720620,0.000620009066499285,2004-05-22 03:34:00,5.36666666666667,"Surface","Beef and Grain","Corn-Soybean","Cultivated Crops","Cultivated Crops","No",,"Tama silt loam","B","Well drained",5,30.5,2004,"Spring",1,0,0,0,0,,1,0,0,0,0,0,"Previous crop",0,"Current fall + spring",0,"No"
"R3","Non-Frozen","Storm","2004-8",2004-05-23 05:17:00,2004-05-23 11:39:00,46890,20.28,1.949,6.1,0.3195,6.936,5.772,2.272,1.208,1.312,2.779,3.16,4.142,1537,39.5,1720620,0.327021654984831,2004-05-23 04:32:00,0.75,"Surface","Beef and Grain","Corn-Soybean","Cultivated Crops","Cultivated Crops","No",,"Tama silt loam","B","Well drained",5,30.5,2004,"Spring",1,0,0,0,0,,1,0,0,0,0,0,"Previous crop",0,"Current fall + spring",0,"No"
"R3","Non-Frozen","Storm","2004-9",2004-05-30 12:52:00,2004-05-30 16:00:00,2741,1.258,1.034,2.467,0.4192,2.076,1.608,1.234,0.841,0.782,0.989,1.088,6.197,1538,39.5,1720620,0.0191163650312097,2004-05-30 12:20:00,0.533333333333333,"Surface","Beef and Grain","Corn-Soybean","Cultivated Crops","Cultivated Crops","No",,"Tama silt loam","B","Well drained",5,30.5,2004,"Spring",1,0,0,0,0,,1,0,0,0,0,0,"Previous crop",0,"Current fall + spring",0,"No"
"R3","Non-Frozen","Storm","2004-10",2004-05-31 12:20:00,2004-05-31 14:40:00,320.7,0.08449,0.48,2.533,0.1895,0.78,0.504,0.28,0.268,1.043,1.933,2.131,7.24,1539,39.5,1720620,0.00223663563134219,2004-05-31 10:13:00,2.11666666666667,"Surface","Beef and Grain","Corn-Soybean","Cultivated Crops","Cultivated Crops","No",,"Tama silt loam","B","Well drained",5,30.5,2004,"Spring",1,0,0,0,0,,1,0,0,0,0,0,"Previous crop",0,"Current fall + spring",0,"No"
"R3","Non-Frozen","Storm","2004-11",2004-06-06 05:37:00,2004-06-06 08:00:00,102.2,0.01664,0.212,4.883,0.04341,0.444,0.384,0.202,0.129,0,0,1.605,4.741,1540,39.5,1720620,0.000712766328416501,2004-06-06 01:30:00,4.11666666666667,"Surface","Beef and Grain","Corn-Soybean","Cultivated Crops","Cultivated Crops","No",,"Tama silt loam","B","Well drained",5,30.5,2004,"Summer",1,0,0,0,0,,1,0,0,0,0,0,"Current crop",0,"Current spring + summer",,
"R3","Non-Frozen","Storm","2004-12",2004-06-10 19:00:00,2004-06-11 07:00:00,1972,0.3216,1.23,13.62,0.09033,1.248,0.792,0.556,0.399,0.018,0.018,0.23,2.815,1541,39.5,1720620,0.0137531819925376,2004-06-10 12:17:00,6.71666666666667,"Surface","Beef and Grain","Corn-Soybean","Cultivated Crops","Cultivated Crops","No",,"Tama silt loam","B","Well drained",5,30.5,2004,"Summer",1,0,0,0,0,,1,0,0,0,0,0,"Current crop",0,"Current spring + summer",,
"R3","Non-Frozen","Storm","2004-13",2004-06-12 05:49:00,2004-06-12 13:00:00,2301,0.8576,0.669,1.067,0.6272,2.436,1.842,1.08,0.641,0.009,1.257,1.469,4.054,1542,39.5,1720620,0.0160477037347003,2004-06-12 04:57:00,0.866666666666667,"Surface","Beef and Grain","Corn-Soybean","Cultivated Crops","Cultivated Crops","No",,"Tama silt loam","B","Well drained",5,30.5,2004,"Summer",1,0,0,0,0,,1,0,0,0,0,0,"Current crop",0,"Current spring + summer",,
"R3","Non-Frozen","Storm","2004-14",2004-06-14 14:38:00,2004-06-14 16:00:00,57.1,0.02047,0.193,1.217,0.1586,0.444,0.336,0.258,0.184,0.009,0.009,1.935,2.22,1543,39.5,1720620,0.000398228545524288,2004-06-14 13:46:00,0.866666666666667,"Surface","Beef and Grain","Corn-Soybean","Cultivated Crops","Cultivated Crops","No",,"Tama silt loam","B","Well drained",5,30.5,2004,"Summer",1,0,0,0,0,,1,0,0,0,0,0,"Current crop",0,"Current spring + summer",,
"R3","Non-Frozen","Storm","2004-15",2004-06-17 00:57:00,2004-06-17 13:00:00,15210,6.514,1.506,5.7,0.2642,3.552,3.24,2.344,1.35,0,0,2.128,2.34,1544,39.5,1720620,0.106078041636154,2004-06-17 00:32:00,0.416666666666667,"Surface","Beef and Grain","Corn-Soybean","Cultivated Crops","Cultivated Crops","No",,"Tama silt loam","B","Well drained",5,30.5,2004,"Summer",1,0,0,0,0,,1,0,0,0,0,0,"Current crop",0,"Current spring + summer",,
"R3","Non-Frozen","Storm","2005-18",2005-06-12 01:29:00,2005-06-12 01:49:00,120.3,0.2025,1.302,1.1,1.184,3.78,2.916,2.116,1.266,0.153,0.153,1.267,1.357,1562,39.5,1720620,0.000838999895386547,2005-06-12 00:33:00,0.933333333333333,"Surface","Beef and Grain","Corn-Soybean","Cultivated Crops","Cultivated Crops","No",,"Tama silt loam","B","Well drained",5,30.5,2005,"Summer",1,0,0,0,0,0,1,0,0,0,0,0,"Current crop",0,"Current spring + summer",,
"R3","Non-Frozen","Storm","2005-19",2005-09-19 11:02:00,2005-09-19 11:22:00,117.5,0.1872,1.63,1.667,0.978,4.452,3.072,1.584,1.122,0,0,0,0.018,1563,39.5,1720620,0.000819472050772396,2005-09-19 09:40:00,1.36666666666667,"Surface","Beef and Grain","Corn-Soybean","Cultivated Crops","Cultivated Crops","No",,"Tama silt loam","B","Well drained",5,30.5,2005,"Summer",1,0,0,0,0,0,1,0,0,0,0,0,"Current crop",0,"Current spring + summer",,
"R3","Non-Frozen","Storm","2006-2",2006-04-16 22:27:00,2006-04-16 22:40:00,19,0.04473,1.452,6.317,0.2299,1.68,1.332,0.678,0.519,0.661,0.661,1.147,1.858,1565,39.5,1720620,0.000132510374167451,2006-04-16 16:17:00,6.16666666666667,"Surface","Beef and Grain","Corn-Soybean","Cultivated Crops","Cultivated Crops","No",,"Tama silt loam","B","Well drained",5,30.5,2006,"Spring",1,0,0,0,0,0,1,0,0,0,0,0,"Previous crop",0,"Current fall + spring",0,"No"
"R3","Non-Frozen","Storm","2007-6",2007-04-03 08:20:00,2007-04-03 08:30:00,11.5,0.02776,0.902,5.25,0.1718,1.2,0.816,0.452,0.325,0,0.099,0.911,1.665,1571,39.5,1720620,8.02036475224047e-05,2007-04-03 03:11:00,5.15,"Surface","Beef and Grain","Corn-Soybean","Cultivated Crops","Cultivated Crops","No",,"Tama silt loam","B","Well drained",5,30.5,2007,"Spring",1,0,0,0,0,0,1,0,0,0,0,0,"Previous crop",0,"Current fall + spring",0,"No"
"R3","Non-Frozen","Storm","2007-7",2007-07-04 02:58:00,2007-07-04 04:30:00,29390,46.39,2.631,1.917,1.373,6.36,4.944,3.878,2.541,0,0,0,1.511,1572,39.5,1720620,0.204972626146389,2007-07-04 02:21:00,0.616666666666667,"Surface","Beef and Grain","Corn-Soybean","Cultivated Crops","Cultivated Crops","No",,"Tama silt loam","B","Well drained",5,30.5,2007,"Summer",1,0,0,0,0,0,1,0,0,0,0,0,"Current crop",0,"Current spring + summer",,
"R3","Non-Frozen","Storm","2007-8",2007-07-18 03:37:00,2007-07-18 05:30:00,10500,6.813,1.467,2.2,0.6668,3.048,2.604,2.172,1.339,1.161,1.188,1.188,2.275,1573,39.5,1720620,0.0732294173030652,2007-07-18 02:57:00,0.666666666666667,"Surface","Beef and Grain","Corn-Soybean","Cultivated Crops","Cultivated Crops","No",,"Tama silt loam","B","Well drained",5,30.5,2007,"Summer",1,0,0,0,0,0,1,0,0,0,0,0,"Current crop",0,"Current spring + summer",,
"R3","Non-Frozen","Storm","2007-9",2007-08-22 22:55:00,2007-08-23 00:35:00,2963,1.163,0.918,3.35,0.274,3.54,2.85,1.204,0.737,0.551,0.551,2.873,4.175,1574,39.5,1720620,0.0206646441399031,2007-08-22 20:33:00,2.36666666666667,"Surface","Beef and Grain","Corn-Soybean","Cultivated Crops","Cultivated Crops","No",,"Tama silt loam","B","Well drained",5,30.5,2007,"Summer",1,0,0,0,0,0,1,0,0,0,0,0,"Current crop",0,"Current spring + summer",,
"R3","Non-Frozen","Storm","2007-10",2007-08-27 14:54:00,2007-08-27 16:09:00,685.4,0.399,1.175,1.367,0.8598,3.036,2.658,1.77,1.148,0,0,2.077,5.21,1575,39.5,1720620,0.00478013739233532,2007-08-27 14:26:00,0.466666666666667,"Surface","Beef and Grain","Corn-Soybean","Cultivated Crops","Cultivated Crops","No",,"Tama silt loam","B","Well drained",5,30.5,2007,"Summer",1,0,0,0,0,0,1,0,0,0,0,0,"Current crop",0,"Current spring + summer",,
"R3","Non-Frozen","Storm","2008-1",2007-10-18 04:15:00,2007-10-18 06:11:00,1443,0.8376,1.011,6.733,0.1501,7.2,4.14,1.884,1.068,0,0.18,0.504,0.504,1576,39.5,1720620,0.010063814206507,2007-10-17 23:21:00,4.9,"Surface","Beef and Grain","Corn-Soybean","Cultivated Crops","Cultivated Crops","No",,"Tama silt loam","B","Well drained",5,30.5,2008,"Fall",1,0,0,0,0,0,1,0,0,0,0,0,"Previous crop",0,"Previous summer + current fall",0,"No"
"R3","Non-Frozen","Storm","2008-2",2007-10-18 09:33:00,2007-10-18 11:35:00,484.2,0.3152,1.545,11.67,0.1324,7.2,4.14,1.884,1.068,0,0.18,0.504,0.504,1577,39.5,1720620,0.00337692227220421,2007-10-17 23:21:00,10.2,"Surface","Beef and Grain","Corn-Soybean","Cultivated Crops","Cultivated Crops","No",,"Tama silt loam","B","Well drained",5,30.5,2008,"Fall",1,0,0,0,0,0,1,0,0,0,0,0,"Previous crop",0,"Previous summer + current fall",0,"No"
"R3","Non-Frozen","Storm","2008-12",2008-04-25 14:30:00,2008-04-25 17:15:00,2125,0.8264,0.699,2.15,0.3251,3.312,2.142,0.894,0.564,1.159,1.285,1.645,2.735,1587,39.5,1720620,0.0148202392160965,2008-04-25 12:34:00,1.93333333333333,"Surface","Beef and Grain","Corn-Soybean","Cultivated Crops","Cultivated Crops","No",,"Tama silt loam","B","Well drained",5,30.5,2008,"Spring",1,0,0,0,0,0,1,0,0,0,0,0,"Previous crop",0,"Current fall + spring",0,"No"
"R3","Non-Frozen","Storm","2008-13",2008-05-02 06:53:00,2008-05-02 08:45:00,138.2,0.0497,0.797,0.8667,0.9196,2.664,1.932,1.324,0.797,0,0,1.014,2.56,1588,39.5,1720620,0.000963838616312724,2008-05-02 06:22:00,0.516666666666667,"Surface","Beef and Grain","Corn-Soybean","Cultivated Crops","Cultivated Crops","No",,"Tama silt loam","B","Well drained",5,30.5,2008,"Spring",1,0,0,0,0,0,1,0,0,0,0,0,"Previous crop",0,"Current fall + spring",0,"No"
"R3","Non-Frozen","Storm","2008-14",2008-05-26 01:46:00,2008-05-26 03:00:00,172.8,0.1947,1.178,1.25,0.9424,4.836,3.81,1.526,1.151,0,0,0.018,0.027,1589,39.5,1720620,0.00120514698190187,2008-05-26 01:27:00,0.316666666666667,"Surface","Beef and Grain","Corn-Soybean","Cultivated Crops","Cultivated Crops","No",,"Tama silt loam","B","Well drained",5,30.5,2008,"Spring",1,0,0,0,0,0,1,0,0,0,0,0,"Previous crop",0,"Current fall + spring",0,"No"
"R3","Non-Frozen","Storm","2008-15",2008-05-30 09:06:00,2008-05-30 10:19:00,138.2,0.0733,1.173,12.73,0.09212,1.104,0.66,0.434,0.334,0.126,0.126,1.349,1.349,1590,39.5,1720620,0.000963838616312724,2008-05-29 21:27:00,11.65,"Surface","Beef and Grain","Corn-Soybean","Cultivated Crops","Cultivated Crops","No",,"Tama silt loam","B","Well drained",5,30.5,2008,"Spring",1,0,0,0,0,0,1,0,0,0,0,0,"Previous crop",0,"Current fall + spring",0,"No"
"R3","Non-Frozen","Storm","2008-16",2008-06-05 09:58:00,2008-06-05 12:24:00,6610,3.192,0.998,3.65,0.2734,3.312,2.466,1.452,0.744,0,0.162,1.84,3.063,1591,39.5,1720620,0.0460996617498344,2008-06-05 08:35:00,1.38333333333333,"Surface","Beef and Grain","Corn-Soybean","Cultivated Crops","Cultivated Crops","No",,"Tama silt loam","B","Well drained",5,30.5,2008,"Summer",1,0,0,0,0,0,1,0,0,0,0,0,"Current crop",0,"Current spring + summer",,
"R3","Non-Frozen","Storm","2008-17",2008-06-08 04:07:00,2008-06-19 17:30:00,104500,18.72,4.027,176.4,0.02283,3.276,2.19,1.236,0.748,0.072,0.306,1.493,4.367,1592,39.5,1720620,0.728807057920982,2008-06-08 03:51:00,0.266666666666667,"Surface","Beef and Grain","Corn-Soybean","Cultivated Crops","Cultivated Crops","No",,"Tama silt loam","B","Well drained",5,30.5,2008,"Summer",1,0,0,0,0,0,1,0,0,0,0,0,"Current crop",0,"Current spring + summer",,
"R3","Non-Frozen","Storm","2008-18",2008-06-29 03:45:00,2008-06-29 07:00:00,1313,0.3918,1.45,4.4,0.3295,1.692,1.278,1.046,0.892,0.036,0.063,0.072,0.337,1593,39.5,1720620,0.00915716427799282,2008-06-29 01:32:00,2.21666666666667,"Surface","Beef and Grain","Corn-Soybean","Cultivated Crops","Cultivated Crops","No",,"Tama silt loam","B","Well drained",5,30.5,2008,"Summer",1,0,0,0,0,0,1,0,0,0,0,0,"Current crop",0,"Current spring + summer",,
"R3","Non-Frozen","Storm","2008-19",2008-07-08 02:00:00,2008-07-08 03:15:00,285.1,0.256,0.972,1.433,0.6781,2.772,2.466,1.602,0.873,0.216,0.216,0.225,1.738,1594,39.5,1720620,0.0019883530355337,2008-07-08 01:45:00,0.25,"Surface","Beef and Grain","Corn-Soybean","Cultivated Crops","Cultivated Crops","No",,"Tama silt loam","B","Well drained",5,30.5,2008,"Summer",1,0,0,0,0,0,1,0,0,0,0,0,"Current crop",0,"Current spring + summer",,
"R3","Non-Frozen","Storm","2008-20",2008-07-10 15:45:00,2008-07-10 18:00:00,6342,3.632,0.739,1.967,0.3758,2.772,1.95,1.208,0.676,0.072,0.072,1.413,2.935,1595,39.5,1720620,0.0442305680510514,2008-07-10 14:17:00,1.46666666666667,"Surface","Beef and Grain","Corn-Soybean","Cultivated Crops","Cultivated Crops","No",,"Tama silt loam","B","Well drained",5,30.5,2008,"Summer",1,0,0,0,0,0,1,0,0,0,0,0,"Current crop",0,"Current spring + summer",,
"R3","Non-Frozen","Storm","2008-21",2008-07-10 23:15:00,2008-07-11 01:45:00,35440,18.92,1.255,1.317,0.9532,2.52,2.406,1.766,1.192,0.829,0.829,2.17,3.692,1596,39.5,1720620,0.247166718973393,2008-07-10 23:04:00,0.183333333333333,"Surface","Beef and Grain","Corn-Soybean","Cultivated Crops","Cultivated Crops","No",,"Tama silt loam","B","Well drained",5,30.5,2008,"Summer",1,0,0,0,0,0,1,0,0,0,0,0,"Current crop",0,"Current spring + summer",,
"R3","Non-Frozen","Storm","2008-22",2008-07-12 07:42:00,2008-07-12 10:15:00,7439,2.065,1.027,2.6,0.395,2.04,1.566,1.034,0.767,0,2.012,3.425,4.884,1597,39.5,1720620,0.0518812986016668,2008-07-12 07:25:00,0.283333333333333,"Surface","Beef and Grain","Corn-Soybean","Cultivated Crops","Cultivated Crops","No",,"Tama silt loam","B","Well drained",5,30.5,2008,"Summer",1,0,0,0,0,0,1,0,0,0,0,0,"Current crop",0,"Current spring + summer",,
"R3","Non-Frozen","Storm","2008-23",2008-07-20 04:39:00,2008-07-20 06:15:00,2100,1.462,1.14,1.083,1.052,4.56,3.84,1.88,1.13,0.01,0.02,0.08,4.542,1598,39.5,1720620,0.014645883460613,2008-07-20 03:36:00,1.05,"Surface","Beef and Grain","Corn-Soybean","Cultivated Crops","Cultivated Crops","No",,"Tama silt loam","B","Well drained",5,30.5,2008,"Summer",1,0,0,0,0,0,1,0,0,0,0,0,"Current crop",0,"Current spring + summer",,
"R3","Non-Frozen","Storm","2009-8",2009-06-08 05:40:00,2009-06-08 06:00:00,52.8,0.08532,1.19,0.95,1.253,4.044,3.402,1.766,1.19,0.018,0.063,0.292,0.985,1606,39.5,1720620,0.000368239355581128,2009-06-08 04:39:00,1.01666666666667,"Surface","Beef and Grain","Corn-Soybean","Cultivated Crops","Cultivated Crops","No",,"Tama silt loam","B","Well drained",5,30.5,2009,"Summer",1,0,0,0,0,0,1,0,0,0,0,0,"Current crop",0,"Current spring + summer",,
"R3","Non-Frozen","Storm","2009-9",2009-06-19 14:18:00,2009-06-19 15:25:00,5668,4.86,0.879,0.3333,2.637,4.164,3.534,1.758,0.879,0.108,0.363,0.75,2.021,1607,39.5,1720620,0.0395299368832165,2009-06-19 14:03:00,0.25,"Surface","Beef and Grain","Corn-Soybean","Cultivated Crops","Cultivated Crops","No",,"Tama silt loam","B","Well drained",5,30.5,2009,"Summer",1,0,0,0,0,0,1,0,0,0,0,0,"Current crop",0,"Current spring + summer",,
"R3","Non-Frozen","Storm","2009-10",2009-07-24 22:14:00,2009-07-25 01:51:00,37340,13.66,1.602,2.25,0.712,7.308,4.506,1.926,0.99,0,0,2.312,2.816,1608,39.5,1720620,0.260417756390138,2009-07-24 22:13:00,0.0166666666666667,"Surface","Beef and Grain","Corn-Soybean","Cultivated Crops","Cultivated Crops","No",,"Tama silt loam","B","Well drained",5,30.5,2009,"Summer",1,0,0,0,0,0,1,0,0,0,0,0,"Current crop",0,"Current spring + summer",,
"R3","Non-Frozen","Storm","2009-11",2009-07-28 01:00:00,2009-07-28 03:12:00,14550,7.29,1.572,1.167,1.347,5.388,3.912,2.296,1.471,0,0,3.914,4.418,1609,39.5,1720620,0.10147504969139,2009-07-28 00:48:00,0.2,"Surface","Beef and Grain","Corn-Soybean","Cultivated Crops","Cultivated Crops","No",,"Tama silt loam","B","Well drained",5,30.5,2009,"Summer",1,0,0,0,0,0,1,0,0,0,0,0,"Current crop",0,"Current spring + summer",,
"R3","Non-Frozen","Storm","2009-12",2009-08-27 16:31:00,2009-08-27 18:01:00,1624,0.553,1.359,9.933,0.1368,0.864,0.648,0.558,0.432,0.09,0.415,0.685,1.416,1610,39.5,1720620,0.0113261498762074,2009-08-27 08:03:00,8.46666666666667,"Surface","Beef and Grain","Corn-Soybean","Cultivated Crops","Cultivated Crops","No",,"Tama silt loam","B","Well drained",5,30.5,2009,"Summer",1,0,0,0,0,0,1,0,0,0,0,0,"Current crop",0,"Current spring + summer",,
"R3","Non-Frozen","Storm","2010-3",2010-06-06,2010-06-06 01:00:00,235.1,0.1798,0.751,3.517,0.2136,1.092,0.984,0.78,0.598,0.561,1.218,1.733,2.252,1613,39.5,1720620,0.00163964152456673,2010-06-05 21:09:00,2.85,"Surface","Beef and Grain","Corn-Soybean","Cultivated Crops","Cultivated Crops","No",,"Tama silt loam","B","Well drained",5,30.5,2010,"Summer",1,1.56,0,0,1.56,0,1,0,0,0,0,0,"Current crop",1.56,"Current spring + summer",,
"R3","Non-Frozen","Storm","2010-4",2010-06-15 19:35:00,2010-06-15 20:09:00,195.2,0.1761,0.81,3.117,0.2599,1.572,1.35,0.792,0.513,0.027,0.424,0.64,3.538,1614,39.5,1720620,0.00136136973881508,2010-06-15 16:54:00,2.68333333333333,"Surface","Beef and Grain","Corn-Soybean","Cultivated Crops","Cultivated Crops","No",,"Tama silt loam","B","Well drained",5,30.5,2010,"Summer",1,1.56,0,0,1.56,0,1,0,0,0,0,0,"Current crop",1.56,"Current spring + summer",,
"R3","Non-Frozen","Storm","2010-5",2010-06-23 09:30:00,2010-06-23 11:00:00,2738,1.273,0.73,3.15,0.2317,2.796,2.004,1.186,0.602,0,0.881,1.848,3.307,1615,39.5,1720620,0.0190954423405517,2010-06-23 07:19:00,2.18333333333333,"Surface","Beef and Grain","Corn-Soybean","Cultivated Crops","Cultivated Crops","No",,"Tama silt loam","B","Well drained",5,30.5,2010,"Summer",1,1.56,0,0,1.56,0,1,0,0,0,0,0,"Current crop",1.56,"Current spring + summer",,
"R3","Non-Frozen","Storm","2010-6",2010-06-26 06:30:00,2010-06-26 08:00:00,1545,0.8096,1.028,1.917,0.5363,2.52,1.866,1.426,0.911,0,0,1.638,4.064,1616,39.5,1720620,0.0107751856888796,2010-06-26 05:43:00,0.783333333333333,"Surface","Beef and Grain","Corn-Soybean","Cultivated Crops","Cultivated Crops","No",,"Tama silt loam","B","Well drained",5,30.5,2010,"Summer",1,1.56,0,0,1.56,0,1,0,0,0,0,0,"Current crop",1.56,"Current spring + summer",,
"R3","Non-Frozen","Storm","2010-7",2010-07-24 05:20:00,2010-07-24 11:30:00,27350,11.98,2.306,6.183,0.3729,2.76,2.34,1.404,1.012,0.823,2.341,2.341,2.85,1617,39.5,1720620,0.190745196498936,2010-07-24 04:08:00,1.2,"Surface","Beef and Grain","Corn-Soybean","Cultivated Crops","Cultivated Crops","No",,"Tama silt loam","B","Well drained",5,30.5,2010,"Summer",1,1.56,0,0,1.56,0,1,0,0,0,0,0,"Current crop",1.56,"Current spring + summer",,
"R3","Non-Frozen","Storm","2010-8",2010-08-08 13:53:00,2010-08-08 17:00:00,31750,9.904,3.19,1.983,1.608,4.308,3.804,2.356,2.066,0,0,0.38,0.686,1618,39.5,1720620,0.22143180946403,2010-08-08 13:11:00,0.7,"Surface","Beef and Grain","Corn-Soybean","Cultivated Crops","Cultivated Crops","No",,"Tama silt loam","B","Well drained",5,30.5,2010,"Summer",1,1.56,0,0,1.56,0,1,0,0,0,0,0,"Current crop",1.56,"Current spring + summer",,
"R3","Non-Frozen","Storm","2010-9",2010-08-09 07:05:00,2010-08-09 07:30:00,31,0.04004,0.454,0.8333,0.5448,1.56,1.158,0.8,0.454,3.19,3.19,3.57,3.876,1619,39.5,1720620,0.000216201136799526,2010-08-09 06:36:00,0.483333333333333,"Surface","Beef and Grain","Corn-Soybean","Cultivated Crops","Cultivated Crops","No",,"Tama silt loam","B","Well drained",5,30.5,2010,"Summer",1,1.56,0,0,1.56,0,1,0,0,0,0,0,"Current crop",1.56,"Current spring + summer",,
"R3","Non-Frozen","Storm","2010-10",2010-08-13 21:29:00,2010-08-13 23:35:00,12070,7.351,1.307,4.317,0.3028,4.308,3.288,2.182,1.127,0.018,0.018,3.779,4.303,1620,39.5,1720620,0.0841789587474283,2010-08-13 19:14:00,2.25,"Surface","Beef and Grain","Corn-Soybean","Cultivated Crops","Cultivated Crops","No",,"Tama silt loam","B","Well drained",5,30.5,2010,"Summer",1,1.56,0,0,1.56,0,1,0,0,0,0,0,"Current crop",1.56,"Current spring + summer",,
"RE1","Non-Frozen","Storm","2015-4",2015-09-18 03:44:00,2015-09-18 04:02:00,29,0.069,0.96,1.817,0.5284,4.44,3.6,1.5,0.83,1.15,1.15,1.16,3.03,1624,9.4,409464,0.000849891565558877,2015-09-18 02:11:00,1.55,"Surface","Grain","Corn-Soybean","Cultivated Crops","Cultivated Crops","No",,"Winnebago silt loam","B","Well drained",3,22.5,2015,"Summer",,,,,,,1,0,0,0,0,0,"Current crop",,"Current spring + summer",,
"RE1","Non-Frozen","Storm","2016-4",2016-08-20 11:23:00,2016-08-20 11:45:00,64,0.111,1.09,0.55,1.982,5.28,4.38,2.16,1.09,0.82,2.08,2.31,2.97,1628,9.4,409464,0.00187562276537131,2016-08-20 11:10:00,0.216666666666667,"Surface","Grain","Corn-Soybean","Cultivated Crops","Cultivated Crops","No",,"Winnebago silt loam","B","Well drained",3,22.5,2016,"Summer",1,2,1,1,0,,1,0,0,1,1,0,"Current crop",1,"Current spring + summer",,
"RE1","Non-Frozen","Storm","2016-5",2016-08-27 06:15:00,2016-08-27 06:23:00,2,0.0067,0.61,0.4833,1.262,2.4,2.16,1.22,0.61,0,0.3,3,5.48,1629,9.4,409464,5.86132114178536e-05,2016-08-27 05:52:00,0.383333333333333,"Surface","Grain","Corn-Soybean","Cultivated Crops","Cultivated Crops","No",,"Winnebago silt loam","B","Well drained",3,22.5,2016,"Summer",1,2,1,1,0,,1,0,0,1,1,0,"Current crop",1,"Current spring + summer",,
"RE1","Non-Frozen","Storm","2016-6",2016-09-25 19:41:00,2016-09-25 19:49:00,3,0.009,1.03,0.2833,3.635,5.28,4.92,2.06,1.03,0,0,0.83,1.17,1630,9.4,409464,8.79198171267804e-05,2016-09-25 19:30:00,0.183333333333333,"Surface","Grain","Corn-Soybean","Cultivated Crops","Cultivated Crops","No",,"Winnebago silt loam","B","Well drained",3,22.5,2016,"Summer",1,2,1,1,0,,1,0,0,1,1,0,"Current crop",1,"Current spring + summer",,
"RE1","Non-Frozen","Storm","2017-4",2017-06-29 05:01:00,2017-06-29 06:11:00,254.8,0.292,2.93,5.85,0.5009,4.56,3.42,2.24,1.91,0.26,0.26,1.73,3.43,1634,9.4,409464,0.00746732313463455,2017-06-29 00:08:00,4.88333333333333,"Surface","Grain","Corn-Soybean","Cultivated Crops","Cultivated Crops","No",,"Winnebago silt loam","B","Well drained",3,22.5,2017,"Summer",1,0,0,0,0,0,1,0,0,1,1,0,"Current crop",0,"Current spring + summer",,
"RE1","Non-Frozen","Storm","2017-5",2017-07-10 08:10:00,2017-07-10 08:29:00,54.5,0.1019,1.75,2.483,0.7047,3.96,3.48,2.04,1.24,0,0,0.66,3.89,1635,9.4,409464,0.00159721001113651,2017-07-10 05:56:00,2.23333333333333,"Surface","Grain","Corn-Soybean","Cultivated Crops","Cultivated Crops","No",,"Winnebago silt loam","B","Well drained",3,22.5,2017,"Summer",1,0,0,0,0,0,1,0,0,1,1,0,"Current crop",0,"Current spring + summer",,
"RE1","Non-Frozen","Storm","2017-6",2017-07-12 11:11:00,2017-07-12 13:45:00,956.9,0.8917,2.21,6.583,0.3357,6.96,5.94,2.52,1.5,0.09,2.01,2.21,6.1,1636,9.4,409464,0.028043491002872,2017-07-12 07:06:00,4.08333333333333,"Surface","Grain","Corn-Soybean","Cultivated Crops","Cultivated Crops","No",,"Winnebago silt loam","B","Well drained",3,22.5,2017,"Summer",1,0,0,0,0,0,1,0,0,1,1,0,"Current crop",0,"Current spring + summer",,
"RE1","Non-Frozen","Storm","2017-7",2017-07-16 06:44:00,2017-07-16 07:00:00,34,0.07524,0.89,0.5333,1.669,3,2.94,1.76,0.89,0,0,4.56,5.22,1637,9.4,409464,0.000996424594103511,2017-07-16 06:22:00,0.366666666666667,"Surface","Grain","Corn-Soybean","Cultivated Crops","Cultivated Crops","No",,"Winnebago silt loam","B","Well drained",3,22.5,2017,"Summer",1,0,0,0,0,0,1,0,0,1,1,0,"Current crop",0,"Current spring + summer",,
"RE1","Non-Frozen","Storm","2017-8",2017-07-20 01:11:00,2017-07-20 01:22:00,5.2,0.02222,0.68,0.2167,3.138,12,7.68,2.72,1.36,0,0,0.89,5.45,1638,9.4,409464,0.000152394349686419,2017-07-20 01:07:00,0.0666666666666667,"Surface","Grain","Corn-Soybean","Cultivated Crops","Cultivated Crops","No",,"Winnebago silt loam","B","Well drained",3,22.5,2017,"Summer",1,0,0,0,0,0,1,0,0,1,1,0,"Current crop",0,"Current spring + summer",,
"RE1","Non-Frozen","Storm","2017-9",2017-07-20 08:34:00,2017-07-20 11:45:00,1445,1.002,3.25,10.25,0.3171,12,7.68,2.86,1.51,0,0,0.89,5.45,1639,9.4,409464,0.0423480452493992,2017-07-20 01:07:00,7.45,"Surface","Grain","Corn-Soybean","Cultivated Crops","Cultivated Crops","No",,"Winnebago silt loam","B","Well drained",3,22.5,2017,"Summer",1,0,0,0,0,0,1,0,0,1,1,0,"Current crop",0,"Current spring + summer",,
"RE1","Non-Frozen","Storm","2017-10",2017-07-21 23:21:00,2017-07-21 23:55:00,161.4,0.2384,1.05,0.5833,1.8,4.92,3.96,2.08,1.05,0.03,3.28,4.17,8.73,1640,9.4,409464,0.00473008616142078,2017-07-21 23:03:00,0.3,"Surface","Grain","Corn-Soybean","Cultivated Crops","Cultivated Crops","No",,"Winnebago silt loam","B","Well drained",3,22.5,2017,"Summer",1,0,0,0,0,0,1,0,0,1,1,0,"Current crop",0,"Current spring + summer",,
"RE1","Non-Frozen","Storm","2017-11",2017-07-27 01:31:00,2017-07-27 02:30:00,97.3,0.1257,1.71,1.45,1.179,3.48,2.4,1.52,1.41,0,0,4.81,5.7,1641,9.4,409464,0.00285153273547858,2017-07-27 00:43:00,0.8,"Surface","Grain","Corn-Soybean","Cultivated Crops","Cultivated Crops","No",,"Winnebago silt loam","B","Well drained",3,22.5,2017,"Summer",1,0,0,0,0,0,1,0,0,1,1,0,"Current crop",0,"Current spring + summer",,
"RE1","Non-Frozen","Storm","2017-12",2017-08-03 05:58:00,2017-08-03 06:30:00,113.1,0.1862,1.74,0.8833,1.97,4.56,3.84,2.62,1.74,0,0,0,5.37,1642,9.4,409464,0.00331457710567962,2017-08-03 05:25:00,0.55,"Surface","Grain","Corn-Soybean","Cultivated Crops","Cultivated Crops","No",,"Winnebago silt loam","B","Well drained",3,22.5,2017,"Summer",1,0,0,0,0,0,1,0,0,1,1,0,"Current crop",0,"Current spring + summer",,
"RE1","Non-Frozen","Storm","2017-13",2017-08-03 19:03:00,2017-08-03 19:15:00,10.4,0.03104,0.34,0.2167,1.569,3.48,1.98,0.68,0.34,1.84,1.84,1.84,5.12,1643,9.4,409464,0.000304788699372839,2017-08-03 18:56:00,0.116666666666667,"Surface","Grain","Corn-Soybean","Cultivated Crops","Cultivated Crops","No",,"Winnebago silt loam","B","Well drained",3,22.5,2017,"Summer",1,0,0,0,0,0,1,0,0,1,1,0,"Current crop",0,"Current spring + summer",,
"RE1","Non-Frozen","Storm","2018-12",2018-06-19 12:42:00,2018-06-19 13:05:00,50,0.09156,1.14,1.233,0.9243,3.96,2.94,1.66,0.91,0.74,0.74,1.05,3.4,1655,9.4,409464,0.00146533028544634,2018-06-19 11:45:00,0.95,"Surface","Grain","Corn-Soybean","Cultivated Crops","Cultivated Crops","No",,"Winnebago silt loam","B","Well drained",3,22.5,2018,"Summer",1,1,0,1,0,0,1,0,0,0,0,0,"Current crop",1,"Current spring + summer",,
"RE1","Non-Frozen","Storm","2018-13",2018-08-21 01:30:00,2018-08-21 01:45:00,25.5,0.07179,0.68,2.6,0.2615,3.6,2.82,1.1,0.55,0.95,0.95,2.64,3.73,1656,9.4,409464,0.000747318445577633,2018-08-20 23:04:00,2.43333333333333,"Surface","Grain","Corn-Soybean","Cultivated Crops","Cultivated Crops","No",,"Winnebago silt loam","B","Well drained",3,22.5,2018,"Summer",1,1,0,1,0,0,1,0,0,0,0,0,"Current crop",1,"Current spring + summer",,
"RE1","Non-Frozen","Storm","2018-14",2018-09-02 23:27:00,2018-09-02 23:42:00,6,0.01607,0.7,0.6333,1.105,2.04,1.68,1.28,0.7,0.29,1.18,2.54,4.34,1657,9.4,409464,0.000175839634253561,2018-09-02 23:02:00,0.416666666666667,"Surface","Grain","Corn-Soybean","Cultivated Crops","Cultivated Crops","No",,"Winnebago silt loam","B","Well drained",3,22.5,2018,"Summer",1,1,0,1,0,0,1,0,0,0,0,0,"Current crop",1,"Current spring + summer",,
"RE1","Non-Frozen","Storm","2018-15",2018-09-03 15:29:00,2018-09-03 18:30:00,241.3,0.2126,1.56,4.15,0.3759,3,2.46,1.62,0.93,0.94,1.56,3.38,5.28,1658,9.4,409464,0.00707168395756403,2018-09-03 14:16:00,1.21666666666667,"Surface","Grain","Corn-Soybean","Cultivated Crops","Cultivated Crops","No",,"Winnebago silt loam","B","Well drained",3,22.5,2018,"Summer",1,1,0,1,0,0,1,0,0,0,0,0,"Current crop",1,"Current spring + summer",,
"RE1","Non-Frozen","Storm","2018-16",2018-09-20 08:15:00,2018-09-20 11:28:00,1237,0.999,2.85,7.4,0.3851,2.52,2.34,1.32,0.85,0.09,0.54,0.54,0.57,1659,9.4,409464,0.0362522712619424,2018-09-20 03:53:00,4.36666666666667,"Surface","Grain","Corn-Soybean","Cultivated Crops","Cultivated Crops","No",,"Winnebago silt loam","B","Well drained",3,22.5,2018,"Summer",1,1,0,1,0,0,1,0,0,0,0,0,"Current crop",1,"Current spring + summer",,
"RE1","Non-Frozen","Storm","2019-1",2018-10-02 00:27:00,2018-10-02 03:00:00,240.6,0.2018,0.96,2.883,0.3329,2.88,1.98,0.86,0.51,1.17,1.54,1.85,5.3,1660,9.4,409464,0.00705116933356779,2018-10-01 23:41:00,0.766666666666667,"Surface","Grain","Corn-Soybean","Cultivated Crops","Cultivated Crops","No",,"Winnebago silt loam","B","Well drained",3,22.5,2019,"Fall",1,1,0,1,0,0,1,0,0,1,1,0,"Previous crop",0,"Previous summer + current fall",1,"Yes"
"RE1","Non-Frozen","Storm","2019-2",2018-10-09 22:21:00,2018-10-09 22:30:00,3.9,0.01442,0.4,1.75,0.2286,2.76,2.1,0.74,0.37,0,0.14,1.56,4.4,1661,9.4,409464,0.000114295762264814,2018-10-09 20:37:00,1.73333333333333,"Surface","Grain","Corn-Soybean","Cultivated Crops","Cultivated Crops","No",,"Winnebago silt loam","B","Well drained",3,22.5,2019,"Fall",1,1,0,1,0,0,1,0,0,1,1,0,"Previous crop",0,"Previous summer + current fall",1,"Yes"
"RE1","Non-Frozen","Storm","2019-8",2019-09-13 03:06:00,2019-09-13 04:34:00,129.8,0.1045,2.16,1.917,1.127,5.52,4.26,1.96,1.38,0.41,1.33,3.98,4.3,1667,9.4,409464,0.0038039974210187,2019-09-13 02:35:00,0.516666666666667,"Surface","Grain","Corn-Soybean","Cultivated Crops","Cultivated Crops","No",,"Winnebago silt loam","B","Well drained",3,22.5,2019,"Summer",1,1,0,1,0,0,1,0,0,1,1,0,"Current crop",1,"Current spring + summer",,
"RE1","Non-Frozen","Storm","2020-1",2019-10-02 03:54:00,2019-10-02 04:11:00,16.3,0.02846,0.67,1.833,0.3655,2.28,1.5,0.8,0.55,0.34,0.34,2.23,3.49,1668,9.4,409464,0.000477697673055507,2019-10-02 02:17:00,1.61666666666667,"Surface","Grain","Corn-Soybean","Cultivated Crops","Cultivated Crops","No",,"Winnebago silt loam","B","Well drained",3,22.5,2020,"Fall",1,0,0,0,0,0,1,0,0,1,1,0,"Previous crop",0,"Previous summer + current fall",1,"Yes"
"RE1","Non-Frozen","Storm","2020-2",2019-11-27 06:27:00,2019-11-27 06:47:00,13.7,0.01784,0.75,9.1,0.08242,2.04,1.86,1.12,0.65,0,0,0.56,0.68,1669,9.4,409464,0.000401500498212297,2019-11-26 21:39:00,8.8,"Surface","Grain","Corn-Soybean","Cultivated Crops","Cultivated Crops","No",,"Winnebago silt loam","B","Well drained",3,22.5,2020,"Fall",1,0,0,0,0,0,1,0,0,1,1,0,"Previous crop",0,"Previous summer + current fall",1,"Yes"
"RE1","Non-Frozen","Storm","2020-3",2020-05-23 22:53:00,2020-05-23 23:15:00,50.6,0.0854,1.27,2.283,0.5562,2.52,2.52,1.5,0.95,0,0,1.51,3.2,1670,9.4,409464,0.0014829142488717,2020-05-23 20:52:00,2.01666666666667,"Surface","Grain","Corn-Soybean","Cultivated Crops","Cultivated Crops","No",,"Winnebago silt loam","B","Well drained",3,22.5,2020,"Spring",1,0,0,0,0,0,1,0,0,1,1,0,"Previous crop",0,"Current fall + spring",1,"Yes"
"RE1","Non-Frozen","Storm","2020-4",2020-08-10 20:52:00,2020-08-10 21:03:00,4.5,0.01086,2.24,1.583,1.415,4.56,4.02,2.14,1.54,0.54,0.54,0.54,0.59,1671,9.4,409464,0.000131879725690171,2020-08-10 19:23:00,1.48333333333333,"Surface","Grain","Corn-Soybean","Cultivated Crops","Cultivated Crops","No",,"Winnebago silt loam","B","Well drained",3,22.5,2020,"Summer",1,0,0,0,0,0,1,0,0,1,1,0,"Current crop",0,"Current spring + summer",,
"RE5","Non-Frozen","Storm","2015-4",2015-06-12 05:11:00,2015-06-12 05:39:00,29,0.037,1.6,7.65,0.2092,2.04,1.68,0.92,0.69,0.66,0.66,0.84,1.74,1675,9.7,422532,0.000823606259407572,2015-06-11 21:56:00,7.25,"Surface","Grain","Corn-Soybean","Cultivated Crops","Cultivated Crops","No",,"Kidder silt loam","B","Well drained",3,25,2015,"Summer",,,,,,,1,0,0,1,1,0,"Current crop",,"Current spring + summer",,
"RE5","Non-Frozen","Storm","2015-5",2015-06-15 10:52:00,2015-06-15 12:15:00,459,0.276,1.11,2.667,0.4163,3.84,3.36,1.86,0.98,0.29,1.03,3.66,3.83,1676,9.7,422532,0.0130356990713129,2015-06-15 09:32:00,1.33333333333333,"Surface","Grain","Corn-Soybean","Cultivated Crops","Cultivated Crops","No",,"Kidder silt loam","B","Well drained",3,25,2015,"Summer",,,,,,,1,0,0,1,1,0,"Current crop",,"Current spring + summer",,
"RE5","Non-Frozen","Storm","2015-6",2015-09-18 03:48:00,2015-09-18 04:37:00,187,0.1898,1.2,1.883,0.6372,4.44,3.36,1.66,0.97,1.43,1.43,1.44,3.12,1677,9.7,422532,0.00531084036238675,2015-09-18 02:39:00,1.15,"Surface","Grain","Corn-Soybean","Cultivated Crops","Cultivated Crops","No",,"Kidder silt loam","B","Well drained",3,25,2015,"Summer",,,,,,,1,0,0,1,1,0,"Current crop",,"Current spring + summer",,
"RE5","Non-Frozen","Storm","2016-1",2015-12-14 06:43:00,2015-12-14 07:41:00,28.5,0.01282,1.44,12.13,0.1187,0.6,0.42,0.34,0.24,0.39,0.4,0.4,1.29,1678,9.7,422532,0.000809406151486751,2015-12-13 19:22:00,11.35,"Surface","Grain","Corn-Soybean","Cultivated Crops","Cultivated Crops","No",,"Kidder silt loam","B","Well drained",3,25,2016,"Fall",1,1,0,1,0,,1,0,0,0,0,0,"Previous crop",,"Previous summer + current fall",0,"No"
"RE5","Non-Frozen","Storm","2016-7",2016-07-23 20:18:00,2016-07-23 20:45:00,55.6,0.0987,1.48,0.6833,2.166,5.16,4.86,2.86,1.48,0,1.75,2.26,2.3,1684,9.7,422532,0.00157905200079521,2016-07-23 19:52:00,0.433333333333333,"Surface","Grain","Corn-Soybean","Cultivated Crops","Cultivated Crops","No",,"Kidder silt loam","B","Well drained",3,25,2016,"Summer",1,1,0,1,0,,1,0,0,0,0,0,"Current crop",1,"Current spring + summer",,
"RE5","Non-Frozen","Storm","2016-8",2016-07-24 00:14:00,2016-07-24 00:37:00,13.1,0.01541,0.57,0.6667,0.855,2.64,2.1,1.12,0.57,1.5,3.25,3.76,3.8,1685,9.7,422532,0.000372042827525489,2016-07-23 23:49:00,0.416666666666667,"Surface","Grain","Corn-Soybean","Cultivated Crops","Cultivated Crops","No",,"Kidder silt loam","B","Well drained",3,25,2016,"Summer",1,1,0,1,0,,1,0,0,0,0,0,"Current crop",1,"Current spring + summer",,
"RE5","Non-Frozen","Storm","2016-9",2016-07-28 18:04:00,2016-07-28 18:31:00,40.2,0.05643,1.45,1.317,1.101,4.08,3.6,2.46,1.34,0.01,0.01,4.09,4.6,1686,9.7,422532,0.00114168867683394,2016-07-28 17:10:00,0.9,"Surface","Grain","Corn-Soybean","Cultivated Crops","Cultivated Crops","No",,"Kidder silt loam","B","Well drained",3,25,2016,"Summer",1,1,0,1,0,,1,0,0,0,0,0,"Current crop",1,"Current spring + summer",,
"RE5","Non-Frozen","Storm","2016-10",2016-08-19 13:09:00,2016-08-19 13:45:00,66.1,0.05118,0.84,0.6167,1.362,3.36,2.82,1.64,0.84,1.25,1.25,1.84,2.18,1687,9.7,422532,0.00187725426713243,2016-08-19 13:02:00,0.116666666666667,"Surface","Grain","Corn-Soybean","Cultivated Crops","Cultivated Crops","No",,"Kidder silt loam","B","Well drained",3,25,2016,"Summer",1,1,0,1,0,,1,0,0,0,0,0,"Current crop",1,"Current spring + summer",,
"RE5","Non-Frozen","Storm","2016-11",2016-08-20 11:31:00,2016-08-20 12:45:00,657.1,0.3836,0.99,2.567,0.3857,3.84,3.6,1.92,0.98,0.85,2.1,2.37,3.03,1688,9.7,422532,0.0186617818295419,2016-08-20 09:21:00,2.16666666666667,"Surface","Grain","Corn-Soybean","Cultivated Crops","Cultivated Crops","No",,"Kidder silt loam","B","Well drained",3,25,2016,"Summer",1,1,0,1,0,,1,0,0,0,0,0,"Current crop",1,"Current spring + summer",,
"RE5","Non-Frozen","Storm","2016-12",2016-09-25 19:45:00,2016-09-25 20:15:00,96.3,0.1713,0.88,0.3167,2.779,5.4,4.14,1.76,0.88,0,0,0.75,1.11,1689,9.7,422532,0.00273494078554997,2016-09-25 19:33:00,0.2,"Surface","Grain","Corn-Soybean","Cultivated Crops","Cultivated Crops","No",,"Kidder silt loam","B","Well drained",3,25,2016,"Summer",1,1,0,1,0,,1,0,0,0,0,0,"Current crop",1,"Current spring + summer",,
"RE5","Non-Frozen","Storm","2017-3",2017-02-24 07:04:00,2017-02-24 07:30:00,8.3,0.01019,0.9,5.7,0.1579,3.12,2.4,1.04,0.58,0.01,0.01,0.13,0.14,1692,9.7,422532,0.000235721791485615,2017-02-24 01:42:00,5.36666666666667,"Surface","Grain","Corn-Soybean","Cultivated Crops","Cultivated Crops","No",,"Kidder silt loam","B","Well drained",3,25,2017,"Spring",1,0,0,0,0,0,1,0,0,1,1,0,"Previous crop",0,"Current fall + spring",1,"Yes"
"RE5","Non-Frozen","Storm","2017-4",2017-05-01 03:26:00,2017-05-01 04:45:00,38.2,0.01319,0.76,5.417,0.1403,1.56,1.02,0.62,0.46,0.21,0.41,1.56,1.76,1693,9.7,422532,0.00108488824515066,2017-04-30 23:03:00,4.38333333333333,"Surface","Grain","Corn-Soybean","Cultivated Crops","Cultivated Crops","No",,"Kidder silt loam","B","Well drained",3,25,2017,"Spring",1,0,0,0,0,0,1,0,0,1,1,0,"Previous crop",0,"Current fall + spring",1,"Yes"
"RE5","Non-Frozen","Storm","2017-5",2017-05-21 07:23:00,2017-05-21 08:30:00,307,0.218,0.56,0.5833,0.96,2.76,2.22,1.08,0.56,0.59,0.8,2.03,2.65,1694,9.7,422532,0.0087188662633836,2017-05-21 07:02:00,0.35,"Surface","Grain","Corn-Soybean","Cultivated Crops","Cultivated Crops","No",,"Kidder silt loam","B","Well drained",3,25,2017,"Spring",1,0,0,0,0,0,1,0,0,1,1,0,"Previous crop",0,"Current fall + spring",1,"Yes"
"RE5","Non-Frozen","Storm","2017-6",2017-05-23 19:50:00,2017-05-23 20:29:00,37.5,0.02526,0.37,0.9833,0.3763,1.56,1.02,0.62,0.37,0.01,0.01,2.05,2.96,1695,9.7,422532,0.00106500809406151,2017-05-23 19:23:00,0.45,"Surface","Grain","Corn-Soybean","Cultivated Crops","Cultivated Crops","No",,"Kidder silt loam","B","Well drained",3,25,2017,"Spring",1,0,0,0,0,0,1,0,0,1,1,0,"Previous crop",0,"Current fall + spring",1,"Yes"
"RE5","Non-Frozen","Storm","2017-7",2017-05-28 11:39:00,2017-05-28 13:30:00,49.4,0.02148,0.5,2.25,0.2222,1.32,1.26,0.56,0.35,0,0.26,0.86,3.45,1696,9.7,422532,0.00140297066257704,2017-05-28 11:13:00,0.433333333333333,"Surface","Grain","Corn-Soybean","Cultivated Crops","Cultivated Crops","No",,"Kidder silt loam","B","Well drained",3,25,2017,"Spring",1,0,0,0,0,0,1,0,0,1,1,0,"Previous crop",0,"Current fall + spring",1,"Yes"
"RE5","Non-Frozen","Storm","2017-8",2017-06-29 05:01:00,2017-06-29 15:30:00,24800,8.45,2.95,6.1,0.4836,4.56,3.42,2.24,1.91,0.26,0.26,1.6,3.29,1697,9.7,422532,0.704325352872682,2017-06-29 00:08:00,4.88333333333333,"Surface","Grain","Corn-Soybean","Cultivated Crops","Cultivated Crops","No",,"Kidder silt loam","B","Well drained",3,25,2017,"Summer",1,0,0,0,0,0,1,0,0,1,1,0,"Current crop",0,"Current spring + summer",,
"RE5","Non-Frozen","Storm","2017-9",2017-07-10 08:02:00,2017-07-10 11:15:00,581.3,0.3124,1.98,4.517,0.4384,2.52,2.4,1.5,1.26,0,0,0.41,3.64,1698,9.7,422532,0.0165090454687456,2017-07-10 05:58:00,2.06666666666667,"Surface","Grain","Corn-Soybean","Cultivated Crops","Cultivated Crops","No",,"Kidder silt loam","B","Well drained",3,25,2017,"Summer",1,0,0,0,0,0,1,0,0,1,1,0,"Current crop",0,"Current spring + summer",,
"RE5","Non-Frozen","Storm","2017-10",2017-07-12 10:47:00,2017-07-12 22:00:00,21540,5.564,2.37,11.05,0.2145,6.48,5.22,2.28,1.49,0.09,1.97,2.07,5.71,1699,9.7,422532,0.611740649228934,2017-07-12 06:26:00,4.35,"Surface","Grain","Corn-Soybean","Cultivated Crops","Cultivated Crops","No",,"Kidder silt loam","B","Well drained",3,25,2017,"Summer",1,0,0,0,0,0,1,0,0,1,1,0,"Current crop",0,"Current spring + summer",,
"RE5","Non-Frozen","Storm","2017-11",2017-07-16 06:36:00,2017-07-16 10:00:00,1838,1.062,1.03,0.7167,1.437,3.36,2.94,2,1.03,0,0,4.44,4.85,1700,9.7,422532,0.0521995967169351,2017-07-16 06:16:00,0.333333333333333,"Surface","Grain","Corn-Soybean","Cultivated Crops","Cultivated Crops","No",,"Kidder silt loam","B","Well drained",3,25,2017,"Summer",1,0,0,0,0,0,1,0,0,1,1,0,"Current crop",0,"Current spring + summer",,
"RE5","Non-Frozen","Storm","2017-12",2017-07-20 01:15:00,2017-07-20 05:13:00,329,0.078,0.86,2.967,0.2899,7.92,5.04,2.08,1.2,0,0,1.03,5.47,1701,9.7,422532,0.00934367101189969,2017-07-20 01:09:00,0.1,"Surface","Grain","Corn-Soybean","Cultivated Crops","Cultivated Crops","No",,"Kidder silt loam","B","Well drained",3,25,2017,"Summer",1,0,0,0,0,0,1,0,0,1,1,0,"Current crop",0,"Current spring + summer",,
"RE5","Non-Frozen","Storm","2017-13",2017-07-20 07:20:00,2017-07-20 18:00:00,28830,5.978,2.85,13.33,0.2138,7.92,5.04,2.08,1.2,0,0,1.03,5.47,1702,9.7,422532,0.818778222714493,2017-07-20 01:09:00,6.18333333333333,"Surface","Grain","Corn-Soybean","Cultivated Crops","Cultivated Crops","No",,"Kidder silt loam","B","Well drained",3,25,2017,"Summer",1,0,0,0,0,0,1,0,0,1,1,0,"Current crop",0,"Current spring + summer",,
"RE5","Non-Frozen","Storm","2017-14",2017-07-21 23:18:00,2017-07-22 16:30:00,24440,5.95,1.61,9.483,0.1698,5.64,4.5,2.42,1.22,0.03,2.88,3.91,8.35,1703,9.7,422532,0.694101275169691,2017-07-21 23:06:00,0.2,"Surface","Grain","Corn-Soybean","Cultivated Crops","Cultivated Crops","No",,"Kidder silt loam","B","Well drained",3,25,2017,"Summer",1,0,0,0,0,0,1,0,0,1,1,0,"Current crop",0,"Current spring + summer",,
"RE5","Non-Frozen","Storm","2017-15",2017-07-23 18:36:00,2017-07-24 02:15:00,3107,0.5014,0.51,1.433,0.3558,2.52,1.86,0.82,0.42,0,1.64,4.49,9.96,1704,9.7,422532,0.0882394706199767,2017-07-23 18:25:00,0.183333333333333,"Surface","Grain","Corn-Soybean","Cultivated Crops","Cultivated Crops","No",,"Kidder silt loam","B","Well drained",3,25,2017,"Summer",1,0,0,0,0,0,1,0,0,1,1,0,"Current crop",0,"Current spring + summer",,
"RE5","Non-Frozen","Storm","2017-16",2017-07-27 01:05:00,2017-07-27 08:15:00,3132,0.717,1.07,2.733,0.3915,2.88,1.92,1.14,0.89,0,0,5,6.03,1705,9.7,422532,0.0889494760160177,2017-07-27 00:43:00,0.366666666666667,"Surface","Grain","Corn-Soybean","Cultivated Crops","Cultivated Crops","No",,"Kidder silt loam","B","Well drained",3,25,2017,"Summer",1,0,0,0,0,0,1,0,0,1,1,0,"Current crop",0,"Current spring + summer",,
"RE5","Non-Frozen","Storm","2017-17",2017-08-03 06:08:00,2017-08-03 07:15:00,164.1,0.1028,0.84,1.167,0.72,2.4,1.98,1.4,0.83,0,0,0,5.2,1706,9.7,422532,0.00466047541961319,2017-08-03 05:31:00,0.616666666666667,"Surface","Grain","Corn-Soybean","Cultivated Crops","Cultivated Crops","No",,"Kidder silt loam","B","Well drained",3,25,2017,"Summer",1,0,0,0,0,0,1,0,0,1,1,0,"Current crop",0,"Current spring + summer",,
"RE5","Non-Frozen","Storm","2018-8",2018-06-19 12:59:00,2018-06-19 13:24:00,24.2,0.03617,1.16,1.467,0.7909,3.24,2.16,1.72,0.92,0.94,0.94,1.45,3.57,1714,9.7,422532,0.000687285223367698,2018-06-19 11:48:00,1.18333333333333,"Surface","Grain","Corn-Soybean","Cultivated Crops","Cultivated Crops","No",,"Kidder silt loam","B","Well drained",3,25,2018,"Summer",1,1,0,1,0,0,1,0,0,0,0,0,"Current crop",1,"Current spring + summer",,
"RE5","Non-Frozen","Storm","2018-9",2018-08-21 01:37:00,2018-08-21 03:30:00,13.2,0.02239,1.03,4.317,0.2386,3.6,2.52,1.02,0.52,0.88,0.88,2.84,4.4,1715,9.7,422532,0.000374882849109653,2018-08-20 22:58:00,2.65,"Surface","Grain","Corn-Soybean","Cultivated Crops","Cultivated Crops","No",,"Kidder silt loam","B","Well drained",3,25,2018,"Summer",1,1,0,1,0,0,1,0,0,0,0,0,"Current crop",1,"Current spring + summer",,
"RE5","Non-Frozen","Storm","2018-10",2018-09-03 15:57:00,2018-09-03 19:00:00,149.6,0.08339,1.45,4.1,0.3537,1.8,1.26,0.86,0.63,0.8,1.48,3.43,5.51,1716,9.7,422532,0.0042486722899094,2018-09-03 14:11:00,1.76666666666667,"Surface","Grain","Corn-Soybean","Cultivated Crops","Cultivated Crops","No",,"Kidder silt loam","B","Well drained",3,25,2018,"Summer",1,1,0,1,0,0,1,0,0,0,0,0,"Current crop",1,"Current spring + summer",,
"RE5","Non-Frozen","Storm","2018-11",2018-09-20 08:42:00,2018-09-20 15:00:00,7252,2.185,3.34,7.7,0.4338,3,2.4,1.32,0.96,0.11,0.6,0.6,0.63,1717,9.7,422532,0.205958365283576,2018-09-20 03:58:00,4.73333333333333,"Surface","Grain","Corn-Soybean","Cultivated Crops","Cultivated Crops","No",,"Kidder silt loam","B","Well drained",3,25,2018,"Summer",1,1,0,1,0,0,1,0,0,0,0,0,"Current crop",1,"Current spring + summer",,
"RE5","Non-Frozen","Storm","2019-1",2018-10-02 00:27:00,2018-10-02 10:45:00,1932,0.1779,0.96,6.067,0.1582,2.88,1.74,0.8,0.47,1.44,1.88,2.18,6.19,1718,9.7,422532,0.0548692170060493,2018-10-01 23:45:00,0.7,"Surface","Grain","Corn-Soybean","Cultivated Crops","Cultivated Crops","No",,"Kidder silt loam","B","Well drained",3,25,2019,"Fall",1,1,0,1,0,0,1,0,0,1,1,0,"Previous crop",0,"Previous summer + current fall",1,"Yes"
"RE5","Non-Frozen","Storm","2019-2",2018-10-04 04:17:00,2018-10-04 05:30:00,41.8,0.01964,0.21,1.4,0.15,0.96,0.78,0.4,0.2,0.01,0.03,2.91,6.56,1719,9.7,422532,0.00118712902218057,2018-10-04 03:01:00,1.26666666666667,"Surface","Grain","Corn-Soybean","Cultivated Crops","Cultivated Crops","No",,"Kidder silt loam","B","Well drained",3,25,2019,"Fall",1,1,0,1,0,0,1,0,0,1,1,0,"Previous crop",0,"Previous summer + current fall",1,"Yes"
"RE5","Non-Frozen","Storm","2019-3",2018-10-06 06:06:00,2018-10-06 15:00:00,1189,0.151,0.94,8.417,0.1117,1.44,1.08,0.6,0.41,0.22,0.43,3.34,3.58,1720,9.7,422532,0.0337678566357104,2018-10-06 01:45:00,4.35,"Surface","Grain","Corn-Soybean","Cultivated Crops","Cultivated Crops","No",,"Kidder silt loam","B","Well drained",3,25,2019,"Fall",1,1,0,1,0,0,1,0,0,1,1,0,"Previous crop",0,"Previous summer + current fall",1,"Yes"
"RE5","Non-Frozen","Storm","2019-4",2018-10-06 17:45:00,2018-10-06 22:15:00,89.7,0.00759,0.08,1.35,0.05926,0.12,0.12,0.08,0.06,0.94,1.16,4.28,4.52,1721,9.7,422532,0.00254749936099514,2018-10-06 17:19:00,0.433333333333333,"Surface","Grain","Corn-Soybean","Cultivated Crops","Cultivated Crops","No",,"Kidder silt loam","B","Well drained",3,25,2019,"Fall",1,1,0,1,0,0,1,0,0,1,1,0,"Previous crop",0,"Previous summer + current fall",1,"Yes"
"RE5","Non-Frozen","Storm","2019-5",2018-10-09 22:13:00,2018-10-10 10:15:00,533.8,0.08925,0.4,4.017,0.09959,2.28,1.62,0.56,0.28,0,0.13,1.7,4.84,1722,9.7,422532,0.0151600352162676,2018-10-09 20:37:00,1.6,"Surface","Grain","Corn-Soybean","Cultivated Crops","Cultivated Crops","No",,"Kidder silt loam","B","Well drained",3,25,2019,"Fall",1,1,0,1,0,0,1,0,0,1,1,0,"Previous crop",0,"Previous summer + current fall",1,"Yes"
"RE5","Non-Frozen","Storm","2019-6",2018-10-10 16:30:00,2018-10-11 02:15:00,408.8,0.02721,0.19,5.3,0.03585,0.48,0.42,0.18,0.11,0.42,0.42,2.11,5.02,1723,9.7,422532,0.0116100082360626,2018-10-10 16:19:00,0.183333333333333,"Surface","Grain","Corn-Soybean","Cultivated Crops","Cultivated Crops","No",,"Kidder silt loam","B","Well drained",3,25,2019,"Fall",1,1,0,1,0,0,1,0,0,1,1,0,"Previous crop",0,"Previous summer + current fall",1,"Yes"
"RE5","Non-Frozen","Storm","2019-13",2019-05-24 15:58:00,2019-05-24 16:30:00,23.4,0.02333,0.74,1.767,0.4189,2.4,2.1,1.06,0.68,0.77,0.85,1.76,2.12,1730,9.7,422532,0.000664565050694385,2019-05-24 14:41:00,1.28333333333333,"Surface","Grain","Corn-Soybean","Cultivated Crops","Cultivated Crops","No",,"Kidder silt loam","B","Well drained",3,25,2019,"Spring",1,1,0,1,0,0,1,0,0,1,1,0,"Previous crop",1,"Current fall + spring",1,"Yes"
"RE5","Non-Frozen","Storm","2019-14",2019-09-12 02:02:00,2019-09-12 02:15:00,9.6,0.02682,0.86,0.9667,0.8897,3.72,2.22,1.14,0.86,0,2.6,2.66,2.93,1731,9.7,422532,0.000272642072079748,2019-09-12 01:15:00,0.783333333333333,"Surface","Grain","Corn-Soybean","Cultivated Crops","Cultivated Crops","No",,"Kidder silt loam","B","Well drained",3,25,2019,"Summer",1,1,0,1,0,0,1,0,0,1,1,0,"Current crop",1,"Current spring + summer",,
"RE5","Non-Frozen","Storm","2019-15",2019-09-13 03:00:00,2019-09-13 07:55:00,1373,0.477,2.45,5.067,0.4836,5.52,4.26,1.96,1.38,0.41,1.33,3.99,4.26,1732,9.7,422532,0.0389934963505723,2019-09-13 02:35:00,0.416666666666667,"Surface","Grain","Corn-Soybean","Cultivated Crops","Cultivated Crops","No",,"Kidder silt loam","B","Well drained",3,25,2019,"Summer",1,1,0,1,0,0,1,0,0,1,1,0,"Current crop",1,"Current spring + summer",,
"RE5","Non-Frozen","Storm","2019-16",2019-09-22 14:15:00,2019-09-22 15:00:00,11.8,0.0117,0.57,4.75,0.12,1.44,1.14,0.68,0.41,0.28,0.28,0.51,7.17,1733,9.7,422532,0.000335122546931357,2019-09-22 10:00:00,4.25,"Surface","Grain","Corn-Soybean","Cultivated Crops","Cultivated Crops","No",,"Kidder silt loam","B","Well drained",3,25,2019,"Summer",1,1,0,1,0,0,1,0,0,1,1,0,"Current crop",1,"Current spring + summer",,
"RE5","Non-Frozen","Storm","2019-17",2019-09-29 09:12:00,2019-09-29 10:45:00,44.2,0.01964,1.16,4.633,0.2504,1.08,0.96,0.74,0.62,0,0.68,1.5,2.22,1734,9.7,422532,0.00125528954020051,2019-09-29 05:32:00,3.66666666666667,"Surface","Grain","Corn-Soybean","Cultivated Crops","Cultivated Crops","No",,"Kidder silt loam","B","Well drained",3,25,2019,"Summer",1,1,0,1,0,0,1,0,0,1,1,0,"Current crop",1,"Current spring + summer",,
"RE5","Non-Frozen","Storm","2020-1",2019-10-02 03:29:00,2019-10-03 13:30:00,1095,0.1636,2.12,32.25,0.06574,2.64,1.62,0.8,0.58,0.33,0.33,2.66,3.92,1735,9.7,422532,0.0310982363465962,2019-10-02 02:21:00,1.13333333333333,"Surface","Grain","Corn-Soybean","Cultivated Crops","Cultivated Crops","No",,"Kidder silt loam","B","Well drained",3,25,2020,"Fall",1,0,0,0,0,0,1,0,0,1,1,0,"Previous crop",0,"Previous summer + current fall",1,"Yes"
"RE5","Non-Frozen","Storm","2020-2",2019-10-05 20:01:00,2019-10-06 06:45:00,265.2,0.04617,0.58,3.6,0.1611,0.48,0.48,0.36,0.33,0,0,4.1,5.64,1736,9.7,422532,0.00753173724120303,2019-10-05 18:09:00,1.86666666666667,"Surface","Grain","Corn-Soybean","Cultivated Crops","Cultivated Crops","No",,"Kidder silt loam","B","Well drained",3,25,2020,"Fall",1,0,0,0,0,0,1,0,0,1,1,0,"Previous crop",0,"Previous summer + current fall",1,"Yes"
"RE5","Non-Frozen","Storm","2020-3",2019-10-27 00:07:00,2019-10-27 04:54:00,67.3,0.01254,0.78,6.917,0.1128,0.36,0.24,0.22,0.21,0,0,0.57,0.57,1737,9.7,422532,0.0019113345261424,2019-10-26 21:44:00,2.38333333333333,"Surface","Grain","Corn-Soybean","Cultivated Crops","Cultivated Crops","No",,"Kidder silt loam","B","Well drained",3,25,2020,"Fall",1,0,0,0,0,0,1,0,0,1,1,0,"Previous crop",0,"Previous summer + current fall",1,"Yes"
"RE5","Non-Frozen","Storm","2020-4",2019-11-27 06:26:00,2019-11-27 08:45:00,150.7,0.07179,1,10.52,0.09509,2.64,2.22,1.2,0.73,0,0,0.56,0.69,1738,9.7,422532,0.00427991252733521,2019-11-26 21:39:00,8.78333333333333,"Surface","Grain","Corn-Soybean","Cultivated Crops","Cultivated Crops","No",,"Kidder silt loam","B","Well drained",3,25,2020,"Fall",1,0,0,0,0,0,1,0,0,1,1,0,"Previous crop",0,"Previous summer + current fall",1,"Yes"
"RE5","Non-Frozen","Storm","2020-5",2020-04-29 11:54:00,2020-04-29 19:30:00,125.2,0.02222,1.54,6.733,0.2287,2.52,2.16,1.22,0.64,0.77,0.97,1.28,1.33,1739,9.7,422532,0.00355570702337338,2020-04-29 11:42:00,0.2,"Surface","Grain","Corn-Soybean","Cultivated Crops","Cultivated Crops","No",,"Kidder silt loam","B","Well drained",3,25,2020,"Spring",1,0,0,0,0,0,1,0,0,1,1,0,"Previous crop",0,"Current fall + spring",1,"Yes"
"RE5","Non-Frozen","Storm","2020-6",2020-05-17 11:39:00,2020-05-18 10:15:00,188.9,0.01086,1.63,24.68,0.06604,0.84,0.6,0.44,0.39,0.01,0.01,1.9,1.96,1740,9.7,422532,0.00536480077248587,2020-05-17 06:43:00,4.93333333333333,"Surface","Grain","Corn-Soybean","Cultivated Crops","Cultivated Crops","No",,"Kidder silt loam","B","Well drained",3,25,2020,"Spring",1,0,0,0,0,0,1,0,0,1,1,0,"Previous crop",0,"Current fall + spring",1,"Yes"
"RE5","Non-Frozen","Storm","2020-7",2020-05-23 21:23:00,2020-05-24 18:15:00,4907,1.039,1.98,2.517,0.7868,4.8,3.3,1.84,1.16,0,0,1.66,3.55,1741,9.7,422532,0.139359859134929,2020-05-23 20:46:00,0.616666666666667,"Surface","Grain","Corn-Soybean","Cultivated Crops","Cultivated Crops","No",,"Kidder silt loam","B","Well drained",3,25,2020,"Spring",1,0,0,0,0,0,1,0,0,1,1,0,"Previous crop",0,"Current fall + spring",1,"Yes"
"RE5","Non-Frozen","Storm","2020-8",2020-07-15 23:42:00,2020-07-15 23:54:00,1.6,0.00462,1.5,9.7,0.1546,2.52,2.1,1,0.63,0.3,0.3,1.53,3.23,1742,9.7,422532,4.54403453466246e-05,2020-07-15 14:10:00,9.53333333333333,"Surface","Grain","Corn-Soybean","Cultivated Crops","Cultivated Crops","No",,"Kidder silt loam","B","Well drained",3,25,2020,"Summer",1,0,0,0,0,0,1,0,0,1,1,0,"Current crop",0,"Current spring + summer",,
"RE5","Non-Frozen","Storm","2021-1",2021-03-10 17:15:00,2021-03-11 09:45:00,302.5,0.00955,0.07,0.2833,0.2471,0.36,0.24,0.14,0.07,0,0,0,0,1743,9.7,422532,0.00859106529209622,,,"Surface","Grain","Corn-Soybean","Cultivated Crops","Cultivated Crops","No",,"Kidder silt loam","B","Well drained",3,25,2021,"Spring",1,1,0,1,0,0,1,0,0,0,0,0,"Previous crop",1,"Current fall + spring",0,"No"
"RS1","Non-Frozen","Storm","2019-6",2019-07-06 11:07:00,2019-07-06 13:43:00,595.6,0.2119,3.58,4.033,0.8876,4.68,4.14,2.82,1.79,0,0.02,1.15,3.12,1748,2.1,91476,0.07813196904106,2019-07-06 09:36:00,1.51666666666667,"Surface","Beef","Corn-Alfalfa","Cultivated Crops","Cultivated Crops","No",,"Norden silt loam","C","Well drained",11,20.5,2019,"Summer",1,1,0,1,0,,1,0,0,1,1,0,"Current crop",1,"Current spring + summer",,
"RS1","Non-Frozen","Storm","2019-7",2019-08-04 23:30:00,2019-08-05 00:17:00,332.7,0.451,0.53,0.35,1.514,3,2.22,1.06,0.53,0.25,0.25,0.64,0.82,1749,2.1,91476,0.0436442345533255,2019-08-04 23:19:00,0.183333333333333,"Surface","Beef","Corn-Alfalfa","Cultivated Crops","Cultivated Crops","No",,"Norden silt loam","C","Well drained",11,20.5,2019,"Summer",1,1,0,1,0,,1,0,0,1,1,0,"Current crop",1,"Current spring + summer",,
"RS1","Non-Frozen","Storm","2019-8",2019-08-06 01:12:00,2019-08-06 01:58:00,3426,4.891,1.44,1.483,0.9708,5.64,4.86,2.84,1.42,0,0.78,0.78,1.35,1750,2.1,91476,0.449429358520268,2019-08-06 00:06:00,1.1,"Surface","Beef","Corn-Alfalfa","Cultivated Crops","Cultivated Crops","No",,"Norden silt loam","C","Well drained",11,20.5,2019,"Summer",1,1,0,1,0,,1,0,0,1,1,0,"Current crop",1,"Current spring + summer",,
"RS1","Non-Frozen","Storm","2019-9",2019-08-11 06:22:00,2019-08-11 09:00:00,259.2,0.1545,1.36,3,0.4533,1.44,1.08,0.98,0.76,0.22,0.22,2.2,2.83,1751,2.1,91476,0.0340023612750885,2019-08-11 05:37:00,0.75,"Surface","Beef","Corn-Alfalfa","Cultivated Crops","Cultivated Crops","No",,"Norden silt loam","C","Well drained",11,20.5,2019,"Summer",1,1,0,1,0,,1,0,0,1,1,0,"Current crop",1,"Current spring + summer",,
"RS1","Non-Frozen","Storm","2019-10",2019-09-13 00:53:00,2019-09-13 04:45:00,31.9,0.0354,0.8,3.883,0.206,2.76,1.74,0.9,0.5,0.16,0.32,1.27,1.66,1752,2.1,91476,0.00418470418470418,2019-09-13 00:36:00,0.283333333333333,"Surface","Beef","Corn-Alfalfa","Cultivated Crops","Cultivated Crops","No",,"Norden silt loam","C","Well drained",11,20.5,2019,"Summer",1,1,0,1,0,,1,0,0,1,1,0,"Current crop",1,"Current spring + summer",,
"RS1","Non-Frozen","Storm","2020-1",2019-10-02 05:45:00,2019-10-02 06:29:00,8.5,0.00627,0.16,0.5,0.32,0.48,0.36,0.3,0.16,1.06,1.1,1.3,1.86,1753,2.1,91476,0.00111504656959202,2019-10-02 05:32:00,0.216666666666667,"Surface","Beef","Corn-Alfalfa","Cultivated Crops","Cultivated Crops","No",,"Norden silt loam","C","Well drained",11,20.5,2020,"Fall",1,0,0,0,0,0,1,0,1,1,1,0,"Previous crop",0,"Previous summer + current fall",1,"Yes"
"RS1","Non-Frozen","Storm","2020-2",2019-10-05 16:45:00,2019-10-05 18:11:00,12,0.00415,0.4,1.467,0.2727,0.48,0.42,0.34,0.29,0.04,0.04,1.4,1.86,1754,2.1,91476,0.00157418339236521,2019-10-05 16:26:00,0.316666666666667,"Surface","Beef","Corn-Alfalfa","Cultivated Crops","Cultivated Crops","No",,"Norden silt loam","C","Well drained",11,20.5,2020,"Fall",1,0,0,0,0,0,1,0,1,1,1,0,"Previous crop",0,"Previous summer + current fall",1,"Yes"
"RS1","Non-Frozen","Storm","2020-6",2020-03-09 12:00:00,2020-03-09 23:08:00,802.3,0.04414,0.36,6.55,0.05496,0.12,0.12,0.1,0.08,0,0,0.01,0.01,1758,2.1,91476,0.105247277974551,,,"Surface","Beef","Corn-Alfalfa","Cultivated Crops","Cultivated Crops","No",,"Norden silt loam","C","Well drained",11,20.5,2020,"Spring",1,0,0,0,0,0,1,0,1,1,1,0,"Previous crop",0,"Current fall + spring",1,"Yes"
"RS1","Non-Frozen","Storm","2020-7",2020-03-19 17:54:00,2020-03-19 19:11:00,159.1,0.07489,0.61,2.383,0.2559,0.84,0.6,0.46,0.36,0,0,0.22,1.08,1759,2.1,91476,0.0208710481437754,2020-03-19 16:46:00,1.13333333333333,"Surface","Beef","Corn-Alfalfa","Cultivated Crops","Cultivated Crops","No",,"Norden silt loam","C","Well drained",11,20.5,2020,"Spring",1,0,0,0,0,0,1,0,1,1,1,0,"Previous crop",0,"Current fall + spring",1,"Yes"
"RS1","Non-Frozen","Storm","2020-8",2020-05-28 14:19:00,2020-05-28 14:27:00,0.6,0.0022,1.02,3.3,0.3091,2.04,1.86,1.66,0.87,0.03,0.04,0.11,0.61,1760,2.1,91476,7.87091696182605e-05,2020-05-28 11:07:00,3.2,"Surface","Beef","Corn-Alfalfa","Cultivated Crops","Cultivated Crops","No",,"Norden silt loam","C","Well drained",11,20.5,2020,"Spring",1,0,0,0,0,0,1,0,1,1,1,0,"Previous crop",0,"Current fall + spring",1,"Yes"
"RS1","Non-Frozen","Storm","2020-9",2020-07-09 22:51:00,2020-07-09 23:02:00,0.7,0.0018,2.1,4.717,0.4452,2.88,2.22,1.08,0.81,0,0.24,0.82,1.2,1761,2.1,91476,9.18273645546373e-05,2020-07-09 18:04:00,4.78333333333333,"Surface","Beef","Corn-Alfalfa","Cultivated Crops","Cultivated Crops","No",,"Norden silt loam","C","Well drained",11,20.5,2020,"Summer",1,0,0,0,0,0,1,0,1,1,1,1,"Current crop",0,"Current spring + summer",,
"RS1","Non-Frozen","Storm","2020-10",2020-07-19 09:00:00,2020-07-19 09:15:00,14.5,0.04178,0.56,0.3,1.867,2.88,2.46,1.12,0.56,0,0,0.2,2.85,1762,2.1,91476,0.00190213826577463,2020-07-19 08:46:00,0.233333333333333,"Surface","Beef","Corn-Alfalfa","Cultivated Crops","Cultivated Crops","No",,"Norden silt loam","C","Well drained",11,20.5,2020,"Summer",1,0,0,0,0,0,1,0,1,1,1,1,"Current crop",0,"Current spring + summer",,
"RS1","Non-Frozen","Storm","2020-11",2020-08-28 02:44:00,2020-08-28 16:15:00,2456,1.474,2.2,13.07,0.1684,3.84,3.66,2.12,1.09,0.5,0.5,0.5,0.61,1763,2.1,91476,0.322182867637413,2020-08-28 02:43:00,0.0166666666666667,"Surface","Beef","Corn-Alfalfa","Cultivated Crops","Cultivated Crops","No",,"Norden silt loam","C","Well drained",11,20.5,2020,"Summer",1,0,0,0,0,0,1,0,1,1,1,1,"Current crop",0,"Current spring + summer",,
"RS1","Non-Frozen","Storm","2021-1",2020-10-22 23:44:00,2020-10-23 07:13:00,387.2,0.1296,2.77,18.97,0.146,2.04,1.32,0.86,0.6,0,0.05,0.06,0.47,1764,2.1,91476,0.0507936507936508,2020-10-22 12:05:00,11.65,"Surface","Beef","Corn-Alfalfa","Cultivated Crops","Cultivated Crops","No",,"Norden silt loam","C","Well drained",11,20.5,2021,"Fall",1,0,0,0,0,0,1,1,1,1,1,1,"Previous crop",0,"Previous summer + current fall",1,"Yes"
"RS1","Non-Frozen","Storm","2021-4",2021-07-15 02:39:00,2021-07-15 03:30:00,688.9,0.9069,2.6,9.083,0.2862,3.96,2.82,1.58,1.15,0,0,0.01,0.65,1767,2.1,91476,0.0903712449166995,2021-07-14 17:55:00,8.73333333333333,"Surface","Beef","Corn-Alfalfa","Cultivated Crops","Cultivated Crops","No",,"Norden silt loam","C","Well drained",11,20.5,2021,"Summer",1,0,0,0,0,0,1,1,1,1,1,1,"Current crop",0,"Current spring + summer",,
"RS1","Non-Frozen","Storm","2021-5",2021-08-07 21:37:00,2021-08-07 22:04:00,906.9,1.632,1.65,7.167,0.2302,3.36,2.76,1.22,0.61,0.01,0.07,0.37,0.95,1768,2.1,91476,0.118968909878001,2021-08-07 14:45:00,6.86666666666667,"Surface","Beef","Corn-Alfalfa","Cultivated Crops","Cultivated Crops","No",,"Norden silt loam","C","Well drained",11,20.5,2021,"Summer",1,0,0,0,0,0,1,1,1,1,1,1,"Current crop",0,"Current spring + summer",,
"RS1","Non-Frozen","Storm","2022-1",2021-12-15 14:45:00,2021-12-15 19:30:00,399,0.0406,0,,,,,,,0,0,0,0.02,1769,2.1,91476,0.0523415977961433,,,"Surface","Beef","Corn-Alfalfa","Cultivated Crops","Cultivated Crops","No",,"Norden silt loam","C","Well drained",11,20.5,2022,"Fall",1,0,0,0,0,0,1,1,1,1,1,1,"Previous crop",0,"Previous summer + current fall",1,"Yes"
"RS1","Non-Frozen","Storm","2022-11",2022-07-06 02:19:00,2022-07-06 03:03:00,54.6,0.1112,1.34,0.8,1.675,3.72,3,2.34,1.34,0,0.33,0.63,1.19,1779,2.1,91476,0.00716253443526171,2022-07-06 02:07:00,0.2,"Surface","Beef","Corn-Alfalfa","Cultivated Crops","Cultivated Crops","No",,"Norden silt loam","C","Well drained",11,20.5,2022,"Summer",1,0,0,0,0,0,1,1,1,1,1,1,"Current crop",0,"Current spring + summer",,
"RS1","Non-Frozen","Storm","2022-12",2022-07-23 21:40:00,2022-07-23 22:24:00,696.3,1.184,1.61,1.083,1.486,6.12,5.46,2.9,1.6,0,0,0,0.62,1780,2.1,91476,0.0913419913419913,2022-07-23 21:17:00,0.383333333333333,"Surface","Beef","Corn-Alfalfa","Cultivated Crops","Cultivated Crops","No",,"Norden silt loam","C","Well drained",11,20.5,2022,"Summer",1,0,0,0,0,0,1,1,1,1,1,1,"Current crop",0,"Current spring + summer",,
"RS2","Non-Frozen","Storm","2019-7",2019-07-06 11:08:00,2019-07-06 14:15:00,10600,3.135,3.58,4.033,0.8876,4.68,4.14,2.82,1.79,0,0.02,1.15,3.12,1787,1.9,82764,1.5369001014934,2019-07-06 09:36:00,1.53333333333333,"Surface","Beef","Corn-Alfalfa","Cultivated Crops","Cultivated Crops","No",,"La Farge silt loam","C","Well drained",7,22.5,2019,"Summer",1,1,0,1,0,,1,0,0,1,1,0,"Current crop",1,"Current spring + summer",,
"RS2","Non-Frozen","Storm","2019-8",2019-07-19 08:33:00,2019-07-19 09:15:00,119.8,0.1294,1.62,3.6,0.45,2.76,2.34,1.86,1.04,0.26,0.31,0.32,3.9,1788,1.9,82764,0.0173698709583877,2019-07-19 05:24:00,3.15,"Surface","Beef","Corn-Alfalfa","Cultivated Crops","Cultivated Crops","No",,"La Farge silt loam","C","Well drained",7,22.5,2019,"Summer",1,1,0,1,0,,1,0,0,1,1,0,"Current crop",1,"Current spring + summer",,
"RS2","Non-Frozen","Storm","2019-9",2019-08-06 01:22:00,2019-08-06 02:15:00,1325,1.333,1.44,1.483,0.9708,5.64,4.86,2.84,1.42,0,0.78,0.78,1.35,1789,1.9,82764,0.192112512686675,2019-08-06 00:06:00,1.26666666666667,"Surface","Beef","Corn-Alfalfa","Cultivated Crops","Cultivated Crops","No",,"La Farge silt loam","C","Well drained",7,22.5,2019,"Summer",1,1,0,1,0,,1,0,0,1,1,0,"Current crop",1,"Current spring + summer",,
"RS2","Non-Frozen","Storm","2019-10",2019-08-11 07:25:00,2019-08-11 08:30:00,552.6,0.3192,1.32,2.533,0.5211,1.44,1.08,0.98,0.76,0.22,0.22,2.2,2.83,1790,1.9,82764,0.0801217920835146,2019-08-11 05:37:00,1.8,"Surface","Beef","Corn-Alfalfa","Cultivated Crops","Cultivated Crops","No",,"La Farge silt loam","C","Well drained",7,22.5,2019,"Summer",1,1,0,1,0,,1,0,0,1,1,0,"Current crop",1,"Current spring + summer",,
"RS2","Non-Frozen","Storm","2019-11",2019-08-16 12:46:00,2019-08-16 13:15:00,27.4,0.0313,0.58,3.1,0.1871,2.52,1.68,0.56,0.48,0,0,1.66,3.88,1791,1.9,82764,0.00397274177178483,2019-08-16 09:39:00,3.11666666666667,"Surface","Beef","Corn-Alfalfa","Cultivated Crops","Cultivated Crops","No",,"La Farge silt loam","C","Well drained",7,22.5,2019,"Summer",1,1,0,1,0,,1,0,0,1,1,0,"Current crop",1,"Current spring + summer",,
"RS2","Non-Frozen","Storm","2019-12",2019-09-13 01:03:00,2019-09-13 05:15:00,646.1,0.2752,0.8,3.883,0.206,2.76,1.74,0.9,0.5,0.16,0.32,1.27,1.66,1792,1.9,82764,0.0936784109032913,2019-09-13 00:36:00,0.45,"Surface","Beef","Corn-Alfalfa","Cultivated Crops","Cultivated Crops","No",,"La Farge silt loam","C","Well drained",7,22.5,2019,"Summer",1,1,0,1,0,,1,0,0,1,1,0,"Current crop",1,"Current spring + summer",,
"RS2","Non-Frozen","Storm","2020-1",2019-10-01 14:07:00,2019-10-02 07:00:00,1194,0.6745,1.22,21.02,0.05805,2.88,2.22,0.98,0.51,0.04,0.06,0.24,0.8,1793,1.9,82764,0.173118747281427,2019-10-01 09:01:00,5.1,"Surface","Beef","Corn-Alfalfa","Cultivated Crops","Cultivated Crops","No",,"La Farge silt loam","C","Well drained",7,22.5,2020,"Fall",1,1,0,1,0,0,1,0,1,1,1,0,"Previous crop",0,"Previous summer + current fall",1,"Yes"
"RS2","Non-Frozen","Storm","2020-2",2019-10-05 17:04:00,2019-10-05 19:45:00,862,0.2298,0.4,1.467,0.2727,0.48,0.42,0.34,0.29,0.04,0.04,1.4,1.86,1794,1.9,82764,0.124981876178048,2019-10-05 16:26:00,0.633333333333333,"Surface","Beef","Corn-Alfalfa","Cultivated Crops","Cultivated Crops","No",,"La Farge silt loam","C","Well drained",7,22.5,2020,"Fall",1,1,0,1,0,0,1,0,1,1,1,0,"Previous crop",0,"Previous summer + current fall",1,"Yes"
"RS2","Non-Frozen","Storm","2020-7",2020-03-19 18:02:00,2020-03-19 18:59:00,110.6,0.05883,0.57,2.167,0.2631,0.84,0.6,0.46,0.36,0,0,0.22,1.08,1799,1.9,82764,0.0160359576627519,2020-03-19 16:46:00,1.26666666666667,"Surface","Beef","Corn-Alfalfa","Cultivated Crops","Cultivated Crops","No",,"La Farge silt loam","C","Well drained",7,22.5,2020,"Spring",1,1,0,1,0,0,1,0,1,1,1,0,"Previous crop",1,"Current fall + spring",1,"Yes"
"RS2","Non-Frozen","Storm","2020-8",2020-03-29 02:34:00,2020-03-29 03:30:00,112.3,0.082,0.54,1.4,0.3857,1.44,1.32,0.9,0.51,0.64,0.66,0.69,1.96,1800,1.9,82764,0.0162824416412933,2020-03-29 01:20:00,1.23333333333333,"Surface","Beef","Corn-Alfalfa","Cultivated Crops","Cultivated Crops","No",,"La Farge silt loam","C","Well drained",7,22.5,2020,"Spring",1,1,0,1,0,0,1,0,1,1,1,0,"Previous crop",1,"Current fall + spring",1,"Yes"
"RS2","Non-Frozen","Storm","2020-9",2020-05-28 14:34:00,2020-05-28 14:56:00,25.3,0.035,1.22,3.733,0.3268,2.04,1.86,1.7,1.04,0.03,0.04,0.11,0.61,1801,1.9,82764,0.00366826156299841,2020-05-28 11:07:00,3.45,"Surface","Beef","Corn-Alfalfa","Cultivated Crops","Cultivated Crops","No",,"La Farge silt loam","C","Well drained",7,22.5,2020,"Spring",1,1,0,1,0,0,1,0,1,1,1,0,"Previous crop",1,"Current fall + spring",1,"Yes"
"RS2","Non-Frozen","Storm","2020-10",2020-07-09 22:11:00,2020-07-09 23:30:00,810.8,0.5266,2.2,5.4,0.4074,2.88,2.22,1.08,0.81,0,0.24,0.82,1.2,1802,1.9,82764,0.117558358706684,2020-07-09 18:04:00,4.11666666666667,"Surface","Beef","Corn-Alfalfa","Cultivated Crops","Cultivated Crops","No",,"La Farge silt loam","C","Well drained",7,22.5,2020,"Summer",1,1,0,1,0,0,1,0,1,1,1,1,"Current crop",1,"Current spring + summer",,
"RS2","Non-Frozen","Storm","2021-1",2020-10-22 23:47:00,2020-10-23 06:29:00,78.9,0.06092,2.71,18.25,0.1485,2.04,1.32,0.86,0.6,0,0.05,0.06,0.47,1803,1.9,82764,0.011439756415833,2020-10-22 12:05:00,11.7,"Surface","Beef","Corn-Alfalfa","Cultivated Crops","Cultivated Crops","No",,"La Farge silt loam","C","Well drained",7,22.5,2021,"Fall",1,0,0,0,0,0,1,1,1,1,1,1,"Previous crop",0,"Previous summer + current fall",1,"Yes"
"RS2","Non-Frozen","Storm","2021-4",2021-07-15 01:55:00,2021-07-15 03:30:00,402.7,0.2724,2.6,9.083,0.2862,3.96,2.82,1.58,1.15,0,0,0.01,0.65,1806,1.9,82764,0.058387704799188,2021-07-14 17:55:00,8,"Surface","Beef","Corn-Alfalfa","Cultivated Crops","Cultivated Crops","No",,"La Farge silt loam","C","Well drained",7,22.5,2021,"Summer",1,0,0,0,0,0,1,1,1,1,1,1,"Current crop",0,"Current spring + summer",,
"RS2","Non-Frozen","Storm","2021-5",2021-08-07 21:42:00,2021-08-08 10:09:00,533.8,0.2292,2.41,19.03,0.1266,3.36,2.76,1.22,0.72,0.01,0.07,0.37,0.95,1807,1.9,82764,0.077395969261998,2021-08-07 14:45:00,6.95,"Surface","Beef","Corn-Alfalfa","Cultivated Crops","Cultivated Crops","No",,"La Farge silt loam","C","Well drained",7,22.5,2021,"Summer",1,0,0,0,0,0,1,1,1,1,1,1,"Current crop",0,"Current spring + summer",,
"RS2","Non-Frozen","Storm","2022-10",2022-03-23 05:08:00,2022-03-23 12:15:00,681.5,0.1379,0.94,14.75,0.06373,0.36,0.3,0.22,0.17,0.06,0.06,0.38,0.38,1817,1.9,82764,0.0988110772799768,2022-03-22 20:48:00,8.33333333333333,"Surface","Beef","Corn-Alfalfa","Cultivated Crops","Cultivated Crops","No",,"La Farge silt loam","C","Well drained",7,22.5,2022,"Spring",1,0,0,0,0,0,1,1,0,1,1,1,"Previous crop",0,"Current fall + spring",1,"Yes"
"RS2","Non-Frozen","Storm","2022-11",2022-06-15 21:59:00,2022-06-15 23:00:00,1120,0.9137,1.21,0.6667,1.815,5.28,4.14,2.4,1.21,0,0,0.81,2.97,1818,1.9,82764,0.162389444686095,2022-06-15 21:45:00,0.233333333333333,"Surface","Beef","Corn-Alfalfa","Cultivated Crops","Cultivated Crops","No",,"La Farge silt loam","C","Well drained",7,22.5,2022,"Summer",1,0,0,0,0,0,1,1,0,1,1,0,"Current crop",0,"Current spring + summer",,
"WF1","Non-Frozen","Storm","2011-5",2011-04-05 19:45:00,2011-04-06 09:15:00,2376,0.09465,0,,,,,,,0,0.02,0.22,0.47,1828,42.1,1833876,0.0155473979702008,,,"Surface","Dairy and Grain","Corn-Soybean","Cultivated Crops","Cultivated Crops","No",,"Santiago silt loam","B","Well drained",4.4,12,2011,"Spring",0.7,1.4,0.7,0.7,0,,0.7,0,0,0.7,0.7,0,"Previous crop",1.4,"Current fall + spring",0.7,"Partial"
"WF1","Non-Frozen","Storm","2011-6",2011-04-06 22:00:00,2011-04-07 05:00:00,667.3,0.04355,0,,,,,,,0,0,0.22,0.22,1829,42.1,1833876,0.00436648933733797,,,"Surface","Dairy and Grain","Corn-Soybean","Cultivated Crops","Cultivated Crops","No",,"Santiago silt loam","B","Well drained",4.4,12,2011,"Spring",0.7,1.4,0.7,0.7,0,,0.7,0,0,0.7,0.7,0,"Previous crop",1.4,"Current fall + spring",0.7,"Partial"
"WF1","Non-Frozen","Storm","2011-7",2011-04-07 23:00:00,2011-04-08 03:15:00,245.7,0.02282,0,,,,,,,0,0,0.22,0.22,1830,42.1,1833876,0.00160774229010031,,,"Surface","Dairy and Grain","Corn-Soybean","Cultivated Crops","Cultivated Crops","No",,"Santiago silt loam","B","Well drained",4.4,12,2011,"Spring",0.7,1.4,0.7,0.7,0,,0.7,0,0,0.7,0.7,0,"Previous crop",1.4,"Current fall + spring",0.7,"Partial"
"WF1","Non-Frozen","Storm","2011-8",2011-04-10 11:15:00,2011-04-10 16:30:00,582.7,0.0696,0.28,2.583,0.1084,0.36,0.36,0.2,0.17,0.03,0.03,0.07,0.25,1831,42.1,1833876,0.00381290774294445,,,"Surface","Dairy and Grain","Corn-Soybean","Cultivated Crops","Cultivated Crops","No",,"Santiago silt loam","B","Well drained",4.4,12,2011,"Spring",0.7,1.4,0.7,0.7,0,,0.7,0,0,0.7,0.7,0,"Previous crop",1.4,"Current fall + spring",0.7,"Partial"
"WF1","Non-Frozen","Storm","2011-9",2011-04-26 15:10:00,2011-04-26 20:45:00,1271,0.1176,1.23,12.75,0.09647,0.24,0.24,0.18,0.18,0,0,0.3,0.3,1832,42.1,1833876,0.00831681095123116,,,"Surface","Dairy and Grain","Corn-Soybean","Cultivated Crops","Cultivated Crops","No",,"Santiago silt loam","B","Well drained",4.4,12,2011,"Spring",0.7,1.4,0.7,0.7,0,,0.7,0,0,0.7,0.7,0,"Previous crop",1.4,"Current fall + spring",0.7,"Partial"
"WF1","Non-Frozen","Storm","2011-10",2011-06-18 13:35:00,2011-06-18 14:45:00,253.1,0.2025,1.05,3,0.35,3,2.52,1.26,0.8,0.02,0.02,1.11,1.46,1833,42.1,1833876,0.00165616432081558,,,"Surface","Dairy and Grain","Corn-Soybean","Cultivated Crops","Cultivated Crops","No",,"Santiago silt loam","B","Well drained",4.4,12,2011,"Summer",0.7,1.4,0.7,0.7,0,,0.7,0,0,0.7,0.7,0,"Current crop",0.7,"Current spring + summer",,
"WF1","Non-Frozen","Storm","2011-11",2011-07-10 12:00:00,2011-07-10 12:30:00,31.6,0.03084,0.8,0.6667,1.2,2.52,2.46,1.4,0.8,0,0,0.03,0.15,1834,42.1,1833876,0.00020677515818954,,,"Surface","Dairy and Grain","Corn-Soybean","Cultivated Crops","Cultivated Crops","No",,"Santiago silt loam","B","Well drained",4.4,12,2011,"Summer",0.7,1.4,0.7,0.7,0,,0.7,0,0,0.7,0.7,0,"Current crop",0.7,"Current spring + summer",,
"WF1","Non-Frozen","Storm","2011-12",2011-07-11 04:35:00,2011-07-11 08:15:00,3959,1.089,1.08,2,0.54,4.44,3.72,1.8,1,0.8,0.8,0.83,0.95,1835,42.1,1833876,0.0259057864326705,,,"Surface","Dairy and Grain","Corn-Soybean","Cultivated Crops","Cultivated Crops","No",,"Santiago silt loam","B","Well drained",4.4,12,2011,"Summer",0.7,1.4,0.7,0.7,0,,0.7,0,0,0.7,0.7,0,"Current crop",0.7,"Current spring + summer",,
"WF1","Non-Frozen","Storm","2011-13",2011-07-16 11:30:00,2011-07-16 16:45:00,33640,12.66,1.66,1.833,0.9055,2.76,2.1,1.52,1.27,0.74,0.78,2.66,2.69,1836,42.1,1833876,0.22012393422456,,,"Surface","Dairy and Grain","Corn-Soybean","Cultivated Crops","Cultivated Crops","No",,"Santiago silt loam","B","Well drained",4.4,12,2011,"Summer",0.7,1.4,0.7,0.7,0,,0.7,0,0,0.7,0.7,0,"Current crop",0.7,"Current spring + summer",,
"WF1","Non-Frozen","Storm","2011-14",2011-08-17 00:30:00,2011-08-17 05:30:00,8034,1.646,1.71,2.75,0.6218,2.64,2.58,1.56,1.27,0,0,0.7,1.49,1837,42.1,1833876,0.0525706209143912,,,"Surface","Dairy and Grain","Corn-Soybean","Cultivated Crops","Cultivated Crops","No",,"Santiago silt loam","B","Well drained",4.4,12,2011,"Summer",0.7,1.4,0.7,0.7,0,,0.7,0,0,0.7,0.7,0,"Current crop",0.7,"Current spring + summer",,
"WF1","Non-Frozen","Storm","2011-15",2011-09-03 11:05:00,2011-09-03 11:25:00,11,0.01469,0.42,0.25,1.68,2.4,1.92,0.84,0.42,0.02,0.02,0.32,0.44,1838,42.1,1833876,7.19786943064853e-05,,,"Surface","Dairy and Grain","Corn-Soybean","Cultivated Crops","Cultivated Crops","No",,"Santiago silt loam","B","Well drained",4.4,12,2011,"Summer",0.7,1.4,0.7,0.7,0,,0.7,0,0,0.7,0.7,0,"Current crop",0.7,"Current spring + summer",,
"WF1","Non-Frozen","Storm","2011-16",2011-09-18 10:45:00,2011-09-18 12:45:00,76.8,0.02141,0.29,1.667,0.174,0.48,0.36,0.24,0.21,0,0,0,0,1839,42.1,1833876,0.000502542156612552,,,"Surface","Dairy and Grain","Corn-Soybean","Cultivated Crops","Cultivated Crops","No",,"Santiago silt loam","B","Well drained",4.4,12,2011,"Summer",0.7,1.4,0.7,0.7,0,,0.7,0,0,0.7,0.7,0,"Current crop",0.7,"Current spring + summer",,
"WF1","Non-Frozen","Storm","2011-17",2011-09-18 16:45:00,2011-09-18 18:10:00,29.8,0.01543,0.1,1.167,0.08571,0.24,0.18,0.12,0.08,0.31,0.31,0.31,0.31,1840,42.1,1833876,0.000194996826393933,,,"Surface","Dairy and Grain","Corn-Soybean","Cultivated Crops","Cultivated Crops","No",,"Santiago silt loam","B","Well drained",4.4,12,2011,"Summer",0.7,1.4,0.7,0.7,0,,0.7,0,0,0.7,0.7,0,"Current crop",0.7,"Current spring + summer",,
"WF1","Non-Frozen","Storm","2012-7",2012-05-24 20:20:00,2012-05-25 01:45:00,15070,6.73,0.96,2.25,0.4267,3.48,2.1,1.22,0.67,0.78,0.78,0.96,0.98,1847,42.1,1833876,0.0986108111998848,2012-05-24 19:59:00,0.35,"Surface","Dairy and Grain","Corn-Soybean","Cultivated Crops","Cultivated Crops","No",,"Santiago silt loam","B","Well drained",4.4,12,2012,"Spring",0.7,1.4,0.7,0.7,0,0,0.7,0,0,0.7,0.7,0,"Previous crop",1.4,"Current fall + spring",0.7,"Partial"
"WF1","Non-Frozen","Storm","2012-8",2012-06-19 10:00:00,2012-06-19 13:45:00,10760,6.29,1.02,3.5,0.2914,2.64,2.22,1.2,0.62,0,0.4,1.58,1.67,1848,42.1,1833876,0.070408250067071,2012-06-19 08:29:00,1.51666666666667,"Surface","Dairy and Grain","Corn-Soybean","Cultivated Crops","Cultivated Crops","No",,"Santiago silt loam","B","Well drained",4.4,12,2012,"Summer",0.7,1.4,0.7,0.7,0,0,0.7,0,0,0.7,0.7,0,"Current crop",0.7,"Current spring + summer",,
"WF1","Non-Frozen","Storm","2012-9",2012-06-20 20:50:00,2012-06-21 01:15:00,28110,10.24,1.24,4.25,0.2918,2.04,1.74,1.24,1.04,0.01,1.03,2.61,2.7,1849,42.1,1833876,0.183938281541391,2012-06-20 20:09:00,0.683333333333333,"Surface","Dairy and Grain","Corn-Soybean","Cultivated Crops","Cultivated Crops","No",,"Santiago silt loam","B","Well drained",4.4,12,2012,"Summer",0.7,1.4,0.7,0.7,0,0,0.7,0,0,0.7,0.7,0,"Current crop",0.7,"Current spring + summer",,
"WF1","Non-Frozen","Storm","2012-10",2012-07-18 23:15:00,2012-07-19 01:45:00,743,0.3248,0.38,0.25,1.52,1.68,1.68,0.76,0.38,0.86,0.86,1.69,2.42,1850,42.1,1833876,0.00486183362451987,,,"Surface","Dairy and Grain","Corn-Soybean","Cultivated Crops","Cultivated Crops","No",,"Santiago silt loam","B","Well drained",4.4,12,2012,"Summer",0.7,1.4,0.7,0.7,0,0,0.7,0,0,0.7,0.7,0,"Current crop",0.7,"Current spring + summer",,
"WF1","Non-Frozen","Storm","2012-11",2012-07-21 13:15:00,2012-07-21 16:15:00,2246,0.6815,1.19,4.75,0.2505,1.56,1.14,0.76,0.56,0,0,1.24,2.08,1851,42.1,1833876,0.0146967406738515,2012-07-21 09:39:00,3.6,"Surface","Dairy and Grain","Corn-Soybean","Cultivated Crops","Cultivated Crops","No",,"Santiago silt loam","B","Well drained",4.4,12,2012,"Summer",0.7,1.4,0.7,0.7,0,0,0.7,0,0,0.7,0.7,0,"Current crop",0.7,"Current spring + summer",,
"WF1","Non-Frozen","Storm","2012-12",2012-08-09 20:15:00,2012-08-09 22:30:00,2203,0.9619,0.5,0.1667,3,3.72,2.82,1,0.5,0.33,0.33,1.2,1.79,1852,42.1,1833876,0.0144153694142897,,,"Surface","Dairy and Grain","Corn-Soybean","Cultivated Crops","Cultivated Crops","No",,"Santiago silt loam","B","Well drained",4.4,12,2012,"Summer",0.7,1.4,0.7,0.7,0,0,0.7,0,0,0.7,0.7,0,"Current crop",0.7,"Current spring + summer",,
"WF1","Non-Frozen","Storm","2012-13",2012-08-24 04:30:00,2012-08-24 07:00:00,2696,1.422,0.95,2.067,0.4597,2.64,1.86,1.1,0.59,0,0,0.34,0.34,1853,42.1,1833876,0.0176413236227531,2012-08-24 02:40:00,1.83333333333333,"Surface","Dairy and Grain","Corn-Soybean","Cultivated Crops","Cultivated Crops","No",,"Santiago silt loam","B","Well drained",4.4,12,2012,"Summer",0.7,1.4,0.7,0.7,0,0,0.7,0,0,0.7,0.7,0,"Current crop",0.7,"Current spring + summer",,
"WF1","Non-Frozen","Storm","2013-7",2013-04-27 19:45:00,2013-04-28 12:00:00,2507,0.1045,0,,,,,,,0,0.01,0.49,1.6,1860,42.1,1833876,0.0164045987842144,,,"Surface","Dairy and Grain","Corn-Soybean","Cultivated Crops","Cultivated Crops","No",,"Santiago silt loam","B","Well drained",4.4,12,2013,"Spring",0.7,1.4,0.7,0.7,0,0,0.7,0,0,0.7,0.7,0,"Previous crop",1.4,"Current fall + spring",0.7,"Partial"
"WF1","Non-Frozen","Storm","2013-8",2013-05-02 23:37:00,2013-05-03 01:45:00,98.2,0.02188,0,,,,,,,0,0.45,0.65,1.13,1861,42.1,1833876,0.000642573434626987,,,"Surface","Dairy and Grain","Corn-Soybean","Cultivated Crops","Cultivated Crops","No",,"Santiago silt loam","B","Well drained",4.4,12,2013,"Spring",0.7,1.4,0.7,0.7,0,0,0.7,0,0,0.7,0.7,0,"Previous crop",1.4,"Current fall + spring",0.7,"Partial"
"WF1","Non-Frozen","Storm","2013-9",2013-05-03 12:45:00,2013-05-05 21:00:00,17500,0.7387,0,,,,,,,0,0.04,0.64,1.13,1862,42.1,1833876,0.114511559123954,,,"Surface","Dairy and Grain","Corn-Soybean","Cultivated Crops","Cultivated Crops","No",,"Santiago silt loam","B","Well drained",4.4,12,2013,"Spring",0.7,1.4,0.7,0.7,0,0,0.7,0,0,0.7,0.7,0,"Previous crop",1.4,"Current fall + spring",0.7,"Partial"
"WF1","Non-Frozen","Storm","2013-10",2013-06-15 21:19:00,2013-06-16 01:45:00,36290,29.67,1.38,1.6,0.8625,5.88,4.14,2.1,1.34,0.16,0.16,1.28,1.52,1863,42.1,1833876,0.237464256034759,2013-06-15 20:42:00,0.616666666666667,"Surface","Dairy and Grain","Corn-Soybean","Cultivated Crops","Cultivated Crops","No",,"Santiago silt loam","B","Well drained",4.4,12,2013,"Summer",0.7,1.4,0.7,0.7,0,0,0.7,0,0,0.7,0.7,0,"Current crop",0.7,"Current spring + summer",,
"WF1","Non-Frozen","Storm","2013-11",2013-06-21 09:15:00,2013-06-21 14:00:00,35850,23.36,1.46,4.233,0.3449,6.84,4.26,1.56,1.22,0.06,0.06,1.66,2.78,1864,42.1,1833876,0.2345851082625,2013-06-21 08:31:00,0.733333333333333,"Surface","Dairy and Grain","Corn-Soybean","Cultivated Crops","Cultivated Crops","No",,"Santiago silt loam","B","Well drained",4.4,12,2013,"Summer",0.7,1.4,0.7,0.7,0,0,0.7,0,0,0.7,0.7,0,"Current crop",0.7,"Current spring + summer",,
"WF1","Non-Frozen","Storm","2013-12",2013-06-22 02:10:00,2013-06-22 07:00:00,6274,3.048,0.4,0.65,0.6154,1.32,0.96,0.76,0.4,1.52,1.52,3.12,4.24,1865,42.1,1833876,0.0410540298253535,2013-06-22 01:46:00,0.4,"Surface","Dairy and Grain","Corn-Soybean","Cultivated Crops","Cultivated Crops","No",,"Santiago silt loam","B","Well drained",4.4,12,2013,"Summer",0.7,1.4,0.7,0.7,0,0,0.7,0,0,0.7,0.7,0,"Current crop",0.7,"Current spring + summer",,
"WF1","Non-Frozen","Storm","2013-13",2013-06-22 09:48:00,2013-06-22 17:00:00,1825,0.3864,0.3,3.45,0.08696,0.36,0.3,0.22,0.15,1.86,1.92,3.37,4.64,1866,42.1,1833876,0.0119419197372123,2013-06-22 08:08:00,1.66666666666667,"Surface","Dairy and Grain","Corn-Soybean","Cultivated Crops","Cultivated Crops","No",,"Santiago silt loam","B","Well drained",4.4,12,2013,"Summer",0.7,1.4,0.7,0.7,0,0,0.7,0,0,0.7,0.7,0,"Current crop",0.7,"Current spring + summer",,
"WF1","Non-Frozen","Storm","2014-4",2014-04-17 04:30:00,2014-04-17 14:45:00,1219,0.07963,0.72,8.283,0.08692,0.24,0.18,0.16,0.15,0.01,0.01,0.19,0.19,1870,42.1,1833876,0.00797654803269141,2014-04-16 22:16:00,6.23333333333333,"Surface","Dairy and Grain","Corn-Soybean","Cultivated Crops","Cultivated Crops","No",,"Santiago silt loam","B","Well drained",4.4,12,2014,"Spring",0.7,0.7,0,0.7,0,0,0.7,0,0,0.7,0.7,0,"Previous crop",0.7,"Current fall + spring",0.7,"Partial"
"WF1","Non-Frozen","Storm","2014-5",2014-04-24 19:00:00,2014-04-24 23:45:00,118,0.01432,0.64,11.85,0.05401,0.24,0.18,0.16,0.12,0.1,0.1,0.51,1.42,1871,42.1,1833876,0.00077213508437866,2014-04-24 08:44:00,10.2666666666667,"Surface","Dairy and Grain","Corn-Soybean","Cultivated Crops","Cultivated Crops","No",,"Santiago silt loam","B","Well drained",4.4,12,2014,"Spring",0.7,0.7,0,0.7,0,0,0.7,0,0,0.7,0.7,0,"Previous crop",0.7,"Current fall + spring",0.7,"Partial"
"WF1","Non-Frozen","Storm","2014-6",2014-04-27 17:45:00,2014-04-28 03:45:00,1770,0.1834,0.52,9.817,0.05297,0.48,0.42,0.32,0.2,0.48,0.48,1.23,2.42,1872,42.1,1833876,0.0115820262656799,2014-04-27 14:29:00,3.26666666666667,"Surface","Dairy and Grain","Corn-Soybean","Cultivated Crops","Cultivated Crops","No",,"Santiago silt loam","B","Well drained",4.4,12,2014,"Spring",0.7,0.7,0,0.7,0,0,0.7,0,0,0.7,0.7,0,"Previous crop",0.7,"Current fall + spring",0.7,"Partial"
"WF1","Non-Frozen","Storm","2014-7",2014-04-28 15:52:00,2014-04-29 05:45:00,4368,0.39,0.68,10.77,0.06316,0.36,0.3,0.28,0.25,0.53,1,1.75,2.89,1873,42.1,1833876,0.0285820851573389,2014-04-28 11:41:00,4.18333333333333,"Surface","Dairy and Grain","Corn-Soybean","Cultivated Crops","Cultivated Crops","No",,"Santiago silt loam","B","Well drained",4.4,12,2014,"Spring",0.7,0.7,0,0.7,0,0,0.7,0,0,0.7,0.7,0,"Previous crop",0.7,"Current fall + spring",0.7,"Partial"
"WF1","Non-Frozen","Storm","2014-8",2014-04-29 10:21:00,2014-04-30 10:15:00,3583,0.09378,0.54,25.22,0.02141,0.24,0.18,0.12,0.08,0.68,1.62,2.43,3.57,1874,42.1,1833876,0.0234454237909215,2014-04-29 07:03:00,3.3,"Surface","Dairy and Grain","Corn-Soybean","Cultivated Crops","Cultivated Crops","No",,"Santiago silt loam","B","Well drained",4.4,12,2014,"Spring",0.7,0.7,0,0.7,0,0,0.7,0,0,0.7,0.7,0,"Previous crop",0.7,"Current fall + spring",0.7,"Partial"
"WF1","Non-Frozen","Storm","2014-9",2014-04-30 14:04:00,2014-04-30 20:00:00,307.4,0.02827,0.12,0.6667,0.18,0.24,0.24,0.2,0.12,0.24,1.1,2.97,4.11,1875,42.1,1833876,0.00201147732998305,2014-04-30 13:29:00,0.583333333333333,"Surface","Dairy and Grain","Corn-Soybean","Cultivated Crops","Cultivated Crops","No",,"Santiago silt loam","B","Well drained",4.4,12,2014,"Spring",0.7,0.7,0,0.7,0,0,0.7,0,0,0.7,0.7,0,"Previous crop",0.7,"Current fall + spring",0.7,"Partial"
"WF1","Non-Frozen","Storm","2014-10",2014-05-01 07:30:00,2014-05-01 20:30:00,1510,0.0711,0.37,15.22,0.02432,0.12,0.12,0.06,0.06,0.18,0.66,3.05,4.12,1876,42.1,1833876,0.00988071167298116,2014-04-30 23:19:00,8.18333333333333,"Surface","Dairy and Grain","Corn-Soybean","Cultivated Crops","Cultivated Crops","No",,"Santiago silt loam","B","Well drained",4.4,12,2014,"Spring",0.7,0.7,0,0.7,0,0,0.7,0,0,0.7,0.7,0,"Previous crop",0.7,"Current fall + spring",0.7,"Partial"
"WF1","Non-Frozen","Storm","2014-11",2014-05-09 00:19:00,2014-05-09 09:30:00,4569,0.8376,1.07,3.933,0.272,2.16,1.86,0.82,0.57,0.45,0.45,0.47,3.19,1877,42.1,1833876,0.0298973322078483,2014-05-08 20:58:00,3.35,"Surface","Dairy and Grain","Corn-Soybean","Cultivated Crops","Cultivated Crops","No",,"Santiago silt loam","B","Well drained",4.4,12,2014,"Spring",0.7,0.7,0,0.7,0,0,0.7,0,0,0.7,0.7,0,"Previous crop",0.7,"Current fall + spring",0.7,"Partial"
"WF1","Non-Frozen","Storm","2014-12",2014-05-12 06:52:00,2014-05-12 18:30:00,20980,4.384,1.53,5.433,0.2816,3,2.34,1.3,0.75,0,0.09,1.61,3.34,1878,42.1,1833876,0.13728300059546,2014-05-12 03:21:00,3.51666666666667,"Surface","Dairy and Grain","Corn-Soybean","Cultivated Crops","Cultivated Crops","No",,"Santiago silt loam","B","Well drained",4.4,12,2014,"Spring",0.7,0.7,0,0.7,0,0,0.7,0,0,0.7,0.7,0,"Previous crop",0.7,"Current fall + spring",0.7,"Partial"
"WF1","Non-Frozen","Storm","2014-13",2014-05-13 05:30:00,2014-05-13 10:45:00,391.4,0.05682,0.2,9.217,0.0217,0.6,0.48,0.22,0.13,1.55,1.64,3.16,4.21,1879,42.1,1833876,0.00256113281377803,,,"Surface","Dairy and Grain","Corn-Soybean","Cultivated Crops","Cultivated Crops","No",,"Santiago silt loam","B","Well drained",4.4,12,2014,"Spring",0.7,0.7,0,0.7,0,0,0.7,0,0,0.7,0.7,0,"Previous crop",0.7,"Current fall + spring",0.7,"Partial"
"WF1","Non-Frozen","Storm","2014-14",2014-05-19 19:45:00,2014-05-20 09:00:00,23550,2.175,2.11,7.417,0.2845,1.32,0.96,0.68,0.66,0,0,0.22,3.36,1880,42.1,1833876,0.154099840992521,2014-05-19 16:33:00,3.2,"Surface","Dairy and Grain","Corn-Soybean","Cultivated Crops","Cultivated Crops","No",,"Santiago silt loam","B","Well drained",4.4,12,2014,"Spring",0.7,0.7,0,0.7,0,0,0.7,0,0,0.7,0.7,0,"Previous crop",0.7,"Current fall + spring",0.7,"Partial"
"WF1","Non-Frozen","Storm","2014-15",2014-06-01 12:17:00,2014-06-01 19:00:00,182000,95,2.8,14.3,0.1958,3,2.76,2.24,1.94,0.57,0.57,1.19,3.3,1881,42.1,1833876,1.19092021488912,2014-06-01 03:33:00,8.73333333333333,"Surface","Dairy and Grain","Corn-Soybean","Cultivated Crops","Cultivated Crops","No",,"Santiago silt loam","B","Well drained",4.4,12,2014,"Summer",0.7,0.7,0,0.7,0,0,0.7,0,0,0.7,0.7,0,"Current crop",0.7,"Current spring + summer",,
"WF1","Non-Frozen","Storm","2014-16",2014-06-02 15:15:00,2014-06-02 17:15:00,98.6,0.03668,0.18,2.717,0.06626,0.72,0.48,0.3,0.17,2.09,3.4,4.02,6.13,1882,42.1,1833876,0.000645190841692677,,,"Surface","Dairy and Grain","Corn-Soybean","Cultivated Crops","Cultivated Crops","No",,"Santiago silt loam","B","Well drained",4.4,12,2014,"Summer",0.7,0.7,0,0.7,0,0,0.7,0,0,0.7,0.7,0,"Current crop",0.7,"Current spring + summer",,
"WF1","Non-Frozen","Storm","2014-17",2014-06-06 03:48:00,2014-06-06 03:54:00,2,0.01247,0.17,1.4,0.1214,0.84,0.48,0.18,0.09,0.06,0.06,3.64,4.26,1883,42.1,1833876,1.30870353284519e-05,2014-06-06 02:27:00,1.35,"Surface","Dairy and Grain","Corn-Soybean","Cultivated Crops","Cultivated Crops","No",,"Santiago silt loam","B","Well drained",4.4,12,2014,"Summer",0.7,0.7,0,0.7,0,0,0.7,0,0,0.7,0.7,0,"Current crop",0.7,"Current spring + summer",,
"WF1","Non-Frozen","Storm","2014-18",2014-06-07 15:18:00,2014-06-07 22:00:00,2138,0.2116,1.1,8.067,0.1364,0.6,0.54,0.44,0.36,0,0.27,3.85,4.47,1884,42.1,1833876,0.013990040766115,2014-06-07 11:47:00,3.51666666666667,"Surface","Dairy and Grain","Corn-Soybean","Cultivated Crops","Cultivated Crops","No",,"Santiago silt loam","B","Well drained",4.4,12,2014,"Summer",0.7,0.7,0,0.7,0,0,0.7,0,0,0.7,0.7,0,"Current crop",0.7,"Current spring + summer",,
"WF1","Non-Frozen","Storm","2014-19",2014-06-15 03:21:00,2014-06-15 20:30:00,69200,13,2.51,14.12,0.1778,2.52,2.28,1.44,1.03,0.15,0.15,0.21,4.59,1885,42.1,1833876,0.452811422364435,2014-06-15 02:12:00,1.15,"Surface","Dairy and Grain","Corn-Soybean","Cultivated Crops","Cultivated Crops","No",,"Santiago silt loam","B","Well drained",4.4,12,2014,"Summer",0.7,0.7,0,0.7,0,0,0.7,0,0,0.7,0.7,0,"Current crop",0.7,"Current spring + summer",,
"WF1","Non-Frozen","Storm","2014-20",2014-06-17 02:09:00,2014-06-17 07:15:00,2518,0.4313,0.58,4.167,0.1392,0.72,0.42,0.2,0.18,0,2.51,2.71,4.09,1886,42.1,1833876,0.0164765774785209,2014-06-16 22:36:00,3.55,"Surface","Dairy and Grain","Corn-Soybean","Cultivated Crops","Cultivated Crops","No",,"Santiago silt loam","B","Well drained",4.4,12,2014,"Summer",0.7,0.7,0,0.7,0,0,0.7,0,0,0.7,0.7,0,"Current crop",0.7,"Current spring + summer",,
"WF1","Non-Frozen","Storm","2014-21",2014-06-19 10:45:00,2014-06-20 02:30:00,123100,34.69,2.22,14.48,0.1533,3.72,3.24,1.92,1.19,0.14,0.41,3.65,5.08,1887,42.1,1833876,0.805507024466213,2014-06-19 10:22:00,0.383333333333333,"Surface","Dairy and Grain","Corn-Soybean","Cultivated Crops","Cultivated Crops","No",,"Santiago silt loam","B","Well drained",4.4,12,2014,"Summer",0.7,0.7,0,0.7,0,0,0.7,0,0,0.7,0.7,0,"Current crop",0.7,"Current spring + summer",,
"WF1","Non-Frozen","Storm","2014-22",2014-06-28 23:32:00,2014-06-29 13:00:00,109900,46.44,1.9,10.37,0.1833,3.84,2.52,1.64,1.41,0,0.25,1.1,6.82,1888,42.1,1833876,0.71913259129843,2014-06-28 21:33:00,1.98333333333333,"Surface","Dairy and Grain","Corn-Soybean","Cultivated Crops","Cultivated Crops","No",,"Santiago silt loam","B","Well drained",4.4,12,2014,"Summer",0.7,0.7,0,0.7,0,0,0.7,0,0,0.7,0.7,0,"Current crop",0.7,"Current spring + summer",,
"WF1","Non-Frozen","Storm","2014-23",2014-08-29 20:00:00,2014-08-29 21:45:00,272.2,0.1667,0.54,1.633,0.3306,2.28,1.8,0.86,0.47,0.35,0.35,0.76,2.88,1889,42.1,1833876,0.0017811455082023,2014-08-29 18:21:00,1.65,"Surface","Dairy and Grain","Corn-Soybean","Cultivated Crops","Cultivated Crops","No",,"Santiago silt loam","B","Well drained",4.4,12,2014,"Summer",0.7,0.7,0,0.7,0,0,0.7,0,0,0.7,0.7,0,"Current crop",0.7,"Current spring + summer",,
"WF1","Non-Frozen","Storm","2014-24",2014-08-29 23:52:00,2014-08-30 13:30:00,16800,1.89,1.23,12,0.1025,1.44,1.26,0.8,0.43,0.87,0.89,1.3,3.42,1890,42.1,1833876,0.109931096758996,2014-08-29 23:23:00,0.483333333333333,"Surface","Dairy and Grain","Corn-Soybean","Cultivated Crops","Cultivated Crops","No",,"Santiago silt loam","B","Well drained",4.4,12,2014,"Summer",0.7,0.7,0,0.7,0,0,0.7,0,0,0.7,0.7,0,"Current crop",0.7,"Current spring + summer",,
"WF1","Non-Frozen","Storm","2014-25",2014-09-01 07:00:00,2014-09-01 13:45:00,5606,0.9898,1.03,7.433,0.1386,1.2,0.84,0.44,0.23,0,0.6,2.48,4.08,1891,42.1,1833876,0.0366829600256506,2014-09-01 02:59:00,4.01666666666667,"Surface","Dairy and Grain","Corn-Soybean","Cultivated Crops","Cultivated Crops","No",,"Santiago silt loam","B","Well drained",4.4,12,2014,"Summer",0.7,0.7,0,0.7,0,0,0.7,0,0,0.7,0.7,0,"Current crop",0.7,"Current spring + summer",,
"WF1","Non-Frozen","Storm","2014-26",2014-09-04 01:55:00,2014-09-04 06:00:00,68670,43.79,1.28,3.583,0.3572,4.44,4.08,2.06,1.14,0.23,0.23,3.38,4.37,1892,42.1,1833876,0.449343358002395,2014-09-03 23:52:00,2.05,"Surface","Dairy and Grain","Corn-Soybean","Cultivated Crops","Cultivated Crops","No",,"Santiago silt loam","B","Well drained",4.4,12,2014,"Summer",0.7,0.7,0,0.7,0,0,0.7,0,0,0.7,0.7,0,"Current crop",0.7,"Current spring + summer",,
"WF1","Non-Frozen","Storm","2014-27",2014-09-10 04:20:00,2014-09-10 06:39:00,4689,2.505,0.79,2.067,0.3823,5.04,4.44,3,1.52,0,0.01,1.55,4.74,1893,42.1,1833876,0.0306825543275554,2014-09-10 03:47:00,0.55,"Surface","Dairy and Grain","Corn-Soybean","Cultivated Crops","Cultivated Crops","No",,"Santiago silt loam","B","Well drained",4.4,12,2014,"Summer",0.7,0.7,0,0.7,0,0,0.7,0,0,0.7,0.7,0,"Current crop",0.7,"Current spring + summer",,
"WF1","Non-Frozen","Storm","2014-28",2014-09-10 12:04:00,2014-09-10 18:15:00,5111,0.6446,1.45,11.35,0.1278,5.04,4.44,3,1.52,0,0.01,1.55,4.74,1894,42.1,1833876,0.0334439187818587,2014-09-10 03:47:00,8.28333333333333,"Surface","Dairy and Grain","Corn-Soybean","Cultivated Crops","Cultivated Crops","No",,"Santiago silt loam","B","Well drained",4.4,12,2014,"Summer",0.7,0.7,0,0.7,0,0,0.7,0,0,0.7,0.7,0,"Current crop",0.7,"Current spring + summer",,
"WF1","Non-Frozen","Storm","2015-2",2015-04-10 00:15:00,2015-04-10 02:45:00,487.8,0.1737,0.35,4.817,0.07266,0.24,0.18,0.14,0.1,0.67,0.69,0.85,1.28,1896,42.1,1833876,0.00319192791660941,2015-04-09 21:38:00,2.61666666666667,"Surface","Dairy and Grain","Corn-Soybean","Cultivated Crops","Cultivated Crops","No",,"Santiago silt loam","B","Well drained",4.4,12,2015,"Spring",0.7,0.7,0,0.7,0,0,0.7,0,0,0,0,0,"Previous crop",0.7,"Current fall + spring",0,"No"
"WF1","Non-Frozen","Storm","2015-3",2015-05-08,2015-05-08 02:15:00,2650,1.526,0.56,0.5667,0.9882,2.64,2.58,1.04,0.56,0.12,0.17,0.63,0.63,1897,42.1,1833876,0.0173403218101987,,,"Surface","Dairy and Grain","Corn-Soybean","Cultivated Crops","Cultivated Crops","No",,"Santiago silt loam","B","Well drained",4.4,12,2015,"Spring",0.7,0.7,0,0.7,0,0,0.7,0,0,0,0,0,"Previous crop",0.7,"Current fall + spring",0,"No"
"WF1","Non-Frozen","Storm","2015-4",2015-05-17 15:15:00,2015-05-17 18:00:00,6118,3.288,0.4,0.4833,0.8276,2.16,1.26,0.8,0.4,0.04,0.04,0.87,2.08,1898,42.1,1833876,0.0400332410697343,2015-05-17 14:45:00,0.5,"Surface","Dairy and Grain","Corn-Soybean","Cultivated Crops","Cultivated Crops","No",,"Santiago silt loam","B","Well drained",4.4,12,2015,"Spring",0.7,0.7,0,0.7,0,0,0.7,0,0,0,0,0,"Previous crop",0.7,"Current fall + spring",0,"No"
"WF1","Non-Frozen","Storm","2015-5",2015-05-17 22:57:00,2015-05-18 03:00:00,34000,26.79,0.59,3.967,0.1487,3.48,2.1,1.16,0.58,0.44,0.44,1.27,2.48,1899,42.1,1833876,0.222479600583682,2015-05-17 22:46:00,0.183333333333333,"Surface","Dairy and Grain","Corn-Soybean","Cultivated Crops","Cultivated Crops","No",,"Santiago silt loam","B","Well drained",4.4,12,2015,"Spring",0.7,0.7,0,0.7,0,0,0.7,0,0,0,0,0,"Previous crop",0.7,"Current fall + spring",0,"No"
"WF1","Non-Frozen","Storm","2015-6",2015-06-07 06:52:00,2015-06-07 10:15:00,3856,2.1,0.76,3.783,0.2009,1.92,1.14,0.68,0.57,0,0,0.46,1.76,1900,42.1,1833876,0.0252318041132552,2015-06-07 04:08:00,2.73333333333333,"Surface","Dairy and Grain","Corn-Soybean","Cultivated Crops","Cultivated Crops","No",,"Santiago silt loam","B","Well drained",4.4,12,2015,"Summer",0.7,0.7,0,0.7,0,0,0.7,0,0,0,0,0,"Current crop",0.7,"Current spring + summer",,
"WF1","Non-Frozen","Storm","2015-7",2015-06-17 21:45:00,2015-06-18 00:15:00,29380,15.04,0.69,1.067,0.6469,2.16,1.8,0.82,0.67,0.02,0.02,1.1,1.89,1901,42.1,1833876,0.192248548974958,2015-06-17 20:41:00,1.06666666666667,"Surface","Dairy and Grain","Corn-Soybean","Cultivated Crops","Cultivated Crops","No",,"Santiago silt loam","B","Well drained",4.4,12,2015,"Summer",0.7,0.7,0,0.7,0,0,0.7,0,0,0,0,0,"Current crop",0.7,"Current spring + summer",,
"WF1","Non-Frozen","Storm","2015-8",2015-07-06 10:35:00,2015-07-06 21:15:00,76050,43.89,3,14.17,0.2118,3.48,3.18,1.78,0.99,0,0,0.2,1.02,1902,42.1,1833876,0.497634518364382,2015-07-06 05:31:00,5.06666666666667,"Surface","Dairy and Grain","Corn-Soybean","Cultivated Crops","Cultivated Crops","No",,"Santiago silt loam","B","Well drained",4.4,12,2015,"Summer",0.7,0.7,0,0.7,0,0,0.7,0,0,0,0,0,"Current crop",0.7,"Current spring + summer",,
"WF1","Non-Frozen","Storm","2015-9",2015-07-13 03:55:00,2015-07-13 08:28:00,13520,3.084,1.49,2.7,0.5519,2.76,2.28,1.84,1.15,0,0,3,3.2,1903,42.1,1833876,0.0884683588203346,2015-07-13 03:53:00,0.0333333333333333,"Surface","Dairy and Grain","Corn-Soybean","Cultivated Crops","Cultivated Crops","No",,"Santiago silt loam","B","Well drained",4.4,12,2015,"Summer",0.7,0.7,0,0.7,0,0,0.7,0,0,0,0,0,"Current crop",0.7,"Current spring + summer",,
"WF1","Non-Frozen","Storm","2015-10",2015-07-13 22:11:00,2015-07-14 02:30:00,26460,13.74,0.66,0.5167,1.277,3.12,2.64,1.3,0.66,1.51,1.51,1.51,4.71,1904,42.1,1833876,0.173141477395418,2015-07-13 22:09:00,0.0333333333333333,"Surface","Dairy and Grain","Corn-Soybean","Cultivated Crops","Cultivated Crops","No",,"Santiago silt loam","B","Well drained",4.4,12,2015,"Summer",0.7,0.7,0,0.7,0,0,0.7,0,0,0,0,0,"Current crop",0.7,"Current spring + summer",,
"WF1","Non-Frozen","Storm","2015-11",2015-07-18 06:43:00,2015-07-18 11:30:00,27630,13.78,1.14,2.55,0.4471,4.32,3.78,1.66,0.94,0.01,0.29,2.48,5.48,1905,42.1,1833876,0.180797393062563,2015-07-18 06:17:00,0.433333333333333,"Surface","Dairy and Grain","Corn-Soybean","Cultivated Crops","Cultivated Crops","No",,"Santiago silt loam","B","Well drained",4.4,12,2015,"Summer",0.7,0.7,0,0.7,0,0,0.7,0,0,0,0,0,"Current crop",0.7,"Current spring + summer",,
"WF1","Non-Frozen","Storm","2015-12",2015-08-07 10:30:00,2015-08-07 14:15:00,10450,3.264,0.79,3.833,0.2061,1.56,1.2,0.7,0.46,0.32,0.33,0.36,1.33,1906,42.1,1833876,0.068379759591161,2015-08-07 07:20:00,3.16666666666667,"Surface","Dairy and Grain","Corn-Soybean","Cultivated Crops","Cultivated Crops","No",,"Santiago silt loam","B","Well drained",4.4,12,2015,"Summer",0.7,0.7,0,0.7,0,0,0.7,0,0,0,0,0,"Current crop",0.7,"Current spring + summer",,
"WF1","Non-Frozen","Storm","2015-13",2015-08-18 20:46:00,2015-08-19 05:45:00,129300,33.58,2.9,9.95,0.2915,3.72,3.12,1.56,0.94,0.01,0.08,0.08,1.24,1907,42.1,1833876,0.846076833984413,2015-08-18 16:49:00,3.95,"Surface","Dairy and Grain","Corn-Soybean","Cultivated Crops","Cultivated Crops","No",,"Santiago silt loam","B","Well drained",4.4,12,2015,"Summer",0.7,0.7,0,0.7,0,0,0.7,0,0,0,0,0,"Current crop",0.7,"Current spring + summer",,
"WF1","Non-Frozen","Storm","2015-14",2015-08-19 12:30:00,2015-08-19 14:45:00,91.4,0.01506,0.18,4.05,0.04444,0.48,0.24,0.1,0.07,2.9,2.91,2.98,4.14,1908,42.1,1833876,0.000598077514510251,,,"Surface","Dairy and Grain","Corn-Soybean","Cultivated Crops","Cultivated Crops","No",,"Santiago silt loam","B","Well drained",4.4,12,2015,"Summer",0.7,0.7,0,0.7,0,0,0.7,0,0,0,0,0,"Current crop",0.7,"Current spring + summer",,
"WF1","Non-Frozen","Storm","2015-15",2015-08-23 01:00:00,2015-08-23 08:00:00,18490,5.105,1.15,5.95,0.1933,2.16,1.92,1.2,0.77,0,0,3.21,3.25,1909,42.1,1833876,0.120989641611538,2015-08-23 00:33:00,0.45,"Surface","Dairy and Grain","Corn-Soybean","Cultivated Crops","Cultivated Crops","No",,"Santiago silt loam","B","Well drained",4.4,12,2015,"Summer",0.7,0.7,0,0.7,0,0,0.7,0,0,0,0,0,"Current crop",0.7,"Current spring + summer",,
"WF1","Non-Frozen","Storm","2015-16",2015-09-02 17:15:00,2015-09-02 18:30:00,183.4,0.1422,0.74,6.8,0.1088,1.08,0.96,0.64,0.45,0,0,0,1.27,1910,42.1,1833876,0.00120008113961904,,,"Surface","Dairy and Grain","Corn-Soybean","Cultivated Crops","Cultivated Crops","No",,"Santiago silt loam","B","Well drained",4.4,12,2015,"Summer",0.7,0.7,0,0.7,0,0,0.7,0,0,0,0,0,"Current crop",0.7,"Current spring + summer",,
"WF1","Non-Frozen","Storm","2015-17",2015-09-08 12:15:00,2015-09-08 14:15:00,341,0.1255,0.47,2.967,0.1584,0.36,0.36,0.26,0.24,0,0.5,1.26,1.26,1911,42.1,1833876,0.00223133952350104,,,"Surface","Dairy and Grain","Corn-Soybean","Cultivated Crops","Cultivated Crops","No",,"Santiago silt loam","B","Well drained",4.4,12,2015,"Summer",0.7,0.7,0,0.7,0,0,0.7,0,0,0,0,0,"Current crop",0.7,"Current spring + summer",,
"WF1","Non-Frozen","Storm","2015-18",2015-09-17 13:30:00,2015-09-17 19:24:00,6440,1.037,0.79,8.05,0.09814,1.44,1.02,0.54,0.33,0.34,0.34,0.35,1.33,1912,42.1,1833876,0.042140253757615,2015-09-17 10:52:00,2.63333333333333,"Surface","Dairy and Grain","Corn-Soybean","Cultivated Crops","Cultivated Crops","No",,"Santiago silt loam","B","Well drained",4.4,12,2015,"Summer",0.7,0.7,0,0.7,0,0,0.7,0,0,0,0,0,"Current crop",0.7,"Current spring + summer",,
"WF1","Non-Frozen","Storm","2015-19",2015-09-24 00:30:00,2015-09-24 02:00:00,170.9,0.07884,0.51,4.75,0.1074,0.72,0.48,0.28,0.22,0,0.01,1.43,1.45,1913,42.1,1833876,0.00111828716881621,2015-09-23 20:58:00,3.53333333333333,"Surface","Dairy and Grain","Corn-Soybean","Cultivated Crops","Cultivated Crops","No",,"Santiago silt loam","B","Well drained",4.4,12,2015,"Summer",0.7,0.7,0,0.7,0,0,0.7,0,0,0,0,0,"Current crop",0.7,"Current spring + summer",,
"WF1","Non-Frozen","Storm","2016-1",2015-10-08 12:00:00,2015-10-08 13:00:00,94.9,0.06092,0.68,2.233,0.3045,0.72,0.6,0.44,0.37,0,0,0,0.19,1914,42.1,1833876,0.000620979826335041,,,"Surface","Dairy and Grain","Corn-Soybean","Cultivated Crops","Cultivated Crops","No",,"Santiago silt loam","B","Well drained",4.4,12,2016,"Fall",0.7,1.4,0.7,0.7,0,0,0.7,0,0,0.7,0.7,0,"Previous crop",0.7,"Previous summer + current fall",0.7,"Partial"
"WF1","Non-Frozen","Storm","2016-2",2015-10-24 09:33:00,2015-10-24 11:30:00,92.9,0.02282,0.58,7.467,0.07768,0.84,0.78,0.4,0.28,0.16,0.16,0.16,0.25,1915,42.1,1833876,0.000607892791006589,2015-10-24 02:58:00,6.58333333333333,"Surface","Dairy and Grain","Corn-Soybean","Cultivated Crops","Cultivated Crops","No",,"Santiago silt loam","B","Well drained",4.4,12,2016,"Fall",0.7,1.4,0.7,0.7,0,0,0.7,0,0,0.7,0.7,0,"Previous crop",0.7,"Previous summer + current fall",0.7,"Partial"
"WF1","Non-Frozen","Storm","2016-3",2015-10-28 23:15:00,2015-10-29 02:45:00,99.3,0.01082,0.18,8.533,0.02109,0.12,0.06,0.06,0.05,0.38,0.38,1.18,1.18,1916,42.1,1833876,0.000649771304057635,2015-10-28 17:44:00,5.51666666666667,"Surface","Dairy and Grain","Corn-Soybean","Cultivated Crops","Cultivated Crops","No",,"Santiago silt loam","B","Well drained",4.4,12,2016,"Fall",0.7,1.4,0.7,0.7,0,0,0.7,0,0,0.7,0.7,0,"Previous crop",0.7,"Previous summer + current fall",0.7,"Partial"
"WF1","Non-Frozen","Storm","2016-4",2015-10-29 09:47:00,2015-10-29 13:45:00,179,0.02047,0.11,4.85,0.02268,0.12,0.06,0.06,0.05,0.54,0.56,1.36,1.36,1917,42.1,1833876,0.00117128966189644,2015-10-29 04:55:00,4.86666666666667,"Surface","Dairy and Grain","Corn-Soybean","Cultivated Crops","Cultivated Crops","No",,"Santiago silt loam","B","Well drained",4.4,12,2016,"Fall",0.7,1.4,0.7,0.7,0,0,0.7,0,0,0.7,0.7,0,"Previous crop",0.7,"Previous summer + current fall",0.7,"Partial"
"WF1","Non-Frozen","Storm","2016-5",2015-10-31 13:52:00,2015-10-31 22:00:00,1600,0.1186,0.4,10.4,0.03846,0.12,0.12,0.08,0.07,0,0.08,1.28,1.47,1918,42.1,1833876,0.0104696282627615,2015-10-31 05:50:00,8.03333333333333,"Surface","Dairy and Grain","Corn-Soybean","Cultivated Crops","Cultivated Crops","No",,"Santiago silt loam","B","Well drained",4.4,12,2016,"Fall",0.7,1.4,0.7,0.7,0,0,0.7,0,0,0.7,0.7,0,"Previous crop",0.7,"Previous summer + current fall",0.7,"Partial"
"WF1","Non-Frozen","Storm","2016-6",2015-11-12 00:45:00,2015-11-12 14:15:00,4881,0.2635,2.32,15,0.1547,2.4,1.5,0.6,0.43,0,0,0.05,0.63,1919,42.1,1833876,0.0319389097190868,2015-11-11 22:12:00,2.55,"Surface","Dairy and Grain","Corn-Soybean","Cultivated Crops","Cultivated Crops","No",,"Santiago silt loam","B","Well drained",4.4,12,2016,"Fall",0.7,1.4,0.7,0.7,0,0,0.7,0,0,0.7,0.7,0,"Previous crop",0.7,"Previous summer + current fall",0.7,"Partial"
"WF1","Non-Frozen","Storm","2016-7",2015-11-16 18:08:00,2015-11-16 23:15:00,409.8,0.05548,0.53,8.017,0.06611,0.48,0.36,0.26,0.17,0,0,2.32,2.37,1920,42.1,1833876,0.00268153353879979,2015-11-16 14:30:00,3.63333333333333,"Surface","Dairy and Grain","Corn-Soybean","Cultivated Crops","Cultivated Crops","No",,"Santiago silt loam","B","Well drained",4.4,12,2016,"Fall",0.7,1.4,0.7,0.7,0,0,0.7,0,0,0.7,0.7,0,"Previous crop",0.7,"Previous summer + current fall",0.7,"Partial"
"WF1","Non-Frozen","Storm","2016-8",2015-11-17 18:30:00,2015-11-18 01:15:00,253.9,0.01247,0.26,6.983,0.03723,0.6,0.42,0.18,0.1,0.53,0.53,2.85,2.9,1921,42.1,1833876,0.00166139913494697,2015-11-17 13:51:00,4.65,"Surface","Dairy and Grain","Corn-Soybean","Cultivated Crops","Cultivated Crops","No",,"Santiago silt loam","B","Well drained",4.4,12,2016,"Fall",0.7,1.4,0.7,0.7,0,0,0.7,0,0,0.7,0.7,0,"Previous crop",0.7,"Previous summer + current fall",0.7,"Partial"
"WF1","Non-Frozen","Storm","2016-9",2015-11-18 14:45:00,2015-11-18 16:00:00,34.6,0.01018,0.12,4.133,0.02903,0.48,0.3,0.14,0.08,0.26,0.79,3.11,3.16,1922,42.1,1833876,0.000226405711182217,,,"Surface","Dairy and Grain","Corn-Soybean","Cultivated Crops","Cultivated Crops","No",,"Santiago silt loam","B","Well drained",4.4,12,2016,"Fall",0.7,1.4,0.7,0.7,0,0,0.7,0,0,0.7,0.7,0,"Previous crop",0.7,"Previous summer + current fall",0.7,"Partial"
"WF1","Non-Frozen","Storm","2016-10",2015-12-14 13:22:00,2015-12-15 06:45:00,6696,0.441,1.44,11.78,0.1222,0.36,0.36,0.32,0.3,0.22,0.24,0.47,0.67,1923,42.1,1833876,0.0438153942796569,2015-12-14 09:10:00,4.2,"Surface","Dairy and Grain","Corn-Soybean","Cultivated Crops","Cultivated Crops","No",,"Santiago silt loam","B","Well drained",4.4,12,2016,"Fall",0.7,1.4,0.7,0.7,0,0,0.7,0,0,0.7,0.7,0,"Previous crop",0.7,"Previous summer + current fall",0.7,"Partial"
"WF1","Non-Frozen","Storm","2016-13",2016-03-08 20:30:00,2016-03-09 07:45:00,3337,0.1542,0,,,,,,,0,0,0.02,0.04,1926,42.1,1833876,0.0218357184455219,,,"Surface","Dairy and Grain","Corn-Soybean","Cultivated Crops","Cultivated Crops","No",,"Santiago silt loam","B","Well drained",4.4,12,2016,"Spring",0.7,1.4,0.7,0.7,0,0,0.7,0,0,0.7,0.7,0,"Previous crop",1.4,"Current fall + spring",0.7,"Partial"
"WF1","Non-Frozen","Storm","2016-14",2016-03-16 06:30:00,2016-03-16 20:45:00,2279,0.1017,0.89,12.6,0.07063,0.24,0.24,0.2,0.15,0.52,0.53,0.53,0.55,1927,42.1,1833876,0.0149126767567709,2016-03-16 01:55:00,4.58333333333333,"Surface","Dairy and Grain","Corn-Soybean","Cultivated Crops","Cultivated Crops","No",,"Santiago silt loam","B","Well drained",4.4,12,2016,"Spring",0.7,1.4,0.7,0.7,0,0,0.7,0,0,0.7,0.7,0,"Previous crop",1.4,"Current fall + spring",0.7,"Partial"
"WF1","Non-Frozen","Storm","2016-15",2016-03-24 18:30:00,2016-03-24 21:45:00,376.9,0.05347,0,,,,,,,0,0,0,1.43,1928,42.1,1833876,0.00246625180764675,,,"Surface","Dairy and Grain","Corn-Soybean","Cultivated Crops","Cultivated Crops","No",,"Santiago silt loam","B","Well drained",4.4,12,2016,"Spring",0.7,1.4,0.7,0.7,0,0,0.7,0,0,0.7,0.7,0,"Previous crop",1.4,"Current fall + spring",0.7,"Partial"
"WF1","Non-Frozen","Storm","2016-16",2016-08-11 09:18:00,2016-08-11 15:15:00,10850,1.446,2.58,9.55,0.2702,3,2.34,1.6,0.87,0,0,0.59,0.59,1929,42.1,1833876,0.0709971666568514,2016-08-11 02:35:00,6.71666666666667,"Surface","Dairy and Grain","Corn-Soybean","Cultivated Crops","Cultivated Crops","No",,"Santiago silt loam","B","Well drained",4.4,12,2016,"Summer",0.7,1.4,0.7,0.7,0,0,0.7,0,0,0.7,0.7,0,"Current crop",0.7,"Current spring + summer",,
"WF1","Non-Frozen","Storm","2016-17",2016-09-06 11:32:00,2016-09-06 17:30:00,36420,11.97,2.73,8.95,0.305,4.32,3.12,1.48,1.28,0.31,0.37,0.37,1.35,1930,42.1,1833876,0.238314913331109,2016-09-06 08:05:00,3.45,"Surface","Dairy and Grain","Corn-Soybean","Cultivated Crops","Cultivated Crops","No",,"Santiago silt loam","B","Well drained",4.4,12,2016,"Summer",0.7,1.4,0.7,0.7,0,0,0.7,0,0,0.7,0.7,0,"Current crop",0.7,"Current spring + summer",,
"WF1","Non-Frozen","Storm","2016-18",2016-09-21 23:45:00,2016-09-22 12:15:00,30970,5.677,2.11,12.87,0.164,3.36,2.04,0.86,0.67,0.11,0.11,1.29,1.38,1931,42.1,1833876,0.202652742061077,2016-09-21 20:31:00,3.23333333333333,"Surface","Dairy and Grain","Corn-Soybean","Cultivated Crops","Cultivated Crops","No",,"Santiago silt loam","B","Well drained",4.4,12,2016,"Summer",0.7,1.4,0.7,0.7,0,0,0.7,0,0,0.7,0.7,0,"Current crop",0.7,"Current spring + summer",,
"WF1","Non-Frozen","Storm","2017-7",2017-03-07 01:23:00,2017-03-07 06:30:00,1642,0.2605,0.57,3.967,0.1437,3.24,2.1,0.98,0.55,0.01,0.01,0.01,0.02,1938,42.1,1833876,0.010744456004659,2017-03-07 00:42:00,0.683333333333333,"Surface","Dairy and Grain","Corn-Soybean","Cultivated Crops","Cultivated Crops","No",,"Santiago silt loam","B","Well drained",4.4,12,2017,"Spring",0.7,0,0,0,0,0,0.7,0,0,0.7,0.7,0,"Previous crop",0,"Current fall + spring",0.7,"Partial"
"WF1","Non-Frozen","Storm","2017-8",2017-05-17 07:04:00,2017-05-17 18:45:00,22740,2.626,1.32,6.883,0.1918,1.92,1.5,0.82,0.49,1.14,1.34,1.35,1.88,1939,42.1,1833876,0.148799591684498,2017-05-17 05:47:00,1.28333333333333,"Surface","Dairy and Grain","Corn-Soybean","Cultivated Crops","Cultivated Crops","No",,"Santiago silt loam","B","Well drained",4.4,12,2017,"Spring",0.7,0,0,0,0,0,0.7,0,0,0.7,0.7,0,"Previous crop",0,"Current fall + spring",0.7,"Partial"
"WF1","Non-Frozen","Storm","2017-9",2017-05-17 23:10:00,2017-05-18 17:00:00,126700,19.12,2,13.35,0.1498,4.68,3.12,1.44,0.78,1.69,2.46,2.66,3.2,1940,42.1,1833876,0.829063688057426,2017-05-17 22:00:00,1.16666666666667,"Surface","Dairy and Grain","Corn-Soybean","Cultivated Crops","Cultivated Crops","No",,"Santiago silt loam","B","Well drained",4.4,12,2017,"Spring",0.7,0,0,0,0,0,0.7,0,0,0.7,0.7,0,"Previous crop",0,"Current fall + spring",0.7,"Partial"
"WF1","Non-Frozen","Storm","2017-10",2017-05-20 19:40:00,2017-05-21 04:30:00,12480,1.55,0.95,8,0.1188,0.36,0.3,0.24,0.19,0,0,4.66,5.2,1941,42.1,1833876,0.0816631004495397,2017-05-20 14:43:00,4.95,"Surface","Dairy and Grain","Corn-Soybean","Cultivated Crops","Cultivated Crops","No",,"Santiago silt loam","B","Well drained",4.4,12,2017,"Spring",0.7,0,0,0,0,0,0.7,0,0,0.7,0.7,0,"Previous crop",0,"Current fall + spring",0.7,"Partial"
"WF1","Non-Frozen","Storm","2017-11",2017-06-14 07:33:00,2017-06-14 09:30:00,2931,1.586,0.97,1.517,0.6396,4.56,3.42,1.76,0.93,0,0.67,1.06,1.28,1942,42.1,1833876,0.0191790502738462,2017-06-14 06:30:00,1.05,"Surface","Dairy and Grain","Corn-Soybean","Cultivated Crops","Cultivated Crops","No",,"Santiago silt loam","B","Well drained",4.4,12,2017,"Summer",0.7,0,0,0,0,0,0.7,0,0,0.7,0.7,0,"Current crop",0,"Current spring + summer",,
"WF1","Non-Frozen","Storm","2017-12",2017-07-01 06:13:00,2017-07-01 09:15:00,6580,2.12,1.15,1.217,0.9452,4.2,3,1.76,1.12,0.36,0.36,0.67,1.92,1943,42.1,1833876,0.0430563462306066,2017-07-01 05:28:00,0.75,"Surface","Dairy and Grain","Corn-Soybean","Cultivated Crops","Cultivated Crops","No",,"Santiago silt loam","B","Well drained",4.4,12,2017,"Summer",0.7,0,0,0,0,0,0.7,0,0,0.7,0.7,0,"Current crop",0,"Current spring + summer",,
"WF1","Non-Frozen","Storm","2017-13",2017-07-12 08:00:00,2017-07-12 11:15:00,44070,27.36,1.87,0.5,3.74,6.72,5.34,3.72,1.87,0,0,0.39,2.07,1944,42.1,1833876,0.288372823462437,2017-07-12 07:38:00,0.366666666666667,"Surface","Dairy and Grain","Corn-Soybean","Cultivated Crops","Cultivated Crops","No",,"Santiago silt loam","B","Well drained",4.4,12,2017,"Summer",0.7,0,0,0,0,0,0.7,0,0,0.7,0.7,0,"Current crop",0,"Current spring + summer",,
"WF1","Non-Frozen","Storm","2017-14",2017-08-17 14:00:00,2017-08-17 16:30:00,579.1,0.1255,0.5,3.583,0.1395,0.48,0.3,0.28,0.23,1.21,1.22,1.78,3.59,1945,42.1,1833876,0.00378935107935324,,,"Surface","Dairy and Grain","Corn-Soybean","Cultivated Crops","Cultivated Crops","No",,"Santiago silt loam","B","Well drained",4.4,12,2017,"Summer",0.7,0,0,0,0,0,0.7,0,0,0.7,0.7,0,"Current crop",0,"Current spring + summer",,
"WF2","Non-Frozen","Storm","2011-6",2011-04-05 20:15:00,2011-04-06 11:30:00,2089,0.0528,0,,,,,,,0,0.02,0.22,0.47,1951,6.7,291852,0.0858928498005839,,,"Surface","Dairy","Corn-Alfalfa","Cultivated Crops","Cultivated Crops","No",,"Freeon silt loam heavy substratum","B/D","Moderately well drained",5.3,12,2011,"Spring",1,2,1,1,0,,1,0,0,0,0,0,"Previous crop",2,"Current fall + spring",0,"No"
"WF2","Non-Frozen","Storm","2011-7",2011-04-06 20:45:00,2011-04-07 07:15:00,1618,0.05548,0,,,,,,,0,0,0.22,0.22,1952,6.7,291852,0.0665268697833148,,,"Surface","Dairy","Corn-Alfalfa","Cultivated Crops","Cultivated Crops","No",,"Freeon silt loam heavy substratum","B/D","Moderately well drained",5.3,12,2011,"Spring",1,2,1,1,0,,1,0,0,0,0,0,"Previous crop",2,"Current fall + spring",0,"No"
"WF2","Non-Frozen","Storm","2011-8",2011-04-10 07:45:00,2011-04-10 18:45:00,17580,4.868,0,,,,,,,0.03,0.03,0.07,0.25,1953,6.7,291852,0.722832120389787,,,"Surface","Dairy","Corn-Alfalfa","Cultivated Crops","Cultivated Crops","No",,"Freeon silt loam heavy substratum","B/D","Moderately well drained",5.3,12,2011,"Spring",1,2,1,1,0,,1,0,0,0,0,0,"Previous crop",2,"Current fall + spring",0,"No"
"WF2","Non-Frozen","Storm","2011-9",2011-04-26 10:30:00,2011-04-27 12:00:00,15950,0.9743,1.32,13.73,0.09612,0.24,0.24,0.18,0.17,0,0,0.31,0.31,1954,6.7,291852,0.655811849841701,,,"Surface","Dairy","Corn-Alfalfa","Cultivated Crops","Cultivated Crops","No",,"Freeon silt loam heavy substratum","B/D","Moderately well drained",5.3,12,2011,"Spring",1,2,1,1,0,,1,0,0,0,0,0,"Previous crop",2,"Current fall + spring",0,"No"
"WF2","Non-Frozen","Storm","2011-10",2011-04-28 14:45:00,2011-04-28 16:30:00,129.5,0.03344,0.07,2,0.035,0.12,0.12,0.06,0.05,0,0.52,1.62,1.63,1955,6.7,291852,0.00532461658648904,,,"Surface","Dairy","Corn-Alfalfa","Cultivated Crops","Cultivated Crops","No",,"Freeon silt loam heavy substratum","B/D","Moderately well drained",5.3,12,2011,"Spring",1,2,1,1,0,,1,0,0,0,0,0,"Previous crop",2,"Current fall + spring",0,"No"
"WF2","Non-Frozen","Storm","2011-11",2011-04-30 18:30:00,2011-05-01 05:15:00,3658,0.4009,0.37,7.45,0.04966,0.36,0.3,0.18,0.12,0,0.07,1.39,1.7,1956,6.7,291852,0.150404999794416,,,"Surface","Dairy","Corn-Alfalfa","Cultivated Crops","Cultivated Crops","No",,"Freeon silt loam heavy substratum","B/D","Moderately well drained",5.3,12,2011,"Spring",1,2,1,1,0,,1,0,0,0,0,0,"Previous crop",2,"Current fall + spring",0,"No"
"WF2","Non-Frozen","Storm","2011-12",2011-06-18 12:45:00,2011-06-18 16:00:00,14060,5.82,1.33,2.1,0.6333,2.64,2.16,1.54,1.22,0.02,0.02,1.2,1.61,1957,6.7,291852,0.578101229390239,,,"Surface","Dairy","Corn-Alfalfa","Cultivated Crops","Cultivated Crops","No",,"Freeon silt loam heavy substratum","B/D","Moderately well drained",5.3,12,2011,"Summer",1,2,1,1,0,,1,0,0,0,0,0,"Current crop",1,"Current spring + summer",,
"WF2","Non-Frozen","Storm","2011-13",2011-06-19 08:15:00,2011-06-19 10:00:00,176,0.05682,0.23,5.55,0.04144,0.48,0.42,0.3,0.18,1.43,1.43,2.61,3.02,1958,6.7,291852,0.00723654454997739,,,"Surface","Dairy","Corn-Alfalfa","Cultivated Crops","Cultivated Crops","No",,"Freeon silt loam heavy substratum","B/D","Moderately well drained",5.3,12,2011,"Summer",1,2,1,1,0,,1,0,0,0,0,0,"Current crop",1,"Current spring + summer",,
"WF2","Non-Frozen","Storm","2011-14",2011-06-21 09:15:00,2011-06-21 11:45:00,484.9,0.169,0.4,1.5,0.2667,0.96,0.9,0.6,0.38,0,0.01,2.84,3.25,1959,6.7,291852,0.0199375025697957,,,"Surface","Dairy","Corn-Alfalfa","Cultivated Crops","Cultivated Crops","No",,"Freeon silt loam heavy substratum","B/D","Moderately well drained",5.3,12,2011,"Summer",1,2,1,1,0,,1,0,0,0,0,0,"Current crop",1,"Current spring + summer",,
"WF2","Non-Frozen","Storm","2011-15",2011-06-21 21:30:00,2011-06-22 01:00:00,295.9,0.06589,0.2,1.933,0.1034,0.6,0.42,0.28,0.14,0.4,0.4,3.24,3.65,1960,6.7,291852,0.0121664405246495,,,"Surface","Dairy","Corn-Alfalfa","Cultivated Crops","Cultivated Crops","No",,"Freeon silt loam heavy substratum","B/D","Moderately well drained",5.3,12,2011,"Summer",1,2,1,1,0,,1,0,0,0,0,0,"Current crop",1,"Current spring + summer",,
"WF2","Non-Frozen","Storm","2011-16",2011-06-22 04:30:00,2011-06-22 09:30:00,438.9,0.05749,0.13,0.9333,0.1393,0.6,0.3,0.16,0.13,0.6,0.6,2.92,3.85,1961,6.7,291852,0.0180461329715061,,,"Surface","Dairy","Corn-Alfalfa","Cultivated Crops","Cultivated Crops","No",,"Freeon silt loam heavy substratum","B/D","Moderately well drained",5.3,12,2011,"Summer",1,2,1,1,0,,1,0,0,0,0,0,"Current crop",1,"Current spring + summer",,
"WF2","Non-Frozen","Storm","2011-17",2011-06-22 11:45:00,2011-06-22 20:00:00,1848,0.679,0.17,0.4667,0.3643,1.56,0.84,0.34,0.17,0.33,0.73,2.81,3.98,1962,6.7,291852,0.0759837177747626,,,"Surface","Dairy","Corn-Alfalfa","Cultivated Crops","Cultivated Crops","No",,"Freeon silt loam heavy substratum","B/D","Moderately well drained",5.3,12,2011,"Summer",1,2,1,1,0,,1,0,0,0,0,0,"Current crop",1,"Current spring + summer",,
"WF2","Non-Frozen","Storm","2011-18",2011-06-23 04:45:00,2011-06-23 13:30:00,621.4,0.02623,0.07,2.717,0.02577,0.12,0.06,0.04,0.04,0.22,0.9,2.56,4.15,1963,6.7,291852,0.0255499362690679,,,"Surface","Dairy","Corn-Alfalfa","Cultivated Crops","Cultivated Crops","No",,"Freeon silt loam heavy substratum","B/D","Moderately well drained",5.3,12,2011,"Summer",1,2,1,1,0,,1,0,0,0,0,0,"Current crop",1,"Current spring + summer",,
"WF2","Non-Frozen","Storm","2011-19",2011-07-10 11:30:00,2011-07-10 12:30:00,4227,4.94,1.02,0.85,1.2,6.36,4.98,1.94,1.02,0,0,0.02,0.17,1964,6.7,291852,0.17380041939065,,,"Surface","Dairy","Corn-Alfalfa","Cultivated Crops","Cultivated Crops","No",,"Freeon silt loam heavy substratum","B/D","Moderately well drained",5.3,12,2011,"Summer",1,2,1,1,0,,1,0,0,0,0,0,"Current crop",1,"Current spring + summer",,
"WF2","Non-Frozen","Storm","2011-20",2011-07-11 04:45:00,2011-07-11 06:45:00,11820,9.82,1.16,1.967,0.5898,4.8,3.78,2.02,1.07,1.02,1.02,1.04,1.19,1965,6.7,291852,0.485999753299618,,,"Surface","Dairy","Corn-Alfalfa","Cultivated Crops","Cultivated Crops","No",,"Freeon silt loam heavy substratum","B/D","Moderately well drained",5.3,12,2011,"Summer",1,2,1,1,0,,1,0,0,0,0,0,"Current crop",1,"Current spring + summer",,
"WF2","Non-Frozen","Storm","2011-21",2011-07-16 11:30:00,2011-07-16 20:15:00,47310,12.28,2.33,1.9,1.226,3.36,3.12,2.24,1.69,0.8,0.84,3.02,3.04,1966,6.7,291852,1.9452325151104,,,"Surface","Dairy","Corn-Alfalfa","Cultivated Crops","Cultivated Crops","No",,"Freeon silt loam heavy substratum","B/D","Moderately well drained",5.3,12,2011,"Summer",1,2,1,1,0,,1,0,0,0,0,0,"Current crop",1,"Current spring + summer",,
"WF2","Non-Frozen","Storm","2011-22",2011-08-06 21:00:00,2011-08-06 23:30:00,1044,1.076,1.02,0.8833,1.155,2.76,2.1,1.14,1.02,0,0,0.63,1.16,1967,6.7,291852,0.0429258665350931,,,"Surface","Dairy","Corn-Alfalfa","Cultivated Crops","Cultivated Crops","No",,"Freeon silt loam heavy substratum","B/D","Moderately well drained",5.3,12,2011,"Summer",1,2,1,1,0,,1,0,0,0,0,0,"Current crop",1,"Current spring + summer",,
"WF2","Non-Frozen","Storm","2011-23",2011-08-17 01:00:00,2011-08-17 07:15:00,3815,1.55,1.68,2.717,0.6184,2.52,1.92,1.34,1.1,0,0,0.24,1.26,1968,6.7,291852,0.156860326466839,,,"Surface","Dairy","Corn-Alfalfa","Cultivated Crops","Cultivated Crops","No",,"Freeon silt loam heavy substratum","B/D","Moderately well drained",5.3,12,2011,"Summer",1,2,1,1,0,,1,0,0,0,0,0,"Current crop",1,"Current spring + summer",,
"WF2","Non-Frozen","Storm","2012-4",2012-04-16 02:00:00,2012-04-16 09:15:00,8389,6.56,0.59,1.5,0.3933,3,2.1,1.06,0.55,0.73,0.88,0.89,1.14,1972,6.7,291852,0.344928251305456,,,"Surface","Dairy","Corn-Alfalfa","Cultivated Crops","Cultivated Crops","No",,"Freeon silt loam heavy substratum","B/D","Moderately well drained",5.3,12,2012,"Spring",1,2,0,2,0,0,1,0,1,1,1,0,"Previous crop",2,"Current fall + spring",1,"Yes"
"WF2","Non-Frozen","Storm","2012-5",2012-04-18 09:00:00,2012-04-18 19:20:00,4692,4.702,0.69,9.033,0.07638,1.56,1.14,0.5,0.28,0,0.11,1.59,1.63,1973,6.7,291852,0.192919699025533,2012-04-18 04:22:00,4.63333333333333,"Surface","Dairy","Corn-Alfalfa","Cultivated Crops","Cultivated Crops","No",,"Freeon silt loam heavy substratum","B/D","Moderately well drained",5.3,12,2012,"Spring",1,2,0,2,0,0,1,0,1,1,1,0,"Previous crop",2,"Current fall + spring",1,"Yes"
"WF2","Non-Frozen","Storm","2012-6",2012-05-02 04:45:00,2012-05-02 08:15:00,5365,2.78,0.83,2.633,0.3152,0.72,0.72,0.54,0.46,0.01,0.16,0.3,1.2,1974,6.7,291852,0.220591258583117,2012-05-02 04:09:00,0.6,"Surface","Dairy","Corn-Alfalfa","Cultivated Crops","Cultivated Crops","No",,"Freeon silt loam heavy substratum","B/D","Moderately well drained",5.3,12,2012,"Spring",1,2,0,2,0,0,1,0,1,1,1,0,"Previous crop",2,"Current fall + spring",1,"Yes"
"WF2","Non-Frozen","Storm","2012-7",2012-05-03 16:00:00,2012-05-03 22:00:00,4285,4.391,0.35,2.567,0.1364,2.64,1.44,0.56,0.34,0.02,0.85,1.08,1.36,1975,6.7,291852,0.176185189753711,,,"Surface","Dairy","Corn-Alfalfa","Cultivated Crops","Cultivated Crops","No",,"Freeon silt loam heavy substratum","B/D","Moderately well drained",5.3,12,2012,"Spring",1,2,0,2,0,0,1,0,1,1,1,0,"Previous crop",2,"Current fall + spring",1,"Yes"
"WF2","Non-Frozen","Storm","2012-8",2012-05-05 20:15:00,2012-05-06 22:55:00,25990,5.462,1.84,15.4,0.1195,1.8,1.56,1,0.63,0.06,0.06,1.48,1.62,1976,6.7,291852,1.06862382303359,2012-05-05 20:15:00,0,"Surface","Dairy","Corn-Alfalfa","Cultivated Crops","Cultivated Crops","No",,"Freeon silt loam heavy substratum","B/D","Moderately well drained",5.3,12,2012,"Spring",1,2,0,2,0,0,1,0,1,1,1,0,"Previous crop",2,"Current fall + spring",1,"Yes"
"WF2","Non-Frozen","Storm","2012-9",2012-05-24 13:00:00,2012-05-25 02:30:00,13320,6.243,1.77,10.2,0.1735,3.48,2.22,1.08,0.76,0.11,0.11,0.23,0.28,1977,6.7,291852,0.547674848896016,,,"Surface","Dairy","Corn-Alfalfa","Cultivated Crops","Cultivated Crops","No",,"Freeon silt loam heavy substratum","B/D","Moderately well drained",5.3,12,2012,"Spring",1,2,0,2,0,0,1,0,1,1,1,0,"Previous crop",2,"Current fall + spring",1,"Yes"
"WF2","Non-Frozen","Storm","2012-10",2012-05-26 15:45:00,2012-05-26 20:15:00,2557,1.985,0.57,1.4,0.4071,1.44,1.14,0.7,0.48,0,1.08,2,2,1978,6.7,291852,0.10513547962666,,,"Surface","Dairy","Corn-Alfalfa","Cultivated Crops","Cultivated Crops","No",,"Freeon silt loam heavy substratum","B/D","Moderately well drained",5.3,12,2012,"Spring",1,2,0,2,0,0,1,0,1,1,1,0,"Previous crop",2,"Current fall + spring",1,"Yes"
"WF2","Non-Frozen","Storm","2012-11",2012-06-06 17:45:00,2012-06-06 18:45:00,77.8,0.092,0.35,0.4667,0.75,1.56,1.26,0.7,0.35,0,0,0,2.83,1979,6.7,291852,0.00319888162493318,,,"Surface","Dairy","Corn-Alfalfa","Cultivated Crops","Cultivated Crops","No",,"Freeon silt loam heavy substratum","B/D","Moderately well drained",5.3,12,2012,"Summer",1,2,0,2,0,0,1,0,1,1,1,1,"Current crop",2,"Current spring + summer",,
"WF2","Non-Frozen","Storm","2012-12",2012-06-14 16:15:00,2012-06-14 19:00:00,146.9,0.0946,0.52,3.083,0.1686,0.72,0.66,0.32,0.27,0.13,0.13,0.41,0.76,1980,6.7,291852,0.00604004769540726,2012-06-14 15:19:00,0.933333333333333,"Surface","Dairy","Corn-Alfalfa","Cultivated Crops","Cultivated Crops","No",,"Freeon silt loam heavy substratum","B/D","Moderately well drained",5.3,12,2012,"Summer",1,2,0,2,0,0,1,0,1,1,1,1,"Current crop",2,"Current spring + summer",,
"WF2","Non-Frozen","Storm","2012-13",2012-06-14 21:45:00,2012-06-15 01:00:00,146.9,0.0503,0.4,3.167,0.1263,1.8,1.38,0.64,0.33,0.65,0.65,0.93,1.28,1981,6.7,291852,0.00604004769540726,2012-06-14 21:29:00,0.266666666666667,"Surface","Dairy","Corn-Alfalfa","Cultivated Crops","Cultivated Crops","No",,"Freeon silt loam heavy substratum","B/D","Moderately well drained",5.3,12,2012,"Summer",1,2,0,2,0,0,1,0,1,1,1,1,"Current crop",2,"Current spring + summer",,
"WF2","Non-Frozen","Storm","2012-14",2012-06-16 23:30:00,2012-06-17 02:00:00,3499,3.03,0,,,,,,,0.12,0.49,1.43,1.81,1982,6.7,291852,0.143867439661198,,,"Surface","Dairy","Corn-Alfalfa","Cultivated Crops","Cultivated Crops","No",,"Freeon silt loam heavy substratum","B/D","Moderately well drained",5.3,12,2012,"Summer",1,2,0,2,0,0,1,0,1,1,1,1,"Current crop",2,"Current spring + summer",,
"WF2","Non-Frozen","Storm","2012-15",2012-06-18 05:30:00,2012-06-18 10:45:00,846.7,0.6014,0.04,,,,,,,0,0.12,1.34,1.81,1983,6.7,291852,0.0348135356276469,,,"Surface","Dairy","Corn-Alfalfa","Cultivated Crops","Cultivated Crops","No",,"Freeon silt loam heavy substratum","B/D","Moderately well drained",5.3,12,2012,"Summer",1,2,0,2,0,0,1,0,1,1,1,1,"Current crop",2,"Current spring + summer",,
"WF2","Non-Frozen","Storm","2012-16",2012-06-19 10:00:00,2012-06-19 13:45:00,4804,4.086,0.68,2.133,0.3188,2.88,2.4,0.96,0.48,0,0.04,1.22,1.85,1984,6.7,291852,0.197524772830065,2012-06-19 08:16:00,1.73333333333333,"Surface","Dairy","Corn-Alfalfa","Cultivated Crops","Cultivated Crops","No",,"Freeon silt loam heavy substratum","B/D","Moderately well drained",5.3,12,2012,"Summer",1,2,0,2,0,0,1,0,1,1,1,1,"Current crop",2,"Current spring + summer",,
"WF2","Non-Frozen","Storm","2012-17",2012-06-20 20:45:00,2012-06-21 01:30:00,9219,5.847,1.31,5.85,0.2239,3.48,3.06,1.72,1.03,0,0.69,1.91,2.19,1985,6.7,291852,0.379055137535463,2012-06-20 18:41:00,2.06666666666667,"Surface","Dairy","Corn-Alfalfa","Cultivated Crops","Cultivated Crops","No",,"Freeon silt loam heavy substratum","B/D","Moderately well drained",5.3,12,2012,"Summer",1,2,0,2,0,0,1,0,1,1,1,1,"Current crop",2,"Current spring + summer",,
"WF2","Non-Frozen","Storm","2012-18",2012-07-13 12:00:00,2012-07-13 16:00:00,673.9,0.5966,0.85,2.533,0.3355,3,2.04,1.08,0.59,0.05,0.05,0.58,1.34,1986,6.7,291852,0.0277085646149418,2012-07-13 11:17:00,0.716666666666667,"Surface","Dairy","Corn-Alfalfa","Cultivated Crops","Cultivated Crops","No",,"Freeon silt loam heavy substratum","B/D","Moderately well drained",5.3,12,2012,"Summer",1,2,0,2,0,0,1,0,1,1,1,1,"Current crop",2,"Current spring + summer",,
"WF2","Non-Frozen","Storm","2012-19",2012-07-13 23:30:00,2012-07-14 08:00:00,743,0.4717,0.56,5.167,0.1084,1.8,1.74,0.84,0.44,0.9,0.9,1.43,2.19,1987,6.7,291852,0.0305497306854159,,,"Surface","Dairy","Corn-Alfalfa","Cultivated Crops","Cultivated Crops","No",,"Freeon silt loam heavy substratum","B/D","Moderately well drained",5.3,12,2012,"Summer",1,2,0,2,0,0,1,0,1,1,1,1,"Current crop",2,"Current spring + summer",,
"WF2","Non-Frozen","Storm","2012-20",2012-07-18 16:15:00,2012-07-18 18:45:00,103.7,0.0162,0.51,2.383,0.214,2.04,1.5,0.86,0.48,0.05,0.05,1.51,2.04,1988,6.7,291852,0.00426380494223099,2012-07-18 16:03:00,0.2,"Surface","Dairy","Corn-Alfalfa","Cultivated Crops","Cultivated Crops","No",,"Freeon silt loam heavy substratum","B/D","Moderately well drained",5.3,12,2012,"Summer",1,2,0,2,0,0,1,0,1,1,1,1,"Current crop",2,"Current spring + summer",,
"WF2","Non-Frozen","Storm","2012-21",2012-07-18 22:30:00,2012-07-19 02:30:00,164.2,0.0166,0.17,0.95,0.1789,0.72,0.72,0.32,0.17,0.56,0.56,2.02,2.55,1989,6.7,291852,0.00675136713128572,,,"Surface","Dairy","Corn-Alfalfa","Cultivated Crops","Cultivated Crops","No",,"Freeon silt loam heavy substratum","B/D","Moderately well drained",5.3,12,2012,"Summer",1,2,0,2,0,0,1,0,1,1,1,1,"Current crop",2,"Current spring + summer",,
"WF2","Non-Frozen","Storm","2012-22",2012-07-21 10:30:00,2012-07-21 17:45:00,7664,4.956,1.52,4.55,0.3341,2.28,2.1,1.8,1.01,0,0,0.73,2.19,1990,6.7,291852,0.315118621767197,2012-07-21 09:56:00,0.566666666666667,"Surface","Dairy","Corn-Alfalfa","Cultivated Crops","Cultivated Crops","No",,"Freeon silt loam heavy substratum","B/D","Moderately well drained",5.3,12,2012,"Summer",1,2,0,2,0,0,1,0,1,1,1,1,"Current crop",2,"Current spring + summer",,
"WF2","Non-Frozen","Storm","2013-3",2013-05-01 10:45:00,2013-05-06 16:45:00,46660,1.518,0.36,11.42,0.03153,0.6,0.42,0.28,0.23,0,0,0.12,1.35,1993,6.7,291852,1.91850664035196,2013-05-01 09:13:00,1.53333333333333,"Surface","Dairy","Corn-Alfalfa","Cultivated Crops","Cultivated Crops","No",,"Freeon silt loam heavy substratum","B/D","Moderately well drained",5.3,12,2013,"Spring",1,0,0,0,0,0,1,1,1,1,1,1,"Previous crop",0,"Current fall + spring",1,"Yes"
"WF2","Non-Frozen","Storm","2013-4",2013-05-09 18:30:00,2013-05-10 12:45:00,376.3,0.01432,0.33,10.37,0.03183,0.12,0.12,0.08,0.07,0,0,0,0.45,1994,6.7,291852,0.0154722256486164,2013-05-09 14:15:00,4.25,"Surface","Dairy","Corn-Alfalfa","Cultivated Crops","Cultivated Crops","No",,"Freeon silt loam heavy substratum","B/D","Moderately well drained",5.3,12,2013,"Spring",1,0,0,0,0,0,1,1,1,1,1,1,"Previous crop",0,"Current fall + spring",1,"Yes"
"WF2","Non-Frozen","Storm","2013-5",2013-05-19 23:45:00,2013-05-20 21:00:00,1891,0.139,0.73,18.33,0.03982,1.44,1.32,0.52,0.35,0.05,0.63,0.69,1.02,1995,6.7,291852,0.0777517371818593,,,"Surface","Dairy","Corn-Alfalfa","Cultivated Crops","Cultivated Crops","No",,"Freeon silt loam heavy substratum","B/D","Moderately well drained",5.3,12,2013,"Spring",1,0,0,0,0,0,1,1,1,1,1,1,"Previous crop",0,"Current fall + spring",1,"Yes"
"WF2","Non-Frozen","Storm","2013-6",2013-05-21 07:15:00,2013-05-21 19:00:00,133.2,0.00587,0.1,11.9,0.008403,0.24,0.18,0.1,0.06,0.14,0.78,1.4,1.75,1996,6.7,291852,0.00547674848896016,,,"Surface","Dairy","Corn-Alfalfa","Cultivated Crops","Cultivated Crops","No",,"Freeon silt loam heavy substratum","B/D","Moderately well drained",5.3,12,2013,"Spring",1,0,0,0,0,0,1,1,1,1,1,1,"Previous crop",0,"Current fall + spring",1,"Yes"
"WF2","Non-Frozen","Storm","2013-7",2013-06-15 21:00:00,2013-06-16 03:30:00,281.8,0.0903,0.63,1.55,0.4065,2.88,2.34,1.08,0.58,0.23,0.23,1.11,1.35,1997,6.7,291852,0.0115866946260433,2013-06-15 20:58:00,0.0333333333333333,"Surface","Dairy","Corn-Alfalfa","Cultivated Crops","Cultivated Crops","No",,"Freeon silt loam heavy substratum","B/D","Moderately well drained",5.3,12,2013,"Summer",1,0,0,0,0,0,1,1,1,1,1,1,"Current crop",0,"Current spring + summer",,
"WF2","Non-Frozen","Storm","2013-8",2013-06-21 09:15:00,2013-06-21 19:00:00,15430,7.616,1.19,2.583,0.4606,5.52,4.08,1.52,0.94,0,0,0.86,1.74,1998,6.7,291852,0.634431150034949,2013-06-21 08:34:00,0.683333333333333,"Surface","Dairy","Corn-Alfalfa","Cultivated Crops","Cultivated Crops","No",,"Freeon silt loam heavy substratum","B/D","Moderately well drained",5.3,12,2013,"Summer",1,0,0,0,0,0,1,1,1,1,1,1,"Current crop",0,"Current spring + summer",,
"WF2","Non-Frozen","Storm","2013-9",2013-06-22 01:45:00,2013-06-22 22:15:00,7747,1.115,0.79,9.867,0.08007,2.04,1.56,0.78,0.43,1.19,1.19,2.05,2.93,1999,6.7,291852,0.318531310390198,,,"Surface","Dairy","Corn-Alfalfa","Cultivated Crops","Cultivated Crops","No",,"Freeon silt loam heavy substratum","B/D","Moderately well drained",5.3,12,2013,"Summer",1,0,0,0,0,0,1,1,1,1,1,1,"Current crop",0,"Current spring + summer",,
"WF2","Non-Frozen","Storm","2014-3",2014-04-12 14:00:00,2014-04-12 23:15:00,100.8,0.0061,0.18,2.517,0.07152,0.24,0.18,0.1,0.1,0,0,0,0.07,2002,6.7,291852,0.00414456642407796,2014-04-12 11:45:00,2.25,"Surface","Dairy","Corn-Alfalfa","Cultivated Crops","Cultivated Crops","No",,"Freeon silt loam heavy substratum","B/D","Moderately well drained",5.3,12,2014,"Spring",1,0,0,0,0,0,1,1,1,1,1,1,"Previous crop",0,"Current fall + spring",1,"Yes"
"WF2","Non-Frozen","Storm","2014-4",2014-04-17 01:00:00,2014-04-17 16:30:00,667.9,0.03292,0.69,8.467,0.0815,0.24,0.18,0.16,0.15,0,0,0.23,0.23,2003,6.7,291852,0.0274618642325562,2014-04-16 22:04:00,2.93333333333333,"Surface","Dairy","Corn-Alfalfa","Cultivated Crops","Cultivated Crops","No",,"Freeon silt loam heavy substratum","B/D","Moderately well drained",5.3,12,2014,"Spring",1,0,0,0,0,0,1,1,1,1,1,1,"Previous crop",0,"Current fall + spring",1,"Yes"
"WF2","Non-Frozen","Storm","2014-5",2014-04-24 16:15:00,2014-04-25 08:00:00,352.6,0.01874,0.68,11.77,0.05779,0.36,0.24,0.18,0.13,0.09,0.09,0.2,1.12,2004,6.7,291852,0.0144977591381933,2014-04-24 09:05:00,7.16666666666667,"Surface","Dairy","Corn-Alfalfa","Cultivated Crops","Cultivated Crops","No",,"Freeon silt loam heavy substratum","B/D","Moderately well drained",5.3,12,2014,"Spring",1,0,0,0,0,0,1,1,1,1,1,1,"Previous crop",0,"Current fall + spring",1,"Yes"
"WF2","Non-Frozen","Storm","2014-6",2014-04-27 11:15:00,2014-05-02 17:15:00,8812,0.296,2.66,102.4,0.02598,0.48,0.36,0.28,0.25,0.06,0.06,0.83,1.68,2005,6.7,291852,0.36232062826364,2014-04-27 09:15:00,2,"Surface","Dairy","Corn-Alfalfa","Cultivated Crops","Cultivated Crops","No",,"Freeon silt loam heavy substratum","B/D","Moderately well drained",5.3,12,2014,"Spring",1,0,0,0,0,0,1,1,1,1,1,1,"Previous crop",0,"Current fall + spring",1,"Yes"
"WF2","Non-Frozen","Storm","2014-7",2014-05-08 21:30:00,2014-05-09 18:45:00,13350,3.036,1.05,3.817,0.2751,2.52,2.22,1.08,0.68,0.57,0.57,0.58,3.3,2006,6.7,291852,0.548908350807944,2014-05-08 21:10:00,0.333333333333333,"Surface","Dairy","Corn-Alfalfa","Cultivated Crops","Cultivated Crops","No",,"Freeon silt loam heavy substratum","B/D","Moderately well drained",5.3,12,2014,"Spring",1,0,0,0,0,0,1,1,1,1,1,1,"Previous crop",0,"Current fall + spring",1,"Yes"
"WF2","Non-Frozen","Storm","2014-8",2014-05-12 05:30:00,2014-05-13 18:45:00,10900,1.198,1.18,30.47,0.03873,0.84,0.66,0.44,0.31,0.01,0.01,1.63,3.44,2007,6.7,291852,0.448172361333827,2014-05-12 03:21:00,2.15,"Surface","Dairy","Corn-Alfalfa","Cultivated Crops","Cultivated Crops","No",,"Freeon silt loam heavy substratum","B/D","Moderately well drained",5.3,12,2014,"Spring",1,0,0,0,0,0,1,1,1,1,1,1,"Previous crop",0,"Current fall + spring",1,"Yes"
"WF2","Non-Frozen","Storm","2014-9",2014-05-19 18:30:00,2014-05-20 18:00:00,39460,3.779,2.42,8.167,0.2963,1.44,1.02,0.84,0.75,0,0,0.18,2.81,2008,6.7,291852,1.62246618148925,2014-05-19 16:31:00,1.98333333333333,"Surface","Dairy","Corn-Alfalfa","Cultivated Crops","Cultivated Crops","No",,"Freeon silt loam heavy substratum","B/D","Moderately well drained",5.3,12,2014,"Spring",1,0,0,0,0,0,1,1,1,1,1,1,"Previous crop",0,"Current fall + spring",1,"Yes"
"WF2","Non-Frozen","Storm","2014-10",2014-06-01 08:30:00,2014-06-02 07:00:00,53220,18.74,3.69,23.68,0.1558,4.8,4.56,3.16,1.76,0.28,0.28,0.72,3.14,2009,6.7,291852,2.18823239176021,2014-06-01 06:09:00,2.35,"Surface","Dairy","Corn-Alfalfa","Cultivated Crops","Cultivated Crops","No",,"Freeon silt loam heavy substratum","B/D","Moderately well drained",5.3,12,2014,"Summer",1,0,0,0,0,0,1,1,1,1,1,1,"Current crop",0,"Current spring + summer",,
"WF2","Non-Frozen","Storm","2014-11",2014-06-07 11:45:00,2014-06-08 11:45:00,15430,1.558,1.29,8.6,0.15,2.16,1.68,0.96,0.6,0,0.42,4.46,4.9,2010,6.7,291852,0.634431150034949,,,"Surface","Dairy","Corn-Alfalfa","Cultivated Crops","Cultivated Crops","No",,"Freeon silt loam heavy substratum","B/D","Moderately well drained",5.3,12,2014,"Summer",1,0,0,0,0,0,1,1,1,1,1,1,"Current crop",0,"Current spring + summer",,
"WF2","Non-Frozen","Storm","2014-12",2014-06-15 02:45:00,2014-06-15 22:30:00,55080,3.737,2.75,10.72,0.2566,1.68,1.26,0.96,0.65,0.1,0.1,0.2,5.7,2011,6.7,291852,2.26470951029974,2014-06-15 02:14:00,0.516666666666667,"Surface","Dairy","Corn-Alfalfa","Cultivated Crops","Cultivated Crops","No",,"Freeon silt loam heavy substratum","B/D","Moderately well drained",5.3,12,2014,"Summer",1,0,0,0,0,0,1,1,1,1,1,1,"Current crop",0,"Current spring + summer",,
"WF2","Non-Frozen","Storm","2014-13",2014-06-17 01:15:00,2014-06-17 16:45:00,5602,0.635,0.54,4.15,0.1301,0.36,0.3,0.24,0.18,0,2.75,2.94,4.66,2012,6.7,291852,0.230335923687348,2014-06-16 22:49:00,2.43333333333333,"Surface","Dairy","Corn-Alfalfa","Cultivated Crops","Cultivated Crops","No",,"Freeon silt loam heavy substratum","B/D","Moderately well drained",5.3,12,2014,"Summer",1,0,0,0,0,0,1,1,1,1,1,1,"Current crop",0,"Current spring + summer",,
"WF2","Non-Frozen","Storm","2014-14",2014-06-18 08:45:00,2014-06-18 22:45:00,10040,0.8982,0.7,4.867,0.1438,1.92,1.74,0.86,0.44,0,0.54,3.48,5.2,2013,6.7,291852,0.412811973191892,,,"Surface","Dairy","Corn-Alfalfa","Cultivated Crops","Cultivated Crops","No",,"Freeon silt loam heavy substratum","B/D","Moderately well drained",5.3,12,2014,"Summer",1,0,0,0,0,0,1,1,1,1,1,1,"Current crop",0,"Current spring + summer",,
"WF2","Non-Frozen","Storm","2014-15",2014-06-19 11:00:00,2014-06-20 10:00:00,32760,2.265,1.29,6.35,0.2031,0.96,0.84,0.46,0.41,0.22,0.7,4.09,5.9,2014,6.7,291852,1.34698408782534,2014-06-19 10:41:00,0.316666666666667,"Surface","Dairy","Corn-Alfalfa","Cultivated Crops","Cultivated Crops","No",,"Freeon silt loam heavy substratum","B/D","Moderately well drained",5.3,12,2014,"Summer",1,0,0,0,0,0,1,1,1,1,1,1,"Current crop",0,"Current spring + summer",,
"WF2","Non-Frozen","Storm","2014-16",2014-06-24 23:00:00,2014-06-25 20:15:00,6448,1.076,0.95,11.8,0.08051,1.32,0.96,0.72,0.45,0.07,0.07,2.28,5.76,2015,6.7,291852,0.265120677603717,2014-06-24 22:13:00,0.783333333333333,"Surface","Dairy","Corn-Alfalfa","Cultivated Crops","Cultivated Crops","No",,"Freeon silt loam heavy substratum","B/D","Moderately well drained",5.3,12,2014,"Summer",1,0,0,0,0,0,1,1,1,1,1,1,"Current crop",0,"Current spring + summer",,
"WF2","Non-Frozen","Storm","2014-17",2014-06-29,2014-06-29 17:30:00,19910,6.478,1.08,8.267,0.1306,3.12,2.52,1.62,0.85,0,0.16,1.4,6.68,2016,6.7,291852,0.818634102216192,2014-06-28 23:21:00,0.65,"Surface","Dairy","Corn-Alfalfa","Cultivated Crops","Cultivated Crops","No",,"Freeon silt loam heavy substratum","B/D","Moderately well drained",5.3,12,2014,"Summer",1,0,0,0,0,0,1,1,1,1,1,1,"Current crop",0,"Current spring + summer",,
"WF2","Non-Frozen","Storm","2014-18",2014-07-07 19:30:00,2014-07-07 22:45:00,1233,0.907,0.63,0.3167,1.989,2.76,2.46,1.26,0.63,0,0.05,0.16,2.45,2017,6.7,291852,0.0506969285802393,,,"Surface","Dairy","Corn-Alfalfa","Cultivated Crops","Cultivated Crops","No",,"Freeon silt loam heavy substratum","B/D","Moderately well drained",5.3,12,2014,"Summer",1,0,0,0,0,0,1,1,1,1,1,1,"Current crop",0,"Current spring + summer",,
"WF2","Non-Frozen","Storm","2014-19",2014-07-12 19:30:00,2014-07-13 00:30:00,18940,11.76,1.26,3.767,0.3345,6,4.8,2.06,1.13,0,0.13,0.96,2.18,2018,6.7,291852,0.778750873730521,2014-07-12 18:43:00,0.783333333333333,"Surface","Dairy","Corn-Alfalfa","Cultivated Crops","Cultivated Crops","No",,"Freeon silt loam heavy substratum","B/D","Moderately well drained",5.3,12,2014,"Summer",1,0,0,0,0,0,1,1,1,1,1,1,"Current crop",0,"Current spring + summer",,
"WF2","Non-Frozen","Storm","2014-20",2014-08-30,2014-08-30 11:45:00,12020,2.928,2.9,12.53,0.2314,2.76,2.1,1.28,0.99,0.43,0.44,0.67,1.89,2019,6.7,291852,0.494223099379137,2014-08-29 23:00:00,1,"Surface","Dairy","Corn-Alfalfa","Cultivated Crops","Cultivated Crops","No",,"Freeon silt loam heavy substratum","B/D","Moderately well drained",5.3,12,2014,"Summer",1,0,0,0,0,0,1,1,1,1,1,1,"Current crop",0,"Current spring + summer",,
"WF2","Non-Frozen","Storm","2014-21",2014-09-04 02:00:00,2014-09-04 09:15:00,14240,7.12,1.21,1.717,0.7049,4.08,3.42,2.18,1.14,0.17,0.17,4.26,4.66,2020,6.7,291852,0.585502240861807,2014-09-04 02:00:00,0,"Surface","Dairy","Corn-Alfalfa","Cultivated Crops","Cultivated Crops","No",,"Freeon silt loam heavy substratum","B/D","Moderately well drained",5.3,12,2014,"Summer",1,0,0,0,0,0,1,1,1,1,1,1,"Current crop",0,"Current spring + summer",,
"WF2","Non-Frozen","Storm","2014-22",2014-09-10 11:15:00,2014-09-10 18:15:00,825,0.08615,0.88,14.55,0.06048,1.32,1.2,0.58,0.29,0,0.04,1.47,5.57,2021,6.7,291852,0.033921302578019,2014-09-10 03:27:00,7.8,"Surface","Dairy","Corn-Alfalfa","Cultivated Crops","Cultivated Crops","No",,"Freeon silt loam heavy substratum","B/D","Moderately well drained",5.3,12,2014,"Summer",1,0,0,0,0,0,1,1,1,1,1,1,"Current crop",0,"Current spring + summer",,
"WF2","Non-Frozen","Storm","2014-23",2014-09-20 23:45:00,2014-09-21 00:15:00,33.4,0.05481,0.21,0.6,0.35,0.84,0.66,0.38,0.21,0.01,0.01,0.01,0.93,2022,6.7,291852,0.0013732987952798,2014-09-20 23:35:00,0.166666666666667,"Surface","Dairy","Corn-Alfalfa","Cultivated Crops","Cultivated Crops","No",,"Freeon silt loam heavy substratum","B/D","Moderately well drained",5.3,12,2014,"Summer",1,0,0,0,0,0,1,1,1,1,1,1,"Current crop",0,"Current spring + summer",,
"WF2","Non-Frozen","Storm","2015-2",2015-05-07 23:45:00,2015-05-08 02:00:00,155.3,0.0666,0.39,1.7,0.2294,2.88,1.62,0.72,0.38,0.13,0.18,0.8,0.8,2024,6.7,291852,0.00638542823074709,2015-05-07 23:27:00,0.3,"Surface","Dairy","Corn-Alfalfa","Cultivated Crops","Cultivated Crops","No",,"Freeon silt loam heavy substratum","B/D","Moderately well drained",5.3,12,2015,"Spring",1,2,0,2,0,0,1,1,0,1,1,1,"Previous crop",2,"Current fall + spring",1,"Yes"
"WF2","Non-Frozen","Storm","2015-3",2015-06-07 06:15:00,2015-06-07 10:00:00,364.3,0.1245,0.68,2.433,0.2795,1.8,1.26,0.84,0.56,0,0,0.69,2.19,2025,6.7,291852,0.0149788248838452,2015-06-07 05:34:00,0.683333333333333,"Surface","Dairy","Corn-Alfalfa","Cultivated Crops","Cultivated Crops","No",,"Freeon silt loam heavy substratum","B/D","Moderately well drained",5.3,12,2015,"Summer",1,2,0,2,0,0,1,1,0,1,1,0,"Current crop",2,"Current spring + summer",,
"WF2","Non-Frozen","Storm","2015-4",2015-06-28 22:00:00,2015-06-28 23:30:00,177.5,0.1045,0.73,1.533,0.4761,1.92,1.2,0.8,0.58,0.56,0.58,1.05,2.25,2026,6.7,291852,0.00729821964557378,2015-06-28 21:13:00,0.783333333333333,"Surface","Dairy","Corn-Alfalfa","Cultivated Crops","Cultivated Crops","No",,"Freeon silt loam heavy substratum","B/D","Moderately well drained",5.3,12,2015,"Summer",1,2,0,2,0,0,1,1,0,1,1,0,"Current crop",2,"Current spring + summer",,
"WF2","Non-Frozen","Storm","2015-5",2015-07-06 08:45:00,2015-07-07 07:00:00,22560,4.583,3.39,11.82,0.2869,3.48,2.7,1.86,1.47,0,0,0.23,2.01,2027,6.7,291852,0.927593437769828,2015-07-06 06:11:00,2.56666666666667,"Surface","Dairy","Corn-Alfalfa","Cultivated Crops","Cultivated Crops","No",,"Freeon silt loam heavy substratum","B/D","Moderately well drained",5.3,12,2015,"Summer",1,2,0,2,0,0,1,1,0,1,1,0,"Current crop",2,"Current spring + summer",,
"WF2","Non-Frozen","Storm","2015-6",2015-07-13 04:15:00,2015-07-13 17:30:00,4934,0.684,1.78,5.883,0.3025,2.28,2.04,1.84,1.28,0,0,3.39,3.62,2028,6.7,291852,0.202869947781752,2015-07-13 04:02:00,0.216666666666667,"Surface","Dairy","Corn-Alfalfa","Cultivated Crops","Cultivated Crops","No",,"Freeon silt loam heavy substratum","B/D","Moderately well drained",5.3,12,2015,"Summer",1,2,0,2,0,0,1,1,0,1,1,0,"Current crop",2,"Current spring + summer",,
"WF2","Non-Frozen","Storm","2015-7",2015-07-13 22:00:00,2015-07-14 09:45:00,1731,0.4332,0.23,0.2833,0.8118,2.52,1.32,0.46,0.23,1.78,1.78,1.78,5.4,2029,6.7,291852,0.0711730603182435,,,"Surface","Dairy","Corn-Alfalfa","Cultivated Crops","Cultivated Crops","No",,"Freeon silt loam heavy substratum","B/D","Moderately well drained",5.3,12,2015,"Summer",1,2,0,2,0,0,1,1,0,1,1,0,"Current crop",2,"Current spring + summer",,
"WF2","Non-Frozen","Storm","2015-8",2015-07-18 06:30:00,2015-07-18 16:15:00,2821,0.3702,0.76,2.667,0.285,3,2.22,1.04,0.6,0,0.3,2.31,5.7,2030,6.7,291852,0.115990296451626,2015-07-18 06:16:00,0.233333333333333,"Surface","Dairy","Corn-Alfalfa","Cultivated Crops","Cultivated Crops","No",,"Freeon silt loam heavy substratum","B/D","Moderately well drained",5.3,12,2015,"Summer",1,2,0,2,0,0,1,1,0,1,1,0,"Current crop",2,"Current spring + summer",,
"WF2","Non-Frozen","Storm","2015-9",2015-08-18 20:45:00,2015-08-19 16:30:00,9947,4.512,3.58,18.77,0.1908,2.52,2.16,1.54,1.13,0.01,0.13,0.13,1.27,2031,6.7,291852,0.408988117264915,2015-08-18 16:50:00,3.91666666666667,"Surface","Dairy","Corn-Alfalfa","Cultivated Crops","Cultivated Crops","No",,"Freeon silt loam heavy substratum","B/D","Moderately well drained",5.3,12,2015,"Summer",1,2,0,2,0,0,1,1,0,1,1,0,"Current crop",2,"Current spring + summer",,
"WF2","Non-Frozen","Storm","2015-10",2015-08-23 03:15:00,2015-08-23 08:45:00,434.9,0.07035,0.87,6.517,0.1335,2.4,1.86,0.74,0.38,0,0,3.76,3.76,2032,6.7,291852,0.0178816660499157,2015-08-23 00:45:00,2.5,"Surface","Dairy","Corn-Alfalfa","Cultivated Crops","Cultivated Crops","No",,"Freeon silt loam heavy substratum","B/D","Moderately well drained",5.3,12,2015,"Summer",1,2,0,2,0,0,1,1,0,1,1,0,"Current crop",2,"Current spring + summer",,
"WF2","Non-Frozen","Storm","2015-11",2015-09-17 12:45:00,2015-09-17 15:00:00,148.5,0.0378,1.01,4.183,0.2414,3.12,2.1,0.82,0.51,0.01,0.01,0.03,0.93,2033,6.7,291852,0.00610583446404342,2015-09-17 10:39:00,2.1,"Surface","Dairy","Corn-Alfalfa","Cultivated Crops","Cultivated Crops","No",,"Freeon silt loam heavy substratum","B/D","Moderately well drained",5.3,12,2015,"Summer",1,2,0,2,0,0,1,1,0,1,1,0,"Current crop",2,"Current spring + summer",,
"WF2","Non-Frozen","Storm","2015-12",2015-09-23 22:00:00,2015-09-24 00:30:00,217.1,0.03612,0.55,3,0.1833,0.84,0.72,0.38,0.25,0,0,1.37,1.51,2034,6.7,291852,0.0089264421693187,2015-09-23 21:11:00,0.816666666666667,"Surface","Dairy","Corn-Alfalfa","Cultivated Crops","Cultivated Crops","No",,"Freeon silt loam heavy substratum","B/D","Moderately well drained",5.3,12,2015,"Summer",1,2,0,2,0,0,1,1,0,1,1,0,"Current crop",2,"Current spring + summer",,
"WF2","Non-Frozen","Storm","2016-1",2015-10-31 07:45:00,2015-11-03 16:15:00,8417,0.1749,0.48,10.95,0.04384,0.12,0.12,0.08,0.07,0,0.27,1.29,1.47,2035,6.7,291852,0.346079519756589,2015-10-31 05:37:00,2.13333333333333,"Surface","Dairy","Corn-Alfalfa","Cultivated Crops","Cultivated Crops","No",,"Freeon silt loam heavy substratum","B/D","Moderately well drained",5.3,12,2016,"Fall",1,2,0,2,0,0,1,0,0,1,1,0,"Previous crop",0,"Previous summer + current fall",1,"Yes"
"WF2","Non-Frozen","Storm","2016-2",2015-11-12 01:00:00,2015-11-13 12:15:00,59270,2.485,2.06,26.68,0.0772,0.96,0.6,0.36,0.3,0,0,0.18,0.94,2036,6.7,291852,2.43698861066568,2015-11-11 21:53:00,3.11666666666667,"Surface","Dairy","Corn-Alfalfa","Cultivated Crops","Cultivated Crops","No",,"Freeon silt loam heavy substratum","B/D","Moderately well drained",5.3,12,2016,"Fall",1,2,0,2,0,0,1,0,0,1,1,0,"Previous crop",0,"Previous summer + current fall",1,"Yes"
"WF2","Non-Frozen","Storm","2016-3",2015-11-16 17:00:00,2015-11-19 18:30:00,25730,0.5574,1.05,65.47,0.01604,0.48,0.36,0.22,0.13,0,0,2.06,2.24,2037,6.7,291852,1.05793347313022,2015-11-16 14:25:00,2.58333333333333,"Surface","Dairy","Corn-Alfalfa","Cultivated Crops","Cultivated Crops","No",,"Freeon silt loam heavy substratum","B/D","Moderately well drained",5.3,12,2016,"Fall",1,2,0,2,0,0,1,0,0,1,1,0,"Previous crop",0,"Previous summer + current fall",1,"Yes"
"WF2","Non-Frozen","Storm","2016-4",2015-12-10 17:30:00,2015-12-11 18:45:00,1481,0.02188,0.18,1.917,0.09391,0.24,0.24,0.16,0.11,0,0.03,0.03,0.16,2038,6.7,291852,0.0608938777188438,,,"Surface","Dairy","Corn-Alfalfa","Cultivated Crops","Cultivated Crops","No",,"Freeon silt loam heavy substratum","B/D","Moderately well drained",5.3,12,2016,"Fall",1,2,0,2,0,0,1,0,0,1,1,0,"Previous crop",0,"Previous summer + current fall",1,"Yes"
"WF2","Non-Frozen","Storm","2016-5",2015-12-13 10:45:00,2015-12-17 05:05:00,45440,2.275,1.74,84.35,0.02063,0.36,0.36,0.3,0.27,0.01,0.01,0.22,0.35,2039,6.7,291852,1.86834422926689,2015-12-13 09:55:00,0.833333333333333,"Surface","Dairy","Corn-Alfalfa","Cultivated Crops","Cultivated Crops","No",,"Freeon silt loam heavy substratum","B/D","Moderately well drained",5.3,12,2016,"Fall",1,2,0,2,0,0,1,0,0,1,1,0,"Previous crop",0,"Previous summer + current fall",1,"Yes"
"WF2","Non-Frozen","Storm","2016-8",2016-03-15 13:00:00,2016-03-19 04:45:00,42860,0.8432,1.52,28.57,0.05321,0.84,0.48,0.24,0.17,0.01,0.01,0.01,0.03,2042,6.7,291852,1.76226306484108,2016-03-15 10:07:00,2.88333333333333,"Surface","Dairy","Corn-Alfalfa","Cultivated Crops","Cultivated Crops","No",,"Freeon silt loam heavy substratum","B/D","Moderately well drained",5.3,12,2016,"Spring",1,2,0,2,0,0,1,0,0,1,1,0,"Previous crop",2,"Current fall + spring",1,"Yes"
"WF2","Non-Frozen","Storm","2016-9",2016-03-27 10:15:00,2016-03-28 07:45:00,1404,0.04237,0.25,12.45,0.02008,0.12,0.12,0.08,0.06,0,0,0,1.53,2043,6.7,291852,0.0577278894782287,2016-03-27 00:42:00,9.55,"Surface","Dairy","Corn-Alfalfa","Cultivated Crops","Cultivated Crops","No",,"Freeon silt loam heavy substratum","B/D","Moderately well drained",5.3,12,2016,"Spring",1,2,0,2,0,0,1,0,0,1,1,0,"Previous crop",2,"Current fall + spring",1,"Yes"
"WF2","Non-Frozen","Storm","2016-10",2016-03-30 12:15:00,2016-04-01 20:45:00,10920,0.564,0.68,53.37,0.01274,0.36,0.3,0.2,0.13,0,0,0.25,0.75,2044,6.7,291852,0.448994695941779,2016-03-30 06:04:00,6.18333333333333,"Surface","Dairy","Corn-Alfalfa","Cultivated Crops","Cultivated Crops","No",,"Freeon silt loam heavy substratum","B/D","Moderately well drained",5.3,12,2016,"Spring",1,2,0,2,0,0,1,0,0,1,1,0,"Previous crop",2,"Current fall + spring",1,"Yes"
"WF2","Non-Frozen","Storm","2016-11",2016-06-15 00:45:00,2016-06-15 04:45:00,596.1,0.09291,0.71,2.55,0.2784,2.88,2.22,0.9,0.55,0.04,0.86,0.92,2.1,2045,6.7,291852,0.0245096829900086,2016-06-14 23:37:00,1.13333333333333,"Surface","Dairy","Corn-Alfalfa","Cultivated Crops","Cultivated Crops","No",,"Freeon silt loam heavy substratum","B/D","Moderately well drained",5.3,12,2016,"Summer",1,2,0,2,0,0,1,0,0,1,1,0,"Current crop",2,"Current spring + summer",,
"WF2","Non-Frozen","Storm","2016-12",2016-08-11 10:00:00,2016-08-11 14:45:00,6106,1.675,2.58,9.55,0.2702,3,2.34,1.6,0.87,0,0,0.81,0.81,2046,6.7,291852,0.251058755807738,2016-08-11 02:35:00,7.41666666666667,"Surface","Dairy","Corn-Alfalfa","Cultivated Crops","Cultivated Crops","No",,"Freeon silt loam heavy substratum","B/D","Moderately well drained",5.3,12,2016,"Summer",1,2,0,2,0,0,1,0,0,1,1,0,"Current crop",2,"Current spring + summer",,
"WF2","Non-Frozen","Storm","2016-13",2016-09-06 11:45:00,2016-09-07 10:15:00,19330,8.53,2.45,16.93,0.1447,5.28,4.38,2.08,1.17,0.3,0.33,0.33,0.97,2047,6.7,291852,0.794786398585585,2016-09-06 09:05:00,2.66666666666667,"Surface","Dairy","Corn-Alfalfa","Cultivated Crops","Cultivated Crops","No",,"Freeon silt loam heavy substratum","B/D","Moderately well drained",5.3,12,2016,"Summer",1,2,0,2,0,0,1,0,0,1,1,0,"Current crop",2,"Current spring + summer",,
"WF2","Non-Frozen","Storm","2016-14",2016-09-16 02:30:00,2016-09-16 09:00:00,687.3,0.0681,1.11,3.417,0.3249,1.68,1.26,0.76,0.67,0,0,0.04,2.87,2048,6.7,291852,0.0282595288022696,2016-09-15 23:59:00,2.51666666666667,"Surface","Dairy","Corn-Alfalfa","Cultivated Crops","Cultivated Crops","No",,"Freeon silt loam heavy substratum","B/D","Moderately well drained",5.3,12,2016,"Summer",1,2,0,2,0,0,1,0,0,1,1,0,"Current crop",2,"Current spring + summer",,
"WF2","Non-Frozen","Storm","2016-15",2016-09-21 23:15:00,2016-09-23 02:45:00,53270,9.184,1.98,10.4,0.1904,3.72,3.18,1.52,0.94,0.52,0.52,1.72,1.76,2049,6.7,291852,2.19028822828009,,,"Surface","Dairy","Corn-Alfalfa","Cultivated Crops","Cultivated Crops","No",,"Freeon silt loam heavy substratum","B/D","Moderately well drained",5.3,12,2016,"Summer",1,2,0,2,0,0,1,0,0,1,1,0,"Current crop",2,"Current spring + summer",,
"WF2","Non-Frozen","Storm","2016-16",2016-09-25 14:30:00,2016-09-25 21:45:00,1193,0.3008,0.27,3.483,0.07751,0.84,0.72,0.42,0.25,0,0.15,2.69,3.87,2050,6.7,291852,0.0490522593643354,2016-09-25 12:18:00,2.2,"Surface","Dairy","Corn-Alfalfa","Cultivated Crops","Cultivated Crops","No",,"Freeon silt loam heavy substratum","B/D","Moderately well drained",5.3,12,2016,"Summer",1,2,0,2,0,0,1,0,0,1,1,0,"Current crop",2,"Current spring + summer",,
"WF2","Non-Frozen","Storm","2017-3",2017-03-05 22:00:00,2017-03-06 03:00:00,396.2,0.02929,0,,,,,,,0,0,0,0.71,2053,6.7,291852,0.0162904485835286,,,"Surface","Dairy","Corn-Alfalfa","Cultivated Crops","Cultivated Crops","No",,"Freeon silt loam heavy substratum","B/D","Moderately well drained",5.3,12,2017,"Spring",1,1,0,1,0,0,1,0,0,1,1,0,"Previous crop",1,"Current fall + spring",1,"Yes"
"WF2","Non-Frozen","Storm","2017-4",2017-03-06 08:15:00,2017-03-09 01:15:00,21430,3.15,0.69,15.77,0.04376,3.24,2.4,1.02,0.6,0,0,0,0.71,2054,6.7,291852,0.881131532420542,,,"Surface","Dairy","Corn-Alfalfa","Cultivated Crops","Cultivated Crops","No",,"Freeon silt loam heavy substratum","B/D","Moderately well drained",5.3,12,2017,"Spring",1,1,0,1,0,0,1,0,0,1,1,0,"Previous crop",1,"Current fall + spring",1,"Yes"
"WF2","Non-Frozen","Storm","2017-5",2017-04-10 02:30:00,2017-04-10 04:30:00,314.8,0.0726,0.49,0.7333,0.6682,1.56,1.08,0.68,0.49,0.12,0.12,0.39,0.4,2055,6.7,291852,0.0129435467291641,,,"Surface","Dairy","Corn-Alfalfa","Cultivated Crops","Cultivated Crops","No",,"Freeon silt loam heavy substratum","B/D","Moderately well drained",5.3,12,2017,"Spring",1,1,0,1,0,0,1,0,0,1,1,0,"Previous crop",1,"Current fall + spring",1,"Yes"
"WF2","Non-Frozen","Storm","2017-6",2017-04-15 10:45:00,2017-04-15 20:15:00,3209,0.1798,0.37,6.683,0.05536,0.6,0.36,0.14,0.1,0.2,0.2,1.04,1.31,2056,6.7,291852,0.131943587845894,2017-04-15 09:18:00,1.45,"Surface","Dairy","Corn-Alfalfa","Cultivated Crops","Cultivated Crops","No",,"Freeon silt loam heavy substratum","B/D","Moderately well drained",5.3,12,2017,"Spring",1,1,0,1,0,0,1,0,0,1,1,0,"Previous crop",1,"Current fall + spring",1,"Yes"
"WF2","Non-Frozen","Storm","2017-7",2017-04-16 01:15:00,2017-04-16 09:30:00,5489,0.669,0.27,1.933,0.1397,2.52,1.32,0.5,0.25,0.54,0.57,1.41,1.68,2057,6.7,291852,0.22568973315242,,,"Surface","Dairy","Corn-Alfalfa","Cultivated Crops","Cultivated Crops","No",,"Freeon silt loam heavy substratum","B/D","Moderately well drained",5.3,12,2017,"Spring",1,1,0,1,0,0,1,0,0,1,1,0,"Previous crop",1,"Current fall + spring",1,"Yes"
"WF2","Non-Frozen","Storm","2017-8",2017-04-20 00:30:00,2017-04-20 19:00:00,9345,0.457,0.75,19.45,0.03856,0.6,0.48,0.26,0.21,0,0.11,1.05,1.79,2058,6.7,291852,0.384235845565561,2017-04-19 20:53:00,3.61666666666667,"Surface","Dairy","Corn-Alfalfa","Cultivated Crops","Cultivated Crops","No",,"Freeon silt loam heavy substratum","B/D","Moderately well drained",5.3,12,2017,"Spring",1,1,0,1,0,0,1,0,0,1,1,0,"Previous crop",1,"Current fall + spring",1,"Yes"
"WF2","Non-Frozen","Storm","2017-9",2017-05-01 05:30:00,2017-05-02 05:30:00,10650,0.3828,0.98,24.28,0.04036,0.84,0.72,0.64,0.48,0.02,0.02,0.7,1.57,2059,6.7,291852,0.437893178734427,2017-05-01 04:26:00,1.06666666666667,"Surface","Dairy","Corn-Alfalfa","Cultivated Crops","Cultivated Crops","No",,"Freeon silt loam heavy substratum","B/D","Moderately well drained",5.3,12,2017,"Spring",1,1,0,1,0,0,1,0,0,1,1,0,"Previous crop",1,"Current fall + spring",1,"Yes"
"WF2","Non-Frozen","Storm","2017-10",2017-05-17 06:15:00,2017-05-17 18:15:00,11660,0.8404,0.86,12.37,0.06954,2.4,1.62,0.7,0.46,0.63,0.9,0.9,1.35,2060,6.7,291852,0.479421076436002,2017-05-17 05:45:00,0.5,"Surface","Dairy","Corn-Alfalfa","Cultivated Crops","Cultivated Crops","No",,"Freeon silt loam heavy substratum","B/D","Moderately well drained",5.3,12,2017,"Spring",1,1,0,1,0,0,1,0,0,1,1,0,"Previous crop",1,"Current fall + spring",1,"Yes"
"WF2","Non-Frozen","Storm","2017-11",2017-05-17 21:45:00,2017-05-18 15:45:00,51770,15.92,1.72,14.32,0.1201,5.28,3.84,1.48,0.78,0.91,1.49,1.76,2.21,2061,6.7,291852,2.12861313268369,2017-05-17 21:19:00,0.433333333333333,"Surface","Dairy","Corn-Alfalfa","Cultivated Crops","Cultivated Crops","No",,"Freeon silt loam heavy substratum","B/D","Moderately well drained",5.3,12,2017,"Spring",1,1,0,1,0,0,1,0,0,1,1,0,"Previous crop",1,"Current fall + spring",1,"Yes"
"WF2","Non-Frozen","Storm","2017-12",2017-05-20 18:15:00,2017-05-21 03:45:00,9706,1.085,0.71,13.07,0.05434,0.36,0.24,0.16,0.14,0,0,3.48,3.93,2062,6.7,291852,0.399078985239094,2017-05-20 14:27:00,3.8,"Surface","Dairy","Corn-Alfalfa","Cultivated Crops","Cultivated Crops","No",,"Freeon silt loam heavy substratum","B/D","Moderately well drained",5.3,12,2017,"Spring",1,1,0,1,0,0,1,0,0,1,1,0,"Previous crop",1,"Current fall + spring",1,"Yes"
"WF2","Non-Frozen","Storm","2017-13",2017-06-03 06:30:00,2017-06-03 07:15:00,103.9,0.111,0.62,0.5,1.24,2.4,2.28,1.22,0.62,0,0,0.13,0.97,2063,6.7,291852,0.00427202828831051,,,"Surface","Dairy","Corn-Alfalfa","Cultivated Crops","Cultivated Crops","No",,"Freeon silt loam heavy substratum","B/D","Moderately well drained",5.3,12,2017,"Summer",1,1,0,1,0,0,1,0,0,1,1,0,"Current crop",1,"Current spring + summer",,
"WF2","Non-Frozen","Storm","2017-14",2017-06-11 14:30:00,2017-06-11 15:30:00,62,0.02623,0.39,0.85,0.4588,1.56,1.08,0.62,0.39,0,0,0.01,0.8,2064,6.7,291852,0.00254923728465112,,,"Surface","Dairy","Corn-Alfalfa","Cultivated Crops","Cultivated Crops","No",,"Freeon silt loam heavy substratum","B/D","Moderately well drained",5.3,12,2017,"Summer",1,1,0,1,0,0,1,0,0,1,1,0,"Current crop",1,"Current spring + summer",,
"WF2","Non-Frozen","Storm","2017-15",2017-06-18 04:45:00,2017-06-18 06:15:00,273.4,0.14,0.68,2.85,0.2386,0.96,0.78,0.7,0.52,0.29,0.29,1.61,1.62,2065,6.7,291852,0.0112413140907035,2017-06-18 03:17:00,1.46666666666667,"Surface","Dairy","Corn-Alfalfa","Cultivated Crops","Cultivated Crops","No",,"Freeon silt loam heavy substratum","B/D","Moderately well drained",5.3,12,2017,"Summer",1,1,0,1,0,0,1,0,0,1,1,0,"Current crop",1,"Current spring + summer",,
"WF2","Non-Frozen","Storm","2017-16",2017-07-01 05:30:00,2017-07-01 08:00:00,7091,4.206,1.24,1.35,0.9185,3.48,3,1.78,1.15,0.37,0.37,0.69,2.13,2066,6.7,291852,0.291558735249373,,,"Surface","Dairy","Corn-Alfalfa","Cultivated Crops","Cultivated Crops","No",,"Freeon silt loam heavy substratum","B/D","Moderately well drained",5.3,12,2017,"Summer",1,1,0,1,0,0,1,0,0,1,1,0,"Current crop",1,"Current spring + summer",,
"WF2","Non-Frozen","Storm","2017-17",2017-07-12 07:45:00,2017-07-12 09:30:00,31380,17.94,2.27,0.65,3.492,5.52,4.44,4.08,2.27,0,0,0.43,2.26,2067,6.7,291852,1.29024299987665,2017-07-12 07:35:00,0.166666666666667,"Surface","Dairy","Corn-Alfalfa","Cultivated Crops","Cultivated Crops","No",,"Freeon silt loam heavy substratum","B/D","Moderately well drained",5.3,12,2017,"Summer",1,1,0,1,0,0,1,0,0,1,1,0,"Current crop",1,"Current spring + summer",,
"WF2","Non-Frozen","Storm","2017-18",2017-08-17 12:30:00,2017-08-17 15:45:00,694.7,0.2374,0.49,3.95,0.1241,0.48,0.48,0.32,0.22,1.28,1.3,1.57,4.1,2068,6.7,291852,0.0285637926072119,2017-08-17 10:18:00,2.2,"Surface","Dairy","Corn-Alfalfa","Cultivated Crops","Cultivated Crops","No",,"Freeon silt loam heavy substratum","B/D","Moderately well drained",5.3,12,2017,"Summer",1,1,0,1,0,0,1,0,0,1,1,0,"Current crop",1,"Current spring + summer",,
