"USGS_Station_Number","Field_Name","discrete","estimated","estimated_flow_fraction","frozen","storm","unique_storm_number","n_sub_flow_events","Q_start","Q_end","runoff_volume","peak_discharge","rain_mm","duration_hr","Ievent_mm_hr","I5_mm_hr","I10_mm_hr","I15_mm_hr","I30_mm_hr","I60_mm_hr","energy_m1","erosivity_m1","energy_m2","erosivity_m2","ARFdays1_mm","ARFdays2_mm","ARFdays7_mm","ARFdays14_mm","suspended_sediment_conc_mgL","suspended_sediment_load_pounds","suspended_sediment_yield_pounds_per_acre","total_dissolved_solids_conc_mgL","total_dissolved_solids_load_pounds","total_dissolved_solids_yield_pounds_per_acre","orthophosphate_conc_mgL","orthophosphate_load_pounds","orthophosphate_yield_pounds_per_acre","total_phosphorus_unfiltered_conc_mgL","total_phosphorus_unfiltered_load_pounds","total_phosphorus_unfiltered_yield_pounds_per_acre","remark_suspended_sediment","remark_total_dissolved_solids","remark_orthophosphate","remark_total_phosphorus_unfiltered","WQ_event_id","BasinArea_ac","area_ft2","runoff_mm","Monitoring","FarmEnterprise","CropRotation","LandCover","LandCover_Updated","Tile","Tile_Notes","SoilType","Hydrologic_Group","DrainageClass","MeanSlope_per","Clay_Fraction","Water_Year","Season","Tillage_Basin_Coverage","Tillage_Total","Tillage_Fall","Tillage_Spring","Tillage_Summer","Tillage_Summer_Previous","Crop_Basin_Coverage","Previous_PerennialFrac","Current_PerennialFrac","Residue_Fall_Frac","Residue_Spring_Frac","PerennialFrac","Crop_Source","Tillage_Passes","Tillage_Window","Residue_Frac","Residue"
"USGS-451021089064901","AO1",0,0,0,"Frozen","Storm","2019-4",2,2019-04-17 20:54:00,2019-04-18 04:45:00,58920,4.81,36.576,8.883,4.11734,21.336,18.288,16.256,13.716,10.922,982.1,5.303,1050,5.669,0,0,0,14.478,326,1200,54,,,,0.301,1.11,0.0499,1.63,5.99,0.27,,,,,1,22.2,967032,18.5710669347033,"Surface","Potato","Potato-Alfalfa","Cultivated Crops","Cultivated Crops","No",,"Antigo silt loam","High-infiltration","Well drained",1.9,0.125,2019,"Pre-growing season",1,3,1,2,0,,1,1,0,0,0,1,"Previous crop",3,"Current post-growing season + pre-growing season",0,"No"
"USGS-451021089064901","AO1",1,0,0,"Non-Frozen","Storm","2019-9",1,2019-09-03 11:16:00,2019-09-03 11:53:00,121.1,0.1119,20.574,1.983,10.37336,91.44,74.676,62.992,38.608,19.558,803.8,12.22,780.7,11.87,16.51,16.51,23.876,29.464,1340,10.2,0.458,,,,1.78,0.0135,0.000606,8.1,0.0612,0.00276,,,,,2,22.2,967032,0.0381696572605663,"Surface","Potato","Potato-Alfalfa","Cultivated Crops","Cultivated Crops","No",,"Antigo silt loam","High-infiltration","Well drained",1.9,0.125,2019,"Growing season",1,3,1,2,0,,1,1,0,0,0,0,"Current crop",2,"Current pre-growing season + growing season",,
"USGS-451021089064901","AO1",0,0,0,"Frozen","Storm","2020-1",3,2020-03-26 19:15:00,2020-03-30 04:30:00,308900,3.709,21.082,38.82,0.543052,21.336,12.192,9.144,5.588,3.81,412.4,0.9073,462.2,1.017,0,0,14.986,39.878,28.8,556,25,,,,0.322,6.21,0.28,0.393,7.57,0.341,,,,,3,22.2,967032,97.362569180751,"Surface","Potato","Potato-Alfalfa","Cultivated Crops","Cultivated Crops","No",,"Antigo silt loam","High-infiltration","Well drained",1.9,0.125,2020,"Pre-growing season",1,1,0,1,0,0,1,0,1,0,0,0,"Previous crop",1,"Current post-growing season + pre-growing season",0,"No"
"USGS-451021089064901","AO1",0,0,0,"Frozen","Storm","2020-2",1,2020-03-30 16:15:00,2020-03-31 23:00:00,108800,6.622,0,,,,,,,,,,,,0.508,12.192,36.068,60.96,268,1820,82,,,,0.369,2.51,0.113,0.852,5.78,0.261,,,,,4,22.2,967032,34.2928052018961,"Surface","Potato","Potato-Alfalfa","Cultivated Crops","Cultivated Crops","No",,"Antigo silt loam","High-infiltration","Well drained",1.9,0.125,2020,"Pre-growing season",1,1,0,1,0,0,1,0,1,0,0,0,"Previous crop",1,"Current post-growing season + pre-growing season",0,"No"
"USGS-451021089064901","AO1",0,0,0,"Non-Frozen","Storm","2020-3",1,2020-05-26 20:30:00,2020-05-26 21:45:00,3021,1.685,28.702,2.233,12.8524,109.728,80.772,55.88,27.94,14.478,1142,12.56,1101,12.11,0,0.762,2.54,25.146,4180,789,35.5,,,,0.884,0.167,0.00751,14.3,2.7,0.121,,,,,5,22.2,967032,0.952192688556325,"Surface","Potato","Potato-Alfalfa","Cultivated Crops","Cultivated Crops","No",,"Antigo silt loam","High-infiltration","Well drained",1.9,0.125,2020,"Pre-growing season",1,1,0,1,0,0,1,0,1,0,0,0,"Previous crop",1,"Current post-growing season + pre-growing season",0,"No"
"USGS-451021089064901","AO1",0,0,0,"Non-Frozen","Storm","2020-5",1,2020-06-20 10:51:00,2020-06-20 22:00:00,20930,2.662,70.358,13.42,5.2451,33.528,28.956,27.432,21.336,19.304,2095,17.6,2144,18.01,12.192,12.192,12.192,60.96,156,204,9.18,,,,0.225,0.294,0.0132,0.758,0.991,0.0446,,,,,6,22.2,967032,6.59695232422505,"Surface","Potato","Potato-Alfalfa","Cultivated Crops","Cultivated Crops","No",,"Antigo silt loam","High-infiltration","Well drained",1.9,0.125,2020,"Growing season",1,1,0,1,0,0,1,0,1,0,0,1,"Current crop",1,"Current pre-growing season + growing season",,
"USGS-451021089064901","AO1",0,0,0,"Frozen","Storm","2021-1",2,2021-03-09,2021-03-11 11:00:00,261400,4.504,21.844,15.97,1.368044,15.24,12.192,12.192,9.144,6.604,506.3,1.823,564.8,2.033,0,0,0,1.016,7.2,97.4,4.39,,,,2.09,34,1.53,2.23,36.5,1.64,"<",,,,7,22.2,967032,82.3909860273496,"Surface","Potato","Potato-Alfalfa","Cultivated Crops","Cultivated Crops","No",,"Antigo silt loam","High-infiltration","Well drained",1.9,0.125,2021,"Pre-growing season",1,0,0,0,0,0,1,1,1,1,1,1,"Previous crop",0,"Current post-growing season + pre-growing season",1,"Yes"
"USGS-451021089064901","AO1",0,0,0,"Frozen","Storm","2022-1",1,2021-12-16 04:30:00,2021-12-16 08:15:00,5300,0.91,13.716,2.133,6.42874,60.96,33.528,26.416,14.732,12.954,506.8,2.939,496,2.877,1.524,1.524,1.524,1.524,30,9.93,0.447,,,,0.509,0.168,0.00759,0.775,0.256,0.0116,,,,,8,22.2,967032,1.67051348869531,"Surface","Potato","Potato-Alfalfa","Cultivated Crops","Cultivated Crops","No",,"Antigo silt loam","High-infiltration","Well drained",1.9,0.125,2022,"Post-growing season",1,0,0,0,0,0,1,1,1,1,1,1,"Previous crop",0,"Previous growing season + current post-growing season",1,"Yes"
"USGS-451021089064901","AO1",0,0,0,"Frozen","Storm","2022-3",1,2022-03-16 20:45:00,2022-03-20 21:15:00,272700,1.995,0,,,,,,,,,,,,0,0,0,22.606,11,187,8.43,,,,0.436,7.42,0.334,0.63,10.7,0.483,,,,,9,22.2,967032,85.9526468617378,"Surface","Potato","Potato-Alfalfa","Cultivated Crops","Cultivated Crops","No",,"Antigo silt loam","High-infiltration","Well drained",1.9,0.125,2022,"Pre-growing season",1,0,0,0,0,0,1,1,1,1,1,1,"Previous crop",0,"Current post-growing season + pre-growing season",1,"Yes"
"USGS-451021089064901","AO1",0,0,0,"Frozen","Storm","2023-1",1,2023-02-15 06:45:00,2023-02-17 00:36:00,26930,1.024,17.018,15.12,1.125728,12.192,10.668,8.128,5.588,3.81,304.3,0.6694,357.7,0.7869,0,0,0,0,13,21.9,0.984,,,,0.386,0.649,0.0292,0.485,0.815,0.0367,,,,,10,22.2,967032,8.48809966991785,"Surface","Potato","Potato-Alfalfa","Cultivated Crops","Cultivated Crops","No",,"Antigo silt loam","High-infiltration","Well drained",1.9,0.125,2023,"Pre-growing season",1,4,2,2,0,0,1,1,0,0,0,1,"Previous crop",4,"Current post-growing season + pre-growing season",0,"No"
"USGS-451337089035401","AO3",0,0,0,"Frozen","Storm","2021-1",2,2021-03-11 02:15:00,2021-03-12 03:04:00,158800,5.964,4.826,1.933,2.496312,12.192,9.144,8.128,6.096,3.556,102.2,0.2452,116,0.2785,15.748,15.748,15.748,16.256,51.9,515,23,,,,0.084,0.827,0.0369,0.237,2.34,0.105,,,,,11,22.4,975744,49.6054702872885,"Surface","Potato and vegetable","Potato-Alfalfa-Green Bean-Corn","Cultivated Crops","Cultivated Crops","No",,"Antigo silt loam","High-infiltration","Well drained",2.5,0.125,2021,"Pre-growing season",1,3,1,2,0,0,1,1,0,0,0,1,"Previous crop",3,"Current post-growing season + pre-growing season",0,"No"
"USGS-451337089035401","AO3",0,0,0,"Non-Frozen","Storm","2021-3",1,2021-05-25 01:24:00,2021-05-26 02:08:00,16760,12.89,28.194,24.23,1.16332,85.344,47.244,32.512,20.828,12.7,1028,8.43,997.9,8.183,0.508,1.016,21.844,25.908,49100,51300,2290,,,,0.08,0.0837,0.00374,75,78.5,3.5,,,,,12,22.4,975744,5.23543880362062,"Surface","Potato and vegetable","Potato-Alfalfa-Green Bean-Corn","Cultivated Crops","Cultivated Crops","No",,"Antigo silt loam","High-infiltration","Well drained",2.5,0.125,2021,"Pre-growing season",1,3,1,2,0,0,1,1,0,0,0,1,"Previous crop",3,"Current post-growing season + pre-growing season",0,"No"
"USGS-451337089035401","AO3",0,0,0,"Non-Frozen","Storm","2021-5",1,2021-05-31 21:30:00,2021-06-01 01:37:00,15350,6.924,16.764,2.383,7.03326,42.672,32.004,32.512,19.812,10.414,619.8,4.835,593.7,4.631,0,0.508,41.148,62.992,23500,22500,1000,,,,0.086,0.0824,0.00368,33.8,32.4,1.45,,,,,13,22.4,975744,4.79498720975994,"Surface","Potato and vegetable","Potato-Alfalfa-Green Bean-Corn","Cultivated Crops","Cultivated Crops","No",,"Antigo silt loam","High-infiltration","Well drained",2.5,0.125,2021,"Pre-growing season",1,3,1,2,0,0,1,1,0,0,0,1,"Previous crop",3,"Current post-growing season + pre-growing season",0,"No"
"USGS-451337089035401","AO3",0,0,0,"Non-Frozen","Storm","2021-6",1,2021-06-09 01:15:00,2021-06-09 03:18:00,14810,10.71,20.066,2.533,7.91972,36.576,32.004,29.464,23.876,16.002,674.1,6.336,658.6,6.191,0,0,1.016,31.75,25300,23400,1050,,,,0.091,0.0841,0.00376,27.7,25.6,1.14,,,,,14,22.4,975744,4.6263036206218,"Surface","Potato and vegetable","Potato-Alfalfa-Green Bean-Corn","Cultivated Crops","Cultivated Crops","No",,"Antigo silt loam","High-infiltration","Well drained",2.5,0.125,2021,"Growing season",1,3,1,2,0,0,1,1,0,0,0,0,"Current crop",2,"Current pre-growing season + growing season",,
"USGS-451337089035401","AO3",0,0,0,"Non-Frozen","Storm","2021-7",1,2021-06-10 23:57:00,2021-06-11 20:57:00,24040,14.42,8.382,20.55,0.407924,12.192,7.62,7.112,4.064,2.794,170,0.272,186.5,0.2984,0,20.32,20.32,40.386,68400,103000,4580,,,,0.11,0.165,0.00737,66.1,99.2,4.43,,,,,15,22.4,975744,7.50954348681621,"Surface","Potato and vegetable","Potato-Alfalfa-Green Bean-Corn","Cultivated Crops","Cultivated Crops","No",,"Antigo silt loam","High-infiltration","Well drained",2.5,0.125,2021,"Growing season",1,3,1,2,0,0,1,1,0,0,0,0,"Current crop",2,"Current pre-growing season + growing season",,
"USGS-451337089035401","AO3",0,0,0,"Non-Frozen","Storm","2021-8",1,2021-06-21 02:11:00,2021-06-21 06:00:00,14640,6.433,25.654,8.317,3.08356,24.384,18.288,19.304,15.748,11.176,698.8,4.333,733.7,4.549,0,0.508,2.54,31.242,8990,8220,367,,,,0.091,0.0832,0.00371,8.78,8.03,0.358,,,,,16,22.4,975744,4.57319952774498,"Surface","Potato and vegetable","Potato-Alfalfa-Green Bean-Corn","Cultivated Crops","Cultivated Crops","No",,"Antigo silt loam","High-infiltration","Well drained",2.5,0.125,2021,"Growing season",1,3,1,2,0,0,1,1,0,0,0,0,"Current crop",2,"Current pre-growing season + growing season",,
"USGS-451337089035401","AO3",0,0,0,"Non-Frozen","Storm","2021-12",1,2021-07-06 20:50:00,2021-07-07 17:00:00,7483,3.867,39.116,19.33,2.023364,106.68,73.152,50.8,25.4,12.7,1213,12.13,1233,12.33,1.524,10.922,13.97,65.532,10700,4990,223,,,,0.191,0.0892,0.00398,17.9,8.36,0.373,,,,,17,22.4,975744,2.33751721763085,"Surface","Potato and vegetable","Potato-Alfalfa-Green Bean-Corn","Cultivated Crops","Cultivated Crops","No",,"Antigo silt loam","High-infiltration","Well drained",2.5,0.125,2021,"Growing season",1,3,1,2,0,0,1,1,0,0,0,0,"Current crop",2,"Current pre-growing season + growing season",,
"USGS-451337089035401","AO3",0,0,0,"Non-Frozen","Storm","2021-14",1,2021-07-20 08:15:00,2021-07-24 15:00:00,6758,2.775,26.162,31.62,0.827532,42.672,39.624,34.544,23.876,16.51,832.3,7.823,821.5,7.722,0,0,0,16.764,4980,2100,93.7,,,,0.192,0.081,0.00362,10.2,4.3,0.192,,,,,18,22.4,975744,2.11104388036206,"Surface","Potato and vegetable","Potato-Alfalfa-Green Bean-Corn","Cultivated Crops","Cultivated Crops","No",,"Antigo silt loam","High-infiltration","Well drained",2.5,0.125,2021,"Growing season",1,3,1,2,0,0,1,1,0,0,0,0,"Current crop",2,"Current pre-growing season + growing season",,
"USGS-451337089035401","AO3",0,0,0,"Non-Frozen","Storm","2021-17",1,2021-08-08 02:06:00,2021-08-09 10:45:00,14440,5.649,66.802,37.42,1.785366,112.776,83.82,61.976,33.02,20.32,2083,27.08,2114,27.48,0,1.016,2.54,33.274,6460,5820,260,,,,0.23,0.207,0.00926,11.7,10.5,0.471,,,,,19,22.4,975744,4.51072412436049,"Surface","Potato and vegetable","Potato-Alfalfa-Green Bean-Corn","Cultivated Crops","Cultivated Crops","No",,"Antigo silt loam","High-infiltration","Well drained",2.5,0.125,2021,"Growing season",1,3,1,2,0,0,1,1,0,0,0,0,"Current crop",2,"Current pre-growing season + growing season",,
"USGS-451337089035401","AO3",0,0,0,"Non-Frozen","Storm","2021-18",1,2021-08-11 18:20:00,2021-08-11 21:45:00,4327,3.316,16.002,1.6,10.00252,79.248,64.008,54.864,30.988,15.494,641.4,7.825,617.2,7.53,0,0,67.818,77.216,5440,1470,65.6,,,,0.847,0.229,0.0102,12.2,3.3,0.147,,,,,20,22.4,975744,1.35165535222353,"Surface","Potato and vegetable","Potato-Alfalfa-Green Bean-Corn","Cultivated Crops","Cultivated Crops","No",,"Antigo silt loam","High-infiltration","Well drained",2.5,0.125,2021,"Growing season",1,3,1,2,0,0,1,1,0,0,0,0,"Current crop",2,"Current pre-growing season + growing season",,
"USGS-451337089035401","AO3",0,0,0,"Non-Frozen","Storm","2021-24",1,2021-09-21 01:55:00,2021-09-21 05:15:00,14520,6.473,25.654,3.283,7.81304,76.2,64.008,53.848,40.64,23.368,970.1,15.52,939.8,15.04,0,0,5.588,14.986,5050,4580,204,,,,0.136,0.123,0.0055,10.2,9.25,0.413,,,,,21,22.4,975744,4.53571428571429,"Surface","Potato and vegetable","Potato-Alfalfa-Green Bean-Corn","Cultivated Crops","Cultivated Crops","No",,"Antigo silt loam","High-infiltration","Well drained",2.5,0.125,2021,"Growing season",1,3,1,2,0,0,1,1,0,0,0,0,"Current crop",2,"Current pre-growing season + growing season",,
"USGS-451337089035401","AO3",0,0,0,"Frozen","Storm","2022-4",1,2021-12-16 04:56:00,2021-12-16 20:52:00,6319,0.3702,12.954,3.15,4.11226,60.96,33.528,24.384,13.716,11.938,482.5,2.605,467.2,2.523,1.27,1.27,1.27,1.27,287,113,5.05,,,,0.152,0.06,0.00268,0.664,0.262,0.0117,,,,,22,22.4,975744,1.9739103699331,"Surface","Potato and vegetable","Potato-Alfalfa-Green Bean-Corn","Cultivated Crops","Cultivated Crops","No",,"Antigo silt loam","High-infiltration","Well drained",2.5,0.125,2022,"Post-growing season",1,5,2,0,3,0,1,0,0,0,0,0,"Previous crop",2,"Previous growing season + current post-growing season",0,"No"
"USGS-451337089035401","AO3",0,0,0,"Frozen","Storm","2022-6",1,2022-03-17 08:15:00,2022-03-26 13:08:00,136900,1.354,34.544,106,0.326136,15.24,15.24,14.224,12.192,9.144,678.3,3.256,731.7,3.512,0,0,0,0,51,436,19.5,,,,0.03,0.256,0.0114,0.187,1.6,0.0713,,,,,23,22.4,975744,42.7644136166864,"Surface","Potato and vegetable","Potato-Alfalfa-Green Bean-Corn","Cultivated Crops","Cultivated Crops","No",,"Antigo silt loam","High-infiltration","Well drained",2.5,0.125,2022,"Pre-growing season",1,5,2,0,3,0,1,0,0,0,0,0,"Previous crop",2,"Current post-growing season + pre-growing season",0,"No"
"USGS-451337089035401","AO3",0,0,0,"Frozen","Storm","2022-8",1,2022-04-12 15:00:00,2022-04-14 05:41:00,34390,4.719,22.352,29.45,0.758952,45.72,30.48,31.496,17.272,9.906,606.5,4.124,606.1,4.122,0,0,18.288,32.512,7480,16100,717,,,,0.044,0.0945,0.00422,14.8,31.8,1.42,,,,,24,22.4,975744,10.7426456119638,"Surface","Potato and vegetable","Potato-Alfalfa-Green Bean-Corn","Cultivated Crops","Cultivated Crops","No",,"Antigo silt loam","High-infiltration","Well drained",2.5,0.125,2022,"Pre-growing season",1,5,2,0,3,0,1,0,0,0,0,0,"Previous crop",2,"Current post-growing season + pre-growing season",0,"No"
"USGS-451337089035401","AO3",0,0,0,"Non-Frozen","Storm","2022-11",1,2022-04-20 23:06:00,2022-04-21 10:30:00,10880,1.602,10.668,5.817,1.834134,12.192,9.144,8.128,6.096,4.572,216,0.5183,255.4,0.613,0,0,8.382,31.75,1000,681,30.4,,,,0.034,0.0231,0.00103,3.44,2.34,0.104,,,,,25,22.4,975744,3.39866194411649,"Surface","Potato and vegetable","Potato-Alfalfa-Green Bean-Corn","Cultivated Crops","Cultivated Crops","No",,"Antigo silt loam","High-infiltration","Well drained",2.5,0.125,2022,"Pre-growing season",1,5,2,0,3,0,1,0,0,0,0,0,"Previous crop",2,"Current post-growing season + pre-growing season",0,"No"
"USGS-451337089035401","AO3",0,0,0,"Non-Frozen","Storm","2022-13",1,2022-04-30 19:30:00,2022-05-01 04:05:00,2623,0.6086,26.924,8.317,3.2385,30.48,25.908,24.384,17.272,10.922,784.7,5.336,808,5.494,0.254,0.254,5.08,19.558,5040,825,36.8,,,,0.102,0.0167,0.000746,15.2,2.49,0.111,,,,,26,22.4,975744,0.819364915387643,"Surface","Potato and vegetable","Potato-Alfalfa-Green Bean-Corn","Cultivated Crops","Cultivated Crops","No",,"Antigo silt loam","High-infiltration","Well drained",2.5,0.125,2022,"Pre-growing season",1,5,2,0,3,0,1,0,0,0,0,0,"Previous crop",2,"Current post-growing season + pre-growing season",0,"No"
"USGS-451337089035401","AO3",0,0,0,"Non-Frozen","Storm","2022-14",1,2022-05-12 08:08:00,2022-05-13 01:00:00,2924,1.36,28.956,17.6,1.645158,60.96,44.196,32.512,17.78,10.922,1003,7.018,970.8,6.796,0,0.508,0.508,33.02,7350,1340,59.9,,,,0.065,0.0119,0.00053,16.9,3.08,0.138,,,,,27,22.4,975744,0.913390397481307,"Surface","Potato and vegetable","Potato-Alfalfa-Green Bean-Corn","Cultivated Crops","Cultivated Crops","No",,"Antigo silt loam","High-infiltration","Well drained",2.5,0.125,2022,"Pre-growing season",1,5,2,0,3,0,1,0,0,0,0,0,"Previous crop",2,"Current post-growing season + pre-growing season",0,"No"
"USGS-451337089035401","AO3",0,0,0,"Non-Frozen","Storm","2022-16",1,2022-05-20 00:15:00,2022-05-20 15:00:00,23600,6.58,37.338,17.9,2.085848,60.96,47.244,36.576,23.368,16.764,1144,10.52,1153,10.61,11.43,11.938,25.654,42.672,10300,15100,675,,,,0.103,0.152,0.00678,20.8,30.7,1.37,,,,,28,22.4,975744,7.37209759937033,"Surface","Potato and vegetable","Potato-Alfalfa-Green Bean-Corn","Cultivated Crops","Cultivated Crops","No",,"Antigo silt loam","High-infiltration","Well drained",2.5,0.125,2022,"Pre-growing season",1,5,2,0,3,0,1,0,0,0,0,0,"Previous crop",2,"Current post-growing season + pre-growing season",0,"No"
"USGS-451337089035401","AO3",0,0,0,"Non-Frozen","Storm","2022-17",1,2022-06-15 22:57:00,2022-06-16 01:45:00,5535,2.665,13.462,2.183,6.16458,79.248,50.292,36.576,23.876,13.208,503.9,4.736,490.4,4.61,0.508,4.064,18.288,22.352,18600,6430,287,,,,0.082,0.0283,0.00126,16.6,5.74,0.256,,,,,29,22.4,975744,1.72900678866588,"Surface","Potato and vegetable","Potato-Alfalfa-Green Bean-Corn","Cultivated Crops","Cultivated Crops","No",,"Antigo silt loam","High-infiltration","Well drained",2.5,0.125,2022,"Growing season",1,5,2,0,3,0,1,0,0,0,0,0,"Current crop",3,"Current pre-growing season + growing season",,
"USGS-451337089035401","AO3",0,0,0,"Non-Frozen","Storm","2022-24",1,2022-08-07 03:22:00,2022-08-08 12:30:00,33800,9.316,38.862,31.75,1.224026,51.816,36.576,32.512,26.416,21.844,1383,14.38,1312,13.64,0,0,16.256,27.686,3880,8180,365,,,,0.132,0.279,0.0124,7.41,15.6,0.698,,,,,30,22.4,975744,10.5583431719795,"Surface","Potato and vegetable","Potato-Alfalfa-Green Bean-Corn","Cultivated Crops","Cultivated Crops","No",,"Antigo silt loam","High-infiltration","Well drained",2.5,0.125,2022,"Growing season",1,5,2,0,3,0,1,0,0,0,0,0,"Current crop",3,"Current pre-growing season + growing season",,
"USGS-451337089035401","AO3",0,0,0,"Non-Frozen","Storm","2022-25",1,2022-08-13 08:16:00,2022-08-13 16:45:00,5875,2.226,25.146,8.7,2.89052,57.912,38.1,28.448,15.748,9.144,776.7,4.815,781,4.842,0,0,38.862,55.118,2230,818,36.5,,,,0.153,0.0561,0.0025,5.49,2.01,0.0899,,,,,31,22.4,975744,1.83521497441952,"Surface","Potato and vegetable","Potato-Alfalfa-Green Bean-Corn","Cultivated Crops","Cultivated Crops","No",,"Antigo silt loam","High-infiltration","Well drained",2.5,0.125,2022,"Growing season",1,5,2,0,3,0,1,0,0,0,0,0,"Current crop",3,"Current pre-growing season + growing season",,
"USGS-451337089035401","AO3",0,0,0,"Non-Frozen","Storm","2023-3",1,2022-11-10 22:48:00,2022-11-11 01:30:00,3722,0.9588,19.812,1.65,12.00658,36.576,28.956,25.4,19.812,14.478,724.4,5.65,693,5.405,0,8.89,53.848,53.848,474,110,4.92,,,,0.173,0.0402,0.00179,1.46,0.339,0.0151,,,,,32,22.4,975744,1.16266725698544,"Surface","Potato and vegetable","Potato-Alfalfa-Green Bean-Corn","Cultivated Crops","Cultivated Crops","No",,"Antigo silt loam","High-infiltration","Well drained",2.5,0.125,2023,"Post-growing season",1,2,0,1,1,3,1,0,1,0,0,0,"Previous crop",3,"Previous growing season + current post-growing season",0,"No"
"USGS-451337089035401","AO3",0,0,0,"Frozen","Storm","2023-6",3,2023-04-03 19:34:00,2023-04-13 05:15:00,371600,6.117,12.192,19.28,0.632206,21.336,15.24,12.192,9.144,6.858,327.6,1.179,335.9,1.209,0,0,37.592,37.592,22.6,508,22.7,,,,0.258,5.99,0.268,0.46,10.7,0.476,"<",,,,33,22.4,975744,116.07929948839,"Surface","Potato and vegetable","Potato-Alfalfa-Green Bean-Corn","Cultivated Crops","Cultivated Crops","No",,"Antigo silt loam","High-infiltration","Well drained",2.5,0.125,2023,"Pre-growing season",1,2,0,1,1,3,1,0,1,0,0,0,"Previous crop",1,"Current post-growing season + pre-growing season",0,"No"
"USGS-451337089035401","AO3",0,0,0,"Non-Frozen","Storm","2023-11",1,2023-07-05 08:56:00,2023-07-05 10:53:00,3369,2.175,18.288,2.017,9.0678,91.44,65.532,46.736,26.416,14.732,627.3,6.524,642.7,6.684,0,0,0,19.05,3760,791,35.3,,,,0.257,0.054,0.00241,11.8,2.48,0.111,,,,,34,22.4,975744,1.05239817001181,"Surface","Potato and vegetable","Potato-Alfalfa-Green Bean-Corn","Cultivated Crops","Cultivated Crops","No",,"Antigo silt loam","High-infiltration","Well drained",2.5,0.125,2023,"Growing season",1,2,0,1,1,3,1,0,1,0,0,1,"Current crop",2,"Current pre-growing season + growing season",,
"USGS-451337089035401","AO3",0,0,0,"Non-Frozen","Storm","2023-13",1,2023-07-24 19:46:00,2023-07-24 23:15:00,15930,3.916,0.508,2.1,0.2419096,3.048,1.524,1.016,0.508,0.254,11.87,0.002375,9.899,0.00198,0,17.78,31.75,53.34,2770,2750,123,,,,0.29,0.288,0.0129,8.61,8.56,0.382,,,,,35,22.4,975744,4.97616587957497,"Surface","Potato and vegetable","Potato-Alfalfa-Green Bean-Corn","Cultivated Crops","Cultivated Crops","No",,"Antigo silt loam","High-infiltration","Well drained",2.5,0.125,2023,"Growing season",1,2,0,1,1,3,1,0,1,0,0,1,"Current crop",2,"Current pre-growing season + growing season",,
"USGS-451337089035401","AO3",0,0,0,"Non-Frozen","Storm","2023-14",1,2023-07-28 00:55:00,2023-07-28 05:25:00,23310,8.058,17.78,4.067,4.37134,57.912,41.148,34.544,22.352,12.446,560.6,4.933,567.2,4.992,0,1.524,24.638,35.56,1570,2280,102,,,,0.208,0.303,0.0135,4.72,6.87,0.307,,,,,36,22.4,975744,7.28150826446281,"Surface","Potato and vegetable","Potato-Alfalfa-Green Bean-Corn","Cultivated Crops","Cultivated Crops","No",,"Antigo silt loam","High-infiltration","Well drained",2.5,0.125,2023,"Growing season",1,2,0,1,1,3,1,0,1,0,0,1,"Current crop",2,"Current pre-growing season + growing season",,
"USGS-451337089035401","AO3",0,0,0,"Non-Frozen","Storm","2023-15",1,2023-07-29 00:45:00,2023-07-29 05:15:00,16930,4.646,36.068,1.45,24.87422,67.056,62.484,49.784,35.052,34.036,1464,20.21,1374,18.96,17.78,17.78,40.894,53.34,510,539,24.1,,,,0.174,0.184,0.00821,1.83,1.93,0.0863,,,,,37,22.4,975744,5.28854289649744,"Surface","Potato and vegetable","Potato-Alfalfa-Green Bean-Corn","Cultivated Crops","Cultivated Crops","No",,"Antigo silt loam","High-infiltration","Well drained",2.5,0.125,2023,"Growing season",1,2,0,1,1,3,1,0,1,0,0,1,"Current crop",2,"Current pre-growing season + growing season",,
"USGS-451337089035401","AO3",0,0,0,"Non-Frozen","Storm","2023-16",1,2023-08-17 05:25:00,2023-08-17 08:45:00,15410,4.261,22.352,1.683,13.27912,39.624,30.48,29.464,21.336,21.082,840.2,7.058,809.1,6.796,0,0,12.7,20.066,476,458,20.4,,,,0.285,0.274,0.0122,1.84,1.77,0.079,,,,,38,22.4,975744,4.81372983077529,"Surface","Potato and vegetable","Potato-Alfalfa-Green Bean-Corn","Cultivated Crops","Cultivated Crops","No",,"Antigo silt loam","High-infiltration","Well drained",2.5,0.125,2023,"Growing season",1,2,0,1,1,3,1,0,1,0,0,1,"Current crop",2,"Current pre-growing season + growing season",,
"USGS-423740088592701","AR1",0,0,0,"Frozen","Storm","2017-3",1,2017-01-16 17:45:00,2017-01-17 22:30:00,3368,0.3365,5.334,14.67,0.363728,6.096,6.096,5.08,4.572,3.556,104.3,0.1878,116.4,0.2095,0.254,0.254,11.938,11.938,197,41.4,2.24,80,16.8,0.909,2.27,0.477,0.0258,2.85,0.599,0.0324,,,,,39,18.5,805860,1.27387685205867,"Surface","Beef and cash crop (grain and specialty)","Corn-Alfalfa","Cultivated Crops","Cultivated Crops","No",,"Warsaw silt loam","High-infiltration","Well drained",1.9,0.235,2017,"Pre-growing season",1,3,1,2,0,,1,0,1,1,1,0,"Previous crop",3,"Current post-growing season + pre-growing season",1,"Yes"
"USGS-423740088592701","AR1",1,0,0,"Frozen","Storm","2017-4",2,2017-01-19 23:30:00,2017-01-20 15:15:00,6440,0.8096,6.35,11.98,0.529844,6.096,4.572,4.064,3.048,2.286,111.7,0.134,128.7,0.1544,0,0,5.588,17.272,123,49.5,2.67,214,86,4.65,3.11,1.25,0.0676,3.78,1.52,0.0823,,,,,40,18.5,805860,2.43579778125233,"Surface","Beef and cash crop (grain and specialty)","Corn-Alfalfa","Cultivated Crops","Cultivated Crops","No",,"Warsaw silt loam","High-infiltration","Well drained",1.9,0.235,2017,"Pre-growing season",1,3,1,2,0,,1,0,1,1,1,0,"Previous crop",3,"Current post-growing season + pre-growing season",1,"Yes"
"USGS-423740088592701","AR1",0,0,0,"Non-Frozen","Storm","2017-5",1,2017-05-01 03:21:00,2017-05-01 06:45:00,955.1,0.3756,21.59,6.517,3.31216,33.528,22.86,22.352,14.732,13.208,644.5,3.738,653.2,3.789,7.366,12.446,39.878,45.974,817,48.7,2.63,66,3.94,0.213,0.366,0.0218,0.00118,1.88,0.112,0.00606,,,,,41,18.5,805860,0.361246965974239,"Surface","Beef and cash crop (grain and specialty)","Corn-Alfalfa","Cultivated Crops","Cultivated Crops","No",,"Warsaw silt loam","High-infiltration","Well drained",1.9,0.235,2017,"Pre-growing season",1,3,1,2,0,,1,0,1,1,1,0,"Previous crop",3,"Current post-growing season + pre-growing season",1,"Yes"
"USGS-423740088592701","AR1",0,0,0,"Non-Frozen","Storm","2017-6",1,2017-05-17 23:33:00,2017-05-18 01:15:00,3398,1.586,21.082,0.35,60.2234,131.064,111.252,82.296,42.164,21.082,893,14.82,871.7,14.47,0,15.24,18.542,39.116,1410,299,16.2,32,6.79,0.367,0.191,0.0405,0.00219,1.89,0.401,0.0217,,,,,42,18.5,805860,1.28522373613283,"Surface","Beef and cash crop (grain and specialty)","Corn-Alfalfa","Cultivated Crops","Cultivated Crops","No",,"Warsaw silt loam","High-infiltration","Well drained",1.9,0.235,2017,"Pre-growing season",1,3,1,2,0,,1,0,1,1,1,0,"Previous crop",3,"Current post-growing season + pre-growing season",1,"Yes"
"USGS-423740088592701","AR1",0,0,0,"Non-Frozen","Storm","2017-9",1,2017-05-21 07:41:00,2017-05-21 09:15:00,1292,0.5709,9.398,0.2667,35.2552,70.104,47.244,36.576,18.796,9.398,381.4,2.822,367.2,2.717,15.748,21.59,64.262,82.804,991,79.9,4.32,36,2.9,0.157,0.162,0.0131,0.000706,1.61,0.13,0.00702,,,,,43,18.5,805860,0.48867247412702,"Surface","Beef and cash crop (grain and specialty)","Corn-Alfalfa","Cultivated Crops","Cultivated Crops","No",,"Warsaw silt loam","High-infiltration","Well drained",1.9,0.235,2017,"Pre-growing season",1,3,1,2,0,,1,0,1,1,1,0,"Previous crop",3,"Current post-growing season + pre-growing season",1,"Yes"
"USGS-423740088592701","AR1",0,0,0,"Non-Frozen","Storm","2017-10",1,2017-05-23 00:19:00,2017-05-23 02:00:00,1370,0.5847,11.43,0.6333,18.0467,57.912,48.768,37.592,21.336,11.43,447.2,3.756,427.9,3.595,0,9.398,73.66,92.202,644,55.1,2.98,26,2.22,0.12,0.14,0.012,0.000647,1.16,0.0992,0.00536,,,,,44,18.5,805860,0.518174372719827,"Surface","Beef and cash crop (grain and specialty)","Corn-Alfalfa","Cultivated Crops","Cultivated Crops","No",,"Warsaw silt loam","High-infiltration","Well drained",1.9,0.235,2017,"Pre-growing season",1,3,1,2,0,,1,0,1,1,1,0,"Previous crop",3,"Current post-growing season + pre-growing season",1,"Yes"
"USGS-423740088592701","AR1",0,0,0,"Non-Frozen","Storm","2017-11",1,2017-05-23 19:24:00,2017-05-23 22:10:00,21280,5.544,29.464,2.683,10.98042,82.296,57.912,46.736,32.004,25.908,1104,13.92,1060,13.36,11.43,11.43,69.85,95.504,477,634,34.2,24,31.9,1.72,0.14,0.186,0.0101,0.942,1.25,0.0676,,,,,45,18.5,805860,8.04872310326856,"Surface","Beef and cash crop (grain and specialty)","Corn-Alfalfa","Cultivated Crops","Cultivated Crops","No",,"Warsaw silt loam","High-infiltration","Well drained",1.9,0.235,2017,"Pre-growing season",1,3,1,2,0,,1,0,1,1,1,0,"Previous crop",3,"Current post-growing season + pre-growing season",1,"Yes"
"USGS-423740088592701","AR1",1,0,0,"Non-Frozen","Storm","2017-12",1,2017-05-28 11:34:00,2017-05-28 13:45:00,687.5,0.3416,16.002,2,8.001,82.296,50.292,35.56,19.812,11.43,532.8,4.156,545,4.251,0,6.604,50.292,123.952,2410,103,5.59,42,1.8,0.0974,0.19,0.00815,0.000441,3.76,0.161,0.00872,,,,,46,18.5,805860,0.26003276003276,"Surface","Beef and cash crop (grain and specialty)","Corn-Alfalfa","Cultivated Crops","Cultivated Crops","No",,"Warsaw silt loam","High-infiltration","Well drained",1.9,0.235,2017,"Pre-growing season",1,3,1,2,0,,1,0,1,1,1,0,"Previous crop",3,"Current post-growing season + pre-growing season",1,"Yes"
"USGS-423740088592701","AR1",0,0,0,"Non-Frozen","Storm","2017-14",1,2017-06-29 06:01:00,2017-06-29 07:30:00,2774,1.165,36.576,5.55,6.5913,100.584,62.484,48.768,26.416,18.542,1343,13.97,1315,13.67,3.302,3.302,34.544,67.818,350,60.6,3.28,26,4.5,0.243,0.416,0.072,0.00389,1.13,0.196,0.0106,,,,,47,18.5,805860,1.04920854739037,"Surface","Beef and cash crop (grain and specialty)","Corn-Alfalfa","Cultivated Crops","Cultivated Crops","No",,"Warsaw silt loam","High-infiltration","Well drained",1.9,0.235,2017,"Growing season",1,3,1,2,0,,1,0,1,1,1,1,"Current crop",2,"Current pre-growing season + growing season",,
"USGS-423740088592701","AR1",0,0,0,"Non-Frozen","Storm","2017-15",2,2017-07-12 11:15:00,2017-07-12 14:45:00,6510,2.475,46.736,7.25,6.44652,124.968,82.296,56.896,49.784,28.956,1744,34.19,1700,33.32,2.54,37.084,37.592,94.742,50.1,20.4,1.1,18.5,7.5,0.405,0.288,0.117,0.00633,0.418,0.17,0.00919,,,,,48,18.5,805860,2.46227384409203,"Surface","Beef and cash crop (grain and specialty)","Corn-Alfalfa","Cultivated Crops","Cultivated Crops","No",,"Warsaw silt loam","High-infiltration","Well drained",1.9,0.235,2017,"Growing season",1,3,1,2,0,,1,0,1,1,1,1,"Current crop",2,"Current pre-growing season + growing season",,
"USGS-423740088592701","AR1",0,0,0,"Non-Frozen","Storm","2017-16",1,2017-07-16 06:52:00,2017-07-16 08:30:00,6341,2.868,28.448,0.8333,34.1376,103.632,94.488,90.424,54.864,28.448,1189,25.69,1161,25.07,0,0,85.598,99.822,54,21.4,1.16,23,9.1,0.492,0.291,0.115,0.00623,0.421,0.167,0.00901,,,,,49,18.5,805860,2.39835306380761,"Surface","Beef and cash crop (grain and specialty)","Corn-Alfalfa","Cultivated Crops","Cultivated Crops","No",,"Warsaw silt loam","High-infiltration","Well drained",1.9,0.235,2017,"Growing season",1,3,1,2,0,,1,0,1,1,1,1,"Current crop",2,"Current pre-growing season + growing season",,
"USGS-423740088592701","AR1",0,0,0,"Non-Frozen","Storm","2017-18",1,2017-07-21 23:32:00,2017-07-22 01:15:00,17030,7.01,34.544,1.783,19.37004,146.304,135.636,107.696,67.564,34.29,1454,38.67,1412,37.55,0.508,67.564,96.012,181.61,18,19.1,1.03,18,19.1,1.03,0.187,0.199,0.0107,0.266,0.283,0.0153,,,,,50,18.5,805860,6.44124785942968,"Surface","Beef and cash crop (grain and specialty)","Corn-Alfalfa","Cultivated Crops","Cultivated Crops","No",,"Warsaw silt loam","High-infiltration","Well drained",1.9,0.235,2017,"Growing season",1,3,1,2,0,,1,0,1,1,1,1,"Current crop",2,"Current pre-growing season + growing season",,
"USGS-423740088592701","AR1",0,0,0,"Non-Frozen","Storm","2017-19",1,2017-07-27 02:17:00,2017-07-27 04:00:00,9629,4.283,41.402,1.767,23.43404,103.632,100.584,96.52,61.468,38.608,1653,40.01,1613,39.04,0,0,121.92,150.368,13,7.81,0.422,20,12,0.65,0.175,0.105,0.00569,0.256,0.154,0.00832,,,,,51,18.5,805860,3.64197155833519,"Surface","Beef and cash crop (grain and specialty)","Corn-Alfalfa","Cultivated Crops","Cultivated Crops","No",,"Warsaw silt loam","High-infiltration","Well drained",1.9,0.235,2017,"Growing season",1,3,1,2,0,,1,0,1,1,1,1,"Current crop",2,"Current pre-growing season + growing season",,
"USGS-423740088592701","AR1",0,0,0,"Non-Frozen","Storm","2017-20",1,2017-08-10 20:33:00,2017-08-10 22:15:00,2130,0.71,15.494,0.3667,42.2656,88.392,77.724,58.928,30.988,15.494,646.5,7.888,625.7,7.633,1.27,1.27,6.604,6.604,129,17.2,0.927,36,4.79,0.259,0.408,0.0543,0.00293,0.732,0.0973,0.00526,,,,,52,18.5,805860,0.805628769265133,"Surface","Beef and cash crop (grain and specialty)","Corn-Alfalfa","Cultivated Crops","Cultivated Crops","No",,"Warsaw silt loam","High-infiltration","Well drained",1.9,0.235,2017,"Growing season",1,3,1,2,0,,1,0,1,1,1,1,"Current crop",2,"Current pre-growing season + growing season",,
"USGS-423740088592701","AR1",1,0,0,"Frozen","Storm","2018-2",3,2018-01-21 23:30:00,2018-01-25 07:45:00,109900,4.322,41.656,25.67,1.62306,21.336,12.192,9.144,8.636,8.128,954.9,3.247,1074,3.65,0,0,0,5.588,27.4,188,10.2,,,,1.09,7.51,0.406,1.55,10.6,0.575,,,,,53,18.5,805860,41.5674186583277,"Surface","Beef and cash crop (grain and specialty)","Corn-Alfalfa","Cultivated Crops","Cultivated Crops","No",,"Warsaw silt loam","High-infiltration","Well drained",1.9,0.235,2018,"Pre-growing season",1,0,0,0,0,0,1,1,1,1,1,1,"Previous crop",0,"Current post-growing season + pre-growing season",1,"Yes"
"USGS-423740088592701","AR1",0,0,0,"Frozen","Storm","2018-4",1,2018-02-15 03:45:00,2018-02-17 09:45:00,28610,0.5596,0,,,,,,,,,,,,0,0,0,0,9,16.1,0.869,,,,0.22,0.393,0.0212,0.376,0.672,0.0363,,,,,54,18.5,805860,10.8211451120542,"Surface","Beef and cash crop (grain and specialty)","Corn-Alfalfa","Cultivated Crops","Cultivated Crops","No",,"Warsaw silt loam","High-infiltration","Well drained",1.9,0.235,2018,"Pre-growing season",1,0,0,0,0,0,1,1,1,1,1,1,"Previous crop",0,"Current post-growing season + pre-growing season",1,"Yes"
"USGS-423740088592701","AR1",0,0,0,"Frozen","Storm","2018-5",3,2018-02-19 17:45:00,2018-02-21 17:30:00,165200,6.36,41.402,29.08,1.42367,18.288,12.192,11.176,8.128,7.874,955.6,3.058,1042,3.334,0,0,0,0,11.9,123,6.63,,,,0.002,0.0103,0.000557,0.162,1.67,0.0905,,,"<",,55,18.5,805860,62.4835083016901,"Surface","Beef and cash crop (grain and specialty)","Corn-Alfalfa","Cultivated Crops","Cultivated Crops","No",,"Warsaw silt loam","High-infiltration","Well drained",1.9,0.235,2018,"Pre-growing season",1,0,0,0,0,0,1,1,1,1,1,1,"Previous crop",0,"Current post-growing season + pre-growing season",1,"Yes"
"USGS-423740088592701","AR1",0,0,0,"Frozen","Storm","2018-6",2,2018-02-22 21:15:00,2018-02-26 03:30:00,37340,1.76,7.874,43.78,0.179832,18.288,10.668,8.128,5.588,3.81,162.9,0.3584,175,0.3849,0,0,41.402,41.402,16.9,39.4,2.13,,,,0.031,0.0709,0.00383,0.315,0.735,0.0397,,,,,56,18.5,805860,14.1230883776338,"Surface","Beef and cash crop (grain and specialty)","Corn-Alfalfa","Cultivated Crops","Cultivated Crops","No",,"Warsaw silt loam","High-infiltration","Well drained",1.9,0.235,2018,"Pre-growing season",1,0,0,0,0,0,1,1,1,1,1,1,"Previous crop",0,"Current post-growing season + pre-growing season",1,"Yes"
"USGS-423740088592701","AR1",1,0,0,"Non-Frozen","Storm","2018-8",1,2018-06-16 06:18:00,2018-06-16 07:01:00,130.3,0.1054,27.686,0.95,29.1338,73.152,65.532,55.88,44.704,27.686,1129,19.88,1076,18.93,8.128,8.128,43.942,52.832,46,0.374,0.0202,,,,0.797,0.00649,0.000351,0.961,0.00782,0.000423,,,,,57,18.5,805860,0.0492832998287544,"Surface","Beef and cash crop (grain and specialty)","Corn-Alfalfa","Cultivated Crops","Cultivated Crops","No",,"Warsaw silt loam","High-infiltration","Well drained",1.9,0.235,2018,"Growing season",1,0,0,0,0,0,1,1,1,1,1,1,"Current crop",0,"Current pre-growing season + growing season",,
"USGS-423740088592701","AR1",1,0,0,"Non-Frozen","Storm","2018-9",1,2018-06-19 13:20:00,2018-06-19 13:54:00,67.7,0.05749,12.7,0.8,15.875,51.816,39.624,34.544,21.844,12.7,483.5,4.158,461.5,3.969,23.114,23.114,60.706,97.536,33,0.139,0.00754,,,,0.681,0.00288,0.000156,0.818,0.00346,0.000187,,,,,58,18.5,805860,0.0256061350606805,"Surface","Beef and cash crop (grain and specialty)","Corn-Alfalfa","Cultivated Crops","Cultivated Crops","No",,"Warsaw silt loam","High-infiltration","Well drained",1.9,0.235,2018,"Growing season",1,0,0,0,0,0,1,1,1,1,1,1,"Current crop",0,"Current pre-growing season + growing season",,
"USGS-423740088592701","AR1",0,0,0,"Non-Frozen","Storm","2018-10",1,2018-07-01 20:30:00,2018-07-01 22:30:00,1495,0.4822,16.764,2.583,6.4897,36.576,25.908,24.384,16.764,12.192,625.6,4.129,594.6,3.925,5.588,5.588,32.258,90.678,172,16.1,0.868,,,,1.24,0.116,0.00625,1.79,0.167,0.00903,,,,,59,18.5,805860,0.565453056362147,"Surface","Beef and cash crop (grain and specialty)","Corn-Alfalfa","Cultivated Crops","Cultivated Crops","No",,"Warsaw silt loam","High-infiltration","Well drained",1.9,0.235,2018,"Growing season",1,0,0,0,0,0,1,1,1,1,1,1,"Current crop",0,"Current pre-growing season + growing season",,
"USGS-423740088592701","AR1",0,0,0,"Non-Frozen","Storm","2018-12",1,2018-08-09 22:51:00,2018-08-10 01:00:00,5981,1.94,28.702,1.15,24.95804,79.248,70.104,59.944,42.164,28.448,1162,19.28,1104,18.33,0,0,21.336,29.972,105,39.2,2.12,,,,0.481,0.18,0.00971,0.816,0.305,0.0165,,,,,60,18.5,805860,2.26219045491773,"Surface","Beef and cash crop (grain and specialty)","Corn-Alfalfa","Cultivated Crops","Cultivated Crops","No",,"Warsaw silt loam","High-infiltration","Well drained",1.9,0.235,2018,"Growing season",1,0,0,0,0,0,1,1,1,1,1,1,"Current crop",0,"Current pre-growing season + growing season",,
"USGS-423740088592701","AR1",0,0,0,"Non-Frozen","Storm","2018-13",1,2018-08-17 04:03:00,2018-08-17 07:00:00,31610,10.19,36.83,2.383,15.45336,88.392,71.628,62.992,54.864,34.29,1468,31.71,1406,30.37,9.398,14.224,14.224,64.262,124,245,13.2,,,,0.388,0.766,0.0414,0.758,1.5,0.0809,,,,,61,18.5,805860,11.9558335194699,"Surface","Beef and cash crop (grain and specialty)","Corn-Alfalfa","Cultivated Crops","Cultivated Crops","No",,"Warsaw silt loam","High-infiltration","Well drained",1.9,0.235,2018,"Growing season",1,0,0,0,0,0,1,1,1,1,1,1,"Current crop",0,"Current pre-growing season + growing season",,
"USGS-423740088592701","AR1",0,0,0,"Non-Frozen","Storm","2018-16",1,2018-09-02 06:35:00,2018-09-02 11:30:00,3037,0.372,10.16,2.4,4.23418,21.336,16.764,13.208,10.668,6.35,285.7,1.2,297,1.248,15.748,15.748,46.99,74.93,333,63.1,3.41,,,,0.47,0.0891,0.00482,1.45,0.275,0.0149,,,,,62,18.5,805860,1.14868289777381,"Surface","Beef and cash crop (grain and specialty)","Corn-Alfalfa","Cultivated Crops","Cultivated Crops","No",,"Warsaw silt loam","High-infiltration","Well drained",1.9,0.235,2018,"Growing season",1,0,0,0,0,0,1,1,1,1,1,1,"Current crop",0,"Current pre-growing season + growing season",,
"USGS-423740088592701","AR1",0,0,0,"Non-Frozen","Storm","2018-17",1,2018-09-02 23:43:00,2018-09-03 05:30:00,23200,6.514,22.606,5.183,4.36118,57.912,47.244,33.528,30.988,17.526,777.4,9.484,759.6,9.267,10.16,25.908,57.15,85.09,955,1380,74.8,,,,0.387,0.561,0.0303,2.55,3.69,0.2,,,,,63,18.5,805860,8.77492368401459,"Surface","Beef and cash crop (grain and specialty)","Corn-Alfalfa","Cultivated Crops","Cultivated Crops","No",,"Warsaw silt loam","High-infiltration","Well drained",1.9,0.235,2018,"Growing season",1,0,0,0,0,0,1,1,1,1,1,1,"Current crop",0,"Current pre-growing season + growing season",,
"USGS-423740088592701","AR1",0,0,0,"Non-Frozen","Storm","2018-18",1,2018-09-03 14:53:00,2018-09-04 02:00:00,39860,8.518,27.94,8.233,3.39344,36.576,35.052,32.512,22.352,12.446,889.7,7.829,881.8,7.76,22.606,44.958,72.898,107.696,734,1830,98.7,,,,0.235,0.585,0.0316,1.89,4.7,0.254,,,,,64,18.5,805860,15.076226639863,"Surface","Beef and cash crop (grain and specialty)","Corn-Alfalfa","Cultivated Crops","Cultivated Crops","No",,"Warsaw silt loam","High-infiltration","Well drained",1.9,0.235,2018,"Growing season",1,0,0,0,0,0,1,1,1,1,1,1,"Current crop",0,"Current pre-growing season + growing season",,
"USGS-423740088592701","AR1",0,0,0,"Non-Frozen","Storm","2018-20",1,2018-09-20 08:53:00,2018-09-20 13:30:00,22620,6.65,42.926,3.917,10.9601,79.248,59.436,48.768,33.528,20.828,1552,20.49,1513,19.97,4.064,13.716,13.716,13.716,178,251,13.6,,,,1.64,2.32,0.125,2.03,2.87,0.155,,,,,65,18.5,805860,8.55555059191423,"Surface","Beef and cash crop (grain and specialty)","Corn-Alfalfa","Cultivated Crops","Cultivated Crops","No",,"Warsaw silt loam","High-infiltration","Well drained",1.9,0.235,2018,"Growing season",1,0,0,0,0,0,1,1,1,1,1,1,"Current crop",0,"Current pre-growing season + growing season",,
"USGS-423740088592701","AR1",0,0,0,"Non-Frozen","Storm","2018-21",1,2018-10-01 03:07:00,2018-10-01 08:05:00,954.1,0.1655,21.336,8.183,2.60604,27.432,19.812,16.256,10.16,6.858,564.2,2.257,594.9,2.38,11.176,11.938,46.482,104.902,192,11.4,0.618,,,,1.98,0.118,0.00638,2.46,0.147,0.00792,,,,,66,18.5,805860,0.3608687365051,"Surface","Beef and cash crop (grain and specialty)","Corn-Alfalfa","Cultivated Crops","Cultivated Crops","No",,"Warsaw silt loam","High-infiltration","Well drained",1.9,0.235,2019,"Post-growing season",1,0,0,0,0,0,1,1,1,1,1,1,"Previous crop",0,"Previous growing season + current post-growing season",1,"Yes"
"USGS-423740088592701","AR1",0,0,0,"Non-Frozen","Storm","2019-1",1,2018-10-02 00:39:00,2018-10-02 06:15:00,24300,4.412,21.59,3.883,5.56006,76.2,50.292,39.624,21.844,12.954,723.5,6.222,722.8,6.216,26.416,37.338,73.152,131.572,658,998,54,,,,1.03,1.56,0.0845,2.52,3.82,0.207,,,,,67,18.5,805860,9.19097610006701,"Surface","Beef and cash crop (grain and specialty)","Corn-Alfalfa","Cultivated Crops","Cultivated Crops","No",,"Warsaw silt loam","High-infiltration","Well drained",1.9,0.235,2019,"Post-growing season",1,0,0,0,0,0,1,1,1,1,1,1,"Previous crop",0,"Previous growing season + current post-growing season",1,"Yes"
"USGS-423740088592701","AR1",0,0,0,"Non-Frozen","Storm","2019-2",1,2018-10-06 05:58:00,2018-10-06 11:45:00,25990,3.881,26.67,8.667,3.07848,30.48,24.384,22.352,14.732,12.192,742.6,4.307,772.7,4.481,7.112,9.144,69.596,104.14,543,881,47.6,,,,1.25,2.03,0.11,2.76,4.48,0.242,,,,,68,18.5,805860,9.83018390291117,"Surface","Beef and cash crop (grain and specialty)","Corn-Alfalfa","Cultivated Crops","Cultivated Crops","No",,"Warsaw silt loam","High-infiltration","Well drained",1.9,0.235,2019,"Post-growing season",1,0,0,0,0,0,1,1,1,1,1,1,"Previous crop",0,"Previous growing season + current post-growing season",1,"Yes"
"USGS-423740088592701","AR1",0,0,0,"Frozen","Storm","2019-3",1,2018-12-27 14:32:00,2018-12-28 00:45:00,11140,1.328,14.986,15.95,0.939546,6.096,6.096,5.08,3.556,3.556,260.8,0.3651,311.2,0.4356,0,0,5.588,5.842,88,61.2,3.31,,,,0.678,0.471,0.0255,1.08,0.751,0.0406,,,,,69,18.5,805860,4.21347628620356,"Surface","Beef and cash crop (grain and specialty)","Corn-Alfalfa","Cultivated Crops","Cultivated Crops","No",,"Warsaw silt loam","High-infiltration","Well drained",1.9,0.235,2019,"Post-growing season",1,0,0,0,0,0,1,1,1,1,1,1,"Previous crop",0,"Previous growing season + current post-growing season",1,"Yes"
"USGS-423740088592701","AR1",0,0,0,"Frozen","Storm","2019-6",1,2019-01-07 10:30:00,2019-01-07 20:15:00,10930,0.8152,19.05,9.75,1.953768,6.096,4.572,5.08,4.064,3.556,347.7,0.5563,430.6,0.689,0.508,0.508,13.208,33.02,74,50.5,2.73,,,,0.239,0.163,0.00882,0.681,0.465,0.0251,,,,,70,18.5,805860,4.13404809768446,"Surface","Beef and cash crop (grain and specialty)","Corn-Alfalfa","Cultivated Crops","Cultivated Crops","No",,"Warsaw silt loam","High-infiltration","Well drained",1.9,0.235,2019,"Pre-growing season",1,0,0,0,0,0,1,1,1,1,1,1,"Previous crop",0,"Current post-growing season + pre-growing season",1,"Yes"
"USGS-423740088592701","AR1",0,0,0,"Frozen","Storm","2019-7",1,2019-02-03 09:00:00,2019-02-05 04:20:00,104700,1.995,2.032,6.267,0.324358,6.096,3.048,3.048,2.54,1.778,39.41,0.03941,43.09,0.04309,0,0,0,0,11,71.9,3.89,,,,0.1,0.654,0.0353,0.255,1.67,0.0901,,,,,71,18.5,805860,39.6006254188072,"Surface","Beef and cash crop (grain and specialty)","Corn-Alfalfa","Cultivated Crops","Cultivated Crops","No",,"Warsaw silt loam","High-infiltration","Well drained",1.9,0.235,2019,"Pre-growing season",1,0,0,0,0,0,1,1,1,1,1,1,"Previous crop",0,"Current post-growing season + pre-growing season",1,"Yes"
"USGS-423740088592701","AR1",0,0,0,"Frozen","Storm","2019-9",1,2019-02-23 16:34:00,2019-02-25 07:15:00,90590,4.972,32.766,21.93,1.493774,30.48,30.48,28.448,23.368,13.208,874.1,8.042,914.4,8.413,0,0,4.318,12.192,11,62.2,3.36,,,,0.006,0.0339,0.00183,0.234,1.32,0.0715,,,,,72,18.5,805860,34.2638076092622,"Surface","Beef and cash crop (grain and specialty)","Corn-Alfalfa","Cultivated Crops","Cultivated Crops","No",,"Warsaw silt loam","High-infiltration","Well drained",1.9,0.235,2019,"Pre-growing season",1,0,0,0,0,0,1,1,1,1,1,1,"Previous crop",0,"Current post-growing season + pre-growing season",1,"Yes"
"USGS-423740088592701","AR1",0,0,0,"Non-Frozen","Storm","2019-12",1,2019-06-28 14:20:00,2019-06-28 16:15:00,2576,0.8721,22.098,0.4,55.245,103.632,83.82,77.216,44.196,22.098,940.3,16.36,907.6,15.79,2.286,2.286,36.576,46.228,25,4.02,0.217,,,,2.42,0.389,0.021,2.42,0.389,0.021,,,,,73,18.5,805860,0.974319112500931,"Surface","Beef and cash crop (grain and specialty)","Corn-Alfalfa","Cultivated Crops","Cultivated Crops","No",,"Warsaw silt loam","High-infiltration","Well drained",1.9,0.235,2019,"Growing season",1,0,0,0,0,0,1,1,1,1,1,1,"Current crop",0,"Current pre-growing season + growing season",,
"USGS-423740088592701","AR1",0,0,0,"Non-Frozen","Storm","2019-15",1,2019-09-10 08:15:00,2019-09-10 11:15:00,5271,1.194,53.594,2.767,19.37258,79.248,60.96,59.944,48.26,35.306,2081,39.53,2001,38.02,3.556,4.064,9.906,10.16,72,23.7,1.28,,,,0.64,0.211,0.0114,0.949,0.312,0.0169,,,,,74,18.5,805860,1.99364753182935,"Surface","Beef and cash crop (grain and specialty)","Corn-Alfalfa","Cultivated Crops","Cultivated Crops","No",,"Warsaw silt loam","High-infiltration","Well drained",1.9,0.235,2019,"Growing season",1,0,0,0,0,0,1,1,1,1,1,1,"Current crop",0,"Current pre-growing season + growing season",,
"USGS-423740088592701","AR1",0,0,0,"Non-Frozen","Storm","2019-16",1,2019-09-12 01:48:00,2019-09-12 05:27:00,3438,0.7522,32.766,3.583,9.144,70.104,56.388,45.72,28.448,22.098,1172,13.13,1142,12.79,0,56.388,60.452,66.548,122,26.2,1.42,,,,0.808,0.173,0.00937,1.23,0.264,0.0143,,,,,75,18.5,805860,1.30035291489837,"Surface","Beef and cash crop (grain and specialty)","Corn-Alfalfa","Cultivated Crops","Cultivated Crops","No",,"Warsaw silt loam","High-infiltration","Well drained",1.9,0.235,2019,"Growing season",1,0,0,0,0,0,1,1,1,1,1,1,"Current crop",0,"Current pre-growing season + growing season",,
"USGS-423740088592701","AR1",0,0,0,"Non-Frozen","Storm","2019-18",1,2019-09-22 14:06:00,2019-09-22 19:00:00,16080,3.688,19.05,6.9,2.76098,21.336,16.764,15.24,13.716,10.414,542.6,2.93,552.8,2.985,8.382,8.89,19.05,204.47,658,661,35.7,,,,0.726,0.729,0.0394,2.5,2.51,0.136,,,,,76,18.5,805860,6.08192986374805,"Surface","Beef and cash crop (grain and specialty)","Corn-Alfalfa","Cultivated Crops","Cultivated Crops","No",,"Warsaw silt loam","High-infiltration","Well drained",1.9,0.235,2019,"Growing season",1,0,0,0,0,0,1,1,1,1,1,1,"Current crop",0,"Current pre-growing season + growing season",,
"USGS-423740088592701","AR1",0,0,0,"Non-Frozen","Storm","2020-1",2,2019-10-02 02:54:00,2019-10-02 16:30:00,65980,7.16,54.61,13.08,4.17322,79.248,57.912,46.736,27.94,21.082,1728,19.01,1756,19.32,3.048,3.048,61.976,102.616,579,2380,129,,,,0.524,2.16,0.117,1.97,8.11,0.438,,,,,77,18.5,805860,24.9555803737622,"Surface","Beef and cash crop (grain and specialty)","Corn-Alfalfa","Cultivated Crops","Cultivated Crops","No",,"Warsaw silt loam","High-infiltration","Well drained",1.9,0.235,2020,"Post-growing season",1,0,0,0,0,0,1,1,1,1,1,1,"Previous crop",0,"Previous growing season + current post-growing season",1,"Yes"
"USGS-423740088592701","AR1",0,0,0,"Non-Frozen","Storm","2020-2",1,2019-10-03 03:42:00,2019-10-03 08:30:00,6470,1.344,9.398,6.417,1.464564,18.288,10.668,9.144,6.604,5.842,218.1,0.5671,240.4,0.6251,55.626,58.674,117.602,158.242,263,106,5.74,,,,0.433,0.175,0.00945,1.14,0.46,0.0249,,,,,78,18.5,805860,2.44714466532648,"Surface","Beef and cash crop (grain and specialty)","Corn-Alfalfa","Cultivated Crops","Cultivated Crops","No",,"Warsaw silt loam","High-infiltration","Well drained",1.9,0.235,2020,"Post-growing season",1,0,0,0,0,0,1,1,1,1,1,1,"Previous crop",0,"Previous growing season + current post-growing season",1,"Yes"
"USGS-423740088592701","AR1",0,0,0,"Non-Frozen","Storm","2020-3",1,2019-10-05 20:15:00,2019-10-06 00:45:00,11000,1.875,17.526,2.55,6.87324,27.432,21.336,16.256,12.192,10.668,499.1,2.396,526.2,2.526,0,0,117.602,151.13,343,236,12.7,,,,0.608,0.418,0.0226,1.56,1.07,0.0579,,,,,79,18.5,805860,4.16052416052416,"Surface","Beef and cash crop (grain and specialty)","Corn-Alfalfa","Cultivated Crops","Cultivated Crops","No",,"Warsaw silt loam","High-infiltration","Well drained",1.9,0.235,2020,"Post-growing season",1,0,0,0,0,0,1,1,1,1,1,1,"Previous crop",0,"Previous growing season + current post-growing season",1,"Yes"
"USGS-423740088592701","AR1",0,0,0,"Frozen","Storm","2020-6",1,2020-02-02 19:15:00,2020-02-04 12:00:00,48210,1.932,0,,,,,,,,,,,,0,0.254,0.254,21.336,7,21.1,1.14,,,,0.009,0.0271,0.00146,0.142,0.427,0.0231,,,,,80,18.5,805860,18.23444270717,"Surface","Beef and cash crop (grain and specialty)","Corn-Alfalfa","Cultivated Crops","Cultivated Crops","No",,"Warsaw silt loam","High-infiltration","Well drained",1.9,0.235,2020,"Pre-growing season",1,0,0,0,0,0,1,1,1,1,1,1,"Previous crop",0,"Current post-growing season + pre-growing season",1,"Yes"
"USGS-423740088592701","AR1",0,0,0,"Frozen","Storm","2020-12",1,2020-03-01 17:00:00,2020-03-02 05:30:00,28000,2.43,0,,,,,,,,,,,,0,0,0,7.62,17,29.7,1.61,,,,0.159,0.278,0.015,0.32,0.559,0.0302,,,,,81,18.5,805860,10.5904251358797,"Surface","Beef and cash crop (grain and specialty)","Corn-Alfalfa","Cultivated Crops","Cultivated Crops","No",,"Warsaw silt loam","High-infiltration","Well drained",1.9,0.235,2020,"Pre-growing season",1,0,0,0,0,0,1,1,1,1,1,1,"Previous crop",0,"Current post-growing season + pre-growing season",1,"Yes"
"USGS-423740088592701","AR1",0,0,0,"Frozen","Storm","2020-13",1,2020-03-02 17:15:00,2020-03-03 02:00:00,3373,0.2194,0,,,,,,,,,,,,0,0,0,7.62,16,3.37,0.182,,,,0.204,0.043,0.00232,0.368,0.0775,0.00419,,,,,82,18.5,805860,1.27576799940436,"Surface","Beef and cash crop (grain and specialty)","Corn-Alfalfa","Cultivated Crops","Cultivated Crops","No",,"Warsaw silt loam","High-infiltration","Well drained",1.9,0.235,2020,"Pre-growing season",1,0,0,0,0,0,1,1,1,1,1,1,"Previous crop",0,"Current post-growing season + pre-growing season",1,"Yes"
"USGS-423740088592701","AR1",0,0,0,"Non-Frozen","Storm","2020-15",1,2020-05-23 22:11:00,2020-05-24 00:15:00,6801,2.045,72.898,2.85,25.5778,118.872,97.536,77.216,61.976,36.83,2960,72.23,2838,69.24,0,0,40.894,84.582,48,20.4,1.1,,,,0.119,0.0505,0.00273,0.337,0.143,0.00773,,,,,83,18.5,805860,2.57233861961135,"Surface","Beef and cash crop (grain and specialty)","Corn-Alfalfa","Cultivated Crops","Cultivated Crops","No",,"Warsaw silt loam","High-infiltration","Well drained",1.9,0.235,2020,"Pre-growing season",1,0,0,0,0,0,1,1,1,1,1,1,"Previous crop",0,"Current post-growing season + pre-growing season",1,"Yes"
"USGS-423740088592701","AR1",0,0,0,"Non-Frozen","Storm","2020-17",1,2020-06-29 20:24:00,2020-06-29 22:00:00,7229,2.976,48.514,3.217,15.08252,85.344,79.248,74.168,59.944,36.322,1863,43.96,1814,42.81,0,0,50.546,52.07,17,7.67,0.415,,,,0.266,0.12,0.00649,0.358,0.162,0.00873,,,,,84,18.5,805860,2.73422083240265,"Surface","Beef and cash crop (grain and specialty)","Corn-Alfalfa","Cultivated Crops","Cultivated Crops","No",,"Warsaw silt loam","High-infiltration","Well drained",1.9,0.235,2020,"Growing season",1,0,0,0,0,0,1,1,1,1,1,1,"Current crop",0,"Current pre-growing season + growing season",,
"USGS-423740088592701","AR1",0,0,0,"Non-Frozen","Storm","2020-22",1,2020-08-10 19:42:00,2020-08-10 22:15:00,56100,28.32,54.102,2.683,20.16252,115.824,111.252,96.52,77.216,45.974,2157,65.56,2110,64.13,8.128,8.128,8.128,9.398,127,445,24,,,,0.277,0.97,0.0524,0.591,2.07,0.112,,,,,85,18.5,805860,21.2186732186732,"Surface","Beef and cash crop (grain and specialty)","Corn-Alfalfa","Cultivated Crops","Cultivated Crops","No",,"Warsaw silt loam","High-infiltration","Well drained",1.9,0.235,2020,"Growing season",1,0,0,0,0,0,1,1,1,1,1,1,"Current crop",0,"Current pre-growing season + growing season",,
"USGS-423645088595501","AR2",0,0,0,"Frozen","Storm","2017-3",3,2017-01-16 17:45:00,2017-01-21 13:45:00,17370,0.3596,12.7,114.4,0.1109726,6.096,6.096,5.08,4.572,3.556,223.9,0.4031,239.3,0.4307,0.254,0.254,11.938,11.938,40.8,44.2,7.62,120,131,22.5,2.36,2.55,0.44,2.92,3.17,0.546,,,,,86,5.8,252648,20.9555428897122,"Surface","Beef and cash crop (grain and specialty)","Corn-Seed Corn-Vegetables-Mint","Cultivated Crops","Cultivated Crops","No",,"Oshtemo sandy loam","High-infiltration","Well drained",3.4,0.14,2017,"Pre-growing season",1,2,1,1,0,,1,0,0,0,0,0,"Previous crop",2,"Current post-growing season + pre-growing season",0,"No"
"USGS-423645088595501","AR2",0,0,0,"Non-Frozen","Storm","2017-4",1,2017-05-17 23:36:00,2017-05-18 00:30:00,1437,2.46,21.082,0.35,60.2234,131.064,111.252,82.296,42.164,21.082,893,14.82,871.7,14.47,0,15.24,18.542,39.116,26300,2360,407,300,26.9,4.64,1.26,0.113,0.0195,25.8,2.31,0.399,,,,,87,5.8,252648,1.73362781419208,"Surface","Beef and cash crop (grain and specialty)","Corn-Seed Corn-Vegetables-Mint","Cultivated Crops","Cultivated Crops","No",,"Oshtemo sandy loam","High-infiltration","Well drained",3.4,0.14,2017,"Pre-growing season",1,2,1,1,0,,1,0,0,0,0,0,"Previous crop",2,"Current post-growing season + pre-growing season",0,"No"
"USGS-423645088595501","AR2",0,0,0,"Non-Frozen","Storm","2017-7",1,2017-05-20 15:42:00,2017-05-20 16:46:00,254.7,0.1297,10.414,2.25,4.62788,15.24,15.24,14.224,11.684,8.382,284.3,1.308,301.6,1.387,5.842,5.842,48.514,67.056,3300,52.4,9.03,92,1.46,0.252,0.766,0.0122,0.0021,7.58,0.121,0.0208,,,,,88,5.8,252648,0.307275577087489,"Surface","Beef and cash crop (grain and specialty)","Corn-Seed Corn-Vegetables-Mint","Cultivated Crops","Cultivated Crops","No",,"Oshtemo sandy loam","High-infiltration","Well drained",3.4,0.14,2017,"Pre-growing season",1,2,1,1,0,,1,0,0,0,0,0,"Previous crop",2,"Current post-growing season + pre-growing season",0,"No"
"USGS-423645088595501","AR2",0,0,0,"Non-Frozen","Storm","2017-9",1,2017-05-23 00:14:00,2017-05-23 01:11:00,3686,4.434,11.43,0.6333,18.0467,57.912,48.768,37.592,21.336,11.43,447.2,3.756,427.9,3.595,0,9.398,73.66,92.202,24100,5560,958,252,58,10,0.858,0.197,0.034,12.6,2.9,0.5,,,,,89,5.8,252648,4.44686995345303,"Surface","Beef and cash crop (grain and specialty)","Corn-Seed Corn-Vegetables-Mint","Cultivated Crops","Cultivated Crops","No",,"Oshtemo sandy loam","High-infiltration","Well drained",3.4,0.14,2017,"Pre-growing season",1,2,1,1,0,,1,0,0,0,0,0,"Previous crop",2,"Current post-growing season + pre-growing season",0,"No"
"USGS-423645088595501","AR2",0,0,0,"Non-Frozen","Storm","2017-10",1,2017-05-23 19:21:00,2017-05-23 21:05:00,8591,4.289,28.702,1.65,17.39392,82.296,57.912,46.736,32.004,25.908,1093,13.77,1047,13.19,11.43,11.43,69.85,95.504,25400,13600,2350,146,78.3,13.5,0.859,0.461,0.0794,19.1,10.2,1.77,,,,,90,5.8,252648,10.364367816092,"Surface","Beef and cash crop (grain and specialty)","Corn-Seed Corn-Vegetables-Mint","Cultivated Crops","Cultivated Crops","No",,"Oshtemo sandy loam","High-infiltration","Well drained",3.4,0.14,2017,"Pre-growing season",1,2,1,1,0,,1,0,0,0,0,0,"Previous crop",2,"Current post-growing season + pre-growing season",0,"No"
"USGS-423645088595501","AR2",0,0,0,"Non-Frozen","Storm","2017-11",1,2017-05-28 11:30:00,2017-05-28 13:45:00,2305,2.942,16.002,2,8.001,82.296,50.292,35.56,19.812,11.43,532.8,4.156,545,4.251,0,6.604,50.292,123.952,12500,1800,310,122,17.6,3.03,0.723,0.104,0.0179,13.7,1.97,0.34,,,,,91,5.8,252648,2.78080174788639,"Surface","Beef and cash crop (grain and specialty)","Corn-Seed Corn-Vegetables-Mint","Cultivated Crops","Cultivated Crops","No",,"Oshtemo sandy loam","High-infiltration","Well drained",3.4,0.14,2017,"Pre-growing season",1,2,1,1,0,,1,0,0,0,0,0,"Previous crop",2,"Current post-growing season + pre-growing season",0,"No"
"USGS-423645088595501","AR2",0,0,0,"Non-Frozen","Storm","2017-13",1,2017-06-23 07:47:00,2017-06-23 09:34:00,5310,5.176,30.226,1.8,16.79194,64.008,50.292,45.72,39.116,24.384,1134,17.46,1093,16.83,0,0,33.02,38.354,5840,1940,334,74,24.5,4.23,0.531,0.176,0.0303,8.88,2.94,0.507,,,,,92,5.8,252648,6.40609860359077,"Surface","Beef and cash crop (grain and specialty)","Corn-Seed Corn-Vegetables-Mint","Cultivated Crops","Cultivated Crops","No",,"Oshtemo sandy loam","High-infiltration","Well drained",3.4,0.14,2017,"Growing season",1,2,1,1,0,,1,0,0,0,0,0,"Current crop",1,"Current pre-growing season + growing season",,
"USGS-423645088595501","AR2",0,0,0,"Non-Frozen","Storm","2017-18",2,2017-07-12 11:05:00,2017-07-12 14:15:00,6263,2.966,46.228,6.8,6.79704,124.968,82.296,56.896,49.784,28.956,1736,34.02,1690,33.13,2.54,37.084,37.592,94.742,6770,2650,456,34.4,13.5,2.32,0.365,0.142,0.0246,9.28,3.63,0.625,,,,,93,5.8,252648,7.55581837180583,"Surface","Beef and cash crop (grain and specialty)","Corn-Seed Corn-Vegetables-Mint","Cultivated Crops","Cultivated Crops","No",,"Oshtemo sandy loam","High-infiltration","Well drained",3.4,0.14,2017,"Growing season",1,2,1,1,0,,1,0,0,0,0,0,"Current crop",1,"Current pre-growing season + growing season",,
"USGS-423645088595501","AR2",0,0,0,"Non-Frozen","Storm","2017-19",1,2017-07-16 06:45:00,2017-07-16 07:30:00,4442,6.076,28.448,0.8333,34.1376,103.632,94.488,90.424,54.864,28.448,1189,25.69,1161,25.07,0,0,85.598,99.822,5680,1580,272,44,12.2,2.1,0.284,0.0787,0.0136,7.42,2.06,0.355,,,,,94,5.8,252648,5.35892466989646,"Surface","Beef and cash crop (grain and specialty)","Corn-Seed Corn-Vegetables-Mint","Cultivated Crops","Cultivated Crops","No",,"Oshtemo sandy loam","High-infiltration","Well drained",3.4,0.14,2017,"Growing season",1,2,1,1,0,,1,0,0,0,0,0,"Current crop",1,"Current pre-growing season + growing season",,
"USGS-423645088595501","AR2",0,0,0,"Non-Frozen","Storm","2017-22",1,2017-07-21 23:30:00,2017-07-22 00:15:00,4426,4.608,34.29,0.8167,41.9862,292.608,271.272,215.392,135.128,68.58,2901,154.3,2818,149.9,0.508,67.564,96.012,181.61,4430,1220,211,30,8.29,1.43,0.288,0.0796,0.0137,6.01,1.66,0.286,,,,,95,5.8,252648,5.3396219245749,"Surface","Beef and cash crop (grain and specialty)","Corn-Seed Corn-Vegetables-Mint","Cultivated Crops","Cultivated Crops","No",,"Oshtemo sandy loam","High-infiltration","Well drained",3.4,0.14,2017,"Growing season",1,2,1,1,0,,1,0,0,0,0,0,"Current crop",1,"Current pre-growing season + growing season",,
"USGS-423645088595501","AR2",0,0,0,"Non-Frozen","Storm","2017-24",2,2017-07-23 18:51:00,2017-07-23 20:15:00,903.7,1.002,9.652,1.333,7.239,51.816,38.1,31.496,16.764,8.89,361.4,2.386,348.1,2.297,0,45.212,112.268,226.314,10300,581,100,68,3.84,0.662,0.353,0.0199,0.00343,13.1,0.737,0.127,,,,,96,5.8,252648,1.09024318419303,"Surface","Beef and cash crop (grain and specialty)","Corn-Seed Corn-Vegetables-Mint","Cultivated Crops","Cultivated Crops","No",,"Oshtemo sandy loam","High-infiltration","Well drained",3.4,0.14,2017,"Growing season",1,2,1,1,0,,1,0,0,0,0,0,"Current crop",1,"Current pre-growing season + growing season",,
"USGS-423645088595501","AR2",0,0,0,"Non-Frozen","Storm","2017-25",1,2017-07-27 02:04:00,2017-07-27 03:15:00,4769,4.378,41.402,1.767,23.43404,103.632,100.584,96.52,61.468,38.608,1653,40.01,1613,39.04,0,0,121.92,150.368,8330,2480,428,104,31,5.34,0.326,0.0971,0.0167,9.95,2.96,0.511,,,,,97,5.8,252648,5.75342452740572,"Surface","Beef and cash crop (grain and specialty)","Corn-Seed Corn-Vegetables-Mint","Cultivated Crops","Cultivated Crops","No",,"Oshtemo sandy loam","High-infiltration","Well drained",3.4,0.14,2017,"Growing season",1,2,1,1,0,,1,0,0,0,0,0,"Current crop",1,"Current pre-growing season + growing season",,
"USGS-423645088595501","AR2",0,0,0,"Non-Frozen","Storm","2017-29",1,2017-08-13 10:30:00,2017-08-13 12:30:00,506,0.1814,0,,,,,,,,,,,,0,0.254,21.844,22.352,633,20,3.45,524,16.6,2.85,0.334,0.0106,0.00182,1.32,0.0417,0.00719,,,,,98,5.8,252648,0.610449320794148,"Surface","Beef and cash crop (grain and specialty)","Corn-Seed Corn-Vegetables-Mint","Cultivated Crops","Cultivated Crops","No",,"Oshtemo sandy loam","High-infiltration","Well drained",3.4,0.14,2017,"Growing season",1,2,1,1,0,,1,0,0,0,0,0,"Current crop",1,"Current pre-growing season + growing season",,
"USGS-423645088595501","AR2",0,0,0,"Frozen","Storm","2018-7",1,2018-02-14 20:15:00,2018-02-17 17:00:00,3075,0.03895,0,,,,,,,,,,,,0,0,0,0,6,1.15,0.199,,,,0.842,0.162,0.0279,0.883,0.17,0.0292,,,,,99,5.8,252648,3.70974636648618,"Surface","Beef and cash crop (grain and specialty)","Corn-Seed Corn-Vegetables-Mint","Cultivated Crops","Cultivated Crops","No",,"Oshtemo sandy loam","High-infiltration","Well drained",3.4,0.14,2018,"Pre-growing season",1,2,1,1,0,0,1,0,0,1,1,0,"Previous crop",2,"Current post-growing season + pre-growing season",1,"Yes"
"USGS-423645088595501","AR2",0,0,0,"Frozen","Storm","2018-8",3,2018-02-19 19:00:00,2018-02-21 10:15:00,42460,2.015,41.402,29.08,1.42367,18.288,12.192,11.176,8.128,7.874,955.6,3.058,1042,3.334,0,0,0,0,136,361,62.2,,,,0.541,1.43,0.247,0.921,2.44,0.421,,,,,100,5.8,252648,51.2246603970742,"Surface","Beef and cash crop (grain and specialty)","Corn-Seed Corn-Vegetables-Mint","Cultivated Crops","Cultivated Crops","No",,"Oshtemo sandy loam","High-infiltration","Well drained",3.4,0.14,2018,"Pre-growing season",1,2,1,1,0,0,1,0,0,1,1,0,"Previous crop",2,"Current post-growing season + pre-growing season",1,"Yes"
"USGS-423645088595501","AR2",0,0,0,"Frozen","Storm","2018-11",1,2018-02-23 05:15:00,2018-02-24 02:45:00,2195,0.08094,1.016,1.033,0.983234,3.048,1.524,2.032,1.016,0.762,19.54,0.007815,20.96,0.008384,0,0,41.402,41.402,31,4.25,0.732,,,,0.85,0.116,0.0201,1.07,0.147,0.0253,,,,,101,5.8,252648,2.6480953738007,"Surface","Beef and cash crop (grain and specialty)","Corn-Seed Corn-Vegetables-Mint","Cultivated Crops","Cultivated Crops","No",,"Oshtemo sandy loam","High-infiltration","Well drained",3.4,0.14,2018,"Pre-growing season",1,2,1,1,0,0,1,0,0,1,1,0,"Previous crop",2,"Current post-growing season + pre-growing season",1,"Yes"
"USGS-423645088595501","AR2",0,0,0,"Frozen","Storm","2018-12",1,2018-02-24 18:00:00,2018-02-26 04:59:00,7444,0.736,6.858,5.2,1.318768,18.288,10.668,8.128,5.588,3.81,149,0.3279,165.1,0.3632,0,1.016,42.418,42.418,147,68.3,11.8,,,,0.898,0.417,0.072,1.45,0.674,0.116,,,,,102,5.8,252648,8.98060226085304,"Surface","Beef and cash crop (grain and specialty)","Corn-Seed Corn-Vegetables-Mint","Cultivated Crops","Cultivated Crops","No",,"Oshtemo sandy loam","High-infiltration","Well drained",3.4,0.14,2018,"Pre-growing season",1,2,1,1,0,0,1,0,0,1,1,0,"Previous crop",2,"Current post-growing season + pre-growing season",1,"Yes"
"USGS-423645088595501","AR2",0,0,0,"Frozen","Storm","2019-1",1,2019-02-03 14:00:00,2019-02-05 02:10:00,15490,0.5416,2.032,6.267,0.324358,6.096,3.048,3.048,2.54,1.778,39.41,0.03941,43.09,0.04309,0,0,0,0,19,18.4,3.17,,,,0.821,0.794,0.137,0.892,0.862,0.149,,,,,103,5.8,252648,18.6874703144296,"Surface","Beef and cash crop (grain and specialty)","Corn-Seed Corn-Vegetables-Mint","Cultivated Crops","Cultivated Crops","No",,"Oshtemo sandy loam","High-infiltration","Well drained",3.4,0.14,2019,"Pre-growing season",1,2,1,1,0,0,1,0,0,1,1,0,"Previous crop",2,"Current post-growing season + pre-growing season",1,"Yes"
"USGS-423645088595501","AR2",0,0,0,"Frozen","Storm","2019-4",1,2019-03-09 20:59:00,2019-03-11 05:54:00,9945,0.3962,11.938,8.333,1.43256,12.192,9.144,8.128,6.096,4.826,265.4,0.6369,303.3,0.728,0,0,0,18.034,31,19.2,3.32,,,,6.41,3.98,0.686,9.55,5.93,1.02,,,,,104,5.8,252648,11.9978626389285,"Surface","Beef and cash crop (grain and specialty)","Corn-Seed Corn-Vegetables-Mint","Cultivated Crops","Cultivated Crops","No",,"Oshtemo sandy loam","High-infiltration","Well drained",3.4,0.14,2019,"Pre-growing season",1,2,1,1,0,0,1,0,0,1,1,0,"Previous crop",2,"Current post-growing season + pre-growing season",1,"Yes"
"USGS-423645088595501","AR2",1,0,0,"Non-Frozen","Storm","2019-13",1,2019-09-13 03:13:00,2019-09-13 07:01:00,826.2,0.5812,74.168,3.8,19.51736,115.824,88.392,62.992,44.704,41.656,2936,51.68,2847,50.1,16.764,41.148,101.6,107.696,508,26.2,4.52,,,,0.605,0.0312,0.00538,1.69,0.0872,0.015,,,,,105,5.8,252648,0.99674551154175,"Surface","Beef and cash crop (grain and specialty)","Corn-Seed Corn-Vegetables-Mint","Cultivated Crops","Cultivated Crops","No",,"Oshtemo sandy loam","High-infiltration","Well drained",3.4,0.14,2019,"Growing season",1,2,1,1,0,0,1,0,0,1,1,0,"Current crop",1,"Current pre-growing season + growing season",,
"USGS-423645088595501","AR2",0,0,0,"Frozen","Storm","2020-6",1,2020-03-01 16:00:00,2020-03-01 22:15:00,251.8,0.04299,0,,,,,,,,,,,,0,0,0,7.62,67,1.05,0.182,,,,8.34,0.131,0.0226,11,0.173,0.0298,,,,,106,5.8,252648,0.303776954497958,"Surface","Beef and cash crop (grain and specialty)","Corn-Seed Corn-Vegetables-Mint","Cultivated Crops","Cultivated Crops","No",,"Oshtemo sandy loam","High-infiltration","Well drained",3.4,0.14,2020,"Pre-growing season",1,3,0,3,0,0,1,0,0,1,1,0,"Previous crop",3,"Current post-growing season + pre-growing season",1,"Yes"
"USGS-423645088595501","AR2",0,0,0,"Non-Frozen","Storm","2020-9",1,2020-05-23 21:45:00,2020-05-23 23:45:00,2030,1.542,72.898,2.85,25.5778,118.872,97.536,77.216,61.976,36.83,2960,72.23,2838,69.24,0,0,40.894,84.582,956,121,20.9,,,,1.86,0.236,0.0406,2.99,0.379,0.0653,,,,,107,5.8,252648,2.44903581267218,"Surface","Beef and cash crop (grain and specialty)","Corn-Seed Corn-Vegetables-Mint","Cultivated Crops","Cultivated Crops","No",,"Oshtemo sandy loam","High-infiltration","Well drained",3.4,0.14,2020,"Pre-growing season",1,3,0,3,0,0,1,0,0,1,1,0,"Previous crop",3,"Current post-growing season + pre-growing season",1,"Yes"
"USGS-423645088595501","AR2",1,0,0,"Frozen","Storm","2021-6",1,2021-03-07 19:45:00,2021-03-08 02:00:00,84.6,0.00955,0,,,,,,,,,,,,0,0,0,0,8,0.0422,0.00728,,,,1.82,0.00961,0.00166,1.94,0.0102,0.00177,,,,,108,5.8,252648,0.102063265887717,"Surface","Beef and cash crop (grain and specialty)","Corn-Seed Corn-Vegetables-Mint","Cultivated Crops","Cultivated Crops","No",,"Oshtemo sandy loam","High-infiltration","Well drained",3.4,0.14,2021,"Pre-growing season",1,3,0,3,0,0,1,0,0,1,1,0,"Previous crop",3,"Current post-growing season + pre-growing season",1,"Yes"
"USGS-423645088595501","AR2",0,0,0,"Frozen","Storm","2021-7",1,2021-03-08 15:30:00,2021-03-09 00:15:00,1222,0.122,0,,,,,,,,,,,,0,0,0,0,13,0.992,0.171,,,,1.5,0.114,0.0197,1.7,0.13,0.0224,,,,,109,5.8,252648,1.47424717393369,"Surface","Beef and cash crop (grain and specialty)","Corn-Seed Corn-Vegetables-Mint","Cultivated Crops","Cultivated Crops","No",,"Oshtemo sandy loam","High-infiltration","Well drained",3.4,0.14,2021,"Pre-growing season",1,3,0,3,0,0,1,0,0,1,1,0,"Previous crop",3,"Current post-growing season + pre-growing season",1,"Yes"
"USGS-425318090074000","H3",0,0,0,"Non-Frozen","Storm","2004-1",1,2004-07-16 18:57:00,2004-07-16 19:20:00,714.8,1.622,26.162,2.333,11.21156,143.256,74.676,50.8,26.416,13.462,1033,10.74,1003,10.43,0,0,5.08,63.754,9610,429,27.1,,,,0.137,0.00611,0.000387,5.1,0.227,0.0144,,,,,110,15.8,688248,0.316558914809778,"Surface","Dairy","Corn-Barely-Alfalfa/Brome (Organic)","Cultivated Crops","Cultivated Crops","No",,"Dodgevill silt loam","Moderate-infiltration","Well drained",6,0.3,2004,"Growing season",,,,,,,,,,,,,"Current crop",,"Current pre-growing season + growing season",,
"USGS-425318090074000","H3",0,0,0,"Non-Frozen","Storm","2004-2",1,2004-07-16 22:25:00,2004-07-16 23:15:00,1861,3.386,21.082,0.7,30.1244,103.632,79.248,59.944,36.576,21.082,858.4,12.36,832.8,11.99,26.162,26.162,30.988,89.916,9460,1100,69.6,,,,0.131,0.0152,0.000963,4.88,0.567,0.0359,,,,,111,15.8,688248,0.824169194825121,"Surface","Dairy","Corn-Barely-Alfalfa/Brome (Organic)","Cultivated Crops","Cultivated Crops","No",,"Dodgevill silt loam","Moderate-infiltration","Well drained",6,0.3,2004,"Growing season",,,,,,,,,,,,,"Current crop",,"Current pre-growing season + growing season",,
"USGS-425318090074000","H3",0,0,0,"Frozen","Storm","2005-1",1,2005-01-02 01:20:00,2005-01-03 00:20:00,8829,0.6866,15.748,17.08,0.921766,39.624,36.576,30.48,19.812,11.938,476.9,3.72,464.8,3.626,0,0.508,0.762,0.762,11,6.06,0.384,54,29.8,1.88,1.52,0.836,0.0529,1.9,1.04,0.0661,,,,,112,15.8,688248,3.91004289151585,"Surface","Dairy","Corn-Barely-Alfalfa/Brome (Organic)","Cultivated Crops","Cultivated Crops","No",,"Dodgevill silt loam","Moderate-infiltration","Well drained",6,0.3,2005,"Pre-growing season",1,2.4,0.04,1.84,0.52,,1,0.68,0.48,0.96,0.96,0.68,"Previous crop",1.88,"Current post-growing season + pre-growing season",0.96,"Partial"
"USGS-425318090074000","H3",0,0,0,"Frozen","Storm","2005-2",1,2005-01-12 20:33:00,2005-01-14 00:01:00,8212,0.196,7.366,7.7,0.956564,9.144,6.096,5.08,4.064,2.794,137.9,0.2206,160.7,0.2571,1.27,1.27,1.27,17.78,2,1.03,0.0649,54,27.7,1.75,0.268,0.137,0.0087,0.34,0.174,0.011,,,,,113,15.8,688248,3.63679603863724,"Surface","Dairy","Corn-Barely-Alfalfa/Brome (Organic)","Cultivated Crops","Cultivated Crops","No",,"Dodgevill silt loam","Moderate-infiltration","Well drained",6,0.3,2005,"Pre-growing season",1,2.4,0.04,1.84,0.52,,1,0.68,0.48,0.96,0.96,0.68,"Previous crop",1.88,"Current post-growing season + pre-growing season",0.96,"Partial"
"USGS-425318090074000","H3",0,0,0,"Frozen","Storm","2005-3",1,2005-02-06 02:00:00,2005-02-08 14:28:00,50040,0.7204,6.4008,15.73,0.406908,2.7432,2.7432,1.8288,1.8288,1.6002,96,0.06912,103.6,0.07456,0,0,0,0,5,15.6,0.988,214,668,42.3,0.7,2.19,0.138,1.4,4.38,0.277,,,,,114,15.8,688248,22.1608954911602,"Surface","Dairy","Corn-Barely-Alfalfa/Brome (Organic)","Cultivated Crops","Cultivated Crops","No",,"Dodgevill silt loam","Moderate-infiltration","Well drained",6,0.3,2005,"Pre-growing season",1,2.4,0.04,1.84,0.52,,1,0.68,0.48,0.96,0.96,0.68,"Previous crop",1.88,"Current post-growing season + pre-growing season",0.96,"Partial"
"USGS-425318090074000","H3",0,0,0,"Frozen","Storm","2005-4",3,2005-02-13 00:07:00,2005-02-16 09:34:00,63560,0.7603,12.3444,42.75,0.288798,2.7432,2.7432,2.7432,2.7432,2.286,181.7,0.1963,192.8,0.2083,0,0,6.4008,6.4008,34.8,138,8.73,240,952,60.3,2.34,9.29,0.588,3.01,11.9,0.756,,,,,115,15.8,688248,28.1484116190675,"Surface","Dairy","Corn-Barely-Alfalfa/Brome (Organic)","Cultivated Crops","Cultivated Crops","No",,"Dodgevill silt loam","Moderate-infiltration","Well drained",6,0.3,2005,"Pre-growing season",1,2.4,0.04,1.84,0.52,,1,0.68,0.48,0.96,0.96,0.68,"Previous crop",1.88,"Current post-growing season + pre-growing season",0.96,"Partial"
"USGS-425318090074000","H3",0,0,0,"Frozen","Storm","2005-6",1,2005-02-25 19:25:00,2005-02-26 04:58:00,4216,0.2374,0,,,,,,,,,,,,0,0,0,12.3444,30,7.9,0.5,1860,490,31,4.5,1.18,0.075,10.8,2.84,0.18,,,,,116,15.8,688248,1.8671130174007,"Surface","Dairy","Corn-Barely-Alfalfa/Brome (Organic)","Cultivated Crops","Cultivated Crops","No",,"Dodgevill silt loam","Moderate-infiltration","Well drained",6,0.3,2005,"Pre-growing season",1,2.4,0.04,1.84,0.52,,1,0.68,0.48,0.96,0.96,0.68,"Previous crop",1.88,"Current post-growing season + pre-growing season",0.96,"Partial"
"USGS-425318090074000","H3",0,0,0,"Frozen","Storm","2005-8",1,2005-03-04 19:29:00,2005-03-05 02:43:00,5703,0.478,0,,,,,,,,,,,,0,0,0,0,32,11.4,0.721,904,322,20.4,9.15,3.26,0.206,10.7,3.82,0.242,,,,,117,15.8,688248,2.52565121874673,"Surface","Dairy","Corn-Barely-Alfalfa/Brome (Organic)","Cultivated Crops","Cultivated Crops","No",,"Dodgevill silt loam","Moderate-infiltration","Well drained",6,0.3,2005,"Pre-growing season",1,2.4,0.04,1.84,0.52,,1,0.68,0.48,0.96,0.96,0.68,"Previous crop",1.88,"Current post-growing season + pre-growing season",0.96,"Partial"
"USGS-425318090074000","H3",0,0,0,"Frozen","Storm","2005-9",3,2005-03-05 14:16:00,2005-03-07 21:25:00,48620,1.27,4.3434,1.583,2.7432,8.2296,8.2296,7.3152,5.0292,3.429,95.24,0.1886,110.1,0.2181,0,0,0,0,107,324,20.5,281,852,53.9,2.16,6.56,0.415,3.08,9.36,0.593,,,,,118,15.8,688248,21.5320291522823,"Surface","Dairy","Corn-Barely-Alfalfa/Brome (Organic)","Cultivated Crops","Cultivated Crops","No",,"Dodgevill silt loam","Moderate-infiltration","Well drained",6,0.3,2005,"Pre-growing season",1,2.4,0.04,1.84,0.52,,1,0.68,0.48,0.96,0.96,0.68,"Previous crop",1.88,"Current post-growing season + pre-growing season",0.96,"Partial"
"USGS-425318090074000","H3",0,0,0,"Frozen","Storm","2005-13",1,2005-03-18 17:30:00,2005-03-19 04:12:00,6317,0.3558,0,,,,,,,,,,,,0,0,0,5.334,70,27.6,1.75,160,63.1,3.99,0.88,0.347,0.022,1.55,0.611,0.0387,,,,,119,15.8,688248,2.79756948076856,"Surface","Dairy","Corn-Barely-Alfalfa/Brome (Organic)","Cultivated Crops","Cultivated Crops","No",,"Dodgevill silt loam","Moderate-infiltration","Well drained",6,0.3,2005,"Pre-growing season",1,2.4,0.04,1.84,0.52,,1,0.68,0.48,0.96,0.96,0.68,"Previous crop",1.88,"Current post-growing season + pre-growing season",0.96,"Partial"
"USGS-425318090074000","H3",0,0,0,"Frozen","Storm","2005-14",1,2005-03-20 16:05:00,2005-03-20 22:50:00,5302,0.647,0,,,,,,,,,,,,0,0,0,5.334,66,21.8,1.38,208,68.8,4.36,1.12,0.371,0.0235,1.99,0.659,0.0417,,,,,120,15.8,688248,2.34806290755658,"Surface","Dairy","Corn-Barely-Alfalfa/Brome (Organic)","Cultivated Crops","Cultivated Crops","No",,"Dodgevill silt loam","Moderate-infiltration","Well drained",6,0.3,2005,"Pre-growing season",1,2.4,0.04,1.84,0.52,,1,0.68,0.48,0.96,0.96,0.68,"Previous crop",1.88,"Current post-growing season + pre-growing season",0.96,"Partial"
"USGS-425318090074000","H3",0,0,0,"Non-Frozen","Storm","2005-15",1,2005-04-20 03:53:00,2005-04-20 04:11:00,264.2,0.5966,17.78,0.4333,41.021,83.2104,77.1144,64.7192,35.56,17.78,742.4,10.39,716.4,10.03,0,0,1.3716,24.7904,16400,271,17.1,406,6.7,0.424,0.11,0.00181,0.000115,25.3,0.417,0.0264,,,,,121,15.8,688248,0.117004568120794,"Surface","Dairy","Corn-Barely-Alfalfa/Brome (Organic)","Cultivated Crops","Cultivated Crops","No",,"Dodgevill silt loam","Moderate-infiltration","Well drained",6,0.3,2005,"Pre-growing season",1,2.4,0.04,1.84,0.52,,1,0.68,0.48,0.96,0.96,0.68,"Previous crop",1.88,"Current post-growing season + pre-growing season",0.96,"Partial"
"USGS-425318090074000","H3",0,0,0,"Non-Frozen","Storm","2005-16",1,2005-05-09 17:45:00,2005-05-09 17:55:00,119.4,0.4085,9.3726,0.1333,70.3072,106.9848,56.2356,37.4904,18.7452,9.3726,397.1,2.931,385.6,2.846,19.3548,19.3548,27.3812,28.2956,12400,92.2,5.84,30,0.224,0.0142,0.064,0.000477,3.02e-05,12.8,0.0954,0.00604,,,,,122,15.8,688248,0.0528779161000105,"Surface","Dairy","Corn-Barely-Alfalfa/Brome (Organic)","Cultivated Crops","Cultivated Crops","No",,"Dodgevill silt loam","Moderate-infiltration","Well drained",6,0.3,2005,"Pre-growing season",1,2.4,0.04,1.84,0.52,,1,0.68,0.48,0.96,0.96,0.68,"Previous crop",1.88,"Current post-growing season + pre-growing season",0.96,"Partial"
"USGS-425318090074000","H3",0,0,0,"Non-Frozen","Storm","2005-17",1,2005-06-25 06:56:00,2005-06-25 07:22:00,649.9,1.092,34.798,3.783,9.19734,103.0224,71.7804,60.0456,31.8516,17.526,1297,16.27,1260,15.8,15.748,15.748,15.748,43.2816,3160,128,8.12,38,1.54,0.0976,0.353,0.0143,0.000906,4.21,0.171,0.0108,,,,,123,15.8,688248,0.287817065941347,"Surface","Dairy","Corn-Barely-Alfalfa/Brome (Organic)","Cultivated Crops","Cultivated Crops","No",,"Dodgevill silt loam","Moderate-infiltration","Well drained",6,0.3,2005,"Growing season",1,2.4,0.04,1.84,0.52,,1,0.68,0.48,0.96,0.96,0.48,"Current crop",2.36,"Current pre-growing season + growing season",,
"USGS-425318090074000","H3",0,0,0,"Non-Frozen","Storm","2005-18",1,2005-06-26 03:06:00,2005-06-26 03:40:00,952,1.21,22.5298,0.8333,27.0256,54.864,53.34,50.8,39.116,22.5298,904.8,13.93,863.6,13.3,43.307,59.055,59.055,62.0268,1410,83.6,5.29,34,2.02,0.128,0.115,0.00683,0.000433,1.82,0.108,0.00683,,,,,124,15.8,688248,0.421606165219514,"Surface","Dairy","Corn-Barely-Alfalfa/Brome (Organic)","Cultivated Crops","Cultivated Crops","No",,"Dodgevill silt loam","Moderate-infiltration","Well drained",6,0.3,2005,"Growing season",1,2.4,0.04,1.84,0.52,,1,0.68,0.48,0.96,0.96,0.48,"Current crop",2.36,"Current pre-growing season + growing season",,
"USGS-425318090074000","H3",0,0,0,"Non-Frozen","Storm","2005-20",1,2005-07-26 00:21:00,2005-07-26 00:45:00,297,0.5486,19.6088,0.5,39.2176,113.6904,92.6592,71.12,38.7604,19.6088,813.3,12.41,787.7,12.02,0.4572,0.4572,43.18,46.8376,698,12.9,0.819,48,0.89,0.0563,0.03,0.000278,1.76e-05,1.12,0.0208,0.00131,,,"<",,125,15.8,688248,0.131530494821634,"Surface","Dairy","Corn-Barely-Alfalfa/Brome (Organic)","Cultivated Crops","Cultivated Crops","No",,"Dodgevill silt loam","Moderate-infiltration","Well drained",6,0.3,2005,"Growing season",1,2.4,0.04,1.84,0.52,,1,0.68,0.48,0.96,0.96,0.48,"Current crop",2.36,"Current pre-growing season + growing season",,
"USGS-425318090074000","H3",0,0,0,"Frozen","Storm","2006-1",1,2006-03-08 17:34:00,2006-03-09 07:00:00,5886,0.443,13.716,5.033,2.72542,8.2296,6.858,5.4864,5.0292,4.572,278.9,0.5522,336.8,0.6668,2.0574,6.4008,6.4008,6.4008,106,39,2.47,52,19.1,1.21,0.916,0.337,0.0213,1.26,0.463,0.0293,,,,,126,15.8,688248,2.60669526101057,"Surface","Dairy","Corn-Barely-Alfalfa/Brome (Organic)","Cultivated Crops","Cultivated Crops","No",,"Dodgevill silt loam","Moderate-infiltration","Well drained",6,0.3,2006,"Pre-growing season",1,1.76,0.04,1.52,0.2,0.52,1,0.48,0.8,0.84,0.84,0.48,"Previous crop",1.56,"Current post-growing season + pre-growing season",0.84,"Partial"
"USGS-425318090074000","H3",0,0,0,"Frozen","Storm","2007-1",1,2006-12-21 14:37:00,2006-12-21 17:20:00,176.5,0.05816,8.6868,5.167,1.681226,5.4864,4.1148,3.6576,3.6576,2.9718,155.8,0.2244,192.6,0.2774,6.4008,6.4008,6.6294,7.5438,107,1.18,0.0746,102,1.12,0.0711,0.98,0.0108,0.000683,1.27,0.014,0.000886,,,,,127,15.8,688248,0.0781654287408027,"Surface","Dairy","Corn-Barely-Alfalfa/Brome (Organic)","Cultivated Crops","Cultivated Crops","No",,"Dodgevill silt loam","Moderate-infiltration","Well drained",6,0.3,2007,"Post-growing season",1,1.84,0.04,1.32,0.48,0.2,1,0.8,0.52,0.84,0.84,0.8,"Previous crop",0.24,"Previous growing season + current post-growing season",0.84,"Partial"
"USGS-425318090074000","H3",0,0,0,"Frozen","Storm","2007-3",1,2007-02-22 17:30:00,2007-02-23 00:15:00,748.9,0.06021,0,,,,,,,,,,,,0,0,0,0,209,9.77,0.618,952,44.5,2.82,1.7,0.0795,0.00503,5.77,0.27,0.0171,,,,,128,15.8,688248,0.331660564215225,"Surface","Dairy","Corn-Barely-Alfalfa/Brome (Organic)","Cultivated Crops","Cultivated Crops","No",,"Dodgevill silt loam","Moderate-infiltration","Well drained",6,0.3,2007,"Pre-growing season",1,1.84,0.04,1.32,0.48,0.2,1,0.8,0.52,0.84,0.84,0.8,"Previous crop",1.36,"Current post-growing season + pre-growing season",0.84,"Partial"
"USGS-425318090074000","H3",0,0,0,"Frozen","Storm","2007-4",4,2007-03-10,2007-03-13 02:46:00,45430,1.83,3.8862,4.233,0.917956,2.7432,2.7432,2.7432,1.8288,1.6002,63.24,0.04553,74.52,0.05365,0,0,0,3.6576,24.2,68.7,4.35,234,665,42.1,1.5,4.26,0.27,2.26,6.42,0.406,,,,,129,15.8,688248,20.1192942079018,"Surface","Dairy","Corn-Barely-Alfalfa/Brome (Organic)","Cultivated Crops","Cultivated Crops","No",,"Dodgevill silt loam","Moderate-infiltration","Well drained",6,0.3,2007,"Pre-growing season",1,1.84,0.04,1.32,0.48,0.2,1,0.8,0.52,0.84,0.84,0.8,"Previous crop",1.36,"Current post-growing season + pre-growing season",0.84,"Partial"
"USGS-425318090074000","H3",0,0,0,"Frozen","Storm","2007-5",1,2007-03-13 14:45:00,2007-03-13 19:31:00,1388,0.1701,0,,,,,,,,,,,,0.2286,0.2286,4.1148,7.7724,41,3.55,0.225,142,12.3,0.779,2.56,0.222,0.014,2.76,0.239,0.0151,,,,,130,15.8,688248,0.614694703072148,"Surface","Dairy","Corn-Barely-Alfalfa/Brome (Organic)","Cultivated Crops","Cultivated Crops","No",,"Dodgevill silt loam","Moderate-infiltration","Well drained",6,0.3,2007,"Pre-growing season",1,1.84,0.04,1.32,0.48,0.2,1,0.8,0.52,0.84,0.84,0.8,"Previous crop",1.36,"Current post-growing season + pre-growing season",0.84,"Partial"
"USGS-434244090470801","JF2",0,0,0,"Frozen","Storm","2011-1",1,2010-12-31 01:30:00,2010-12-31 09:15:00,396.2,0.03136,0.254,,,,,,,,,,,,0.762,0.762,0.762,0.762,17,0.421,0.0263,72,1.78,0.111,0.518,0.0128,0.000801,0.636,0.0157,0.000983,,,,,131,16,696960,0.173269283746556,"Surface","Beef","Grass Pasture","Pasture/Hay","Pasture/Hay","No",,"Pepin silt loam","High-infiltration","Well drained",8.6,0.225,2011,"Post-growing season",1,0,0,0,0,,1,1,1,1,1,1,"Previous crop",,"Previous growing season + current post-growing season",1,"Yes"
"USGS-434244090470801","JF2",0,0,0,"Frozen","Storm","2011-6",1,2011-03-16 18:15:00,2011-03-17 00:15:00,398,0.03396,0,,,,,,,,,,,,0,0,0,3.81,27,0.671,0.0419,62,1.54,0.0963,0.253,0.00629,0.000393,0.42,0.0104,0.000652,,,,,132,16,696960,0.174056473829201,"Surface","Beef","Grass Pasture","Pasture/Hay","Pasture/Hay","No",,"Pepin silt loam","High-infiltration","Well drained",8.6,0.225,2011,"Pre-growing season",1,0,0,0,0,,1,1,1,1,1,1,"Previous crop",0,"Current post-growing season + pre-growing season",1,"Yes"
"USGS-434244090470801","JF2",0,0,0,"Frozen","Storm","2011-7",1,2011-03-17 18:45:00,2011-03-18 03:30:00,1187,0.082,0.254,,,,,,,,,,,,0,0,0,3.81,71,5.26,0.329,30,2.22,0.139,0.566,0.042,0.00262,0.664,0.0492,0.00308,,,,,133,16,696960,0.519108126721763,"Surface","Beef","Grass Pasture","Pasture/Hay","Pasture/Hay","No",,"Pepin silt loam","High-infiltration","Well drained",8.6,0.225,2011,"Pre-growing season",1,0,0,0,0,,1,1,1,1,1,1,"Previous crop",0,"Current post-growing season + pre-growing season",1,"Yes"
"USGS-434244090470801","JF2",0,0,0,"Non-Frozen","Storm","2011-8",1,2011-03-20 13:30:00,2011-03-20 21:15:00,2255,0.2234,23.876,11,2.17043,9.144,9.144,8.128,7.62,5.588,517.6,1.553,608.7,1.826,0.508,0.508,0.762,0.762,143,20.1,1.26,100,14.1,0.88,0.498,0.0701,0.00438,0.801,0.113,0.00705,,,,,134,16,696960,0.986174242424242,"Surface","Beef","Grass Pasture","Pasture/Hay","Pasture/Hay","No",,"Pepin silt loam","High-infiltration","Well drained",8.6,0.225,2011,"Pre-growing season",1,0,0,0,0,,1,1,1,1,1,1,"Previous crop",0,"Current post-growing season + pre-growing season",1,"Yes"
"USGS-434244090470801","JF2",0,0,0,"Non-Frozen","Storm","2011-9",2,2011-03-22 15:30:00,2011-03-23 13:15:00,5598,0.6278,37.846,20.92,1.809496,21.336,15.24,13.208,8.128,6.096,892.7,2.857,978.8,3.132,0,23.876,24.638,24.638,121,42.4,2.65,136,47.5,2.97,0.859,0.3,0.0188,1.29,0.452,0.0282,,,,,135,16,696960,2.44816115702479,"Surface","Beef","Grass Pasture","Pasture/Hay","Pasture/Hay","No",,"Pepin silt loam","High-infiltration","Well drained",8.6,0.225,2011,"Pre-growing season",1,0,0,0,0,,1,1,1,1,1,1,"Previous crop",0,"Current post-growing season + pre-growing season",1,"Yes"
"USGS-434244090470801","JF2",0,0,0,"Frozen","Storm","2012-8",1,2012-03-06 17:00:00,2012-03-07 02:15:00,13400,1.34,0,,,,,,,,,,,,0,0,0,0,168,141,8.78,158,132,8.26,1.76,1.47,0.092,2.75,2.3,0.144,,,,,136,16,696960,5.86019283746556,"Surface","Beef","Grass Pasture","Pasture/Hay","Pasture/Hay","No",,"Pepin silt loam","High-infiltration","Well drained",8.6,0.225,2012,"Pre-growing season",1,0,0,0,0,0,1,1,1,1,1,1,"Previous crop",0,"Current post-growing season + pre-growing season",1,"Yes"
"USGS-434244090470801","JF2",0,0,0,"Frozen","Storm","2013-1",1,2013-01-29 08:30:00,2013-01-30 11:15:00,6601,0.2416,4.318,5.583,0.77343,12.192,9.144,6.096,3.556,2.032,88.68,0.1241,94.68,0.1326,5.334,5.334,5.334,5.334,49,20.2,1.26,148,61,3.81,1.6,0.661,0.0413,2.31,0.952,0.0595,,,,,137,16,696960,2.88680096418733,"Surface","Beef","Grass Pasture","Pasture/Hay","Pasture/Hay","No",,"Pepin silt loam","High-infiltration","Well drained",8.6,0.225,2013,"Pre-growing season",1,0,0,0,0,0,1,1,1,1,1,1,"Previous crop",0,"Current post-growing season + pre-growing season",1,"Yes"
"USGS-434244090470801","JF2",0,0,0,"Frozen","Storm","2013-3",1,2013-03-09 22:15:00,2013-03-12 14:00:00,29020,0.8866,16.256,28.83,0.56388,6.096,4.572,5.08,4.064,3.556,263.3,0.4212,300,0.48,2.032,2.032,2.032,2.032,7,12.7,0.793,96,174,10.9,0.616,1.12,0.0698,0.95,1.72,0.108,,,,,138,16,696960,12.6912534435262,"Surface","Beef","Grass Pasture","Pasture/Hay","Pasture/Hay","No",,"Pepin silt loam","High-infiltration","Well drained",8.6,0.225,2013,"Pre-growing season",1,0,0,0,0,0,1,1,1,1,1,1,"Previous crop",0,"Current post-growing season + pre-growing season",1,"Yes"
"USGS-434244090470801","JF2",0,0,0,"Non-Frozen","Storm","2013-9",1,2013-04-10 03:45:00,2013-04-10 10:00:00,5694,1.858,32.004,6.583,4.86156,39.624,25.908,20.32,16.256,12.7,914.5,5.853,953,6.099,20.574,22.352,28.194,33.528,905,322,20.1,290,103,6.44,4.17,1.48,0.0926,9.84,3.5,0.219,,,,,139,16,696960,2.49014462809917,"Surface","Beef","Grass Pasture","Pasture/Hay","Pasture/Hay","No",,"Pepin silt loam","High-infiltration","Well drained",8.6,0.225,2013,"Pre-growing season",1,0,0,0,0,0,1,1,1,1,1,1,"Previous crop",0,"Current post-growing season + pre-growing season",1,"Yes"
"USGS-434244090470801","JF2",1,0,0,"Non-Frozen","Storm","2014-1",1,2013-10-05 07:15:00,2013-10-05 08:00:00,46.4,0.03948,38.608,1.917,20.1422,91.44,85.344,76.2,69.088,38.354,1628,44.28,1566,42.6,1.778,34.544,49.53,49.53,660,1.91,0.119,52,0.151,0.00941,2.56,0.00741,0.000463,4.27,0.0124,0.000773,,,,,140,16,696960,0.0202920110192837,"Surface","Beef","Grass Pasture","Pasture/Hay","Pasture/Hay","No",,"Pepin silt loam","High-infiltration","Well drained",8.6,0.225,2014,"Post-growing season",1,0,0,0,0,0,1,1,1,1,1,1,"Previous crop",0,"Previous growing season + current post-growing season",1,"Yes"
"USGS-434244090470801","JF2",0,0,0,"Frozen","Storm","2014-5",1,2014-03-27 16:30:00,2014-03-29 02:45:00,32390,2.05,22.86,10.75,2.126488,12.192,9.144,9.144,7.62,6.096,488.1,1.464,571.3,1.714,0,0,0,0.254,128,259,16.2,144,291,18.2,1.72,3.48,0.217,2.44,4.93,0.308,,,,,141,16,696960,14.1650482093664,"Surface","Beef","Grass Pasture","Pasture/Hay","Pasture/Hay","No",,"Pepin silt loam","High-infiltration","Well drained",8.6,0.225,2014,"Pre-growing season",1,0,0,0,0,0,1,1,1,1,1,1,"Previous crop",0,"Current post-growing season + pre-growing season",1,"Yes"
"USGS-434244090470801","JF2",0,0,0,"Non-Frozen","Storm","2014-9",1,2014-06-18 11:00:00,2014-06-18 12:15:00,766.1,0.7282,30.988,1.167,26.5684,152.4,135.636,105.664,57.912,30.48,1257,28.67,1234,28.14,0.254,41.148,41.402,64.262,1730,82.7,5.17,456,21.8,1.36,3.93,0.188,0.0117,6.26,0.299,0.0187,,,,,142,16,696960,0.335036845730028,"Surface","Beef","Grass Pasture","Pasture/Hay","Pasture/Hay","No",,"Pepin silt loam","High-infiltration","Well drained",8.6,0.225,2014,"Growing season",1,0,0,0,0,0,1,1,1,1,1,1,"Current crop",0,"Current pre-growing season + growing season",,
"USGS-434244090470801","JF2",0,0,0,"Non-Frozen","Storm","2014-10",1,2014-06-19 06:00:00,2014-06-19 12:30:00,29620,11.43,54.864,6.583,8.33374,64.008,62.484,60.96,47.244,35.306,1920,35.71,1906,35.45,35.306,39.37,76.454,99.06,1240,2300,144,220,407,25.4,3.72,6.88,0.43,9.47,17.5,1.09,,,,,143,16,696960,12.953650137741,"Surface","Beef","Grass Pasture","Pasture/Hay","Pasture/Hay","No",,"Pepin silt loam","High-infiltration","Well drained",8.6,0.225,2014,"Growing season",1,0,0,0,0,0,1,1,1,1,1,1,"Current crop",0,"Current pre-growing season + growing season",,
"USGS-434244090470801","JF2",0,0,0,"Frozen","Storm","2015-1",3,2015-03-08 17:45:00,2015-03-10 23:30:00,27430,1.458,0,,,,,,,,,,,,0,0,0,0,71.9,123,7.69,240,412,25.7,1.85,3.17,0.198,2.8,4.8,0.3,,,,,144,16,696960,11.9959022038567,"Surface","Beef","Grass Pasture","Pasture/Hay","Pasture/Hay","No",,"Pepin silt loam","High-infiltration","Well drained",8.6,0.225,2015,"Pre-growing season",1,0,0,0,0,0,1,1,1,1,1,1,"Previous crop",0,"Current post-growing season + pre-growing season",1,"Yes"
"USGS-434244090470801","JF2",1,0,0,"Non-Frozen","Storm","2015-3",1,2015-04-09 17:15:00,2015-04-09 18:15:00,69,0.03188,20.066,3.25,6.17474,21.336,19.812,16.256,15.24,9.906,557.8,3.347,591.4,3.548,9.144,45.212,45.72,52.07,522,2.25,0.141,324,1.4,0.0872,2.98,0.0128,0.000802,5.77,0.0249,0.00155,,,,,145,16,696960,0.0301756198347107,"Surface","Beef","Grass Pasture","Pasture/Hay","Pasture/Hay","No",,"Pepin silt loam","High-infiltration","Well drained",8.6,0.225,2015,"Pre-growing season",1,0,0,0,0,0,1,1,1,1,1,1,"Previous crop",0,"Current post-growing season + pre-growing season",1,"Yes"
"USGS-434244090470801","JF2",0,0,0,"Non-Frozen","Storm","2016-1",1,2015-12-14 10:00:00,2015-12-14 16:30:00,12900,2.802,105.41,32.33,3.26136,24.384,21.336,17.272,13.208,12.7,2618,13.61,2881,14.98,0,0,1.27,14.478,353,284,17.8,92,74.1,4.63,1.85,1.49,0.0931,3.28,2.64,0.165,,,,,146,16,696960,5.64152892561983,"Surface","Beef","Grass Pasture","Pasture/Hay","Pasture/Hay","No",,"Pepin silt loam","High-infiltration","Well drained",8.6,0.225,2016,"Post-growing season",1,0,0,0,0,0,1,1,1,1,1,1,"Previous crop",0,"Previous growing season + current post-growing season",1,"Yes"
"USGS-434244090470801","JF2",0,0,0,"Non-Frozen","Storm","2016-3",1,2016-05-26 11:00:00,2016-05-26 11:30:00,109.3,0.181,37.084,0.75,49.4538,112.776,80.772,82.296,61.468,37.084,1555,37.64,1488,36.02,2.794,2.794,2.794,13.97,1290,8.79,0.549,102,0.696,0.0435,1.31,0.00894,0.000559,3.94,0.0269,0.00168,,,,,147,16,696960,0.0477999311294766,"Surface","Beef","Grass Pasture","Pasture/Hay","Pasture/Hay","No",,"Pepin silt loam","High-infiltration","Well drained",8.6,0.225,2016,"Pre-growing season",1,0,0,0,0,0,1,1,1,1,1,1,"Previous crop",0,"Current post-growing season + pre-growing season",1,"Yes"
"USGS-434244090470801","JF2",0,0,0,"Non-Frozen","Storm","2016-8",1,2016-06-15 02:15:00,2016-06-15 05:15:00,9527,4.844,39.878,3,13.29182,103.632,100.584,84.328,52.324,30.734,1454,29.96,1452,29.92,0.508,17.018,55.372,84.836,2610,1550,96.9,336,200,12.5,4.62,2.75,0.172,13.8,8.21,0.513,,,,,148,16,696960,4.16642217630854,"Surface","Beef","Grass Pasture","Pasture/Hay","Pasture/Hay","No",,"Pepin silt loam","High-infiltration","Well drained",8.6,0.225,2016,"Growing season",1,0,0,0,0,0,1,1,1,1,1,1,"Current crop",0,"Current pre-growing season + growing season",,
"USGS-434244090470801","JF2",0,0,0,"Non-Frozen","Storm","2016-9",1,2016-06-30 20:15:00,2016-06-30 21:00:00,420.3,0.5179,33.274,0.6667,49.911,179.832,153.924,115.824,64.516,33.274,1380,35.06,1346,34.19,0,0,15.748,17.018,3000,78.8,4.93,96,2.52,0.157,2.17,0.0569,0.00356,4.36,0.114,0.00715,,,,,149,16,696960,0.183808884297521,"Surface","Beef","Grass Pasture","Pasture/Hay","Pasture/Hay","No",,"Pepin silt loam","High-infiltration","Well drained",8.6,0.225,2016,"Growing season",1,0,0,0,0,0,1,1,1,1,1,1,"Current crop",0,"Current pre-growing season + growing season",,
"USGS-434244090470801","JF2",0,0,0,"Non-Frozen","Storm","2016-14",1,2016-09-07 11:45:00,2016-09-07 13:30:00,2918,1.92,63.754,12.5,5.10032,85.344,60.96,49.784,38.1,20.32,2137,32.05,2127,31.91,2.032,5.334,5.334,55.626,1430,260,16.2,346,63,3.94,7.39,1.35,0.0841,16.1,2.93,0.183,,,,,150,16,696960,1.27612258953168,"Surface","Beef","Grass Pasture","Pasture/Hay","Pasture/Hay","No",,"Pepin silt loam","High-infiltration","Well drained",8.6,0.225,2016,"Growing season",1,0,0,0,0,0,1,1,1,1,1,1,"Current crop",0,"Current pre-growing season + growing season",,
"USGS-434244090470801","JF2",0,0,0,"Non-Frozen","Storm","2016-17",1,2016-09-22 06:00:00,2016-09-22 22:15:00,50540,9.304,87.122,12.17,7.16026,51.816,51.816,48.768,40.132,28.448,2640,41.71,2726,43.08,39.624,39.878,70.612,129.032,364,1150,71.8,118,372,23.3,2.28,7.19,0.45,3.58,11.3,0.706,,,,,151,16,696960,22.1025482093664,"Surface","Beef","Grass Pasture","Pasture/Hay","Pasture/Hay","No",,"Pepin silt loam","High-infiltration","Well drained",8.6,0.225,2016,"Growing season",1,0,0,0,0,0,1,1,1,1,1,1,"Current crop",0,"Current pre-growing season + growing season",,
"USGS-434244090470801","JF2",0,0,0,"Frozen","Storm","2017-2",3,2017-01-20 05:30:00,2017-01-25 01:00:00,13900,0.1553,5.334,84.17,0.063373,3.048,3.048,3.048,2.54,2.032,82.55,0.08255,79.61,0.07961,1.778,2.794,11.43,18.796,563,488,30.5,119,103,6.44,0.799,0.693,0.0433,1.81,1.57,0.0984,,,,,152,16,696960,6.07885674931129,"Surface","Beef","Grass Pasture","Pasture/Hay","Pasture/Hay","No",,"Pepin silt loam","High-infiltration","Well drained",8.6,0.225,2017,"Pre-growing season",1,0,0,0,0,0,1,1,1,1,1,1,"Previous crop",0,"Current post-growing season + pre-growing season",1,"Yes"
"USGS-434244090470801","JF2",1,0,0,"Non-Frozen","Storm","2017-7",1,2017-03-07 03:45:00,2017-03-07 05:30:00,385.3,0.1369,16.256,1.25,13.0048,67.056,47.244,36.576,23.368,15.24,566,5.207,564.7,5.195,0.762,0.762,5.08,6.35,3530,84.9,5.31,646,15.5,0.971,9.97,0.24,0.015,30.9,0.743,0.0465,,,,,153,16,696960,0.16850241046832,"Surface","Beef","Grass Pasture","Pasture/Hay","Pasture/Hay","No",,"Pepin silt loam","High-infiltration","Well drained",8.6,0.225,2017,"Pre-growing season",1,0,0,0,0,0,1,1,1,1,1,1,"Previous crop",0,"Current post-growing season + pre-growing season",1,"Yes"
"USGS-434244090470801","JF2",0,0,0,"Non-Frozen","Storm","2017-9",1,2017-05-17 22:30:00,2017-05-18 00:15:00,843.8,0.5966,15.494,0.25,61.976,85.344,79.248,57.912,30.988,15.494,646.7,7.89,631.6,7.706,2.286,74.676,75.946,91.186,1520,80.1,5,290,15.3,0.955,2.78,0.146,0.00915,6.88,0.362,0.0227,,,,,154,16,696960,0.369017217630854,"Surface","Beef","Grass Pasture","Pasture/Hay","Pasture/Hay","No",,"Pepin silt loam","High-infiltration","Well drained",8.6,0.225,2017,"Pre-growing season",1,0,0,0,0,0,1,1,1,1,1,1,"Previous crop",0,"Current post-growing season + pre-growing season",1,"Yes"
"USGS-434244090470801","JF2",0,0,0,"Non-Frozen","Storm","2017-13",1,2017-07-22 01:30:00,2017-07-22 04:30:00,11360,6.826,10.16,1.667,6.096,27.432,19.812,16.256,13.716,9.906,312.4,1.687,316.4,1.708,18.034,106.172,123.444,191.262,1160,824,51.5,228,162,10.1,4.12,2.92,0.183,8.03,5.69,0.356,,,,,155,16,696960,4.96804407713499,"Surface","Beef","Grass Pasture","Pasture/Hay","Pasture/Hay","No",,"Pepin silt loam","High-infiltration","Well drained",8.6,0.225,2017,"Growing season",1,0,0,0,0,0,1,1,1,1,1,1,"Current crop",0,"Current pre-growing season + growing season",,
"USGS-434311090461401","JF4",0,0,0,"Frozen","Storm","2011-2",1,2011-02-17 12:00:00,2011-02-18 19:30:00,28490,0.928,0.254,,,,,,,,,,,,0,0,0,0,28,49.8,3.56,94,167,11.9,0.601,1.07,0.0764,0.719,1.28,0.0914,,,,,156,14,609840,14.2393939393939,"Surface","Dairy","Corn-Alfalfa","Cultivated Crops","Cultivated Crops","No",,"NewGlarus silt loam","Moderate-infiltration","Well drained",5.2,0.265,2011,"Pre-growing season",0.95,0.2,0.2,0,0,,0.95,0.75,0.75,0.75,0.75,0.75,"Previous crop",0.2,"Current post-growing season + pre-growing season",0.75,"Partial"
"USGS-434311090461401","JF4",0,0,0,"Frozen","Storm","2011-3",1,2011-03-15 19:45:00,2011-03-16 02:15:00,484.1,0.04839,0,,,,,,,,,,,,0,0,0,3.81,3,0.0907,0.00648,48,1.45,0.104,0.184,0.00556,0.000397,0.313,0.00946,0.000676,,,,,157,14,609840,0.24195474222747,"Surface","Dairy","Corn-Alfalfa","Cultivated Crops","Cultivated Crops","No",,"NewGlarus silt loam","Moderate-infiltration","Well drained",5.2,0.265,2011,"Pre-growing season",0.95,0.2,0.2,0,0,,0.95,0.75,0.75,0.75,0.75,0.75,"Previous crop",0.2,"Current post-growing season + pre-growing season",0.75,"Partial"
"USGS-434311090461401","JF4",0,0,0,"Frozen","Storm","2011-5",1,2011-03-16 18:00:00,2011-03-18 08:45:00,18660,0.3314,0.254,,,,,,,,,,,,0,0,0,3.81,3,3.49,0.25,48,55.9,3.99,0.298,0.347,0.0248,0.376,0.438,0.0313,,,,,158,14,609840,9.32632821723731,"Surface","Dairy","Corn-Alfalfa","Cultivated Crops","Cultivated Crops","No",,"NewGlarus silt loam","Moderate-infiltration","Well drained",5.2,0.265,2011,"Pre-growing season",0.95,0.2,0.2,0,0,,0.95,0.75,0.75,0.75,0.75,0.75,"Previous crop",0.2,"Current post-growing season + pre-growing season",0.75,"Partial"
"USGS-434311090461401","JF4",0,0,0,"Frozen","Storm","2011-6",1,2011-03-18 20:30:00,2011-03-19 03:15:00,643.4,0.06092,0,,,,,,,,,,,,0,0.254,0.254,0.254,2,0.0402,0.00287,56,2.25,0.161,0.275,0.011,0.000789,0.336,0.0135,0.000964,"<",,,,159,14,609840,0.321573396300669,"Surface","Dairy","Corn-Alfalfa","Cultivated Crops","Cultivated Crops","No",,"NewGlarus silt loam","Moderate-infiltration","Well drained",5.2,0.265,2011,"Pre-growing season",0.95,0.2,0.2,0,0,,0.95,0.75,0.75,0.75,0.75,0.75,"Previous crop",0.2,"Current post-growing season + pre-growing season",0.75,"Partial"
"USGS-434311090461401","JF4",0,0,0,"Non-Frozen","Storm","2011-7",1,2011-03-20 11:15:00,2011-03-20 23:45:00,6848,0.5354,21.844,7.55,2.89306,9.144,9.144,8.128,7.112,5.588,467.4,1.309,554.9,1.554,0.508,0.508,0.762,0.762,13,5.56,0.397,106,45.3,3.24,0.299,0.128,0.00913,0.42,0.18,0.0128,,,,,160,14,609840,3.42265249901613,"Surface","Dairy","Corn-Alfalfa","Cultivated Crops","Cultivated Crops","No",,"NewGlarus silt loam","Moderate-infiltration","Well drained",5.2,0.265,2011,"Pre-growing season",0.95,0.2,0.2,0,0,,0.95,0.75,0.75,0.75,0.75,0.75,"Previous crop",0.2,"Current post-growing season + pre-growing season",0.75,"Partial"
"USGS-434311090461401","JF4",0,0,0,"Non-Frozen","Storm","2011-8",2,2011-03-22 09:45:00,2011-03-23 08:00:00,20260,1.282,41.656,18.72,2.225548,30.48,19.812,14.224,10.668,7.112,1099,4.617,1153,4.843,0,21.844,22.606,22.606,20.4,25.9,1.85,121,153,10.9,0.263,0.332,0.0237,0.375,0.474,0.0339,,,,,161,14,609840,10.1260133805588,"Surface","Dairy","Corn-Alfalfa","Cultivated Crops","Cultivated Crops","No",,"NewGlarus silt loam","Moderate-infiltration","Well drained",5.2,0.265,2011,"Pre-growing season",0.95,0.2,0.2,0,0,,0.95,0.75,0.75,0.75,0.75,0.75,"Previous crop",0.2,"Current post-growing season + pre-growing season",0.75,"Partial"
"USGS-434311090461401","JF4",0,0,0,"Frozen","Storm","2012-4",1,2012-02-28 23:15:00,2012-03-01 09:30:00,28680,1.952,0,,,,,,,,,,,,0,0,0,0,15,26.9,1.92,122,218,15.6,0.568,1.02,0.0727,0.8,1.43,0.102,,,,,162,14,609840,14.3343565525384,"Surface","Dairy","Corn-Alfalfa","Cultivated Crops","Cultivated Crops","No",,"NewGlarus silt loam","Moderate-infiltration","Well drained",5.2,0.265,2012,"Pre-growing season",0.95,,,,,0,0.95,0.75,0.45,0.75,0.75,0.75,"Previous crop",,"Current post-growing season + pre-growing season",0.75,"Partial"
"USGS-434311090461401","JF4",0,0,0,"Frozen","Storm","2012-5",1,2012-03-06 16:30:00,2012-03-07 13:15:00,16280,1.542,0,,,,,,,,,,,,0,0,0,0,34,34.6,2.47,126,128,9.15,1.3,1.32,0.0945,1.7,1.73,0.123,,,,,163,14,609840,8.13679653679654,"Surface","Dairy","Corn-Alfalfa","Cultivated Crops","Cultivated Crops","No",,"NewGlarus silt loam","Moderate-infiltration","Well drained",5.2,0.265,2012,"Pre-growing season",0.95,,,,,0,0.95,0.75,0.45,0.75,0.75,0.75,"Previous crop",,"Current post-growing season + pre-growing season",0.75,"Partial"
"USGS-434311090461401","JF4",0,0,0,"Non-Frozen","Storm","2012-7",1,2012-04-20 01:30:00,2012-04-20 06:30:00,2341,0.3468,40.894,13.5,3.03022,15.24,12.192,11.176,8.128,6.096,884.2,2.829,1043,3.337,0,2.032,50.8,51.054,13,1.9,0.136,154,22.5,1.61,0.74,0.108,0.00773,0.96,0.14,0.01,,,,,164,14,609840,1.17003935458481,"Surface","Dairy","Corn-Alfalfa","Cultivated Crops","Cultivated Crops","No",,"NewGlarus silt loam","Moderate-infiltration","Well drained",5.2,0.265,2012,"Pre-growing season",0.95,,,,,0,0.95,0.75,0.45,0.75,0.75,0.75,"Previous crop",,"Current post-growing season + pre-growing season",0.75,"Partial"
"USGS-434311090461401","JF4",0,0,0,"Non-Frozen","Storm","2012-9",1,2012-05-03 12:45:00,2012-05-03 16:00:00,9858,3.618,12.446,4.217,2.95148,73.152,48.768,33.528,21.336,11.176,438.3,3.682,435.8,3.661,18.542,29.718,45.72,92.964,2530,1560,111,110,67.7,4.84,0.689,0.424,0.0303,3.91,2.41,0.172,,,,,165,14,609840,4.92706021251476,"Surface","Dairy","Corn-Alfalfa","Cultivated Crops","Cultivated Crops","No",,"NewGlarus silt loam","Moderate-infiltration","Well drained",5.2,0.265,2012,"Pre-growing season",0.95,,,,,0,0.95,0.75,0.45,0.75,0.75,0.75,"Previous crop",,"Current post-growing season + pre-growing season",0.75,"Partial"
"USGS-434311090461401","JF4",0,0,0,"Frozen","Storm","2013-1",1,2013-01-29 06:30:00,2013-01-30 20:15:00,13190,0.4123,5.334,6.583,0.81026,33.528,18.288,12.192,6.096,3.556,150.5,0.3613,148.4,0.3561,0.762,0.762,0.762,0.762,14,11.5,0.823,128,105,7.53,0.823,0.677,0.0484,1.07,0.881,0.0629,,,,,166,14,609840,6.59240456513184,"Surface","Dairy","Corn-Alfalfa","Cultivated Crops","Cultivated Crops","No",,"NewGlarus silt loam","Moderate-infiltration","Well drained",5.2,0.265,2013,"Pre-growing season",0.95,,,,,,0.95,0.45,0.5,0.55,0.55,0.45,"Previous crop",,"Current post-growing season + pre-growing season",0.55,"Partial"
"USGS-434311090461401","JF4",0,0,0,"Frozen","Storm","2013-4",5,2013-03-27 22:30:00,2013-04-05 22:30:00,125700,1.905,4.318,4.567,0.945642,6.096,6.096,5.08,4.064,3.302,85.3,0.1365,100.2,0.1603,0,0,0,0,10.7,83.9,5.99,77.5,608,43.4,0.503,3.95,0.282,0.81,6.36,0.454,,,,,167,14,609840,62.8252656434475,"Surface","Dairy","Corn-Alfalfa","Cultivated Crops","Cultivated Crops","No",,"NewGlarus silt loam","Moderate-infiltration","Well drained",5.2,0.265,2013,"Pre-growing season",0.95,,,,,,0.95,0.45,0.5,0.55,0.55,0.45,"Previous crop",,"Current post-growing season + pre-growing season",0.55,"Partial"
"USGS-434311090461401","JF4",0,0,0,"Non-Frozen","Storm","2013-7",1,2013-04-10 04:15:00,2013-04-10 12:00:00,8864,1.41,32.004,6.833,4.68376,39.624,27.432,20.32,16.764,13.208,994.7,6.565,997.2,6.582,21.844,25.654,29.718,34.036,32,17.7,1.26,50,27.7,1.98,0.368,0.204,0.0145,0.615,0.34,0.0243,,,,,168,14,609840,4.43025580480126,"Surface","Dairy","Corn-Alfalfa","Cultivated Crops","Cultivated Crops","No",,"NewGlarus silt loam","Moderate-infiltration","Well drained",5.2,0.265,2013,"Pre-growing season",0.95,,,,,,0.95,0.45,0.5,0.55,0.55,0.45,"Previous crop",,"Current post-growing season + pre-growing season",0.55,"Partial"
"USGS-434311090461401","JF4",0,0,0,"Non-Frozen","Storm","2013-9",1,2013-04-15 03:45:00,2013-04-15 08:45:00,4503,0.664,12.954,3.333,3.8862,9.144,7.62,8.128,6.604,6.096,290.8,0.7561,340.6,0.8856,10.922,10.922,70.866,74.93,9,2.53,0.181,110,30.9,2.21,0.433,0.122,0.00869,0.508,0.143,0.0102,,,,,169,14,609840,2.25061393152302,"Surface","Dairy","Corn-Alfalfa","Cultivated Crops","Cultivated Crops","No",,"NewGlarus silt loam","Moderate-infiltration","Well drained",5.2,0.265,2013,"Pre-growing season",0.95,,,,,,0.95,0.45,0.5,0.55,0.55,0.45,"Previous crop",,"Current post-growing season + pre-growing season",0.55,"Partial"
"USGS-434311090461401","JF4",0,0,0,"Non-Frozen","Storm","2013-10",1,2013-05-21 06:00:00,2013-05-21 09:15:00,3959,0.934,40.64,4.533,8.96366,88.392,59.436,45.72,30.48,21.844,1521,18.25,1484,17.81,10.668,10.668,36.83,62.23,78,19.3,1.38,204,50.4,3.6,1.92,0.475,0.0339,2.47,0.61,0.0436,,,,,170,14,609840,1.9787209759937,"Surface","Dairy","Corn-Alfalfa","Cultivated Crops","Cultivated Crops","No",,"NewGlarus silt loam","Moderate-infiltration","Well drained",5.2,0.265,2013,"Pre-growing season",0.95,,,,,,0.95,0.45,0.5,0.55,0.55,0.45,"Previous crop",,"Current post-growing season + pre-growing season",0.55,"Partial"
"USGS-434311090461401","JF4",0,0,0,"Non-Frozen","Storm","2013-11",1,2013-05-30 00:15:00,2013-05-30 07:30:00,19280,1.356,41.91,5.233,8.00862,94.488,71.628,51.816,32.004,19.304,1310,16.5,1364,17.19,0,1.524,26.67,112.776,89,107,7.65,186,224,16,1.65,1.99,0.142,2.06,2.48,0.177,,,,,171,14,609840,9.6362062180244,"Surface","Dairy","Corn-Alfalfa","Cultivated Crops","Cultivated Crops","No",,"NewGlarus silt loam","Moderate-infiltration","Well drained",5.2,0.265,2013,"Pre-growing season",0.95,,,,,,0.95,0.45,0.5,0.55,0.55,0.45,"Previous crop",,"Current post-growing season + pre-growing season",0.55,"Partial"
"USGS-434311090461401","JF4",1,0,0,"Non-Frozen","Storm","2013-15",1,2013-06-13 02:15:00,2013-06-13 04:30:00,1992,0.71,14.986,5.533,2.70764,39.624,36.576,33.528,19.812,10.668,497.5,3.88,482.8,3.766,5.08,5.334,34.29,103.886,888,110,7.89,190,23.6,1.69,0.634,0.0788,0.00563,2.59,0.322,0.023,,,,,172,14,609840,0.995608028335301,"Surface","Dairy","Corn-Alfalfa","Cultivated Crops","Cultivated Crops","No",,"NewGlarus silt loam","Moderate-infiltration","Well drained",5.2,0.265,2013,"Growing season",0.95,,,,,,0.95,0.45,0.5,0.55,0.55,0.5,"Current crop",,"Current pre-growing season + growing season",,
"USGS-434311090461401","JF4",0,0,0,"Non-Frozen","Storm","2013-16",2,2013-06-23 01:45:00,2013-06-23 11:00:00,22270,5.06,36.068,8.55,4.21894,70.104,39.624,27.432,22.86,17.018,1190,10.71,1178,10.61,10.16,27.432,27.432,79.502,318,442,31.6,160,222,15.9,0.932,1.3,0.0926,1.9,2.64,0.188,,,,,173,14,609840,11.1306178669815,"Surface","Dairy","Corn-Alfalfa","Cultivated Crops","Cultivated Crops","No",,"NewGlarus silt loam","Moderate-infiltration","Well drained",5.2,0.265,2013,"Growing season",0.95,,,,,,0.95,0.45,0.5,0.55,0.55,0.5,"Current crop",,"Current pre-growing season + growing season",,
"USGS-434311090461401","JF4",0,0,0,"Non-Frozen","Storm","2013-17",1,2013-06-25 08:00:00,2013-06-25 12:30:00,7634,1.45,19.05,5.533,3.4417,27.432,22.86,17.272,11.176,9.398,540.3,2.377,556.1,2.447,0,11.176,63.5,99.822,102,48.6,3.47,158,75.3,5.38,0.818,0.39,0.0278,1.25,0.596,0.0426,,,,,174,14,609840,3.81549783549784,"Surface","Dairy","Corn-Alfalfa","Cultivated Crops","Cultivated Crops","No",,"NewGlarus silt loam","Moderate-infiltration","Well drained",5.2,0.265,2013,"Growing season",0.95,,,,,,0.95,0.45,0.5,0.55,0.55,0.5,"Current crop",,"Current pre-growing season + growing season",,
"USGS-434311090461401","JF4",0,0,0,"Frozen","Storm","2014-4",1,2014-03-27 13:30:00,2014-03-29 01:45:00,30730,2.17,22.352,10.88,2.053844,9.144,9.144,8.128,7.112,5.842,477.9,1.338,556.6,1.559,0,0,0,0,296,568,40.6,144,276,19.7,2.86,5.49,0.392,4.47,8.57,0.612,,,,,175,14,609840,15.3589531680441,"Surface","Dairy","Corn-Alfalfa","Cultivated Crops","Cultivated Crops","No",,"NewGlarus silt loam","Moderate-infiltration","Well drained",5.2,0.265,2014,"Pre-growing season",0.95,,,,,,0.95,0.5,0.65,0.85,0.85,0.5,"Previous crop",,"Current post-growing season + pre-growing season",0.85,"Partial"
"USGS-434311090461401","JF4",0,0,0,"Non-Frozen","Storm","2014-5",1,2014-04-13 22:45:00,2014-04-14 06:45:00,7502,0.916,38.354,11.55,3.31978,12.192,10.668,11.176,10.16,9.144,897.2,3.589,1025,4.099,21.336,31.242,31.242,36.322,49,22.9,1.64,114,53.4,3.81,4.03,1.89,0.135,4.57,2.14,0.153,,,,,176,14,609840,3.74952380952381,"Surface","Dairy","Corn-Alfalfa","Cultivated Crops","Cultivated Crops","No",,"NewGlarus silt loam","Moderate-infiltration","Well drained",5.2,0.265,2014,"Pre-growing season",0.95,,,,,,0.95,0.5,0.65,0.85,0.85,0.5,"Previous crop",,"Current post-growing season + pre-growing season",0.85,"Partial"
"USGS-434311090461401","JF4",0,0,0,"Non-Frozen","Storm","2014-7",1,2014-04-28 13:15:00,2014-04-28 22:00:00,5148,0.5894,20.32,9.95,2.04216,12.192,10.668,9.144,8.128,4.826,415.6,1.33,487.2,1.559,10.668,10.668,45.72,64.008,28,9,0.643,142,45.6,3.26,1.37,0.44,0.0314,1.64,0.527,0.0376,,,,,177,14,609840,2.57298701298701,"Surface","Dairy","Corn-Alfalfa","Cultivated Crops","Cultivated Crops","No",,"NewGlarus silt loam","Moderate-infiltration","Well drained",5.2,0.265,2014,"Pre-growing season",0.95,,,,,,0.95,0.5,0.65,0.85,0.85,0.5,"Previous crop",,"Current post-growing season + pre-growing season",0.85,"Partial"
"USGS-434311090461401","JF4",0,0,0,"Non-Frozen","Storm","2014-9",1,2014-06-01 21:30:00,2014-06-02 01:45:00,8377,1.956,48.006,6.283,7.64032,73.152,53.34,44.704,32.004,17.78,1710,21.55,1664,20.97,12.954,12.954,21.844,25.4,991,518,37,102,53.3,3.81,1.35,0.706,0.0504,2.91,1.52,0.109,,,,,178,14,609840,4.18685163321527,"Surface","Dairy","Corn-Alfalfa","Cultivated Crops","Cultivated Crops","No",,"NewGlarus silt loam","Moderate-infiltration","Well drained",5.2,0.265,2014,"Growing season",0.95,,,,,,0.95,0.5,0.65,0.85,0.85,0.65,"Current crop",,"Current pre-growing season + growing season",,
"USGS-434311090461401","JF4",0,0,0,"Non-Frozen","Storm","2014-10",1,2014-06-07 18:45:00,2014-06-07 21:00:00,4978,2.38,36.322,2.783,13.05052,149.352,128.016,105.664,62.484,32.258,1423,35.01,1404,34.54,0,0,66.548,75.438,3100,962,68.7,80,24.9,1.78,0.875,0.272,0.0194,4,1.24,0.0888,,,,,179,14,609840,2.4880204643841,"Surface","Dairy","Corn-Alfalfa","Cultivated Crops","Cultivated Crops","No",,"NewGlarus silt loam","Moderate-infiltration","Well drained",5.2,0.265,2014,"Growing season",0.95,,,,,,0.95,0.5,0.65,0.85,0.85,0.65,"Current crop",,"Current pre-growing season + growing season",,
"USGS-434311090461401","JF4",0,0,0,"Non-Frozen","Storm","2014-11",1,2014-06-17 02:45:00,2014-06-17 05:15:00,7122,2.475,39.624,3.267,12.13104,124.968,114.3,95.504,61.468,33.02,1487,35.99,1475,35.7,0,0.254,0.254,37.338,573,255,18.2,76,33.8,2.41,0.609,0.271,0.0193,1.23,0.547,0.0391,,,,,180,14,609840,3.55959858323495,"Surface","Dairy","Corn-Alfalfa","Cultivated Crops","Cultivated Crops","No",,"NewGlarus silt loam","Moderate-infiltration","Well drained",5.2,0.265,2014,"Growing season",0.95,,,,,,0.95,0.5,0.65,0.85,0.85,0.65,"Current crop",,"Current pre-growing season + growing season",,
"USGS-434311090461401","JF4",0,0,0,"Non-Frozen","Storm","2014-12",1,2014-06-18 11:00:00,2014-06-18 15:15:00,15840,5.426,28.194,2.433,11.58748,140.208,117.348,91.44,48.768,25.146,1092,20.96,1083,20.8,0.762,44.196,44.45,81.534,311,308,22,60,59.3,4.24,0.576,0.57,0.0407,1.1,1.09,0.0776,,,,,181,14,609840,7.91688311688312,"Surface","Dairy","Corn-Alfalfa","Cultivated Crops","Cultivated Crops","No",,"NewGlarus silt loam","Moderate-infiltration","Well drained",5.2,0.265,2014,"Growing season",0.95,,,,,,0.95,0.5,0.65,0.85,0.85,0.65,"Current crop",,"Current pre-growing season + growing season",,
"USGS-434311090461401","JF4",0,0,0,"Non-Frozen","Storm","2014-13",1,2014-06-19 06:30:00,2014-06-19 13:15:00,60780,16.62,46.99,6.2,7.57936,85.344,79.248,69.088,53.34,34.544,1688,35.44,1675,35.17,28.956,31.75,72.644,109.474,181,687,49.1,88,334,23.8,0.758,2.88,0.205,1.2,4.55,0.325,,,,,182,14,609840,30.3780401416765,"Surface","Dairy","Corn-Alfalfa","Cultivated Crops","Cultivated Crops","No",,"NewGlarus silt loam","Moderate-infiltration","Well drained",5.2,0.265,2014,"Growing season",0.95,,,,,,0.95,0.5,0.65,0.85,0.85,0.65,"Current crop",,"Current pre-growing season + growing season",,
"USGS-434311090461401","JF4",0,0,0,"Non-Frozen","Storm","2015-4",1,2015-04-08 03:00:00,2015-04-08 06:15:00,838,0.153,41.148,5.417,7.59714,60.96,51.816,44.704,28.448,17.018,1484,16.62,1515,16.97,0.508,0.508,3.302,5.08,31,1.62,0.116,84,4.39,0.314,0.538,0.0281,0.00201,0.724,0.0379,0.00271,,,,,183,14,609840,0.41883510428965,"Surface","Dairy","Corn-Alfalfa","Cultivated Crops","Cultivated Crops","No",,"NewGlarus silt loam","Moderate-infiltration","Well drained",5.2,0.265,2015,"Pre-growing season",0.95,,,,,,0.95,0.65,0.65,0.65,0.65,0.65,"Previous crop",,"Current post-growing season + pre-growing season",0.65,"Partial"
"USGS-434311090461401","JF4",0,0,0,"Non-Frozen","Storm","2015-8",1,2015-06-12 02:15:00,2015-06-12 06:15:00,1536,0.2194,43.942,15.25,2.88036,27.432,18.288,15.24,9.652,6.858,1005,3.818,1143,4.342,0,0,9.144,33.528,2,0.0959,0.00685,202,19.4,1.38,1.2,0.115,0.00822,1.38,0.132,0.00945,"<",,,,184,14,609840,0.767697756788666,"Surface","Dairy","Corn-Alfalfa","Cultivated Crops","Cultivated Crops","No",,"NewGlarus silt loam","Moderate-infiltration","Well drained",5.2,0.265,2015,"Growing season",0.95,,,,,,0.95,0.65,0.65,0.65,0.65,0.65,"Current crop",,"Current pre-growing season + growing season",,
"USGS-434311090461401","JF4",0,0,0,"Non-Frozen","Storm","2016-2",1,2015-12-13 16:00:00,2015-12-13 20:00:00,3114,0.674,48.768,12.42,3.92684,91.44,73.152,60.96,48.768,41.91,3719,71.41,3886,74.61,0,0,1.016,13.97,39,7.58,0.542,86,16.7,1.19,1.11,0.216,0.0154,1.34,0.261,0.0186,,,,,185,14,609840,1.55638724911452,"Surface","Dairy","Corn-Alfalfa","Cultivated Crops","Cultivated Crops","No",,"NewGlarus silt loam","Moderate-infiltration","Well drained",5.2,0.265,2016,"Post-growing season",0.95,,,,,,0.95,0.65,0.65,0.65,0.65,0.65,"Previous crop",,"Previous growing season + current post-growing season",0.65,"Partial"
"USGS-434311090461401","JF4",0,0,0,"Non-Frozen","Storm","2016-3",1,2015-12-14,2015-12-14 17:30:00,47150,4.171,106.172,31.12,3.41122,91.44,73.152,60.96,48.768,41.91,5059,97.14,5403,103.7,0,0,1.016,13.97,84,247,17.7,65,191,13.7,0.874,2.57,0.184,1.06,3.12,0.223,,,,,186,14,609840,23.5657221566312,"Surface","Dairy","Corn-Alfalfa","Cultivated Crops","Cultivated Crops","No",,"NewGlarus silt loam","Moderate-infiltration","Well drained",5.2,0.265,2016,"Post-growing season",0.95,,,,,,0.95,0.65,0.65,0.65,0.65,0.65,"Previous crop",,"Previous growing season + current post-growing season",0.65,"Partial"
"USGS-434311090461401","JF4",0,0,0,"Frozen","Storm","2016-6",1,2016-02-20 19:00:00,2016-02-21 16:00:00,6408,0.2725,0,,,,,,,,,,,,0.254,0.254,0.254,0.254,5,2,0.143,48,19.2,1.37,0.462,0.185,0.0132,0.584,0.234,0.0167,,,,,187,14,609840,3.20273907910272,"Surface","Dairy","Corn-Alfalfa","Cultivated Crops","Cultivated Crops","No",,"NewGlarus silt loam","Moderate-infiltration","Well drained",5.2,0.265,2016,"Pre-growing season",0.95,,,,,,0.95,0.65,0.65,0.65,0.65,0.65,"Previous crop",,"Current post-growing season + pre-growing season",0.65,"Partial"
"USGS-434311090461401","JF4",0,0,0,"Frozen","Storm","2016-7",1,2016-02-21 19:30:00,2016-02-22 10:00:00,1881,0.07963,0,,,,,,,,,,,,0,0.254,0.254,0.254,5,0.587,0.0419,63,7.4,0.529,0.503,0.0591,0.00422,0.632,0.0742,0.0053,,,,,188,14,609840,0.94012987012987,"Surface","Dairy","Corn-Alfalfa","Cultivated Crops","Cultivated Crops","No",,"NewGlarus silt loam","Moderate-infiltration","Well drained",5.2,0.265,2016,"Pre-growing season",0.95,,,,,,0.95,0.65,0.65,0.65,0.65,0.65,"Previous crop",,"Current post-growing season + pre-growing season",0.65,"Partial"
"USGS-434311090461401","JF4",0,0,0,"Frozen","Storm","2016-10",1,2016-03-06 20:15:00,2016-03-07 11:15:00,3218,0.2402,0,,,,,,,,,,,,0,0,0,0,4,0.803,0.0574,64,12.9,0.918,0.417,0.0838,0.00598,0.981,0.197,0.0141,,,,,189,14,609840,1.60836678473042,"Surface","Dairy","Corn-Alfalfa","Cultivated Crops","Cultivated Crops","No",,"NewGlarus silt loam","Moderate-infiltration","Well drained",5.2,0.265,2016,"Pre-growing season",0.95,,,,,,0.95,0.65,0.65,0.65,0.65,0.65,"Previous crop",,"Current post-growing season + pre-growing season",0.65,"Partial"
"USGS-434311090461401","JF4",0,0,0,"Non-Frozen","Storm","2016-12",1,2016-03-16 02:15:00,2016-03-16 07:00:00,5453,1.072,15.24,6.433,2.368804,12.192,10.668,10.16,8.128,5.842,360.9,1.155,403.2,1.29,14.478,15.24,19.812,20.574,69,23.5,1.68,78,26.6,1.9,0.361,0.123,0.00878,0.611,0.208,0.0149,,,,,190,14,609840,2.72542699724518,"Surface","Dairy","Corn-Alfalfa","Cultivated Crops","Cultivated Crops","No",,"NewGlarus silt loam","Moderate-infiltration","Well drained",5.2,0.265,2016,"Pre-growing season",0.95,,,,,,0.95,0.65,0.65,0.65,0.65,0.65,"Previous crop",,"Current post-growing season + pre-growing season",0.65,"Partial"
"USGS-434311090461401","JF4",0,0,0,"Non-Frozen","Storm","2016-14",2,2016-03-31 03:00:00,2016-03-31 11:45:00,32010,5.623,43.18,7.767,5.56006,60.96,51.816,44.704,35.052,23.114,1421,19.61,1415,19.53,8.128,8.128,8.89,8.89,406,810,57.9,50.3,100,7.17,0.316,0.631,0.0451,1.26,2.51,0.179,,,,,191,14,609840,15.9987012987013,"Surface","Dairy","Corn-Alfalfa","Cultivated Crops","Cultivated Crops","No",,"NewGlarus silt loam","Moderate-infiltration","Well drained",5.2,0.265,2016,"Pre-growing season",0.95,,,,,,0.95,0.65,0.65,0.65,0.65,0.65,"Previous crop",,"Current post-growing season + pre-growing season",0.65,"Partial"
"USGS-434311090461401","JF4",0,0,0,"Non-Frozen","Storm","2016-15",1,2016-06-01 01:15:00,2016-06-01 03:30:00,2266,0.679,37.846,3.6,10.51306,82.296,48.768,36.576,32.512,27.178,1380,17.67,1340,17.15,4.064,4.064,71.628,71.628,77,10.9,0.778,83,11.7,0.839,0.465,0.0658,0.0047,0.664,0.0939,0.00671,,,,,192,14,609840,1.13255411255411,"Surface","Dairy","Corn-Alfalfa","Cultivated Crops","Cultivated Crops","No",,"NewGlarus silt loam","Moderate-infiltration","Well drained",5.2,0.265,2016,"Growing season",0.95,,,,,,0.95,0.65,0.65,0.65,0.65,0.65,"Current crop",,"Current pre-growing season + growing season",,
"USGS-434311090461401","JF4",0,0,0,"Non-Frozen","Storm","2016-17",1,2016-06-15 02:15:00,2016-06-15 06:45:00,16910,5.105,38.608,3.767,10.2489,100.584,79.248,69.088,49.784,28.956,1404,27.51,1385,27.14,1.778,18.542,69.85,94.488,143,151,10.8,34,35.9,2.56,0.284,0.3,0.0214,0.598,0.631,0.0451,,,,,193,14,609840,8.45167256985439,"Surface","Dairy","Corn-Alfalfa","Cultivated Crops","Cultivated Crops","No",,"NewGlarus silt loam","Moderate-infiltration","Well drained",5.2,0.265,2016,"Growing season",0.95,,,,,,0.95,0.65,0.65,0.65,0.65,0.65,"Current crop",,"Current pre-growing season + growing season",,
"USGS-434311090461401","JF4",0,0,0,"Non-Frozen","Storm","2016-18",1,2016-08-24 06:30:00,2016-08-24 10:15:00,4314,1.506,43.18,6.467,6.67766,97.536,62.484,45.72,28.448,18.542,1305,14.62,1365,15.29,0,0,46.736,83.058,650,175,12.5,36,9.7,0.693,0.94,0.253,0.0181,3.13,0.843,0.0602,,,,,194,14,609840,2.15615112160567,"Surface","Dairy","Corn-Alfalfa","Cultivated Crops","Cultivated Crops","No",,"NewGlarus silt loam","Moderate-infiltration","Well drained",5.2,0.265,2016,"Growing season",0.95,,,,,,0.95,0.65,0.65,0.65,0.65,0.65,"Current crop",,"Current pre-growing season + growing season",,
"USGS-434311090461401","JF4",0,0,0,"Non-Frozen","Storm","2016-19",2,2016-09-07 09:00:00,2016-09-07 14:45:00,12010,3.765,61.214,13.98,4.37642,152.4,121.92,97.536,69.088,37.084,4103,111.6,4106,111.7,5.588,6.35,6.35,57.658,96.9,72.6,5.19,35.4,26.5,1.9,0.458,0.343,0.0245,0.811,0.608,0.0434,,,,,195,14,609840,6.00263675718221,"Surface","Dairy","Corn-Alfalfa","Cultivated Crops","Cultivated Crops","No",,"NewGlarus silt loam","Moderate-infiltration","Well drained",5.2,0.265,2016,"Growing season",0.95,,,,,,0.95,0.65,0.65,0.65,0.65,0.65,"Current crop",,"Current pre-growing season + growing season",,
"USGS-434311090461401","JF4",0,0,0,"Non-Frozen","Storm","2016-21",1,2016-09-09 15:00:00,2016-09-09 21:30:00,9462,0.925,35.052,5.767,6.07822,33.528,24.384,21.336,17.272,14.986,1016,6.906,1059,7.205,0,7.366,73.152,80.772,39,23,1.65,64,37.8,2.7,0.522,0.308,0.022,0.734,0.434,0.031,,,,,196,14,609840,4.72913813459268,"Surface","Dairy","Corn-Alfalfa","Cultivated Crops","Cultivated Crops","No",,"NewGlarus silt loam","Moderate-infiltration","Well drained",5.2,0.265,2016,"Growing season",0.95,,,,,,0.95,0.65,0.65,0.65,0.65,0.65,"Current crop",,"Current pre-growing season + growing season",,
"USGS-434311090461401","JF4",0,0,0,"Non-Frozen","Storm","2016-22",1,2016-09-10 08:30:00,2016-09-10 12:45:00,3067,0.6542,9.652,5.65,1.708404,21.336,12.192,10.16,9.144,6.35,235.2,0.8469,250.8,0.9028,35.814,35.814,108.966,113.284,33,6.32,0.451,80,15.3,1.09,0.446,0.0854,0.0061,0.63,0.121,0.00862,,,,,197,14,609840,1.53289649744195,"Surface","Dairy","Corn-Alfalfa","Cultivated Crops","Cultivated Crops","No",,"NewGlarus silt loam","Moderate-infiltration","Well drained",5.2,0.265,2016,"Growing season",0.95,,,,,,0.95,0.65,0.65,0.65,0.65,0.65,"Current crop",,"Current pre-growing season + growing season",,
"USGS-434311090461401","JF4",0,0,0,"Non-Frozen","Storm","2016-23",1,2016-09-21 12:15:00,2016-09-21 18:15:00,19070,2.802,42.926,8.583,5.00126,42.672,32.004,24.384,14.224,12.954,1361,7.62,1355,7.59,0.254,6.096,30.988,134.62,269,320,22.9,74,88.1,6.29,0.458,0.545,0.0389,1.26,1.5,0.107,,,,,198,14,609840,9.53124754033845,"Surface","Dairy","Corn-Alfalfa","Cultivated Crops","Cultivated Crops","No",,"NewGlarus silt loam","Moderate-infiltration","Well drained",5.2,0.265,2016,"Growing season",0.95,,,,,,0.95,0.65,0.65,0.65,0.65,0.65,"Current crop",,"Current pre-growing season + growing season",,
"USGS-434311090461401","JF4",0,0,0,"Non-Frozen","Storm","2016-24",1,2016-09-22 03:15:00,2016-09-22 16:30:00,75950,6.532,76.962,12.02,6.40334,36.576,33.528,31.496,28.448,20.828,2187,24.49,2311,25.89,44.704,44.958,75.692,133.35,159,754,53.9,64,303,21.7,0.267,1.27,0.0904,0.76,3.6,0.257,,,,,199,14,609840,37.9600550964187,"Surface","Dairy","Corn-Alfalfa","Cultivated Crops","Cultivated Crops","No",,"NewGlarus silt loam","Moderate-infiltration","Well drained",5.2,0.265,2016,"Growing season",0.95,,,,,,0.95,0.65,0.65,0.65,0.65,0.65,"Current crop",,"Current pre-growing season + growing season",,
"USGS-434311090461401","JF4",0,0,0,"Non-Frozen","Storm","2017-1",1,2016-10-26 09:15:00,2016-10-26 12:15:00,1305,0.2472,49.276,8.45,5.83184,15.24,15.24,15.24,13.208,11.43,1361,7.078,1451,7.543,1.27,1.27,1.27,3.81,39,3.18,0.227,114,9.29,0.663,1.24,0.101,0.00721,1.41,0.115,0.0082,,,,,200,14,609840,0.65224321133412,"Surface","Dairy","Corn-Alfalfa","Cultivated Crops","Cultivated Crops","No",,"NewGlarus silt loam","Moderate-infiltration","Well drained",5.2,0.265,2017,"Post-growing season",0.95,,,,,,0.95,0.65,0.3,0.65,0.65,0.65,"Previous crop",,"Previous growing season + current post-growing season",0.65,"Partial"
"USGS-434311090461401","JF4",0,0,0,"Frozen","Storm","2017-2",3,2017-01-18 18:00:00,2017-01-24 12:00:00,15910,0.162,9.398,109.7,0.0856996,6.096,4.572,4.064,3.048,2.286,150.6,0.1807,146.8,0.1762,2.794,8.636,8.636,16.256,4,1.99,0.142,52.1,51.7,3.7,0.274,0.272,0.0194,0.302,0.3,0.0214,"<",,,,201,14,609840,7.95186934277843,"Surface","Dairy","Corn-Alfalfa","Cultivated Crops","Cultivated Crops","No",,"NewGlarus silt loam","Moderate-infiltration","Well drained",5.2,0.265,2017,"Pre-growing season",0.95,,,,,,0.95,0.65,0.3,0.65,0.65,0.65,"Previous crop",,"Current post-growing season + pre-growing season",0.65,"Partial"
"USGS-434311090461401","JF4",0,0,0,"Frozen","Storm","2017-3",1,2017-02-18 19:30:00,2017-02-19 02:15:00,3443,0.3684,0,,,,,,,,,,,,0,0,0,0,4,0.86,0.0614,46,9.89,0.706,0.209,0.0449,0.00321,0.266,0.0572,0.00408,,,,,202,14,609840,1.72082251082251,"Surface","Dairy","Corn-Alfalfa","Cultivated Crops","Cultivated Crops","No",,"NewGlarus silt loam","Moderate-infiltration","Well drained",5.2,0.265,2017,"Pre-growing season",0.95,,,,,,0.95,0.65,0.3,0.65,0.65,0.65,"Previous crop",,"Current post-growing season + pre-growing season",0.65,"Partial"
"USGS-434311090461401","JF4",0,0,0,"Frozen","Storm","2017-4",1,2017-02-19 19:45:00,2017-02-19 23:00:00,541.7,0.07647,0,,,,,,,,,,,,0,0,0,0,9,0.304,0.0217,56,1.89,0.135,0.233,0.00788,0.000563,0.299,0.0101,0.000722,,,,,203,14,609840,0.270743408107044,"Surface","Dairy","Corn-Alfalfa","Cultivated Crops","Cultivated Crops","No",,"NewGlarus silt loam","Moderate-infiltration","Well drained",5.2,0.265,2017,"Pre-growing season",0.95,,,,,,0.95,0.65,0.3,0.65,0.65,0.65,"Previous crop",,"Current post-growing season + pre-growing season",0.65,"Partial"
"USGS-434311090461401","JF4",0,0,0,"Non-Frozen","Storm","2017-5",1,2017-02-20 21:45:00,2017-02-21 05:00:00,7462,0.7204,16.51,6.85,2.410206,9.144,9.144,8.128,6.096,4.572,340.9,0.8181,407.2,0.9772,0,0,0,0,8,3.73,0.266,84,39.1,2.8,0.192,0.0894,0.00639,0.277,0.129,0.00922,,,,,204,14,609840,3.72953168044077,"Surface","Dairy","Corn-Alfalfa","Cultivated Crops","Cultivated Crops","No",,"NewGlarus silt loam","Moderate-infiltration","Well drained",5.2,0.265,2017,"Pre-growing season",0.95,,,,,,0.95,0.65,0.3,0.65,0.65,0.65,"Previous crop",,"Current post-growing season + pre-growing season",0.65,"Partial"
"USGS-434311090461401","JF4",0,0,0,"Non-Frozen","Storm","2017-6",1,2017-03-07 03:30:00,2017-03-07 07:15:00,6254,1.328,14.224,1.3,10.94232,54.864,41.148,33.528,21.336,13.208,488.7,4.105,487.4,4.094,0.254,0.254,4.318,5.334,181,70.7,5.05,70,27.3,1.95,0.278,0.109,0.00775,0.761,0.297,0.0212,,,,,205,14,609840,3.12576938213302,"Surface","Dairy","Corn-Alfalfa","Cultivated Crops","Cultivated Crops","No",,"NewGlarus silt loam","Moderate-infiltration","Well drained",5.2,0.265,2017,"Pre-growing season",0.95,,,,,,0.95,0.65,0.3,0.65,0.65,0.65,"Previous crop",,"Current post-growing season + pre-growing season",0.65,"Partial"
"USGS-434311090461401","JF4",0,0,0,"Non-Frozen","Storm","2017-7",1,2017-04-04 08:15:00,2017-04-04 16:45:00,3752,0.2976,18.796,12.85,1.462786,6.096,4.572,4.064,3.048,2.794,308.4,0.3701,385.3,0.4624,16.002,16.002,20.574,42.164,26,6.09,0.435,84,19.7,1.41,0.23,0.0539,0.00385,0.375,0.0878,0.00627,,,,,206,14,609840,1.87526170798898,"Surface","Dairy","Corn-Alfalfa","Cultivated Crops","Cultivated Crops","No",,"NewGlarus silt loam","Moderate-infiltration","Well drained",5.2,0.265,2017,"Pre-growing season",0.95,,,,,,0.95,0.65,0.3,0.65,0.65,0.65,"Previous crop",,"Current post-growing season + pre-growing season",0.65,"Partial"
"USGS-434311090461401","JF4",0,0,0,"Non-Frozen","Storm","2017-8",1,2017-04-20 05:00:00,2017-04-20 10:00:00,4749,0.6665,30.988,7.033,4.4069,54.864,41.148,33.528,24.892,17.526,983.3,9.636,986.4,9.666,0.254,0.254,32.258,36.322,87,25.8,1.84,70,20.8,1.48,0.244,0.0723,0.00517,0.524,0.155,0.0111,,,,,207,14,609840,2.37356552538371,"Surface","Dairy","Corn-Alfalfa","Cultivated Crops","Cultivated Crops","No",,"NewGlarus silt loam","Moderate-infiltration","Well drained",5.2,0.265,2017,"Pre-growing season",0.95,,,,,,0.95,0.65,0.3,0.65,0.65,0.65,"Previous crop",,"Current post-growing season + pre-growing season",0.65,"Partial"
"USGS-434311090461401","JF4",0,0,0,"Non-Frozen","Storm","2017-10",1,2017-05-16 06:15:00,2017-05-16 10:15:00,9056,1.506,51.562,4.9,10.52322,91.44,79.248,72.136,50.8,36.068,1963,39.25,1900,38,1.778,1.778,8.89,16.51,72,40.7,2.91,520,294,21,6.36,3.6,0.257,8.34,4.71,0.337,,,,,208,14,609840,4.52621802439984,"Surface","Dairy","Corn-Alfalfa","Cultivated Crops","Cultivated Crops","No",,"NewGlarus silt loam","Moderate-infiltration","Well drained",5.2,0.265,2017,"Pre-growing season",0.95,,,,,,0.95,0.65,0.3,0.65,0.65,0.65,"Previous crop",,"Current post-growing season + pre-growing season",0.65,"Partial"
"USGS-434311090461401","JF4",0,0,0,"Non-Frozen","Storm","2017-11",1,2017-05-17 22:45:00,2017-05-18 04:30:00,8656,2.43,24.13,4.967,4.85902,121.92,96.012,74.168,38.608,19.304,959.7,14.59,928.2,14.11,2.032,54.356,57.404,70.612,135,73,5.21,208,112,8.03,1.7,0.919,0.0656,2.72,1.47,0.105,,,,,209,14,609840,4.32629673356946,"Surface","Dairy","Corn-Alfalfa","Cultivated Crops","Cultivated Crops","No",,"NewGlarus silt loam","Moderate-infiltration","Well drained",5.2,0.265,2017,"Pre-growing season",0.95,,,,,,0.95,0.65,0.3,0.65,0.65,0.65,"Previous crop",,"Current post-growing season + pre-growing season",0.65,"Partial"
"USGS-434311090461401","JF4",0,0,0,"Non-Frozen","Storm","2017-14",2,2017-07-12 08:15:00,2017-07-12 14:00:00,36410,11.48,75.438,5.817,12.96924,143.256,114.3,92.456,52.324,26.416,2917,60.09,2816,58.01,0,16.764,29.972,57.15,42.3,96,6.86,65.2,148,10.6,0.958,2.18,0.156,1.11,2.52,0.18,,,,,210,14,609840,18.1978354978355,"Surface","Dairy","Corn-Alfalfa","Cultivated Crops","Cultivated Crops","No",,"NewGlarus silt loam","Moderate-infiltration","Well drained",5.2,0.265,2017,"Growing season",0.95,,,,,,0.95,0.65,0.3,0.65,0.65,0.3,"Current crop",,"Current pre-growing season + growing season",,
"USGS-434250090461401","JF5",0,0,0,"Frozen","Storm","2011-3",1,2010-11-29 21:15:00,2010-11-30 06:45:00,1445,0.312,4.318,5.283,0.817372,6.096,3.048,3.048,2.54,2.032,76.21,0.07621,90,0.09,0,0,0,7.112,303,27.3,0.818,172,15.5,0.465,0.055,0.00496,0.000149,0.655,0.0591,0.00177,,,,,211,33.4,1454904,0.302725128255885,"Surface","Dairy","Corn-Alfalfa","Cultivated Crops","Cultivated Crops","No",,"Brinkman silt loam","High-infiltration","Moderately well drained",6.3,0.225,2011,"Post-growing season",0.75,0.25,0,0.25,0,,0.75,0.5,0.5,0.5,0.5,0.5,"Previous crop",,"Previous growing season + current post-growing season",0.5,"Partial"
"USGS-434250090461401","JF5",0,0,0,"Frozen","Storm","2011-4",1,2010-12-30 21:00:00,2011-01-01 10:25:00,39320,1.246,0.508,28.87,0.01759712,3.048,1.524,1.016,0.508,0.254,11.8,0.00236,6.132,0.001226,0.508,0.508,0.508,0.508,22,54,1.62,66,162,4.85,0.128,0.314,0.00941,0.209,0.513,0.0154,,,,,212,33.4,1454904,8.23747546229854,"Surface","Dairy","Corn-Alfalfa","Cultivated Crops","Cultivated Crops","No",,"Brinkman silt loam","High-infiltration","Moderately well drained",6.3,0.225,2011,"Post-growing season",0.75,0.25,0,0.25,0,,0.75,0.5,0.5,0.5,0.5,0.5,"Previous crop",,"Previous growing season + current post-growing season",0.5,"Partial"
"USGS-434250090461401","JF5",0,0,0,"Non-Frozen","Storm","2011-14",1,2011-06-21 10:15:00,2011-06-21 11:15:00,562.9,0.5574,12.446,0.5333,23.33752,42.672,36.576,33.528,24.384,12.446,483.8,4.644,457.1,4.388,2.286,2.54,69.342,89.916,434,15.3,0.457,112,3.94,0.118,0.636,0.0223,0.000669,2.12,0.0745,0.00223,,,,,213,33.4,1454904,0.11792662608667,"Surface","Dairy","Corn-Alfalfa","Cultivated Crops","Cultivated Crops","No",,"Brinkman silt loam","High-infiltration","Moderately well drained",6.3,0.225,2011,"Growing season",0.75,0.25,0,0.25,0,,0.75,0.5,0.5,0.5,0.5,0.5,"Current crop",0.25,"Current pre-growing season + growing season",,
"USGS-434250090461401","JF5",0,0,0,"Non-Frozen","Storm","2011-15",1,2011-07-11 07:30:00,2011-07-11 08:45:00,2376,2.15,22.352,0.45,49.6824,109.728,86.868,79.248,44.704,22.352,936.2,16.48,905.6,15.94,24.892,24.892,24.892,25.146,420,62.3,1.86,104,15.4,0.462,0.343,0.0509,0.00152,1.18,0.176,0.00526,,,,,214,33.4,1454904,0.49776810016331,"Surface","Dairy","Corn-Alfalfa","Cultivated Crops","Cultivated Crops","No",,"Brinkman silt loam","High-infiltration","Moderately well drained",6.3,0.225,2011,"Growing season",0.75,0.25,0,0.25,0,,0.75,0.5,0.5,0.5,0.5,0.5,"Current crop",0.25,"Current pre-growing season + growing season",,
"USGS-434250090461401","JF5",0,0,0,"Frozen","Storm","2012-10",1,2012-02-28 18:45:00,2012-03-02 10:45:00,59180,3.3,0,,,,,,,,,,,,0,0,0,0,15,55.4,1.66,182,672,20.1,0.303,1.12,0.0335,0.536,1.98,0.0593,,,,,215,33.4,1454904,12.3981128651787,"Surface","Dairy","Corn-Alfalfa","Cultivated Crops","Cultivated Crops","No",,"Brinkman silt loam","High-infiltration","Moderately well drained",6.3,0.225,2012,"Pre-growing season",0.75,0.25,0,0.25,0,0,0.75,0.5,0.75,0.5,0.5,0.5,"Previous crop",0.25,"Current post-growing season + pre-growing season",0.5,"Partial"
"USGS-434250090461401","JF5",0,0,0,"Frozen","Storm","2012-13",2,2012-03-06 15:45:00,2012-03-07 19:00:00,24580,1.932,0,,,,,,,,,,,,0,0,0,0,298,457,13.7,129,198,5.92,0.286,0.439,0.0131,0.977,1.5,0.0449,,,,,216,33.4,1454904,5.14946965572986,"Surface","Dairy","Corn-Alfalfa","Cultivated Crops","Cultivated Crops","No",,"Brinkman silt loam","High-infiltration","Moderately well drained",6.3,0.225,2012,"Pre-growing season",0.75,0.25,0,0.25,0,0,0.75,0.5,0.75,0.5,0.5,0.5,"Previous crop",0.25,"Current post-growing season + pre-growing season",0.5,"Partial"
"USGS-434250090461401","JF5",0,0,0,"Non-Frozen","Storm","2012-16",1,2012-05-03 13:00:00,2012-05-03 15:15:00,10620,5.883,12.446,4.217,2.95148,73.152,48.768,33.528,21.336,11.176,438.3,3.682,435.8,3.661,18.542,29.718,45.72,92.964,6320,4190,125,118,78.2,2.34,0.277,0.184,0.0055,8.19,5.43,0.163,,,,,217,33.4,1454904,2.22487256891176,"Surface","Dairy","Corn-Alfalfa","Cultivated Crops","Cultivated Crops","No",,"Brinkman silt loam","High-infiltration","Moderately well drained",6.3,0.225,2012,"Pre-growing season",0.75,0.25,0,0.25,0,0,0.75,0.5,0.75,0.5,0.5,0.5,"Previous crop",0.25,"Current post-growing season + pre-growing season",0.5,"Partial"
"USGS-434250090461401","JF5",0,0,0,"Frozen","Storm","2013-1",1,2013-01-29 05:15:00,2013-01-30 21:30:00,24250,0.906,5.334,6.583,0.81026,33.528,18.288,12.192,6.096,3.556,150.5,0.3613,148.4,0.3561,0.762,0.762,0.762,0.762,19,28.8,0.861,90,136,4.08,0.227,0.344,0.0103,0.441,0.668,0.02,,,,,218,33.4,1454904,5.08033519737385,"Surface","Dairy","Corn-Alfalfa","Cultivated Crops","Cultivated Crops","No",,"Brinkman silt loam","High-infiltration","Moderately well drained",6.3,0.225,2013,"Pre-growing season",0.75,0.5,0,0.5,0,0,0.75,0.75,0.25,0.75,0.75,0.75,"Previous crop",0.5,"Current post-growing season + pre-growing season",0.75,"Partial"
"USGS-434250090461401","JF5",0,0,0,"Frozen","Storm","2013-3",1,2013-03-09 21:45:00,2013-03-13 13:10:00,71240,1.107,15.748,28.78,0.547116,9.144,6.096,5.08,4.572,3.556,259.5,0.4671,294.8,0.5307,1.778,1.778,1.778,1.778,2,4.45,0.133,44,196,5.86,0.09,0.4,0.012,0.14,0.623,0.0186,"<",,,,219,33.4,1454904,14.9246630705531,"Surface","Dairy","Corn-Alfalfa","Cultivated Crops","Cultivated Crops","No",,"Brinkman silt loam","High-infiltration","Moderately well drained",6.3,0.225,2013,"Pre-growing season",0.75,0.5,0,0.5,0,0,0.75,0.75,0.25,0.75,0.75,0.75,"Previous crop",0.5,"Current post-growing season + pre-growing season",0.75,"Partial"
"USGS-434250090461401","JF5",0,0,0,"Non-Frozen","Storm","2013-7",1,2013-04-10 02:15:00,2013-04-10 12:45:00,38880,7.583,32.004,6.833,4.68376,39.624,27.432,20.32,16.764,13.208,994.7,6.565,997.2,6.582,21.844,25.654,29.718,34.036,248,602,18,26,63.1,1.89,0.161,0.391,0.0117,0.815,1.98,0.0592,,,,,220,33.4,1454904,8.14529618449052,"Surface","Dairy","Corn-Alfalfa","Cultivated Crops","Cultivated Crops","No",,"Brinkman silt loam","High-infiltration","Moderately well drained",6.3,0.225,2013,"Pre-growing season",0.75,0.5,0,0.5,0,0,0.75,0.75,0.25,0.75,0.75,0.75,"Previous crop",0.5,"Current post-growing season + pre-growing season",0.75,"Partial"
"USGS-434250090461401","JF5",0,0,0,"Non-Frozen","Storm","2013-9",1,2013-05-21 06:00:00,2013-05-21 07:30:00,1719,0.7022,40.132,3.55,11.30554,88.392,59.436,45.72,30.48,21.844,1514,18.16,1476,17.71,10.668,10.668,36.83,62.23,4240,455,13.6,98,10.5,0.315,1.11,0.119,0.00357,11.9,1.28,0.0382,,,,,221,33.4,1454904,0.360127678527243,"Surface","Dairy","Corn-Alfalfa","Cultivated Crops","Cultivated Crops","No",,"Brinkman silt loam","High-infiltration","Moderately well drained",6.3,0.225,2013,"Pre-growing season",0.75,0.5,0,0.5,0,0,0.75,0.75,0.25,0.75,0.75,0.75,"Previous crop",0.5,"Current post-growing season + pre-growing season",0.75,"Partial"
"USGS-434250090461401","JF5",0,0,0,"Non-Frozen","Storm","2013-10",1,2013-05-29 23:45:00,2013-05-30 06:15:00,9906,1.222,41.91,5.233,8.00862,94.488,71.628,51.816,32.004,19.304,1310,16.5,1364,17.19,0,1.524,26.67,112.776,563,348,10.4,208,129,3.85,0.243,0.15,0.0045,1.49,0.921,0.0276,,,,,222,33.4,1454904,2.07529074083238,"Surface","Dairy","Corn-Alfalfa","Cultivated Crops","Cultivated Crops","No",,"Brinkman silt loam","High-infiltration","Moderately well drained",6.3,0.225,2013,"Pre-growing season",0.75,0.5,0,0.5,0,0,0.75,0.75,0.25,0.75,0.75,0.75,"Previous crop",0.5,"Current post-growing season + pre-growing season",0.75,"Partial"
"USGS-434250090461401","JF5",0,0,0,"Non-Frozen","Storm","2013-11",1,2013-06-13 02:00:00,2013-06-13 04:15:00,4121,2.638,14.986,5.533,2.70764,39.624,36.576,33.528,19.812,10.668,497.5,3.88,482.8,3.766,5.08,5.334,34.29,103.886,1450,373,11.2,118,30.4,0.909,0.306,0.0787,0.00236,3.05,0.785,0.0235,,,,,223,33.4,1454904,0.863342736015572,"Surface","Dairy","Corn-Alfalfa","Cultivated Crops","Cultivated Crops","No",,"Brinkman silt loam","High-infiltration","Moderately well drained",6.3,0.225,2013,"Growing season",0.75,0.5,0,0.5,0,0,0.75,0.75,0.25,0.75,0.75,0.25,"Current crop",0.5,"Current pre-growing season + growing season",,
"USGS-434250090461401","JF5",0,0,0,"Non-Frozen","Storm","2013-12",2,2013-06-23 02:30:00,2013-06-23 10:30:00,25170,7.583,36.068,8.55,4.21894,70.104,39.624,27.432,22.86,17.018,1190,10.71,1178,10.61,10.16,27.432,27.432,79.502,671,1050,31.6,102,160,4.78,0.288,0.453,0.0136,1.59,2.5,0.0747,,,,,224,33.4,1454904,5.27307368733607,"Surface","Dairy","Corn-Alfalfa","Cultivated Crops","Cultivated Crops","No",,"Brinkman silt loam","High-infiltration","Moderately well drained",6.3,0.225,2013,"Growing season",0.75,0.5,0,0.5,0,0,0.75,0.75,0.25,0.75,0.75,0.25,"Current crop",0.5,"Current pre-growing season + growing season",,
"USGS-434250090461401","JF5",0,0,0,"Non-Frozen","Storm","2013-13",1,2013-06-25 08:00:00,2013-06-25 11:30:00,5038,1.99,19.05,5.533,3.4417,27.432,22.86,17.272,11.176,9.398,540.3,2.377,556.1,2.447,0,11.176,63.5,99.822,337,106,3.17,122,38.4,1.15,0.294,0.0925,0.00277,1.09,0.343,0.0103,,,,,225,33.4,1454904,1.05545273090183,"Surface","Dairy","Corn-Alfalfa","Cultivated Crops","Cultivated Crops","No",,"Brinkman silt loam","High-infiltration","Moderately well drained",6.3,0.225,2013,"Growing season",0.75,0.5,0,0.5,0,0,0.75,0.75,0.25,0.75,0.75,0.25,"Current crop",0.5,"Current pre-growing season + growing season",,
"USGS-434250090461401","JF5",0,0,0,"Non-Frozen","Storm","2014-1",1,2013-10-03 20:30:00,2013-10-03 21:45:00,3014,2.42,28.194,2.083,13.53312,121.92,99.06,79.248,44.704,24.638,1084,19.08,1072,18.87,4.318,4.318,13.462,18.034,4380,825,24.7,54,10.2,0.304,0.468,0.0881,0.00264,5.49,1.03,0.0309,,,,,226,33.4,1454904,0.631428052984939,"Surface","Dairy","Corn-Alfalfa","Cultivated Crops","Cultivated Crops","No",,"Brinkman silt loam","High-infiltration","Moderately well drained",6.3,0.225,2014,"Post-growing season",0.75,0.5,0,0.5,0,0,0.75,0.25,0.25,0.25,0.25,0.25,"Previous crop",0,"Previous growing season + current post-growing season",0.25,"Partial"
"USGS-434250090461401","JF5",0,0,0,"Non-Frozen","Storm","2014-2",1,2013-10-05 07:30:00,2013-10-05 09:45:00,81240,59.76,42.672,3.083,13.84046,103.632,91.44,87.376,73.66,39.878,1743,50.55,1697,49.23,2.54,35.306,44.45,44.45,3610,18300,548,52,264,7.9,0.319,1.62,0.0484,4.3,21.8,0.653,,,,,227,33.4,1454904,17.019646657099,"Surface","Dairy","Corn-Alfalfa","Cultivated Crops","Cultivated Crops","No",,"Brinkman silt loam","High-infiltration","Moderately well drained",6.3,0.225,2014,"Post-growing season",0.75,0.5,0,0.5,0,0,0.75,0.25,0.25,0.25,0.25,0.25,"Previous crop",0,"Previous growing season + current post-growing season",0.25,"Partial"
"USGS-434250090461401","JF5",0,0,0,"Frozen","Storm","2014-7",1,2014-03-27 16:15:00,2014-03-28 20:45:00,62520,4.94,22.352,10.88,2.053844,9.144,9.144,8.128,7.112,5.842,477.9,1.338,556.6,1.559,0,0,0,0,1030,4020,120,242,944,28.3,0.852,3.33,0.0996,2.7,10.5,0.315,,,,,228,33.4,1454904,13.0978373830851,"Surface","Dairy","Corn-Alfalfa","Cultivated Crops","Cultivated Crops","No",,"Brinkman silt loam","High-infiltration","Moderately well drained",6.3,0.225,2014,"Pre-growing season",0.75,0.5,0,0.5,0,0,0.75,0.25,0.25,0.25,0.25,0.25,"Previous crop",0.5,"Current post-growing season + pre-growing season",0.25,"Partial"
"USGS-434250090461401","JF5",0,0,0,"Non-Frozen","Storm","2014-8",1,2014-04-13 22:30:00,2014-04-14 04:30:00,5337,0.8012,38.1,11.1,3.43154,12.192,10.668,11.176,10.16,9.144,893.8,3.575,1021,4.084,21.336,31.242,31.242,36.322,1420,471,14.1,158,52.6,1.58,0.526,0.175,0.00525,3.45,1.15,0.0344,,,,,229,33.4,1454904,1.11809274013956,"Surface","Dairy","Corn-Alfalfa","Cultivated Crops","Cultivated Crops","No",,"Brinkman silt loam","High-infiltration","Moderately well drained",6.3,0.225,2014,"Pre-growing season",0.75,0.5,0,0.5,0,0,0.75,0.25,0.25,0.25,0.25,0.25,"Previous crop",0.5,"Current post-growing season + pre-growing season",0.25,"Partial"
"USGS-434250090461401","JF5",0,0,0,"Non-Frozen","Storm","2014-10",1,2014-06-07 18:30:00,2014-06-07 20:30:00,45820,34.6,35.814,2.367,15.13332,149.352,128.016,105.664,62.484,32.258,1414,34.8,1394,34.28,0,0,66.548,75.438,15300,43700,1310,108,309,9.25,0.316,0.904,0.0271,13.7,39.2,1.17,,,,,230,33.4,1454904,9.59921479355339,"Surface","Dairy","Corn-Alfalfa","Cultivated Crops","Cultivated Crops","No",,"Brinkman silt loam","High-infiltration","Moderately well drained",6.3,0.225,2014,"Growing season",0.75,0.5,0,0.5,0,0,0.75,0.25,0.25,0.25,0.25,0.25,"Current crop",0.5,"Current pre-growing season + growing season",,
"USGS-434250090461401","JF5",0,0,0,"Non-Frozen","Storm","2014-11",1,2014-06-17 02:45:00,2014-06-17 04:30:00,42600,27.14,38.354,2.583,14.8463,124.968,114.3,95.504,61.468,33.02,1466,35.47,1448,35.04,0,0.254,0.254,37.338,6130,16300,488,98,261,7.8,0.291,0.774,0.0232,5.21,13.9,0.415,,,,,231,33.4,1454904,8.9246300786856,"Surface","Dairy","Corn-Alfalfa","Cultivated Crops","Cultivated Crops","No",,"Brinkman silt loam","High-infiltration","Moderately well drained",6.3,0.225,2014,"Growing season",0.75,0.5,0,0.5,0,0,0.75,0.25,0.25,0.25,0.25,0.25,"Current crop",0.5,"Current pre-growing season + growing season",,
"USGS-434250090461401","JF5",0,0,0,"Non-Frozen","Storm","2014-12",1,2014-06-18 11:00:00,2014-06-18 13:00:00,39230,23.47,27.178,1.967,13.82014,140.208,117.348,91.44,48.768,25.146,1074,20.61,1060,20.36,0.762,44.196,44.45,81.534,5400,13200,396,58,142,4.25,0.279,0.683,0.0205,5.14,12.6,0.377,,,,,232,33.4,1454904,8.21862061001963,"Surface","Dairy","Corn-Alfalfa","Cultivated Crops","Cultivated Crops","No",,"Brinkman silt loam","High-infiltration","Moderately well drained",6.3,0.225,2014,"Growing season",0.75,0.5,0,0.5,0,0,0.75,0.25,0.25,0.25,0.25,0.25,"Current crop",0.5,"Current pre-growing season + growing season",,
"USGS-434250090461401","JF5",0,0,0,"Non-Frozen","Storm","2014-13",1,2014-06-19 06:15:00,2014-06-19 12:15:00,76160,31.58,46.736,4.317,10.82802,85.344,79.248,69.088,53.34,34.544,1684,35.37,1673,35.14,28.956,31.75,72.644,109.474,2990,14200,426,70,333,9.96,0.289,1.37,0.0411,3.59,17.1,0.511,,,,,233,33.4,1454904,15.9553949951337,"Surface","Dairy","Corn-Alfalfa","Cultivated Crops","Cultivated Crops","No",,"Brinkman silt loam","High-infiltration","Moderately well drained",6.3,0.225,2014,"Growing season",0.75,0.5,0,0.5,0,0,0.75,0.25,0.25,0.25,0.25,0.25,"Current crop",0.5,"Current pre-growing season + growing season",,
"USGS-434250090461401","JF5",0,0,0,"Non-Frozen","Storm","2015-5",1,2015-04-09 15:30:00,2015-04-09 20:45:00,8281,1.304,22.86,3.183,7.18058,30.48,25.908,24.384,20.828,12.446,703.2,5.766,714.3,5.858,6.858,48.26,48.768,53.34,256,132,3.96,260,134,4.02,1.85,0.956,0.0286,2.64,1.36,0.0409,,,,,234,33.4,1454904,1.73485590801867,"Surface","Dairy","Corn-Alfalfa","Cultivated Crops","Cultivated Crops","No",,"Brinkman silt loam","High-infiltration","Moderately well drained",6.3,0.225,2015,"Pre-growing season",0.75,0.75,0,0.75,0,0,0.75,0.25,0.5,0.25,0.25,0.25,"Previous crop",0.75,"Current post-growing season + pre-growing season",0.25,"Partial"
"USGS-434250090461401","JF5",0,0,0,"Non-Frozen","Storm","2015-6",1,2015-04-10 00:30:00,2015-04-10 07:15:00,9612,1.386,13.462,5.067,2.65684,48.768,36.576,25.4,13.208,7.366,422.4,2.196,421.4,2.191,29.718,61.976,71.628,76.2,576,346,10.3,300,180,5.39,1.56,0.936,0.028,3.12,1.87,0.0561,,,,,235,33.4,1454904,2.01369822338794,"Surface","Dairy","Corn-Alfalfa","Cultivated Crops","Cultivated Crops","No",,"Brinkman silt loam","High-infiltration","Moderately well drained",6.3,0.225,2015,"Pre-growing season",0.75,0.75,0,0.75,0,0,0.75,0.25,0.5,0.25,0.25,0.25,"Previous crop",0.75,"Current post-growing season + pre-growing season",0.25,"Partial"
"USGS-434250090461401","JF5",1,0,0,"Non-Frozen","Storm","2015-7",1,2015-04-10 14:45:00,2015-04-10 17:15:00,559.6,0.1306,0,,,,,,,,,,,,34.798,43.18,85.09,89.662,28,0.978,0.0293,418,14.6,0.437,2.03,0.0709,0.00212,2.38,0.0831,0.00249,,,,,236,33.4,1454904,0.117235281503109,"Surface","Dairy","Corn-Alfalfa","Cultivated Crops","Cultivated Crops","No",,"Brinkman silt loam","High-infiltration","Moderately well drained",6.3,0.225,2015,"Pre-growing season",0.75,0.75,0,0.75,0,0,0.75,0.25,0.5,0.25,0.25,0.25,"Previous crop",0.75,"Current post-growing season + pre-growing season",0.25,"Partial"
"USGS-434250090461401","JF5",0,0,0,"Non-Frozen","Storm","2016-2",1,2015-12-13 16:00:00,2015-12-13 19:30:00,7231,2.38,48.26,12.13,3.97764,91.44,73.152,60.96,48.768,41.91,3703,71.09,3865,74.2,0,0,1.016,13.97,657,297,8.88,66,29.8,0.892,0.491,0.222,0.00664,1.87,0.844,0.0253,,,,,237,33.4,1454904,1.51488263143135,"Surface","Dairy","Corn-Alfalfa","Cultivated Crops","Cultivated Crops","No",,"Brinkman silt loam","High-infiltration","Moderately well drained",6.3,0.225,2016,"Post-growing season",0.75,0.25,0,0.25,0,0,0.75,0.5,0.5,0.5,0.5,0.5,"Previous crop",0,"Previous growing season + current post-growing season",0.5,"Partial"
"USGS-434250090461401","JF5",0,0,0,"Frozen","Storm","2016-6",2,2016-02-20 13:30:00,2016-02-22 13:00:00,7063,0.2051,0,,,,,,,,,,,,0.254,0.254,0.254,0.254,10.3,4.53,0.136,36.2,15.9,0.477,0.213,0.0938,0.00281,0.289,0.127,0.00381,,,,,238,33.4,1454904,1.47968690717738,"Surface","Dairy","Corn-Alfalfa","Cultivated Crops","Cultivated Crops","No",,"Brinkman silt loam","High-infiltration","Moderately well drained",6.3,0.225,2016,"Pre-growing season",0.75,0.25,0,0.25,0,0,0.75,0.5,0.5,0.5,0.5,0.5,"Previous crop",0.25,"Current post-growing season + pre-growing season",0.5,"Partial"
"USGS-434250090461401","JF5",0,0,0,"Non-Frozen","Storm","2016-19",1,2016-06-13 16:00:00,2016-06-13 17:00:00,527.6,0.3864,16.764,1.3,12.89558,42.672,35.052,31.496,25.4,16.51,638.2,6.382,597.8,5.978,0,12.954,52.07,106.68,2360,77.8,2.33,126,4.15,0.124,0.629,0.0207,0.00062,5.07,0.167,0.005,,,,,239,33.4,1454904,0.110531334026163,"Surface","Dairy","Corn-Alfalfa","Cultivated Crops","Cultivated Crops","No",,"Brinkman silt loam","High-infiltration","Moderately well drained",6.3,0.225,2016,"Growing season",0.75,0.25,0,0.25,0,0,0.75,0.5,0.5,0.5,0.5,0.5,"Current crop",0.25,"Current pre-growing season + growing season",,
"USGS-434250090461401","JF5",0,0,0,"Non-Frozen","Storm","2016-20",1,2016-06-15 02:30:00,2016-06-15 06:15:00,45270,19.28,38.608,3.767,10.2489,100.584,79.248,69.088,49.784,28.956,1404,27.51,1385,27.14,1.778,18.542,69.85,94.488,4500,12700,381,88,249,7.45,0.312,0.882,0.0264,7.1,20.1,0.601,,,,,240,33.4,1454904,9.48399069629336,"Surface","Dairy","Corn-Alfalfa","Cultivated Crops","Cultivated Crops","No",,"Brinkman silt loam","High-infiltration","Moderately well drained",6.3,0.225,2016,"Growing season",0.75,0.25,0,0.25,0,0,0.75,0.5,0.5,0.5,0.5,0.5,"Current crop",0.25,"Current pre-growing season + growing season",,
"USGS-434250090461401","JF5",0,0,0,"Non-Frozen","Storm","2016-24",1,2016-09-07 17:30:00,2016-09-07 18:30:00,221.4,0.1216,65.786,16.42,4.00812,152.4,121.92,97.536,69.088,37.084,4217,114.7,4228,115,5.588,6.35,6.35,57.658,873,12.1,0.361,52,0.719,0.0215,0.578,0.00799,0.000239,2.08,0.0287,0.000861,,,,,241,33.4,1454904,0.0463829366061266,"Surface","Dairy","Corn-Alfalfa","Cultivated Crops","Cultivated Crops","No",,"Brinkman silt loam","High-infiltration","Moderately well drained",6.3,0.225,2016,"Growing season",0.75,0.25,0,0.25,0,0,0.75,0.5,0.5,0.5,0.5,0.5,"Current crop",0.25,"Current pre-growing season + growing season",,
"USGS-434250090461401","JF5",0,0,0,"Non-Frozen","Storm","2016-27",1,2016-09-16 07:15:00,2016-09-16 08:30:00,207,0.08532,19.558,4.25,4.60248,24.384,19.812,16.256,11.684,9.906,530.5,2.44,566.6,2.606,0,0,57.658,130.81,109,1.41,0.0422,120,1.55,0.0464,0.662,0.00856,0.000256,1.01,0.0131,0.000391,,,,,242,33.4,1454904,0.0433661602415005,"Surface","Dairy","Corn-Alfalfa","Cultivated Crops","Cultivated Crops","No",,"Brinkman silt loam","High-infiltration","Moderately well drained",6.3,0.225,2016,"Growing season",0.75,0.25,0,0.25,0,0,0.75,0.5,0.5,0.5,0.5,0.5,"Current crop",0.25,"Current pre-growing season + growing season",,
"USGS-434250090461401","JF5",0,0,0,"Non-Frozen","Storm","2016-28",1,2016-09-16 16:45:00,2016-09-16 18:00:00,488.3,0.2665,4.318,2.267,1.905,21.336,15.24,11.176,6.096,3.556,124,0.2977,126.3,0.3031,20.574,20.574,62.23,151.384,109,3.32,0.0995,120,3.66,0.11,0.662,0.0202,0.000604,1.01,0.0308,0.000922,,,,,243,33.4,1454904,0.102298048531037,"Surface","Dairy","Corn-Alfalfa","Cultivated Crops","Cultivated Crops","No",,"Brinkman silt loam","High-infiltration","Moderately well drained",6.3,0.225,2016,"Growing season",0.75,0.25,0,0.25,0,0,0.75,0.5,0.5,0.5,0.5,0.5,"Current crop",0.25,"Current pre-growing season + growing season",,
"USGS-434250090461401","JF5",0,0,0,"Frozen","Storm","2017-3",1,2017-02-12 15:30:00,2017-02-13 06:45:00,243.3,0.00694,0,,,,,,,,,,,,0,0,0,0,13,0.197,0.00591,78,1.18,0.0355,0.552,0.00838,0.000251,0.68,0.0103,0.000309,,,,,244,33.4,1454904,0.0509709506606621,"Surface","Dairy","Corn-Alfalfa","Cultivated Crops","Cultivated Crops","No",,"Brinkman silt loam","High-infiltration","Moderately well drained",6.3,0.225,2017,"Pre-growing season",0.75,0.25,0,0.25,0,0,0.75,0.5,0.5,0.5,0.5,0.5,"Previous crop",0.25,"Current post-growing season + pre-growing season",0.5,"Partial"
"USGS-434250090461401","JF5",0,0,0,"Frozen","Storm","2017-4",1,2017-02-13 19:45:00,2017-02-14 02:00:00,147.8,0.00954,0,,,,,,,,,,,,0,0,0,0,13,0.12,0.00359,78,0.72,0.0215,0.552,0.00509,0.000152,0.68,0.00627,0.000188,,,,,245,33.4,1454904,0.0309638574091486,"Surface","Dairy","Corn-Alfalfa","Cultivated Crops","Cultivated Crops","No",,"Brinkman silt loam","High-infiltration","Moderately well drained",6.3,0.225,2017,"Pre-growing season",0.75,0.25,0,0.25,0,0,0.75,0.5,0.5,0.5,0.5,0.5,"Previous crop",0.25,"Current post-growing season + pre-growing season",0.5,"Partial"
"USGS-434250090461401","JF5",0,0,0,"Frozen","Storm","2017-5",1,2017-02-14 17:15:00,2017-02-15 00:45:00,193.2,0.01321,0,,,,,,,,,,,,0,0,0,0,13,0.157,0.00469,78,0.941,0.0282,0.552,0.00666,0.000199,0.68,0.0082,0.000246,,,,,246,33.4,1454904,0.0404750828920671,"Surface","Dairy","Corn-Alfalfa","Cultivated Crops","Cultivated Crops","No",,"Brinkman silt loam","High-infiltration","Moderately well drained",6.3,0.225,2017,"Pre-growing season",0.75,0.25,0,0.25,0,0,0.75,0.5,0.5,0.5,0.5,0.5,"Previous crop",0.25,"Current post-growing season + pre-growing season",0.5,"Partial"
"USGS-434250090461401","JF5",0,0,0,"Frozen","Storm","2017-8",1,2017-02-19 21:00:00,2017-02-19 22:00:00,38,0.01632,0,,,,,,,,,,,,0,0,0,0,18,0.0427,0.00128,134,0.318,0.00952,0.71,0.00169,5.05e-05,0.905,0.00215,6.43e-05,,,,,247,33.4,1454904,0.00796093762887448,"Surface","Dairy","Corn-Alfalfa","Cultivated Crops","Cultivated Crops","No",,"Brinkman silt loam","High-infiltration","Moderately well drained",6.3,0.225,2017,"Pre-growing season",0.75,0.25,0,0.25,0,0,0.75,0.5,0.5,0.5,0.5,0.5,"Previous crop",0.25,"Current post-growing season + pre-growing season",0.5,"Partial"
"USGS-434250090461401","JF5",0,0,0,"Non-Frozen","Storm","2017-13",1,2017-05-01 14:30:00,2017-05-01 16:00:00,155.2,0.0595,9.906,2.383,4.15544,9.144,9.144,9.144,7.62,6.604,233,0.6991,267,0.8009,13.97,13.97,29.972,61.468,201,1.95,0.0583,160,1.55,0.0464,0.361,0.0035,0.000105,0.9,0.00872,0.000261,,,,,248,33.4,1454904,0.0325141452631926,"Surface","Dairy","Corn-Alfalfa","Cultivated Crops","Cultivated Crops","No",,"Brinkman silt loam","High-infiltration","Moderately well drained",6.3,0.225,2017,"Pre-growing season",0.75,0.25,0,0.25,0,0,0.75,0.5,0.5,0.5,0.5,0.5,"Previous crop",0.25,"Current post-growing season + pre-growing season",0.5,"Partial"
"USGS-434250090461401","JF5",0,0,0,"Non-Frozen","Storm","2017-16",1,2017-05-20 19:15:00,2017-05-20 22:40:00,1161,0.1786,13.97,7.917,1.764538,9.144,7.62,6.096,5.08,4.064,269.5,0.5391,326.1,0.6523,0.762,0.762,82.296,96.266,295,21.4,0.64,200,14.5,0.434,1.54,0.112,0.00334,2.27,0.164,0.00492,,,,,249,33.4,1454904,0.243227594397981,"Surface","Dairy","Corn-Alfalfa","Cultivated Crops","Cultivated Crops","No",,"Brinkman silt loam","High-infiltration","Moderately well drained",6.3,0.225,2017,"Pre-growing season",0.75,0.25,0,0.25,0,0,0.75,0.5,0.5,0.5,0.5,0.5,"Previous crop",0.25,"Current post-growing season + pre-growing season",0.5,"Partial"
"USGS-434250090461401","JF5",0,0,0,"Non-Frozen","Storm","2017-17",1,2017-06-22 09:00:00,2017-06-22 10:30:00,553.8,0.2262,18.288,2.033,8.99414,88.392,54.864,36.576,22.352,17.78,705.7,6.21,682.7,6.008,0,9.906,37.338,71.882,295,10.2,0.305,200,6.91,0.207,1.54,0.0532,0.00159,2.27,0.0785,0.00235,,,,,250,33.4,1454904,0.116020191022913,"Surface","Dairy","Corn-Alfalfa","Cultivated Crops","Cultivated Crops","No",,"Brinkman silt loam","High-infiltration","Moderately well drained",6.3,0.225,2017,"Growing season",0.75,0.25,0,0.25,0,0,0.75,0.5,0.5,0.5,0.5,0.5,"Current crop",0.25,"Current pre-growing season + growing season",,
"USGS-434250090461401","JF5",0,0,0,"Non-Frozen","Storm","2017-21",1,2017-07-21 21:15:00,2017-07-21 23:30:00,758.6,0.2155,15.748,7.233,2.177034,60.96,39.624,30.48,19.304,11.176,769.7,5.85,837.2,6.363,0,153.924,161.544,261.874,217,10.3,0.308,76,3.6,0.108,0.675,0.032,0.000957,1.09,0.0516,0.00155,,,,,251,33.4,1454904,0.158925454875373,"Surface","Dairy","Corn-Alfalfa","Cultivated Crops","Cultivated Crops","No",,"Brinkman silt loam","High-infiltration","Moderately well drained",6.3,0.225,2017,"Growing season",0.75,0.25,0,0.25,0,0,0.75,0.5,0.5,0.5,0.5,0.5,"Current crop",0.25,"Current pre-growing season + growing season",,
"USGS-435441087463900","K5",0,0,0,"Non-Frozen","Storm","2007-1",1,2006-11-28 04:56:00,2006-11-28 14:31:00,4639,0.742,31.9024,10.42,3.06324,37.1856,29.5656,22.4536,15.3416,12.0142,849,5.128,903.6,5.457,4.8006,4.8006,5.0292,5.4864,1630,471,31,350,101,6.67,5.42,1.57,0.103,7.43,2.15,0.142,,,,,252,15.2,662112,2.13554081484703,"Surface","Dairy","Grass Pasture","Pasture/Hay","Pasture/Hay","Yes","Radom tile, WY2009 tile blow out","Kewaunee loam","Slow-infiltration","Well drained",3,0.475,2007,"Post-growing season",1,0,0,0,0,,1,1,1,1,1,1,"Previous crop",,"Previous growing season + current post-growing season",1,"Yes"
"USGS-435441087463900","K5",0,0,0,"Non-Frozen","Storm","2007-2",1,2006-12-22 14:00:00,2006-12-23 13:00:00,29360,1.678,31.0896,22.3,1.394206,10.9728,9.6012,8.2296,5.9436,4.572,625,1.463,729.9,1.708,6.1722,6.1722,6.1722,6.6294,46,84.3,5.55,442,810,53.3,5.61,10.3,0.676,5.77,10.6,0.696,,,,,253,15.2,662112,13.515731477454,"Surface","Dairy","Grass Pasture","Pasture/Hay","Pasture/Hay","Yes","Radom tile, WY2009 tile blow out","Kewaunee loam","Slow-infiltration","Well drained",3,0.475,2007,"Post-growing season",1,0,0,0,0,,1,1,1,1,1,1,"Previous crop",,"Previous growing season + current post-growing season",1,"Yes"
"USGS-435441087463900","K5",0,0,0,"Frozen","Storm","2007-5",3,2007-03-10 06:15:00,2007-03-13 18:45:00,108100,2.288,3.2004,2.183,1.465834,5.4864,4.1148,3.6576,2.7432,2.0574,57.73,0.06235,68.95,0.07446,0,0,3.429,18.288,38.1,257,16.9,380,2560,169,4.91,33.1,2.18,6.42,43.3,2.85,,,,,254,15.2,662112,49.7633028853124,"Surface","Dairy","Grass Pasture","Pasture/Hay","Pasture/Hay","Yes","Radom tile, WY2009 tile blow out","Kewaunee loam","Slow-infiltration","Well drained",3,0.475,2007,"Pre-growing season",1,0,0,0,0,,1,1,1,1,1,1,"Previous crop",0,"Current post-growing season + pre-growing season",1,"Yes"
"USGS-435441087463900","K5",0,0,0,"Frozen","Storm","2008-1",1,2008-01-06 13:00:00,2008-01-06 21:00:00,97.8,0.0098,0,,,,,,,,,,,,0,0,0,0.9144,46,0.281,0.0185,280,1.71,0.112,2.44,0.0149,0.00098,3.6,0.022,0.00145,,,,,255,15.2,662112,0.0450217485863419,"Surface","Dairy","Grass Pasture","Pasture/Hay","Pasture/Hay","Yes","Radom tile, WY2009 tile blow out","Kewaunee loam","Slow-infiltration","Well drained",3,0.475,2008,"Pre-growing season",1,0,0,0,0,0,1,1,1,1,1,1,"Previous crop",0,"Current post-growing season + pre-growing season",1,"Yes"
"USGS-435441087463900","K5",0,0,0,"Frozen","Storm","2008-2",1,2008-01-07 15:14:00,2008-01-08,1197,0.1361,17.9832,9.183,1.95834,42.9768,24.2316,17.0688,8.9916,6.096,483,1.71,508.9,1.801,0,0,0,0.9144,65,4.86,0.32,152,11.4,0.747,4.82,0.36,0.0237,5.59,0.418,0.0275,,,,,256,15.2,662112,0.55103305785124,"Surface","Dairy","Grass Pasture","Pasture/Hay","Pasture/Hay","Yes","Radom tile, WY2009 tile blow out","Kewaunee loam","Slow-infiltration","Well drained",3,0.475,2008,"Pre-growing season",1,0,0,0,0,0,1,1,1,1,1,1,"Previous crop",0,"Current post-growing season + pre-growing season",1,"Yes"
"USGS-435441087463900","K5",0,0,0,"Frozen","Storm","2008-5",2,2008-02-17 19:14:00,2008-02-21 07:55:00,7443,0.062,23.5458,,,,,,,,,,,,0,0,0,3.8862,54,25.1,1.65,426,198,13,4.38,2.04,0.134,5.8,2.69,0.177,,,,,257,15.2,662112,3.4263484123532,"Surface","Dairy","Grass Pasture","Pasture/Hay","Pasture/Hay","Yes","Radom tile, WY2009 tile blow out","Kewaunee loam","Slow-infiltration","Well drained",3,0.475,2008,"Pre-growing season",1,0,0,0,0,0,1,1,1,1,1,1,"Previous crop",0,"Current post-growing season + pre-growing season",1,"Yes"
"USGS-435441087463900","K5",1,0,0,"Frozen","Storm","2008-6",4,2008-03-03 04:59:00,2008-03-05 08:26:00,11590,0.475,6.1722,2.383,2.5908,8.2296,5.4864,5.4864,4.1148,3.429,123.2,0.1996,149.6,0.2424,0,0,0,0,22.4,16.2,1.06,202,146,9.63,1.22,0.883,0.0581,2.49,1.8,0.119,,,,,258,15.2,662112,5.33539944903581,"Surface","Dairy","Grass Pasture","Pasture/Hay","Pasture/Hay","Yes","Radom tile, WY2009 tile blow out","Kewaunee loam","Slow-infiltration","Well drained",3,0.475,2008,"Pre-growing season",1,0,0,0,0,0,1,1,1,1,1,1,"Previous crop",0,"Current post-growing season + pre-growing season",1,"Yes"
"USGS-435441087463900","K5",0,0,0,"Frozen","Storm","2008-8",3,2008-03-12 15:00:00,2008-03-15 13:00:00,63990,1.965,0,,,,,,,,,,,,0,0,0,6.1722,42.3,169,11.1,481,1920,126,8.56,34.2,2.25,10.2,40.8,2.68,,,,,259,15.2,662112,29.4574815137016,"Surface","Dairy","Grass Pasture","Pasture/Hay","Pasture/Hay","Yes","Radom tile, WY2009 tile blow out","Kewaunee loam","Slow-infiltration","Well drained",3,0.475,2008,"Pre-growing season",1,0,0,0,0,0,1,1,1,1,1,1,"Previous crop",0,"Current post-growing season + pre-growing season",1,"Yes"
"USGS-435441087463900","K5",0,0,0,"Frozen","Storm","2008-9",1,2008-03-15 18:00:00,2008-03-16 09:00:00,791.9,0.0512,0,,,,,,,,,,,,0,0,0,6.1722,12,0.593,0.039,426,21.1,1.39,9.94,0.491,0.0323,11.9,0.588,0.0387,,,,,260,15.2,662112,0.36454726692765,"Surface","Dairy","Grass Pasture","Pasture/Hay","Pasture/Hay","Yes","Radom tile, WY2009 tile blow out","Kewaunee loam","Slow-infiltration","Well drained",3,0.475,2008,"Pre-growing season",1,0,0,0,0,0,1,1,1,1,1,1,"Previous crop",0,"Current post-growing season + pre-growing season",1,"Yes"
"USGS-435441087463900","K5",0,0,0,"Frozen","Storm","2008-11",1,2008-03-18 18:00:00,2008-03-19 11:00:00,4004,0.3156,0,,,,,,,,,,,,2.5146,2.5146,2.5146,2.5146,21,5.25,0.345,356,89,5.85,7.29,1.82,0.12,8.15,2.04,0.134,,,,,261,15.2,662112,1.84322169059011,"Surface","Dairy","Grass Pasture","Pasture/Hay","Pasture/Hay","Yes","Radom tile, WY2009 tile blow out","Kewaunee loam","Slow-infiltration","Well drained",3,0.475,2008,"Pre-growing season",1,0,0,0,0,0,1,1,1,1,1,1,"Previous crop",0,"Current post-growing season + pre-growing season",1,"Yes"
"USGS-435441087463900","K5",0,0,0,"Frozen","Storm","2008-12",1,2008-03-19 16:00:00,2008-03-20 04:00:00,1198,0.078,0,,,,,,,,,,,,0,2.5146,2.5146,2.5146,5,0.374,0.0246,220,16.4,1.08,4.75,0.355,0.0234,5.38,0.402,0.0265,,,,,262,15.2,662112,0.55149340292881,"Surface","Dairy","Grass Pasture","Pasture/Hay","Pasture/Hay","Yes","Radom tile, WY2009 tile blow out","Kewaunee loam","Slow-infiltration","Well drained",3,0.475,2008,"Pre-growing season",1,0,0,0,0,0,1,1,1,1,1,1,"Previous crop",0,"Current post-growing season + pre-growing season",1,"Yes"
"USGS-435441087463900","K5",0,0,0,"Frozen","Storm","2008-15",1,2008-03-25 16:00:00,2008-03-26,270.8,0.0257,0,,,,,,,,,,,,0.2286,0.2286,0.2286,2.7432,2,0.0169,0.00111,94,1.59,0.105,2.08,0.0352,0.00231,2.42,0.0409,0.00269,"<",,,,263,15.2,662112,0.124661447005945,"Surface","Dairy","Grass Pasture","Pasture/Hay","Pasture/Hay","Yes","Radom tile, WY2009 tile blow out","Kewaunee loam","Slow-infiltration","Well drained",3,0.475,2008,"Pre-growing season",1,0,0,0,0,0,1,1,1,1,1,1,"Previous crop",0,"Current post-growing season + pre-growing season",1,"Yes"
"USGS-435441087463900","K5",0,0,0,"Non-Frozen","Storm","2008-17",1,2008-04-09 02:28:00,2008-04-09 09:00:00,1128,0.148,22.1742,12.37,1.792986,5.4864,5.4864,5.4864,4.572,4.1148,418.2,0.7527,516.3,0.9293,0,0,0,12.1412,24,1.69,0.111,622,43.8,2.88,4.6,0.324,0.0213,4.98,0.351,0.0231,,,,,264,15.2,662112,0.519269247498913,"Surface","Dairy","Grass Pasture","Pasture/Hay","Pasture/Hay","Yes","Radom tile, WY2009 tile blow out","Kewaunee loam","Slow-infiltration","Well drained",3,0.475,2008,"Pre-growing season",1,0,0,0,0,0,1,1,1,1,1,1,"Previous crop",0,"Current post-growing season + pre-growing season",1,"Yes"
"USGS-435441087463900","K5",0,0,0,"Non-Frozen","Storm","2008-18",1,2008-04-10 22:30:00,2008-04-11 19:00:00,19620,1.156,26.7462,22.48,1.189482,10.9728,6.858,6.4008,5.4864,4.1148,518.1,1.119,612.8,1.324,0,22.1742,22.1742,34.3154,248,304,20,562,688,45.3,6.05,7.41,0.487,7.25,8.88,0.584,,,,,265,15.2,662112,9.03197042192257,"Surface","Dairy","Grass Pasture","Pasture/Hay","Pasture/Hay","Yes","Radom tile, WY2009 tile blow out","Kewaunee loam","Slow-infiltration","Well drained",3,0.475,2008,"Pre-growing season",1,0,0,0,0,0,1,1,1,1,1,1,"Previous crop",0,"Current post-growing season + pre-growing season",1,"Yes"
"USGS-435441087463900","K5",0,0,0,"Non-Frozen","Storm","2008-19",1,2008-04-25 23:12:00,2008-04-26 08:00:00,23880,4.752,27.4066,4.85,5.6515,64.9224,35.2044,28.1432,21.9964,17.7292,939.9,8.14,934.9,8.096,14.4018,14.4018,18.7452,21.717,637,950,62.5,448,668,43.9,5.06,7.54,0.496,7.49,11.2,0.735,,,,,266,15.2,662112,10.9930404523706,"Surface","Dairy","Grass Pasture","Pasture/Hay","Pasture/Hay","Yes","Radom tile, WY2009 tile blow out","Kewaunee loam","Slow-infiltration","Well drained",3,0.475,2008,"Pre-growing season",1,0,0,0,0,0,1,1,1,1,1,1,"Previous crop",0,"Current post-growing season + pre-growing season",1,"Yes"
"USGS-435441087463900","K5",0,0,0,"Non-Frozen","Storm","2008-20",1,2008-06-08 17:43:00,2008-06-08 19:45:00,663,0.2522,25.4254,4.617,5.50672,27.432,24.6888,22.86,17.8308,12.3444,802,5.63,799.8,5.614,8.6106,14.0716,44.5008,56.388,65,2.69,0.177,256,10.6,0.697,4.52,0.187,0.0123,5.37,0.222,0.0146,,,,,267,15.2,662112,0.305208786428882,"Surface","Dairy","Grass Pasture","Pasture/Hay","Pasture/Hay","Yes","Radom tile, WY2009 tile blow out","Kewaunee loam","Slow-infiltration","Well drained",3,0.475,2008,"Growing season",1,0,0,0,0,0,1,1,1,1,1,1,"Current crop",0,"Current pre-growing season + growing season",,
"USGS-435441087463900","K5",0,0,0,"Non-Frozen","Storm","2008-21",1,2008-06-08 23:45:00,2008-06-09 12:00:00,23000,2.7,31.4452,6.833,4.60248,42.672,36.7284,32.9184,27.686,18.6436,954.6,10.4,974.4,10.62,34.036,34.036,69.9262,81.8134,92,132,8.69,318,457,30,5.4,7.75,0.51,6.35,9.12,0.6,,,,,268,15.2,662112,10.587936784109,"Surface","Dairy","Grass Pasture","Pasture/Hay","Pasture/Hay","Yes","Radom tile, WY2009 tile blow out","Kewaunee loam","Slow-infiltration","Well drained",3,0.475,2008,"Growing season",1,0,0,0,0,0,1,1,1,1,1,1,"Current crop",0,"Current pre-growing season + growing season",,
"USGS-435441087463900","K5",0,0,0,"Non-Frozen","Storm","2008-22",1,2008-06-12 23:57:00,2008-06-13 14:00:00,132500,22.54,73.8632,13.3,5.55244,96.9264,71.7804,50.5968,36.7792,23.5204,2622,37.97,2567,37.17,0,0,70.9422,112.5728,337,2790,183,244,2020,133,4.4,36.4,2.39,5.53,45.7,3.01,,,,,269,15.2,662112,60.9957227780194,"Surface","Dairy","Grass Pasture","Pasture/Hay","Pasture/Hay","Yes","Radom tile, WY2009 tile blow out","Kewaunee loam","Slow-infiltration","Well drained",3,0.475,2008,"Growing season",1,0,0,0,0,0,1,1,1,1,1,1,"Current crop",0,"Current pre-growing season + growing season",,
"USGS-435441087463900","K5",0,0,0,"Non-Frozen","Storm","2008-23",1,2008-07-16 20:38:00,2008-07-17 03:12:00,26790,10.65,66.929,2.683,24.9428,129.8448,122.682,118.7704,100.6348,58.928,2681,106.2,2640,104.6,0,0,16.764,34.8234,122,204,13.4,226,378,24.9,3.89,6.51,0.428,4.63,7.74,0.51,,,,,270,15.2,662112,12.3326446280992,"Surface","Dairy","Grass Pasture","Pasture/Hay","Pasture/Hay","Yes","Radom tile, WY2009 tile blow out","Kewaunee loam","Slow-infiltration","Well drained",3,0.475,2008,"Growing season",1,0,0,0,0,0,1,1,1,1,1,1,"Current crop",0,"Current pre-growing season + growing season",,
"USGS-435441087463900","K5",0,0,0,"Frozen","Storm","2009-1",4,2009-02-07 19:45:00,2009-02-11 09:01:00,62230,1.173,6.4008,2.55,2.510028,8.2296,6.858,7.3152,5.4864,4.1148,138.1,0.2984,161.3,0.3484,0,0,0,0,24.4,94.8,6.24,327,1270,83.7,3.26,12.7,0.833,4.82,18.7,1.23,,,,,271,15.2,662112,28.6472741771785,"Surface","Dairy","Grass Pasture","Pasture/Hay","Pasture/Hay","Yes","Radom tile, WY2009 tile blow out","Kewaunee loam","Slow-infiltration","Well drained",3,0.475,2009,"Pre-growing season",1,0.76,0,0.76,0,0,1,1,1,1,1,1,"Previous crop",0.76,"Current post-growing season + pre-growing season",1,"Yes"
"USGS-435441087463900","K5",0,0,0,"Frozen","Storm","2009-2",1,2009-02-11 16:00:00,2009-02-12 03:00:00,981.7,0.0711,0.6858,2.55,0.268986,2.7432,1.3716,0.9144,0.4572,0.4572,13.39,0.002409,11.47,0.002065,0,6.4008,6.4008,6.4008,29,1.78,0.117,700,42.9,2.82,6.61,0.405,0.0267,12.1,0.742,0.0488,,,,,272,15.2,662112,0.451920762650428,"Surface","Dairy","Grass Pasture","Pasture/Hay","Pasture/Hay","Yes","Radom tile, WY2009 tile blow out","Kewaunee loam","Slow-infiltration","Well drained",3,0.475,2009,"Pre-growing season",1,0.76,0,0.76,0,0,1,1,1,1,1,1,"Previous crop",0.76,"Current post-growing season + pre-growing season",1,"Yes"
"USGS-435441087463900","K5",0,0,0,"Frozen","Storm","2009-3",1,2009-02-26 17:00:00,2009-02-27 15:40:00,5188,0.2332,8.6868,3.617,2.401824,8.2296,6.858,6.4008,5.4864,5.0292,178.8,0.3862,212.9,0.4599,0,6.4008,6.4008,6.6294,15,4.86,0.32,208,67.4,4.43,1.81,0.586,0.0386,2.45,0.793,0.0522,,,,,273,15.2,662112,2.38827026243294,"Surface","Dairy","Grass Pasture","Pasture/Hay","Pasture/Hay","Yes","Radom tile, WY2009 tile blow out","Kewaunee loam","Slow-infiltration","Well drained",3,0.475,2009,"Pre-growing season",1,0.76,0,0.76,0,0,1,1,1,1,1,1,"Previous crop",0.76,"Current post-growing season + pre-growing season",1,"Yes"
"USGS-435441087463900","K5",0,0,0,"Frozen","Storm","2009-6",1,2009-03-07 17:00:00,2009-03-08 01:00:00,636.3,0.04246,0.2286,,,,,,,,,,,,0,0,0,15.0876,15,0.596,0.0392,422,16.8,1.1,7.71,0.306,0.0201,8.81,0.35,0.023,,,,,274,15.2,662112,0.292917572857764,"Surface","Dairy","Grass Pasture","Pasture/Hay","Pasture/Hay","Yes","Radom tile, WY2009 tile blow out","Kewaunee loam","Slow-infiltration","Well drained",3,0.475,2009,"Pre-growing season",1,0.76,0,0.76,0,0,1,1,1,1,1,1,"Previous crop",0.76,"Current post-growing season + pre-growing season",1,"Yes"
"USGS-435441087463900","K5",0,0,0,"Frozen","Storm","2009-7",1,2009-03-10 08:33:00,2009-03-11 12:31:00,40670,0.7919,13.0302,21.92,0.594614,5.4864,2.7432,2.7432,2.286,2.0574,205.9,0.1853,244,0.2196,0,1.6002,1.8288,16.9164,61,155,10.2,432,1100,72.2,5.54,14.1,0.925,6.96,17.7,1.16,,,,,275,15.2,662112,18.7222343047702,"Surface","Dairy","Grass Pasture","Pasture/Hay","Pasture/Hay","Yes","Radom tile, WY2009 tile blow out","Kewaunee loam","Slow-infiltration","Well drained",3,0.475,2009,"Pre-growing season",1,0.76,0,0.76,0,0,1,1,1,1,1,1,"Previous crop",0.76,"Current post-growing season + pre-growing season",1,"Yes"
"USGS-435441087463900","K5",0,0,0,"Frozen","Storm","2009-10",1,2009-03-14 16:00:00,2009-03-14 21:00:00,1145,0.146,0,,,,,,,,,,,,0,0,14.859,14.859,25,1.79,0.118,260,18.6,1.22,6.64,0.475,0.0312,7.4,0.529,0.0348,,,,,276,15.2,662112,0.527095113817602,"Surface","Dairy","Grass Pasture","Pasture/Hay","Pasture/Hay","Yes","Radom tile, WY2009 tile blow out","Kewaunee loam","Slow-infiltration","Well drained",3,0.475,2009,"Pre-growing season",1,0.76,0,0.76,0,0,1,1,1,1,1,1,"Previous crop",0.76,"Current post-growing season + pre-growing season",1,"Yes"
"USGS-435441087463900","K5",0,0,0,"Non-Frozen","Storm","2009-11",1,2009-04-26 07:03:00,2009-04-27 02:44:00,15690,1.078,32.004,22.52,1.421384,13.716,9.6012,8.2296,7.3152,6.4008,664.9,1.915,773.4,2.227,15.0876,15.0876,42.5196,43.2054,79,77.4,5.09,566,555,36.5,4.63,4.54,0.298,5.64,5.53,0.364,,,,,277,15.2,662112,7.22281426707264,"Surface","Dairy","Grass Pasture","Pasture/Hay","Pasture/Hay","Yes","Radom tile, WY2009 tile blow out","Kewaunee loam","Slow-infiltration","Well drained",3,0.475,2009,"Pre-growing season",1,0.76,0,0.76,0,0,1,1,1,1,1,1,"Previous crop",0.76,"Current post-growing season + pre-growing season",1,"Yes"
"USGS-435441087463900","K5",0,0,0,"Frozen","Storm","2010-2",1,2010-01-24 06:00:00,2010-01-25 06:01:00,43210,1.78,8.2296,6.067,1.356614,5.4864,4.1148,3.6576,2.7432,2.5146,139,0.1501,169.7,0.1833,0,0,0,0,24,64.7,4.26,292,788,51.8,3.8,10.2,0.674,5.35,14.4,0.949,,,,,278,15.2,662112,19.8915108017979,"Surface","Dairy","Grass Pasture","Pasture/Hay","Pasture/Hay","Yes","Radom tile, WY2009 tile blow out","Kewaunee loam","Slow-infiltration","Well drained",3,0.475,2010,"Pre-growing season",1,1.1,0,1.1,0,0,1,1,1,1,1,1,"Previous crop",1.1,"Current post-growing season + pre-growing season",1,"Yes"
"USGS-435441087463900","K5",0,0,0,"Frozen","Storm","2010-3",1,2010-03-06 20:00:00,2010-03-07 05:00:00,1922,0.197,0,,,,,,,,,,,,0,0,0,0,33,3.96,0.261,826,99.1,6.52,4.83,0.58,0.0381,7.83,0.94,0.0618,,,,,279,15.2,662112,0.884783239089459,"Surface","Dairy","Grass Pasture","Pasture/Hay","Pasture/Hay","Yes","Radom tile, WY2009 tile blow out","Kewaunee loam","Slow-infiltration","Well drained",3,0.475,2010,"Pre-growing season",1,1.1,0,1.1,0,0,1,1,1,1,1,1,"Previous crop",1.1,"Current post-growing season + pre-growing season",1,"Yes"
"USGS-435441087463900","K5",0,0,0,"Frozen","Storm","2010-4",1,2010-03-07 18:00:00,2010-03-08 07:00:00,6573,0.5768,0,,,,,,,,,,,,0,0,0,0,56,23,1.51,586,240,15.8,6.35,2.61,0.171,7.51,3.08,0.203,,,,,280,15.2,662112,3.02584819486733,"Surface","Dairy","Grass Pasture","Pasture/Hay","Pasture/Hay","Yes","Radom tile, WY2009 tile blow out","Kewaunee loam","Slow-infiltration","Well drained",3,0.475,2010,"Pre-growing season",1,1.1,0,1.1,0,0,1,1,1,1,1,1,"Previous crop",1.1,"Current post-growing season + pre-growing season",1,"Yes"
"USGS-435441087463900","K5",0,0,0,"Frozen","Storm","2010-5",1,2010-03-08 17:00:00,2010-03-09 03:00:00,2941,0.2241,0,,,,,,,,,,,,0,0,0,0,141,25.9,1.7,534,98,6.45,7.02,1.29,0.0848,9.29,1.71,0.112,,,,,281,15.2,662112,1.35387487313325,"Surface","Dairy","Grass Pasture","Pasture/Hay","Pasture/Hay","Yes","Radom tile, WY2009 tile blow out","Kewaunee loam","Slow-infiltration","Well drained",3,0.475,2010,"Pre-growing season",1,1.1,0,1.1,0,0,1,1,1,1,1,1,"Previous crop",1.1,"Current post-growing season + pre-growing season",1,"Yes"
"USGS-435441087463900","K5",0,0,0,"Frozen","Storm","2010-7",1,2010-03-10 08:52:00,2010-03-11 01:00:00,3084,0.1647,1.3716,2.183,0.628142,2.7432,2.7432,1.8288,0.9144,0.9144,23.67,0.00852,24.97,0.008988,0.6858,0.6858,0.6858,0.6858,59,11.4,0.747,350,67.4,4.43,6.2,1.19,0.0785,7.05,1.36,0.0893,,,,,282,15.2,662112,1.41970421922575,"Surface","Dairy","Grass Pasture","Pasture/Hay","Pasture/Hay","Yes","Radom tile, WY2009 tile blow out","Kewaunee loam","Slow-infiltration","Well drained",3,0.475,2010,"Pre-growing season",1,1.1,0,1.1,0,0,1,1,1,1,1,1,"Previous crop",1.1,"Current post-growing season + pre-growing season",1,"Yes"
"USGS-435441087463900","K5",0,0,0,"Non-Frozen","Storm","2010-8",1,2010-04-07 04:00:00,2010-04-07 07:51:00,1078,0.241,13.0302,3.783,3.44424,19.2024,16.4592,12.8016,9.6012,7.5438,346.7,1.311,372,1.406,14.859,14.859,15.7734,15.7734,169,11.4,0.748,712,47.9,3.15,5.76,0.388,0.0255,6.54,0.44,0.0289,,,,,283,15.2,662112,0.496251993620415,"Surface","Dairy","Grass Pasture","Pasture/Hay","Pasture/Hay","Yes","Radom tile, WY2009 tile blow out","Kewaunee loam","Slow-infiltration","Well drained",3,0.475,2010,"Pre-growing season",1,1.1,0,1.1,0,0,1,1,1,1,1,1,"Previous crop",1.1,"Current post-growing season + pre-growing season",1,"Yes"
"USGS-435441087463900","K5",0,0,0,"Non-Frozen","Storm","2010-9",1,2010-04-08 14:00:00,2010-04-08 18:00:00,1149,0.179,3.6576,4.117,0.888492,2.7432,2.7432,2.7432,2.286,2.0574,61.14,0.05502,71.78,0.0646,4.1148,21.2598,32.9184,32.9184,76,5.45,0.359,912,65.4,4.3,5.91,0.424,0.0279,6.05,0.434,0.0286,,,,,284,15.2,662112,0.528936494127882,"Surface","Dairy","Grass Pasture","Pasture/Hay","Pasture/Hay","Yes","Radom tile, WY2009 tile blow out","Kewaunee loam","Slow-infiltration","Well drained",3,0.475,2010,"Pre-growing season",1,1.1,0,1.1,0,0,1,1,1,1,1,1,"Previous crop",1.1,"Current post-growing season + pre-growing season",1,"Yes"
"USGS-435441087463900","K5",0,0,0,"Non-Frozen","Storm","2010-10",1,2010-04-25 09:00:00,2010-04-25 18:00:00,16670,3.765,33.8328,11.13,3.03784,27.432,19.2024,15.5448,12.3444,10.0584,918.2,4.462,977.2,4.749,19.2024,19.2024,19.2024,20.3454,672,699,46,598,622,40.9,3.48,3.62,0.238,4.85,5.05,0.332,,,,,285,15.2,662112,7.6739524430912,"Surface","Dairy","Grass Pasture","Pasture/Hay","Pasture/Hay","Yes","Radom tile, WY2009 tile blow out","Kewaunee loam","Slow-infiltration","Well drained",3,0.475,2010,"Pre-growing season",1,1.1,0,1.1,0,0,1,1,1,1,1,1,"Previous crop",1.1,"Current post-growing season + pre-growing season",1,"Yes"
"USGS-435441087463900","K5",0,0,0,"Non-Frozen","Storm","2010-11",1,2010-05-13 10:00:00,2010-05-13 17:00:00,2612,0.3156,13.2588,8.633,1.535684,8.2296,6.858,6.4008,5.4864,4.3434,240.8,0.5201,292.1,0.6309,0.2286,13.4874,29.4894,41.8338,53,8.64,0.569,1030,168,11,2.36,0.385,0.0254,2.56,0.417,0.0274,,,,,286,15.2,662112,1.20242134261273,"Surface","Dairy","Grass Pasture","Pasture/Hay","Pasture/Hay","Yes","Radom tile, WY2009 tile blow out","Kewaunee loam","Slow-infiltration","Well drained",3,0.475,2010,"Pre-growing season",1,1.1,0,1.1,0,0,1,1,1,1,1,1,"Previous crop",1.1,"Current post-growing season + pre-growing season",1,"Yes"
"USGS-435441087463900","K5",0,0,0,"Non-Frozen","Storm","2010-12",1,2010-06-15 23:30:00,2010-06-16 08:00:00,5951,0.7838,12.1158,7,1.730756,10.9728,8.2296,6.4008,5.0292,3.6576,273.6,0.5418,303.5,0.6009,7.8232,8.5852,41.6052,68.8848,24,8.92,0.587,414,154,10.1,2.51,0.933,0.0613,2.72,1.01,0.0665,,,,,287,15.2,662112,2.73951355661882,"Surface","Dairy","Grass Pasture","Pasture/Hay","Pasture/Hay","Yes","Radom tile, WY2009 tile blow out","Kewaunee loam","Slow-infiltration","Well drained",3,0.475,2010,"Growing season",1,1.1,0,1.1,0,0,1,1,1,1,1,1,"Current crop",1.1,"Current pre-growing season + growing season",,
"USGS-435441087463900","K5",0,0,0,"Non-Frozen","Storm","2010-13",1,2010-07-15 05:40:00,2010-07-15 12:00:00,2102,0.3444,48.4632,8.45,5.73532,109.728,71.9328,50.6984,36.3728,21.844,1669,23.89,1664,23.83,0,0,5.715,15.367,133,17.5,1.15,616,80.9,5.32,3.82,0.501,0.033,4.31,0.566,0.0372,,,,,288,15.2,662112,0.967645353052051,"Surface","Dairy","Grass Pasture","Pasture/Hay","Pasture/Hay","Yes","Radom tile, WY2009 tile blow out","Kewaunee loam","Slow-infiltration","Well drained",3,0.475,2010,"Growing season",1,1.1,0,1.1,0,0,1,1,1,1,1,1,"Current crop",1.1,"Current pre-growing season + growing season",,
"USGS-435441087463900","K5",0,0,0,"Non-Frozen","Storm","2010-14",1,2010-07-22 19:00:00,2010-07-23 02:00:00,53310,20.28,43.688,7.55,5.78612,65.532,55.626,45.72,34.5948,24.9428,1414,19.26,1433,19.52,0,17.653,24.0792,78.0288,199,662,43.6,232,772,50.8,3.1,10.3,0.679,3.48,11.6,0.762,,,,,289,15.2,662112,24.5409960852545,"Surface","Dairy","Grass Pasture","Pasture/Hay","Pasture/Hay","Yes","Radom tile, WY2009 tile blow out","Kewaunee loam","Slow-infiltration","Well drained",3,0.475,2010,"Growing season",1,1.1,0,1.1,0,0,1,1,1,1,1,1,"Current crop",1.1,"Current pre-growing season + growing season",,
"USGS-435441087463900","K5",0,0,0,"Non-Frozen","Storm","2010-15",1,2010-07-24 09:00:00,2010-07-24 15:00:00,4057,1.078,11.557,3.25,3.556,39.624,22.5552,16.8656,8.89,5.3594,328.9,1.151,342.6,1.199,0,43.688,67.7672,121.7168,222,56.2,3.7,458,116,7.63,3.06,0.775,0.051,3.3,0.836,0.055,,,,,290,15.2,662112,1.86761997970132,"Surface","Dairy","Grass Pasture","Pasture/Hay","Pasture/Hay","Yes","Radom tile, WY2009 tile blow out","Kewaunee loam","Slow-infiltration","Well drained",3,0.475,2010,"Growing season",1,1.1,0,1.1,0,0,1,1,1,1,1,1,"Current crop",1.1,"Current pre-growing season + growing season",,
"USGS-435441087463900","K5",0,0,0,"Frozen","Storm","2011-0",1,2010-12-31 19:00:00,2011-01-01 10:42:00,1589,0.04617,0,,,,,,,,,,,,0.2286,1.8288,1.8288,2.286,9,0.893,0.0587,120,11.9,0.783,1.92,0.19,0.0125,2.13,0.211,0.0139,,,,,291,15.2,662112,0.731488328258663,"Surface","Dairy","Grass Pasture","Pasture/Hay","Pasture/Hay","Yes","Radom tile, WY2009 tile blow out","Kewaunee loam","Slow-infiltration","Well drained",3,0.475,2011,"Post-growing season",1,0,0,0,0,0,1,1,1,1,1,1,"Previous crop",0,"Previous growing season + current post-growing season",1,"Yes"
"USGS-435441087463900","K5",0,0,0,"Frozen","Storm","2011-2",2,2011-02-16 18:15:00,2011-02-19 02:28:00,37170,0.6456,0,,,,,,,,,,,,0,0,0,0,25.2,58.5,3.85,662,1540,101,3.16,7.33,0.482,5.49,12.7,0.838,,,,,292,15.2,662112,17.1110265332753,"Surface","Dairy","Grass Pasture","Pasture/Hay","Pasture/Hay","Yes","Radom tile, WY2009 tile blow out","Kewaunee loam","Slow-infiltration","Well drained",3,0.475,2011,"Pre-growing season",1,0,0,0,0,0,1,1,1,1,1,1,"Previous crop",0,"Current post-growing season + pre-growing season",1,"Yes"
"USGS-435441087463900","K5",0,0,0,"Frozen","Storm","2011-3",1,2011-03-08 21:31:00,2011-03-09 09:45:00,1693,0.07386,0,,,,,,,,,,,,0,0,6.1722,6.1722,42,4.44,0.292,704,74.4,4.9,5.81,0.614,0.0404,8.4,0.888,0.0584,,,,,293,15.2,662112,0.779364216325939,"Surface","Dairy","Grass Pasture","Pasture/Hay","Pasture/Hay","Yes","Radom tile, WY2009 tile blow out","Kewaunee loam","Slow-infiltration","Well drained",3,0.475,2011,"Pre-growing season",1,0,0,0,0,0,1,1,1,1,1,1,"Previous crop",0,"Current post-growing season + pre-growing season",1,"Yes"
"USGS-435441087463900","K5",0,0,0,"Frozen","Storm","2011-4",1,2011-03-15 19:15:00,2011-03-16 11:30:00,5923,0.3715,0,,,,,,,,,,,,0,0,5.0292,11.2014,145,53.6,3.53,382,141,9.29,5.73,2.12,0.139,7.01,2.59,0.171,,,,,294,15.2,662112,2.72662389444686,"Surface","Dairy","Grass Pasture","Pasture/Hay","Pasture/Hay","Yes","Radom tile, WY2009 tile blow out","Kewaunee loam","Slow-infiltration","Well drained",3,0.475,2011,"Pre-growing season",1,0,0,0,0,0,1,1,1,1,1,1,"Previous crop",0,"Current post-growing season + pre-growing season",1,"Yes"
"USGS-435441087463900","K5",0,0,0,"Frozen","Storm","2011-5",1,2011-03-16 16:15:00,2011-03-17 05:00:00,13410,0.978,0,,,,,,,,,,,,0,0,5.0292,11.2014,52,43.5,2.86,270,226,14.9,5.42,4.54,0.298,6.21,5.2,0.342,,,,,295,15.2,662112,6.17322749021314,"Surface","Dairy","Grass Pasture","Pasture/Hay","Pasture/Hay","Yes","Radom tile, WY2009 tile blow out","Kewaunee loam","Slow-infiltration","Well drained",3,0.475,2011,"Pre-growing season",1,0,0,0,0,0,1,1,1,1,1,1,"Previous crop",0,"Current post-growing season + pre-growing season",1,"Yes"
"USGS-435441087463900","K5",0,0,0,"Frozen","Storm","2011-6",1,2011-03-17 14:30:00,2011-03-18 06:15:00,11590,0.6456,0,,,,,,,,,,,,0,0,0,11.2014,49,35.5,2.33,192,139,9.14,3.81,2.76,0.181,4.2,3.04,0.2,,,,,296,15.2,662112,5.33539944903581,"Surface","Dairy","Grass Pasture","Pasture/Hay","Pasture/Hay","Yes","Radom tile, WY2009 tile blow out","Kewaunee loam","Slow-infiltration","Well drained",3,0.475,2011,"Pre-growing season",1,0,0,0,0,0,1,1,1,1,1,1,"Previous crop",0,"Current post-growing season + pre-growing season",1,"Yes"
"USGS-435441087463900","K5",0,0,0,"Frozen","Storm","2011-7",1,2011-03-18 16:15:00,2011-03-19 00:30:00,989.3,0.06009,0,,,,,,,,,,,,0,0,0,5.2578,7,0.432,0.0284,188,11.6,0.764,1.77,0.109,0.00719,1.95,0.12,0.00792,,,,,297,15.2,662112,0.455419385239959,"Surface","Dairy","Grass Pasture","Pasture/Hay","Pasture/Hay","Yes","Radom tile, WY2009 tile blow out","Kewaunee loam","Slow-infiltration","Well drained",3,0.475,2011,"Pre-growing season",1,0,0,0,0,0,1,1,1,1,1,1,"Previous crop",0,"Current post-growing season + pre-growing season",1,"Yes"
"USGS-435441087463900","K5",0,0,0,"Frozen","Storm","2011-9",1,2011-03-20 18:15:00,2011-03-20 23:26:00,922.1,0.1826,9.8298,3.2,3.07086,8.2296,6.858,7.3152,6.4008,5.0292,215,0.5418,252.8,0.6371,0,0,0,5.0292,25,1.44,0.0947,366,21.1,1.39,1.72,0.099,0.00651,1.96,0.113,0.00742,,,,,298,15.2,662112,0.424484196027258,"Surface","Dairy","Grass Pasture","Pasture/Hay","Pasture/Hay","Yes","Radom tile, WY2009 tile blow out","Kewaunee loam","Slow-infiltration","Well drained",3,0.475,2011,"Pre-growing season",1,0,0,0,0,0,1,1,1,1,1,1,"Previous crop",0,"Current post-growing season + pre-growing season",1,"Yes"
"USGS-435441087463900","K5",0,0,0,"Non-Frozen","Storm","2011-14",1,2011-04-16 03:45:00,2011-04-16 17:32:00,6214,0.568,31.1404,16.8,1.853692,33.528,19.5072,14.8336,10.9728,7.7724,756.8,3.269,818.1,3.534,0,0.4572,6.9342,21.336,58,22.5,1.48,470,182,12,1.18,0.458,0.0301,2.09,0.811,0.0533,,,,,299,15.2,662112,2.86058431201972,"Surface","Dairy","Grass Pasture","Pasture/Hay","Pasture/Hay","Yes","Radom tile, WY2009 tile blow out","Kewaunee loam","Slow-infiltration","Well drained",3,0.475,2011,"Pre-growing season",1,0,0,0,0,0,1,1,1,1,1,1,"Previous crop",0,"Current post-growing season + pre-growing season",1,"Yes"
"USGS-435441087463900","K5",0,0,0,"Non-Frozen","Storm","2011-16",1,2011-04-21 16:00:00,2011-04-22 01:00:00,15230,1.194,0,,,,,,,,,,,,0.2286,9.3726,42.3418,49.276,4,3.8,0.25,496,472,31,2.39,2.27,0.149,2.33,2.21,0.146,,,,,300,15.2,662112,7.01105553139046,"Surface","Dairy","Grass Pasture","Pasture/Hay","Pasture/Hay","Yes","Radom tile, WY2009 tile blow out","Kewaunee loam","Slow-infiltration","Well drained",3,0.475,2011,"Pre-growing season",1,0,0,0,0,0,1,1,1,1,1,1,"Previous crop",0,"Current post-growing season + pre-growing season",1,"Yes"
"USGS-435441087463900","K5",0,0,0,"Non-Frozen","Storm","2011-17",1,2011-04-23 01:45:00,2011-04-23 09:30:00,5513,0.4502,7.0866,4.7,1.507744,13.716,8.2296,6.4008,4.1148,3.429,142,0.2301,164.9,0.2671,0.6858,0.6858,38.4556,49.9618,28,9.64,0.634,604,208,13.7,1.59,0.547,0.036,1.84,0.633,0.0417,,,,,301,15.2,662112,2.53788241264318,"Surface","Dairy","Grass Pasture","Pasture/Hay","Pasture/Hay","Yes","Radom tile, WY2009 tile blow out","Kewaunee loam","Slow-infiltration","Well drained",3,0.475,2011,"Pre-growing season",1,0,0,0,0,0,1,1,1,1,1,1,"Previous crop",0,"Current post-growing season + pre-growing season",1,"Yes"
"USGS-435441087463900","K5",0,0,0,"Non-Frozen","Storm","2011-18",1,2011-04-26 10:45:00,2011-04-26 21:45:00,32140,3.14,29.9466,13.53,2.212848,13.716,9.6012,9.144,8.2296,7.5438,688.1,2.229,779.5,2.526,0,0,17.145,50.5714,92,185,12.1,326,654,43,2.1,4.21,0.277,2.51,5.04,0.331,,,,,302,15.2,662112,14.7954907930984,"Surface","Dairy","Grass Pasture","Pasture/Hay","Pasture/Hay","Yes","Radom tile, WY2009 tile blow out","Kewaunee loam","Slow-infiltration","Well drained",3,0.475,2011,"Pre-growing season",1,0,0,0,0,0,1,1,1,1,1,1,"Previous crop",0,"Current post-growing season + pre-growing season",1,"Yes"
"USGS-435441087463900","K5",0,0,0,"Non-Frozen","Storm","2011-21",1,2011-06-24 02:15:00,2011-06-24 05:15:00,960.3,0.2066,28.1686,12.43,2.26568,25.2984,19.5072,15.748,15.1892,9.8806,720.8,4.31,769.8,4.604,1.8288,32.9184,40.9194,58.1914,136,8.15,0.536,242,14.5,0.954,2.74,0.164,0.0108,3.56,0.213,0.014,,,,,303,15.2,662112,0.442069377990431,"Surface","Dairy","Grass Pasture","Pasture/Hay","Pasture/Hay","Yes","Radom tile, WY2009 tile blow out","Kewaunee loam","Slow-infiltration","Well drained",3,0.475,2011,"Growing season",1,0,0,0,0,0,1,1,1,1,1,1,"Current crop",0,"Current pre-growing season + growing season",,
"USGS-435444087462300","K7",0,0,0,"Non-Frozen","Storm","2007-1",2,2006-11-28 04:54:00,2006-12-23 15:00:00,28940,0.1592,71.9074,608.7,0.1181354,37.1856,29.5656,22.4536,15.3416,12.0142,1599,9.661,1738,10.5,4.8006,4.8006,5.0292,5.4864,36.8,66.5,5.54,427,772,64.4,5.58,10.1,0.84,5.7,10.3,0.859,,,,,304,12,522720,16.8750229568411,"Surface","Dairy","Grass Pasture","Pasture/Hay","Pasture/Hay","Yes",,"Kewaunee loam","Slow-infiltration","Well drained",3,0.475,2007,"Post-growing season",1,0,0,0,0,,1,1,1,1,1,1,"Previous crop",,"Previous growing season + current post-growing season",1,"Yes"
"USGS-435444087462300","K7",0,0,0,"Frozen","Storm","2007-3",3,2007-03-10 04:45:00,2007-03-13 22:45:00,104200,0.1592,6.6294,58.57,0.1131824,5.4864,4.1148,3.6576,2.7432,2.0574,108,0.1167,122.7,0.1325,0,0,0,14.859,10.9,68.7,5.72,208,1360,113,4.26,27.7,2.31,4.77,31.1,2.59,"<",,,,305,12,522720,60.7594123048668,"Surface","Dairy","Grass Pasture","Pasture/Hay","Pasture/Hay","Yes",,"Kewaunee loam","Slow-infiltration","Well drained",3,0.475,2007,"Pre-growing season",1,0,0,0,0,,1,1,1,1,1,1,"Previous crop",0,"Current post-growing season + pre-growing season",1,"Yes"
"USGS-435444087462300","K7",0,0,0,"Frozen","Storm","2008-2",1,2008-03-13,2008-03-13 11:45:00,241.7,0.1592,0,,,,,,,,,,,,0,0,0,6.1722,12,0.181,0.0151,158,2.38,0.199,1.28,0.0193,0.00161,1.56,0.0235,0.00196,,,,,306,12,522720,0.140936179981635,"Surface","Dairy","Grass Pasture","Pasture/Hay","Pasture/Hay","Yes",,"Kewaunee loam","Slow-infiltration","Well drained",3,0.475,2008,"Pre-growing season",1,1.6,0.8,0.8,0,0,1,1,1,1,0.2,1,"Previous crop",1.6,"Current post-growing season + pre-growing season",0.2,"Partial"
"USGS-435444087462300","K7",0,0,0,"Frozen","Storm","2008-3",2,2008-03-13 17:30:00,2008-03-15 07:30:00,35670,0.1592,0,,,,,,,,,,,,0,0,0,6.1722,77.8,173,14.4,233,520,43.3,2.67,5.95,0.496,3.71,8.26,0.688,,,,,307,12,522720,20.7993112947658,"Surface","Dairy","Grass Pasture","Pasture/Hay","Pasture/Hay","Yes",,"Kewaunee loam","Slow-infiltration","Well drained",3,0.475,2008,"Pre-growing season",1,1.6,0.8,0.8,0,0,1,1,1,1,0.2,1,"Previous crop",1.6,"Current post-growing season + pre-growing season",0.2,"Partial"
"USGS-435444087462300","K7",0,0,0,"Frozen","Storm","2008-4",1,2008-03-18 20:15:00,2008-03-19 02:15:00,210.3,0.1592,0,,,,,,,,,,,,2.5146,2.5146,2.5146,2.5146,21,0.276,0.023,228,2.99,0.249,1.68,0.0221,0.00184,1.95,0.0256,0.00213,,,,,308,12,522720,0.122626721763085,"Surface","Dairy","Grass Pasture","Pasture/Hay","Pasture/Hay","Yes",,"Kewaunee loam","Slow-infiltration","Well drained",3,0.475,2008,"Pre-growing season",1,1.6,0.8,0.8,0,0,1,1,1,1,0.2,1,"Previous crop",1.6,"Current post-growing season + pre-growing season",0.2,"Partial"
"USGS-435444087462300","K7",0,0,0,"Non-Frozen","Storm","2008-6",1,2008-04-10 23:45:00,2008-04-11 21:15:00,17940,0.1592,26.9748,27.23,0.9906,10.9728,6.858,6.4008,5.4864,4.1148,520.9,1.125,612.9,1.324,0,22.1742,22.1742,34.3154,49,54.9,4.57,680,761,63.5,1.74,1.95,0.162,1.93,2.16,0.18,,,,,309,12,522720,10.4608815426997,"Surface","Dairy","Grass Pasture","Pasture/Hay","Pasture/Hay","Yes",,"Kewaunee loam","Slow-infiltration","Well drained",3,0.475,2008,"Pre-growing season",1,1.6,0.8,0.8,0,0,1,1,1,1,0.2,1,"Previous crop",1.6,"Current post-growing season + pre-growing season",0.2,"Partial"
"USGS-435444087462300","K7",0,0,0,"Non-Frozen","Storm","2008-7",1,2008-04-25 23:45:00,2008-04-26 10:00:00,10130,0.1592,27.4066,4.85,5.6515,64.9224,35.2044,28.1432,21.9964,17.7292,939.9,8.14,934.9,8.096,14.4018,14.4018,18.7452,21.717,315,199,16.6,588,372,31,2.29,1.45,0.121,2.98,1.88,0.157,,,,,310,12,522720,5.90684113865932,"Surface","Dairy","Grass Pasture","Pasture/Hay","Pasture/Hay","Yes",,"Kewaunee loam","Slow-infiltration","Well drained",3,0.475,2008,"Pre-growing season",1,1.6,0.8,0.8,0,0,1,1,1,1,0.2,1,"Previous crop",1.6,"Current post-growing season + pre-growing season",0.2,"Partial"
"USGS-435444087462300","K7",0,0,0,"Non-Frozen","Storm","2008-8",1,2008-06-08 15:23:00,2008-06-08 21:00:00,9895,0.1592,25.4254,4.617,5.50672,27.432,24.6888,22.86,17.8308,12.3444,802,5.63,799.8,5.614,8.6106,14.0716,44.5008,56.388,238,147,12.3,404,250,20.8,2.08,1.28,0.107,2.83,1.75,0.146,,,,,311,12,522720,5.76981175390266,"Surface","Dairy","Grass Pasture","Pasture/Hay","Pasture/Hay","Yes",,"Kewaunee loam","Slow-infiltration","Well drained",3,0.475,2008,"Growing season",1,1.6,0.8,0.8,0,0,1,1,1,1,0.2,1,"Current crop",0.8,"Current pre-growing season + growing season",,
"USGS-435444087462300","K7",0,0,0,"Non-Frozen","Storm","2008-10",1,2008-06-12 23:43:00,2008-06-13 14:30:00,115900,0.1592,73.8632,13.3,5.55244,96.9264,71.7804,50.5968,36.7792,23.5204,2622,37.97,2567,37.17,0,0,70.9422,112.5728,354,2560,214,202,1460,122,1.82,13.2,1.1,2.7,19.5,1.63,,,,,312,12,522720,67.5817263544536,"Surface","Dairy","Grass Pasture","Pasture/Hay","Pasture/Hay","Yes",,"Kewaunee loam","Slow-infiltration","Well drained",3,0.475,2008,"Growing season",1,1.6,0.8,0.8,0,0,1,1,1,1,0.2,1,"Current crop",0.8,"Current pre-growing season + growing season",,
"USGS-435444087462300","K7",0,0,0,"Non-Frozen","Storm","2008-11",1,2008-07-16 20:45:00,2008-07-17 00:30:00,17560,0.1592,66.929,2.683,24.9428,129.8448,122.682,118.7704,100.6348,58.928,2681,106.2,2640,104.6,0,0,16.764,34.8234,318,349,29,70,76.7,6.39,0.96,1.05,0.0877,1.69,1.85,0.154,,,,,313,12,522720,10.2393021120294,"Surface","Dairy","Grass Pasture","Pasture/Hay","Pasture/Hay","Yes",,"Kewaunee loam","Slow-infiltration","Well drained",3,0.475,2008,"Growing season",1,1.6,0.8,0.8,0,0,1,1,1,1,0.2,1,"Current crop",0.8,"Current pre-growing season + growing season",,
"USGS-435444087462300","K7",0,0,0,"Frozen","Storm","2009-0",1,2009-02-07 19:45:00,2009-02-08 04:59:00,629.1,0.03466,0,,,,,,,,,,,,0,0,0,0,7,0.275,0.0229,110,4.32,0.36,1.93,0.0758,0.00632,2.05,0.0805,0.00671,,,,,314,12,522720,0.366830578512397,"Surface","Dairy","Grass Pasture","Pasture/Hay","Pasture/Hay","Yes",,"Kewaunee loam","Slow-infiltration","Well drained",3,0.475,2009,"Pre-growing season",1,0,0,0,0,0,1,1,1,1,1,1,"Previous crop",0,"Current post-growing season + pre-growing season",1,"Yes"
"USGS-435444087462300","K7",0,0,0,"Frozen","Storm","2009-3",2,2009-02-10 02:15:00,2009-02-11 09:00:00,54750,1.976,6.4008,2.55,2.510028,8.2296,6.858,7.3152,5.4864,4.1148,138.1,0.2984,161.3,0.3484,0,0,0,0,2,6.84,0.57,98.9,338,28.2,1.64,5.6,0.467,1.94,6.63,0.552,,,,,315,12,522720,31.9249311294766,"Surface","Dairy","Grass Pasture","Pasture/Hay","Pasture/Hay","Yes",,"Kewaunee loam","Slow-infiltration","Well drained",3,0.475,2009,"Pre-growing season",1,0,0,0,0,0,1,1,1,1,1,1,"Previous crop",0,"Current post-growing season + pre-growing season",1,"Yes"
"USGS-435444087462300","K7",0,0,0,"Frozen","Storm","2009-4",1,2009-02-11 19:00:00,2009-02-12 04:00:00,451.6,0.03512,0.6858,2.55,0.268986,2.7432,1.3716,0.9144,0.4572,0.4572,13.39,0.002409,11.47,0.002065,0,6.4008,6.4008,6.4008,13,0.367,0.0305,208,5.86,0.489,2.08,0.0586,0.00489,2.64,0.0744,0.0062,,,,,316,12,522720,0.263329660238751,"Surface","Dairy","Grass Pasture","Pasture/Hay","Pasture/Hay","Yes",,"Kewaunee loam","Slow-infiltration","Well drained",3,0.475,2009,"Pre-growing season",1,0,0,0,0,0,1,1,1,1,1,1,"Previous crop",0,"Current post-growing season + pre-growing season",1,"Yes"
"USGS-435444087462300","K7",0,0,0,"Frozen","Storm","2009-6",1,2009-02-26 22:15:00,2009-02-27 11:32:00,3967,0.3528,8.6868,3.617,2.401824,8.2296,6.858,6.4008,5.4864,5.0292,178.8,0.3862,212.9,0.4599,0,6.4008,6.4008,6.6294,18,4.46,0.371,124,30.7,2.56,0.843,0.209,0.0174,0.866,0.214,0.0179,,,,,317,12,522720,2.31317263544536,"Surface","Dairy","Grass Pasture","Pasture/Hay","Pasture/Hay","Yes",,"Kewaunee loam","Slow-infiltration","Well drained",3,0.475,2009,"Pre-growing season",1,0,0,0,0,0,1,1,1,1,1,1,"Previous crop",0,"Current post-growing season + pre-growing season",1,"Yes"
"USGS-435444087462300","K7",0,0,0,"Frozen","Storm","2009-9",1,2009-03-07 18:00:00,2009-03-08 01:15:00,986.8,0.08848,0.2286,,,,,,,,,,,,0,0,0,15.0876,10,0.616,0.0513,188,11.6,0.965,2.84,0.175,0.0146,3.13,0.193,0.0161,,,,,318,12,522720,0.575406795224977,"Surface","Dairy","Grass Pasture","Pasture/Hay","Pasture/Hay","Yes",,"Kewaunee loam","Slow-infiltration","Well drained",3,0.475,2009,"Pre-growing season",1,0,0,0,0,0,1,1,1,1,1,1,"Previous crop",0,"Current post-growing season + pre-growing season",1,"Yes"
"USGS-435444087462300","K7",0,0,0,"Frozen","Storm","2009-10",1,2009-03-10 06:30:00,2009-03-11 14:45:00,43860,0.9176,13.0302,21.92,0.594614,5.4864,2.7432,2.7432,2.286,2.0574,205.9,0.1853,244,0.2196,0,1.6002,1.8288,16.9164,7,19.2,1.6,152,416,34.7,1.78,4.87,0.406,1.94,5.31,0.443,,,,,319,12,522720,25.5749311294766,"Surface","Dairy","Grass Pasture","Pasture/Hay","Pasture/Hay","Yes",,"Kewaunee loam","Slow-infiltration","Well drained",3,0.475,2009,"Pre-growing season",1,0,0,0,0,0,1,1,1,1,1,1,"Previous crop",0,"Current post-growing season + pre-growing season",1,"Yes"
"USGS-435444087462300","K7",0,0,0,"Frozen","Storm","2009-12",1,2009-03-14 17:00:00,2009-03-14 22:46:00,4102,0.4464,0,,,,,,,,,,,,0,0,14.859,14.859,10,2.56,0.213,114,29.2,2.43,2.39,0.612,0.051,2.62,0.671,0.0559,,,,,320,12,522720,2.39189164370983,"Surface","Dairy","Grass Pasture","Pasture/Hay","Pasture/Hay","Yes",,"Kewaunee loam","Slow-infiltration","Well drained",3,0.475,2009,"Pre-growing season",1,0,0,0,0,0,1,1,1,1,1,1,"Previous crop",0,"Current post-growing season + pre-growing season",1,"Yes"
"USGS-435444087462300","K7",0,0,0,"Non-Frozen","Storm","2009-13",1,2009-04-26 07:30:00,2009-04-26 18:46:00,6100,0.4654,29.2608,14.85,1.970532,8.2296,8.2296,8.2296,7.3152,6.4008,602.6,1.736,712.9,2.053,15.0876,15.0876,42.5196,43.2054,55,20.9,1.75,284,108,9.01,1.52,0.579,0.0482,1.95,0.743,0.0619,,,,,321,12,522720,3.55693296602388,"Surface","Dairy","Grass Pasture","Pasture/Hay","Pasture/Hay","Yes",,"Kewaunee loam","Slow-infiltration","Well drained",3,0.475,2009,"Pre-growing season",1,0,0,0,0,0,1,1,1,1,1,1,"Previous crop",0,"Current post-growing season + pre-growing season",1,"Yes"
"USGS-435444087462300","K7",0,0,0,"Non-Frozen","Storm","2009-14",1,2009-04-26 20:55:00,2009-04-26 23:46:00,167.7,0.03846,2.5146,1.583,1.588262,13.716,9.6012,7.3152,3.6576,2.286,64.25,0.09251,66.48,0.09573,29.4894,44.3484,71.5518,72.4662,12,0.126,0.0105,476,4.98,0.415,1.78,0.0186,0.00155,2.01,0.021,0.00175,,,,,322,12,522720,0.0977865013774105,"Surface","Dairy","Grass Pasture","Pasture/Hay","Pasture/Hay","Yes",,"Kewaunee loam","Slow-infiltration","Well drained",3,0.475,2009,"Pre-growing season",1,0,0,0,0,0,1,1,1,1,1,1,"Previous crop",0,"Current post-growing season + pre-growing season",1,"Yes"
"USGS-435444087462300","K7",0,0,0,"Frozen","Storm","2010-0",1,2010-01-24 10:00:00,2010-01-25 04:15:00,19730,1.2,8.2296,6.067,1.356614,5.4864,4.1148,3.6576,2.7432,2.5146,139,0.1501,169.7,0.1833,0,0,0,0,14,17.2,1.44,146,180,15,1.74,2.14,0.179,2.01,2.47,0.206,,,,,323,12,522720,11.50463728191,"Surface","Dairy","Grass Pasture","Pasture/Hay","Pasture/Hay","Yes",,"Kewaunee loam","Slow-infiltration","Well drained",3,0.475,2010,"Pre-growing season",1,0.4,0,0.4,0,0,1,1,1,1,1,1,"Previous crop",0.4,"Current post-growing season + pre-growing season",1,"Yes"
"USGS-435444087462300","K7",0,0,0,"Frozen","Storm","2010-2",1,2010-03-08 18:30:00,2010-03-09 05:45:00,2892,0.2564,0,,,,,,,,,,,,0,0,0,0,3,0.542,0.0451,216,39,3.25,2.15,0.388,0.0323,2.39,0.431,0.036,,,,,324,12,522720,1.68633608815427,"Surface","Dairy","Grass Pasture","Pasture/Hay","Pasture/Hay","Yes",,"Kewaunee loam","Slow-infiltration","Well drained",3,0.475,2010,"Pre-growing season",1,0.4,0,0.4,0,0,1,1,1,1,1,1,"Previous crop",0.4,"Current post-growing season + pre-growing season",1,"Yes"
"USGS-435444087462300","K7",0,0,0,"Frozen","Storm","2010-3",2,2010-03-09 18:45:00,2010-03-10 21:00:00,1769,0.0711,2.0574,15.45,0.1331722,2.7432,2.7432,1.8288,0.9144,0.9144,32.61,0.01174,30.42,0.01095,0,0,0,0,3.4,0.311,0.0259,184,20.4,1.7,2.52,0.278,0.0232,2.74,0.303,0.0252,"<",,,,325,12,522720,1.03151056014692,"Surface","Dairy","Grass Pasture","Pasture/Hay","Pasture/Hay","Yes",,"Kewaunee loam","Slow-infiltration","Well drained",3,0.475,2010,"Pre-growing season",1,0.4,0,0.4,0,0,1,1,1,1,1,1,"Previous crop",0.4,"Current post-growing season + pre-growing season",1,"Yes"
"USGS-435444087462300","K7",0,0,0,"Non-Frozen","Storm","2010-4",1,2010-04-25 08:45:00,2010-04-25 16:45:00,12770,1.875,33.8328,11.13,3.03784,27.432,19.2024,15.5448,12.3444,10.0584,918.2,4.462,977.2,4.749,19.2024,19.2024,19.2024,20.3454,71,56.6,4.72,260,207,17.3,2.08,1.66,0.138,2.36,1.88,0.157,,,,,326,12,522720,7.44623507805326,"Surface","Dairy","Grass Pasture","Pasture/Hay","Pasture/Hay","Yes",,"Kewaunee loam","Slow-infiltration","Well drained",3,0.475,2010,"Pre-growing season",1,0.4,0,0.4,0,0,1,1,1,1,1,1,"Previous crop",0.4,"Current post-growing season + pre-growing season",1,"Yes"
"USGS-435444087462300","K7",0,0,0,"Non-Frozen","Storm","2010-5",1,2010-06-15 21:45:00,2010-06-16 06:45:00,9842,0.9288,12.1158,7,1.730756,10.9728,8.2296,6.4008,5.0292,3.6576,273.6,0.5418,303.5,0.6009,7.8232,8.5852,41.6052,68.8848,44,27,2.25,360,221,18.4,2.7,1.66,0.138,3.03,1.86,0.155,,,,,327,12,522720,5.7389072543618,"Surface","Dairy","Grass Pasture","Pasture/Hay","Pasture/Hay","Yes",,"Kewaunee loam","Slow-infiltration","Well drained",3,0.475,2010,"Growing season",1,0.4,0,0.4,0,0,1,1,1,1,1,1,"Current crop",0.4,"Current pre-growing season + growing season",,
"USGS-435444087462300","K7",0,0,0,"Non-Frozen","Storm","2010-6",1,2010-07-22 21:00:00,2010-07-23 02:45:00,31440,6.747,43.688,7.55,5.78612,65.532,55.626,45.72,34.5948,24.9428,1414,19.26,1433,19.52,0,17.653,24.0792,78.0288,42,82.4,6.87,132,259,21.6,2.02,3.97,0.331,2.31,4.53,0.378,,,,,328,12,522720,18.332782369146,"Surface","Dairy","Grass Pasture","Pasture/Hay","Pasture/Hay","Yes",,"Kewaunee loam","Slow-infiltration","Well drained",3,0.475,2010,"Growing season",1,0.4,0,0.4,0,0,1,1,1,1,1,1,"Current crop",0.4,"Current pre-growing season + growing season",,
"USGS-435444087462300","K7",0,0,0,"Non-Frozen","Storm","2010-7",1,2010-07-24 11:15:00,2010-07-24 15:00:00,1926,0.4312,11.557,3.25,3.556,39.624,22.5552,16.8656,8.89,5.3594,328.9,1.151,342.6,1.199,0,43.688,67.7672,121.7168,29,3.49,0.291,378,45.4,3.79,2.02,0.243,0.0202,2.74,0.329,0.0275,,,,,329,12,522720,1.12305785123967,"Surface","Dairy","Grass Pasture","Pasture/Hay","Pasture/Hay","Yes",,"Kewaunee loam","Slow-infiltration","Well drained",3,0.475,2010,"Growing season",1,0.4,0,0.4,0,0,1,1,1,1,1,1,"Current crop",0.4,"Current pre-growing season + growing season",,
"USGS-435444087462300","K7",0,0,0,"Frozen","Storm","2011-3",1,2011-03-16 19:00:00,2011-03-17 04:15:00,3268,0.228,0,,,,,,,,,,,,0,0,2.7432,11.2014,25,5.1,0.425,110,22.4,1.87,1.95,0.398,0.0332,2.19,0.447,0.0372,,,,,330,12,522720,1.90558310376492,"Surface","Dairy","Grass Pasture","Pasture/Hay","Pasture/Hay","Yes",,"Kewaunee loam","Slow-infiltration","Well drained",3,0.475,2011,"Pre-growing season",1,0,0,0,0,0,1,1,1,1,1,1,"Previous crop",0,"Current post-growing season + pre-growing season",1,"Yes"
"USGS-435444087462300","K7",0,0,0,"Frozen","Storm","2011-4",1,2011-03-17 16:15:00,2011-03-18 07:30:00,17460,0.6795,0,,,,,,,,,,,,0,0,0,11.2014,27,29.4,2.45,202,220,18.3,2.08,2.27,0.189,2.26,2.46,0.205,,,,,331,12,522720,10.1809917355372,"Surface","Dairy","Grass Pasture","Pasture/Hay","Pasture/Hay","Yes",,"Kewaunee loam","Slow-infiltration","Well drained",3,0.475,2011,"Pre-growing season",1,0,0,0,0,0,1,1,1,1,1,1,"Previous crop",0,"Current post-growing season + pre-growing season",1,"Yes"
"USGS-435444087462300","K7",0,0,0,"Frozen","Storm","2011-5",1,2011-03-20 18:45:00,2011-03-20 22:30:00,925,0.276,9.8298,3.2,3.07086,8.2296,6.858,7.3152,6.4008,5.0292,215,0.5418,252.8,0.6371,0,0,0,5.0292,3,0.173,0.0144,408,23.6,1.96,1.48,0.0853,0.00711,1.68,0.097,0.00808,,,,,332,12,522720,0.539370982552801,"Surface","Dairy","Grass Pasture","Pasture/Hay","Pasture/Hay","Yes",,"Kewaunee loam","Slow-infiltration","Well drained",3,0.475,2011,"Pre-growing season",1,0,0,0,0,0,1,1,1,1,1,1,"Previous crop",0,"Current post-growing season + pre-growing season",1,"Yes"
"USGS-435444087462300","K7",0,0,0,"Non-Frozen","Storm","2011-9",1,2011-04-16 04:30:00,2011-04-16 17:15:00,2197,0.152,31.1404,16.8,1.853692,33.528,19.5072,14.8336,10.9728,7.7724,756.8,3.269,818.1,3.534,0,0.4572,6.9342,21.336,19,2.61,0.217,424,58.1,4.85,1.48,0.202,0.0169,1.78,0.244,0.0203,,,,,333,12,522720,1.28107897153352,"Surface","Dairy","Grass Pasture","Pasture/Hay","Pasture/Hay","Yes",,"Kewaunee loam","Slow-infiltration","Well drained",3,0.475,2011,"Pre-growing season",1,0,0,0,0,0,1,1,1,1,1,1,"Previous crop",0,"Current post-growing season + pre-growing season",1,"Yes"
"USGS-435444087462300","K7",0,0,0,"Non-Frozen","Storm","2011-11",1,2011-04-23 02:30:00,2011-04-23 10:00:00,1899,0.2102,7.0866,4.7,1.507744,13.716,8.2296,6.4008,4.1148,3.429,142,0.2301,164.9,0.2671,0.6858,0.6858,38.4556,49.9618,17,2.02,0.168,448,53.1,4.43,1.05,0.125,0.0104,1.24,0.147,0.0123,,,,,334,12,522720,1.10731404958678,"Surface","Dairy","Grass Pasture","Pasture/Hay","Pasture/Hay","Yes",,"Kewaunee loam","Slow-infiltration","Well drained",3,0.475,2011,"Pre-growing season",1,0,0,0,0,0,1,1,1,1,1,1,"Previous crop",0,"Current post-growing season + pre-growing season",1,"Yes"
"USGS-435444087462300","K7",0,0,0,"Non-Frozen","Storm","2011-12",1,2011-04-26 11:15:00,2011-04-26 22:30:00,26110,2.691,30.1752,15.32,1.970024,13.716,9.6012,9.144,8.2296,7.5438,690.9,2.239,780.9,2.53,0,0,17.145,50.5714,48,78.2,6.52,262,427,35.6,1.23,2.01,0.167,1.52,2.47,0.206,,,,,335,12,522720,15.224839302112,"Surface","Dairy","Grass Pasture","Pasture/Hay","Pasture/Hay","Yes",,"Kewaunee loam","Slow-infiltration","Well drained",3,0.475,2011,"Pre-growing season",1,0,0,0,0,0,1,1,1,1,1,1,"Previous crop",0,"Current post-growing season + pre-growing season",1,"Yes"
"USGS-435414087471400","K8",1,0,0,"Frozen","Storm","2008-0",1,2008-01-08 19:10:00,2008-01-08 21:19:00,48.4,0.0098,14.4018,7.9,1.822958,10.9728,8.2296,7.3152,6.4008,4.8006,276.6,0.6969,330.5,0.8329,17.9832,17.9832,17.9832,18.8976,38,0.115,0.023,148,0.447,0.0894,2.18,0.00658,0.00132,2.45,0.0074,0.00148,,,,,336,5,217800,0.0677333333333333,"Surface","Dairy","Grass Pasture","Pasture/Hay","Pasture/Hay","No","No tile in basin but in surrounding area in waterways","Kewaunee loam","Moderate-infiltration","Well drained",6,0.475,2008,"Pre-growing season",1,0,0,0,0,,1,1,1,1,1,1,"Previous crop",0,"Current post-growing season + pre-growing season",1,"Yes"
"USGS-435414087471400","K8",0,0,0,"Frozen","Storm","2008-1",1,2008-03-03 09:29:00,2008-03-04 11:13:00,4108,0.0854,6.1722,2.383,2.5908,8.2296,5.4864,5.4864,4.1148,3.429,123.2,0.1996,149.6,0.2424,0,0,0,0,15,3.85,0.769,148,38,7.59,0.947,0.243,0.0486,1.05,0.269,0.0539,,,,,337,5,217800,5.74893663911846,"Surface","Dairy","Grass Pasture","Pasture/Hay","Pasture/Hay","No","No tile in basin but in surrounding area in waterways","Kewaunee loam","Moderate-infiltration","Well drained",6,0.475,2008,"Pre-growing season",1,0,0,0,0,,1,1,1,1,1,1,"Previous crop",0,"Current post-growing season + pre-growing season",1,"Yes"
"USGS-435414087471400","K8",0,0,0,"Frozen","Storm","2008-2",2,2008-03-13 23:00:00,2008-03-15 14:00:00,8505,0.1958,0,,,,,,,,,,,,0,0,0,6.1722,14.9,7.92,1.58,142,75.4,15.1,1.51,0.799,0.16,1.84,0.978,0.196,,,,,338,5,217800,11.9023140495868,"Surface","Dairy","Grass Pasture","Pasture/Hay","Pasture/Hay","No","No tile in basin but in surrounding area in waterways","Kewaunee loam","Moderate-infiltration","Well drained",6,0.475,2008,"Pre-growing season",1,0,0,0,0,,1,1,1,1,1,1,"Previous crop",0,"Current post-growing season + pre-growing season",1,"Yes"
"USGS-435414087471400","K8",0,0,0,"Frozen","Storm","2008-3",1,2008-03-15 19:00:00,2008-03-16 08:21:00,784.4,0.0425,0,,,,,,,,,,,,0,0,0,6.1722,10,0.49,0.0979,210,10.3,2.06,1.29,0.0632,0.0126,1.43,0.07,0.014,,,,,339,5,217800,1.09772782369146,"Surface","Dairy","Grass Pasture","Pasture/Hay","Pasture/Hay","No","No tile in basin but in surrounding area in waterways","Kewaunee loam","Moderate-infiltration","Well drained",6,0.475,2008,"Pre-growing season",1,0,0,0,0,,1,1,1,1,1,1,"Previous crop",0,"Current post-growing season + pre-growing season",1,"Yes"
"USGS-435414087471400","K8",0,0,0,"Frozen","Storm","2008-4",1,2008-03-18 19:00:00,2008-03-19 11:00:00,1518,0.0685,0,,,,,,,,,,,,2.5146,2.5146,2.5146,2.5146,2,0.0947,0.0189,284,26.9,5.38,1.1,0.104,0.0208,1.16,0.11,0.022,"<",,,,340,5,217800,2.12436363636364,"Surface","Dairy","Grass Pasture","Pasture/Hay","Pasture/Hay","No","No tile in basin but in surrounding area in waterways","Kewaunee loam","Moderate-infiltration","Well drained",6,0.475,2008,"Pre-growing season",1,0,0,0,0,,1,1,1,1,1,1,"Previous crop",0,"Current post-growing season + pre-growing season",1,"Yes"
"USGS-435414087471400","K8",0,0,0,"Frozen","Storm","2008-5",1,2008-03-19 17:00:00,2008-03-20 05:00:00,1400,0.0759,0,,,,,,,,,,,,0,2.5146,2.5146,2.5146,2,0.0874,0.0175,228,19.9,3.99,1.01,0.0885,0.0177,1.02,0.0892,0.0178,"<",,,,341,5,217800,1.95922865013774,"Surface","Dairy","Grass Pasture","Pasture/Hay","Pasture/Hay","No","No tile in basin but in surrounding area in waterways","Kewaunee loam","Moderate-infiltration","Well drained",6,0.475,2008,"Pre-growing season",1,0,0,0,0,,1,1,1,1,1,1,"Previous crop",0,"Current post-growing season + pre-growing season",1,"Yes"
"USGS-435414087471400","K8",0,0,0,"Frozen","Storm","2008-8",1,2008-03-25 16:00:00,2008-03-26 03:00:00,1133,0.0652,0,,,,,,,,,,,,0.2286,0.2286,0.2286,2.7432,2,0.0707,0.0142,250,17.7,3.54,0.787,0.0557,0.0111,0.798,0.0565,0.0113,"<",,,,342,5,217800,1.58557575757576,"Surface","Dairy","Grass Pasture","Pasture/Hay","Pasture/Hay","No","No tile in basin but in surrounding area in waterways","Kewaunee loam","Moderate-infiltration","Well drained",6,0.475,2008,"Pre-growing season",1,0,0,0,0,,1,1,1,1,1,1,"Previous crop",0,"Current post-growing season + pre-growing season",1,"Yes"
"USGS-435414087471400","K8",0,0,0,"Non-Frozen","Storm","2008-11",1,2008-04-08 22:33:00,2008-04-09 12:00:00,1699,0.157,22.1742,12.37,1.792986,5.4864,5.4864,5.4864,4.572,4.1148,418.2,0.7527,516.3,0.9293,0,0,0,12.1412,27,2.86,0.573,264,28,5.6,1.14,0.121,0.0242,1.28,0.136,0.0271,,,,,343,5,217800,2.37766391184573,"Surface","Dairy","Grass Pasture","Pasture/Hay","Pasture/Hay","No","No tile in basin but in surrounding area in waterways","Kewaunee loam","Moderate-infiltration","Well drained",6,0.475,2008,"Pre-growing season",1,0,0,0,0,,1,1,1,1,1,1,"Previous crop",0,"Current post-growing season + pre-growing season",1,"Yes"
"USGS-435414087471400","K8",0,0,0,"Non-Frozen","Storm","2008-12",1,2008-04-10 20:51:00,2008-04-11 23:00:00,5973,0.2746,26.9748,27.23,0.9906,10.9728,6.858,6.4008,5.4864,4.1148,520.9,1.125,612.9,1.324,0,22.1742,22.1742,34.3154,27,10.1,2.01,252,94,18.8,0.87,0.324,0.0649,0.983,0.367,0.0733,,,,,344,5,217800,8.35890909090909,"Surface","Dairy","Grass Pasture","Pasture/Hay","Pasture/Hay","No","No tile in basin but in surrounding area in waterways","Kewaunee loam","Moderate-infiltration","Well drained",6,0.475,2008,"Pre-growing season",1,0,0,0,0,,1,1,1,1,1,1,"Previous crop",0,"Current post-growing season + pre-growing season",1,"Yes"
"USGS-435414087471400","K8",0,0,0,"Non-Frozen","Storm","2008-15",1,2008-04-25 22:00:00,2008-04-26 09:00:00,7321,1.486,27.4066,4.85,5.6515,64.9224,35.2044,28.1432,21.9964,17.7292,939.9,8.14,934.9,8.096,14.4018,14.4018,18.7452,21.717,143,65.4,13.1,228,104,20.8,1.15,0.526,0.105,1.47,0.672,0.134,,,,,345,5,217800,10.2453663911846,"Surface","Dairy","Grass Pasture","Pasture/Hay","Pasture/Hay","No","No tile in basin but in surrounding area in waterways","Kewaunee loam","Moderate-infiltration","Well drained",6,0.475,2008,"Pre-growing season",1,0,0,0,0,,1,1,1,1,1,1,"Previous crop",0,"Current post-growing season + pre-growing season",1,"Yes"
"USGS-435414087471400","K8",0,0,0,"Non-Frozen","Storm","2008-16",1,2008-06-08 16:30:00,2008-06-08 18:30:00,242.8,0.1113,25.4254,4.617,5.50672,27.432,24.6888,22.86,17.8308,12.3444,802,5.63,799.8,5.614,8.6106,14.0716,44.5008,56.388,1020,15.5,3.1,368,5.58,1.12,1.14,0.0173,0.00346,3.61,0.0547,0.0109,,,,,346,5,217800,0.339786225895317,"Surface","Dairy","Grass Pasture","Pasture/Hay","Pasture/Hay","No","No tile in basin but in surrounding area in waterways","Kewaunee loam","Moderate-infiltration","Well drained",6,0.475,2008,"Growing season",1,0,0,0,0,,1,1,1,1,1,1,"Current crop",0,"Current pre-growing season + growing season",,
"USGS-435414087471400","K8",0,0,0,"Non-Frozen","Storm","2008-17",1,2008-06-08 23:42:00,2008-06-09 12:45:00,4941,0.5724,31.4452,6.833,4.60248,42.672,36.7284,32.9184,27.686,18.6436,954.6,10.4,974.4,10.62,34.036,34.036,69.9262,81.8134,288,88.8,17.8,230,70.9,14.2,1.19,0.367,0.0734,1.84,0.568,0.114,,,,,347,5,217800,6.91467768595041,"Surface","Dairy","Grass Pasture","Pasture/Hay","Pasture/Hay","No","No tile in basin but in surrounding area in waterways","Kewaunee loam","Moderate-infiltration","Well drained",6,0.475,2008,"Growing season",1,0,0,0,0,,1,1,1,1,1,1,"Current crop",0,"Current pre-growing season + growing season",,
"USGS-435414087471400","K8",0,0,0,"Non-Frozen","Storm","2008-18",1,2008-06-12 23:00:00,2008-06-13 15:00:00,35990,5.072,73.8632,13.3,5.55244,96.9264,71.7804,50.5968,36.7792,23.5204,2622,37.97,2567,37.17,0,0,70.9422,112.5728,99,222,44.5,158,355,71,0.832,1.87,0.374,1.21,2.72,0.544,,,,,348,5,217800,50.3661707988981,"Surface","Dairy","Grass Pasture","Pasture/Hay","Pasture/Hay","No","No tile in basin but in surrounding area in waterways","Kewaunee loam","Moderate-infiltration","Well drained",6,0.475,2008,"Growing season",1,0,0,0,0,,1,1,1,1,1,1,"Current crop",0,"Current pre-growing season + growing season",,
"USGS-435414087471400","K8",0,0,0,"Non-Frozen","Storm","2008-19",1,2008-07-16 20:00:00,2008-07-17 02:06:00,6993,2.1,66.929,2.683,24.9428,129.8448,122.682,118.7704,100.6348,58.928,2681,106.2,2640,104.6,0,0,16.764,34.8234,146,63.7,12.7,474,207,41.4,1.39,0.607,0.121,1.8,0.786,0.157,,,,,349,5,217800,9.78634710743802,"Surface","Dairy","Grass Pasture","Pasture/Hay","Pasture/Hay","No","No tile in basin but in surrounding area in waterways","Kewaunee loam","Moderate-infiltration","Well drained",6,0.475,2008,"Growing season",1,0,0,0,0,,1,1,1,1,1,1,"Current crop",0,"Current pre-growing season + growing season",,
"USGS-435414087471400","K8",0,0,0,"Frozen","Storm","2009-0",1,2009-02-10 03:06:00,2009-02-10 15:00:00,5323,0.1581,6.4008,2.55,2.510028,8.2296,6.858,7.3152,5.4864,4.1148,138.1,0.2984,161.3,0.3484,0,0,0,0,1,0.166,0.0332,160,53.2,10.6,1.23,0.409,0.0817,1.5,0.498,0.0997,"<",,,,350,5,217800,7.44926721763085,"Surface","Dairy","Grass Pasture","Pasture/Hay","Pasture/Hay","No","No tile in basin but in surrounding area in waterways","Kewaunee loam","Moderate-infiltration","Well drained",6,0.475,2009,"Pre-growing season",1,0,0,0,0,0,1,1,1,1,1,1,"Previous crop",0,"Current post-growing season + pre-growing season",1,"Yes"
"USGS-435414087471400","K8",0,0,0,"Frozen","Storm","2009-1",1,2009-02-10 15:00:00,2009-02-11 08:00:00,9476,0.5203,0,,,,,,,,,,,,6.4008,6.4008,6.4008,6.4008,4,2.37,0.473,74,43.8,8.75,0.992,0.587,0.117,1.05,0.621,0.124,,,,,351,5,217800,13.2611790633609,"Surface","Dairy","Grass Pasture","Pasture/Hay","Pasture/Hay","No","No tile in basin but in surrounding area in waterways","Kewaunee loam","Moderate-infiltration","Well drained",6,0.475,2009,"Pre-growing season",1,0,0,0,0,0,1,1,1,1,1,1,"Previous crop",0,"Current post-growing season + pre-growing season",1,"Yes"
"USGS-435414087471400","K8",0,0,0,"Frozen","Storm","2009-3",1,2009-02-26 20:00:00,2009-02-27 09:28:00,3168,0.1724,8.6868,3.617,2.401824,8.2296,6.858,6.4008,5.4864,5.0292,178.8,0.3862,212.9,0.4599,0,6.4008,6.4008,6.6294,14,2.77,0.554,180,35.6,7.12,0.753,0.149,0.0298,0.868,0.172,0.0343,,,,,352,5,217800,4.43345454545455,"Surface","Dairy","Grass Pasture","Pasture/Hay","Pasture/Hay","No","No tile in basin but in surrounding area in waterways","Kewaunee loam","Moderate-infiltration","Well drained",6,0.475,2009,"Pre-growing season",1,0,0,0,0,0,1,1,1,1,1,1,"Previous crop",0,"Current post-growing season + pre-growing season",1,"Yes"
"USGS-435414087471400","K8",0,0,0,"Frozen","Storm","2009-6",1,2009-03-10 05:56:00,2009-03-11 14:11:00,25100,0.4993,13.0302,21.92,0.594614,5.4864,2.7432,2.7432,2.286,2.0574,205.9,0.1853,244,0.2196,0,1.6002,1.8288,16.9164,2,1.57,0.313,130,204,40.7,0.782,1.23,0.245,0.898,1.41,0.281,"<",,,,353,5,217800,35.1261707988981,"Surface","Dairy","Grass Pasture","Pasture/Hay","Pasture/Hay","No","No tile in basin but in surrounding area in waterways","Kewaunee loam","Moderate-infiltration","Well drained",6,0.475,2009,"Pre-growing season",1,0,0,0,0,0,1,1,1,1,1,1,"Previous crop",0,"Current post-growing season + pre-growing season",1,"Yes"
"USGS-435414087471400","K8",0,0,0,"Non-Frozen","Storm","2009-10",1,2009-04-25 16:40:00,2009-04-25 19:01:00,354.4,0.07593,14.859,5.333,2.78638,16.4592,9.6012,8.2296,6.858,6.1722,362.8,0.9796,403.3,1.089,0,0.2286,27.432,28.1178,133,2.94,0.589,314,6.95,1.39,1.42,0.0314,0.00628,2.16,0.0478,0.00956,,,,,354,5,217800,0.495964738292011,"Surface","Dairy","Grass Pasture","Pasture/Hay","Pasture/Hay","No","No tile in basin but in surrounding area in waterways","Kewaunee loam","Moderate-infiltration","Well drained",6,0.475,2009,"Pre-growing season",1,0,0,0,0,0,1,1,1,1,1,1,"Previous crop",0,"Current post-growing season + pre-growing season",1,"Yes"
"USGS-435414087471400","K8",0,0,0,"Non-Frozen","Storm","2009-11",1,2009-04-26 03:15:00,2009-04-27 04:01:00,6233,0.3204,32.004,22.52,1.421384,13.716,9.6012,8.2296,7.3152,6.4008,664.9,1.915,773.4,2.227,15.0876,15.0876,42.5196,43.2054,61,23.7,4.75,254,98.8,19.8,1.22,0.475,0.0949,1.63,0.634,0.127,,,,,355,5,217800,8.72276584022039,"Surface","Dairy","Grass Pasture","Pasture/Hay","Pasture/Hay","No","No tile in basin but in surrounding area in waterways","Kewaunee loam","Moderate-infiltration","Well drained",6,0.475,2009,"Pre-growing season",1,0,0,0,0,0,1,1,1,1,1,1,"Previous crop",0,"Current post-growing season + pre-growing season",1,"Yes"
"USGS-435414087471400","K8",0,0,0,"Non-Frozen","Storm","2010-1",1,2009-12-25 12:00:00,2009-12-26 04:03:00,1879,0.0678,32.9184,23.67,1.390904,13.716,10.9728,9.144,5.9436,4.8006,643.8,1.507,771.4,1.805,0.2286,0.2286,0.2286,0.2286,29,3.4,0.68,186,21.8,4.36,1.23,0.145,0.0289,1.38,0.161,0.0323,,,,,356,5,217800,2.62956473829201,"Surface","Dairy","Grass Pasture","Pasture/Hay","Pasture/Hay","No","No tile in basin but in surrounding area in waterways","Kewaunee loam","Moderate-infiltration","Well drained",6,0.475,2010,"Post-growing season",1,0,0,0,0,0,1,1,1,1,1,1,"Previous crop",0,"Previous growing season + current post-growing season",1,"Yes"
"USGS-435414087471400","K8",0,0,0,"Frozen","Storm","2010-2",1,2010-01-24 06:00:00,2010-01-25 13:00:00,6807,0.2508,8.2296,6.067,1.356614,5.4864,4.1148,3.6576,2.7432,2.5146,139,0.1501,169.7,0.1833,0,0,0,0,8,3.4,0.68,180,76.5,15.3,1.31,0.557,0.111,1.46,0.623,0.125,,,,,357,5,217800,9.52604958677686,"Surface","Dairy","Grass Pasture","Pasture/Hay","Pasture/Hay","No","No tile in basin but in surrounding area in waterways","Kewaunee loam","Moderate-infiltration","Well drained",6,0.475,2010,"Pre-growing season",1,0,0,0,0,0,1,1,1,1,1,1,"Previous crop",0,"Current post-growing season + pre-growing season",1,"Yes"
"USGS-435414087471400","K8",0,0,0,"Frozen","Storm","2010-3",1,2010-03-08 19:00:00,2010-03-09 16:00:00,1232,0.0495,0,,,,,,,,,,,,0,0,0,0,13,0.999,0.2,226,17.4,3.48,1.66,0.128,0.0256,1.75,0.135,0.0269,,,,,358,5,217800,1.72412121212121,"Surface","Dairy","Grass Pasture","Pasture/Hay","Pasture/Hay","No","No tile in basin but in surrounding area in waterways","Kewaunee loam","Moderate-infiltration","Well drained",6,0.475,2010,"Pre-growing season",1,0,0,0,0,0,1,1,1,1,1,1,"Previous crop",0,"Current post-growing season + pre-growing season",1,"Yes"
"USGS-435414087471400","K8",0,0,0,"Non-Frozen","Storm","2010-6",1,2010-04-07 04:00:00,2010-04-07 06:45:00,324.8,0.06072,13.0302,3.783,3.44424,19.2024,16.4592,12.8016,9.6012,7.5438,346.7,1.311,372,1.406,14.859,14.859,15.7734,15.7734,80,1.62,0.324,320,6.49,1.3,1.32,0.0268,0.00536,1.56,0.0316,0.00633,,,,,359,5,217800,0.454541046831956,"Surface","Dairy","Grass Pasture","Pasture/Hay","Pasture/Hay","No","No tile in basin but in surrounding area in waterways","Kewaunee loam","Moderate-infiltration","Well drained",6,0.475,2010,"Pre-growing season",1,0,0,0,0,0,1,1,1,1,1,1,"Previous crop",0,"Current post-growing season + pre-growing season",1,"Yes"
"USGS-435414087471400","K8",0,0,0,"Non-Frozen","Storm","2010-8",1,2010-04-25 07:00:00,2010-04-25 17:45:00,8555,0.975,33.8328,11.13,3.03784,27.432,19.2024,15.5448,12.3444,10.0584,918.2,4.462,977.2,4.749,19.2024,19.2024,19.2024,20.3454,374,200,39.9,252,135,26.9,1.7,0.911,0.182,2.61,1.39,0.279,,,,,360,5,217800,11.9722865013774,"Surface","Dairy","Grass Pasture","Pasture/Hay","Pasture/Hay","No","No tile in basin but in surrounding area in waterways","Kewaunee loam","Moderate-infiltration","Well drained",6,0.475,2010,"Pre-growing season",1,0,0,0,0,0,1,1,1,1,1,1,"Previous crop",0,"Current post-growing season + pre-growing season",1,"Yes"
"USGS-435414087471400","K8",0,0,0,"Non-Frozen","Storm","2010-9",1,2010-05-13 07:30:00,2010-05-13 17:30:00,1181,0.1045,13.2588,8.633,1.535684,8.2296,6.858,6.4008,5.4864,4.3434,240.8,0.5201,292.1,0.6309,0.2286,13.4874,29.4894,41.8338,55,4.05,0.811,270,19.9,3.98,0.745,0.0549,0.011,1.05,0.0774,0.0155,,,,,361,5,217800,1.65274931129477,"Surface","Dairy","Grass Pasture","Pasture/Hay","Pasture/Hay","No","No tile in basin but in surrounding area in waterways","Kewaunee loam","Moderate-infiltration","Well drained",6,0.475,2010,"Pre-growing season",1,0,0,0,0,0,1,1,1,1,1,1,"Previous crop",0,"Current post-growing season + pre-growing season",1,"Yes"
"USGS-435414087471400","K8",0,0,0,"Non-Frozen","Storm","2010-12",1,2010-06-15 20:45:00,2010-06-16 06:30:00,8562,0.6795,12.1158,7,1.730756,10.9728,8.2296,6.4008,5.0292,3.6576,273.6,0.5418,303.5,0.6009,7.8232,8.5852,41.6052,68.8848,18,9.62,1.92,296,158,31.6,1.52,0.812,0.162,1.84,0.983,0.197,,,,,362,5,217800,11.9820826446281,"Surface","Dairy","Grass Pasture","Pasture/Hay","Pasture/Hay","No","No tile in basin but in surrounding area in waterways","Kewaunee loam","Moderate-infiltration","Well drained",6,0.475,2010,"Growing season",1,0,0,0,0,0,1,1,1,1,1,1,"Current crop",0,"Current pre-growing season + growing season",,
"USGS-435414087471400","K8",0,0,0,"Non-Frozen","Storm","2010-13",1,2010-06-24 01:45:00,2010-06-24 03:45:00,693.2,0.5592,17.7038,0.4833,36.6268,117.348,91.1352,64.4144,35.4076,17.7038,726.9,10.13,711.3,9.916,7.3152,12.573,12.8016,55.0926,97,4.2,0.84,200,8.65,1.73,1.01,0.0435,0.00871,1.91,0.0827,0.0165,,,,,363,5,217800,0.970098071625345,"Surface","Dairy","Grass Pasture","Pasture/Hay","Pasture/Hay","No","No tile in basin but in surrounding area in waterways","Kewaunee loam","Moderate-infiltration","Well drained",6,0.475,2010,"Growing season",1,0,0,0,0,0,1,1,1,1,1,1,"Current crop",0,"Current pre-growing season + growing season",,
"USGS-435414087471400","K8",0,0,0,"Non-Frozen","Storm","2010-15",1,2010-07-15 05:45:00,2010-07-15 13:15:00,3000,0.3528,25.4762,4.333,5.8801,109.728,71.9328,50.6984,27.178,14.732,812.7,8.695,847.6,9.069,22.987,22.987,28.702,38.354,11,2.06,0.412,406,76,15.2,3.15,0.59,0.118,3.5,0.655,0.131,,,,,364,5,217800,4.19834710743802,"Surface","Dairy","Grass Pasture","Pasture/Hay","Pasture/Hay","No","No tile in basin but in surrounding area in waterways","Kewaunee loam","Moderate-infiltration","Well drained",6,0.475,2010,"Growing season",1,0,0,0,0,0,1,1,1,1,1,1,"Current crop",0,"Current pre-growing season + growing season",,
"USGS-435414087471400","K8",0,0,0,"Non-Frozen","Storm","2010-17",1,2010-07-22 18:00:00,2010-07-23 02:00:00,13640,3.541,43.688,7.55,5.78612,65.532,55.626,45.72,34.5948,24.9428,1414,19.26,1433,19.52,0,17.653,24.0792,78.0288,34,28.9,5.79,168,143,28.6,0.931,0.793,0.159,2.1,1.79,0.358,,,,,365,5,217800,19.0884848484848,"Surface","Dairy","Grass Pasture","Pasture/Hay","Pasture/Hay","No","No tile in basin but in surrounding area in waterways","Kewaunee loam","Moderate-infiltration","Well drained",6,0.475,2010,"Growing season",1,0,0,0,0,0,1,1,1,1,1,1,"Current crop",0,"Current pre-growing season + growing season",,
"USGS-435414087471400","K8",0,0,0,"Non-Frozen","Storm","2010-18",1,2010-07-24 09:15:00,2010-07-24 15:30:00,1286,0.2345,11.557,3.25,3.556,39.624,22.5552,16.8656,8.89,5.3594,328.9,1.151,342.6,1.199,0,43.688,67.7672,121.7168,14,1.12,0.225,428,34.4,6.87,1.66,0.133,0.0267,2,0.161,0.0321,,,,,366,5,217800,1.7996914600551,"Surface","Dairy","Grass Pasture","Pasture/Hay","Pasture/Hay","No","No tile in basin but in surrounding area in waterways","Kewaunee loam","Moderate-infiltration","Well drained",6,0.475,2010,"Growing season",1,0,0,0,0,0,1,1,1,1,1,1,"Current crop",0,"Current pre-growing season + growing season",,
"USGS-435414087471400","K8",0,0,0,"Non-Frozen","Storm","2010-19",1,2010-08-11 15:00:00,2010-08-11 18:15:00,2573,0.7522,30.607,5.05,6.06044,57.912,50.292,43.8912,31.5976,18.3134,1143,14.22,1091,13.57,0,0.2286,9.3726,18.0594,36,5.78,1.16,192,30.8,6.17,3.34,0.536,0.107,3.82,0.614,0.123,,,,,367,5,217800,3.60078236914601,"Surface","Dairy","Grass Pasture","Pasture/Hay","Pasture/Hay","No","No tile in basin but in surrounding area in waterways","Kewaunee loam","Moderate-infiltration","Well drained",6,0.475,2010,"Growing season",1,0,0,0,0,0,1,1,1,1,1,1,"Current crop",0,"Current pre-growing season + growing season",,
"USGS-435414087471400","K8",0,0,0,"Frozen","Storm","2011-2",1,2011-03-15 20:00:00,2011-03-16 06:30:00,1650,0.08022,0,,,,,,,,,,,,0,0,5.0292,11.2014,19,1.96,0.392,352,36.3,7.25,1.02,0.105,0.021,1.13,0.117,0.0233,,,,,368,5,217800,2.30909090909091,"Surface","Dairy","Grass Pasture","Pasture/Hay","Pasture/Hay","No","No tile in basin but in surrounding area in waterways","Kewaunee loam","Moderate-infiltration","Well drained",6,0.475,2011,"Pre-growing season",1,0,0,0,0,0,1,1,1,1,1,1,"Previous crop",0,"Current post-growing season + pre-growing season",1,"Yes"
"USGS-435414087471400","K8",0,0,0,"Frozen","Storm","2011-3",1,2011-03-16 17:45:00,2011-03-17 05:00:00,3710,0.1898,0,,,,,,,,,,,,0,0,5.0292,11.2014,25,5.79,1.16,278,64.4,12.9,0.846,0.196,0.0392,0.934,0.216,0.0433,,,,,369,5,217800,5.19195592286501,"Surface","Dairy","Grass Pasture","Pasture/Hay","Pasture/Hay","No","No tile in basin but in surrounding area in waterways","Kewaunee loam","Moderate-infiltration","Well drained",6,0.475,2011,"Pre-growing season",1,0,0,0,0,0,1,1,1,1,1,1,"Previous crop",0,"Current post-growing season + pre-growing season",1,"Yes"
"USGS-435414087471400","K8",0,0,0,"Frozen","Storm","2011-4",1,2011-03-17 14:45:00,2011-03-18 06:15:00,5279,0.2634,0,,,,,,,,,,,,0,0,0,11.2014,25,8.24,1.65,222,73.2,14.6,0.677,0.223,0.0446,0.721,0.238,0.0475,,,,,370,5,217800,7.3876914600551,"Surface","Dairy","Grass Pasture","Pasture/Hay","Pasture/Hay","No","No tile in basin but in surrounding area in waterways","Kewaunee loam","Moderate-infiltration","Well drained",6,0.475,2011,"Pre-growing season",1,0,0,0,0,0,1,1,1,1,1,1,"Previous crop",0,"Current post-growing season + pre-growing season",1,"Yes"
"USGS-435414087471400","K8",0,0,0,"Frozen","Storm","2011-6",1,2011-03-20 18:00:00,2011-03-21 04:00:00,1754,0.1958,10.7442,8.7,1.234948,8.2296,6.858,7.3152,6.4008,5.0292,226.9,0.5718,262,0.6601,0,0,0,5.0292,30,3.29,0.657,262,28.7,5.74,0.649,0.0711,0.0142,0.718,0.0786,0.0157,,,,,371,5,217800,2.45463360881543,"Surface","Dairy","Grass Pasture","Pasture/Hay","Pasture/Hay","No","No tile in basin but in surrounding area in waterways","Kewaunee loam","Moderate-infiltration","Well drained",6,0.475,2011,"Pre-growing season",1,0,0,0,0,0,1,1,1,1,1,1,"Previous crop",0,"Current post-growing season + pre-growing season",1,"Yes"
"USGS-435414087471400","K8",0,0,0,"Non-Frozen","Storm","2011-12",2,2011-04-16 01:15:00,2011-04-16 18:00:00,4542,0.4052,31.1404,16.8,1.853692,33.528,19.5072,14.8336,10.9728,7.7724,756.8,3.269,818.1,3.534,0,0.4572,6.9342,21.336,15,4.25,0.851,266,75.4,15.1,0.813,0.23,0.0461,1.03,0.291,0.0583,,,,,372,5,217800,6.35629752066116,"Surface","Dairy","Grass Pasture","Pasture/Hay","Pasture/Hay","No","No tile in basin but in surrounding area in waterways","Kewaunee loam","Moderate-infiltration","Well drained",6,0.475,2011,"Pre-growing season",1,0,0,0,0,0,1,1,1,1,1,1,"Previous crop",0,"Current post-growing season + pre-growing season",1,"Yes"
"USGS-435414087471400","K8",0,0,0,"Non-Frozen","Storm","2011-16",1,2011-04-23 00:45:00,2011-04-23 11:00:00,1945,0.15,7.0866,4.7,1.507744,13.716,8.2296,6.4008,4.1148,3.429,142,0.2301,164.9,0.2671,0.6858,0.6858,38.4556,49.9618,2,0.121,0.0243,330,40.1,8.01,0.386,0.0469,0.00937,0.46,0.0559,0.0112,"<",,,,373,5,217800,2.72192837465565,"Surface","Dairy","Grass Pasture","Pasture/Hay","Pasture/Hay","No","No tile in basin but in surrounding area in waterways","Kewaunee loam","Moderate-infiltration","Well drained",6,0.475,2011,"Pre-growing season",1,0,0,0,0,0,1,1,1,1,1,1,"Previous crop",0,"Current post-growing season + pre-growing season",1,"Yes"
"USGS-435414087471400","K8",0,0,0,"Non-Frozen","Storm","2011-17",1,2011-04-26 09:30:00,2011-04-26 21:00:00,11120,0.9344,29.9466,13.53,2.212848,13.716,9.6012,9.144,8.2296,7.5438,688.1,2.229,779.5,2.526,0,0,17.145,50.5714,12,8.33,1.67,202,140,28,0.554,0.385,0.0769,0.692,0.48,0.0961,,,,,374,5,217800,15.5618732782369,"Surface","Dairy","Grass Pasture","Pasture/Hay","Pasture/Hay","No","No tile in basin but in surrounding area in waterways","Kewaunee loam","Moderate-infiltration","Well drained",6,0.475,2011,"Pre-growing season",1,0,0,0,0,0,1,1,1,1,1,1,"Previous crop",0,"Current post-growing season + pre-growing season",1,"Yes"
"USGS-435414087471400","K8",0,0,0,"Non-Frozen","Storm","2011-20",1,2011-06-24 02:00:00,2011-06-24 05:30:00,847.3,0.1814,28.1686,12.43,2.26568,25.2984,19.5072,15.748,15.1892,9.8806,720.8,4.31,769.8,4.604,1.8288,32.9184,40.9194,58.1914,20,1.06,0.212,200,10.6,2.12,1.29,0.0684,0.0137,1.44,0.0764,0.0153,,,,,375,5,217800,1.18575316804408,"Surface","Dairy","Grass Pasture","Pasture/Hay","Pasture/Hay","No","No tile in basin but in surrounding area in waterways","Kewaunee loam","Moderate-infiltration","Well drained",6,0.475,2011,"Growing season",1,0,0,0,0,0,1,1,1,1,1,1,"Current crop",0,"Current pre-growing season + growing season",,
"USGS-442405087414401","KD1",0,0,0,"Frozen","Storm","2019-7",1,2018-12-27 14:31:00,2018-12-28 19:00:00,5552,0.2606,9.144,26.23,0.348488,6.096,3.048,3.048,2.54,2.54,145.9,0.1459,164.9,0.1649,0.762,0.762,1.778,2.794,13000,4500,1730,,,,0.022,0.00762,0.00293,2.92,1.01,0.389,,,,,376,2.63,114562.8,14.7713708114676,"Surface","Dairy","Corn","Cultivated Crops","Cultivated Crops","No",,"Waymor silt loam","Moderate-infiltration","Well drained",3.92,0.225,2019,"Post-growing season",1,0,0,0,0,,1,0,0,0,0,0,"Previous crop",,"Previous growing season + current post-growing season",0,"No"
"USGS-442405087414401","KD1",0,0,0,"Frozen","Storm","2019-9",1,2019-02-03 11:45:00,2019-02-05 12:57:00,11390,0.2877,6.858,28.92,0.2371598,9.144,7.62,7.112,5.588,4.318,139.6,0.3072,146.7,0.3228,0.762,0.762,0.762,0.762,3400,2420,929,,,,0.062,0.0441,0.017,1.24,0.882,0.339,,,,,377,2.63,114562.8,30.3036587792896,"Surface","Dairy","Corn","Cultivated Crops","Cultivated Crops","No",,"Waymor silt loam","Moderate-infiltration","Well drained",3.92,0.225,2019,"Pre-growing season",1,0,0,0,0,,1,0,0,0,0,0,"Previous crop",0,"Current post-growing season + pre-growing season",0,"No"
"USGS-442405087414401","KD1",0,0,0,"Frozen","Storm","2019-10",3,2019-03-12 20:30:00,2019-03-20 15:30:00,57030,0.9557,21.082,62.18,0.33909,12.192,9.144,7.112,5.08,3.81,399.1,0.7981,450.1,0.9002,0,0,1.778,1.778,4200,15000,5760,,,,0.05,0.178,0.0683,1.5,5.34,2.05,,,,,378,2.63,114562.8,151.731137856268,"Surface","Dairy","Corn","Cultivated Crops","Cultivated Crops","No",,"Waymor silt loam","Moderate-infiltration","Well drained",3.92,0.225,2019,"Pre-growing season",1,0,0,0,0,,1,0,0,0,0,0,"Previous crop",0,"Current post-growing season + pre-growing season",0,"No"
"USGS-442405087414401","KD1",0,0,0,"Non-Frozen","Storm","2019-11",1,2019-04-07 20:30:00,2019-04-08 21:00:00,261.6,0.0298,6.858,3.4,2.017014,9.144,9.144,8.128,6.604,4.572,150.1,0.3902,172.4,0.4481,0.254,0.762,2.794,2.794,1560,25.4,9.79,,,,0.022,0.000359,0.000138,2.81,0.0459,0.0177,,,,,379,2.63,114562.8,0.695999748609496,"Surface","Dairy","Corn","Cultivated Crops","Cultivated Crops","No",,"Waymor silt loam","Moderate-infiltration","Well drained",3.92,0.225,2019,"Pre-growing season",1,0,0,0,0,,1,0,0,0,0,0,"Previous crop",0,"Current post-growing season + pre-growing season",0,"No"
"USGS-442405087414401","KD1",0,0,0,"Non-Frozen","Storm","2019-13",1,2019-04-17 18:25:00,2019-04-19 17:00:00,3602,0.4009,22.352,19.82,1.128014,30.48,18.288,13.208,9.144,7.62,596.7,2.148,619.2,2.229,0,4.064,4.064,13.462,6420,1440,555,,,,0.044,0.0099,0.00381,9.16,2.06,0.792,,,,,380,2.63,114562.8,9.58329929086929,"Surface","Dairy","Corn","Cultivated Crops","Cultivated Crops","No",,"Waymor silt loam","Moderate-infiltration","Well drained",3.92,0.225,2019,"Pre-growing season",1,0,0,0,0,,1,0,0,0,0,0,"Previous crop",0,"Current post-growing season + pre-growing season",0,"No"
"USGS-442405087414401","KD1",0,0,0,"Non-Frozen","Storm","2019-14",1,2019-04-23 02:21:00,2019-04-23 14:46:00,365.5,0.092,13.97,8.5,1.643634,27.432,16.764,13.208,9.144,5.334,330.8,1.191,358.8,1.292,0,0,26.416,27.178,1870,42.8,16.4,,,,0.033,0.000753,0.00029,3.47,0.0792,0.0305,,,,,381,2.63,114562.8,0.972430841424965,"Surface","Dairy","Corn","Cultivated Crops","Cultivated Crops","No",,"Waymor silt loam","Moderate-infiltration","Well drained",3.92,0.225,2019,"Pre-growing season",1,0,0,0,0,,1,0,0,0,0,0,"Previous crop",0,"Current post-growing season + pre-growing season",0,"No"
"USGS-442405087414401","KD1",0,0,0,"Non-Frozen","Storm","2019-21",1,2019-05-27 21:36:00,2019-05-29 05:00:00,3436,0.236,30.226,13.52,2.236216,12.192,9.144,8.128,6.604,6.096,689.8,1.794,790.9,2.056,0,0,18.034,44.704,588,126,48.5,,,,0.038,0.00815,0.00314,0.943,0.202,0.0778,,,,,382,2.63,114562.8,9.141648074244,"Surface","Dairy","Corn","Cultivated Crops","Cultivated Crops","No",,"Waymor silt loam","Moderate-infiltration","Well drained",3.92,0.225,2019,"Pre-growing season",1,0,0,0,0,,1,0,0,0,0,0,"Previous crop",0,"Current post-growing season + pre-growing season",0,"No"
"USGS-442405087414401","KD1",0,0,0,"Non-Frozen","Storm","2019-30",1,2019-08-07 23:19:00,2019-08-08 02:30:00,1415,0.6933,42.418,4.167,10.18032,76.2,59.436,45.72,42.164,21.082,1667,27.67,1612,26.76,0,27.432,29.21,37.338,2050,181,69.7,,,,0.145,0.0128,0.00493,2.94,0.26,0.0999,,,,,383,2.63,114562.8,3.76467753930595,"Surface","Dairy","Corn","Cultivated Crops","Cultivated Crops","No",,"Waymor silt loam","Moderate-infiltration","Well drained",3.92,0.225,2019,"Growing season",1,0,0,0,0,,1,0,0,0,0,0,"Current crop",0,"Current pre-growing season + growing season",,
"USGS-442405087414401","KD1",0,0,0,"Non-Frozen","Storm","2019-32",1,2019-08-27 00:01:00,2019-08-27 03:45:00,531.6,0.1905,39.878,7.45,5.35178,36.576,27.432,24.384,19.304,13.97,1220,9.271,1233,9.371,8.89,8.89,8.89,23.622,282,9.36,3.6,,,,0.134,0.00445,0.00171,0.629,0.0209,0.00803,,,,,384,2.63,114562.8,1.41434811300003,"Surface","Dairy","Corn","Cultivated Crops","Cultivated Crops","No",,"Waymor silt loam","Moderate-infiltration","Well drained",3.92,0.225,2019,"Growing season",1,0,0,0,0,,1,0,0,0,0,0,"Current crop",0,"Current pre-growing season + growing season",,
"USGS-442405087414401","KD1",0,0,0,"Non-Frozen","Storm","2019-34",1,2019-09-03 07:43:00,2019-09-03 16:00:00,3319,1.715,41.91,7.417,5.6515,73.152,60.96,51.816,32.512,19.304,1558,19.94,1508,19.3,0,0,12.192,60.96,1820,376,145,,,,0.122,0.0253,0.00972,2.66,0.551,0.212,,,,,385,2.63,114562.8,8.8303637830081,"Surface","Dairy","Corn","Cultivated Crops","Cultivated Crops","No",,"Waymor silt loam","Moderate-infiltration","Well drained",3.92,0.225,2019,"Growing season",1,0,0,0,0,,1,0,0,0,0,0,"Current crop",0,"Current pre-growing season + growing season",,
"USGS-442405087414401","KD1",0,0,0,"Non-Frozen","Storm","2019-35",1,2019-09-10 06:00:00,2019-09-10 19:00:00,12720,8.101,61.468,8.383,7.33298,137.16,115.824,95.504,67.564,38.608,2163,57.54,2168,57.68,0.254,0.254,46.228,58.42,1700,1350,520,,,,0.158,0.126,0.0483,2.08,1.65,0.636,,,,,386,2.63,114562.8,33.8421896112874,"Surface","Dairy","Corn","Cultivated Crops","Cultivated Crops","No",,"Waymor silt loam","Moderate-infiltration","Well drained",3.92,0.225,2019,"Growing season",1,0,0,0,0,,1,0,0,0,0,0,"Current crop",0,"Current pre-growing season + growing season",,
"USGS-442405087414401","KD1",0,0,0,"Non-Frozen","Storm","2019-36",1,2019-09-11 14:15:00,2019-09-12 20:15:00,6921,1.184,25.4,7.55,3.3655,42.672,30.48,20.32,12.7,9.652,802.7,4.014,798.3,3.991,0,61.722,65.786,118.364,704,304,117,,,,0.122,0.0527,0.0203,1.27,0.549,0.211,,,,,387,2.63,114562.8,18.4136630738774,"Surface","Dairy","Corn","Cultivated Crops","Cultivated Crops","No",,"Waymor silt loam","Moderate-infiltration","Well drained",3.92,0.225,2019,"Growing season",1,0,0,0,0,,1,0,0,0,0,0,"Current crop",0,"Current pre-growing season + growing season",,
"USGS-442405087414401","KD1",0,0,0,"Non-Frozen","Storm","2019-37",1,2019-09-13 03:00:00,2019-09-13 20:30:00,3195,0.8274,12.954,6.867,1.886458,24.384,19.812,17.272,11.176,7.366,356.1,1.567,367.3,1.616,0,25.4,87.376,133.096,849,169,65.1,,,,0.112,0.0223,0.00859,1.68,0.335,0.129,,,,,388,2.63,114562.8,8.500455645288,"Surface","Dairy","Corn","Cultivated Crops","Cultivated Crops","No",,"Waymor silt loam","Moderate-infiltration","Well drained",3.92,0.225,2019,"Growing season",1,0,0,0,0,,1,0,0,0,0,0,"Current crop",0,"Current pre-growing season + growing season",,
"USGS-442405087414401","KD1",0,0,0,"Non-Frozen","Storm","2019-40",1,2019-09-22 07:15:00,2019-09-23 16:15:00,4336,0.7572,21.336,22.5,0.948182,33.528,25.908,21.336,14.224,9.398,550,3.08,581.7,3.258,0,0.254,21.336,121.666,849,230,88.4,,,,0.13,0.0352,0.0135,1.61,0.436,0.168,,,,,389,2.63,114562.8,11.5361426222124,"Surface","Dairy","Corn","Cultivated Crops","Cultivated Crops","No",,"Waymor silt loam","Moderate-infiltration","Well drained",3.92,0.225,2019,"Growing season",1,0,0,0,0,,1,0,0,0,0,0,"Current crop",0,"Current pre-growing season + growing season",,
"USGS-442405087414401","KD1",0,0,0,"Non-Frozen","Storm","2020-1",1,2019-10-01 13:08:00,2019-10-02 14:00:00,8498,0.8992,38.862,22.23,1.748028,33.528,25.908,20.32,12.192,7.366,923.4,4.432,1008,4.839,0,5.588,17.78,60.452,1420,756,291,,,,0.122,0.0647,0.0249,2.13,1.13,0.435,,,,,390,2.63,114562.8,22.6093496318177,"Surface","Dairy","Corn","Cultivated Crops","Cultivated Crops","No",,"Waymor silt loam","Moderate-infiltration","Well drained",3.92,0.225,2020,"Post-growing season",1,0,0,0,0,0,1,0,0,0,0,0,"Previous crop",0,"Previous growing season + current post-growing season",0,"No"
"USGS-442405087414401","KD1",0,0,0,"Non-Frozen","Storm","2020-3",1,2019-10-05 19:25:00,2019-10-06 04:45:00,1383,0.1275,8.89,7.233,1.229106,9.144,6.096,6.096,4.572,3.556,168.8,0.3039,199.4,0.3589,0,0,54.61,87.376,563,48.6,18.7,,,,0.117,0.0101,0.00388,1.03,0.0889,0.0342,,,,,391,2.63,114562.8,3.67953995537819,"Surface","Dairy","Corn","Cultivated Crops","Cultivated Crops","No",,"Waymor silt loam","Moderate-infiltration","Well drained",3.92,0.225,2020,"Post-growing season",1,0,0,0,0,0,1,0,0,0,0,0,"Previous crop",0,"Previous growing season + current post-growing season",0,"No"
"USGS-442405087414401","KD1",0,0,0,"Non-Frozen","Storm","2020-4",1,2019-10-11 13:00:00,2019-10-11 21:00:00,4789,0.642,24.384,8.1,3.0099,27.432,21.336,16.256,9.144,7.366,634.8,2.285,677.4,2.439,3.556,3.556,12.446,73.406,666,199,76.6,,,,0.148,0.0442,0.017,1.54,0.46,0.177,,,,,392,2.63,114562.8,12.7413715446899,"Surface","Dairy","Corn","Cultivated Crops","Cultivated Crops","No",,"Waymor silt loam","Moderate-infiltration","Well drained",3.92,0.225,2020,"Post-growing season",1,0,0,0,0,0,1,0,0,0,0,0,"Previous crop",0,"Previous growing season + current post-growing season",0,"No"
"USGS-442405087414401","KD1",0,0,0,"Non-Frozen","Storm","2020-6",1,2019-10-21 17:15:00,2019-10-22 01:15:00,1775,0.3145,12.446,5.183,2.401062,12.192,10.668,9.144,7.112,4.318,293.6,0.8221,325.6,0.9116,0,0.254,9.652,38.608,3010,333,128,,,,0.032,0.00355,0.00136,6.03,0.668,0.257,,,,,393,2.63,114562.8,4.72247535849333,"Surface","Dairy","Corn","Cultivated Crops","Cultivated Crops","No",,"Waymor silt loam","Moderate-infiltration","Well drained",3.92,0.225,2020,"Post-growing season",1,0,0,0,0,0,1,0,0,0,0,0,"Previous crop",0,"Previous growing season + current post-growing season",0,"No"
"USGS-442405087414401","KD1",0,0,0,"Non-Frozen","Storm","2020-7",1,2019-10-27 03:51:00,2019-10-27 11:15:00,1144,0.1379,10.414,6.467,1.61036,6.096,6.096,5.08,4.572,4.064,198.4,0.3572,238.3,0.4289,0,0,14.224,23.876,1740,124,47.8,,,,0.019,0.00136,0.000522,3.75,0.268,0.103,,,,,394,2.63,114562.8,3.04366862541768,"Surface","Dairy","Corn","Cultivated Crops","Cultivated Crops","No",,"Waymor silt loam","Moderate-infiltration","Well drained",3.92,0.225,2020,"Post-growing season",1,0,0,0,0,0,1,0,0,0,0,0,"Previous crop",0,"Previous growing season + current post-growing season",0,"No"
"USGS-442405087414401","KD1",0,0,0,"Non-Frozen","Storm","2020-13",1,2019-11-21 08:35:00,2019-11-21 21:00:00,5460,0.3184,23.114,10.37,2.229612,12.192,7.62,7.112,6.604,5.08,467.7,1.216,556.4,1.447,0,0,2.54,2.794,966,329,127,,,,0.008,0.00273,0.00105,1.76,0.6,0.231,,,,,395,2.63,114562.8,14.5266002576753,"Surface","Dairy","Corn","Cultivated Crops","Cultivated Crops","No",,"Waymor silt loam","Moderate-infiltration","Well drained",3.92,0.225,2020,"Post-growing season",1,0,0,0,0,0,1,0,0,0,0,0,"Previous crop",0,"Previous growing season + current post-growing season",0,"No"
"USGS-442405087414401","KD1",0,0,0,"Non-Frozen","Storm","2020-14",1,2019-11-27 05:56:00,2019-11-27 22:15:00,7325,0.6278,29.718,15.82,1.878838,12.192,10.668,9.144,8.636,7.874,677.2,2.302,762.6,2.593,0.254,0.254,23.368,25.908,3620,1650,636,,,,0.036,0.0165,0.00633,5.95,2.72,1.05,,,,,396,2.63,114562.8,19.4885250709654,"Surface","Dairy","Corn","Cultivated Crops","Cultivated Crops","No",,"Waymor silt loam","Moderate-infiltration","Well drained",3.92,0.225,2020,"Post-growing season",1,0,0,0,0,0,1,0,0,0,0,0,"Previous crop",0,"Previous growing season + current post-growing season",0,"No"
"USGS-442405087414401","KD1",0,0,0,"Non-Frozen","Storm","2020-21",1,2019-12-29 06:20:00,2019-12-29 21:01:00,5653,0.4292,20.32,9.467,2.146554,12.192,9.144,8.128,5.588,4.318,431.1,0.9483,508.1,1.118,1.27,1.27,1.27,1.27,2650,935,360,,,,0.157,0.0554,0.0213,3.21,1.13,0.436,,,,,397,2.63,114562.8,15.0400863107396,"Surface","Dairy","Corn","Cultivated Crops","Cultivated Crops","No",,"Waymor silt loam","Moderate-infiltration","Well drained",3.92,0.225,2020,"Post-growing season",1,0,0,0,0,0,1,0,0,0,0,0,"Previous crop",0,"Previous growing season + current post-growing season",0,"No"
"USGS-442405087414401","KD1",0,0,0,"Frozen","Storm","2020-28",1,2020-03-02 08:00:00,2020-03-03 04:05:00,2561,0.0947,0,,,,,,,,,,,,0,0,0,0,94,15,5.78,,,,0.149,0.0238,0.00916,0.251,0.0401,0.0154,,,,,398,2.63,114562.8,6.81366726371911,"Surface","Dairy","Corn","Cultivated Crops","Cultivated Crops","No",,"Waymor silt loam","Moderate-infiltration","Well drained",3.92,0.225,2020,"Pre-growing season",1,0,0,0,0,0,1,0,0,0,0,0,"Previous crop",0,"Current post-growing season + pre-growing season",0,"No"
"USGS-442405087414401","KD1",0,0,0,"Frozen","Storm","2020-29",1,2020-03-04 20:00:00,2020-03-08 00:31:00,4694,0.1428,1.27,10.5,0.1209548,3.048,3.048,2.032,1.016,0.508,22.3,0.008922,17.04,0.006814,0,0,0,0,42,12.3,4.73,,,,0.122,0.0357,0.0137,0.221,0.0648,0.0249,,,,,399,2.63,114562.8,12.4886193424043,"Surface","Dairy","Corn","Cultivated Crops","Cultivated Crops","No",,"Waymor silt loam","Moderate-infiltration","Well drained",3.92,0.225,2020,"Pre-growing season",1,0,0,0,0,0,1,0,0,0,0,0,"Previous crop",0,"Current post-growing season + pre-growing season",0,"No"
"USGS-442405087414401","KD1",0,0,0,"Non-Frozen","Storm","2020-34",1,2020-03-19 19:15:00,2020-03-20 23:00:00,16780,1.048,47.244,15.22,3.10388,18.288,16.764,15.24,12.192,10.922,1316,6.315,1393,6.684,0,0,2.032,17.78,7760,8130,3130,,,,0.099,0.104,0.0399,8.4,8.8,3.39,,,,,400,2.63,114562.8,44.6440205721229,"Surface","Dairy","Corn","Cultivated Crops","Cultivated Crops","No",,"Waymor silt loam","Moderate-infiltration","Well drained",3.92,0.225,2020,"Pre-growing season",1,0,0,0,0,0,1,0,0,0,0,0,"Previous crop",0,"Current post-growing season + pre-growing season",0,"No"
"USGS-442405087414401","KD1",0,0,0,"Non-Frozen","Storm","2020-38",1,2020-03-28 20:00:00,2020-03-29 09:00:00,7695,0.5474,16.256,9.967,1.630934,24.384,15.24,11.176,6.604,4.318,363.3,0.9445,405.1,1.053,8.128,8.128,19.05,66.294,70100,33700,12900,,,,0.093,0.0447,0.0172,13.2,6.34,2.44,,,,,401,2.63,114562.8,20.4729283851303,"Surface","Dairy","Corn","Cultivated Crops","Cultivated Crops","No",,"Waymor silt loam","Moderate-infiltration","Well drained",3.92,0.225,2020,"Pre-growing season",1,0,0,0,0,0,1,0,0,0,0,0,"Previous crop",0,"Current post-growing season + pre-growing season",0,"No"
"USGS-442405087414401","KD1",0,0,0,"Non-Frozen","Storm","2020-43",1,2020-05-17 19:44:00,2020-05-19 14:56:00,15290,0.9499,86.106,48.68,1.768602,24.384,18.288,19.304,14.732,10.668,1811,10.51,2099,12.17,0,0,3.302,3.302,39400,37600,14500,,,,0.125,0.119,0.0459,13.6,13,4.99,,,,,402,2.63,114562.8,40.6798018204862,"Surface","Dairy","Corn","Cultivated Crops","Cultivated Crops","No",,"Waymor silt loam","Moderate-infiltration","Well drained",3.92,0.225,2020,"Pre-growing season",1,0,0,0,0,0,1,0,0,0,0,0,"Previous crop",0,"Current post-growing season + pre-growing season",0,"No"
"USGS-442405087414401","KD1",0,0,0,"Non-Frozen","Storm","2020-46",1,2020-06-10 22:30:00,2020-06-11 03:50:00,2301,0.996,15.24,2.8,5.44322,45.72,36.576,30.48,21.844,12.192,499.5,4.295,493,4.24,11.684,11.684,14.478,45.212,4310,619,238,,,,0.061,0.00876,0.00337,4.34,0.623,0.24,,,,,403,2.63,114562.8,6.12192439430601,"Surface","Dairy","Corn","Cultivated Crops","Cultivated Crops","No",,"Waymor silt loam","Moderate-infiltration","Well drained",3.92,0.225,2020,"Growing season",1,0,0,0,0,0,1,0,0,0,0,0,"Current crop",0,"Current pre-growing season + growing season",,
"USGS-442405087414401","KD1",0,0,0,"Non-Frozen","Storm","2020-53",1,2020-07-29 00:03:00,2020-07-29 01:15:00,155.1,0.1206,17.526,0.9167,19.11858,45.72,35.052,30.48,24.892,17.526,655.7,6.426,623.7,6.112,0,0.762,7.366,37.084,873,8.45,3.25,,,,0.192,0.00186,0.000715,1.64,0.0159,0.00611,,,,,404,2.63,114562.8,0.412651227099896,"Surface","Dairy","Corn","Cultivated Crops","Cultivated Crops","No",,"Waymor silt loam","Moderate-infiltration","Well drained",3.92,0.225,2020,"Growing season",1,0,0,0,0,0,1,0,0,0,0,0,"Current crop",0,"Current pre-growing season + growing season",,
"USGS-442405087414401","KD1",0,0,0,"Non-Frozen","Storm","2021-3",1,2020-11-10 20:24:00,2020-11-11 03:00:00,1691,0.2388,27.432,4.5,6.096,76.2,44.196,31.496,18.796,9.398,936.6,6.931,936.2,6.928,3.048,3.302,3.302,3.302,644,68,26.1,,,,0.333,0.0351,0.0135,1.46,0.154,0.0593,,,,,405,2.63,114562.8,4.49898920068294,"Surface","Dairy","Corn","Cultivated Crops","Cultivated Crops","No",,"Waymor silt loam","Moderate-infiltration","Well drained",3.92,0.225,2021,"Post-growing season",1,0,0,0,0,0,1,0,0,0,0,0,"Previous crop",0,"Previous growing season + current post-growing season",0,"No"
"USGS-442405087414401","KD1",0,0,0,"Non-Frozen","Storm","2021-4",1,2020-11-15 05:15:00,2020-11-15 20:15:00,2842,0.222,18.796,12.58,1.493774,27.432,19.812,15.24,9.652,5.08,450.1,1.71,486.6,1.849,0.762,4.064,34.798,34.798,334,59.3,22.8,,,,0.428,0.0759,0.0292,1.28,0.227,0.0873,,,,,406,2.63,114562.8,7.56128167258482,"Surface","Dairy","Corn","Cultivated Crops","Cultivated Crops","No",,"Waymor silt loam","Moderate-infiltration","Well drained",3.92,0.225,2021,"Post-growing season",1,0,0,0,0,0,1,0,0,0,0,0,"Previous crop",0,"Previous growing season + current post-growing season",0,"No"
"USGS-442405087414401","KD1",0,0,0,"Frozen","Storm","2021-10",1,2021-02-26 14:51:00,2021-03-01 03:52:00,6949,0.2038,0,,,,,,,,,,,,0,0,0.508,0.508,15,6.51,2.5,,,,0.347,0.151,0.0579,0.432,0.187,0.0721,,,,,407,2.63,114562.8,18.4881584598142,"Surface","Dairy","Corn","Cultivated Crops","Cultivated Crops","No",,"Waymor silt loam","Moderate-infiltration","Well drained",3.92,0.225,2021,"Pre-growing season",1,0,0,0,0,0,1,0,0,0,0,0,"Previous crop",0,"Current post-growing season + pre-growing season",0,"No"
"USGS-442405087414401","KD1",0,0,0,"Non-Frozen","Storm","2021-13",1,2021-04-11 05:57:00,2021-04-11 11:45:00,740.8,0.1119,26.416,11.15,2.369058,21.336,16.764,15.24,13.716,11.43,679,3.667,718.1,3.878,0.254,1.778,7.874,9.652,151,6.98,2.69,,,,0.082,0.00379,0.00146,0.539,0.0249,0.00959,,,,,408,2.63,114562.8,1.97093506792781,"Surface","Dairy","Corn","Cultivated Crops","Cultivated Crops","No",,"Waymor silt loam","Moderate-infiltration","Well drained",3.92,0.225,2021,"Pre-growing season",1,0,0,0,0,0,1,0,0,0,0,0,"Previous crop",0,"Current post-growing season + pre-growing season",0,"No"
"USGS-442405087414401","KD1",0,0,0,"Non-Frozen","Storm","2021-15",1,2021-06-30 22:37:00,2021-07-01 01:54:00,1151,0.8982,35.56,3.017,11.78814,131.064,103.632,85.344,56.388,31.75,1403,31.16,1361,30.2,5.588,6.604,73.66,83.312,1040,74.4,28.6,,,,0.634,0.0456,0.0175,2.56,0.184,0.0708,,,,,409,2.63,114562.8,3.06229247190187,"Surface","Dairy","Corn","Cultivated Crops","Cultivated Crops","No",,"Waymor silt loam","Moderate-infiltration","Well drained",3.92,0.225,2021,"Growing season",1,0,0,0,0,0,1,0,0,0,0,0,"Current crop",0,"Current pre-growing season + growing season",,
"USGS-442405087414401","KD1",0,0,0,"Non-Frozen","Storm","2021-16",1,2021-07-06 20:50:00,2021-07-07 22:38:00,2264,0.09813,52.578,25.37,2.07264,76.2,59.436,44.704,36.068,20.066,1508,21.42,1558,22.13,0,0,41.402,109.474,5,0.707,0.272,,,,0.114,0.0161,0.0062,0.163,0.023,0.00886,,,,,410,2.63,114562.8,6.02348406288952,"Surface","Dairy","Corn","Cultivated Crops","Cultivated Crops","No",,"Waymor silt loam","Moderate-infiltration","Well drained",3.92,0.225,2021,"Growing season",1,0,0,0,0,0,1,0,0,0,0,0,"Current crop",0,"Current pre-growing season + growing season",,
"USGS-442405087414401","KD1",0,0,0,"Non-Frozen","Storm","2021-17",1,2021-07-15 02:13:00,2021-07-15 11:32:00,7998,2.38,60.452,8.3,7.28218,85.344,64.008,54.864,40.64,33.02,1998,31.96,2013,32.2,10.414,10.414,10.922,67.056,143,71.4,27.5,,,,0.121,0.0604,0.0232,0.429,0.214,0.0824,,,,,411,2.63,114562.8,21.2790748829463,"Surface","Dairy","Corn","Cultivated Crops","Cultivated Crops","No",,"Waymor silt loam","Moderate-infiltration","Well drained",3.92,0.225,2021,"Growing season",1,0,0,0,0,0,1,0,0,0,0,0,"Current crop",0,"Current pre-growing season + growing season",,
"USGS-442405087414401","KD1",0,0,0,"Non-Frozen","Storm","2021-18",1,2021-08-08 08:39:00,2021-08-08 15:13:00,3273,1.328,61.214,5.867,10.43432,88.392,68.58,50.8,29.464,19.812,2223,25.79,2191,25.42,12.192,12.192,12.7,38.608,22,4.5,1.73,,,,0.265,0.0541,0.0208,0.4,0.0817,0.0314,,,,,412,2.63,114562.8,8.70797850611193,"Surface","Dairy","Corn","Cultivated Crops","Cultivated Crops","No",,"Waymor silt loam","Moderate-infiltration","Well drained",3.92,0.225,2021,"Growing season",1,0,0,0,0,0,1,0,0,0,0,0,"Current crop",0,"Current pre-growing season + growing season",,
"USGS-442405087414401","KD1",0,0,0,"Non-Frozen","Storm","2021-19",1,2021-08-11 00:54:00,2021-08-11 06:04:00,5189,1.838,35.052,2.083,16.82496,79.248,67.056,58.928,42.164,34.29,1421,23.6,1356,22.52,0,2.54,77.47,83.566,59,19.1,7.35,,,,0.2,0.0648,0.0249,0.41,0.133,0.0511,,,,,413,2.63,114562.8,13.805591343787,"Surface","Dairy","Corn","Cultivated Crops","Cultivated Crops","No",,"Waymor silt loam","Moderate-infiltration","Well drained",3.92,0.225,2021,"Growing season",1,0,0,0,0,0,1,0,0,0,0,0,"Current crop",0,"Current pre-growing season + growing season",,
"USGS-442405087414401","KD1",0,0,0,"Non-Frozen","Storm","2021-20",1,2021-08-28 06:21:00,2021-08-29 13:37:00,4852,1.764,49.53,26.52,1.867916,79.248,67.056,56.896,40.132,23.114,1841,29.08,1767,27.91,28.448,28.448,36.068,36.068,69,20.9,8.04,,,,0.211,0.0639,0.0246,0.394,0.119,0.0459,,,,,414,2.63,114562.8,12.9089861630477,"Surface","Dairy","Corn","Cultivated Crops","Cultivated Crops","No",,"Waymor silt loam","Moderate-infiltration","Well drained",3.92,0.225,2021,"Growing season",1,0,0,0,0,0,1,0,0,0,0,0,"Current crop",0,"Current pre-growing season + growing season",,
"USGS-442405087414401","KD1",0,0,0,"Frozen","Storm","2022-4",1,2022-02-16 17:08:00,2022-02-17 02:13:00,1462,0.0757,0,,,,,,,,,,,,0,0,1.524,1.524,9,0.821,0.316,,,,3.72,0.34,0.131,3.84,0.35,0.135,,,,,415,2.63,114562.8,3.88972336569986,"Surface","Dairy","Corn","Cultivated Crops","Cultivated Crops","No",,"Waymor silt loam","Moderate-infiltration","Well drained",3.92,0.225,2022,"Pre-growing season",1,0,0,0,0,0,1,0,0,0,0,0,"Previous crop",0,"Current post-growing season + pre-growing season",0,"No"
"USGS-442405087414401","KD1",0,0,0,"Frozen","Storm","2022-12",1,2022-03-30 10:30:00,2022-03-31 20:55:00,16900,1.414,43.688,23.45,1.86309,128.016,76.2,53.848,29.972,17.272,1140,13.45,1238,14.61,1.016,1.016,14.478,55.118,47,49.6,19.1,,,,2.04,2.15,0.828,2.18,2.3,0.885,,,,,416,2.63,114562.8,44.963286511852,"Surface","Dairy","Corn","Cultivated Crops","Cultivated Crops","No",,"Waymor silt loam","Moderate-infiltration","Well drained",3.92,0.225,2022,"Pre-growing season",1,0,0,0,0,0,1,0,0,0,0,0,"Previous crop",0,"Current post-growing season + pre-growing season",0,"No"
"USGS-442405087414401","KD1",0,0,0,"Non-Frozen","Storm","2022-16",1,2022-04-12 23:43:00,2022-04-14 19:15:00,4392,0.1713,16.002,30.95,0.517144,21.336,15.24,12.192,7.62,5.588,326.1,0.9782,359.8,1.08,0,0,18.542,80.01,13,3.56,1.37,,,,0.758,0.208,0.0799,0.854,0.234,0.09,,,,,417,2.63,114562.8,11.685133394086,"Surface","Dairy","Corn","Cultivated Crops","Cultivated Crops","No",,"Waymor silt loam","Moderate-infiltration","Well drained",3.92,0.225,2022,"Pre-growing season",1,0,0,0,0,0,1,0,0,0,0,0,"Previous crop",0,"Current post-growing season + pre-growing season",0,"No"
"USGS-442405087414401","KD1",0,0,0,"Non-Frozen","Storm","2022-17",1,2022-04-21 01:31:00,2022-04-21 17:30:00,2408,0.3399,17.78,10.38,1.712468,12.192,10.668,10.16,8.128,6.096,377.6,1.208,438.5,1.403,0,0.254,14.224,23.368,104,15.6,6.01,,,,0.671,0.101,0.0388,1.02,0.153,0.059,,,,,418,2.63,114562.8,6.40660319056448,"Surface","Dairy","Corn","Cultivated Crops","Cultivated Crops","No",,"Waymor silt loam","Moderate-infiltration","Well drained",3.92,0.225,2022,"Pre-growing season",1,0,0,0,0,0,1,0,0,0,0,0,"Previous crop",0,"Current post-growing season + pre-growing season",0,"No"
"USGS-442405087414401","KD1",0,0,0,"Non-Frozen","Storm","2022-18",1,2022-05-01 00:21:00,2022-05-01 20:30:00,1735,0.3136,14.986,3.733,4.0132,24.384,19.812,19.304,14.732,12.7,493.1,2.86,483,2.801,5.842,5.842,12.7,38.354,214,23.2,8.91,,,,0.484,0.0524,0.0202,1.14,0.123,0.0475,,,,,419,2.63,114562.8,4.61605337858362,"Surface","Dairy","Corn","Cultivated Crops","Cultivated Crops","No",,"Waymor silt loam","Moderate-infiltration","Well drained",3.92,0.225,2022,"Pre-growing season",1,0,0,0,0,0,1,0,0,0,0,0,"Previous crop",0,"Current post-growing season + pre-growing season",0,"No"
"USGS-442405087414401","KD1",0,0,0,"Non-Frozen","Storm","2022-21",1,2022-08-13 17:36:00,2022-08-13 22:45:00,429.1,0.111,22.352,3.283,6.8072,85.344,64.008,48.768,27.94,15.24,757.2,8.329,766,8.426,23.114,23.114,78.486,90.17,39,1.04,0.402,,,,1.48,0.0396,0.0152,1.7,0.0455,0.0175,,,,,420,2.63,114562.8,1.1416417894814,"Surface","Dairy","Corn","Cultivated Crops","Cultivated Crops","No",,"Waymor silt loam","Moderate-infiltration","Well drained",3.92,0.225,2022,"Growing season",1,0,0,0,0,0,1,0,0,0,0,0,"Current crop",0,"Current pre-growing season + growing season",,
"USGS-442405087414401","KD1",0,0,0,"Frozen","Storm","2023-8",1,2023-03-17,2023-03-17 22:56:00,4711,0.0878,13.462,15.63,0.86106,6.096,4.572,4.064,3.048,3.048,221.4,0.2657,265.3,0.3184,0,0,0,3.048,4,0.588,0.226,,,,0.129,0.0379,0.0146,0.155,0.0456,0.0175,"<",,,,421,2.63,114562.8,12.533848683866,"Surface","Dairy","Corn","Cultivated Crops","Cultivated Crops","No",,"Waymor silt loam","Moderate-infiltration","Well drained",3.92,0.225,2023,"Pre-growing season",1,0,0,0,0,0,1,0,0,0,0,0,"Previous crop",0,"Current post-growing season + pre-growing season",0,"No"
"USGS-442405087414401","KD1",0,0,0,"Non-Frozen","Storm","2023-11",1,2023-03-30 20:15:00,2023-04-02 04:30:00,33220,1.005,48.768,33.85,1.440688,27.432,19.812,17.272,15.24,13.208,1244,7.467,1319,7.915,0,0,0,7.62,4,4.15,1.6,,,,0.069,0.143,0.055,0.091,0.189,0.0726,"<",,,,422,2.63,114562.8,88.3834543150132,"Surface","Dairy","Corn","Cultivated Crops","Cultivated Crops","No",,"Waymor silt loam","Moderate-infiltration","Well drained",3.92,0.225,2023,"Pre-growing season",1,0,0,0,0,0,1,0,0,0,0,0,"Previous crop",0,"Current post-growing season + pre-growing season",0,"No"
"USGS-442405087414401","KD1",0,0,0,"Non-Frozen","Storm","2023-12",1,2023-04-02 20:00:00,2023-04-04 10:00:00,11320,0.4256,0,,,,,,,,,,,,0,26.67,48.768,49.276,4,2.83,1.09,,,,0.081,0.0572,0.022,0.11,0.0777,0.0299,,,,,423,2.63,114562.8,30.1174203144476,"Surface","Dairy","Corn","Cultivated Crops","Cultivated Crops","No",,"Waymor silt loam","Moderate-infiltration","Well drained",3.92,0.225,2023,"Pre-growing season",1,0,0,0,0,0,1,0,0,0,0,0,"Previous crop",0,"Current post-growing season + pre-growing season",0,"No"
"USGS-442405087414401","KD1",0,0,0,"Non-Frozen","Storm","2023-13",1,2023-04-04 15:45:00,2023-04-06 02:15:00,9995,0.5464,15.494,18.17,0.852932,21.336,15.24,12.192,7.62,4.826,407.8,1.223,425,1.275,0,0,48.768,49.276,104,64.9,25,,,,0.093,0.058,0.0223,0.362,0.226,0.0869,,,,,424,2.63,114562.8,26.5921922299385,"Surface","Dairy","Corn","Cultivated Crops","Cultivated Crops","No",,"Waymor silt loam","Moderate-infiltration","Well drained",3.92,0.225,2023,"Pre-growing season",1,0,0,0,0,0,1,0,0,0,0,0,"Previous crop",0,"Current post-growing season + pre-growing season",0,"No"
"USGS-442155087330001","KD2",0,0,0,"Frozen","Storm","2019-4",1,2018-12-27 20:45:00,2018-12-28 02:30:00,2182,0.4142,8.89,8.8,1.010158,6.096,4.572,4.064,3.048,2.794,151,0.1812,180.8,0.217,0.508,0.508,0.508,4.064,444,60.5,3.05,,,,0.818,0.111,0.00563,1.57,0.214,0.0108,,,,,425,19.8,862488,0.771110554581629,"Surface","Dairy","Corn","Cultivated Crops","Cultivated Crops","No",,"Hortonville silt loam","Moderate-infiltration","Well drained",3.96,0.31,2019,"Post-growing season",1,0,0,0,0,,1,0.1,0.1,0.1,0.1,0.1,"Previous crop",,"Previous growing season + current post-growing season",0.1,"Partial"
"USGS-442155087330001","KD2",0,0,0,"Frozen","Storm","2019-5",1,2019-01-07 15:01:00,2019-01-08 06:45:00,69750,5.02,8.128,2.333,3.48234,9.144,7.62,7.112,6.096,5.08,182.6,0.4383,212.8,0.5108,0,0,0,11.938,118,514,26,,,,0.15,0.653,0.033,0.355,1.55,0.0781,,,,,426,19.8,862488,24.6493864262459,"Surface","Dairy","Corn","Cultivated Crops","Cultivated Crops","No",,"Hortonville silt loam","Moderate-infiltration","Well drained",3.96,0.31,2019,"Pre-growing season",1,0,0,0,0,,1,0.1,0.1,0.1,0.1,0.1,"Previous crop",0,"Current post-growing season + pre-growing season",0.1,"Partial"
"USGS-442155087330001","KD2",0,0,0,"Frozen","Storm","2019-6",1,2019-02-04 08:30:00,2019-02-06 06:00:00,47080,1.842,9.398,12.55,0.748792,15.24,9.144,8.128,6.604,4.826,214.7,0.5582,224.3,0.5832,0.508,0.508,0.508,0.508,248,729,36.8,,,,0.406,1.19,0.0603,0.923,2.71,0.137,,,,,427,19.8,862488,16.6378940924395,"Surface","Dairy","Corn","Cultivated Crops","Cultivated Crops","No",,"Hortonville silt loam","Moderate-infiltration","Well drained",3.96,0.31,2019,"Pre-growing season",1,0,0,0,0,,1,0.1,0.1,0.1,0.1,0.1,"Previous crop",0,"Current post-growing season + pre-growing season",0.1,"Partial"
"USGS-442155087330001","KD2",0,0,0,"Frozen","Storm","2019-7",3,2019-03-13 08:30:00,2019-03-22 00:45:00,430500,5.48,10.414,182.9,0.0569214,24.384,18.288,13.208,7.112,3.81,228.7,0.6403,212,0.5936,13.208,13.208,16.002,16.002,166,4450,225,,,,0.4,10.8,0.543,0.715,19.2,0.971,,,,,428,19.8,862488,152.137073211453,"Surface","Dairy","Corn","Cultivated Crops","Cultivated Crops","No",,"Hortonville silt loam","Moderate-infiltration","Well drained",3.96,0.31,2019,"Pre-growing season",1,0,0,0,0,,1,0.1,0.1,0.1,0.1,0.1,"Previous crop",0,"Current post-growing season + pre-growing season",0.1,"Partial"
"USGS-442155087330001","KD2",0,0,0,"Non-Frozen","Storm","2019-11",1,2019-04-18 02:38:00,2019-04-18 05:15:00,3264,1.028,19.558,9.75,2.005838,30.48,16.764,12.192,9.652,6.096,544.2,2.068,555.9,2.112,0,3.556,3.81,15.494,5170,1050,53.2,,,,0.414,0.0844,0.00426,8.86,1.81,0.0912,,,,,429,19.8,862488,1.15348526588196,"Surface","Dairy","Corn","Cultivated Crops","Cultivated Crops","No",,"Hortonville silt loam","Moderate-infiltration","Well drained",3.96,0.31,2019,"Pre-growing season",1,0,0,0,0,,1,0.1,0.1,0.1,0.1,0.1,"Previous crop",0,"Current post-growing season + pre-growing season",0.1,"Partial"
"USGS-442155087330001","KD2",0,0,0,"Non-Frozen","Storm","2019-12",1,2019-05-28 01:08:00,2019-05-28 08:15:00,26330,3.178,34.29,9.867,3.47472,18.288,13.716,12.192,10.668,8.636,855.6,3.594,943.4,3.962,0,0,23.114,45.212,925,1520,76.8,,,,3.34,5.49,0.277,3.92,6.44,0.325,,,,,430,19.8,862488,9.30492250326961,"Surface","Dairy","Corn","Cultivated Crops","Cultivated Crops","No",,"Hortonville silt loam","Moderate-infiltration","Well drained",3.96,0.31,2019,"Pre-growing season",1,0,0,0,0,,1,0.1,0.1,0.1,0.1,0.1,"Previous crop",0,"Current post-growing season + pre-growing season",0.1,"Partial"
"USGS-442155087330001","KD2",0,0,0,"Non-Frozen","Storm","2019-14",1,2019-08-07 23:30:00,2019-08-08 04:45:00,18260,3.877,59.182,3.9,15.17396,124.968,102.108,81.28,68.072,38.862,2395,64.18,2326,62.35,0,23.368,30.226,35.306,71,80.9,4.09,,,,1.63,1.86,0.0938,1.94,2.21,0.112,,,,,431,19.8,862488,6.45301499846954,"Surface","Dairy","Corn","Cultivated Crops","Cultivated Crops","No",,"Hortonville silt loam","Moderate-infiltration","Well drained",3.96,0.31,2019,"Growing season",1,0,0,0,0,,1,0.1,0.1,0.1,0.1,0.1,"Current crop",0,"Current pre-growing season + growing season",,
"USGS-442155087330001","KD2",0,0,0,"Non-Frozen","Storm","2019-15",1,2019-08-27 01:56:00,2019-08-27 05:00:00,3463,0.9103,66.04,16.25,4.064,42.672,35.052,35.56,32.512,20.828,2167,27.74,2124,27.19,0,0,0,5.842,29,6.27,0.317,,,,1.48,0.32,0.0162,1.66,0.359,0.0181,,,,,432,19.8,862488,1.22381111389376,"Surface","Dairy","Corn","Cultivated Crops","Cultivated Crops","No",,"Hortonville silt loam","Moderate-infiltration","Well drained",3.96,0.31,2019,"Growing season",1,0,0,0,0,,1,0.1,0.1,0.1,0.1,0.1,"Current crop",0,"Current pre-growing season + growing season",,
"USGS-442155087330001","KD2",0,0,0,"Non-Frozen","Storm","2019-16",1,2019-08-29 18:31:00,2019-08-29 21:15:00,6145,2.015,18.542,0.2667,69.5452,103.632,97.536,72.136,37.084,18.542,787.6,11.5,766.6,11.19,0,2.286,68.326,74.168,304,117,5.89,,,,1.31,0.503,0.0254,1.99,0.763,0.0386,,,,,433,19.8,862488,2.1716197790578,"Surface","Dairy","Corn","Cultivated Crops","Cultivated Crops","No",,"Hortonville silt loam","Moderate-infiltration","Well drained",3.96,0.31,2019,"Growing season",1,0,0,0,0,,1,0.1,0.1,0.1,0.1,0.1,"Current crop",0,"Current pre-growing season + growing season",,
"USGS-442155087330001","KD2",0,0,0,"Non-Frozen","Storm","2019-17",1,2019-09-03 08:26:00,2019-09-03 19:00:00,49550,9.203,50.546,7.567,6.6802,82.296,76.2,56.896,37.084,23.622,1955,28.54,1889,27.58,0,0,20.828,86.868,525,1620,82,,,,1.4,4.33,0.219,2.66,8.23,0.416,,,,,434,19.8,862488,17.5107827587166,"Surface","Dairy","Corn","Cultivated Crops","Cultivated Crops","No",,"Hortonville silt loam","Moderate-infiltration","Well drained",3.96,0.31,2019,"Growing season",1,0,0,0,0,,1,0.1,0.1,0.1,0.1,0.1,"Current crop",0,"Current pre-growing season + growing season",,
"USGS-442155087330001","KD2",0,0,0,"Non-Frozen","Storm","2019-18",1,2019-09-10 09:52:00,2019-09-10 17:30:00,27060,4.639,38.1,8.033,4.74218,42.672,33.528,27.432,20.828,13.208,1115,9.145,1157,9.487,0.762,0.762,55.626,76.454,397,671,33.9,,,,1.46,2.47,0.125,2.49,4.21,0.212,,,,,435,19.8,862488,9.56290174471992,"Surface","Dairy","Corn","Cultivated Crops","Cultivated Crops","No",,"Hortonville silt loam","Moderate-infiltration","Well drained",3.96,0.31,2019,"Growing season",1,0,0,0,0,,1,0.1,0.1,0.1,0.1,0.1,"Current crop",0,"Current pre-growing season + growing season",,
"USGS-442155087330001","KD2",0,0,0,"Non-Frozen","Storm","2019-19",1,2019-09-11 15:35:00,2019-09-12 03:15:00,75190,6.7,44.704,7.8,5.73024,51.816,39.624,32.512,24.892,16.764,1581,15.49,1529,14.99,0,38.862,43.18,112.268,402,1890,95.3,,,,1.2,5.63,0.284,2.3,10.8,0.545,,,,,436,19.8,862488,26.5718618693825,"Surface","Dairy","Corn","Cultivated Crops","Cultivated Crops","No",,"Hortonville silt loam","Moderate-infiltration","Well drained",3.96,0.31,2019,"Growing season",1,0,0,0,0,,1,0.1,0.1,0.1,0.1,0.1,"Current crop",0,"Current pre-growing season + growing season",,
"USGS-442155087330001","KD2",0,0,0,"Non-Frozen","Storm","2019-20",1,2019-09-13 04:59:00,2019-09-13 13:15:00,10960,1.618,17.018,6.9,2.46634,42.672,27.432,21.336,12.7,10.668,481.8,2.409,499.4,2.497,0.254,44.958,84.074,138.684,472,323,16.3,,,,1.09,0.745,0.0376,2.23,1.53,0.077,,,,,437,19.8,862488,3.87322258396639,"Surface","Dairy","Corn","Cultivated Crops","Cultivated Crops","No",,"Hortonville silt loam","Moderate-infiltration","Well drained",3.96,0.31,2019,"Growing season",1,0,0,0,0,,1,0.1,0.1,0.1,0.1,0.1,"Current crop",0,"Current pre-growing season + growing season",,
"USGS-442155087330001","KD2",0,0,0,"Non-Frozen","Storm","2020-1",1,2019-10-01 16:45:00,2019-10-02 12:15:00,53020,3.434,44.45,22.18,2.003806,51.816,39.624,34.544,21.336,12.7,1218,10.24,1274,10.7,0.508,6.096,20.828,52.324,1570,5200,262,,,,0.915,3.03,0.153,3.25,10.8,0.543,,,,,438,19.8,862488,18.7370676461586,"Surface","Dairy","Corn","Cultivated Crops","Cultivated Crops","No",,"Hortonville silt loam","Moderate-infiltration","Well drained",3.96,0.31,2020,"Post-growing season",1,1.8,0.9,0.9,0,0,1,0.1,0.1,0.1,0.1,0.1,"Previous crop",0.9,"Previous growing season + current post-growing season",0.1,"Partial"
"USGS-442155087330001","KD2",0,0,0,"Non-Frozen","Storm","2020-5",1,2019-10-11 14:07:00,2019-10-11 23:30:00,29390,2.892,31.496,11.52,2.73558,30.48,24.384,22.352,13.716,8.382,890.7,4.81,917.4,4.954,4.064,4.064,14.224,87.63,505,926,46.8,,,,0.735,1.35,0.0681,1.84,3.38,0.17,,,,,439,19.8,862488,10.3863149400339,"Surface","Dairy","Corn","Cultivated Crops","Cultivated Crops","No",,"Hortonville silt loam","Moderate-infiltration","Well drained",3.96,0.31,2020,"Post-growing season",1,1.8,0.9,0.9,0,0,1,0.1,0.1,0.1,0.1,0.1,"Previous crop",0.9,"Previous growing season + current post-growing season",0.1,"Partial"
"USGS-442155087330001","KD2",0,0,0,"Non-Frozen","Storm","2020-7",1,2019-10-27 04:22:00,2019-10-27 11:45:00,15130,1.266,26.67,7.933,3.36296,12.192,9.144,8.128,7.62,7.62,594.7,1.784,691.9,2.076,0,0,10.16,19.05,585,553,27.9,,,,1.79,1.69,0.0854,3.7,3.49,0.177,,,,,440,19.8,862488,5.34688482622367,"Surface","Dairy","Corn","Cultivated Crops","Cultivated Crops","No",,"Hortonville silt loam","Moderate-infiltration","Well drained",3.96,0.31,2020,"Post-growing season",1,1.8,0.9,0.9,0,0,1,0.1,0.1,0.1,0.1,0.1,"Previous crop",0.9,"Previous growing season + current post-growing season",0.1,"Partial"
"USGS-442155087330001","KD2",0,0,0,"Non-Frozen","Storm","2020-8",1,2019-11-21 11:31:00,2019-11-22 00:15:00,37630,2.74,30.226,10.77,2.8067,24.384,15.24,12.192,7.62,6.604,729.2,2.188,807.4,2.422,0.254,0.254,1.524,1.778,1660,3910,198,,,,0.934,2.19,0.111,4.68,11,0.555,,,,,441,19.8,862488,13.298299802432,"Surface","Dairy","Corn","Cultivated Crops","Cultivated Crops","No",,"Hortonville silt loam","Moderate-infiltration","Well drained",3.96,0.31,2020,"Post-growing season",1,1.8,0.9,0.9,0,0,1,0.1,0.1,0.1,0.1,0.1,"Previous crop",0.9,"Previous growing season + current post-growing season",0.1,"Partial"
"USGS-442155087330001","KD2",0,0,0,"Non-Frozen","Storm","2020-9",1,2019-11-27 08:22:00,2019-11-27 23:00:00,39650,3.536,32.258,17.25,1.869948,12.192,10.668,10.16,8.636,8.128,751.3,2.554,842.8,2.866,0,0,30.48,31.75,2810,6960,352,,,,0.57,1.41,0.0713,6.04,14.9,0.755,,,,,442,19.8,862488,14.012160169185,"Surface","Dairy","Corn","Cultivated Crops","Cultivated Crops","No",,"Hortonville silt loam","Moderate-infiltration","Well drained",3.96,0.31,2020,"Post-growing season",1,1.8,0.9,0.9,0,0,1,0.1,0.1,0.1,0.1,0.1,"Previous crop",0.9,"Previous growing season + current post-growing season",0.1,"Partial"
"USGS-442155087330001","KD2",0,0,0,"Non-Frozen","Storm","2020-13",1,2019-12-29 08:45:00,2019-12-30,51490,4.496,25.908,8.117,3.19278,15.24,12.192,10.16,8.128,7.112,603.5,1.931,687,2.198,0.254,0.254,0.254,0.254,1330,4270,215,,,,0.486,1.56,0.0789,2.58,8.29,0.419,,,,,443,19.8,862488,18.1963714277764,"Surface","Dairy","Corn","Cultivated Crops","Cultivated Crops","No",,"Hortonville silt loam","Moderate-infiltration","Well drained",3.96,0.31,2020,"Post-growing season",1,1.8,0.9,0.9,0,0,1,0.1,0.1,0.1,0.1,0.1,"Previous crop",0.9,"Previous growing season + current post-growing season",0.1,"Partial"
"USGS-442155087330001","KD2",0,0,0,"Frozen","Storm","2020-21",1,2020-03-01 22:45:00,2020-03-04 02:46:00,6740,0.2363,0,,,,,,,,,,,,0,0,0,0,97,40.8,2.06,,,,0.321,0.135,0.00682,0.526,0.221,0.0112,,,,,444,19.8,862488,2.38189053065086,"Surface","Dairy","Corn","Cultivated Crops","Cultivated Crops","No",,"Hortonville silt loam","Moderate-infiltration","Well drained",3.96,0.31,2020,"Pre-growing season",1,1.8,0.9,0.9,0,0,1,0.1,0.1,0.1,0.1,0.1,"Previous crop",1.8,"Current post-growing season + pre-growing season",0.1,"Partial"
"USGS-442155087330001","KD2",0,0,0,"Frozen","Storm","2020-22",2,2020-03-04 17:30:00,2020-03-10 08:00:00,50000,1.072,16.51,104.9,0.1574292,6.096,4.572,4.064,3.048,2.794,283.8,0.3406,343.4,0.4121,0,0,0,0,251,784,39.6,,,,0.28,0.874,0.0441,0.744,2.32,0.117,,,,,445,19.8,862488,17.6698110582408,"Surface","Dairy","Corn","Cultivated Crops","Cultivated Crops","No",,"Hortonville silt loam","Moderate-infiltration","Well drained",3.96,0.31,2020,"Pre-growing season",1,1.8,0.9,0.9,0,0,1,0.1,0.1,0.1,0.1,0.1,"Previous crop",1.8,"Current post-growing season + pre-growing season",0.1,"Partial"
"USGS-442155087330001","KD2",0,0,0,"Non-Frozen","Storm","2020-24",1,2020-03-19 21:00:00,2020-03-20 11:15:00,64100,5.536,38.354,14.55,2.63652,21.336,13.716,11.176,10.16,8.89,991.2,3.965,1077,4.309,0,0,1.524,19.304,2250,9000,455,,,,0.283,1.13,0.0572,4.58,18.3,0.926,,,,,446,19.8,862488,22.6526977766647,"Surface","Dairy","Corn","Cultivated Crops","Cultivated Crops","No",,"Hortonville silt loam","Moderate-infiltration","Well drained",3.96,0.31,2020,"Pre-growing season",1,1.8,0.9,0.9,0,0,1,0.1,0.1,0.1,0.1,0.1,"Previous crop",1.8,"Current post-growing season + pre-growing season",0.1,"Partial"
"USGS-442155087330001","KD2",0,0,0,"Non-Frozen","Storm","2020-26",1,2020-03-29 00:34:00,2020-03-29 11:45:00,30050,2.88,20.066,13.52,1.48463,21.336,13.716,12.192,10.668,7.112,517.7,2.175,545.3,2.29,9.144,9.144,18.796,57.404,2410,4530,229,,,,0.234,0.439,0.0222,3.94,7.39,0.373,,,,,447,19.8,862488,10.6195564460027,"Surface","Dairy","Corn","Cultivated Crops","Cultivated Crops","No",,"Hortonville silt loam","Moderate-infiltration","Well drained",3.96,0.31,2020,"Pre-growing season",1,1.8,0.9,0.9,0,0,1,0.1,0.1,0.1,0.1,0.1,"Previous crop",1.8,"Current post-growing season + pre-growing season",0.1,"Partial"
"USGS-442155087330001","KD2",0,0,0,"Non-Frozen","Storm","2020-28",1,2020-05-17 21:55:00,2020-05-19 13:45:00,171300,8.476,111.506,49.12,2.270252,24.384,21.336,16.256,12.7,12.192,2724,13.62,2989,14.95,0,0,3.302,3.302,2480,26500,1340,,,,0.79,8.45,0.427,4.04,43.2,2.18,,,,,448,19.8,862488,60.536772685533,"Surface","Dairy","Corn","Cultivated Crops","Cultivated Crops","No",,"Hortonville silt loam","Moderate-infiltration","Well drained",3.96,0.31,2020,"Pre-growing season",1,1.8,0.9,0.9,0,0,1,0.1,0.1,0.1,0.1,0.1,"Previous crop",1.8,"Current post-growing season + pre-growing season",0.1,"Partial"
"USGS-442155087330001","KD2",0,0,0,"Non-Frozen","Storm","2020-29",1,2020-06-10 23:25:00,2020-06-11 05:00:00,7170,1.786,25.908,3.583,7.23138,45.72,38.1,30.48,25.4,21.844,908.4,9.084,875.7,8.757,17.78,17.78,23.368,48.26,2540,1140,57.5,,,,0.435,0.195,0.00983,4.64,2.08,0.105,,,,,449,19.8,862488,2.53385090575173,"Surface","Dairy","Corn","Cultivated Crops","Cultivated Crops","No",,"Hortonville silt loam","Moderate-infiltration","Well drained",3.96,0.31,2020,"Growing season",1,1.8,0.9,0.9,0,0,1,0.1,0.1,0.1,0.1,0.1,"Current crop",0.9,"Current pre-growing season + growing season",,
"USGS-442155087330001","KD2",0,0,0,"Non-Frozen","Storm","2020-30",1,2020-06-23 07:07:00,2020-06-23 14:30:00,11450,1.936,16.764,5.967,2.80924,18.288,15.24,12.192,11.176,8.128,445.6,1.961,475.2,2.091,0.508,0.508,14.224,60.198,357,255,12.9,,,,0.528,0.377,0.0191,1.26,0.9,0.0455,,,,,450,19.8,862488,4.04638673233715,"Surface","Dairy","Corn","Cultivated Crops","Cultivated Crops","No",,"Hortonville silt loam","Moderate-infiltration","Well drained",3.96,0.31,2020,"Growing season",1,1.8,0.9,0.9,0,0,1,0.1,0.1,0.1,0.1,0.1,"Current crop",0.9,"Current pre-growing season + growing season",,
"USGS-442155087330001","KD2",0,0,0,"Non-Frozen","Storm","2021-1",1,2020-10-23 02:00:00,2020-10-23 15:15:00,103700,6.663,115.316,20.12,5.73278,64.008,54.864,46.736,37.084,26.416,3624,52.9,3685,53.8,0,2.286,4.318,19.05,1390,9010,455,,,,0.45,2.91,0.147,3.17,20.5,1.04,,,,,451,19.8,862488,36.6471881347914,"Surface","Dairy","Corn","Cultivated Crops","Cultivated Crops","No",,"Hortonville silt loam","Moderate-infiltration","Well drained",3.96,0.31,2021,"Post-growing season",1,0,0,0,0,0,1,0.1,0.1,0.1,0.1,0.1,"Previous crop",0,"Previous growing season + current post-growing season",0.1,"Partial"
"USGS-442155087330001","KD2",0,0,0,"Non-Frozen","Storm","2021-2",1,2020-11-10 22:30:00,2020-11-11 06:30:00,51540,10.64,51.054,7.5,6.8072,76.2,60.96,44.704,28.448,21.59,1877,21.02,1817,20.36,1.778,1.778,1.778,1.778,884,2840,144,,,,0.553,1.78,0.0899,2.34,7.53,0.38,,,,,452,19.8,862488,18.2140412388346,"Surface","Dairy","Corn","Cultivated Crops","Cultivated Crops","No",,"Hortonville silt loam","Moderate-infiltration","Well drained",3.96,0.31,2021,"Post-growing season",1,0,0,0,0,0,1,0.1,0.1,0.1,0.1,0.1,"Previous crop",0,"Previous growing season + current post-growing season",0.1,"Partial"
"USGS-442155087330001","KD2",0,0,0,"Frozen","Storm","2021-6",1,2021-02-26 18:45:00,2021-03-01 05:30:00,37230,1.049,0,,,,,,,,,,,,0,0,0.508,0.508,82,191,9.63,,,,1.16,2.7,0.136,1.45,3.37,0.17,,,,,453,19.8,862488,13.1569413139661,"Surface","Dairy","Corn","Cultivated Crops","Cultivated Crops","No",,"Hortonville silt loam","Moderate-infiltration","Well drained",3.96,0.31,2021,"Pre-growing season",1,0,0,0,0,0,1,0.1,0.1,0.1,0.1,0.1,"Previous crop",0,"Current post-growing season + pre-growing season",0.1,"Partial"
"USGS-442155087330001","KD2",0,0,0,"Frozen","Storm","2021-9",1,2021-03-03 16:15:00,2021-03-04 04:15:00,6340,0.3247,0,,,,,,,,,,,,0,0,0,0.508,52,20.6,1.04,,,,1.02,0.404,0.0204,1.19,0.471,0.0238,,,,,454,19.8,862488,2.24053204218493,"Surface","Dairy","Corn","Cultivated Crops","Cultivated Crops","No",,"Hortonville silt loam","Moderate-infiltration","Well drained",3.96,0.31,2021,"Pre-growing season",1,0,0,0,0,0,1,0.1,0.1,0.1,0.1,0.1,"Previous crop",0,"Current post-growing season + pre-growing season",0.1,"Partial"
"USGS-442155087330001","KD2",0,0,0,"Non-Frozen","Storm","2021-14",1,2021-07-15 03:21:00,2021-07-15 12:15:00,32800,2.976,56.134,10.43,5.37972,97.536,73.152,64.008,41.148,25.146,1750,28.34,1812,29.35,7.366,7.366,8.89,79.502,276,565,28.5,,,,1.54,3.15,0.159,2.28,4.67,0.236,,,,,455,19.8,862488,11.591396054206,"Surface","Dairy","Corn","Cultivated Crops","Cultivated Crops","No",,"Hortonville silt loam","Moderate-infiltration","Well drained",3.96,0.31,2021,"Growing season",1,0,0,0,0,0,1,0.1,0.1,0.1,0.1,0.1,"Current crop",0,"Current pre-growing season + growing season",,
"USGS-442155087330001","KD2",0,0,0,"Non-Frozen","Storm","2021-15",1,2021-08-08 09:26:00,2021-08-08 17:00:00,33890,6.424,58.674,4.95,11.85418,91.44,76.2,72.136,56.896,42.926,2216,49.64,2173,48.67,12.954,18.288,30.48,61.976,486,1030,51.9,,,,0.701,1.48,0.0749,1.69,3.58,0.181,,,,,456,19.8,862488,11.9765979352756,"Surface","Dairy","Corn","Cultivated Crops","Cultivated Crops","No",,"Hortonville silt loam","Moderate-infiltration","Well drained",3.96,0.31,2021,"Growing season",1,0,0,0,0,0,1,0.1,0.1,0.1,0.1,0.1,"Current crop",0,"Current pre-growing season + growing season",,
"USGS-442155087330001","KD2",0,0,0,"Non-Frozen","Storm","2021-17",1,2021-08-29 07:11:00,2021-08-29 13:45:00,29570,4.548,34.544,2.667,12.954,54.864,38.1,36.576,23.876,21.844,1308,12.3,1255,11.8,13.462,45.974,55.88,57.404,611,1130,57,,,,1.05,1.94,0.0979,2.43,4.49,0.227,,,,,457,19.8,862488,10.4499262598436,"Surface","Dairy","Corn","Cultivated Crops","Cultivated Crops","No",,"Hortonville silt loam","Moderate-infiltration","Well drained",3.96,0.31,2021,"Growing season",1,0,0,0,0,0,1,0.1,0.1,0.1,0.1,0.1,"Current crop",0,"Current pre-growing season + growing season",,
"USGS-442155087330001","KD2",0,0,0,"Frozen","Storm","2022-5",1,2022-02-16 17:36:00,2022-02-17 05:45:00,4482,0.181,0,,,,,,,,,,,,0,0,1.778,1.778,23,6.44,0.325,,,,0.921,0.258,0.013,1.43,0.4,0.0202,,,,,458,19.8,862488,1.58392186326071,"Surface","Dairy","Corn","Cultivated Crops","Cultivated Crops","No",,"Hortonville silt loam","Moderate-infiltration","Well drained",3.96,0.31,2022,"Pre-growing season",1,0,0,0,0,0,1,0.1,0,0,0,0.1,"Previous crop",0,"Current post-growing season + pre-growing season",0,"No"
"USGS-442155087330001","KD2",0,0,0,"Frozen","Storm","2022-7",1,2022-03-05 19:00:00,2022-03-07 06:45:00,128500,11.17,32.766,8.65,3.78714,51.816,38.1,30.48,22.86,13.716,1056,9.502,1051,9.463,1.016,1.016,1.016,1.016,576,4620,233,,,,0.348,2.79,0.141,1.68,13.5,0.681,,,,,459,19.8,862488,45.4114144196789,"Surface","Dairy","Corn","Cultivated Crops","Cultivated Crops","No",,"Hortonville silt loam","Moderate-infiltration","Well drained",3.96,0.31,2022,"Pre-growing season",1,0,0,0,0,0,1,0.1,0,0,0,0.1,"Previous crop",0,"Current post-growing season + pre-growing season",0,"No"
"USGS-442155087330001","KD2",0,0,0,"Frozen","Storm","2022-9",1,2022-03-15 14:48:00,2022-03-17 00:45:00,17580,0.8126,0,,,,,,,,,,,,0,0,0,33.782,41,45,2.27,,,,0.899,0.987,0.0498,1.16,1.27,0.0643,,,,,460,19.8,862488,6.21270556807747,"Surface","Dairy","Corn","Cultivated Crops","Cultivated Crops","No",,"Hortonville silt loam","Moderate-infiltration","Well drained",3.96,0.31,2022,"Pre-growing season",1,0,0,0,0,0,1,0.1,0,0,0,0.1,"Previous crop",0,"Current post-growing season + pre-growing season",0,"No"
"USGS-442155087330001","KD2",0,0,0,"Frozen","Storm","2022-10",1,2022-03-19 01:30:00,2022-03-19 19:45:00,25860,1.175,14.732,16.63,0.885698,3.048,3.048,3.048,2.54,2.032,229.3,0.2293,274.4,0.2744,4.064,4.064,4.064,37.846,71,115,5.79,,,,0.561,0.906,0.0457,0.815,1.32,0.0665,,,,,461,19.8,862488,9.13882627932215,"Surface","Dairy","Corn","Cultivated Crops","Cultivated Crops","No",,"Hortonville silt loam","Moderate-infiltration","Well drained",3.96,0.31,2022,"Pre-growing season",1,0,0,0,0,0,1,0.1,0,0,0,0.1,"Previous crop",0,"Current post-growing season + pre-growing season",0,"No"
"USGS-442155087330001","KD2",0,0,0,"Frozen","Storm","2022-12",1,2022-03-30 11:34:00,2022-03-31 21:00:00,40100,2.958,38.862,31.18,1.246124,21.336,16.764,15.24,9.144,5.588,821.9,2.959,935.9,3.369,0,0,45.212,64.262,445,1110,56.3,,,,0.281,0.703,0.0355,1.14,2.85,0.144,,,,,462,19.8,862488,14.1711884687091,"Surface","Dairy","Corn","Cultivated Crops","Cultivated Crops","No",,"Hortonville silt loam","Moderate-infiltration","Well drained",3.96,0.31,2022,"Pre-growing season",1,0,0,0,0,0,1,0.1,0,0,0,0.1,"Previous crop",0,"Current post-growing season + pre-growing season",0,"No"
"USGS-442155087330001","KD2",0,0,0,"Frozen","Storm","2022-14",1,2022-04-06 07:35:00,2022-04-06 17:00:00,7596,0.5709,14.224,8.017,1.77419,9.144,9.144,8.128,7.112,5.588,290.5,0.8135,339.5,0.9505,0,12.7,52.832,96.012,417,198,9.99,,,,0.202,0.0958,0.00484,1.06,0.503,0.0254,,,,,463,19.8,862488,2.68439769596794,"Surface","Dairy","Corn","Cultivated Crops","Cultivated Crops","No",,"Hortonville silt loam","Moderate-infiltration","Well drained",3.96,0.31,2022,"Pre-growing season",1,0,0,0,0,0,1,0.1,0,0,0,0.1,"Previous crop",0,"Current post-growing season + pre-growing season",0,"No"
"USGS-442155087330001","KD2",0,0,0,"Non-Frozen","Storm","2022-18",1,2022-08-13 16:56:00,2022-08-13 22:45:00,61910,12.54,67.31,14.05,4.79044,70.104,60.96,59.944,40.64,30.48,2292,36.68,2253,36.05,0,0,54.61,86.36,391,1510,76.3,,,,0.524,2.03,0.102,1.21,4.68,0.236,,,,,464,19.8,862488,21.8787600523138,"Surface","Dairy","Corn","Cultivated Crops","Cultivated Crops","No",,"Hortonville silt loam","Moderate-infiltration","Well drained",3.96,0.31,2022,"Growing season",1,0,0,0,0,0,1,0.1,0,0,0,0,"Current crop",0,"Current pre-growing season + growing season",,
"USGS-442155087330001","KD2",0,0,0,"Non-Frozen","Storm","2023-11",1,2023-03-31 09:45:00,2023-03-31 16:00:00,17310,2.632,15.748,6.183,2.54762,12.192,10.668,10.16,9.652,8.382,406.8,1.546,441.8,1.679,6.604,6.604,6.604,7.62,487,526,26.6,,,,0.578,0.625,0.0316,1.75,1.89,0.0955,,,,,465,19.8,862488,6.11728858836297,"Surface","Dairy","Corn","Cultivated Crops","Cultivated Crops","No",,"Hortonville silt loam","Moderate-infiltration","Well drained",3.96,0.31,2023,"Pre-growing season",1,0,0,0,0,0,1,0,0,0,0,0,"Previous crop",0,"Current post-growing season + pre-growing season",0,"No"
"USGS-442155087330001","KD2",0,0,0,"Non-Frozen","Storm","2023-12",1,2023-04-01 01:51:00,2023-04-01 10:00:00,59510,8.518,23.622,7.2,3.28168,18.288,15.24,14.224,13.716,12.192,690.6,3.729,709,3.829,23.876,23.876,23.876,24.13,1130,4210,212,,,,0.463,1.72,0.0869,2.73,10.1,0.512,,,,,466,19.8,862488,21.0306091215182,"Surface","Dairy","Corn","Cultivated Crops","Cultivated Crops","No",,"Hortonville silt loam","Moderate-infiltration","Well drained",3.96,0.31,2023,"Pre-growing season",1,0,0,0,0,0,1,0,0,0,0,0,"Previous crop",0,"Current post-growing season + pre-growing season",0,"No"
"USGS-431112088281100","KP3",0,0,0,"Frozen","Storm","2006-1",1,2006-03-09 07:30:00,2006-03-10 18:00:00,29410,0.6422,26.924,27.4,0.982726,27.432,19.812,16.256,13.208,10.414,683.1,3.552,719.7,3.743,0,0,5.588,5.588,34,62.4,10.2,114,209,34.3,5.33,9.78,1.6,5.75,10.6,1.73,,,,,467,6.1,265716,33.7358984780743,"Surface","Dairy","Corn-Soybean-Alfalfa","Cultivated Crops","Cultivated Crops","Yes","Random tile in the low area","Brookston silt loam","Slow-infiltration","Poorly drained",2,0.3,2006,"Pre-growing season",1,0,0,0,0,,1,0,0,0,0,0,"Previous crop",0,"Current post-growing season + pre-growing season",0,"No"
"USGS-431112088281100","KP3",0,0,0,"Non-Frozen","Storm","2006-4",2,2006-04-07 06:20:00,2006-04-07 11:45:00,7079,0.9929,55.626,8.417,6.60908,57.912,47.244,36.576,33.02,29.972,1894,24.62,1867,24.28,0.254,0.254,41.656,42.164,378,167,27.4,122,54,8.86,2.69,1.19,0.195,3.54,1.56,0.256,,,,,468,6.1,265716,8.12024567583435,"Surface","Dairy","Corn-Soybean-Alfalfa","Cultivated Crops","Cultivated Crops","Yes","Random tile in the low area","Brookston silt loam","Slow-infiltration","Poorly drained",2,0.3,2006,"Pre-growing season",1,0,0,0,0,,1,0,0,0,0,0,"Previous crop",0,"Current post-growing season + pre-growing season",0,"No"
"USGS-431112088281100","KP3",0,0,0,"Non-Frozen","Storm","2007-1",1,2006-10-04 10:24:00,2006-10-04 13:31:00,23840,5.764,52.832,2.717,19.44624,198.12,140.208,115.824,83.312,50.038,2166,71.05,2104,69.01,0.254,14.478,18.796,33.02,792,1180,193,208,310,50.7,0.787,1.17,0.192,2.4,3.57,0.585,,,,,469,6.1,265716,27.346610667028,"Surface","Dairy","Corn-Soybean-Alfalfa","Cultivated Crops","Cultivated Crops","Yes","Random tile in the low area","Brookston silt loam","Slow-infiltration","Poorly drained",2,0.3,2007,"Post-growing season",1,0,0,0,0,0,1,0,0,1,1,0,"Previous crop",0,"Previous growing season + current post-growing season",1,"Yes"
"USGS-431112088281100","KP3",0,0,0,"Non-Frozen","Storm","2007-2",1,2006-12-22 15:45:00,2006-12-22 18:00:00,76,0.01916,20.32,6.983,2.91084,24.384,18.288,18.288,16.256,13.716,891.9,5.708,1038,6.642,6.096,7.366,7.366,8.382,70,0.332,0.0545,118,0.56,0.0918,3.72,0.0177,0.00289,4,0.019,0.00312,,,,,470,6.1,265716,0.0871787923948878,"Surface","Dairy","Corn-Soybean-Alfalfa","Cultivated Crops","Cultivated Crops","Yes","Random tile in the low area","Brookston silt loam","Slow-infiltration","Poorly drained",2,0.3,2007,"Post-growing season",1,0,0,0,0,0,1,0,0,1,1,0,"Previous crop",0,"Previous growing season + current post-growing season",1,"Yes"
"USGS-431112088281100","KP3",0,0,0,"Frozen","Storm","2007-4",1,2007-03-12 17:30:00,2007-03-13 02:30:00,625.4,0.05347,0,,,,,,,,,,,,0,0,7.62,12.7,193,7.53,1.24,70,2.73,0.448,1.58,0.0617,0.0101,1.96,0.0765,0.0125,,,,,471,6.1,265716,0.717389694260037,"Surface","Dairy","Corn-Soybean-Alfalfa","Cultivated Crops","Cultivated Crops","Yes","Random tile in the low area","Brookston silt loam","Slow-infiltration","Poorly drained",2,0.3,2007,"Pre-growing season",1,0,0,0,0,0,1,0,0,1,1,0,"Previous crop",0,"Current post-growing season + pre-growing season",1,"Yes"
"USGS-431112088281100","KP3",0,0,0,"Frozen","Storm","2007-5",1,2007-03-13 16:15:00,2007-03-14 01:45:00,606.4,0.0324,0,,,,,,,,,,,,0,0,7.62,12.7,3,0.114,0.0186,454,17.2,2.82,1.25,0.0474,0.00777,1.31,0.0496,0.00813,,,,,472,6.1,265716,0.695594996161315,"Surface","Dairy","Corn-Soybean-Alfalfa","Cultivated Crops","Cultivated Crops","Yes","Random tile in the low area","Brookston silt loam","Slow-infiltration","Poorly drained",2,0.3,2007,"Pre-growing season",1,0,0,0,0,0,1,0,0,1,1,0,"Previous crop",0,"Current post-growing season + pre-growing season",1,"Yes"
"USGS-431112088281100","KP3",0,0,0,"Non-Frozen","Storm","2007-6",1,2007-03-22 07:15:00,2007-03-22 10:45:00,296.3,0.06376,19.304,2.833,6.81228,42.672,32.004,27.432,18.796,11.43,646.5,4.784,637.8,4.72,12.192,12.192,12.192,21.082,133,2.46,0.403,148,2.74,0.449,2.68,0.0496,0.00813,3.59,0.0664,0.0109,,,,,473,6.1,265716,0.339882581402701,"Surface","Dairy","Corn-Soybean-Alfalfa","Cultivated Crops","Cultivated Crops","Yes","Random tile in the low area","Brookston silt loam","Slow-infiltration","Poorly drained",2,0.3,2007,"Pre-growing season",1,0,0,0,0,0,1,0,0,1,1,0,"Previous crop",0,"Current post-growing season + pre-growing season",1,"Yes"
"USGS-431112088281100","KP3",0,0,0,"Non-Frozen","Storm","2007-8",1,2007-04-03 07:15:00,2007-04-03 16:30:00,3450,0.3576,42.926,7.317,5.8674,18.288,15.24,13.208,12.7,10.922,1230,6.15,1286,6.432,0,1.524,26.67,59.182,166,35.8,5.86,94,20.2,3.32,1.56,0.336,0.0551,2.14,0.461,0.0756,,,,,474,6.1,265716,3.95745833897846,"Surface","Dairy","Corn-Soybean-Alfalfa","Cultivated Crops","Cultivated Crops","Yes","Random tile in the low area","Brookston silt loam","Slow-infiltration","Poorly drained",2,0.3,2007,"Pre-growing season",1,0,0,0,0,0,1,0,0,1,1,0,"Previous crop",0,"Current post-growing season + pre-growing season",1,"Yes"
"USGS-431112088281100","KP3",0,0,0,"Non-Frozen","Storm","2007-9",1,2007-04-26 17:00:00,2007-04-26 19:30:00,148.1,0.04591,23.622,9.033,2.6162,18.288,15.24,14.224,11.176,8.382,548.3,2.412,615.9,2.71,1.27,12.7,23.114,24.892,122,1.13,0.185,104,0.961,0.158,2.02,0.0187,0.00306,2.47,0.0228,0.00374,,,,,475,6.1,265716,0.169883936232669,"Surface","Dairy","Corn-Soybean-Alfalfa","Cultivated Crops","Cultivated Crops","Yes","Random tile in the low area","Brookston silt loam","Slow-infiltration","Poorly drained",2,0.3,2007,"Pre-growing season",1,0,0,0,0,0,1,0,0,1,1,0,"Previous crop",0,"Current post-growing season + pre-growing season",1,"Yes"
"USGS-431112088281100","KP3",0,0,0,"Non-Frozen","Storm","2007-13",1,2007-08-20 05:15:00,2007-08-20 11:30:00,329.2,0.05816,24.13,8.617,2.80162,21.336,18.288,15.24,9.652,8.128,636.2,2.417,675.4,2.566,48.514,69.088,84.836,136.906,87,1.79,0.293,158,3.25,0.532,1.12,0.023,0.00377,1.39,0.0286,0.00468,,,,,476,6.1,265716,0.377621821794698,"Surface","Dairy","Corn-Soybean-Alfalfa","Cultivated Crops","Cultivated Crops","Yes","Random tile in the low area","Brookston silt loam","Slow-infiltration","Poorly drained",2,0.3,2007,"Growing season",1,0,0,0,0,0,1,0,0,1,1,0,"Current crop",0,"Current pre-growing season + growing season",,
"USGS-431112088281100","KP3",0,0,0,"Non-Frozen","Storm","2007-16",1,2007-08-22 21:45:00,2007-08-23 05:00:00,8406,1.728,35.56,5.483,6.48462,143.256,109.728,85.344,50.8,26.162,1261,25.22,1265,25.29,23.622,23.622,125.73,173.736,91,47.8,7.83,118,61.9,10.2,1.06,0.556,0.0912,1.43,0.75,0.123,,,,,477,6.1,265716,9.64243327462403,"Surface","Dairy","Corn-Soybean-Alfalfa","Cultivated Crops","Cultivated Crops","Yes","Random tile in the low area","Brookston silt loam","Slow-infiltration","Poorly drained",2,0.3,2007,"Growing season",1,0,0,0,0,0,1,0,0,1,1,0,"Current crop",0,"Current pre-growing season + growing season",,
"USGS-431112088281100","KP3",0,0,0,"Non-Frozen","Storm","2007-17",1,2007-08-23 13:45:00,2007-08-23 15:45:00,139.3,0.04839,10.414,3.9,2.66954,39.624,25.908,21.336,13.716,9.906,343,1.852,337.1,1.821,35.56,59.182,161.29,208.28,203,1.77,0.289,130,1.13,0.185,0.884,0.00769,0.00126,1.39,0.0121,0.00198,,,,,478,6.1,265716,0.15978954974484,"Surface","Dairy","Corn-Soybean-Alfalfa","Cultivated Crops","Cultivated Crops","Yes","Random tile in the low area","Brookston silt loam","Slow-infiltration","Poorly drained",2,0.3,2007,"Growing season",1,0,0,0,0,0,1,0,0,1,1,0,"Current crop",0,"Current pre-growing season + growing season",,
"USGS-431112088281100","KP3",0,0,0,"Non-Frozen","Storm","2007-18",1,2007-08-24 07:45:00,2007-08-24 12:46:00,7413,1.846,26.416,3.05,8.6614,79.248,70.104,62.992,46.736,23.368,1033,19.02,998,18.36,11.176,52.832,172.466,198.12,80,37,6.07,110,50.9,8.35,0.88,0.407,0.0668,1.24,0.574,0.0941,,,,,479,6.1,265716,8.50337352662241,"Surface","Dairy","Corn-Soybean-Alfalfa","Cultivated Crops","Cultivated Crops","Yes","Random tile in the low area","Brookston silt loam","Slow-infiltration","Poorly drained",2,0.3,2007,"Growing season",1,0,0,0,0,0,1,0,0,1,1,0,"Current crop",0,"Current pre-growing season + growing season",,
"USGS-431112088281100","KP3",1,0,0,"Frozen","Storm","2008-2",1,2008-01-07 16:15:00,2008-01-08 07:15:00,492.5,0.0288,9.652,11.2,0.861822,24.384,12.192,8.128,4.064,3.048,228,0.3648,235.6,0.377,0.254,0.254,0.254,0.508,24,0.738,0.121,62,1.91,0.312,0.901,0.0277,0.00454,0.999,0.0307,0.00504,,,,,480,6.1,265716,0.564941516506345,"Surface","Dairy","Corn-Soybean-Alfalfa","Cultivated Crops","Cultivated Crops","Yes","Random tile in the low area","Brookston silt loam","Slow-infiltration","Poorly drained",2,0.3,2008,"Pre-growing season",1,0,0,0,0,0,1,0,0,0,0,0,"Previous crop",0,"Current post-growing season + pre-growing season",0,"No"
"USGS-431112088281100","KP3",0,0,0,"Frozen","Storm","2008-5",1,2008-03-13 18:15:00,2008-03-13 21:45:00,440.6,0.0484,0,,,,,,,,,,,,0,0,0,9.652,2,0.0275,0.00451,184,5.06,0.83,1.61,0.0443,0.00726,1.76,0.0484,0.00794,"<",,,,481,6.1,265716,0.505407578015626,"Surface","Dairy","Corn-Soybean-Alfalfa","Cultivated Crops","Cultivated Crops","Yes","Random tile in the low area","Brookston silt loam","Slow-infiltration","Poorly drained",2,0.3,2008,"Pre-growing season",1,0,0,0,0,0,1,0,0,0,0,0,"Previous crop",0,"Current post-growing season + pre-growing season",0,"No"
"USGS-431112088281100","KP3",0,0,0,"Non-Frozen","Storm","2008-7",1,2008-04-10 23:15:00,2008-04-11 01:15:00,596.2,0.1884,23.114,10.77,2.146808,21.336,18.288,15.24,9.652,5.842,532.4,2.023,593.1,2.254,0,28.702,32.512,52.07,471,17.5,2.87,888,33,5.42,15.3,0.569,0.0933,19.6,0.729,0.12,,,,,482,6.1,265716,0.683894684550422,"Surface","Dairy","Corn-Soybean-Alfalfa","Cultivated Crops","Cultivated Crops","Yes","Random tile in the low area","Brookston silt loam","Slow-infiltration","Poorly drained",2,0.3,2008,"Pre-growing season",1,0,0,0,0,0,1,0,0,0,0,0,"Previous crop",0,"Current post-growing season + pre-growing season",0,"No"
"USGS-431112088281100","KP3",0,0,0,"Non-Frozen","Storm","2008-9",1,2008-04-25 15:45:00,2008-04-25 18:15:00,2462,0.659,18.034,1.233,14.62278,100.584,68.58,51.816,29.464,17.526,672,7.796,662.5,7.685,31.242,31.242,32.004,37.592,110,16.9,2.77,376,57.8,9.48,9.81,1.51,0.247,10.6,1.63,0.267,,,,,483,6.1,265716,2.82413403784492,"Surface","Dairy","Corn-Soybean-Alfalfa","Cultivated Crops","Cultivated Crops","Yes","Random tile in the low area","Brookston silt loam","Slow-infiltration","Poorly drained",2,0.3,2008,"Pre-growing season",1,0,0,0,0,0,1,0,0,0,0,0,"Previous crop",0,"Current post-growing season + pre-growing season",0,"No"
"USGS-431112088281100","KP3",0,0,0,"Non-Frozen","Storm","2008-10",1,2008-04-25 22:45:00,2008-04-26 02:45:00,10090,2.28,24.638,3.567,6.9088,76.2,50.292,49.784,34.036,21.844,900.3,12.06,882.8,11.83,49.276,49.276,50.038,53.086,109,68.7,11.3,324,204,33.5,10.2,6.41,1.05,11.2,7.06,1.16,,,,,484,6.1,265716,11.574131779795,"Surface","Dairy","Corn-Soybean-Alfalfa","Cultivated Crops","Cultivated Crops","Yes","Random tile in the low area","Brookston silt loam","Slow-infiltration","Poorly drained",2,0.3,2008,"Pre-growing season",1,0,0,0,0,0,1,0,0,0,0,0,"Previous crop",0,"Current post-growing season + pre-growing season",0,"No"
"USGS-431112088281100","KP3",0,0,0,"Non-Frozen","Storm","2008-11",1,2008-06-05 11:14:00,2008-06-05 15:07:00,1184,0.2304,46.99,4.45,10.55878,73.152,60.96,61.976,45.72,28.956,1745,31.41,1702,30.63,0,0,17.526,26.924,90,6.65,1.09,542,40.1,6.57,4.33,0.32,0.0525,4.9,0.362,0.0594,,,,,485,6.1,265716,1.35815381836246,"Surface","Dairy","Corn-Soybean-Alfalfa","Cultivated Crops","Cultivated Crops","Yes","Random tile in the low area","Brookston silt loam","Slow-infiltration","Poorly drained",2,0.3,2008,"Growing season",1,0,0,0,0,0,1,0,0,0,0,0,"Current crop",0,"Current pre-growing season + growing season",,
"USGS-431112088281100","KP3",0,0,0,"Non-Frozen","Storm","2008-12",2,2008-06-07 21:43:00,2008-06-08 08:15:00,26530,3.481,70.358,11.2,6.28142,67.056,54.864,48.768,42.672,30.988,2659,44.66,2538,42.63,0,7.112,55.118,81.026,270,448,73.4,179,296,48.6,3.31,5.48,0.899,4.13,6.84,1.12,,,,,486,6.1,265716,30.4322810820575,"Surface","Dairy","Corn-Soybean-Alfalfa","Cultivated Crops","Cultivated Crops","Yes","Random tile in the low area","Brookston silt loam","Slow-infiltration","Poorly drained",2,0.3,2008,"Growing season",1,0,0,0,0,0,1,0,0,0,0,0,"Current crop",0,"Current pre-growing season + growing season",,
"USGS-431112088281100","KP3",0,0,0,"Non-Frozen","Storm","2008-13",1,2008-06-08 15:20:00,2008-06-08 19:30:00,8640,1.43,19.812,1.667,11.8872,79.248,60.96,46.736,25.4,16.764,704.6,7.046,705.3,7.053,70.612,71.882,125.73,151.638,153,82.5,13.5,186,100,16.4,4.08,2.2,0.361,4.67,2.52,0.413,,,,,487,6.1,265716,9.9108521880504,"Surface","Dairy","Corn-Soybean-Alfalfa","Cultivated Crops","Cultivated Crops","Yes","Random tile in the low area","Brookston silt loam","Slow-infiltration","Poorly drained",2,0.3,2008,"Growing season",1,0,0,0,0,0,1,0,0,0,0,0,"Current crop",0,"Current pre-growing season + growing season",,
"USGS-431112088281100","KP3",0,0,0,"Non-Frozen","Storm","2008-14",1,2008-06-09 00:05:00,2008-06-09 08:00:00,51480,5.114,49.022,7.733,6.33984,54.864,38.1,36.576,31.496,24.384,1724,21.38,1673,20.74,53.848,90.424,145.542,171.45,229,736,121,130,418,68.5,3.02,9.71,1.59,3.7,11.9,1.95,,,,,488,6.1,265716,59.0521609538003,"Surface","Dairy","Corn-Soybean-Alfalfa","Cultivated Crops","Cultivated Crops","Yes","Random tile in the low area","Brookston silt loam","Slow-infiltration","Poorly drained",2,0.3,2008,"Growing season",1,0,0,0,0,0,1,0,0,0,0,0,"Current crop",0,"Current pre-growing season + growing season",,
"USGS-431112088281100","KP3",0,0,0,"Non-Frozen","Storm","2008-15",2,2008-06-12 22:00:00,2008-06-13 10:00:00,23480,2.235,61.722,12.98,4.75488,48.768,38.1,31.496,18.796,14.986,2121,15.69,2079,15.38,0,0,147.066,211.582,139,203,33.3,152,223,36.5,3.16,4.64,0.76,3.77,5.53,0.907,,,,,489,6.1,265716,26.9336584925259,"Surface","Dairy","Corn-Soybean-Alfalfa","Cultivated Crops","Cultivated Crops","Yes","Random tile in the low area","Brookston silt loam","Slow-infiltration","Poorly drained",2,0.3,2008,"Growing season",1,0,0,0,0,0,1,0,0,0,0,0,"Current crop",0,"Current pre-growing season + growing season",,
"USGS-450157090060701","MT1",0,0,0,"Non-Frozen","Storm","2022-1",1,2021-11-11 13:46:00,2021-11-11 21:59:00,1332,0.1575,17.78,10.53,1.688084,15.24,12.192,10.16,7.62,5.842,389.2,1.168,441.5,1.325,15.24,15.24,15.24,20.066,79,6.57,0.853,,,,1.44,0.12,0.0156,1.79,0.149,0.0193,,,,,490,7.7,335412,1.21043254266395,"Surface","Dairy","Corn-Alfalfa","Cultivated Crops","Cultivated Crops","No",,"Loyal silt loam","Slow-infiltration","Moderately well drained",4.1,0.215,2022,"Post-growing season",1,0,0,0,0,,1,0,0,0,0,0,"Previous crop",,"Previous growing season + current post-growing season",0,"No"
"USGS-450157090060701","MT1",0,0,0,"Frozen","Storm","2022-2",1,2021-12-15 22:15:00,2021-12-17 09:40:00,18440,3.611,6.604,8.033,0.822198,36.576,24.384,18.288,10.668,5.588,204.8,0.8602,196.4,0.8251,0,0,0,0,145,167,21.7,,,,0.418,0.481,0.0625,0.847,0.975,0.127,,,,,491,7.7,335412,16.7570391041465,"Surface","Dairy","Corn-Alfalfa","Cultivated Crops","Cultivated Crops","No",,"Loyal silt loam","Slow-infiltration","Moderately well drained",4.1,0.215,2022,"Post-growing season",1,0,0,0,0,,1,0,0,0,0,0,"Previous crop",,"Previous growing season + current post-growing season",0,"No"
"USGS-450157090060701","MT1",0,0,0,"Frozen","Storm","2022-3",1,2022-03-05 11:47:00,2022-03-07 13:02:00,29980,1.122,34.544,17.68,1.953514,36.576,33.528,30.48,20.32,13.208,920.8,7.367,960.1,7.681,0,0,0,0,6,11.2,1.46,,,,0.266,0.498,0.0647,0.442,0.827,0.107,,,,,492,7.7,335412,27.2438195413402,"Surface","Dairy","Corn-Alfalfa","Cultivated Crops","Cultivated Crops","No",,"Loyal silt loam","Slow-infiltration","Moderately well drained",4.1,0.215,2022,"Pre-growing season",1,0,0,0,0,,1,0,0,0,0,0,"Previous crop",0,"Current post-growing season + pre-growing season",0,"No"
"USGS-450157090060701","MT1",0,0,0,"Frozen","Storm","2022-6",2,2022-03-16 15:55:00,2022-03-26 11:45:00,112100,2.115,37.846,103.4,0.36576,12.192,9.144,8.128,6.604,6.096,697.3,1.813,805,2.093,0,0,0.762,0.762,51.7,362,47,,,,0.201,1.4,0.182,0.516,3.61,0.469,,,,,493,7.7,335412,101.868985009481,"Surface","Dairy","Corn-Alfalfa","Cultivated Crops","Cultivated Crops","No",,"Loyal silt loam","Slow-infiltration","Moderately well drained",4.1,0.215,2022,"Pre-growing season",1,0,0,0,0,,1,0,0,0,0,0,"Previous crop",0,"Current post-growing season + pre-growing season",0,"No"
"USGS-450157090060701","MT1",0,0,0,"Non-Frozen","Storm","2022-19",1,2022-04-30 23:40:00,2022-05-02 12:45:00,3217,0.0733,14.224,32.98,0.431292,12.192,10.668,9.144,7.112,4.572,284.5,0.7965,283.1,0.7926,7.366,7.366,17.272,34.29,73,14.7,1.9,,,,0.339,0.0681,0.00884,0.564,0.113,0.0147,,,,,494,7.7,335412,2.92339451182426,"Surface","Dairy","Corn-Alfalfa","Cultivated Crops","Cultivated Crops","No",,"Loyal silt loam","Slow-infiltration","Moderately well drained",4.1,0.215,2022,"Pre-growing season",1,0,0,0,0,,1,0,0,0,0,0,"Previous crop",0,"Current post-growing season + pre-growing season",0,"No"
"USGS-450157090060701","MT1",0,0,0,"Non-Frozen","Storm","2022-25",1,2022-08-03 06:19:00,2022-08-03 15:23:00,17700,8.399,98.806,7.35,13.44422,134.112,106.68,86.36,49.784,32.258,3917,76.78,3763,73.75,0,0.254,1.016,12.954,128,141,18.4,,,,1.05,1.16,0.151,1.32,1.46,0.189,,,,,495,7.7,335412,16.0845765804443,"Surface","Dairy","Corn-Alfalfa","Cultivated Crops","Cultivated Crops","No",,"Loyal silt loam","Slow-infiltration","Moderately well drained",4.1,0.215,2022,"Growing season",1,0,0,0,0,,1,0,0,0,0,0,"Current crop",0,"Current pre-growing season + growing season",,
"USGS-450157090060701","MT1",0,0,0,"Non-Frozen","Storm","2022-26",1,2022-08-07 00:24:00,2022-08-08 17:34:00,25310,6.62,66.04,32.2,2.05105,94.488,79.248,68.072,49.784,26.67,2531,49.6,2417,47.36,0,0,99.822,100.076,130,205,26.7,,,,0.967,1.53,0.198,1.37,2.16,0.281,,,,,496,7.7,335412,23.0000357768953,"Surface","Dairy","Corn-Alfalfa","Cultivated Crops","Cultivated Crops","No",,"Loyal silt loam","Slow-infiltration","Moderately well drained",4.1,0.215,2022,"Growing season",1,0,0,0,0,,1,0,0,0,0,0,"Current crop",0,"Current pre-growing season + growing season",,
"USGS-445537090022401","MT2",0,0,0,"Frozen","Storm","2022-2",1,2021-12-16 00:31:00,2021-12-16 13:00:00,2024,0.2293,6.604,8.033,0.822198,36.576,24.384,18.288,10.668,5.588,204.8,0.8602,196.4,0.8251,0,0,0,0,15,1.9,0.338,,,,1.96,0.248,0.0442,2.24,0.283,0.0505,,,,,497,5.6,243936,2.52900432900433,"Surface","Dairy","Grass Pasture","Pasture/Hay","Pasture/Hay","No",,"Loyal silt loam","Slow-infiltration","Moderately well drained",2.4,0.215,2022,"Post-growing season",1,0,0,0,0,,1,1,1,1,1,1,"Previous crop",,"Previous growing season + current post-growing season",1,"Yes"
"USGS-445537090022401","MT2",0,0,0,"Frozen","Storm","2022-4",1,2022-03-05 17:43:00,2022-03-07 05:11:00,35830,1.804,34.544,17.68,1.953514,36.576,33.528,30.48,20.32,13.208,920.8,7.367,960.1,7.681,0,0,0,0,10,22.4,3.99,,,,1.73,3.87,0.691,1.97,4.41,0.787,,,,,498,5.6,243936,44.7698740653286,"Surface","Dairy","Grass Pasture","Pasture/Hay","Pasture/Hay","No",,"Loyal silt loam","Slow-infiltration","Moderately well drained",2.4,0.215,2022,"Pre-growing season",1,0,0,0,0,,1,1,1,1,1,1,"Previous crop",0,"Current post-growing season + pre-growing season",1,"Yes"
"USGS-445537090022401","MT2",0,0,0,"Frozen","Storm","2022-6",1,2022-03-16 15:45:00,2022-03-20 01:34:00,23160,0.9688,0,,,,,,,,,,,,0,0.762,0.762,35.306,20,28.9,5.16,,,,1.25,1.81,0.323,1.68,2.43,0.434,,,,,499,5.6,243936,28.9386068476978,"Surface","Dairy","Grass Pasture","Pasture/Hay","Pasture/Hay","No",,"Loyal silt loam","Slow-infiltration","Moderately well drained",2.4,0.215,2022,"Pre-growing season",1,0,0,0,0,,1,1,1,1,1,1,"Previous crop",0,"Current post-growing season + pre-growing season",1,"Yes"
"USGS-445537090022401","MT2",0,0,0,"Frozen","Storm","2022-8",1,2022-03-21 10:30:00,2022-03-25 05:11:00,17350,0.5244,36.576,76.32,0.479298,12.192,9.144,8.128,6.604,6.096,679.3,1.766,792.8,2.061,0,0,0.762,0.762,4,2.17,0.387,,,,0.884,0.957,0.171,1.11,1.2,0.215,"<",,,,500,5.6,243936,21.6789649744195,"Surface","Dairy","Grass Pasture","Pasture/Hay","Pasture/Hay","No",,"Loyal silt loam","Slow-infiltration","Moderately well drained",2.4,0.215,2022,"Pre-growing season",1,0,0,0,0,,1,1,1,1,1,1,"Previous crop",0,"Current post-growing season + pre-growing season",1,"Yes"
"USGS-445537090022401","MT2",0,0,0,"Frozen","Storm","2022-17",1,2022-04-13 02:30:00,2022-04-14 08:03:00,10190,0.677,35.814,22.43,1.59639,42.672,38.1,29.464,16.764,12.446,969.7,6.4,1007,6.649,3.048,3.048,16.002,29.972,6,3.82,0.682,,,,0.354,0.225,0.0402,0.464,0.295,0.0527,,,,,501,5.6,243936,12.7324872097599,"Surface","Dairy","Grass Pasture","Pasture/Hay","Pasture/Hay","No",,"Loyal silt loam","Slow-infiltration","Moderately well drained",2.4,0.215,2022,"Pre-growing season",1,0,0,0,0,,1,1,1,1,1,1,"Previous crop",0,"Current post-growing season + pre-growing season",1,"Yes"
"USGS-445537090022401","MT2",0,0,0,"Non-Frozen","Storm","2022-20",1,2022-05-01 01:45:00,2022-05-03 21:30:00,1808,0.0435,14.224,32.98,0.431292,12.192,10.668,9.144,7.112,4.572,284.5,0.7965,283.1,0.7926,7.366,7.366,17.272,34.29,4,0.226,0.0403,,,,0.201,0.0227,0.00405,0.289,0.0326,0.00582,"<",,,,502,5.6,243936,2.25911058638331,"Surface","Dairy","Grass Pasture","Pasture/Hay","Pasture/Hay","No",,"Loyal silt loam","Slow-infiltration","Moderately well drained",2.4,0.215,2022,"Pre-growing season",1,0,0,0,0,,1,1,1,1,1,1,"Previous crop",0,"Current post-growing season + pre-growing season",1,"Yes"
"USGS-445537090022401","MT2",0,0,0,"Non-Frozen","Storm","2022-21",1,2022-08-03 08:14:00,2022-08-03 10:45:00,977.7,0.5536,97.028,6.15,15.77594,134.112,106.68,86.36,49.784,32.258,3887,76.18,3725,73.02,0,0.254,1.016,12.954,11,0.671,0.12,,,,1.61,0.0983,0.0175,1.76,0.107,0.0192,,,,,503,5.6,243936,1.2216440377804,"Surface","Dairy","Grass Pasture","Pasture/Hay","Pasture/Hay","No",,"Loyal silt loam","Slow-infiltration","Moderately well drained",2.4,0.215,2022,"Growing season",1,0,0,0,0,,1,1,1,1,1,1,"Current crop",0,"Current pre-growing season + growing season",,
"USGS-445537090022401","MT2",0,0,0,"Non-Frozen","Storm","2022-22",1,2022-08-07 00:45:00,2022-08-07 08:45:00,992.4,0.1975,28.956,2.133,13.57376,94.488,79.248,68.072,49.784,26.67,1162,22.78,1115,21.86,0,0,99.822,100.076,19,1.18,0.21,,,,2.52,0.156,0.0279,3.08,0.191,0.0341,,,,,504,5.6,243936,1.24001180637544,"Surface","Dairy","Grass Pasture","Pasture/Hay","Pasture/Hay","No",,"Loyal silt loam","Slow-infiltration","Moderately well drained",2.4,0.215,2022,"Growing season",1,0,0,0,0,,1,1,1,1,1,1,"Current crop",0,"Current pre-growing season + growing season",,
"USGS-445537090022401","MT2",0,0,0,"Frozen","Storm","2023-2",1,2023-02-14 23:33:00,2023-02-16 07:45:00,12270,0.3076,24.13,19.68,1.225804,6.096,4.572,5.08,4.064,3.556,414,0.6624,508.2,0.8131,0,0,0.254,0.254,8,6.13,1.09,,,,0.814,0.623,0.111,0.953,0.73,0.13,,,,,505,5.6,243936,15.3314639905549,"Surface","Dairy","Grass Pasture","Pasture/Hay","Pasture/Hay","No",,"Loyal silt loam","Slow-infiltration","Moderately well drained",2.4,0.215,2023,"Pre-growing season",,,,,,,,,,,,,"Previous crop",,"Current post-growing season + pre-growing season",,
"USGS-445537090022401","MT2",0,0,0,"Frozen","Storm","2023-3",1,2023-03-15 19:00:00,2023-03-17 04:43:00,312.9,0.0088,5.842,8.567,0.68199,3.048,3.048,2.032,2.032,1.778,91.66,0.07333,105.1,0.08409,0,0,0,0,4,0.0391,0.00698,,,,0.74,0.0145,0.00258,0.871,0.017,0.00304,"<",,,,506,5.6,243936,0.390971074380165,"Surface","Dairy","Grass Pasture","Pasture/Hay","Pasture/Hay","No",,"Loyal silt loam","Slow-infiltration","Moderately well drained",2.4,0.215,2023,"Pre-growing season",,,,,,,,,,,,,"Previous crop",,"Current post-growing season + pre-growing season",,
"USGS-445537090022401","MT2",0,0,0,"Frozen","Storm","2023-10",2,2023-03-30 18:00:00,2023-04-02 02:36:00,13660,0.6995,44.196,19.87,2.224532,15.24,15.24,15.24,13.716,12.446,1169,6.314,1248,6.738,0,0,0,0,4.3,2.48,0.443,,,,0.306,0.261,0.0466,0.381,0.325,0.058,"<",,,,507,5.6,243936,17.0682802046438,"Surface","Dairy","Grass Pasture","Pasture/Hay","Pasture/Hay","No",,"Loyal silt loam","Slow-infiltration","Moderately well drained",2.4,0.215,2023,"Pre-growing season",,,,,,,,,,,,,"Previous crop",,"Current post-growing season + pre-growing season",,
"USGS-445537090022401","MT2",0,0,0,"Frozen","Storm","2023-11",4,2023-04-02 15:50:00,2023-04-13 17:30:00,59140,0.6147,11.684,82.25,0.1420622,21.336,18.288,15.24,11.176,6.858,324,1.426,312.3,1.374,0,0,44.196,44.196,6.4,20.6,3.68,,,,0.627,2.32,0.414,0.768,2.84,0.507,"<",,,,508,5.6,243936,73.8959071231799,"Surface","Dairy","Grass Pasture","Pasture/Hay","Pasture/Hay","No",,"Loyal silt loam","Slow-infiltration","Moderately well drained",2.4,0.215,2023,"Pre-growing season",,,,,,,,,,,,,"Previous crop",,"Current post-growing season + pre-growing season",,
"USGS-445537090022401","MT2",0,0,0,"Non-Frozen","Storm","2023-12",1,2023-04-16 08:45:00,2023-04-17 05:53:00,8568,0.483,22.606,15.58,1.450594,21.336,15.24,15.24,10.668,7.62,524.4,2.202,583.4,2.45,3.81,3.81,3.81,15.494,9,4.81,0.86,,,,0.506,0.271,0.0483,0.722,0.386,0.069,,,,,509,5.6,243936,10.7057851239669,"Surface","Dairy","Grass Pasture","Pasture/Hay","Pasture/Hay","No",,"Loyal silt loam","Slow-infiltration","Moderately well drained",2.4,0.215,2023,"Pre-growing season",,,,,,,,,,,,,"Previous crop",,"Current post-growing season + pre-growing season",,
"USGS-442944087354100","P1",0,0,0,"Non-Frozen","Storm","2004-1",1,2003-11-23 13:15:00,2003-11-23 15:10:00,569.6,0.2194,42.8244,11.72,3.65506,30.7848,26.5176,24.0792,16.1544,10.9728,1265,8.048,1291,8.208,0,0,0,0,606,21.6,1.05,,,,1.68,0.0597,0.00291,2.92,0.104,0.00507,,,,,510,20.5,892980,0.194421017268024,"Surface","Dairy","Corn-Alfalfa","Cultivated Crops","Cultivated Crops","Yes","Random tile in waterways","Hortonville silt loam","Moderate-infiltration","Well drained",4,0.31,2004,"Post-growing season",0.95,0,0,0,0,,0.95,0.95,0.95,0.95,0.95,0.95,"Previous crop",,"Previous growing season + current post-growing season",0.95,"Partial"
"USGS-442944087354100","P1",0,0,0,"Frozen","Storm","2004-2",1,2004-01-02 23:52:00,2004-01-03 04:25:00,5201,0.9402,10.7442,2.6,4.13258,19.2024,15.0876,11.8872,9.6012,7.0866,284,1.074,304.7,1.152,0,0,6.4008,6.4008,323,105,5.12,,,,0.873,0.283,0.0138,1.64,0.534,0.026,,,,,511,20.5,892980,1.77525230128334,"Surface","Dairy","Corn-Alfalfa","Cultivated Crops","Cultivated Crops","Yes","Random tile in waterways","Hortonville silt loam","Moderate-infiltration","Well drained",4,0.31,2004,"Pre-growing season",0.95,0,0,0,0,,0.95,0.95,0.95,0.95,0.95,0.95,"Previous crop",0,"Current post-growing season + pre-growing season",0.95,"Partial"
"USGS-442944087354100","P1",0,0,0,"Frozen","Storm","2004-4",1,2004-03-01 15:00:00,2004-03-03 10:00:00,82510,1.594,9.6012,15.4,0.62357,8.2296,8.2296,5.4864,4.1148,2.5146,177.9,0.2883,199.7,0.3235,0,0,2.0574,14.4018,26,134,6.53,,,,0.38,1.96,0.0955,0.4,2.06,0.101,,,,,512,20.5,892980,28.1630585231472,"Surface","Dairy","Corn-Alfalfa","Cultivated Crops","Cultivated Crops","Yes","Random tile in waterways","Hortonville silt loam","Moderate-infiltration","Well drained",4,0.31,2004,"Pre-growing season",0.95,0,0,0,0,,0.95,0.95,0.95,0.95,0.95,0.95,"Previous crop",0,"Current post-growing season + pre-growing season",0.95,"Partial"
"USGS-442944087354100","P1",0,0,0,"Frozen","Storm","2004-7",4,2004-03-05 11:11:00,2004-03-06 01:00:00,65590,3.509,32.2326,8.15,3.95478,24.6888,19.2024,15.5448,15.0876,11.2014,853.2,5.068,919.9,5.464,0.2286,0.2286,9.8298,22.86,15.9,64.9,3.17,,,,0.389,1.59,0.0776,2.26,9.25,0.451,,,,,513,20.5,892980,22.3877712826715,"Surface","Dairy","Corn-Alfalfa","Cultivated Crops","Cultivated Crops","Yes","Random tile in waterways","Hortonville silt loam","Moderate-infiltration","Well drained",4,0.31,2004,"Pre-growing season",0.95,0,0,0,0,,0.95,0.95,0.95,0.95,0.95,0.95,"Previous crop",0,"Current post-growing season + pre-growing season",0.95,"Partial"
"USGS-442944087354100","P1",0,0,0,"Frozen","Storm","2004-8",1,2004-03-07 14:00:00,2004-03-08,3906,0.2444,0.6858,6.733,0.101854,2.7432,1.3716,0.9144,0.4572,0.2286,13.21,0.002378,8.864,0.001595,5.4864,9.8298,47.5488,50.292,10,2.44,0.119,,,,0.74,0.18,0.0088,3.49,0.851,0.0415,,,,,514,20.5,892980,1.33323120338641,"Surface","Dairy","Corn-Alfalfa","Cultivated Crops","Cultivated Crops","Yes","Random tile in waterways","Hortonville silt loam","Moderate-infiltration","Well drained",4,0.31,2004,"Pre-growing season",0.95,0,0,0,0,,0.95,0.95,0.95,0.95,0.95,0.95,"Previous crop",0,"Current post-growing season + pre-growing season",0.95,"Partial"
"USGS-442944087354100","P1",1,0,0,"Frozen","Storm","2004-9",2,2004-03-14 17:21:00,2004-03-14 18:32:00,64.7,0.02878,0,,,,,,,,,,,,5.715,5.715,8.2296,56.2356,38.4,0.155,0.00756,,,,0.47,0.0019,9.26e-05,0.506,0.00204,9.98e-05,,,,,515,20.5,892980,0.0220839884431902,"Surface","Dairy","Corn-Alfalfa","Cultivated Crops","Cultivated Crops","Yes","Random tile in waterways","Hortonville silt loam","Moderate-infiltration","Well drained",4,0.31,2004,"Pre-growing season",0.95,0,0,0,0,,0.95,0.95,0.95,0.95,0.95,0.95,"Previous crop",0,"Current post-growing season + pre-growing season",0.95,"Partial"
"USGS-442944087354100","P1",0,0,0,"Non-Frozen","Storm","2004-10",1,2004-03-29 01:00:00,2004-03-29 02:47:00,55.3,0.02188,20.447,4.483,4.56184,13.716,12.3444,11.176,10.16,7.874,528.5,2.114,575.8,2.303,0,0,6.6294,11.2014,98,0.338,0.0165,,,,0.67,0.00231,0.000113,1.08,0.00373,0.000182,,,,,516,20.5,892980,0.0188754955318148,"Surface","Dairy","Corn-Alfalfa","Cultivated Crops","Cultivated Crops","Yes","Random tile in waterways","Hortonville silt loam","Moderate-infiltration","Well drained",4,0.31,2004,"Pre-growing season",0.95,0,0,0,0,,0.95,0.95,0.95,0.95,0.95,0.95,"Previous crop",0,"Current post-growing season + pre-growing season",0.95,"Partial"
"USGS-442944087354100","P1",0,0,0,"Non-Frozen","Storm","2004-11",1,2004-05-08 22:00:00,2004-05-09 03:08:00,12600,2.02,35.5854,4.133,8.6106,113.0808,94.7928,87.6808,53.6956,30.5308,1399,29.58,1365,28.86,24.9682,24.9682,27.7114,43.7134,425,334,16.3,,,,0.807,0.635,0.031,1.46,1.15,0.056,,,,,517,20.5,892980,4.30074581737553,"Surface","Dairy","Corn-Alfalfa","Cultivated Crops","Cultivated Crops","Yes","Random tile in waterways","Hortonville silt loam","Moderate-infiltration","Well drained",4,0.31,2004,"Pre-growing season",0.95,0,0,0,0,,0.95,0.95,0.95,0.95,0.95,0.95,"Previous crop",0,"Current post-growing season + pre-growing season",0.95,"Partial"
"USGS-442944087354100","P1",0,0,0,"Non-Frozen","Storm","2004-12",1,2004-05-13 01:00:00,2004-05-13 02:15:00,59.2,0.03892,13.0556,1.1,11.86942,83.5152,56.0832,40.2336,23.8252,12.5984,505.1,4.738,494.9,4.642,0,0,64.4398,66.9544,176,0.65,0.0317,,,,1.08,0.00397,0.000194,1.82,0.00671,0.000327,,,,,518,20.5,892980,0.0202066787610025,"Surface","Dairy","Corn-Alfalfa","Cultivated Crops","Cultivated Crops","Yes","Random tile in waterways","Hortonville silt loam","Moderate-infiltration","Well drained",4,0.31,2004,"Pre-growing season",0.95,0,0,0,0,,0.95,0.95,0.95,0.95,0.95,0.95,"Previous crop",0,"Current post-growing season + pre-growing season",0.95,"Partial"
"USGS-442944087354100","P1",0,0,0,"Non-Frozen","Storm","2004-13",1,2004-05-13 22:40:00,2004-05-13 23:38:00,88.3,0.0711,7.366,1.25,5.8928,27.7368,19.3548,14.732,11.0744,6.9088,233.4,1.018,232.2,1.013,14.4272,14.4272,76.3524,81.3816,95,0.524,0.0255,,,,0.885,0.00488,0.000238,1.37,0.00755,0.000368,,,,,519,20.5,892980,0.0301393536249412,"Surface","Dairy","Corn-Alfalfa","Cultivated Crops","Cultivated Crops","Yes","Random tile in waterways","Hortonville silt loam","Moderate-infiltration","Well drained",4,0.31,2004,"Pre-growing season",0.95,0,0,0,0,,0.95,0.95,0.95,0.95,0.95,0.95,"Previous crop",0,"Current post-growing season + pre-growing season",0.95,"Partial"
"USGS-442944087354100","P1",0,0,0,"Non-Frozen","Storm","2004-15",1,2004-05-20 06:48:00,2004-05-20 07:40:00,48.6,0.04355,20.5486,1.867,11.00836,64.008,49.2252,35.56,20.9804,12.7762,693.5,5.728,700.9,5.789,0,0.2286,17.8816,95.6056,195,0.592,0.0289,,,,0.915,0.00278,0.000136,1.5,0.00455,0.000222,,,,,520,20.5,892980,0.016588591009877,"Surface","Dairy","Corn-Alfalfa","Cultivated Crops","Cultivated Crops","Yes","Random tile in waterways","Hortonville silt loam","Moderate-infiltration","Well drained",4,0.31,2004,"Pre-growing season",0.95,0,0,0,0,,0.95,0.95,0.95,0.95,0.95,0.95,"Previous crop",0,"Current post-growing season + pre-growing season",0.95,"Partial"
"USGS-442944087354100","P1",0,0,0,"Non-Frozen","Storm","2004-18",1,2004-05-23 10:56:00,2004-05-23 17:56:00,33790,4.118,27.2796,7.117,3.83286,45.72,32.004,24.384,15.748,13.97,792.9,4.916,817.6,5.069,2.5146,16.6878,40.894,71.6026,118,249,12.1,,,,0.71,1.5,0.0731,1.06,2.24,0.109,,,,,521,20.5,892980,11.5335080292952,"Surface","Dairy","Corn-Alfalfa","Cultivated Crops","Cultivated Crops","Yes","Random tile in waterways","Hortonville silt loam","Moderate-infiltration","Well drained",4,0.31,2004,"Pre-growing season",0.95,0,0,0,0,,0.95,0.95,0.95,0.95,0.95,0.95,"Previous crop",0,"Current post-growing season + pre-growing season",0.95,"Partial"
"USGS-442944087354100","P1",0,0,0,"Non-Frozen","Storm","2004-19",2,2004-05-23 22:25:00,2004-05-24 08:26:00,81640,17.28,37.084,8.85,4.191,94.488,86.868,76.2,48.26,26.416,1413,26.85,1377,26.16,27.2796,36.6522,68.1736,98.6536,355,1810,88.2,,,,0.697,3.55,0.173,1.15,5.84,0.285,,,,,522,20.5,892980,27.8661022643284,"Surface","Dairy","Corn-Alfalfa","Cultivated Crops","Cultivated Crops","Yes","Random tile in waterways","Hortonville silt loam","Moderate-infiltration","Well drained",4,0.31,2004,"Pre-growing season",0.95,0,0,0,0,,0.95,0.95,0.95,0.95,0.95,0.95,"Previous crop",0,"Current post-growing season + pre-growing season",0.95,"Partial"
"USGS-442944087354100","P1",0,0,0,"Non-Frozen","Storm","2004-20",2,2004-05-31 13:06:00,2004-06-01 00:15:00,33140,3.772,28.194,7.667,3.67792,42.672,24.384,17.272,12.7,10.414,857.1,4.286,875.4,4.377,10.668,11.684,15.24,120.4976,94.5,196,9.54,,,,0.93,1.92,0.0939,1.32,2.73,0.133,,,,,523,20.5,892980,11.3116441577639,"Surface","Dairy","Corn-Alfalfa","Cultivated Crops","Cultivated Crops","Yes","Random tile in waterways","Hortonville silt loam","Moderate-infiltration","Well drained",4,0.31,2004,"Pre-growing season",0.95,0,0,0,0,,0.95,0.95,0.95,0.95,0.95,0.95,"Previous crop",0,"Current post-growing season + pre-growing season",0.95,"Partial"
"USGS-442944087354100","P1",0,0,0,"Non-Frozen","Storm","2004-21",1,2004-06-09 07:02:00,2004-06-09 11:11:00,43030,8.014,56.896,2.2,25.8572,176.784,158.496,151.384,108.712,54.864,2412,103.2,2353,100.7,0,0,0.254,44.45,158,424,20.7,,,,0.804,2.16,0.105,1.28,3.44,0.168,,,,,524,20.5,892980,14.6873882953706,"Surface","Dairy","Corn-Alfalfa","Cultivated Crops","Cultivated Crops","Yes","Random tile in waterways","Hortonville silt loam","Moderate-infiltration","Well drained",4,0.31,2004,"Growing season",0.95,0,0,0,0,,0.95,0.95,0.95,0.95,0.95,0.95,"Current crop",0,"Current pre-growing season + growing season",,
"USGS-442944087354100","P1",0,0,0,"Non-Frozen","Storm","2004-22",1,2004-06-11 08:00:00,2004-06-11 14:55:00,2760,0.3104,13.462,8.45,1.593088,6.096,6.096,5.08,4.572,3.556,252.6,0.4547,306.8,0.5522,3.302,66.294,66.548,107.188,62,10.7,0.521,,,,0.91,0.157,0.00765,1.23,0.212,0.0103,,,,,525,20.5,892980,0.942068131425116,"Surface","Dairy","Corn-Alfalfa","Cultivated Crops","Cultivated Crops","Yes","Random tile in waterways","Hortonville silt loam","Moderate-infiltration","Well drained",4,0.31,2004,"Growing season",0.95,0,0,0,0,,0.95,0.95,0.95,0.95,0.95,0.95,"Current crop",0,"Current pre-growing season + growing season",,
"USGS-442944087354100","P1",1,0,0,"Non-Frozen","Storm","2004-23",1,2004-06-12 09:31:00,2004-06-12 10:48:00,162.7,0.06092,5.08,3.433,1.47955,9.144,7.62,6.096,5.08,3.048,109,0.218,123,0.246,13.462,16.764,80.772,121.412,64,0.65,0.0317,,,,0.56,0.00569,0.000277,1.08,0.0109,0.000534,,,,,526,20.5,892980,0.0555342336894443,"Surface","Dairy","Corn-Alfalfa","Cultivated Crops","Cultivated Crops","Yes","Random tile in waterways","Hortonville silt loam","Moderate-infiltration","Well drained",4,0.31,2004,"Growing season",0.95,0,0,0,0,,0.95,0.95,0.95,0.95,0.95,0.95,"Current crop",0,"Current pre-growing season + growing season",,
"USGS-442944087354100","P1",1,0,0,"Non-Frozen","Storm","2004-24",1,2004-06-13 19:00:00,2004-06-13 20:00:00,304.2,0.1884,6.096,3.1,1.966468,24.384,18.288,13.208,8.128,4.318,180.2,0.5765,180.3,0.5771,0,5.334,85.598,125.476,96,1.82,0.0889,,,,0.69,0.0131,0.000639,1.08,0.0206,0.001,,,,,527,20.5,892980,0.103832291876638,"Surface","Dairy","Corn-Alfalfa","Cultivated Crops","Cultivated Crops","Yes","Random tile in waterways","Hortonville silt loam","Moderate-infiltration","Well drained",4,0.31,2004,"Growing season",0.95,0,0,0,0,,0.95,0.95,0.95,0.95,0.95,0.95,"Current crop",0,"Current pre-growing season + growing season",,
"USGS-442944087354100","P1",0,0,0,"Non-Frozen","Storm","2004-25",1,2004-06-17 05:21:00,2004-06-17 08:38:00,5898,1.079,23.368,2.633,8.87476,115.824,79.248,58.928,35.052,21.336,860.6,11.88,846.6,11.68,0,0,32.512,93.726,51,18.8,0.916,,,,1.51,0.556,0.0271,2,0.735,0.0359,,,,,528,20.5,892980,2.0131586373715,"Surface","Dairy","Corn-Alfalfa","Cultivated Crops","Cultivated Crops","Yes","Random tile in waterways","Hortonville silt loam","Moderate-infiltration","Well drained",4,0.31,2004,"Growing season",0.95,0,0,0,0,,0.95,0.95,0.95,0.95,0.95,0.95,"Current crop",0,"Current pre-growing season + growing season",,
"USGS-442944087354100","P1",0,0,0,"Frozen","Storm","2005-1",1,2004-12-31 01:56:00,2004-12-31 08:00:00,6520,0.8432,2.286,1.717,1.331722,6.096,4.572,4.064,2.54,1.524,45.86,0.04586,52.72,0.05272,5.08,5.08,5.08,5.08,21,8.55,0.417,200,81.4,3.97,1.85,0.753,0.0367,2.08,0.848,0.0414,,,,,529,20.5,892980,2.22546529597527,"Surface","Dairy","Corn-Alfalfa","Cultivated Crops","Cultivated Crops","Yes","Random tile in waterways","Hortonville silt loam","Moderate-infiltration","Well drained",4,0.31,2005,"Post-growing season",0.95,1.9,0,1.9,0,0,0.95,0.95,0,0,0,0.95,"Previous crop",0,"Previous growing season + current post-growing season",0,"No"
"USGS-442944087354100","P1",0,0,0,"Frozen","Storm","2005-2",1,2005-01-02 08:42:00,2005-01-02 13:00:00,5804,1.578,9.906,4.1,2.416048,36.576,27.432,21.336,13.716,7.874,295.9,1.598,298.3,1.611,0,0,7.366,7.366,3,1.09,0.053,200,72.5,3.53,0.514,0.186,0.00908,0.617,0.224,0.0109,,,,,530,20.5,892980,1.98107370825774,"Surface","Dairy","Corn-Alfalfa","Cultivated Crops","Cultivated Crops","Yes","Random tile in waterways","Hortonville silt loam","Moderate-infiltration","Well drained",4,0.31,2005,"Pre-growing season",0.95,1.9,0,1.9,0,0,0.95,0.95,0,0,0,0.95,"Previous crop",1.9,"Current post-growing season + pre-growing season",0,"No"
"USGS-442944087354100","P1",0,0,0,"Frozen","Storm","2005-3",1,2005-01-02 18:40:00,2005-01-02 22:03:00,1256,0.2025,0.254,,,,,,,,,,,,9.906,9.906,17.272,17.272,16,1.25,0.0612,200,15.7,0.765,0.707,0.0554,0.0027,1.6,0.125,0.0061,,,,,531,20.5,892980,0.428709265605053,"Surface","Dairy","Corn-Alfalfa","Cultivated Crops","Cultivated Crops","Yes","Random tile in waterways","Hortonville silt loam","Moderate-infiltration","Well drained",4,0.31,2005,"Pre-growing season",0.95,1.9,0,1.9,0,0,0.95,0.95,0,0,0,0.95,"Previous crop",1.9,"Current post-growing season + pre-growing season",0,"No"
"USGS-442944087354100","P1",0,0,0,"Frozen","Storm","2005-4",1,2005-01-12 22:55:00,2005-01-13 09:00:00,9886,0.5552,1.016,3.533,0.287528,3.048,1.524,1.016,1.016,0.508,18.72,0.007487,16.5,0.006602,5.334,5.588,5.588,23.114,18,11.1,0.542,1170,721,35.2,0.97,0.599,0.0292,3.91,2.42,0.118,,,,,532,20.5,892980,3.37437882147417,"Surface","Dairy","Corn-Alfalfa","Cultivated Crops","Cultivated Crops","Yes","Random tile in waterways","Hortonville silt loam","Moderate-infiltration","Well drained",4,0.31,2005,"Pre-growing season",0.95,1.9,0,1.9,0,0,0.95,0.95,0,0,0,0.95,"Previous crop",1.9,"Current post-growing season + pre-growing season",0,"No"
"USGS-442944087354100","P1",0,0,0,"Frozen","Storm","2005-5",1,2005-02-06 20:50:00,2005-02-08 05:23:00,40480,0.8779,8.4582,20.67,0.409194,5.4864,4.1148,3.6576,2.7432,2.0574,127.7,0.1379,136.7,0.1477,0,0,0,0,29,73.3,3.58,550,1390,67.8,1.64,4.14,0.202,2.87,7.25,0.354,,,,,533,20.5,892980,13.8169992609017,"Surface","Dairy","Corn-Alfalfa","Cultivated Crops","Cultivated Crops","Yes","Random tile in waterways","Hortonville silt loam","Moderate-infiltration","Well drained",4,0.31,2005,"Pre-growing season",0.95,1.9,0,1.9,0,0,0.95,0.95,0,0,0,0.95,"Previous crop",1.9,"Current post-growing season + pre-growing season",0,"No"
"USGS-442944087354100","P1",0,0,0,"Frozen","Storm","2005-6",1,2005-03-07 10:00:00,2005-03-07 17:34:00,2426,0.1475,0,,,,,,,,,,,,0,0,0,0,11,1.67,0.0813,58,8.79,0.429,0.56,0.0848,0.00414,0.63,0.0954,0.00465,,,,,534,20.5,892980,0.828064234361352,"Surface","Dairy","Corn-Alfalfa","Cultivated Crops","Cultivated Crops","Yes","Random tile in waterways","Hortonville silt loam","Moderate-infiltration","Well drained",4,0.31,2005,"Pre-growing season",0.95,1.9,0,1.9,0,0,0.95,0.95,0,0,0,0.95,"Previous crop",1.9,"Current post-growing season + pre-growing season",0,"No"
"USGS-442944087354100","P1",0,0,0,"Frozen","Storm","2005-7",1,2005-03-27 19:20:00,2005-03-28 06:00:00,21860,1.795,0,,,,,,,,,,,,0,0,0,0,23,31.4,1.53,288,393,19.2,2.25,3.07,0.15,3.7,5.05,0.246,,,,,535,20.5,892980,7.46145266411342,"Surface","Dairy","Corn-Alfalfa","Cultivated Crops","Cultivated Crops","Yes","Random tile in waterways","Hortonville silt loam","Moderate-infiltration","Well drained",4,0.31,2005,"Pre-growing season",0.95,1.9,0,1.9,0,0,0.95,0.95,0,0,0,0.95,"Previous crop",1.9,"Current post-growing season + pre-growing season",0,"No"
"USGS-442944087354100","P1",0,0,0,"Frozen","Storm","2005-8",1,2005-03-28 17:19:00,2005-03-29 02:20:00,45720,3.252,0,,,,,,,,,,,,0,0,0,0,42,120,5.85,222,634,30.9,2.2,6.28,0.306,3.76,10.7,0.524,,,,,536,20.5,892980,15.6055633944769,"Surface","Dairy","Corn-Alfalfa","Cultivated Crops","Cultivated Crops","Yes","Random tile in waterways","Hortonville silt loam","Moderate-infiltration","Well drained",4,0.31,2005,"Pre-growing season",0.95,1.9,0,1.9,0,0,0.95,0.95,0,0,0,0.95,"Previous crop",1.9,"Current post-growing season + pre-growing season",0,"No"
"USGS-442944087354100","P1",0,0,0,"Frozen","Storm","2005-9",1,2005-03-29 15:45:00,2005-03-30 00:11:00,29160,2.16,0,,,,,,,,,,,,0,0,0,0,43,78.3,3.82,114,208,10.1,1.26,2.29,0.112,2.18,3.97,0.194,,,,,537,20.5,892980,9.95315460592622,"Surface","Dairy","Corn-Alfalfa","Cultivated Crops","Cultivated Crops","Yes","Random tile in waterways","Hortonville silt loam","Moderate-infiltration","Well drained",4,0.31,2005,"Pre-growing season",0.95,1.9,0,1.9,0,0,0.95,0.95,0,0,0,0.95,"Previous crop",1.9,"Current post-growing season + pre-growing season",0,"No"
"USGS-442944087354100","P1",0,0,0,"Non-Frozen","Storm","2005-12",1,2005-08-19 03:00:00,2005-08-19 04:17:00,1090,0.5596,116.6114,3.367,34.6456,178.9176,169.6212,158.5976,131.7752,102.3366,4867,252.5,4751,246.5,0,0,5.9436,19.4564,151,10.3,0.501,262,17.8,0.87,1.69,0.115,0.00562,2.15,0.146,0.00714,,,,,538,20.5,892980,0.372048646106296,"Surface","Dairy","Corn-Alfalfa","Cultivated Crops","Cultivated Crops","Yes","Random tile in waterways","Hortonville silt loam","Moderate-infiltration","Well drained",4,0.31,2005,"Growing season",0.95,1.9,0,1.9,0,0,0.95,0.95,0,0,0,0,"Current crop",1.9,"Current pre-growing season + growing season",,
"USGS-442944087354100","P1",0,0,0,"Frozen","Storm","2006-5",1,2006-03-10 16:15:00,2006-03-11 00:41:00,10440,0.9991,0,,,,,,,,,,,,0.6858,4.3434,13.0302,13.716,93,60.6,2.96,140,91.3,4.45,0.536,0.349,0.017,0.8,0.522,0.0254,,,,,539,20.5,892980,3.56347510582544,"Surface","Dairy","Corn-Alfalfa","Cultivated Crops","Cultivated Crops","Yes","Random tile in waterways","Hortonville silt loam","Moderate-infiltration","Well drained",4,0.31,2006,"Pre-growing season",0.95,2.85,0,1.9,0.95,0,0.95,0,0,0,0,0,"Previous crop",1.9,"Current post-growing season + pre-growing season",0,"No"
"USGS-442944087354100","P1",0,0,0,"Frozen","Storm","2006-6",1,2006-03-11 16:15:00,2006-03-11 22:45:00,3589,0.5032,0,,,,,,,,,,,,0,0.6858,13.0302,13.716,62,13.9,0.678,156,35,1.71,0.673,0.151,0.00736,0.87,0.195,0.00951,,,,,540,20.5,892980,1.22502989988578,"Surface","Dairy","Corn-Alfalfa","Cultivated Crops","Cultivated Crops","Yes","Random tile in waterways","Hortonville silt loam","Moderate-infiltration","Well drained",4,0.31,2006,"Pre-growing season",0.95,2.85,0,1.9,0.95,0,0.95,0,0,0,0,0,"Previous crop",1.9,"Current post-growing season + pre-growing season",0,"No"
"USGS-442944087354100","P1",0,0,0,"Frozen","Storm","2006-7",1,2006-03-12 03:47:00,2006-03-12 08:26:00,6456,1.526,8.4836,0.7167,11.8364,30.48,26.2128,19.304,15.1384,8.4836,295.2,1.76,285.4,1.701,0,0.2286,12.573,13.716,1290,519,25.3,360,145,7.08,0.75,0.302,0.0147,3.18,1.28,0.0625,,,,,541,20.5,892980,2.20362023785527,"Surface","Dairy","Corn-Alfalfa","Cultivated Crops","Cultivated Crops","Yes","Random tile in waterways","Hortonville silt loam","Moderate-infiltration","Well drained",4,0.31,2006,"Pre-growing season",0.95,2.85,0,1.9,0.95,0,0.95,0,0,0,0,0,"Previous crop",1.9,"Current post-growing season + pre-growing season",0,"No"
"USGS-442944087354100","P1",0,0,0,"Frozen","Storm","2006-8",1,2006-03-13 06:15:00,2006-03-13 13:30:00,8380,1.139,13.716,5.717,2.399284,10.9728,9.6012,9.144,7.3152,7.0866,307.4,0.8854,351.8,1.013,0.4572,8.9408,20.1422,22.6568,654,342,16.7,402,210,10.3,0.698,0.365,0.0178,2.2,1.15,0.0561,,,,,542,20.5,892980,2.86033729758785,"Surface","Dairy","Corn-Alfalfa","Cultivated Crops","Cultivated Crops","Yes","Random tile in waterways","Hortonville silt loam","Moderate-infiltration","Well drained",4,0.31,2006,"Pre-growing season",0.95,2.85,0,1.9,0.95,0,0.95,0,0,0,0,0,"Previous crop",1.9,"Current post-growing season + pre-growing season",0,"No"
"USGS-442944087354100","P1",0,0,0,"Non-Frozen","Storm","2006-9",3,2006-05-11 14:45:00,2006-05-12 14:55:00,48980,2.175,67.8942,31.73,2.139442,10.9728,9.6012,9.144,7.3152,7.0866,1462,4.209,1697,4.887,0.2286,5.9436,5.9436,31.5468,328,1000,49,290,886,43.2,1.18,3.6,0.176,2.18,6.67,0.326,,,,,543,20.5,892980,16.7182960424646,"Surface","Dairy","Corn-Alfalfa","Cultivated Crops","Cultivated Crops","Yes","Random tile in waterways","Hortonville silt loam","Moderate-infiltration","Well drained",4,0.31,2006,"Pre-growing season",0.95,2.85,0,1.9,0.95,0,0.95,0,0,0,0,0,"Previous crop",1.9,"Current post-growing season + pre-growing season",0,"No"
"USGS-442944087354100","P1",0,0,0,"Non-Frozen","Storm","2006-13",1,2006-05-28 07:26:00,2006-05-28 11:09:00,47280,15.5,45.5676,2.35,19.39036,103.0224,88.2396,72.136,62.1284,39.4716,1859,45.46,1784,43.63,0.4572,0.4572,1.8288,22.6822,6410,18900,922,248,732,35.7,0.733,2.16,0.106,11.1,32.7,1.6,,,,,544,20.5,892980,16.138036686152,"Surface","Dairy","Corn-Alfalfa","Cultivated Crops","Cultivated Crops","Yes","Random tile in waterways","Hortonville silt loam","Moderate-infiltration","Well drained",4,0.31,2006,"Pre-growing season",0.95,2.85,0,1.9,0.95,0,0.95,0,0,0,0,0,"Previous crop",1.9,"Current post-growing season + pre-growing season",0,"No"
"USGS-442944087354100","P1",0,0,0,"Non-Frozen","Storm","2006-14",1,2006-05-30 15:15:00,2006-05-30 17:55:00,3184,1.062,9.8298,2.483,3.95732,51.816,35.6616,24.6888,14.6304,7.7724,335.5,1.932,329.6,1.899,0,0,47.3964,54.483,5780,1150,56.1,380,75.5,3.68,0.7,0.139,0.00679,11.2,2.23,0.109,,,,,545,20.5,892980,1.08679164147013,"Surface","Dairy","Corn-Alfalfa","Cultivated Crops","Cultivated Crops","Yes","Random tile in waterways","Hortonville silt loam","Moderate-infiltration","Well drained",4,0.31,2006,"Pre-growing season",0.95,2.85,0,1.9,0.95,0,0.95,0,0,0,0,0,"Previous crop",1.9,"Current post-growing season + pre-growing season",0,"No"
"USGS-442944087354100","P1",0,0,0,"Non-Frozen","Storm","2006-15",1,2006-05-31 07:40:00,2006-05-31 11:09:00,4491,0.931,12.1158,6.3,1.923034,21.9456,20.574,18.288,14.6304,8.9154,336.7,1.939,343.1,1.976,10.0584,10.0584,57.4548,64.5414,1220,343,16.7,264,74,3.61,0.747,0.209,0.0102,3.18,0.892,0.0435,,,,,546,20.5,892980,1.53290868776456,"Surface","Dairy","Corn-Alfalfa","Cultivated Crops","Cultivated Crops","Yes","Random tile in waterways","Hortonville silt loam","Moderate-infiltration","Well drained",4,0.31,2006,"Pre-growing season",0.95,2.85,0,1.9,0.95,0,0.95,0,0,0,0,0,"Previous crop",1.9,"Current post-growing season + pre-growing season",0,"No"
"USGS-442944087354100","P1",0,0,0,"Frozen","Storm","2007-2",2,2007-03-12 18:00:00,2007-03-14 05:45:00,148900,6.054,0,,,,,,,,,,,,5.4864,5.4864,5.4864,12.1158,393,3660,178,126,1170,57,0.414,3.85,0.188,1,9.29,0.453,,,,,547,20.5,892980,50.8238930323188,"Surface","Dairy","Corn-Alfalfa","Cultivated Crops","Cultivated Crops","Yes","Random tile in waterways","Hortonville silt loam","Moderate-infiltration","Well drained",4,0.31,2007,"Pre-growing season",0.95,2.85,0.95,1.9,0,0.95,0.95,0,0,0,0,0,"Previous crop",2.85,"Current post-growing season + pre-growing season",0,"No"
"USGS-442944087354100","P1",0,0,0,"Frozen","Storm","2007-5",1,2007-03-22 07:19:00,2007-03-22 10:57:00,3240,0.7738,0,,,,,,,,,,,,7.366,7.366,7.366,12.8524,3240,654,31.9,538,109,5.31,0.682,0.138,0.00673,6.81,1.38,0.0672,,,,,548,20.5,892980,1.10590606732514,"Surface","Dairy","Corn-Alfalfa","Cultivated Crops","Cultivated Crops","Yes","Random tile in waterways","Hortonville silt loam","Moderate-infiltration","Well drained",4,0.31,2007,"Pre-growing season",0.95,2.85,0.95,1.9,0,0.95,0.95,0,0,0,0,0,"Previous crop",2.85,"Current post-growing season + pre-growing season",0,"No"
"USGS-442944087354100","P1",0,0,0,"Frozen","Storm","2008-1",1,2008-01-07 18:22:00,2008-01-08 09:00:00,10700,0.8292,19.0246,14.87,1.279652,40.2336,29.8704,21.7424,19.6088,12.827,592.2,4.572,581.6,4.49,0.2286,0.2286,0.2286,0.2286,580,388,18.9,350,234,11.4,0.716,0.478,0.0233,1.93,1.29,0.0629,,,,,549,20.5,892980,3.65222065443795,"Surface","Dairy","Corn-Alfalfa","Cultivated Crops","Cultivated Crops","Yes","Random tile in waterways","Hortonville silt loam","Moderate-infiltration","Well drained",4,0.31,2008,"Pre-growing season",0.95,2.85,0,1.9,0.95,0,0.95,0,0,0,0,0,"Previous crop",1.9,"Current post-growing season + pre-growing season",0,"No"
"USGS-442944087354100","P1",0,0,0,"Frozen","Storm","2008-2",1,2008-01-08 15:05:00,2008-01-09 07:35:00,19010,1.059,23.7998,12.65,1.881378,24.9936,19.3548,15.6464,12.3952,9.1694,540.8,2.639,601.3,2.935,19.0246,19.2532,19.2532,19.2532,241,286,14,440,522,25.5,0.831,0.986,0.0481,1.47,1.74,0.0851,,,,,550,20.5,892980,6.48866491970705,"Surface","Dairy","Corn-Alfalfa","Cultivated Crops","Cultivated Crops","Yes","Random tile in waterways","Hortonville silt loam","Moderate-infiltration","Well drained",4,0.31,2008,"Pre-growing season",0.95,2.85,0,1.9,0.95,0,0.95,0,0,0,0,0,"Previous crop",1.9,"Current post-growing season + pre-growing season",0,"No"
"USGS-442944087354100","P1",0,0,0,"Frozen","Storm","2008-4",1,2008-03-19 18:00:00,2008-03-20 00:50:00,835.3,0.05414,0,,,,,,,,,,,,0,0,0.6858,0.6858,24,1.25,0.0611,156,8.13,0.397,0.372,0.0194,0.000946,0.465,0.0242,0.00118,,,,,551,20.5,892980,0.285112141369348,"Surface","Dairy","Corn-Alfalfa","Cultivated Crops","Cultivated Crops","Yes","Random tile in waterways","Hortonville silt loam","Moderate-infiltration","Well drained",4,0.31,2008,"Pre-growing season",0.95,2.85,0,1.9,0.95,0,0.95,0,0,0,0,0,"Previous crop",1.9,"Current post-growing season + pre-growing season",0,"No"
"USGS-442944087354100","P1",0,0,0,"Non-Frozen","Storm","2008-5",1,2008-04-09 03:22:00,2008-04-09 04:54:00,178.2,0.05091,25.654,7.117,3.60426,12.192,10.668,9.144,6.604,5.842,564.3,1.467,665.9,1.731,0,0,0,17.272,535,5.95,0.29,652,7.25,0.354,0.798,0.00888,0.000433,2.08,0.0231,0.00113,,,,,552,20.5,892980,0.0608248337028825,"Surface","Dairy","Corn-Alfalfa","Cultivated Crops","Cultivated Crops","Yes","Random tile in waterways","Hortonville silt loam","Moderate-infiltration","Well drained",4,0.31,2008,"Pre-growing season",0.95,2.85,0,1.9,0.95,0,0.95,0,0,0,0,0,"Previous crop",1.9,"Current post-growing season + pre-growing season",0,"No"
"USGS-442944087354100","P1",0,0,0,"Non-Frozen","Storm","2008-6",1,2008-04-11 01:46:00,2008-04-11 15:00:00,8720,0.4313,31.496,16.52,1.907032,15.24,9.144,8.128,7.112,6.096,671.8,1.881,776.2,2.173,0,28.702,28.702,45.974,256,139,6.8,516,281,13.7,0.869,0.473,0.0231,1.47,0.8,0.039,,,,,553,20.5,892980,2.97638916885037,"Surface","Dairy","Corn-Alfalfa","Cultivated Crops","Cultivated Crops","Yes","Random tile in waterways","Hortonville silt loam","Moderate-infiltration","Well drained",4,0.31,2008,"Pre-growing season",0.95,2.85,0,1.9,0.95,0,0.95,0,0,0,0,0,"Previous crop",1.9,"Current post-growing season + pre-growing season",0,"No"
"USGS-442944087354100","P1",0,0,0,"Non-Frozen","Storm","2008-8",1,2008-06-08 14:25:00,2008-06-08 20:15:00,1781,0.288,26.416,5.017,5.26542,30.48,25.908,17.272,13.716,10.414,706,3.812,765.1,4.132,7.112,7.112,27.686,30.48,152,16.9,0.825,584,64.9,3.17,1.33,0.148,0.00722,1.8,0.2,0.00976,,,,,554,20.5,892980,0.6079070079957,"Surface","Dairy","Corn-Alfalfa","Cultivated Crops","Cultivated Crops","Yes","Random tile in waterways","Hortonville silt loam","Moderate-infiltration","Well drained",4,0.31,2008,"Growing season",0.95,2.85,0,1.9,0.95,0,0.95,0,0,0,0,0,"Current crop",2.85,"Current pre-growing season + growing season",,
"USGS-442944087354100","P1",0,0,0,"Non-Frozen","Storm","2008-9",1,2008-06-08 23:30:00,2008-06-09 09:13:00,32170,2.215,27.94,9.1,3.07086,48.768,38.1,31.496,23.876,13.716,815.3,7.664,843,7.924,33.02,33.528,54.102,56.896,384,771,37.6,454,912,44.5,1.13,2.27,0.111,2.1,4.22,0.206,,,,,555,20.5,892980,10.9805549956326,"Surface","Dairy","Corn-Alfalfa","Cultivated Crops","Cultivated Crops","Yes","Random tile in waterways","Hortonville silt loam","Moderate-infiltration","Well drained",4,0.31,2008,"Growing season",0.95,2.85,0,1.9,0.95,0,0.95,0,0,0,0,0,"Current crop",2.85,"Current pre-growing season + growing season",,
"USGS-442944087354100","P1",0,0,0,"Non-Frozen","Storm","2008-10",1,2008-06-13 00:23:00,2008-06-13 10:46:00,50390,15.6,55.372,10.1,5.48132,124.968,94.488,80.264,49.276,25.654,1974,38.29,1963,38.09,3.048,3.048,64.516,87.884,5930,18700,910,260,818,39.9,0.78,2.45,0.12,10.4,32.7,1.6,,,,,556,20.5,892980,17.1995699791709,"Surface","Dairy","Corn-Alfalfa","Cultivated Crops","Cultivated Crops","Yes","Random tile in waterways","Hortonville silt loam","Moderate-infiltration","Well drained",4,0.31,2008,"Growing season",0.95,2.85,0,1.9,0.95,0,0.95,0,0,0,0,0,"Current crop",2.85,"Current pre-growing season + growing season",,
"USGS-442944087354100","P1",0,0,0,"Non-Frozen","Storm","2010-1",1,2009-10-06 20:12:00,2009-10-06 21:46:00,187.1,0.09465,27.432,15.97,1.718056,16.4592,13.716,11.8872,8.6868,5.9436,579,1.98,666.8,2.28,0,0,18.5166,66.0908,1550,18.1,0.882,434,5.07,0.247,0.269,0.00314,0.000153,3.14,0.0366,0.00179,,,,,557,20.5,892980,0.0638626620976954,"Surface","Dairy","Corn-Alfalfa","Cultivated Crops","Cultivated Crops","Yes","Random tile in waterways","Hortonville silt loam","Moderate-infiltration","Well drained",4,0.31,2010,"Post-growing season",,,,,,,,,,,,,"Previous crop",,"Previous growing season + current post-growing season",,
"USGS-442916087362600","P2",0,0,0,"Non-Frozen","Storm","2004-1",1,2003-11-23 13:21:00,2003-11-23 15:40:00,231.4,0.09813,43.2816,11.78,3.67284,30.7848,26.5176,24.0792,16.1544,10.9728,1277,8.123,1304,8.292,0,0,0,0,2080,30,1.36,,,,0.183,0.00264,0.00012,3.37,0.0487,0.0022,,,,,558,22.1,962676,0.0732652730513693,"Surface","Dairy","Corn-Alfalfa","Cultivated Crops","Cultivated Crops","Yes",,"Hortonville silt loam","Moderate-infiltration","Well drained",4,0.31,2004,"Post-growing season",0.94,0,0,0,0,,0.94,0.94,0.94,0.94,0.94,0.94,"Previous crop",,"Previous growing season + current post-growing season",0.94,"Partial"
"USGS-442916087362600","P2",1,0,0,"Frozen","Storm","2004-4",2,2004-02-20 14:00:00,2004-02-21 04:04:00,1935,0.0903,11.43,14.17,0.806704,5.4864,4.1148,2.7432,2.7432,2.0574,183.4,0.198,215.2,0.2324,0,0,0,0,48.7,5.88,0.266,,,,0.142,0.0171,0.000774,0.183,0.0222,0.001,,,,,559,22.1,962676,0.61265472495419,"Surface","Dairy","Corn-Alfalfa","Cultivated Crops","Cultivated Crops","Yes",,"Hortonville silt loam","Moderate-infiltration","Well drained",4,0.31,2004,"Pre-growing season",0.94,0,0,0,0,,0.94,0.94,0.94,0.94,0.94,0.94,"Previous crop",0,"Current post-growing season + pre-growing season",0.94,"Partial"
"USGS-442916087362600","P2",0,0,0,"Frozen","Storm","2004-5",6,2004-02-29 18:00:00,2004-03-04 03:45:00,141000,2.355,9.6012,15.4,0.62357,8.2296,8.2296,5.4864,4.1148,2.5146,177.9,0.2883,199.7,0.3235,0,0,2.0574,14.4018,27.8,245,11.1,,,,0.015,0.0868,0.00393,0.011,0.0566,0.00256,,,"<","<",560,22.1,962676,44.6430574772821,"Surface","Dairy","Corn-Alfalfa","Cultivated Crops","Cultivated Crops","Yes",,"Hortonville silt loam","Moderate-infiltration","Well drained",4,0.31,2004,"Pre-growing season",0.94,0,0,0,0,,0.94,0.94,0.94,0.94,0.94,0.94,"Previous crop",0,"Current post-growing season + pre-growing season",0.94,"Partial"
"USGS-442916087362600","P2",0,0,0,"Frozen","Storm","2004-7",4,2004-03-05 10:57:00,2004-03-06 05:30:00,36440,1.65,32.2326,8.15,3.95478,24.6888,19.2024,15.5448,15.0876,11.2014,853.2,5.068,919.9,5.464,0.2286,0.2286,9.8298,22.86,19.1,43.5,1.97,,,,0.055,0.102,0.00461,0.798,1.81,0.0821,,,"<",,561,22.1,962676,11.5375391097316,"Surface","Dairy","Corn-Alfalfa","Cultivated Crops","Cultivated Crops","Yes",,"Hortonville silt loam","Moderate-infiltration","Well drained",4,0.31,2004,"Pre-growing season",0.94,0,0,0,0,,0.94,0.94,0.94,0.94,0.94,0.94,"Previous crop",0,"Current post-growing season + pre-growing season",0.94,"Partial"
"USGS-442916087362600","P2",0,0,0,"Frozen","Storm","2004-9",1,2004-03-14 15:05:00,2004-03-14 19:20:00,1113,0.1306,0.2286,,,,,,,,,,,,5.4864,5.4864,8.2296,56.007,212,14.7,0.666,,,,0.12,0.00833,0.000377,0.362,0.0251,0.00114,,,,,562,22.1,962676,0.352395198384503,"Surface","Dairy","Corn-Alfalfa","Cultivated Crops","Cultivated Crops","Yes",,"Hortonville silt loam","Moderate-infiltration","Well drained",4,0.31,2004,"Pre-growing season",0.94,0,0,0,0,,0.94,0.94,0.94,0.94,0.94,0.94,"Previous crop",0,"Current post-growing season + pre-growing season",0.94,"Partial"
"USGS-442916087362600","P2",0,0,0,"Non-Frozen","Storm","2004-11",1,2004-03-29 00:30:00,2004-03-29 05:50:00,4371,0.697,20.701,4.9,4.22402,13.716,12.3444,11.176,10.16,7.874,532,2.128,579.6,2.319,0,0,6.6294,11.2014,230,62.8,2.84,,,,0.19,0.0518,0.00235,1.29,0.352,0.0159,,,,,563,22.1,962676,1.38393478179574,"Surface","Dairy","Corn-Alfalfa","Cultivated Crops","Cultivated Crops","Yes",,"Hortonville silt loam","Moderate-infiltration","Well drained",4,0.31,2004,"Pre-growing season",0.94,0,0,0,0,,0.94,0.94,0.94,0.94,0.94,0.94,"Previous crop",0,"Current post-growing season + pre-growing season",0.94,"Partial"
"USGS-442916087362600","P2",0,0,0,"Non-Frozen","Storm","2004-12",1,2004-03-30 22:25:00,2004-03-31 01:40:00,732.4,0.09726,6.604,6.9,0.957072,3.048,3.048,3.048,2.54,1.778,104.8,0.1048,124.6,0.1246,0,20.701,27.3304,31.9024,20,0.914,0.0414,,,,0.176,0.00805,0.000364,0.19,0.00869,0.000393,,,,,564,22.1,962676,0.231890604938733,"Surface","Dairy","Corn-Alfalfa","Cultivated Crops","Cultivated Crops","Yes",,"Hortonville silt loam","Moderate-infiltration","Well drained",4,0.31,2004,"Pre-growing season",0.94,0,0,0,0,,0.94,0.94,0.94,0.94,0.94,0.94,"Previous crop",0,"Current post-growing season + pre-growing season",0.94,"Partial"
"USGS-442916087362600","P2",0,0,0,"Non-Frozen","Storm","2004-13",1,2004-05-08 23:17:00,2004-05-09 04:35:00,4523,0.7846,35.3568,1.833,19.28622,113.0808,94.7928,87.6808,53.6956,30.5308,1396,29.52,1364,28.84,25.1968,25.1968,27.94,43.942,290,81.9,3.71,,,,0.214,0.0604,0.00273,0.744,0.21,0.00951,,,,,565,22.1,962676,1.43206063099111,"Surface","Dairy","Corn-Alfalfa","Cultivated Crops","Cultivated Crops","Yes",,"Hortonville silt loam","Moderate-infiltration","Well drained",4,0.31,2004,"Pre-growing season",0.94,0,0,0,0,,0.94,0.94,0.94,0.94,0.94,0.94,"Previous crop",0,"Current post-growing season + pre-growing season",0.94,"Partial"
"USGS-442916087362600","P2",0,0,0,"Non-Frozen","Storm","2004-14",1,2004-05-13 02:10:00,2004-05-13 05:36:00,946.9,0.1667,13.2842,4.533,2.93116,83.5152,56.0832,40.2336,23.8252,12.5984,507.9,4.764,495.5,4.648,0,0,64.4398,66.9544,132,7.8,0.353,,,,0.322,0.019,0.000861,0.721,0.0426,0.00193,,,,,566,22.1,962676,0.299805043441407,"Surface","Dairy","Corn-Alfalfa","Cultivated Crops","Cultivated Crops","Yes",,"Hortonville silt loam","Moderate-infiltration","Well drained",4,0.31,2004,"Pre-growing season",0.94,0,0,0,0,,0.94,0.94,0.94,0.94,0.94,0.94,"Previous crop",0,"Current post-growing season + pre-growing season",0.94,"Partial"
"USGS-442916087362600","P2",0,0,0,"Non-Frozen","Storm","2004-15",1,2004-05-13 22:53:00,2004-05-14 04:00:00,2991,0.679,7.366,1.25,5.8928,27.7368,19.3548,14.732,11.0744,6.9088,233.4,1.018,232.2,1.013,14.4272,14.4272,76.3524,81.3816,194,36.2,1.64,,,,0.161,0.0301,0.00136,0.642,0.12,0.00542,,,,,567,22.1,962676,0.94700272989043,"Surface","Dairy","Corn-Alfalfa","Cultivated Crops","Cultivated Crops","Yes",,"Hortonville silt loam","Moderate-infiltration","Well drained",4,0.31,2004,"Pre-growing season",0.94,0,0,0,0,,0.94,0.94,0.94,0.94,0.94,0.94,"Previous crop",0,"Current post-growing season + pre-growing season",0.94,"Partial"
"USGS-442916087362600","P2",0,0,0,"Non-Frozen","Storm","2004-16",1,2004-05-14 15:25:00,2004-05-15,4131,0.2928,7.3152,6.683,1.094486,2.7432,2.7432,2.7432,1.8288,1.8288,115.4,0.08308,140.1,0.1008,7.5946,22.0218,83.947,88.9762,92,23.7,1.07,,,,0.153,0.0395,0.00179,0.358,0.0923,0.00418,,,,,568,22.1,962676,1.30794659885569,"Surface","Dairy","Corn-Alfalfa","Cultivated Crops","Cultivated Crops","Yes",,"Hortonville silt loam","Moderate-infiltration","Well drained",4,0.31,2004,"Pre-growing season",0.94,0,0,0,0,,0.94,0.94,0.94,0.94,0.94,0.94,"Previous crop",0,"Current post-growing season + pre-growing season",0.94,"Partial"
"USGS-442916087362600","P2",0,0,0,"Non-Frozen","Storm","2004-17",1,2004-05-21 23:38:00,2004-05-22 03:40:00,1303,0.1947,6.4008,2.4,2.667,8.2296,5.4864,5.4864,4.572,3.6576,127.1,0.2288,155.2,0.2794,4.8006,27.178,29.0068,120.269,6,0.488,0.0221,,,,0.165,0.0134,0.000607,0.383,0.0311,0.00141,,,,,569,22.1,962676,0.412552509878713,"Surface","Dairy","Corn-Alfalfa","Cultivated Crops","Cultivated Crops","Yes",,"Hortonville silt loam","Moderate-infiltration","Well drained",4,0.31,2004,"Pre-growing season",0.94,0,0,0,0,,0.94,0.94,0.94,0.94,0.94,0.94,"Previous crop",0,"Current post-growing season + pre-growing season",0.94,"Partial"
"USGS-442916087362600","P2",0,0,0,"Non-Frozen","Storm","2004-18",2,2004-05-22 07:07:00,2004-05-22 21:00:00,2781,0.1655,5.4864,11.03,0.497332,5.4864,5.4864,4.572,3.6576,2.5146,97.79,0.1408,107.5,0.1548,11.2014,33.5788,35.4076,126.6698,80.8,14,0.635,,,,0.128,0.0222,0.001,0.287,0.0499,0.00226,,,,,570,22.1,962676,0.880513069817883,"Surface","Dairy","Corn-Alfalfa","Cultivated Crops","Cultivated Crops","Yes",,"Hortonville silt loam","Moderate-infiltration","Well drained",4,0.31,2004,"Pre-growing season",0.94,0,0,0,0,,0.94,0.94,0.94,0.94,0.94,0.94,"Previous crop",0,"Current post-growing season + pre-growing season",0.94,"Partial"
"USGS-442916087362600","P2",0,0,0,"Non-Frozen","Storm","2004-19",1,2004-05-23 11:16:00,2004-05-23 20:00:00,21290,2.79,27.2796,7.117,3.83286,45.72,32.004,24.384,15.748,13.97,792.9,4.916,817.6,5.069,2.5146,16.6878,40.894,71.6026,236,314,14.2,,,,0.072,0.0957,0.00433,0.452,0.601,0.0272,,,,,571,22.1,962676,6.74078506164068,"Surface","Dairy","Corn-Alfalfa","Cultivated Crops","Cultivated Crops","Yes",,"Hortonville silt loam","Moderate-infiltration","Well drained",4,0.31,2004,"Pre-growing season",0.94,0,0,0,0,,0.94,0.94,0.94,0.94,0.94,0.94,"Previous crop",0,"Current post-growing season + pre-growing season",0.94,"Partial"
"USGS-442916087362600","P2",0,0,0,"Non-Frozen","Storm","2004-20",2,2004-05-23 22:27:00,2004-05-24 20:00:00,73050,11.6,37.084,8.85,4.191,94.488,86.868,76.2,48.26,26.416,1413,26.85,1377,26.16,27.2796,36.6522,68.1736,98.6536,331,1510,68.4,,,,0.053,0.241,0.0109,0.523,2.38,0.108,,,,,572,22.1,962676,23.1289031823791,"Surface","Dairy","Corn-Alfalfa","Cultivated Crops","Cultivated Crops","Yes",,"Hortonville silt loam","Moderate-infiltration","Well drained",4,0.31,2004,"Pre-growing season",0.94,0,0,0,0,,0.94,0.94,0.94,0.94,0.94,0.94,"Previous crop",0,"Current post-growing season + pre-growing season",0.94,"Partial"
"USGS-442916087362600","P2",0,0,0,"Non-Frozen","Storm","2004-21",2,2004-05-31 14:03:00,2004-06-01,23830,2.844,28.194,7.667,3.67792,42.672,24.384,17.272,12.7,10.414,857.1,4.286,875.4,4.377,10.668,11.684,15.24,120.4976,119,177,8.02,,,,0.055,0.0814,0.00368,0.379,0.564,0.0255,,,,,573,22.1,962676,7.54499333108959,"Surface","Dairy","Corn-Alfalfa","Cultivated Crops","Cultivated Crops","Yes",,"Hortonville silt loam","Moderate-infiltration","Well drained",4,0.31,2004,"Pre-growing season",0.94,0,0,0,0,,0.94,0.94,0.94,0.94,0.94,0.94,"Previous crop",0,"Current post-growing season + pre-growing season",0.94,"Partial"
"USGS-442916087362600","P2",0,0,0,"Non-Frozen","Storm","2004-22",1,2004-06-09 07:11:00,2004-06-09 11:30:00,30220,12.62,56.896,2.2,25.8572,176.784,158.496,151.384,108.712,54.864,2412,103.2,2353,100.7,0,0,0.254,44.45,73,138,6.23,,,,0.08,0.151,0.00683,0.257,0.485,0.0219,,,,,574,22.1,962676,9.56817870186854,"Surface","Dairy","Corn-Alfalfa","Cultivated Crops","Cultivated Crops","Yes",,"Hortonville silt loam","Moderate-infiltration","Well drained",4,0.31,2004,"Growing season",0.94,0,0,0,0,,0.94,0.94,0.94,0.94,0.94,0.94,"Current crop",0,"Current pre-growing season + growing season",,
"USGS-442916087362600","P2",0,0,0,"Non-Frozen","Storm","2004-24",1,2004-06-11 08:43:00,2004-06-11 18:34:00,10200,0.6014,14.224,10.23,1.389888,6.096,6.096,5.08,4.572,3.556,262.7,0.4729,316.9,0.5704,3.302,66.294,66.548,107.188,33,21,0.951,,,,0.044,0.028,0.00127,0.247,0.157,0.00712,,,,,575,22.1,962676,3.22949777495232,"Surface","Dairy","Corn-Alfalfa","Cultivated Crops","Cultivated Crops","Yes",,"Hortonville silt loam","Moderate-infiltration","Well drained",4,0.31,2004,"Growing season",0.94,0,0,0,0,,0.94,0.94,0.94,0.94,0.94,0.94,"Current crop",0,"Current pre-growing season + growing season",,
"USGS-442916087362600","P2",0,0,0,"Non-Frozen","Storm","2004-25",1,2004-06-12 09:16:00,2004-06-12 12:48:00,3399,0.5847,5.08,3.433,1.47955,9.144,7.62,6.096,5.08,3.048,109,0.218,123,0.246,13.462,16.764,80.772,121.412,42,8.91,0.403,,,,0.095,0.0202,0.000912,0.208,0.0441,0.002,,,,,576,22.1,962676,1.07618264088852,"Surface","Dairy","Corn-Alfalfa","Cultivated Crops","Cultivated Crops","Yes",,"Hortonville silt loam","Moderate-infiltration","Well drained",4,0.31,2004,"Growing season",0.94,0,0,0,0,,0.94,0.94,0.94,0.94,0.94,0.94,"Current crop",0,"Current pre-growing season + growing season",,
"USGS-442916087362600","P2",0,0,0,"Non-Frozen","Storm","2004-26",1,2004-06-13 19:12:00,2004-06-13 21:50:00,3205,0.8376,6.604,5.75,1.148588,24.384,18.288,13.208,8.128,4.318,186.9,0.598,185.8,0.5947,0,5.334,85.598,125.476,52,10.4,0.471,,,,0.085,0.017,0.00077,0.23,0.046,0.00208,,,,,577,22.1,962676,1.01475885967865,"Surface","Dairy","Corn-Alfalfa","Cultivated Crops","Cultivated Crops","Yes",,"Hortonville silt loam","Moderate-infiltration","Well drained",4,0.31,2004,"Growing season",0.94,0,0,0,0,,0.94,0.94,0.94,0.94,0.94,0.94,"Current crop",0,"Current pre-growing season + growing season",,
"USGS-442916087362600","P2",0,0,0,"Non-Frozen","Storm","2004-27",1,2004-06-17 05:35:00,2004-06-17 09:35:00,7540,1.82,23.622,4.1,5.76072,115.824,79.248,58.928,35.052,21.336,863.8,11.92,848.6,11.71,0,0,32.512,93.726,130,61.2,2.77,,,,0.211,0.0993,0.00449,0.728,0.343,0.0155,,,,,578,22.1,962676,2.38729541403338,"Surface","Dairy","Corn-Alfalfa","Cultivated Crops","Cultivated Crops","Yes",,"Hortonville silt loam","Moderate-infiltration","Well drained",4,0.31,2004,"Growing season",0.94,0,0,0,0,,0.94,0.94,0.94,0.94,0.94,0.94,"Current crop",0,"Current pre-growing season + growing season",,
"USGS-442916087362600","P2",1,0,0,"Frozen","Storm","2005-1",1,2004-12-30 18:46:00,2004-12-31 02:49:00,5834,0.265,6.604,11.58,0.57023,6.096,6.096,5.08,4.064,2.794,118.8,0.19,134,0.2144,0,0,0,0,28,10.2,0.461,188,68.5,3.1,0.344,0.125,0.00567,0.413,0.15,0.00681,,,,,579,22.1,962676,1.84714608030116,"Surface","Dairy","Corn-Alfalfa","Cultivated Crops","Cultivated Crops","Yes",,"Hortonville silt loam","Moderate-infiltration","Well drained",4,0.31,2005,"Post-growing season",0.94,2.82,0.94,1.88,0,0,0.94,0.94,0,0.94,0.94,0.94,"Previous crop",0.94,"Previous growing season + current post-growing season",0.94,"Partial"
"USGS-442916087362600","P2",0,0,0,"Frozen","Storm","2005-4",1,2005-01-12 23:30:00,2005-01-13 07:00:00,7019,0.3612,1.016,3.533,0.287528,3.048,1.524,1.016,1.016,0.508,18.72,0.007487,16.5,0.006602,5.334,5.588,5.588,23.114,83,36.4,1.65,188,82.4,3.73,0.09,0.0394,0.00178,0.419,0.184,0.00831,,,,,580,22.1,962676,2.22233773356768,"Surface","Dairy","Corn-Alfalfa","Cultivated Crops","Cultivated Crops","Yes",,"Hortonville silt loam","Moderate-infiltration","Well drained",4,0.31,2005,"Pre-growing season",0.94,2.82,0.94,1.88,0,0,0.94,0.94,0,0.94,0.94,0.94,"Previous crop",2.82,"Current post-growing season + pre-growing season",0.94,"Partial"
"USGS-442916087362600","P2",0,0,0,"Frozen","Storm","2005-5",1,2005-02-06 03:11:00,2005-02-08 03:21:00,60470,0.7738,8.4582,20.67,0.409194,5.4864,4.1148,3.6576,2.7432,2.0574,127.7,0.1379,136.7,0.1477,0,0,0,0,102,385,17.4,72,272,12.3,0.03,0.0566,0.00256,0.342,1.29,0.0584,,,"<",,581,22.1,962676,19.1458559266046,"Surface","Dairy","Corn-Alfalfa","Cultivated Crops","Cultivated Crops","Yes",,"Hortonville silt loam","Moderate-infiltration","Well drained",4,0.31,2005,"Pre-growing season",0.94,2.82,0.94,1.88,0,0,0.94,0.94,0,0.94,0.94,0.94,"Previous crop",2.82,"Current post-growing season + pre-growing season",0.94,"Partial"
"USGS-442916087362600","P2",0,0,0,"Frozen","Storm","2005-6",1,2005-03-06 18:40:00,2005-03-07 16:14:00,28260,0.6014,0,,,,,,,,,,,,0,0,0,0,19,33.5,1.52,82,145,6.55,0.1,0.176,0.00798,0.19,0.335,0.0152,,,,,582,22.1,962676,8.94760854119143,"Surface","Dairy","Corn-Alfalfa","Cultivated Crops","Cultivated Crops","Yes",,"Hortonville silt loam","Moderate-infiltration","Well drained",4,0.31,2005,"Pre-growing season",0.94,2.82,0.94,1.88,0,0,0.94,0.94,0,0.94,0.94,0.94,"Previous crop",2.82,"Current post-growing season + pre-growing season",0.94,"Partial"
"USGS-442916087362600","P2",0,0,0,"Frozen","Storm","2005-7",1,2005-03-24 19:02:00,2005-03-25 05:00:00,12890,0.6302,0,,,,,,,,,,,,0,0,0,0,89,71.6,3.24,146,118,5.32,0.04,0.0322,0.00146,0.25,0.201,0.00911,,,,,583,22.1,962676,4.08119865873877,"Surface","Dairy","Corn-Alfalfa","Cultivated Crops","Cultivated Crops","Yes",,"Hortonville silt loam","Moderate-infiltration","Well drained",4,0.31,2005,"Pre-growing season",0.94,2.82,0.94,1.88,0,0,0.94,0.94,0,0.94,0.94,0.94,"Previous crop",2.82,"Current post-growing season + pre-growing season",0.94,"Partial"
"USGS-442916087362600","P2",0,0,0,"Frozen","Storm","2005-8",1,2005-03-25 18:03:00,2005-03-26 02:59:00,12770,0.6918,0,,,,,,,,,,,,0,0,0,0,99,78.9,3.57,132,105,4.76,0.02,0.0159,0.000722,0.36,0.287,0.013,,,,,584,22.1,962676,4.04320456726874,"Surface","Dairy","Corn-Alfalfa","Cultivated Crops","Cultivated Crops","Yes",,"Hortonville silt loam","Moderate-infiltration","Well drained",4,0.31,2005,"Pre-growing season",0.94,2.82,0.94,1.88,0,0,0.94,0.94,0,0.94,0.94,0.94,"Previous crop",2.82,"Current post-growing season + pre-growing season",0.94,"Partial"
"USGS-442916087362600","P2",0,0,0,"Frozen","Storm","2005-11",1,2005-03-28 15:31:00,2005-03-29 01:02:00,14920,0.7928,0,,,,,,,,,,,,0,0,0,0,881,821,37.1,164,153,6.91,0.02,0.0186,0.000843,1.11,1.03,0.0468,,,,,585,22.1,962676,4.72393203944006,"Surface","Dairy","Corn-Alfalfa","Cultivated Crops","Cultivated Crops","Yes",,"Hortonville silt loam","Moderate-infiltration","Well drained",4,0.31,2005,"Pre-growing season",0.94,2.82,0.94,1.88,0,0,0.94,0.94,0,0.94,0.94,0.94,"Previous crop",2.82,"Current post-growing season + pre-growing season",0.94,"Partial"
"USGS-442916087362600","P2",0,0,0,"Non-Frozen","Storm","2005-13",1,2005-08-19 02:40:00,2005-08-19 03:41:00,2892,2.405,116.6114,3.367,34.6456,178.9176,169.6212,158.5976,131.7752,102.3366,4867,252.5,4751,246.5,0,0,5.9436,19.4564,519,93.7,4.24,64,11.6,0.523,0.141,0.0255,0.00115,0.89,0.161,0.00727,,,,,586,22.1,962676,0.915657604427658,"Surface","Dairy","Corn-Alfalfa","Cultivated Crops","Cultivated Crops","Yes",,"Hortonville silt loam","Moderate-infiltration","Well drained",4,0.31,2005,"Growing season",0.94,2.82,0.94,1.88,0,0,0.94,0.94,0,0.94,0.94,0,"Current crop",1.88,"Current pre-growing season + growing season",,
"USGS-442916087362600","P2",0,0,0,"Frozen","Storm","2006-4",1,2006-01-29 11:29:00,2006-01-29 22:00:00,7639,0.2605,34.0614,23.12,1.473454,8.2296,6.858,5.4864,5.4864,4.1148,587.9,1.27,725.8,1.568,0,0,0,0,47,22.4,1.01,454,217,9.8,0.236,0.113,0.00509,0.43,0.205,0.00928,,,,,587,22.1,962676,2.41864053949615,"Surface","Dairy","Corn-Alfalfa","Cultivated Crops","Cultivated Crops","Yes",,"Hortonville silt loam","Moderate-infiltration","Well drained",4,0.31,2006,"Pre-growing season",0.94,2.82,0.94,1.88,0,0,0.94,0,0,0,0,0,"Previous crop",2.82,"Current post-growing season + pre-growing season",0,"No"
"USGS-442916087362600","P2",0,0,0,"Frozen","Storm","2006-5",1,2006-03-09 21:15:00,2006-03-10 10:15:00,8876,0.2486,0.6858,7.65,0.0896366,2.7432,1.3716,0.9144,0.4572,0.2286,13.26,0.002387,9.277,0.00167,3.6576,5.715,12.573,13.0302,25,13.9,0.627,202,112,5.06,0.14,0.0776,0.00351,0.243,0.135,0.00609,,,,,588,22.1,962676,2.81029629906635,"Surface","Dairy","Corn-Alfalfa","Cultivated Crops","Cultivated Crops","Yes",,"Hortonville silt loam","Moderate-infiltration","Well drained",4,0.31,2006,"Pre-growing season",0.94,2.82,0.94,1.88,0,0,0.94,0,0,0,0,0,"Previous crop",2.82,"Current post-growing season + pre-growing season",0,"No"
"USGS-442916087362600","P2",0,0,0,"Frozen","Storm","2006-6",1,2006-03-10 18:00:00,2006-03-11 04:09:00,15070,1.012,0,,,,,,,,,,,,0.6858,4.3434,13.0302,13.716,132,124,5.62,178,167,7.58,0.093,0.0875,0.00396,0.326,0.307,0.0139,,,,,589,22.1,962676,4.77142465377759,"Surface","Dairy","Corn-Alfalfa","Cultivated Crops","Cultivated Crops","Yes",,"Hortonville silt loam","Moderate-infiltration","Well drained",4,0.31,2006,"Pre-growing season",0.94,2.82,0.94,1.88,0,0,0.94,0,0,0,0,0,"Previous crop",2.82,"Current post-growing season + pre-growing season",0,"No"
"USGS-442916087362600","P2",0,0,0,"Frozen","Storm","2006-7",2,2006-03-11 17:00:00,2006-03-12 10:45:00,19110,1.895,8.4836,0.7167,11.8364,30.48,26.2128,19.304,15.1384,8.4836,295.2,1.76,285.4,1.701,0,0.2286,12.573,13.716,1380,1640,74.2,372,444,20.1,0.123,0.146,0.00661,2.14,2.56,0.116,,,,,590,22.1,962676,6.05055906660185,"Surface","Dairy","Corn-Alfalfa","Cultivated Crops","Cultivated Crops","Yes",,"Hortonville silt loam","Moderate-infiltration","Well drained",4,0.31,2006,"Pre-growing season",0.94,2.82,0.94,1.88,0,0,0.94,0,0,0,0,0,"Previous crop",2.82,"Current post-growing season + pre-growing season",0,"No"
"USGS-442916087362600","P2",0,0,0,"Frozen","Storm","2006-9",1,2006-03-13 05:45:00,2006-03-14 01:15:00,18660,1.154,14.1732,17.77,0.797814,10.9728,9.6012,9.144,7.3152,7.0866,313,0.9015,351.4,1.012,0.4572,8.9408,20.1422,22.6568,1240,1440,65.2,516,601,27.2,0.113,0.132,0.00596,2.06,2.4,0.109,,,,,591,22.1,962676,5.90808122358924,"Surface","Dairy","Corn-Alfalfa","Cultivated Crops","Cultivated Crops","Yes",,"Hortonville silt loam","Moderate-infiltration","Well drained",4,0.31,2006,"Pre-growing season",0.94,2.82,0.94,1.88,0,0,0.94,0,0,0,0,0,"Previous crop",2.82,"Current post-growing season + pre-growing season",0,"No"
"USGS-442916087362600","P2",0,0,0,"Non-Frozen","Storm","2006-12",1,2006-05-17 18:40:00,2006-05-17 22:15:00,2865,0.7048,3.8862,2.017,1.927098,16.4592,12.3444,10.0584,5.4864,2.9718,102.9,0.2223,106.4,0.2299,1.8288,3.8862,94.6912,101.092,4480,802,36.3,270,48.3,2.19,0.028,0.00501,0.000227,8.06,1.44,0.0652,,,,,592,22.1,962676,0.907108933846902,"Surface","Dairy","Corn-Alfalfa","Cultivated Crops","Cultivated Crops","Yes",,"Hortonville silt loam","Moderate-infiltration","Well drained",4,0.31,2006,"Pre-growing season",0.94,2.82,0.94,1.88,0,0,0.94,0,0,0,0,0,"Previous crop",2.82,"Current post-growing season + pre-growing season",0,"No"
"USGS-442916087362600","P2",0,0,0,"Non-Frozen","Storm","2006-13",1,2006-05-28 07:33:00,2006-05-28 09:45:00,24610,15.18,45.5676,2.35,19.39036,103.0224,88.2396,72.136,62.1284,39.4716,1859,45.46,1784,43.63,0.4572,0.4572,1.8288,22.6822,10000,15400,696,436,670,30.3,0.115,0.177,0.00799,11.8,18.2,0.822,,,,,593,22.1,962676,7.79195492564476,"Surface","Dairy","Corn-Alfalfa","Cultivated Crops","Cultivated Crops","Yes",,"Hortonville silt loam","Moderate-infiltration","Well drained",4,0.31,2006,"Pre-growing season",0.94,2.82,0.94,1.88,0,0,0.94,0,0,0,0,0,"Previous crop",2.82,"Current post-growing season + pre-growing season",0,"No"
"USGS-442916087362600","P2",0,0,0,"Non-Frozen","Storm","2006-14",1,2006-05-30 15:29:00,2006-05-30 17:30:00,7255,7.69,9.8298,2.483,3.95732,51.816,35.6616,24.6888,14.6304,7.7724,335.5,1.932,329.6,1.899,0,0,47.3964,54.483,13600,6140,278,452,205,9.26,0.102,0.0462,0.00209,15.7,7.1,0.321,,,,,594,22.1,962676,2.29705944679207,"Surface","Dairy","Corn-Alfalfa","Cultivated Crops","Cultivated Crops","Yes",,"Hortonville silt loam","Moderate-infiltration","Well drained",4,0.31,2006,"Pre-growing season",0.94,2.82,0.94,1.88,0,0,0.94,0,0,0,0,0,"Previous crop",2.82,"Current post-growing season + pre-growing season",0,"No"
"USGS-442916087362600","P2",0,0,0,"Non-Frozen","Storm","2006-15",1,2006-05-31 07:50:00,2006-05-31 11:15:00,4565,1.38,12.1158,6.3,1.923034,21.9456,20.574,18.288,14.6304,8.9154,336.7,1.939,343.1,1.976,10.0584,10.0584,57.4548,64.5414,2790,794,35.9,312,88.9,4.02,0.293,0.0835,0.00378,4.4,1.25,0.0567,,,,,595,22.1,962676,1.44535856300562,"Surface","Dairy","Corn-Alfalfa","Cultivated Crops","Cultivated Crops","Yes",,"Hortonville silt loam","Moderate-infiltration","Well drained",4,0.31,2006,"Pre-growing season",0.94,2.82,0.94,1.88,0,0,0.94,0,0,0,0,0,"Previous crop",2.82,"Current post-growing season + pre-growing season",0,"No"
"USGS-442916087362600","P2",0,0,0,"Non-Frozen","Storm","2007-1",2,2006-10-04 04:31:00,2006-10-04 12:45:00,3797,1.376,45.974,7.883,5.83184,67.056,57.912,50.8,35.56,27.686,1703,23.84,1648,23.07,0,0.7112,12.5984,21.2852,1530,362,16.4,324,76.8,3.48,0.399,0.0947,0.00428,3.77,0.894,0.0404,,,,,596,22.1,962676,1.20219637759745,"Surface","Dairy","Corn-Alfalfa","Cultivated Crops","Cultivated Crops","Yes",,"Hortonville silt loam","Moderate-infiltration","Well drained",4,0.31,2007,"Post-growing season",,,,,,,,,,,,,"Previous crop",,"Previous growing season + current post-growing season",,
"USGS-443012087362500","P3",0,0,0,"Non-Frozen","Storm","2004-1",2,2003-11-23 09:36:00,2003-11-23 16:16:00,857.6,0.2181,43.7388,12.52,3.49504,30.7848,26.5176,24.0792,16.1544,10.9728,1284,8.167,1312,8.342,0,0,0,0,549,29.4,2.23,,,,0.373,0.0199,0.00151,1.33,0.071,0.00538,,,,,597,13.2,574992,0.45460889890642,"Surface","Dairy","Corn-Alfalfa","Cultivated Crops","Cultivated Crops","Yes","Random tile in waterways","Hortonville silt loam","Moderate-infiltration","Well drained",4,0.31,2004,"Post-growing season",1,0,0,0,0,,1,1,1,1,1,1,"Previous crop",,"Previous growing season + current post-growing season",1,"Yes"
"USGS-443012087362500","P3",0,0,0,"Frozen","Storm","2004-2",1,2004-02-20 16:35:00,2004-02-21 03:46:00,107.7,0.0158,11.43,14.17,0.806704,5.4864,4.1148,2.7432,2.7432,2.0574,183.4,0.198,215.2,0.2324,0,0,0,0,45,0.302,0.0229,,,,0.25,0.00168,0.000127,0.29,0.00195,0.000148,,,,,598,13.2,574992,0.0570911595291761,"Surface","Dairy","Corn-Alfalfa","Cultivated Crops","Cultivated Crops","Yes","Random tile in waterways","Hortonville silt loam","Moderate-infiltration","Well drained",4,0.31,2004,"Pre-growing season",1,0,0,0,0,,1,1,1,1,1,1,"Previous crop",0,"Current post-growing season + pre-growing season",1,"Yes"
"USGS-443012087362500","P3",1,0,0,"Frozen","Storm","2004-4",10,2004-02-29 17:48:00,2004-03-06 02:36:00,149200,3.3,42.0624,100.2,0.419608,24.6888,19.2024,15.5448,15.0876,11.2014,1029,6.113,1108,6.579,0,0,2.0574,14.4018,30,280,21.2,,,,0.123,1.14,0.0867,0.45,4.19,0.318,,,,,599,13.2,574992,79.0900742966859,"Surface","Dairy","Corn-Alfalfa","Cultivated Crops","Cultivated Crops","Yes","Random tile in waterways","Hortonville silt loam","Moderate-infiltration","Well drained",4,0.31,2004,"Pre-growing season",1,0,0,0,0,,1,1,1,1,1,1,"Previous crop",0,"Current post-growing season + pre-growing season",1,"Yes"
"USGS-443012087362500","P3",0,0,0,"Frozen","Storm","2004-6",1,2004-03-14 08:50:00,2004-03-15 04:02:00,3980,0.3972,5.4864,9.933,0.552196,2.7432,2.7432,1.8288,1.8288,1.6002,84.88,0.06111,97.85,0.07045,0.2286,0.2286,8.6868,50.7492,36,8.95,0.678,,,,0.12,0.0298,0.00226,0.206,0.0512,0.00388,,,,,600,13.2,574992,2.10977544035395,"Surface","Dairy","Corn-Alfalfa","Cultivated Crops","Cultivated Crops","Yes","Random tile in waterways","Hortonville silt loam","Moderate-infiltration","Well drained",4,0.31,2004,"Pre-growing season",1,0,0,0,0,,1,1,1,1,1,1,"Previous crop",0,"Current post-growing season + pre-growing season",1,"Yes"
"USGS-443012087362500","P3",0,0,0,"Non-Frozen","Storm","2004-10",1,2004-03-28 23:53:00,2004-03-29 05:01:00,2121,0.363,20.701,4.9,4.22402,13.716,12.3444,11.176,10.16,7.874,532,2.128,579.6,2.319,0,0,6.6294,11.2014,302,40,3.03,,,,0.19,0.0252,0.00191,1,0.132,0.01,,,,,601,13.2,574992,1.12433007763586,"Surface","Dairy","Corn-Alfalfa","Cultivated Crops","Cultivated Crops","Yes","Random tile in waterways","Hortonville silt loam","Moderate-infiltration","Well drained",4,0.31,2004,"Pre-growing season",1,0,0,0,0,,1,1,1,1,1,1,"Previous crop",0,"Current post-growing season + pre-growing season",1,"Yes"
"USGS-443012087362500","P3",0,0,0,"Non-Frozen","Storm","2004-11",1,2004-03-30 20:35:00,2004-03-31 01:05:00,361.2,0.04296,6.604,6.9,0.957072,3.048,3.048,3.048,2.54,1.778,104.8,0.1048,124.6,0.1246,0,20.701,27.3304,31.9024,21,0.473,0.0359,,,,0.152,0.00343,0.00026,0.18,0.00406,0.000307,,,,,602,13.2,574992,0.191470072627097,"Surface","Dairy","Corn-Alfalfa","Cultivated Crops","Cultivated Crops","Yes","Random tile in waterways","Hortonville silt loam","Moderate-infiltration","Well drained",4,0.31,2004,"Pre-growing season",1,0,0,0,0,,1,1,1,1,1,1,"Previous crop",0,"Current post-growing season + pre-growing season",1,"Yes"
"USGS-443012087362500","P3",0,0,0,"Non-Frozen","Storm","2004-12",1,2004-05-08 22:41:00,2004-05-09 02:57:00,10540,2.12,35.3568,1.833,19.28622,113.0808,94.7928,87.6808,53.6956,30.5308,1396,29.52,1364,28.84,25.1968,25.1968,27.94,43.942,286,188,14.3,,,,0.16,0.105,0.00798,0.637,0.419,0.0318,,,,,603,13.2,574992,5.58719425661574,"Surface","Dairy","Corn-Alfalfa","Cultivated Crops","Cultivated Crops","Yes","Random tile in waterways","Hortonville silt loam","Moderate-infiltration","Well drained",4,0.31,2004,"Pre-growing season",1,0,0,0,0,,1,1,1,1,1,1,"Previous crop",0,"Current post-growing season + pre-growing season",1,"Yes"
"USGS-443012087362500","P3",0,0,0,"Non-Frozen","Storm","2004-13",1,2004-05-13 01:15:00,2004-05-13 03:03:00,402.9,0.1737,13.0556,1.1,11.86942,83.5152,56.0832,40.2336,23.8252,12.5984,505.1,4.738,494.9,4.642,0,0,64.4398,66.9544,119,2.99,0.227,,,,0.32,0.00805,0.00061,0.608,0.0153,0.00116,,,,,604,13.2,574992,0.213575006260957,"Surface","Dairy","Corn-Alfalfa","Cultivated Crops","Cultivated Crops","Yes","Random tile in waterways","Hortonville silt loam","Moderate-infiltration","Well drained",4,0.31,2004,"Pre-growing season",1,0,0,0,0,,1,1,1,1,1,1,"Previous crop",0,"Current post-growing season + pre-growing season",1,"Yes"
"USGS-443012087362500","P3",0,0,0,"Non-Frozen","Storm","2004-14",1,2004-05-13 23:00:00,2004-05-14 00:49:00,296.2,0.0903,7.366,1.25,5.8928,27.7368,19.3548,14.732,11.0744,6.9088,233.4,1.018,232.2,1.013,14.4272,14.4272,76.3524,81.3816,81,1.5,0.113,,,,0.227,0.0042,0.000318,0.412,0.00762,0.000577,,,,,605,13.2,574992,0.157013941063528,"Surface","Dairy","Corn-Alfalfa","Cultivated Crops","Cultivated Crops","Yes","Random tile in waterways","Hortonville silt loam","Moderate-infiltration","Well drained",4,0.31,2004,"Pre-growing season",1,0,0,0,0,,1,1,1,1,1,1,"Previous crop",0,"Current post-growing season + pre-growing season",1,"Yes"
"USGS-443012087362500","P3",0,0,0,"Non-Frozen","Storm","2004-15",1,2004-05-14 14:16:00,2004-05-14 20:51:00,2089,0.196,7.3152,6.683,1.094486,2.7432,2.7432,2.7432,1.8288,1.8288,115.4,0.08308,140.1,0.1008,7.5946,22.0218,83.947,88.9762,24,3.13,0.237,,,,0.103,0.0134,0.00102,0.291,0.0379,0.00287,,,,,606,13.2,574992,1.10736705901995,"Surface","Dairy","Corn-Alfalfa","Cultivated Crops","Cultivated Crops","Yes","Random tile in waterways","Hortonville silt loam","Moderate-infiltration","Well drained",4,0.31,2004,"Pre-growing season",1,0,0,0,0,,1,1,1,1,1,1,"Previous crop",0,"Current post-growing season + pre-growing season",1,"Yes"
"USGS-443012087362500","P3",0,0,0,"Non-Frozen","Storm","2004-16",1,2004-05-20 06:44:00,2004-05-20 09:01:00,461.3,0.1519,21.463,3.6,5.96138,64.008,49.2252,35.56,20.9804,12.7762,707.2,5.841,716.1,5.915,0,0.2286,17.8816,95.6056,116,3.34,0.253,,,,0.249,0.00717,0.000543,0.514,0.0148,0.00112,,,,,607,13.2,574992,0.244532515234995,"Surface","Dairy","Corn-Alfalfa","Cultivated Crops","Cultivated Crops","Yes","Random tile in waterways","Hortonville silt loam","Moderate-infiltration","Well drained",4,0.31,2004,"Pre-growing season",1,0,0,0,0,,1,1,1,1,1,1,"Previous crop",0,"Current post-growing season + pre-growing season",1,"Yes"
"USGS-443012087362500","P3",0,0,0,"Non-Frozen","Storm","2004-17",1,2004-05-21 22:54:00,2004-05-22 01:31:00,637.7,0.1475,6.4008,2.4,2.667,8.2296,5.4864,5.4864,4.572,3.6576,127.1,0.2288,155.2,0.2794,4.8006,27.178,29.0068,120.269,49,1.95,0.148,,,,0.132,0.00526,0.000398,0.304,0.0121,0.000917,,,,,608,13.2,574992,0.338041155355205,"Surface","Dairy","Corn-Alfalfa","Cultivated Crops","Cultivated Crops","Yes","Random tile in waterways","Hortonville silt loam","Moderate-infiltration","Well drained",4,0.31,2004,"Pre-growing season",1,0,0,0,0,,1,1,1,1,1,1,"Previous crop",0,"Current post-growing season + pre-growing season",1,"Yes"
"USGS-443012087362500","P3",0,0,0,"Non-Frozen","Storm","2004-18",1,2004-05-22 06:33:00,2004-05-22 09:50:00,724.4,0.1497,2.9718,2.183,1.361186,5.4864,5.4864,4.572,3.6576,2.5146,58.37,0.08405,68.54,0.09869,11.2014,33.5788,35.4076,126.6698,62,2.8,0.212,,,,0.139,0.00629,0.000476,0.315,0.0142,0.00108,,,,,609,13.2,574992,0.384000333917689,"Surface","Dairy","Corn-Alfalfa","Cultivated Crops","Cultivated Crops","Yes","Random tile in waterways","Hortonville silt loam","Moderate-infiltration","Well drained",4,0.31,2004,"Pre-growing season",1,0,0,0,0,,1,1,1,1,1,1,"Previous crop",0,"Current post-growing season + pre-growing season",1,"Yes"
"USGS-443012087362500","P3",0,0,0,"Non-Frozen","Storm","2004-20",1,2004-05-23 10:47:00,2004-05-23 18:54:00,36190,5.326,27.2796,7.117,3.83286,45.72,32.004,24.384,15.748,13.97,792.9,4.916,817.6,5.069,2.5146,16.6878,40.894,71.6026,107,242,18.3,,,,0.089,0.201,0.0152,0.264,0.596,0.0452,,,,,610,13.2,574992,19.184113865932,"Surface","Dairy","Corn-Alfalfa","Cultivated Crops","Cultivated Crops","Yes","Random tile in waterways","Hortonville silt loam","Moderate-infiltration","Well drained",4,0.31,2004,"Pre-growing season",1,0,0,0,0,,1,1,1,1,1,1,"Previous crop",0,"Current post-growing season + pre-growing season",1,"Yes"
"USGS-443012087362500","P3",0,0,0,"Non-Frozen","Storm","2004-21",2,2004-05-23 22:30:00,2004-05-24 10:00:00,37290,8.563,37.084,8.85,4.191,94.488,86.868,76.2,48.26,26.416,1413,26.85,1377,26.16,27.2796,36.6522,68.1736,98.6536,169,393,29.7,,,,0.088,0.205,0.0156,0.428,0.996,0.0755,,,,,611,13.2,574992,19.767217630854,"Surface","Dairy","Corn-Alfalfa","Cultivated Crops","Cultivated Crops","Yes","Random tile in waterways","Hortonville silt loam","Moderate-infiltration","Well drained",4,0.31,2004,"Pre-growing season",1,0,0,0,0,,1,1,1,1,1,1,"Previous crop",0,"Current post-growing season + pre-growing season",1,"Yes"
"USGS-443012087362500","P3",0,0,0,"Non-Frozen","Storm","2004-22",2,2004-05-31 13:24:00,2004-06-01 00:45:00,28910,3.467,28.194,7.667,3.67792,42.672,24.384,17.272,12.7,10.414,857.1,4.286,875.4,4.377,10.668,11.684,15.24,120.4976,57.9,104,7.92,,,,0.069,0.125,0.00947,0.271,0.489,0.037,,,,,612,13.2,574992,15.3250271308123,"Surface","Dairy","Corn-Alfalfa","Cultivated Crops","Cultivated Crops","Yes","Random tile in waterways","Hortonville silt loam","Moderate-infiltration","Well drained",4,0.31,2004,"Pre-growing season",1,0,0,0,0,,1,1,1,1,1,1,"Previous crop",0,"Current post-growing season + pre-growing season",1,"Yes"
"USGS-443012087362500","P3",0,0,0,"Non-Frozen","Storm","2004-23",1,2004-06-09 07:09:00,2004-06-09 13:43:00,30430,11.43,57.912,5.533,10.4648,176.784,158.496,151.384,108.712,54.864,2440,104.4,2377,101.7,0,0,0.254,44.45,89,169,12.8,,,,0.058,0.11,0.00835,0.35,0.665,0.0504,,,,,613,13.2,574992,16.130770515068,"Surface","Dairy","Corn-Alfalfa","Cultivated Crops","Cultivated Crops","Yes","Random tile in waterways","Hortonville silt loam","Moderate-infiltration","Well drained",4,0.31,2004,"Growing season",1,0,0,0,0,,1,1,1,1,1,1,"Current crop",0,"Current pre-growing season + growing season",,
"USGS-443012087362500","P3",0,0,0,"Non-Frozen","Storm","2004-25",1,2004-06-11 08:15:00,2004-06-11 17:55:00,5490,0.5011,14.224,10.23,1.389888,6.096,6.096,5.08,4.572,3.556,262.7,0.4729,316.9,0.5704,3.302,66.294,66.548,107.188,56,19.2,1.45,,,,0.08,0.0274,0.00208,0.23,0.0788,0.00597,,,,,614,13.2,574992,2.91021788129226,"Surface","Dairy","Corn-Alfalfa","Cultivated Crops","Cultivated Crops","Yes","Random tile in waterways","Hortonville silt loam","Moderate-infiltration","Well drained",4,0.31,2004,"Growing season",1,0,0,0,0,,1,1,1,1,1,1,"Current crop",0,"Current pre-growing season + growing season",,
"USGS-443012087362500","P3",0,0,0,"Non-Frozen","Storm","2004-26",1,2004-06-12 09:28:00,2004-06-12 12:31:00,815.2,0.1725,5.08,3.433,1.47955,9.144,7.62,6.096,5.08,3.048,109,0.218,123,0.246,13.462,16.764,80.772,121.412,55,2.8,0.212,,,,0.072,0.00366,0.000278,0.235,0.012,0.000906,,,,,615,13.2,574992,0.432132899240337,"Surface","Dairy","Corn-Alfalfa","Cultivated Crops","Cultivated Crops","Yes","Random tile in waterways","Hortonville silt loam","Moderate-infiltration","Well drained",4,0.31,2004,"Growing season",1,0,0,0,0,,1,1,1,1,1,1,"Current crop",0,"Current pre-growing season + growing season",,
"USGS-443012087362500","P3",0,0,0,"Non-Frozen","Storm","2004-27",1,2004-06-13 19:00:00,2004-06-13 21:31:00,1127,0.3056,6.35,5.433,1.168654,24.384,18.288,13.208,8.128,4.318,183.3,0.5866,181.7,0.5813,0,5.334,85.598,125.476,98,6.89,0.522,,,,0.073,0.00513,0.000389,0.294,0.0207,0.00157,,,,,616,13.2,574992,0.597416311879122,"Surface","Dairy","Corn-Alfalfa","Cultivated Crops","Cultivated Crops","Yes","Random tile in waterways","Hortonville silt loam","Moderate-infiltration","Well drained",4,0.31,2004,"Growing season",1,0,0,0,0,,1,1,1,1,1,1,"Current crop",0,"Current pre-growing season + growing season",,
"USGS-443012087362500","P3",0,0,0,"Non-Frozen","Storm","2004-28",1,2004-06-17 05:18:00,2004-06-17 08:47:00,6727,1.815,23.622,4.1,5.76072,115.824,79.248,58.928,35.052,21.336,863.8,11.92,848.6,11.71,0,0,32.512,93.726,75,31.5,2.39,,,,0.158,0.0664,0.00503,0.51,0.214,0.0162,,,,,617,13.2,574992,3.56594456966358,"Surface","Dairy","Corn-Alfalfa","Cultivated Crops","Cultivated Crops","Yes","Random tile in waterways","Hortonville silt loam","Moderate-infiltration","Well drained",4,0.31,2004,"Growing season",1,0,0,0,0,,1,1,1,1,1,1,"Current crop",0,"Current pre-growing season + growing season",,
"USGS-443012087362500","P3",1,0,0,"Frozen","Storm","2005-1",1,2004-12-30 21:45:00,2004-12-31 12:55:00,4853,0.3522,3.048,5.25,0.580644,6.096,4.572,4.064,2.54,1.524,56.22,0.05622,61.82,0.06182,4.318,4.318,4.318,4.318,32,9.7,0.734,54,16.4,1.24,0.816,0.247,0.0187,0.944,0.286,0.0217,,,,,618,13.2,574992,2.57254779196928,"Surface","Dairy","Corn-Alfalfa","Cultivated Crops","Cultivated Crops","Yes","Random tile in waterways","Hortonville silt loam","Moderate-infiltration","Well drained",4,0.31,2005,"Post-growing season",1,1,0,1,0,0,1,1,0,1,1,1,"Previous crop",0,"Previous growing season + current post-growing season",1,"Yes"
"USGS-443012087362500","P3",0,0,0,"Frozen","Storm","2005-4",1,2005-01-12 15:59:00,2005-01-13 20:12:00,10020,0.4028,6.35,20.1,0.315976,3.048,3.048,2.032,1.524,1.27,93.12,0.05587,93.31,0.05599,0.254,0.254,0.254,17.78,9,5.63,0.427,54,33.8,2.56,0.485,0.304,0.023,0.554,0.347,0.0263,,,,,619,13.2,574992,5.31154520410719,"Surface","Dairy","Corn-Alfalfa","Cultivated Crops","Cultivated Crops","Yes","Random tile in waterways","Hortonville silt loam","Moderate-infiltration","Well drained",4,0.31,2005,"Pre-growing season",1,1,0,1,0,0,1,1,0,1,1,1,"Previous crop",1,"Current post-growing season + pre-growing season",1,"Yes"
"USGS-443012087362500","P3",0,0,0,"Frozen","Storm","2005-5",1,2005-02-05 21:30:00,2005-02-08 22:01:00,32920,0.6715,8.4582,20.67,0.409194,5.4864,4.1148,3.6576,2.7432,2.0574,127.7,0.1379,136.7,0.1477,0,0,0,0,26,53.4,4.05,112,230,17.4,0.42,0.863,0.0654,0.573,1.18,0.0892,,,,,620,13.2,574992,17.4507054011186,"Surface","Dairy","Corn-Alfalfa","Cultivated Crops","Cultivated Crops","Yes","Random tile in waterways","Hortonville silt loam","Moderate-infiltration","Well drained",4,0.31,2005,"Pre-growing season",1,1,0,1,0,0,1,1,0,1,1,1,"Previous crop",1,"Current post-growing season + pre-growing season",1,"Yes"
"USGS-443012087362500","P3",0,0,0,"Frozen","Storm","2005-6",1,2005-02-12 16:00:00,2005-02-16 10:01:00,4904,0.196,9.6012,43.67,0.2198624,2.7432,2.7432,1.8288,1.8288,1.6002,139.1,0.1001,140.6,0.1012,0,0,8.4582,8.4582,26,7.96,0.603,112,34.3,2.6,0.42,0.129,0.00974,0.573,0.175,0.0133,,,,,621,13.2,574992,2.59958260288839,"Surface","Dairy","Corn-Alfalfa","Cultivated Crops","Cultivated Crops","Yes","Random tile in waterways","Hortonville silt loam","Moderate-infiltration","Well drained",4,0.31,2005,"Pre-growing season",1,1,0,1,0,0,1,1,0,1,1,1,"Previous crop",1,"Current post-growing season + pre-growing season",1,"Yes"
"USGS-443012087362500","P3",0,0,0,"Frozen","Storm","2005-7",1,2005-03-06 18:30:00,2005-03-08 02:47:00,7423,0.2155,0,,,,,,,,,,,,0,0,0,0,6,2.78,0.211,72,33.4,2.53,0.29,0.134,0.0102,0.48,0.222,0.0169,,,,,622,13.2,574992,3.93489022455965,"Surface","Dairy","Corn-Alfalfa","Cultivated Crops","Cultivated Crops","Yes","Random tile in waterways","Hortonville silt loam","Moderate-infiltration","Well drained",4,0.31,2005,"Pre-growing season",1,1,0,1,0,0,1,1,0,1,1,1,"Previous crop",1,"Current post-growing season + pre-growing season",1,"Yes"
"USGS-443012087362500","P3",0,0,0,"Frozen","Storm","2005-8",1,2005-03-24 20:15:00,2005-03-25 14:54:00,1350,0.0406,0,,,,,,,,,,,,0,0,0,0,16,1.35,0.102,144,12.1,0.919,0.91,0.0767,0.00581,1.17,0.0986,0.00747,,,,,623,13.2,574992,0.715627347858753,"Surface","Dairy","Corn-Alfalfa","Cultivated Crops","Cultivated Crops","Yes","Random tile in waterways","Hortonville silt loam","Moderate-infiltration","Well drained",4,0.31,2005,"Pre-growing season",1,1,0,1,0,0,1,1,0,1,1,1,"Previous crop",1,"Current post-growing season + pre-growing season",1,"Yes"
"USGS-443012087362500","P3",0,0,0,"Non-Frozen","Storm","2005-12",1,2005-08-19 02:00:00,2005-08-19 04:28:00,7831,7.46,116.6114,3.367,34.6456,178.9176,169.6212,158.5976,131.7752,102.3366,4867,252.5,4751,246.5,0,0,5.9436,19.4564,474,232,17.6,34,16.6,1.26,0.206,0.101,0.00763,0.8,0.391,0.0296,,,,,624,13.2,574992,4.15116871191251,"Surface","Dairy","Corn-Alfalfa","Cultivated Crops","Cultivated Crops","Yes","Random tile in waterways","Hortonville silt loam","Moderate-infiltration","Well drained",4,0.31,2005,"Growing season",1,1,0,1,0,0,1,1,0,1,1,0,"Current crop",1,"Current pre-growing season + growing season",,
"USGS-443012087362500","P3",0,0,0,"Non-Frozen","Storm","2005-13",1,2005-09-13 23:24:00,2005-09-14 01:30:00,2024,1.336,36.1188,1.117,32.3342,124.0536,120.396,105.9688,67.2084,35.8902,1486,39.33,1457,38.56,0.4572,0.4572,18.1102,18.1102,2180,276,20.9,114,14.4,1.09,0.26,0.0328,0.00249,3.5,0.442,0.0335,,,,,625,13.2,574992,1.07291092745638,"Surface","Dairy","Corn-Alfalfa","Cultivated Crops","Cultivated Crops","Yes","Random tile in waterways","Hortonville silt loam","Moderate-infiltration","Well drained",4,0.31,2005,"Growing season",1,1,0,1,0,0,1,1,0,1,1,0,"Current crop",1,"Current pre-growing season + growing season",,
"USGS-443012087362500","P3",0,0,0,"Frozen","Storm","2006-2",1,2006-01-02 15:00:00,2006-01-05 21:56:00,8803,0.05028,11.43,70.8,0.1614424,2.7432,2.7432,1.8288,1.3716,1.143,161.9,0.08742,154.9,0.08365,0.2286,6.4008,8.6868,12.1158,2,0.55,0.0416,664,365,27.6,0.158,0.0868,0.00658,0.212,0.117,0.00883,"<",,,,626,13.2,574992,4.66642040237082,"Surface","Dairy","Corn-Alfalfa","Cultivated Crops","Cultivated Crops","Yes","Random tile in waterways","Hortonville silt loam","Moderate-infiltration","Well drained",4,0.31,2006,"Pre-growing season",1,3,1,2,0,0,1,0,0,0,0,0,"Previous crop",3,"Current post-growing season + pre-growing season",0,"No"
"USGS-443012087362500","P3",0,0,0,"Frozen","Storm","2006-3",1,2006-01-29 00:20:00,2006-01-31 12:06:00,8765,0.1157,34.9758,31.72,1.102868,8.2296,6.858,5.4864,5.4864,4.1148,599.6,1.295,733.1,1.584,0,0,0,0,44,24.1,1.82,466,255,19.3,0.318,0.174,0.0132,0.497,0.272,0.0206,,,,,627,13.2,574992,4.64627681776442,"Surface","Dairy","Corn-Alfalfa","Cultivated Crops","Cultivated Crops","Yes","Random tile in waterways","Hortonville silt loam","Moderate-infiltration","Well drained",4,0.31,2006,"Pre-growing season",1,3,1,2,0,0,1,0,0,0,0,0,"Previous crop",3,"Current post-growing season + pre-growing season",0,"No"
"USGS-443012087362500","P3",0,0,0,"Frozen","Storm","2006-5",2,2006-02-01 10:52:00,2006-02-04 09:02:00,7119,0.05883,6.6294,59.03,0.1122934,5.4864,4.1148,3.6576,3.2004,2.5146,110.4,0.1391,127.8,0.161,0,0,34.9758,34.9758,12,5.33,0.404,656,292,22.1,0.14,0.0622,0.00471,0.194,0.0862,0.00653,,,,,628,13.2,574992,3.77374154770849,"Surface","Dairy","Corn-Alfalfa","Cultivated Crops","Cultivated Crops","Yes","Random tile in waterways","Hortonville silt loam","Moderate-infiltration","Well drained",4,0.31,2006,"Pre-growing season",1,3,1,2,0,0,1,0,0,0,0,0,"Previous crop",3,"Current post-growing season + pre-growing season",0,"No"
"USGS-443012087362500","P3",0,0,0,"Non-Frozen","Storm","2006-10",1,2006-04-03 07:25:00,2006-04-03 19:30:00,971.4,0.05548,15.5448,16.98,0.915416,5.4864,4.1148,4.572,3.2004,2.9718,249.6,0.3145,297.6,0.375,0,0.6858,1.3716,1.3716,473,28.7,2.17,640,38.8,2.94,0.17,0.0103,0.000781,0.923,0.056,0.00424,,,,,629,13.2,574992,0.514933633859254,"Surface","Dairy","Corn-Alfalfa","Cultivated Crops","Cultivated Crops","Yes","Random tile in waterways","Hortonville silt loam","Moderate-infiltration","Well drained",4,0.31,2006,"Pre-growing season",1,3,1,2,0,0,1,0,0,0,0,0,"Previous crop",3,"Current post-growing season + pre-growing season",0,"No"
"USGS-443012087362500","P3",0,0,0,"Non-Frozen","Storm","2006-11",3,2006-05-11 14:25:00,2006-05-12 21:05:00,53260,2.46,68.3514,33.68,2.029206,10.9728,9.6012,9.144,7.3152,7.0866,1467,4.226,1702,4.9,0.2286,5.9436,5.9436,31.5468,727,2420,183,284,943,71.4,0.32,1.06,0.0805,1.69,5.62,0.426,,,,,630,13.2,574992,28.2328241088572,"Surface","Dairy","Corn-Alfalfa","Cultivated Crops","Cultivated Crops","Yes","Random tile in waterways","Hortonville silt loam","Moderate-infiltration","Well drained",4,0.31,2006,"Pre-growing season",1,3,1,2,0,0,1,0,0,0,0,0,"Previous crop",3,"Current post-growing season + pre-growing season",0,"No"
"USGS-443012087362500","P3",0,0,0,"Non-Frozen","Storm","2006-13",1,2006-05-13 23:51:00,2006-05-14 21:15:00,15620,0.7657,16.2306,18.98,0.854964,5.4864,5.4864,4.572,3.2004,2.9718,265.8,0.335,313.8,0.3953,2.5146,21.717,76.8096,102.4128,289,282,21.3,300,292,22.2,0.314,0.306,0.0232,0.89,0.868,0.0657,,,,,631,13.2,574992,8.28007346189164,"Surface","Dairy","Corn-Alfalfa","Cultivated Crops","Cultivated Crops","Yes","Random tile in waterways","Hortonville silt loam","Moderate-infiltration","Well drained",4,0.31,2006,"Pre-growing season",1,3,1,2,0,0,1,0,0,0,0,0,"Previous crop",3,"Current post-growing season + pre-growing season",0,"No"
"USGS-443012087362500","P3",0,0,0,"Non-Frozen","Storm","2006-17",1,2006-05-28 07:25:00,2006-05-28 12:00:00,38040,9.892,45.5676,2.35,19.39036,103.0224,88.2396,72.136,62.1284,39.4716,1859,45.46,1784,43.63,0.4572,0.4572,1.8288,22.6822,9430,22400,1700,342,812,61.5,0.458,1.09,0.0824,14,33.3,2.52,,,,,632,13.2,574992,20.1647883796644,"Surface","Dairy","Corn-Alfalfa","Cultivated Crops","Cultivated Crops","Yes","Random tile in waterways","Hortonville silt loam","Moderate-infiltration","Well drained",4,0.31,2006,"Pre-growing season",1,3,1,2,0,0,1,0,0,0,0,0,"Previous crop",3,"Current post-growing season + pre-growing season",0,"No"
"USGS-443012087362500","P3",0,0,0,"Non-Frozen","Storm","2006-18",1,2006-05-30 15:21:00,2006-05-30 18:00:00,1030,0.931,9.8298,2.483,3.95732,51.816,35.6616,24.6888,14.6304,7.7724,335.5,1.932,329.6,1.899,0,0,47.3964,54.483,7700,495,37.5,306,19.7,1.49,0.25,0.0161,0.00122,12,0.771,0.0584,,,,,633,13.2,574992,0.545997161699641,"Surface","Dairy","Corn-Alfalfa","Cultivated Crops","Cultivated Crops","Yes","Random tile in waterways","Hortonville silt loam","Moderate-infiltration","Well drained",4,0.31,2006,"Pre-growing season",1,3,1,2,0,0,1,0,0,0,0,0,"Previous crop",3,"Current post-growing season + pre-growing season",0,"No"
"USGS-443012087362500","P3",0,0,0,"Non-Frozen","Storm","2006-19",1,2006-05-31 07:41:00,2006-05-31 12:45:00,11180,3.806,12.1158,6.3,1.923034,21.9456,20.574,18.288,14.6304,8.9154,336.7,1.939,343.1,1.976,10.0584,10.0584,57.4548,64.5414,5070,3540,268,246,172,13,0.296,0.207,0.0157,8.74,6.1,0.462,,,,,634,13.2,574992,5.92645462893397,"Surface","Dairy","Corn-Alfalfa","Cultivated Crops","Cultivated Crops","Yes","Random tile in waterways","Hortonville silt loam","Moderate-infiltration","Well drained",4,0.31,2006,"Pre-growing season",1,3,1,2,0,0,1,0,0,0,0,0,"Previous crop",3,"Current post-growing season + pre-growing season",0,"No"
"USGS-443012087362500","P3",0,0,0,"Non-Frozen","Storm","2007-1",2,2006-10-04 03:45:00,2006-10-04 11:45:00,5878,3.144,45.974,7.883,5.83184,67.056,57.912,50.8,35.56,27.686,1703,23.84,1648,23.07,0,0.7112,12.5984,21.2852,4290,1580,119,206,75.5,5.72,0.359,0.132,0.00997,6.19,2.27,0.172,,,,,635,13.2,574992,3.11589448201018,"Surface","Dairy","Corn-Alfalfa","Cultivated Crops","Cultivated Crops","Yes","Random tile in waterways","Hortonville silt loam","Moderate-infiltration","Well drained",4,0.31,2007,"Post-growing season",1,3,1,2,0,0,1,0,0,0,0,0,"Previous crop",1,"Previous growing season + current post-growing season",0,"No"
"USGS-443012087362500","P3",1,0,0,"Frozen","Storm","2007-6",3,2007-03-12 16:30:00,2007-03-15 04:50:00,101400,4.534,0,,,,,,,,,,,,5.4864,5.4864,5.4864,12.1158,518,3280,248,263,1670,126,1.52,9.62,0.729,2.84,18,1.36,,,,,636,13.2,574992,53.7515652391685,"Surface","Dairy","Corn-Alfalfa","Cultivated Crops","Cultivated Crops","Yes","Random tile in waterways","Hortonville silt loam","Moderate-infiltration","Well drained",4,0.31,2007,"Pre-growing season",1,3,1,2,0,0,1,0,0,0,0,0,"Previous crop",3,"Current post-growing season + pre-growing season",0,"No"
"USGS-443012087362500","P3",0,0,0,"Frozen","Storm","2007-8",1,2007-03-21 22:00:00,2007-03-22 14:27:00,9955,1.454,7.1374,7.433,0.96012,25.2984,16.764,13.9192,7.4168,3.937,178.8,0.5221,182.8,0.5339,0.2286,0.2286,0.2286,5.715,3780,2350,178,490,305,23.1,0.759,0.472,0.0357,7.07,4.39,0.333,,,,,637,13.2,574992,5.27708907254362,"Surface","Dairy","Corn-Alfalfa","Cultivated Crops","Cultivated Crops","Yes","Random tile in waterways","Hortonville silt loam","Moderate-infiltration","Well drained",4,0.31,2007,"Pre-growing season",1,3,1,2,0,0,1,0,0,0,0,0,"Previous crop",3,"Current post-growing season + pre-growing season",0,"No"
"USGS-443012087362500","P3",0,0,0,"Frozen","Storm","2008-2",1,2008-01-07 18:15:00,2008-01-08 06:30:00,3180,0.2012,18.796,7.467,2.517394,40.2336,29.8704,21.7424,19.6088,12.827,589.5,4.551,582,4.493,0.2286,0.2286,0.2286,0.2286,109,21.6,1.64,418,83,6.29,1.15,0.228,0.0173,2,0.397,0.0301,,,,,638,13.2,574992,1.68569997495617,"Surface","Dairy","Corn-Alfalfa","Cultivated Crops","Cultivated Crops","Yes","Random tile in waterways","Hortonville silt loam","Moderate-infiltration","Well drained",4,0.31,2008,"Pre-growing season",1,3,1,2,0,0,1,0,0,0,0,0,"Previous crop",3,"Current post-growing season + pre-growing season",0,"No"
"USGS-443012087362500","P3",0,0,0,"Frozen","Storm","2008-3",1,2008-01-08 15:15:00,2008-01-09 09:31:00,20060,1.024,23.7998,12.65,1.881378,24.9936,19.3548,15.6464,12.3952,9.1694,540.8,2.639,601.3,2.935,19.0246,19.2532,19.2532,19.2532,58,72.6,5.5,540,676,51.2,1.16,1.45,0.11,1.71,2.14,0.162,,,,,639,13.2,574992,10.6336922948493,"Surface","Dairy","Corn-Alfalfa","Cultivated Crops","Cultivated Crops","Yes","Random tile in waterways","Hortonville silt loam","Moderate-infiltration","Well drained",4,0.31,2008,"Pre-growing season",1,3,1,2,0,0,1,0,0,0,0,0,"Previous crop",3,"Current post-growing season + pre-growing season",0,"No"
"USGS-443012087362500","P3",0,0,0,"Frozen","Storm","2008-5",1,2008-03-14 19:38:00,2008-03-15 16:44:00,8113,0.4256,0,,,,,,,,,,,,0,0.6858,0.6858,9.4234,16,8.1,0.614,90,45.6,3.45,0.308,0.156,0.0118,0.39,0.198,0.015,,,,,640,13.2,574992,4.30065531346523,"Surface","Dairy","Corn-Alfalfa","Cultivated Crops","Cultivated Crops","Yes","Random tile in waterways","Hortonville silt loam","Moderate-infiltration","Well drained",4,0.31,2008,"Pre-growing season",1,3,1,2,0,0,1,0,0,0,0,0,"Previous crop",3,"Current post-growing season + pre-growing season",0,"No"
"USGS-443012087362500","P3",0,0,0,"Frozen","Storm","2008-6",1,2008-03-19 18:40:00,2008-03-20 11:37:00,9590,0.8779,0,,,,,,,,,,,,0,0,0.6858,0.6858,32,19.2,1.45,142,85,6.44,0.37,0.222,0.0168,0.505,0.302,0.0229,,,,,641,13.2,574992,5.08360464145588,"Surface","Dairy","Corn-Alfalfa","Cultivated Crops","Cultivated Crops","Yes","Random tile in waterways","Hortonville silt loam","Moderate-infiltration","Well drained",4,0.31,2008,"Pre-growing season",1,3,1,2,0,0,1,0,0,0,0,0,"Previous crop",3,"Current post-growing season + pre-growing season",0,"No"
"USGS-443012087362500","P3",0,0,0,"Frozen","Storm","2008-7",1,2008-03-20 21:00:00,2008-03-21 04:00:00,751.7,0.0465,0,,,,,,,,,,,,0,0,0,0.6858,12,0.563,0.0427,224,10.5,0.796,0.357,0.0168,0.00127,0.434,0.0204,0.00154,,,,,642,13.2,574992,0.398471909174388,"Surface","Dairy","Corn-Alfalfa","Cultivated Crops","Cultivated Crops","Yes","Random tile in waterways","Hortonville silt loam","Moderate-infiltration","Well drained",4,0.31,2008,"Pre-growing season",1,3,1,2,0,0,1,0,0,0,0,0,"Previous crop",3,"Current post-growing season + pre-growing season",0,"No"
"USGS-443012087362500","P3",0,0,0,"Frozen","Storm","2008-9",1,2008-03-31 21:07:00,2008-04-01 07:30:00,4294,0.3248,17.272,,,,,,,,,,,,0,0,0,0,483,129,9.81,412,110,8.37,0.354,0.0949,0.00719,1.34,0.359,0.0272,,,,,643,13.2,574992,2.27622506052258,"Surface","Dairy","Corn-Alfalfa","Cultivated Crops","Cultivated Crops","Yes","Random tile in waterways","Hortonville silt loam","Moderate-infiltration","Well drained",4,0.31,2008,"Pre-growing season",1,3,1,2,0,0,1,0,0,0,0,0,"Previous crop",3,"Current post-growing season + pre-growing season",0,"No"
"USGS-443012087362500","P3",0,0,0,"Non-Frozen","Storm","2008-10",1,2008-04-09 01:15:00,2008-04-09 14:15:00,4968,0.4654,28.702,13.87,2.069846,12.192,10.668,9.144,6.604,5.842,607.4,1.579,712.1,1.851,0,0,0,17.272,581,180,13.7,402,125,9.45,0.344,0.107,0.00808,1.52,0.471,0.0357,,,,,644,13.2,574992,2.63350864012021,"Surface","Dairy","Corn-Alfalfa","Cultivated Crops","Cultivated Crops","Yes","Random tile in waterways","Hortonville silt loam","Moderate-infiltration","Well drained",4,0.31,2008,"Pre-growing season",1,3,1,2,0,0,1,0,0,0,0,0,"Previous crop",3,"Current post-growing season + pre-growing season",0,"No"
"USGS-443012087362500","P3",0,0,0,"Non-Frozen","Storm","2008-11",2,2008-04-11 00:30:00,2008-04-12,22840,1.294,39.37,23.97,1.642618,15.24,13.716,11.176,8.128,6.096,862.9,2.761,976.9,3.126,0,28.702,28.702,45.974,1170,1660,126,382,545,41.3,0.352,0.501,0.038,2.39,3.41,0.258,,,,,645,13.2,574992,12.1073545371066,"Surface","Dairy","Corn-Alfalfa","Cultivated Crops","Cultivated Crops","Yes","Random tile in waterways","Hortonville silt loam","Moderate-infiltration","Well drained",4,0.31,2008,"Pre-growing season",1,3,1,2,0,0,1,0,0,0,0,0,"Previous crop",3,"Current post-growing season + pre-growing season",0,"No"
"USGS-443012087362500","P3",0,0,0,"Non-Frozen","Storm","2008-13",1,2008-06-08 23:45:00,2008-06-09 09:00:00,18080,1.348,27.94,9.1,3.07086,48.768,38.1,31.496,23.876,13.716,815.3,7.664,843,7.924,33.02,33.528,54.102,56.896,164,185,14,466,526,39.9,0.605,0.683,0.0517,1.15,1.3,0.0984,,,,,646,13.2,574992,9.58410551798981,"Surface","Dairy","Corn-Alfalfa","Cultivated Crops","Cultivated Crops","Yes","Random tile in waterways","Hortonville silt loam","Moderate-infiltration","Well drained",4,0.31,2008,"Growing season",1,3,1,2,0,0,1,0,0,0,0,0,"Current crop",2,"Current pre-growing season + growing season",,
"USGS-443012087362500","P3",0,0,0,"Non-Frozen","Storm","2008-14",1,2008-06-13 00:30:00,2008-06-13 11:15:00,31090,9.148,55.372,10.1,5.48132,124.968,94.488,80.264,49.276,25.654,1974,38.29,1963,38.09,3.048,3.048,64.516,87.884,2190,4250,322,260,505,38.2,0.501,0.972,0.0737,3.87,7.51,0.569,,,,,647,13.2,574992,16.4806327740212,"Surface","Dairy","Corn-Alfalfa","Cultivated Crops","Cultivated Crops","Yes","Random tile in waterways","Hortonville silt loam","Moderate-infiltration","Well drained",4,0.31,2008,"Growing season",1,3,1,2,0,0,1,0,0,0,0,0,"Current crop",2,"Current pre-growing season + growing season",,
"USGS-443012087362500","P3",0,0,0,"Non-Frozen","Storm","2010-1",1,2009-10-30 11:30:00,2009-10-30 14:15:00,1457,0.3972,19.4564,9.367,2.077212,21.9456,16.4592,13.716,10.9728,8.9154,479.3,2.071,515,2.225,0.2286,0.2286,37.0332,48.6918,1220,111,8.39,224,20.4,1.54,0.355,0.0323,0.00245,3.29,0.299,0.0227,,,,,648,13.2,574992,0.772347441355706,"Surface","Dairy","Corn-Alfalfa","Cultivated Crops","Cultivated Crops","Yes","Random tile in waterways","Hortonville silt loam","Moderate-infiltration","Well drained",4,0.31,2010,"Post-growing season",,,,,,,,,,,,,"Previous crop",,"Previous growing season + current post-growing season",,
"USGS-423912090170800","R1",0,0,0,"Frozen","Storm","2004-1",1,2004-02-19 03:00:00,2004-02-19 17:00:00,1236,0.03032,0,,,,,,,,,,,,0,0,0,0,44,3.39,0.201,,,,5.6,0.432,0.0256,7.82,0.603,0.0357,,,,,649,16.9,736164,0.51175118587706,"Surface","Beef and Grain","Corn-Soybean","Cultivated Crops","Cultivated Crops","No",,"Tama silt loam","High-infiltration","Well drained",5,0.305,2004,"Pre-growing season",1,0,0,0,0,,1,0,0,0,0,0,"Previous crop",0,"Current post-growing season + pre-growing season",0,"No"
"USGS-423912090170800","R1",0,0,0,"Frozen","Storm","2004-2",6,2004-02-20 11:00:00,2004-02-22 18:00:00,27740,1.122,9.3726,6.883,1.361694,8.2296,6.858,6.4008,5.4864,4.1148,174.8,0.3776,205.7,0.4444,0,0,0,0,31.6,54.7,3.24,,,,11.7,20.3,1.2,14.3,24.7,1.46,,,,,650,16.9,736164,11.4854190098945,"Surface","Beef and Grain","Corn-Soybean","Cultivated Crops","Cultivated Crops","No",,"Tama silt loam","High-infiltration","Well drained",5,0.305,2004,"Pre-growing season",1,0,0,0,0,,1,0,0,0,0,0,"Previous crop",0,"Current post-growing season + pre-growing season",0,"No"
"USGS-423912090170800","R1",0,0,0,"Frozen","Storm","2004-3",2,2004-02-22 21:48:00,2004-02-24 10:00:00,13950,0.451,2.9718,2.7,1.100582,2.7432,2.7432,2.7432,2.286,1.8288,50.6,0.04554,60.09,0.05408,0,0,9.3726,9.3726,17.7,15.4,0.914,,,,9.34,8.14,0.481,17.5,15.2,0.9,,,,,651,16.9,736164,5.77583255904934,"Surface","Beef and Grain","Corn-Soybean","Cultivated Crops","Cultivated Crops","No",,"Tama silt loam","High-infiltration","Well drained",5,0.305,2004,"Pre-growing season",1,0,0,0,0,,1,0,0,0,0,0,"Previous crop",0,"Current post-growing season + pre-growing season",0,"No"
"USGS-423912090170800","R1",1,0,0,"Frozen","Storm","2004-4",1,2004-02-25 21:00:00,2004-02-26 04:00:00,615.6,0.07035,0,,,,,,,,,,,,0,0,12.3444,12.3444,2,0.0769,0.00455,,,,4.86,0.187,0.0111,5.64,0.217,0.0128,,,,,652,16.9,736164,0.254881901315468,"Surface","Beef and Grain","Corn-Soybean","Cultivated Crops","Cultivated Crops","No",,"Tama silt loam","High-infiltration","Well drained",5,0.305,2004,"Pre-growing season",1,0,0,0,0,,1,0,0,0,0,0,"Previous crop",0,"Current post-growing season + pre-growing season",0,"No"
"USGS-423912090170800","R1",1,0,0,"Frozen","Storm","2004-5",1,2004-02-26 20:00:00,2004-02-27 01:00:00,965.1,0.1008,0,,,,,,,,,,,,0,0,12.3444,12.3444,29,1.75,0.103,,,,6.04,0.364,0.0215,6.84,0.412,0.0244,,,,,653,16.9,736164,0.399588243923908,"Surface","Beef and Grain","Corn-Soybean","Cultivated Crops","Cultivated Crops","No",,"Tama silt loam","High-infiltration","Well drained",5,0.305,2004,"Pre-growing season",1,0,0,0,0,,1,0,0,0,0,0,"Previous crop",0,"Current post-growing season + pre-growing season",0,"No"
"USGS-423912090170800","R1",0,0,0,"Frozen","Storm","2004-8",2,2004-03-05 01:53:00,2004-03-05 11:09:00,31610,3.618,32.2834,12.33,2.61874,22.2504,12.4968,10.0584,9.144,7.5438,741.1,2.668,844.4,3.04,0.2286,0.2286,5.2578,17.6022,56.1,111,6.56,,,,4.86,9.58,0.567,5.44,10.7,0.635,,,,,654,16.9,736164,13.0877467520824,"Surface","Beef and Grain","Corn-Soybean","Cultivated Crops","Cultivated Crops","No",,"Tama silt loam","High-infiltration","Well drained",5,0.305,2004,"Pre-growing season",1,0,0,0,0,,1,0,0,0,0,0,"Previous crop",0,"Current post-growing season + pre-growing season",0,"No"
"USGS-423912090170800","R1",0,0,0,"Non-Frozen","Storm","2004-10",2,2004-05-23 05:16:00,2004-05-23 11:00:00,44710,39.9,49.5046,6.1,8.1153,176.1744,146.6088,109.0168,57.7088,30.6832,1954,44.41,1903,43.25,33.3248,70.5866,80.264,105.2068,2270,6330,374,,,,1.17,3.26,0.193,4.27,11.9,0.705,,,,,655,16.9,736164,18.5116468612972,"Surface","Beef and Grain","Corn-Soybean","Cultivated Crops","Cultivated Crops","No",,"Tama silt loam","High-infiltration","Well drained",5,0.305,2004,"Pre-growing season",1,0,0,0,0,,1,0,0,0,0,0,"Previous crop",0,"Current post-growing season + pre-growing season",0,"No"
"USGS-423912090170800","R1",0,0,0,"Non-Frozen","Storm","2004-12",1,2004-06-12 05:52:00,2004-06-12 06:40:00,1042,0.9011,16.9926,1.067,15.93088,61.8744,46.7868,39.7256,27.432,16.2814,644.6,6.962,616.8,6.662,0.2286,31.9278,37.3126,102.9716,280,18.2,1.08,,,,1.42,0.0921,0.00545,1.78,0.116,0.00686,,,,,656,16.9,736164,0.431427779679528,"Surface","Beef and Grain","Corn-Soybean","Cultivated Crops","Cultivated Crops","No",,"Tama silt loam","High-infiltration","Well drained",5,0.305,2004,"Growing season",1,0,0,0,0,,1,0,0,0,0,0,"Current crop",0,"Current pre-growing season + growing season",,
"USGS-423912090170800","R1",0,0,0,"Non-Frozen","Storm","2004-13",1,2004-06-17 01:01:00,2004-06-17 02:06:00,7122,7.08,36.1442,1.5,24.09698,90.2208,82.296,70.4088,59.5376,34.29,1463,34.29,1416,33.18,0,0,54.0512,59.436,366,163,9.63,,,,1.03,0.459,0.0272,1.59,0.707,0.0418,,,,,657,16.9,736164,2.94877989143723,"Surface","Beef and Grain","Corn-Soybean","Cultivated Crops","Cultivated Crops","No",,"Tama silt loam","High-infiltration","Well drained",5,0.305,2004,"Growing season",1,0,0,0,0,,1,0,0,0,0,0,"Current crop",0,"Current pre-growing season + growing season",,
"USGS-423912090170800","R1",0,0,0,"Frozen","Storm","2005-1",1,2005-01-02 06:50:00,2005-01-02 11:40:00,3869,0.372,10.0584,2.6,3.86842,40.5384,33.2232,25.908,15.3416,8.6106,323.3,1.952,319.5,1.93,0.7112,0.7112,0.9398,0.9398,8,1.93,0.114,60,14.5,0.858,3.73,0.901,0.0533,3.99,0.964,0.057,,,,,658,16.9,736164,1.60191370401161,"Surface","Beef and Grain","Corn-Soybean","Cultivated Crops","Cultivated Crops","No",,"Tama silt loam","High-infiltration","Well drained",5,0.305,2005,"Pre-growing season",1,0,0,0,0,0,1,0,0,0,0,0,"Previous crop",0,"Current post-growing season + pre-growing season",0,"No"
"USGS-423912090170800","R1",0,0,0,"Frozen","Storm","2005-3",1,2005-01-12 22:29:00,2005-01-14 07:00:00,35900,0.7657,17.78,4.45,3.99542,11.2776,8.5344,8.4328,7.0104,6.7564,418,1.154,478,1.319,0.9144,0.9144,0.9144,13.589,2,2.24,0.133,60,134,7.96,1.07,2.39,0.141,1.15,2.57,0.152,"<",,,,659,16.9,736164,14.8639705283062,"Surface","Beef and Grain","Corn-Soybean","Cultivated Crops","Cultivated Crops","No",,"Tama silt loam","High-infiltration","Well drained",5,0.305,2005,"Pre-growing season",1,0,0,0,0,0,1,0,0,0,0,0,"Previous crop",0,"Current post-growing season + pre-growing season",0,"No"
"USGS-423912090170800","R1",0,0,0,"Frozen","Storm","2005-4",1,2005-02-06 04:30:00,2005-02-08 05:42:00,76420,0.9743,5.9436,16.73,0.355092,2.7432,2.7432,1.8288,1.8288,1.6002,87.59,0.06306,89.74,0.06461,0,0,0,0,7,33.4,1.98,120,572,33.9,2.01,9.59,0.567,1.91,9.13,0.54,,,,,660,16.9,736164,31.6407974310072,"Surface","Beef and Grain","Corn-Soybean","Cultivated Crops","Cultivated Crops","No",,"Tama silt loam","High-infiltration","Well drained",5,0.305,2005,"Pre-growing season",1,0,0,0,0,0,1,0,0,0,0,0,"Previous crop",0,"Current post-growing season + pre-growing season",0,"No"
"USGS-423912090170800","R1",0,0,0,"Frozen","Storm","2005-5",2,2005-02-13 16:10:00,2005-02-15 05:30:00,68670,1.089,9.8298,26.7,0.368046,2.7432,2.7432,2.7432,2.286,1.6002,141.3,0.1272,145.2,0.1307,0,0,5.9436,5.9436,12.6,54.1,3.2,33.5,144,8.51,1.25,5.35,0.316,1.22,5.22,0.309,,,,,661,16.9,736164,28.4320015648687,"Surface","Beef and Grain","Corn-Soybean","Cultivated Crops","Cultivated Crops","No",,"Tama silt loam","High-infiltration","Well drained",5,0.305,2005,"Pre-growing season",1,0,0,0,0,0,1,0,0,0,0,0,"Previous crop",0,"Current post-growing season + pre-growing season",0,"No"
"USGS-423912090170800","R1",0,0,0,"Frozen","Storm","2005-6",1,2005-02-15 10:08:00,2005-02-16 02:40:00,13090,0.372,0.9144,2.067,0.442468,2.7432,1.3716,0.9144,0.4572,0.4572,16.46,0.002963,15.36,0.002764,2.7432,9.8298,9.8298,15.7734,16,13.1,0.773,66,53.9,3.19,2.81,2.3,0.136,2.79,2.28,0.135,,,,,662,16.9,736164,5.41975972745204,"Surface","Beef and Grain","Corn-Soybean","Cultivated Crops","Cultivated Crops","No",,"Tama silt loam","High-infiltration","Well drained",5,0.305,2005,"Pre-growing season",1,0,0,0,0,0,1,0,0,0,0,0,"Previous crop",0,"Current post-growing season + pre-growing season",0,"No"
"USGS-423912090170800","R1",0,0,0,"Frozen","Storm","2005-8",1,2005-02-25 20:20:00,2005-02-26 02:32:00,3842,0.2816,0,,,,,,,,,,,,0,0,1.8288,12.573,20,4.8,0.284,136,32.6,1.93,2.47,0.592,0.0351,2.57,0.616,0.0365,,,,,663,16.9,736164,1.59073467325216,"Surface","Beef and Grain","Corn-Soybean","Cultivated Crops","Cultivated Crops","No",,"Tama silt loam","High-infiltration","Well drained",5,0.305,2005,"Pre-growing season",1,0,0,0,0,0,1,0,0,0,0,0,"Previous crop",0,"Current post-growing season + pre-growing season",0,"No"
"USGS-423912090170800","R1",0,0,0,"Frozen","Storm","2005-11",1,2005-03-04 19:07:00,2005-03-05 02:28:00,10870,0.7873,0,,,,,,,,,,,,0,0,0.9144,2.7432,36,24.4,1.45,122,82.8,4.9,2.08,1.41,0.0835,2.16,1.47,0.0867,,,,,664,16.9,736164,4.50059497611945,"Surface","Beef and Grain","Corn-Soybean","Cultivated Crops","Cultivated Crops","No",,"Tama silt loam","High-infiltration","Well drained",5,0.305,2005,"Pre-growing season",1,0,0,0,0,0,1,0,0,0,0,0,"Previous crop",0,"Current post-growing season + pre-growing season",0,"No"
"USGS-423912090170800","R1",0,0,0,"Frozen","Storm","2005-12",1,2005-03-05 17:45:00,2005-03-06 01:34:00,15090,0.919,0,,,,,,,,,,,,0,0,0.9144,2.7432,37,34.9,2.06,138,130,7.69,2.41,2.27,0.134,2.47,2.33,0.138,,,,,665,16.9,736164,6.24783608000391,"Surface","Beef and Grain","Corn-Soybean","Cultivated Crops","Cultivated Crops","No",,"Tama silt loam","High-infiltration","Well drained",5,0.305,2005,"Pre-growing season",1,0,0,0,0,0,1,0,0,0,0,0,"Previous crop",0,"Current post-growing season + pre-growing season",0,"No"
"USGS-423912090170800","R1",0,0,0,"Frozen","Storm","2005-13",1,2005-03-06 16:40:00,2005-03-07 02:12:00,17710,0.9464,0,,,,,,,,,,,,0,0,0.9144,2.7432,26,28.8,1.7,140,155,9.16,2.11,2.33,0.138,2.32,2.57,0.152,,,,,666,16.9,736164,7.33261610184687,"Surface","Beef and Grain","Corn-Soybean","Cultivated Crops","Cultivated Crops","No",,"Tama silt loam","High-infiltration","Well drained",5,0.305,2005,"Pre-growing season",1,0,0,0,0,0,1,0,0,0,0,0,"Previous crop",0,"Current post-growing season + pre-growing season",0,"No"
"USGS-423912090170800","R1",0,0,0,"Frozen","Storm","2005-14",1,2005-03-07 07:00:00,2005-03-07 10:46:00,5191,0.8124,4.572,1.183,3.86334,5.4864,5.4864,5.4864,4.572,4.1148,98.41,0.1771,118,0.2124,0,0,0,0.9144,47,15.2,0.901,138,44.7,2.65,1.77,0.574,0.0339,1.91,0.619,0.0366,,,,,667,16.9,736164,2.1492721730484,"Surface","Beef and Grain","Corn-Soybean","Cultivated Crops","Cultivated Crops","No",,"Tama silt loam","High-infiltration","Well drained",5,0.305,2005,"Pre-growing season",1,0,0,0,0,0,1,0,0,0,0,0,"Previous crop",0,"Current post-growing season + pre-growing season",0,"No"
"USGS-423912090170800","R1",0,0,0,"Non-Frozen","Storm","2005-18",1,2005-06-12 01:22:00,2005-06-12 02:35:00,8007,6.29,33.9852,1.667,20.39112,96.012,74.0664,58.8264,53.7464,32.385,1355,28.67,1310,27.72,3.8862,3.8862,32.1818,34.4678,309,154,9.14,86,43,2.54,1.31,0.653,0.0386,1.8,0.9,0.0532,,,,,668,16.9,736164,3.31520367744144,"Surface","Beef and Grain","Corn-Soybean","Cultivated Crops","Cultivated Crops","No",,"Tama silt loam","High-infiltration","Well drained",5,0.305,2005,"Growing season",1,0,0,0,0,0,1,0,0,0,0,0,"Current crop",0,"Current pre-growing season + growing season",,
"USGS-423912090170800","R1",0,0,0,"Frozen","Storm","2006-1",1,2006-03-09 00:21:00,2006-03-09 06:00:00,33180,4.496,22.4028,5.517,4.06146,19.2024,17.8308,15.5448,10.9728,8.6868,575.4,2.486,629,2.717,3.6576,3.6576,6.1722,6.1722,61,126,7.48,128,265,15.7,6.61,13.7,0.81,7.66,15.9,0.939,,,,,669,16.9,736164,13.7377866888356,"Surface","Beef and Grain","Corn-Soybean","Cultivated Crops","Cultivated Crops","No",,"Tama silt loam","High-infiltration","Well drained",5,0.305,2006,"Pre-growing season",1,0,0,0,0,0,1,0,0,0,0,0,"Previous crop",0,"Current post-growing season + pre-growing season",0,"No"
"USGS-423912090170800","R1",0,0,0,"Frozen","Storm","2007-1",1,2007-02-21 19:15:00,2007-02-22 00:15:00,782.2,0.0711,0,,,,,,,,,,,,0,0,0,0,33,1.61,0.0953,134,6.54,0.387,0.939,0.0459,0.00271,1.32,0.0645,0.00381,,,,,670,16.9,736164,0.323860661483039,"Surface","Beef and Grain","Corn-Soybean","Cultivated Crops","Cultivated Crops","No",,"Tama silt loam","High-infiltration","Well drained",5,0.305,2007,"Pre-growing season",1,0,0,0,0,0,1,0,0,0,0,0,"Previous crop",0,"Current post-growing season + pre-growing season",0,"No"
"USGS-423912090170800","R1",0,0,0,"Frozen","Storm","2007-3",1,2007-03-09 20:30:00,2007-03-10 03:30:00,722.6,0.03836,3.2004,3.683,0.868934,2.7432,2.7432,1.8288,1.3716,1.3716,50.37,0.0272,57.88,0.03125,0,0,0,4.572,25,1.13,0.0667,84,3.79,0.224,0.565,0.0255,0.00151,0.735,0.0332,0.00196,,,,,671,16.9,736164,0.299183986176993,"Surface","Beef and Grain","Corn-Soybean","Cultivated Crops","Cultivated Crops","No",,"Tama silt loam","High-infiltration","Well drained",5,0.305,2007,"Pre-growing season",1,0,0,0,0,0,1,0,0,0,0,0,"Previous crop",0,"Current post-growing season + pre-growing season",0,"No"
"USGS-423912090170800","R1",0,0,0,"Frozen","Storm","2007-4",1,2007-03-10 17:00:00,2007-03-11 13:00:00,7881,0.4927,0,,,,,,,,,,,,3.429,3.429,3.429,8.001,30,14.8,0.873,98,48.2,2.85,1.86,0.915,0.0541,4.98,2.45,0.145,,,,,672,16.9,736164,3.26303486723067,"Surface","Beef and Grain","Corn-Soybean","Cultivated Crops","Cultivated Crops","No",,"Tama silt loam","High-infiltration","Well drained",5,0.305,2007,"Pre-growing season",1,0,0,0,0,0,1,0,0,0,0,0,"Previous crop",0,"Current post-growing season + pre-growing season",0,"No"
"USGS-423912090170800","R1",0,0,0,"Frozen","Storm","2007-5",2,2007-03-11 18:00:00,2007-03-12 12:15:00,3593,0.1235,0,,,,,,,,,,,,0,3.429,3.429,8.001,28.1,6.3,0.373,92.1,20.7,1.22,1.56,0.35,0.0207,1.82,0.409,0.0242,,,,,673,16.9,736164,1.48763916735945,"Surface","Beef and Grain","Corn-Soybean","Cultivated Crops","Cultivated Crops","No",,"Tama silt loam","High-infiltration","Well drained",5,0.305,2007,"Pre-growing season",1,0,0,0,0,0,1,0,0,0,0,0,"Previous crop",0,"Current post-growing season + pre-growing season",0,"No"
"USGS-423912090170800","R1",0,0,0,"Frozen","Storm","2007-6",1,2007-03-12 19:45:00,2007-03-13 03:45:00,3405,0.3522,0,,,,,,,,,,,,0,0,3.429,8.001,13,2.76,0.163,50,10.6,0.629,1.16,0.247,0.0146,1.35,0.287,0.017,,,,,674,16.9,736164,1.40979999021957,"Surface","Beef and Grain","Corn-Soybean","Cultivated Crops","Cultivated Crops","No",,"Tama silt loam","High-infiltration","Well drained",5,0.305,2007,"Pre-growing season",1,0,0,0,0,0,1,0,0,0,0,0,"Previous crop",0,"Current post-growing season + pre-growing season",0,"No"
"USGS-423912090170800","R1",0,0,0,"Non-Frozen","Storm","2007-7",1,2007-07-04 03:02:00,2007-07-04 04:00:00,8146,7.86,66.3194,1.483,44.704,161.544,125.5776,103.0224,98.5012,64.5414,2787,108.1,2702,104.8,0,0,0,38.3794,540,275,16.2,26,13.2,0.782,0.861,0.438,0.0259,1.44,0.732,0.0433,,,,,675,16.9,736164,3.3727549839438,"Surface","Beef and Grain","Corn-Soybean","Cultivated Crops","Cultivated Crops","No",,"Tama silt loam","High-infiltration","Well drained",5,0.305,2007,"Growing season",1,0,0,0,0,0,1,0,0,0,0,0,"Current crop",0,"Current pre-growing season + growing season",,
"USGS-423912090170800","R1",0,0,0,"Non-Frozen","Storm","2007-8",1,2007-08-22 22:59:00,2007-08-23 00:08:00,2505,2.2,23.3172,3.35,6.9596,89.916,72.39,56.5912,30.5816,18.7198,838.9,10.1,833.5,10.04,13.9954,13.9954,72.9742,106.045,186,29.1,1.72,94,14.7,0.87,1.28,0.2,0.0118,1.81,0.283,0.0167,,,,,676,16.9,736164,1.03716563157123,"Surface","Beef and Grain","Corn-Soybean","Cultivated Crops","Cultivated Crops","No",,"Tama silt loam","High-infiltration","Well drained",5,0.305,2007,"Growing season",1,0,0,0,0,0,1,0,0,0,0,0,"Current crop",0,"Current pre-growing season + growing season",,
"USGS-423912090170800","R1",0,0,0,"Frozen","Storm","2008-2",1,2008-01-06 17:00:00,2008-01-07 02:00:00,259.2,0.0151,0,,,,,,,,,,,,0,0,0,0,5,0.0809,0.00479,46,0.744,0.044,0.509,0.00824,0.000487,0.572,0.00926,0.000548,,,,,677,16.9,736164,0.107318695290723,"Surface","Beef and Grain","Corn-Soybean","Cultivated Crops","Cultivated Crops","No",,"Tama silt loam","High-infiltration","Well drained",5,0.305,2008,"Pre-growing season",1,0,0,0,0,0,1,0,0,0,0,0,"Previous crop",0,"Current post-growing season + pre-growing season",0,"No"
"USGS-423912090170800","R1",0,0,0,"Frozen","Storm","2008-3",1,2008-01-07 13:28:00,2008-01-08 04:00:00,2748,0.1643,12.8524,15.27,0.841756,40.2336,35.6616,26.5176,14.6304,7.5438,403.1,2.322,392.4,2.26,0,0,0,0,2,0.172,0.0101,30,5.15,0.304,0.299,0.0513,0.00303,0.36,0.0617,0.00365,"<",,,,678,16.9,736164,1.13777690840628,"Surface","Beef and Grain","Corn-Soybean","Cultivated Crops","Cultivated Crops","No",,"Tama silt loam","High-infiltration","Well drained",5,0.305,2008,"Pre-growing season",1,0,0,0,0,0,1,0,0,0,0,0,"Previous crop",0,"Current post-growing season + pre-growing season",0,"No"
"USGS-423912090170800","R1",0,0,0,"Frozen","Storm","2008-5",1,2008-03-03 01:49:00,2008-03-04 17:00:00,23920,0.6765,16.0274,8.183,1.958594,19.5072,13.8684,11.0744,7.8232,5.0546,344.8,1.062,396.9,1.222,0,0,0,0,2,1.49,0.0883,20,29.9,1.77,0.073,0.109,0.00645,0.09,0.134,0.00795,"<",,,,679,16.9,736164,9.90379317652045,"Surface","Beef and Grain","Corn-Soybean","Cultivated Crops","Cultivated Crops","No",,"Tama silt loam","High-infiltration","Well drained",5,0.305,2008,"Pre-growing season",1,0,0,0,0,0,1,0,0,0,0,0,"Previous crop",0,"Current post-growing season + pre-growing season",0,"No"
"USGS-423912090170800","R1",0,0,0,"Frozen","Storm","2008-6",4,2008-03-12 22:00:00,2008-03-16 10:29:00,32350,0.564,0,,,,,,,,,,,,0,0,0,16.0274,20.7,41.7,2.47,25.6,51.7,3.06,0.72,1.45,0.086,0.959,1.94,0.115,,,,,680,16.9,736164,13.3941350025266,"Surface","Beef and Grain","Corn-Soybean","Cultivated Crops","Cultivated Crops","No",,"Tama silt loam","High-infiltration","Well drained",5,0.305,2008,"Pre-growing season",1,0,0,0,0,0,1,0,0,0,0,0,"Previous crop",0,"Current post-growing season + pre-growing season",0,"No"
"USGS-423912090170800","R1",0,0,0,"Frozen","Storm","2008-7",1,2008-03-16 19:00:00,2008-03-17 07:10:00,1564,0.0765,0,,,,,,,,,,,,0,0,0,16.0274,30,2.93,0.173,48,4.69,0.277,0.877,0.0856,0.00507,1.04,0.102,0.00602,,,,,681,16.9,736164,0.647555707695568,"Surface","Beef and Grain","Corn-Soybean","Cultivated Crops","Cultivated Crops","No",,"Tama silt loam","High-infiltration","Well drained",5,0.305,2008,"Pre-growing season",1,0,0,0,0,0,1,0,0,0,0,0,"Previous crop",0,"Current post-growing season + pre-growing season",0,"No"
"USGS-423912090170800","R1",0,0,0,"Frozen","Storm","2008-14",1,2008-03-31 15:13:00,2008-03-31 18:00:00,4069,1.65,12.5984,1.8,7.00024,22.2504,16.6116,13.716,12.3444,8.7122,375.3,1.824,386.3,1.877,8.9154,8.9154,12.3444,13.716,549,139,8.25,92,23.4,1.38,0.579,0.147,0.0087,1.77,0.45,0.0266,,,,,682,16.9,736164,1.68472133926679,"Surface","Beef and Grain","Corn-Soybean","Cultivated Crops","Cultivated Crops","No",,"Tama silt loam","High-infiltration","Well drained",5,0.305,2008,"Pre-growing season",1,0,0,0,0,0,1,0,0,0,0,0,"Previous crop",0,"Current post-growing season + pre-growing season",0,"No"
"USGS-423912090170800","R1",0,0,0,"Non-Frozen","Storm","2008-16",1,2008-04-25 13:40:00,2008-04-25 16:00:00,5530,4.52,17.7546,2.15,8.25754,84.1248,54.4068,38.1,22.7076,14.3256,585.1,5.231,601.8,5.38,29.4386,32.639,41.783,69.469,3050,1050,62.4,136,46.9,2.78,0.679,0.234,0.0139,5.93,2.05,0.121,,,,,683,16.9,736164,2.28963111480594,"Surface","Beef and Grain","Corn-Soybean","Cultivated Crops","Cultivated Crops","No",,"Tama silt loam","High-infiltration","Well drained",5,0.305,2008,"Pre-growing season",1,0,0,0,0,0,1,0,0,0,0,0,"Previous crop",0,"Current post-growing season + pre-growing season",0,"No"
"USGS-423912090170800","R1",0,0,0,"Non-Frozen","Storm","2008-17",1,2008-05-02 06:42:00,2008-05-02 07:45:00,527,0.3522,20.2438,0.8667,23.35784,67.6656,49.0728,44.9072,33.6296,20.2438,804.4,10.65,760.3,10.07,0,0,25.7556,65.024,2300,75.5,4.47,136,4.47,0.265,0.921,0.0303,0.00179,4.47,0.147,0.0087,,,,,684,16.9,736164,0.21819811889742,"Surface","Beef and Grain","Corn-Soybean","Cultivated Crops","Cultivated Crops","No",,"Tama silt loam","High-infiltration","Well drained",5,0.305,2008,"Pre-growing season",1,0,0,0,0,0,1,0,0,0,0,0,"Previous crop",0,"Current post-growing season + pre-growing season",0,"No"
"USGS-423912090170800","R1",0,0,0,"Non-Frozen","Storm","2008-19",1,2008-05-30 09:03:00,2008-05-30 10:21:00,285.1,0.1701,30.0228,12.87,2.333498,28.0416,16.764,13.8176,11.0236,8.4836,754.7,3.276,815.5,3.539,3.2004,3.2004,34.2646,34.2646,426,7.58,0.449,108,1.92,0.114,0.732,0.013,0.000771,1.7,0.0303,0.00179,,,,,685,16.9,736164,0.11804228405627,"Surface","Beef and Grain","Corn-Soybean","Cultivated Crops","Cultivated Crops","No",,"Tama silt loam","High-infiltration","Well drained",5,0.305,2008,"Pre-growing season",1,0,0,0,0,0,1,0,0,0,0,0,"Previous crop",0,"Current post-growing season + pre-growing season",0,"No"
"USGS-423912090170800","R1",0,0,0,"Non-Frozen","Storm","2008-20",1,2008-06-05 10:00:00,2008-06-05 11:33:00,5460,4.964,22.606,2.85,7.93242,84.1248,62.6364,55.2704,36.8808,18.8976,875.8,12.72,843,12.24,0,4.1148,46.736,77.8002,2090,713,42.2,126,43,2.54,0.683,0.233,0.0138,3.83,1.31,0.0773,,,,,686,16.9,736164,2.26064844246662,"Surface","Beef and Grain","Corn-Soybean","Cultivated Crops","Cultivated Crops","No",,"Tama silt loam","High-infiltration","Well drained",5,0.305,2008,"Growing season",1,0,0,0,0,0,1,0,0,0,0,0,"Current crop",0,"Current pre-growing season + growing season",,
"USGS-423912090170800","R1",0,0,0,"Non-Frozen","Storm","2008-21",1,2008-06-08 04:09:00,2008-06-08 06:55:00,22140,13.98,27.1272,1.367,19.8501,45.72,44.196,39.7256,31.3944,18.9992,1055,13.04,998.6,12.34,1.8288,7.7724,37.9222,110.9218,1950,2700,160,130,180,10.6,0.619,0.856,0.0506,2.61,3.61,0.213,,,,,687,16.9,736164,9.16680522274928,"Surface","Beef and Grain","Corn-Soybean","Cultivated Crops","Cultivated Crops","No",,"Tama silt loam","High-infiltration","Well drained",5,0.305,2008,"Growing season",1,0,0,0,0,0,1,0,0,0,0,0,"Current crop",0,"Current pre-growing season + growing season",,
"USGS-423912090170800","R1",0,0,0,"Non-Frozen","Storm","2008-22",1,2008-06-08 13:48:00,2008-06-08 17:10:00,16090,5.596,18.6436,2.467,7.55904,33.528,24.9936,20.32,16.5608,15.2146,625.4,4.077,613,3.996,31.7246,31.7246,67.818,140.8176,1080,1090,64.4,124,125,7.37,0.502,0.504,0.0298,2.05,2.06,0.122,,,,,688,16.9,736164,6.66187425627985,"Surface","Beef and Grain","Corn-Soybean","Cultivated Crops","Cultivated Crops","No",,"Tama silt loam","High-infiltration","Well drained",5,0.305,2008,"Growing season",1,0,0,0,0,0,1,0,0,0,0,0,"Current crop",0,"Current pre-growing season + growing season",,
"USGS-423912090170800","R1",0,0,0,"Non-Frozen","Storm","2008-23",1,2008-06-09 00:36:00,2008-06-09 05:10:00,21290,12.06,19.812,4.433,4.46786,83.2104,55.626,43.4848,30.48,16.383,715.6,8.587,695.8,8.349,48.5394,50.3682,86.4616,159.4612,2080,2770,164,140,186,11,0.519,0.69,0.0408,2.1,2.79,0.165,,,,,689,16.9,736164,8.81487277291473,"Surface","Beef and Grain","Corn-Soybean","Cultivated Crops","Cultivated Crops","No",,"Tama silt loam","High-infiltration","Well drained",5,0.305,2008,"Growing season",1,0,0,0,0,0,1,0,0,0,0,0,"Current crop",0,"Current pre-growing season + growing season",,
"USGS-423912090170800","R1",0,0,0,"Non-Frozen","Storm","2008-24",1,2008-06-12 14:14:00,2008-06-12 15:32:00,345.6,0.268,12.7762,1.033,12.36472,70.7136,43.5864,31.8008,20.5232,12.5476,456.1,3.686,453.7,3.666,0.6858,0.6858,77.0382,149.5806,493,10.6,0.629,114,2.46,0.146,0.814,0.0176,0.00104,1.83,0.0395,0.00234,,,,,690,16.9,736164,0.143091593720964,"Surface","Beef and Grain","Corn-Soybean","Cultivated Crops","Cultivated Crops","No",,"Tama silt loam","High-infiltration","Well drained",5,0.305,2008,"Growing season",1,0,0,0,0,0,1,0,0,0,0,0,"Current crop",0,"Current pre-growing season + growing season",,
"USGS-423912090170800","R1",0,0,0,"Non-Frozen","Storm","2008-25",1,2008-06-13 04:02:00,2008-06-13 07:10:00,1581,0.3612,11.4554,5.117,2.238756,16.764,11.1252,7.4168,5.9436,5.2578,278.8,0.6524,307.7,0.7201,13.9192,14.605,90.9574,158.0134,511,50.4,2.98,136,13.4,0.794,0.701,0.0692,0.00409,1.77,0.175,0.0103,,,,,691,16.9,736164,0.654594356692259,"Surface","Beef and Grain","Corn-Soybean","Cultivated Crops","Cultivated Crops","No",,"Tama silt loam","High-infiltration","Well drained",5,0.305,2008,"Growing season",1,0,0,0,0,0,1,0,0,0,0,0,"Current crop",0,"Current pre-growing season + growing season",,
"USGS-423912090170800","R1",0,0,0,"Non-Frozen","Storm","2008-26",1,2008-07-10 15:54:00,2008-07-10 17:00:00,483.8,0.5894,18.7706,1.967,9.54532,70.4088,49.53,43.5864,30.6832,17.1704,710.1,8.578,690,8.335,1.8288,1.8288,35.8902,74.549,154,4.65,0.275,54,1.63,0.0965,1.06,0.0322,0.0019,1.45,0.0438,0.00259,,,,,692,16.9,736164,0.200311669682299,"Surface","Beef and Grain","Corn-Soybean","Cultivated Crops","Cultivated Crops","No",,"Tama silt loam","High-infiltration","Well drained",5,0.305,2008,"Growing season",1,0,0,0,0,0,1,0,0,0,0,0,"Current crop",0,"Current pre-growing season + growing season",,
"USGS-423912090170800","R1",0,0,0,"Non-Frozen","Storm","2008-27",1,2008-07-10 23:16:00,2008-07-11 01:25:00,32490,18.82,31.877,1.317,24.21128,64.008,61.1124,55.9816,44.8564,30.2768,1277,22.54,1212,21.4,21.0566,21.0566,55.118,93.7768,435,882,52.2,24,48.7,2.88,0.354,0.718,0.0425,0.833,1.69,0.1,,,,,693,16.9,736164,13.4521003472052,"Surface","Beef and Grain","Corn-Soybean","Cultivated Crops","Cultivated Crops","No",,"Tama silt loam","High-infiltration","Well drained",5,0.305,2008,"Growing season",1,0,0,0,0,0,1,0,0,0,0,0,"Current crop",0,"Current pre-growing season + growing season",,
"USGS-423912090170800","R1",0,0,0,"Non-Frozen","Storm","2008-28",1,2008-07-12 07:40:00,2008-07-12 09:25:00,4078,2.01,22.7838,1.95,11.684,51.816,39.7764,37.7952,26.2636,19.4818,819.1,8.47,791.1,8.18,0,51.1048,86.995,124.0536,104,26.5,1.57,46,11.7,0.693,0.621,0.158,0.00935,0.921,0.234,0.0139,,,,,694,16.9,736164,1.68844768285328,"Surface","Beef and Grain","Corn-Soybean","Cultivated Crops","Cultivated Crops","No",,"Tama silt loam","High-infiltration","Well drained",5,0.305,2008,"Growing season",1,0,0,0,0,0,1,0,0,0,0,0,"Current crop",0,"Current pre-growing season + growing season",,
"USGS-423912090170800","R1",0,0,0,"Non-Frozen","Storm","2008-29",1,2008-07-20 04:39:00,2008-07-20 05:44:00,924.5,0.9836,28.956,1.083,26.7208,115.824,97.536,75.184,47.752,28.702,1147,21.57,1113,20.92,0.254,0.508,2.032,115.3668,123,7.1,0.42,64,3.69,0.219,0.835,0.0482,0.00285,1.08,0.0625,0.0037,,,,,695,16.9,736164,0.382778293967105,"Surface","Beef and Grain","Corn-Soybean","Cultivated Crops","Cultivated Crops","No",,"Tama silt loam","High-infiltration","Well drained",5,0.305,2008,"Growing season",1,0,0,0,0,0,1,0,0,0,0,0,"Current crop",0,"Current pre-growing season + growing season",,
"USGS-423912090170800","R1",0,0,0,"Frozen","Storm","2009-1",1,2008-12-27 07:00:00,2008-12-28 12:00:00,39840,1.376,9.8298,11.87,0.828294,10.9728,9.6012,7.3152,4.572,3.6576,206,0.3708,225.9,0.4066,0,0,0,3.429,11,27.4,1.62,52,129,7.65,0.468,1.16,0.0689,0.523,1.3,0.077,,,,,696,16.9,736164,16.4952809428334,"Surface","Beef and Grain","Corn-Soybean","Cultivated Crops","Cultivated Crops","No",,"Tama silt loam","High-infiltration","Well drained",5,0.305,2009,"Post-growing season",1,0,0,0,0,0,1,0,0,0,0,0,"Previous crop",0,"Previous growing season + current post-growing season",0,"No"
"USGS-423912090170800","R1",0,0,0,"Frozen","Storm","2009-3",1,2009-02-25 18:49:00,2009-02-26 06:46:00,5792,0.4717,0,,,,,,,,,,,,0,0,0.2286,0.9144,28,10.1,0.599,574,208,12.3,5.51,1.99,0.118,7.62,2.76,0.163,,,,,697,16.9,736164,2.39810911699024,"Surface","Beef and Grain","Corn-Soybean","Cultivated Crops","Cultivated Crops","No",,"Tama silt loam","High-infiltration","Well drained",5,0.305,2009,"Pre-growing season",1,0,0,0,0,0,1,0,0,0,0,0,"Previous crop",0,"Current post-growing season + pre-growing season",0,"No"
"USGS-423912090170800","R1",0,0,0,"Frozen","Storm","2009-4",1,2009-02-26 17:00:00,2009-02-27 07:20:00,37960,4.71,14.6304,10.67,1.3716,19.2024,13.716,10.9728,8.2296,6.6294,336.4,1.09,367.9,1.192,0,0,0,0.9144,114,270,16,632,1500,88.6,11.8,27.8,1.65,15.7,37.3,2.21,,,,,698,16.9,736164,15.7168891714346,"Surface","Beef and Grain","Corn-Soybean","Cultivated Crops","Cultivated Crops","No",,"Tama silt loam","High-infiltration","Well drained",5,0.305,2009,"Pre-growing season",1,0,0,0,0,0,1,0,0,0,0,0,"Previous crop",0,"Current post-growing season + pre-growing season",0,"No"
"USGS-423912090170800","R1",0,0,0,"Frozen","Storm","2009-10",1,2009-03-07 12:15:00,2009-03-07 23:50:00,26280,2.015,21.0312,11.32,1.858518,8.2296,8.2296,6.4008,5.0292,3.8862,400.1,0.7922,487.3,0.9648,0,0,0,14.6304,80,131,7.77,274,450,26.6,4.49,7.37,0.436,5.46,8.96,0.53,,,,,699,16.9,736164,10.8809232725317,"Surface","Beef and Grain","Corn-Soybean","Cultivated Crops","Cultivated Crops","No",,"Tama silt loam","High-infiltration","Well drained",5,0.305,2009,"Pre-growing season",1,0,0,0,0,0,1,0,0,0,0,0,"Previous crop",0,"Current post-growing season + pre-growing season",0,"No"
"USGS-423912090170800","R1",0,0,0,"Frozen","Storm","2009-11",1,2009-03-08 12:30:00,2009-03-09 00:16:00,50070,3.288,25.6032,8.933,2.86512,8.2296,6.858,6.4008,5.9436,5.4864,515.9,1.207,629.3,1.473,18.288,24.2316,24.2316,38.862,47,147,8.69,168,525,31.1,2.38,7.44,0.44,2.86,8.94,0.529,,,,,700,16.9,736164,20.7308914861362,"Surface","Beef and Grain","Corn-Soybean","Cultivated Crops","Cultivated Crops","No",,"Tama silt loam","High-infiltration","Well drained",5,0.305,2009,"Pre-growing season",1,0,0,0,0,0,1,0,0,0,0,0,"Previous crop",0,"Current post-growing season + pre-growing season",0,"No"
"USGS-423912090170800","R1",0,0,0,"Frozen","Storm","2009-12",1,2009-03-10 05:30:00,2009-03-10 13:43:00,27800,2.785,19.2024,10.5,1.8288,8.2296,6.858,6.4008,4.572,3.8862,357.2,0.6429,439.6,0.7914,0,28.575,49.8348,64.4652,35,60.7,3.59,138,240,14.2,1.29,2.24,0.132,1.73,3,0.178,,,,,701,16.9,736164,11.5102613004711,"Surface","Beef and Grain","Corn-Soybean","Cultivated Crops","Cultivated Crops","No",,"Tama silt loam","High-infiltration","Well drained",5,0.305,2009,"Pre-growing season",1,0,0,0,0,0,1,0,0,0,0,0,"Previous crop",0,"Current post-growing season + pre-growing season",0,"No"
"USGS-423912090170800","R1",0,0,0,"Non-Frozen","Storm","2009-14",1,2009-06-19 14:18:00,2009-06-19 14:38:00,106.1,0.169,22.3266,0.3333,66.9798,105.7656,89.7636,77.1144,44.6532,22.3266,955.1,16.79,918.6,16.15,2.7432,9.2202,19.05,51.3334,420,2.78,0.165,4,0.0265,0.00157,0.533,0.00353,0.000209,1.1,0.00732,0.000433,,,,,702,16.9,736164,0.0439294505028771,"Surface","Beef and Grain","Corn-Soybean","Cultivated Crops","Cultivated Crops","No",,"Tama silt loam","High-infiltration","Well drained",5,0.305,2009,"Growing season",1,0,0,0,0,0,1,0,0,0,0,0,"Current crop",0,"Current pre-growing season + growing season",,
"USGS-423912090170800","R1",0,0,0,"Non-Frozen","Storm","2009-15",1,2009-07-24 22:15:00,2009-07-25 01:31:00,10050,4.22,40.6908,2.25,18.0848,185.6232,114.4524,80.8736,48.9204,25.146,1607,30.94,1553,29.92,0,0,58.7248,71.5264,821,515,30.5,114,71.5,4.23,0.998,0.626,0.0371,2.72,1.71,0.101,,,,,703,16.9,736164,4.16108367157318,"Surface","Beef and Grain","Corn-Soybean","Cultivated Crops","Cultivated Crops","No",,"Tama silt loam","High-infiltration","Well drained",5,0.305,2009,"Growing season",1,0,0,0,0,0,1,0,0,0,0,0,"Current crop",0,"Current pre-growing season + growing season",,
"USGS-423912090170800","R1",0,0,0,"Non-Frozen","Storm","2009-16",1,2009-07-28 00:55:00,2009-07-28 02:56:00,3528,1.695,39.9288,1.167,34.2138,136.8552,99.3648,74.5744,58.3184,37.3634,1661,38.14,1584,36.37,0,0,99.4156,112.2172,404,89,5.26,174,38.3,2.27,2.05,0.451,0.0267,3.33,0.733,0.0434,,,,,704,16.9,736164,1.46072668590151,"Surface","Beef and Grain","Corn-Soybean","Cultivated Crops","Cultivated Crops","No",,"Tama silt loam","High-infiltration","Well drained",5,0.305,2009,"Growing season",1,0,0,0,0,0,1,0,0,0,0,0,"Current crop",0,"Current pre-growing season + growing season",,
"USGS-423912090170800","R1",0,0,0,"Non-Frozen","Storm","2009-17",1,2009-08-27 15:55:00,2009-08-27 17:51:00,1435,0.5574,34.0614,9.75,3.4925,21.9456,16.4592,15.5448,14.1732,10.9728,820.8,4.58,916.6,5.115,2.286,10.541,17.399,35.9664,687,61.5,3.64,208,18.6,1.1,1.23,0.11,0.00652,2.89,0.259,0.0153,,,,,705,16.9,736164,0.594144782955972,"Surface","Beef and Grain","Corn-Soybean","Cultivated Crops","Cultivated Crops","No",,"Tama silt loam","High-infiltration","Well drained",5,0.305,2009,"Growing season",1,0,0,0,0,0,1,0,0,0,0,0,"Current crop",0,"Current pre-growing season + growing season",,
"USGS-423912090170800","R1",0,0,0,"Frozen","Storm","2010-3",1,2010-01-24 06:00:00,2010-01-25 18:01:00,9556,0.2912,19.2024,16.88,1.137412,8.2296,5.4864,4.572,3.6576,2.9718,322.2,0.4639,392,0.5645,0.4572,0.4572,0.4572,0.4572,12,7.16,0.424,118,70.4,4.17,4.06,2.42,0.143,4.87,2.91,0.172,,,,,706,16.9,736164,3.95654881249287,"Surface","Beef and Grain","Corn-Soybean","Cultivated Crops","Cultivated Crops","No",,"Tama silt loam","High-infiltration","Well drained",5,0.305,2010,"Pre-growing season",1,0,0,0,0,0,1,0,0,0,0,0,"Previous crop",0,"Current post-growing season + pre-growing season",0,"No"
"USGS-423912090170800","R1",0,0,0,"Frozen","Storm","2010-7",6,2010-03-07 14:00:00,2010-03-12 03:00:00,84730,1.115,19.431,100.6,0.1931162,13.716,8.2296,7.3152,5.4864,3.429,355.8,0.7685,393.8,0.8506,0,0,0,0,23.6,125,7.38,64.8,343,20.3,2.9,15.3,0.906,3.63,19.2,1.14,,,,,707,16.9,736164,35.0814546758603,"Surface","Beef and Grain","Corn-Soybean","Cultivated Crops","Cultivated Crops","No",,"Tama silt loam","High-infiltration","Well drained",5,0.305,2010,"Pre-growing season",1,0,0,0,0,0,1,0,0,0,0,0,"Previous crop",0,"Current post-growing season + pre-growing season",0,"No"
"USGS-423912090170800","R1",0,0,0,"Non-Frozen","Storm","2010-9",1,2010-06-15 19:59:00,2010-06-15 20:45:00,520.2,0.447,21.2598,3.55,5.98932,39.9288,34.29,28.3464,20.1168,13.0302,638,5.053,663.9,5.258,0.6858,10.7696,16.256,89.8652,318,10.3,0.611,134,4.35,0.258,1.41,0.0458,0.00271,2.31,0.075,0.00444,,,,,708,16.9,736164,0.215382659298743,"Surface","Beef and Grain","Corn-Soybean","Cultivated Crops","Cultivated Crops","No",,"Tama silt loam","High-infiltration","Well drained",5,0.305,2010,"Growing season",1,0,0,0,0,0,1,0,0,0,0,0,"Current crop",0,"Current pre-growing season + growing season",,
"USGS-423912090170800","R1",0,0,0,"Non-Frozen","Storm","2010-10",1,2010-06-22 00:10:00,2010-06-22 01:30:00,2537,2.08,21.0058,1.017,20.66036,86.2584,78.486,61.5696,35.1028,20.7772,854,11.8,823.6,11.38,0,0,45.8216,71.2216,446,70.6,4.18,106,16.8,0.993,1.06,0.168,0.00993,1.84,0.291,0.0172,,,,,709,16.9,736164,1.05041485321206,"Surface","Beef and Grain","Corn-Soybean","Cultivated Crops","Cultivated Crops","No",,"Tama silt loam","High-infiltration","Well drained",5,0.305,2010,"Growing season",1,0,0,0,0,0,1,0,0,0,0,0,"Current crop",0,"Current pre-growing season + growing season",,
"USGS-423912090170800","R1",0,0,0,"Non-Frozen","Storm","2010-11",1,2010-06-23 09:25:00,2010-06-23 11:01:00,5677,3.881,18.542,3.15,5.88518,71.0184,50.9016,45.212,30.1244,15.2908,719.5,8.533,684.7,8.121,0,22.3774,46.9392,83.9978,255,90.4,5.35,78,27.6,1.64,0.842,0.298,0.0177,1.42,0.503,0.0298,,,,,710,16.9,736164,2.3504947267185,"Surface","Beef and Grain","Corn-Soybean","Cultivated Crops","Cultivated Crops","No",,"Tama silt loam","High-infiltration","Well drained",5,0.305,2010,"Growing season",1,0,0,0,0,0,1,0,0,0,0,0,"Current crop",0,"Current pre-growing season + growing season",,
"USGS-423912090170800","R1",0,0,0,"Non-Frozen","Storm","2010-12",1,2010-06-26 06:29:00,2010-06-26 07:46:00,1825,1.538,26.1112,1.917,13.62202,64.008,47.3964,38.1,36.2204,23.1394,965.9,13.77,943.8,13.46,0,0,41.6052,103.2256,223,25.4,1.5,108,12.3,0.728,0.929,0.106,0.00626,1.48,0.169,0.00998,,,,,711,16.9,736164,0.755619671703588,"Surface","Beef and Grain","Corn-Soybean","Cultivated Crops","Cultivated Crops","No",,"Tama silt loam","High-infiltration","Well drained",5,0.305,2010,"Growing season",1,0,0,0,0,0,1,0,0,0,0,0,"Current crop",0,"Current pre-growing season + growing season",,
"USGS-423912090170800","R1",0,0,0,"Non-Frozen","Storm","2010-14",1,2010-08-08 13:00:00,2010-08-08 16:09:00,18850,7.926,81.026,1.983,40.8432,109.4232,96.6216,82.9056,59.8424,52.4764,3384,79.73,3226,76,0,0,9.652,17.4244,114,134,7.94,72,84.7,5.01,1.24,1.46,0.0864,3.86,4.54,0.269,,,,,712,16.9,736164,7.80461962280144,"Surface","Beef and Grain","Corn-Soybean","Cultivated Crops","Cultivated Crops","No",,"Tama silt loam","High-infiltration","Well drained",5,0.305,2010,"Growing season",1,0,0,0,0,0,1,0,0,0,0,0,"Current crop",0,"Current pre-growing season + growing season",,
"USGS-423909090172100","R2",1,0,0,"Frozen","Storm","2004-1",6,2004-02-20 10:59:00,2004-02-26 01:18:00,57480,0.5918,12.3444,61.23,0.2015998,8.2296,6.858,6.4008,5.4864,4.1148,220.6,0.4765,255.4,0.5517,0,0,0,0,61.2,219,12.8,,,,7.28,26.1,1.52,9.23,33.1,1.93,,,,,713,17.2,749232,23.3838170286373,"Surface","Beef and Grain","Corn-Soybean","Cultivated Crops","Cultivated Crops","No",,"Tama silt loam","High-infiltration","Well drained",5,0.305,2004,"Pre-growing season",1,0,0,0,0,,1,0,0,0,0,0,"Previous crop",0,"Current post-growing season + pre-growing season",0,"No"
"USGS-423909090172100","R2",1,0,0,"Frozen","Storm","2004-2",2,2004-02-26 18:00:00,2004-02-27 01:02:00,1605,0.1369,0,,,,,,,,,,,,0,0,12.3444,12.3444,64.8,6.49,0.377,,,,3.1,0.31,0.018,3.51,0.352,0.0204,,,,,714,17.2,749232,0.652940611185854,"Surface","Beef and Grain","Corn-Soybean","Cultivated Crops","Cultivated Crops","No",,"Tama silt loam","High-infiltration","Well drained",5,0.305,2004,"Pre-growing season",1,0,0,0,0,,1,0,0,0,0,0,"Previous crop",0,"Current post-growing season + pre-growing season",0,"No"
"USGS-423909090172100","R2",1,0,0,"Frozen","Storm","2004-3",2,2004-02-27 19:20:00,2004-02-28,850.7,0.07726,0,,,,,,,,,,,,0,0,2.9718,12.3444,53.9,2.86,0.166,,,,2.56,0.136,0.00791,3.02,0.16,0.00933,,,,,715,17.2,749232,0.346078864757512,"Surface","Beef and Grain","Corn-Soybean","Cultivated Crops","Cultivated Crops","No",,"Tama silt loam","High-infiltration","Well drained",5,0.305,2004,"Pre-growing season",1,0,0,0,0,,1,0,0,0,0,0,"Previous crop",0,"Current post-growing season + pre-growing season",0,"No"
"USGS-423909090172100","R2",1,0,0,"Frozen","Storm","2004-4",1,2004-02-28 18:20:00,2004-02-28 21:00:00,420.5,0.08283,0,,,,,,,,,,,,0,0,2.9718,12.3444,45,1.18,0.0687,,,,2.26,0.0593,0.00345,2.71,0.0711,0.00414,,,,,716,17.2,749232,0.171066371964892,"Surface","Beef and Grain","Corn-Soybean","Cultivated Crops","Cultivated Crops","No",,"Tama silt loam","High-infiltration","Well drained",5,0.305,2004,"Pre-growing season",1,0,0,0,0,,1,0,0,0,0,0,"Previous crop",0,"Current post-growing season + pre-growing season",0,"No"
"USGS-423909090172100","R2",0,0,0,"Frozen","Storm","2004-5",2,2004-03-05 04:10:00,2004-03-05 08:00:00,8593,1.502,28.1178,9.083,3.09626,10.9728,10.9728,10.0584,9.144,7.5438,607.5,2.187,717.5,2.583,0.2286,0.2286,5.2578,17.6022,219,117,6.82,,,,3.99,2.14,0.124,4.94,2.65,0.154,,,,,717,17.2,749232,3.49577487347043,"Surface","Beef and Grain","Corn-Soybean","Cultivated Crops","Cultivated Crops","No",,"Tama silt loam","High-infiltration","Well drained",5,0.305,2004,"Pre-growing season",1,0,0,0,0,,1,0,0,0,0,0,"Previous crop",0,"Current post-growing season + pre-growing season",0,"No"
"USGS-423909090172100","R2",0,0,0,"Non-Frozen","Storm","2004-8",2,2004-05-23 05:16:00,2004-05-23 11:15:00,43050,36.76,49.5046,6.1,8.1153,176.1744,146.6088,109.0168,57.7088,30.6832,1954,44.41,1903,43.25,33.3248,70.5866,80.264,105.2068,4640,12500,725,,,,1.05,2.82,0.164,6.12,16.4,0.956,,,,,718,17.2,749232,17.5134537766673,"Surface","Beef and Grain","Corn-Soybean","Cultivated Crops","Cultivated Crops","No",,"Tama silt loam","High-infiltration","Well drained",5,0.305,2004,"Pre-growing season",1,0,0,0,0,,1,0,0,0,0,0,"Previous crop",0,"Current post-growing season + pre-growing season",0,"No"
"USGS-423909090172100","R2",0,0,0,"Non-Frozen","Storm","2004-9",1,2004-05-30 12:54:00,2004-05-30 14:31:00,2674,1.187,25.781,2.15,11.99134,52.7304,40.8432,40.7416,31.3436,21.3614,932.5,11.51,911.6,11.25,19.8628,25.1206,27.6352,157.4038,1830,306,17.8,,,,1.27,0.212,0.0123,4.47,0.746,0.0434,,,,,719,17.2,749232,1.08782753539625,"Surface","Beef and Grain","Corn-Soybean","Cultivated Crops","Cultivated Crops","No",,"Tama silt loam","High-infiltration","Well drained",5,0.305,2004,"Pre-growing season",1,0,0,0,0,,1,0,0,0,0,0,"Previous crop",0,"Current post-growing season + pre-growing season",0,"No"
"USGS-423909090172100","R2",0,0,0,"Non-Frozen","Storm","2004-10",1,2004-05-31 12:21:00,2004-05-31 13:00:00,88.4,0.08042,12.192,2.533,4.8133,19.812,12.8016,10.3632,7.112,6.8072,303.9,0.8508,340.7,0.954,26.4922,49.0982,54.1274,183.896,1080,5.97,0.347,,,,1.36,0.00753,0.000438,3.72,0.0205,0.00119,,,,,720,17.2,749232,0.0359625856877443,"Surface","Beef and Grain","Corn-Soybean","Cultivated Crops","Cultivated Crops","No",,"Tama silt loam","High-infiltration","Well drained",5,0.305,2004,"Pre-growing season",1,0,0,0,0,,1,0,0,0,0,0,"Previous crop",0,"Current post-growing season + pre-growing season",0,"No"
"USGS-423909090172100","R2",0,0,0,"Non-Frozen","Storm","2004-12",1,2004-06-17 00:59:00,2004-06-17 02:19:00,5430,3.765,36.1442,1.5,24.09698,90.2208,82.296,70.4088,59.5376,34.29,1463,34.29,1416,33.18,0,0,54.0512,59.436,2800,950,55.3,,,,1.29,0.438,0.0255,2.96,1,0.0584,,,,,721,17.2,749232,2.2090140303671,"Surface","Beef and Grain","Corn-Soybean","Cultivated Crops","Cultivated Crops","No",,"Tama silt loam","High-infiltration","Well drained",5,0.305,2004,"Growing season",1,0,0,0,0,,1,0,0,0,0,0,"Current crop",0,"Current pre-growing season + growing season",,
"USGS-423909090172100","R2",0,0,0,"Frozen","Storm","2005-1",1,2005-01-02 05:35:00,2005-01-03 04:18:00,4907,0.1632,11.7348,13.08,0.896874,40.5384,33.2232,25.908,15.3416,8.6106,344.5,2.081,333.6,2.015,0.7112,0.7112,0.9398,0.9398,28,8.58,0.499,26,7.97,0.463,4.61,1.41,0.0821,4.83,1.48,0.086,,,,,722,17.2,749232,1.99624895893395,"Surface","Beef and Grain","Corn-Soybean","Cultivated Crops","Cultivated Crops","No",,"Tama silt loam","High-infiltration","Well drained",5,0.305,2005,"Pre-growing season",1,0,0,0,0,0,1,0,0,0,0,0,"Previous crop",0,"Current post-growing season + pre-growing season",0,"No"
"USGS-423909090172100","R2",1,0,0,"Frozen","Storm","2005-2",2,2005-01-12 20:20:00,2005-01-14 08:30:00,29790,0.7956,17.78,4.45,3.99542,11.2776,8.5344,8.4328,7.0104,6.7564,418,1.154,478,1.319,0.9144,0.9144,0.9144,13.589,3.3,6.06,0.352,34.3,63.8,3.71,1.21,2.24,0.13,1.24,2.31,0.134,,,,,723,17.2,749232,12.1190659235057,"Surface","Beef and Grain","Corn-Soybean","Cultivated Crops","Cultivated Crops","No",,"Tama silt loam","High-infiltration","Well drained",5,0.305,2005,"Pre-growing season",1,0,0,0,0,0,1,0,0,0,0,0,"Previous crop",0,"Current post-growing season + pre-growing season",0,"No"
"USGS-423909090172100","R2",0,0,0,"Frozen","Storm","2005-3",1,2005-02-05 21:00:00,2005-02-08 20:53:00,71950,1.03,5.9436,16.73,0.355092,2.7432,2.7432,1.8288,1.8288,1.6002,87.59,0.06306,89.74,0.06461,0,0,0,0,12,53.9,3.13,94,422,24.5,2.02,9.07,0.528,2.02,9.07,0.528,,,,,724,17.2,749232,29.2704529438145,"Surface","Beef and Grain","Corn-Soybean","Cultivated Crops","Cultivated Crops","No",,"Tama silt loam","High-infiltration","Well drained",5,0.305,2005,"Pre-growing season",1,0,0,0,0,0,1,0,0,0,0,0,"Previous crop",0,"Current post-growing season + pre-growing season",0,"No"
"USGS-423909090172100","R2",0,0,0,"Frozen","Storm","2005-4",3,2005-02-13 14:29:00,2005-02-16 10:35:00,75420,1.312,10.7442,44.98,0.2388362,2.7432,2.7432,2.7432,2.286,1.6002,153,0.1377,151.7,0.1365,0,0,5.9436,5.9436,19.7,92.8,5.39,36,170,9.87,1.57,7.38,0.429,1.62,7.61,0.442,,,,,725,17.2,749232,30.6821064770325,"Surface","Beef and Grain","Corn-Soybean","Cultivated Crops","Cultivated Crops","No",,"Tama silt loam","High-infiltration","Well drained",5,0.305,2005,"Pre-growing season",1,0,0,0,0,0,1,0,0,0,0,0,"Previous crop",0,"Current post-growing season + pre-growing season",0,"No"
"USGS-423909090172100","R2",0,0,0,"Frozen","Storm","2005-7",1,2005-02-24 20:00:00,2005-02-25 05:13:00,1830,0.1036,0,,,,,,,,,,,,0,0,1.8288,12.573,13,1.49,0.0864,143,16.3,0.95,2.62,0.299,0.0174,2.64,0.302,0.0175,,,,,726,17.2,749232,0.744474341725927,"Surface","Beef and Grain","Corn-Soybean","Cultivated Crops","Cultivated Crops","No",,"Tama silt loam","High-infiltration","Well drained",5,0.305,2005,"Pre-growing season",1,0,0,0,0,0,1,0,0,0,0,0,"Previous crop",0,"Current post-growing season + pre-growing season",0,"No"
"USGS-423909090172100","R2",0,0,0,"Frozen","Storm","2005-8",1,2005-02-25 18:00:00,2005-02-26 05:47:00,5177,0.3216,0,,,,,,,,,,,,0,0,1.8288,12.573,23,7.43,0.432,132,42.7,2.48,2.47,0.798,0.0464,2.54,0.821,0.0477,,,,,727,17.2,749232,2.10608943558204,"Surface","Beef and Grain","Corn-Soybean","Cultivated Crops","Cultivated Crops","No",,"Tama silt loam","High-infiltration","Well drained",5,0.305,2005,"Pre-growing season",1,0,0,0,0,0,1,0,0,0,0,0,"Previous crop",0,"Current post-growing season + pre-growing season",0,"No"
"USGS-423909090172100","R2",0,0,0,"Frozen","Storm","2005-11",3,2005-03-04 16:40:00,2005-03-06 23:40:00,31050,0.7308,0,,,,,,,,,,,,0,0,0.9144,2.7432,39,75.6,4.39,144,279,16.2,2.18,4.22,0.245,2.28,4.42,0.257,,,,,728,17.2,749232,12.6316548145301,"Surface","Beef and Grain","Corn-Soybean","Cultivated Crops","Cultivated Crops","No",,"Tama silt loam","High-infiltration","Well drained",5,0.305,2005,"Pre-growing season",1,0,0,0,0,0,1,0,0,0,0,0,"Previous crop",0,"Current post-growing season + pre-growing season",0,"No"
"USGS-423909090172100","R2",0,0,0,"Frozen","Storm","2005-16",1,2005-03-18 18:10:00,2005-03-19 06:40:00,1676,0.1036,0,,,,,,,,,,,,0,0,0,4.8006,18,1.88,0.11,130,13.6,0.791,1.85,0.194,0.0113,2.02,0.211,0.0123,,,,,729,17.2,749232,0.6818245883785,"Surface","Beef and Grain","Corn-Soybean","Cultivated Crops","Cultivated Crops","No",,"Tama silt loam","High-infiltration","Well drained",5,0.305,2005,"Pre-growing season",1,0,0,0,0,0,1,0,0,0,0,0,"Previous crop",0,"Current post-growing season + pre-growing season",0,"No"
"USGS-423909090172100","R2",0,0,0,"Non-Frozen","Storm","2005-19",1,2005-06-12 01:43:00,2005-06-12 01:59:00,38.2,0.07335,33.528,1.383,24.23668,96.012,74.0664,58.8264,53.7464,32.385,1348,28.52,1301,27.52,3.8862,3.8862,32.1818,34.4678,345,0.822,0.0478,76,0.181,0.0105,1.18,0.00282,0.000164,2.07,0.00493,0.000287,,,,,730,17.2,749232,0.0155403933628035,"Surface","Beef and Grain","Corn-Soybean","Cultivated Crops","Cultivated Crops","No",,"Tama silt loam","High-infiltration","Well drained",5,0.305,2005,"Growing season",1,0,0,0,0,0,1,0,0,0,0,0,"Current crop",0,"Current pre-growing season + growing season",,
"USGS-423909090172100","R2",0,0,0,"Frozen","Storm","2007-4",1,2007-03-10 19:22:00,2007-03-11 09:15:00,24310,2.24,0,,,,,,,,,,,,3.2004,3.429,3.429,8.001,38,57.7,3.35,168,255,14.8,7.07,10.7,0.624,7.28,11,0.642,,,,,731,17.2,749232,9.88971106412967,"Surface","Beef and Grain","Corn-Soybean","Cultivated Crops","Cultivated Crops","No",,"Tama silt loam","High-infiltration","Well drained",5,0.305,2007,"Pre-growing season",1,0,0,0,0,0,1,0,0,0,0,0,"Previous crop",0,"Current post-growing season + pre-growing season",0,"No"
"USGS-423909090172100","R2",0,0,0,"Frozen","Storm","2007-5",1,2007-03-11 16:30:00,2007-03-12 05:15:00,10910,1.178,0,,,,,,,,,,,,0,3.429,3.429,8.001,25,17,0.99,162,110,6.41,6.02,4.1,0.238,6.15,4.19,0.243,,,,,732,17.2,749232,4.4383688897431,"Surface","Beef and Grain","Corn-Soybean","Cultivated Crops","Cultivated Crops","No",,"Tama silt loam","High-infiltration","Well drained",5,0.305,2007,"Pre-growing season",1,0,0,0,0,0,1,0,0,0,0,0,"Previous crop",0,"Current post-growing season + pre-growing season",0,"No"
"USGS-423909090172100","R2",0,0,0,"Frozen","Storm","2007-6",1,2007-03-12 15:45:00,2007-03-12 21:45:00,2098,0.3738,0,,,,,,,,,,,,0,0,3.429,8.001,8,1.05,0.0609,124,16.2,0.944,3.15,0.413,0.024,3.23,0.423,0.0246,,,,,733,17.2,749232,0.853501185213659,"Surface","Beef and Grain","Corn-Soybean","Cultivated Crops","Cultivated Crops","No",,"Tama silt loam","High-infiltration","Well drained",5,0.305,2007,"Pre-growing season",1,0,0,0,0,0,1,0,0,0,0,0,"Previous crop",0,"Current post-growing season + pre-growing season",0,"No"
"USGS-423909090172100","R2",0,0,0,"Non-Frozen","Storm","2008-1",1,2007-10-18 04:11:00,2007-10-18 04:36:00,51.8,0.0912,22.7076,5.2,4.36626,182.88,105.156,73.7616,47.8536,27.1272,1456,27.43,1479,27.87,0,4.572,12.8016,12.8016,4200,13.6,0.79,84,0.272,0.0158,1.71,0.00553,0.000322,9.22,0.0298,0.00173,,,,,734,17.2,749232,0.0210730988532257,"Surface","Beef and Grain","Corn-Soybean","Cultivated Crops","Cultivated Crops","No",,"Tama silt loam","High-infiltration","Well drained",5,0.305,2008,"Post-growing season",1,0,0,0,0,0,1,0,0,0,0,0,"Previous crop",0,"Previous growing season + current post-growing season",0,"No"
"USGS-423909090172100","R2",0,0,0,"Non-Frozen","Storm","2008-2",1,2007-10-18 09:23:00,2007-10-18 10:00:00,51.8,0.0645,39.0144,10.37,3.76428,182.88,105.156,73.7616,47.8536,27.1272,1863,35.1,1927,36.3,0,4.572,12.8016,12.8016,2290,7.4,0.43,64,0.207,0.012,4.4,0.0142,0.000828,5.69,0.0184,0.00107,,,,,735,17.2,749232,0.0210730988532257,"Surface","Beef and Grain","Corn-Soybean","Cultivated Crops","Cultivated Crops","No",,"Tama silt loam","High-infiltration","Well drained",5,0.305,2008,"Post-growing season",1,0,0,0,0,0,1,0,0,0,0,0,"Previous crop",0,"Previous growing season + current post-growing season",0,"No"
"USGS-423909090172100","R2",0,0,0,"Frozen","Storm","2008-3",1,2008-01-07 18:00:00,2008-01-08 08:01:00,7214,0.919,12.8524,15.27,0.841756,40.2336,35.6616,26.5176,14.6304,7.5438,403.1,2.322,392.4,2.26,0,0,0,0,9,4.05,0.236,48,21.6,1.26,0.603,0.272,0.0158,0.697,0.314,0.0183,,,,,736,17.2,749232,2.93477480940483,"Surface","Beef and Grain","Corn-Soybean","Cultivated Crops","Cultivated Crops","No",,"Tama silt loam","High-infiltration","Well drained",5,0.305,2008,"Pre-growing season",1,0,0,0,0,0,1,0,0,0,0,0,"Previous crop",0,"Current post-growing season + pre-growing season",0,"No"
"USGS-423909090172100","R2",0,0,0,"Frozen","Storm","2008-4",1,2008-03-02 18:00:00,2008-03-04 12:00:00,16850,0.3573,16.0274,8.183,1.958594,19.5072,13.8684,11.0744,7.8232,5.0546,344.8,1.062,396.9,1.222,0,0,0,0,3,3.16,0.183,24,25.2,1.47,0.124,0.13,0.00758,0.138,0.145,0.00844,,,,,737,17.2,749232,6.85485937600102,"Surface","Beef and Grain","Corn-Soybean","Cultivated Crops","Cultivated Crops","No",,"Tama silt loam","High-infiltration","Well drained",5,0.305,2008,"Pre-growing season",1,0,0,0,0,0,1,0,0,0,0,0,"Previous crop",0,"Current post-growing season + pre-growing season",0,"No"
"USGS-423909090172100","R2",0,0,0,"Frozen","Storm","2008-6",1,2008-03-13 16:00:00,2008-03-14 15:20:00,29960,1.764,0,,,,,,,,,,,,0,0,0,16.0274,36,67.3,3.92,18,33.7,1.96,1.02,1.91,0.111,1.26,2.36,0.137,,,,,738,17.2,749232,12.1882247421359,"Surface","Beef and Grain","Corn-Soybean","Cultivated Crops","Cultivated Crops","No",,"Tama silt loam","High-infiltration","Well drained",5,0.305,2008,"Pre-growing season",1,0,0,0,0,0,1,0,0,0,0,0,"Previous crop",0,"Current post-growing season + pre-growing season",0,"No"
"USGS-423909090172100","R2",0,0,0,"Frozen","Storm","2008-7",1,2008-03-14 18:55:00,2008-03-15 11:30:00,22280,1.32,0,,,,,,,,,,,,0,0,0,16.0274,32,44.5,2.59,40,55.6,3.24,1.16,1.61,0.0938,1.59,2.21,0.129,,,,,739,17.2,749232,9.06387340636812,"Surface","Beef and Grain","Corn-Soybean","Cultivated Crops","Cultivated Crops","No",,"Tama silt loam","High-infiltration","Well drained",5,0.305,2008,"Pre-growing season",1,0,0,0,0,0,1,0,0,0,0,0,"Previous crop",0,"Current post-growing season + pre-growing season",0,"No"
"USGS-423909090172100","R2",0,0,0,"Frozen","Storm","2008-8",1,2008-03-15 21:45:00,2008-03-16 09:15:00,4864,0.4313,0,,,,,,,,,,,,0,0,0,16.0274,37,11.2,0.653,58,17.6,1.02,1.38,0.419,0.0244,1.73,0.525,0.0305,,,,,740,17.2,749232,1.97875584598629,"Surface","Beef and Grain","Corn-Soybean","Cultivated Crops","Cultivated Crops","No",,"Tama silt loam","High-infiltration","Well drained",5,0.305,2008,"Pre-growing season",1,0,0,0,0,0,1,0,0,0,0,0,"Previous crop",0,"Current post-growing season + pre-growing season",0,"No"
"USGS-423909090172100","R2",0,0,0,"Frozen","Storm","2008-9",1,2008-03-16 21:55:00,2008-03-17 07:35:00,2687,0.1999,0,,,,,,,,,,,,0,0,0,16.0274,23,3.86,0.224,62,10.4,0.605,1.36,0.228,0.0133,2.6,0.436,0.0254,,,,,741,17.2,749232,1.09311615093856,"Surface","Beef and Grain","Corn-Soybean","Cultivated Crops","Cultivated Crops","No",,"Tama silt loam","High-infiltration","Well drained",5,0.305,2008,"Pre-growing season",1,0,0,0,0,0,1,0,0,0,0,0,"Previous crop",0,"Current post-growing season + pre-growing season",0,"No"
"USGS-423909090172100","R2",0,0,0,"Frozen","Storm","2008-10",1,2008-03-18 19:00:00,2008-03-19 07:15:00,7716,0.5376,0.2286,,,,,,,,,,,,1.143,1.143,1.143,1.143,24,11.6,0.672,42,20.2,1.18,1.09,0.525,0.0305,1.19,0.573,0.0333,,,,,742,17.2,749232,3.13899673265424,"Surface","Beef and Grain","Corn-Soybean","Cultivated Crops","Cultivated Crops","No",,"Tama silt loam","High-infiltration","Well drained",5,0.305,2008,"Pre-growing season",1,0,0,0,0,0,1,0,0,0,0,0,"Previous crop",0,"Current post-growing season + pre-growing season",0,"No"
"USGS-423909090172100","R2",0,0,0,"Frozen","Storm","2008-11",1,2008-03-19 18:05:00,2008-03-20 02:00:00,7379,0.635,0,,,,,,,,,,,,0.2286,1.3716,1.3716,1.3716,51,23.5,1.37,24,11.1,0.643,0.873,0.402,0.0234,0.949,0.437,0.0254,,,,,743,17.2,749232,3.00189954513422,"Surface","Beef and Grain","Corn-Soybean","Cultivated Crops","Cultivated Crops","No",,"Tama silt loam","High-infiltration","Well drained",5,0.305,2008,"Pre-growing season",1,0,0,0,0,0,1,0,0,0,0,0,"Previous crop",0,"Current post-growing season + pre-growing season",0,"No"
"USGS-423909090172100","R2",0,0,0,"Non-Frozen","Storm","2008-13",1,2008-04-25 13:00:00,2008-04-25 16:00:00,2065,1.103,17.7546,2.15,8.25754,84.1248,54.4068,38.1,22.7076,14.3256,585.1,5.231,601.8,5.38,29.4386,32.639,41.783,69.469,3460,446,25.9,166,21.4,1.24,0.877,0.113,0.00657,6.86,0.884,0.0514,,,,,744,17.2,749232,0.840076238067781,"Surface","Beef and Grain","Corn-Soybean","Cultivated Crops","Cultivated Crops","No",,"Tama silt loam","High-infiltration","Well drained",5,0.305,2008,"Pre-growing season",1,0,0,0,0,0,1,0,0,0,0,0,"Previous crop",0,"Current post-growing season + pre-growing season",0,"No"
"USGS-423909090172100","R2",0,0,0,"Non-Frozen","Storm","2008-14",1,2008-05-02 06:40:00,2008-05-02 07:25:00,129.6,0.1678,20.2438,0.8667,23.35784,67.6656,49.0728,44.9072,33.6296,20.2438,804.4,10.65,760.3,10.07,0,0,25.7556,65.024,9060,73.3,4.26,262,2.12,0.123,1.34,0.0108,0.00063,14.4,0.117,0.00677,,,,,745,17.2,749232,0.0527234287910821,"Surface","Beef and Grain","Corn-Soybean","Cultivated Crops","Cultivated Crops","No",,"Tama silt loam","High-infiltration","Well drained",5,0.305,2008,"Pre-growing season",1,0,0,0,0,0,1,0,0,0,0,0,"Previous crop",0,"Current post-growing season + pre-growing season",0,"No"
"USGS-423909090172100","R2",0,0,0,"Non-Frozen","Storm","2008-15",1,2008-06-05 10:00:00,2008-06-05 11:30:00,1719,1.401,22.606,2.85,7.93242,84.1248,62.6364,55.2704,36.8808,18.8976,875.8,12.72,843,12.24,0,4.1148,46.736,77.8002,1920,207,12,188,20.2,1.17,0.901,0.0967,0.00562,4.43,0.475,0.0276,,,,,746,17.2,749232,0.699317701326158,"Surface","Beef and Grain","Corn-Soybean","Cultivated Crops","Cultivated Crops","No",,"Tama silt loam","High-infiltration","Well drained",5,0.305,2008,"Growing season",1,0,0,0,0,0,1,0,0,0,0,0,"Current crop",0,"Current pre-growing season + growing season",,
"USGS-423909090172100","R2",0,0,0,"Non-Frozen","Storm","2008-16",1,2008-06-08 04:15:00,2008-06-08 07:00:00,14040,7.981,27.3558,3.1,8.82396,45.72,44.196,39.7256,31.3944,18.9992,1058,13.08,1000,12.36,1.8288,7.7724,37.9222,110.9218,1240,1080,63,144,126,7.34,0.678,0.594,0.0345,2.98,2.61,0.152,,,,,747,17.2,749232,5.71170478570056,"Surface","Beef and Grain","Corn-Soybean","Cultivated Crops","Cultivated Crops","No",,"Tama silt loam","High-infiltration","Well drained",5,0.305,2008,"Growing season",1,0,0,0,0,0,1,0,0,0,0,0,"Current crop",0,"Current pre-growing season + growing season",,
"USGS-423909090172100","R2",0,0,0,"Non-Frozen","Storm","2008-17",1,2008-06-08 13:51:00,2008-06-08 17:39:00,12200,3.8,18.6436,2.467,7.55904,33.528,24.9936,20.32,16.5608,15.2146,625.4,4.077,613,3.996,31.7246,31.7246,67.818,140.8176,1020,775,45.1,178,136,7.88,0.589,0.449,0.0261,2.77,2.11,0.123,,,,,748,17.2,749232,4.96316227817285,"Surface","Beef and Grain","Corn-Soybean","Cultivated Crops","Cultivated Crops","No",,"Tama silt loam","High-infiltration","Well drained",5,0.305,2008,"Growing season",1,0,0,0,0,0,1,0,0,0,0,0,"Current crop",0,"Current pre-growing season + growing season",,
"USGS-423909090172100","R2",0,0,0,"Non-Frozen","Storm","2008-18",1,2008-06-09 00:38:00,2008-06-09 05:53:00,18590,9.004,19.812,4.433,4.46786,83.2104,55.626,43.4848,30.48,16.383,715.6,8.587,695.8,8.349,48.5394,50.3682,86.4616,159.4612,1800,2090,122,114,132,7.69,0.563,0.653,0.038,3.48,4.04,0.235,,,,,749,17.2,749232,7.56272022551092,"Surface","Beef and Grain","Corn-Soybean","Cultivated Crops","Cultivated Crops","No",,"Tama silt loam","High-infiltration","Well drained",5,0.305,2008,"Growing season",1,0,0,0,0,0,1,0,0,0,0,0,"Current crop",0,"Current pre-growing season + growing season",,
"USGS-423909090172100","R2",0,0,0,"Non-Frozen","Storm","2008-19",1,2008-06-12 14:13:00,2008-06-12 16:00:00,388.8,0.2116,12.7762,1.033,12.36472,70.7136,43.5864,31.8008,20.5232,12.5476,456.1,3.686,453.7,3.666,0.6858,0.6858,77.0382,149.5806,877,21.3,1.24,152,3.69,0.214,1.21,0.0294,0.00171,3.03,0.0735,0.00428,,,,,750,17.2,749232,0.158170286373246,"Surface","Beef and Grain","Corn-Soybean","Cultivated Crops","Cultivated Crops","No",,"Tama silt loam","High-infiltration","Well drained",5,0.305,2008,"Growing season",1,0,0,0,0,0,1,0,0,0,0,0,"Current crop",0,"Current pre-growing season + growing season",,
"USGS-423909090172100","R2",0,0,0,"Non-Frozen","Storm","2008-20",1,2008-06-13 04:15:00,2008-06-13 08:15:00,1080,0.2168,11.4554,5.117,2.238756,16.764,11.1252,7.4168,5.9436,5.2578,278.8,0.6524,307.7,0.7201,13.9192,14.605,90.9574,158.0134,377,25.4,1.48,184,12.4,0.721,0.841,0.0567,0.0033,1.83,0.123,0.00717,,,,,751,17.2,749232,0.439361906592351,"Surface","Beef and Grain","Corn-Soybean","Cultivated Crops","Cultivated Crops","No",,"Tama silt loam","High-infiltration","Well drained",5,0.305,2008,"Growing season",1,0,0,0,0,0,1,0,0,0,0,0,"Current crop",0,"Current pre-growing season + growing season",,
"USGS-423909090172100","R2",0,0,0,"Non-Frozen","Storm","2008-22",1,2008-07-10 23:18:00,2008-07-11 01:32:00,16050,7.893,31.877,1.317,24.21128,64.008,61.1124,55.9816,44.8564,30.2768,1277,22.54,1212,21.4,21.0566,21.0566,55.118,93.7768,230,230,13.4,24,24.1,1.4,0.585,0.586,0.0341,0.945,0.947,0.0551,,,,,752,17.2,749232,6.52940611185854,"Surface","Beef and Grain","Corn-Soybean","Cultivated Crops","Cultivated Crops","No",,"Tama silt loam","High-infiltration","Well drained",5,0.305,2008,"Growing season",1,0,0,0,0,0,1,0,0,0,0,0,"Current crop",0,"Current pre-growing season + growing season",,
"USGS-423909090172100","R2",0,0,0,"Non-Frozen","Storm","2008-23",1,2008-07-12 07:45:00,2008-07-12 09:24:00,1201,0.6566,22.7838,1.95,11.684,51.816,39.7764,37.7952,26.2636,19.4818,819.1,8.47,791.1,8.18,0,51.1048,86.995,124.0536,126,9.45,0.549,72,5.4,0.314,0.889,0.0667,0.00388,1.19,0.0892,0.00519,,,,,753,17.2,749232,0.488586712793901,"Surface","Beef and Grain","Corn-Soybean","Cultivated Crops","Cultivated Crops","No",,"Tama silt loam","High-infiltration","Well drained",5,0.305,2008,"Growing season",1,0,0,0,0,0,1,0,0,0,0,0,"Current crop",0,"Current pre-growing season + growing season",,
"USGS-423909090172100","R2",0,0,0,"Non-Frozen","Storm","2008-24",1,2008-07-20 04:00:00,2008-07-20 05:44:00,164.2,0.0981,28.956,1.083,26.7208,115.824,97.536,75.184,47.752,28.702,1147,21.57,1113,20.92,0.254,0.508,2.032,115.3668,91,0.933,0.0542,80,0.82,0.0477,1.18,0.0121,0.000703,1.49,0.0153,0.000888,,,,,754,17.2,749232,0.0667992824652444,"Surface","Beef and Grain","Corn-Soybean","Cultivated Crops","Cultivated Crops","No",,"Tama silt loam","High-infiltration","Well drained",5,0.305,2008,"Growing season",1,0,0,0,0,0,1,0,0,0,0,0,"Current crop",0,"Current pre-growing season + growing season",,
"USGS-423909090172100","R2",0,0,0,"Frozen","Storm","2009-1",1,2008-12-27,2008-12-28 10:00:00,36910,1.34,9.8298,11.87,0.828294,10.9728,9.6012,7.3152,4.572,3.6576,206,0.3708,225.9,0.4066,0,0,0,3.429,12,27.7,1.61,98,226,13.1,1.83,4.22,0.245,1.91,4.4,0.256,,,,,755,17.2,749232,15.0155999743738,"Surface","Beef and Grain","Corn-Soybean","Cultivated Crops","Cultivated Crops","No",,"Tama silt loam","High-infiltration","Well drained",5,0.305,2009,"Post-growing season",1,0,0,0,0,0,1,0,0,0,0,0,"Previous crop",0,"Previous growing season + current post-growing season",0,"No"
"USGS-423909090172100","R2",0,0,0,"Frozen","Storm","2009-2",3,2009-02-07 12:14:00,2009-02-10 23:46:00,58350,2.145,1.6002,2.033,0.786892,5.4864,4.1148,3.6576,2.286,1.3716,32.43,0.02919,35.66,0.03209,0,0,0,0,8.3,30.4,1.77,102,370,21.5,1.8,6.57,0.382,2.07,7.53,0.438,,,,,756,17.2,749232,23.7377474533923,"Surface","Beef and Grain","Corn-Soybean","Cultivated Crops","Cultivated Crops","No",,"Tama silt loam","High-infiltration","Well drained",5,0.305,2009,"Pre-growing season",1,0,0,0,0,0,1,0,0,0,0,0,"Previous crop",0,"Current post-growing season + pre-growing season",0,"No"
"USGS-423909090172100","R2",0,0,0,"Frozen","Storm","2009-7",1,2009-03-07 12:45:00,2009-03-07 23:22:00,18330,1.598,21.0312,11.32,1.858518,8.2296,8.2296,6.4008,5.0292,3.8862,400.1,0.7922,487.3,0.9648,0,0,0,14.6304,130,149,8.65,194,222,12.9,1.43,1.64,0.0951,1.92,2.2,0.128,,,,,757,17.2,749232,7.45694791466462,"Surface","Beef and Grain","Corn-Soybean","Cultivated Crops","Cultivated Crops","No",,"Tama silt loam","High-infiltration","Well drained",5,0.305,2009,"Pre-growing season",1,0,0,0,0,0,1,0,0,0,0,0,"Previous crop",0,"Current post-growing season + pre-growing season",0,"No"
"USGS-423909090172100","R2",0,0,0,"Frozen","Storm","2009-8",1,2009-03-08 14:00:00,2009-03-08 23:41:00,41610,2.88,25.6032,8.933,2.86512,8.2296,6.858,6.4008,5.9436,5.4864,515.9,1.207,629.3,1.473,18.288,24.2316,24.2316,38.862,131,340,19.8,144,374,21.7,0.98,2.55,0.148,1.42,3.69,0.214,,,,,758,17.2,749232,16.9276379012108,"Surface","Beef and Grain","Corn-Soybean","Cultivated Crops","Cultivated Crops","No",,"Tama silt loam","High-infiltration","Well drained",5,0.305,2009,"Pre-growing season",1,0,0,0,0,0,1,0,0,0,0,0,"Previous crop",0,"Current post-growing season + pre-growing season",0,"No"
"USGS-423909090172100","R2",0,0,0,"Frozen","Storm","2009-9",1,2009-03-10 06:40:00,2009-03-10 13:20:00,20780,2.28,19.2024,10.5,1.8288,8.2296,6.858,6.4008,4.572,3.8862,357.2,0.6429,439.6,0.7914,0,28.575,49.8348,64.4652,97,126,7.32,124,161,9.35,0.92,1.19,0.0694,1.14,1.48,0.086,,,,,759,17.2,749232,8.45364853610097,"Surface","Beef and Grain","Corn-Soybean","Cultivated Crops","Cultivated Crops","No",,"Tama silt loam","High-infiltration","Well drained",5,0.305,2009,"Pre-growing season",1,0,0,0,0,0,1,0,0,0,0,0,"Previous crop",0,"Current post-growing season + pre-growing season",0,"No"
"USGS-423909090172100","R2",0,0,0,"Non-Frozen","Storm","2009-10",1,2009-07-24 22:57:00,2009-07-25 01:11:00,1046,0.3918,40.6908,2.25,18.0848,185.6232,114.4524,80.8736,48.9204,25.146,1607,30.94,1553,29.92,0,0,58.7248,71.5264,300,19.6,1.14,118,7.71,0.448,1.1,0.072,0.00418,2.37,0.155,0.009,,,,,760,17.2,749232,0.425530142866295,"Surface","Beef and Grain","Corn-Soybean","Cultivated Crops","Cultivated Crops","No",,"Tama silt loam","High-infiltration","Well drained",5,0.305,2009,"Growing season",1,0,0,0,0,0,1,0,0,0,0,0,"Current crop",0,"Current pre-growing season + growing season",,
"USGS-423909090172100","R2",0,0,0,"Non-Frozen","Storm","2009-11",1,2009-07-28 01:45:00,2009-07-28 02:31:00,406.5,0.2928,39.9288,1.167,34.2138,136.8552,99.3648,74.5744,58.3184,37.3634,1661,38.14,1584,36.37,0,0,99.4156,112.2172,122,3.1,0.18,160,4.06,0.236,2.19,0.0556,0.00323,2.96,0.0751,0.00437,,,,,761,17.2,749232,0.165370939842399,"Surface","Beef and Grain","Corn-Soybean","Cultivated Crops","Cultivated Crops","No",,"Tama silt loam","High-infiltration","Well drained",5,0.305,2009,"Growing season",1,0,0,0,0,0,1,0,0,0,0,0,"Current crop",0,"Current pre-growing season + growing season",,
"USGS-423909090172100","R2",0,0,0,"Frozen","Storm","2010-1",1,2010-01-24 18:15:00,2010-01-25 07:39:00,3318,0.2181,0,,,,,,,,,,,,19.2024,19.6596,19.6596,19.6596,38,7.87,0.458,504,104,6.07,21.5,4.45,0.259,24.4,5.05,0.294,,,,,762,17.2,749232,1.34981741303094,"Surface","Beef and Grain","Corn-Soybean","Cultivated Crops","Cultivated Crops","No",,"Tama silt loam","High-infiltration","Well drained",5,0.305,2010,"Pre-growing season",1,0,0,0,0,0,1,0,0,0,0,0,"Previous crop",0,"Current post-growing season + pre-growing season",0,"No"
"USGS-423909090172100","R2",0,0,0,"Frozen","Storm","2010-2",1,2010-03-08 20:15:00,2010-03-09 13:15:00,3465,0.1508,0.6858,7.967,0.0860806,5.4864,2.7432,1.8288,0.9144,0.9144,23.78,0.008561,19.18,0.006904,0,2.9718,2.9718,2.9718,6,1.3,0.0755,196,42.4,2.46,10.7,2.31,0.134,12.9,2.79,0.162,,,,,763,17.2,749232,1.40961945031712,"Surface","Beef and Grain","Corn-Soybean","Cultivated Crops","Cultivated Crops","No",,"Tama silt loam","High-infiltration","Well drained",5,0.305,2010,"Pre-growing season",1,0,0,0,0,0,1,0,0,0,0,0,"Previous crop",0,"Current post-growing season + pre-growing season",0,"No"
"USGS-423909090172100","R2",0,0,0,"Frozen","Storm","2010-3",3,2010-03-09 15:45:00,2010-03-11 06:15:00,38420,0.7152,8.001,27.77,0.288036,8.2296,5.4864,4.572,3.2004,2.0574,141.4,0.1782,150.4,0.1895,0.2286,3.2004,3.2004,3.2004,11.7,28.1,1.64,94.5,227,13.2,5.73,13.7,0.799,6.22,14.9,0.868,,,,,764,17.2,749232,15.6298930104427,"Surface","Beef and Grain","Corn-Soybean","Cultivated Crops","Cultivated Crops","No",,"Tama silt loam","High-infiltration","Well drained",5,0.305,2010,"Pre-growing season",1,0,0,0,0,0,1,0,0,0,0,0,"Previous crop",0,"Current post-growing season + pre-growing season",0,"No"
"USGS-423909090172100","R2",0,0,0,"Frozen","Storm","2010-4",1,2010-03-11 14:15:00,2010-03-11 23:45:00,8226,0.5486,8.2296,4.217,1.951736,13.716,8.2296,7.3152,5.4864,3.429,173.7,0.3752,200.4,0.4329,0.2286,7.5438,11.2014,11.2014,171,87.8,5.11,82,42.1,2.45,3.74,1.92,0.112,4.7,2.41,0.14,,,,,765,17.2,749232,3.34647318854507,"Surface","Beef and Grain","Corn-Soybean","Cultivated Crops","Cultivated Crops","No",,"Tama silt loam","High-infiltration","Well drained",5,0.305,2010,"Pre-growing season",1,0,0,0,0,0,1,0,0,0,0,0,"Previous crop",0,"Current post-growing season + pre-growing season",0,"No"
"USGS-423909090172100","R2",0,0,0,"Non-Frozen","Storm","2010-5",1,2010-06-23 10:00:00,2010-06-23 10:30:00,259.2,0.32,18.542,3.15,5.88518,71.0184,50.9016,45.212,30.1244,15.2908,719.5,8.533,684.7,8.121,0,22.3774,46.9392,83.9978,166,2.69,0.156,110,1.78,0.103,1.32,0.0214,0.00124,1.81,0.0293,0.0017,,,,,766,17.2,749232,0.105446857582164,"Surface","Beef and Grain","Corn-Soybean","Cultivated Crops","Cultivated Crops","No",,"Tama silt loam","High-infiltration","Well drained",5,0.305,2010,"Growing season",1,0,0,0,0,0,1,0,0,0,0,0,"Current crop",0,"Current pre-growing season + growing season",,
"USGS-423909090172100","R2",0,0,0,"Non-Frozen","Storm","2010-6",2,2010-07-24 07:08:00,2010-07-24 10:45:00,6905,3.854,58.5724,6.183,9.47166,70.104,59.436,52.9336,35.6616,25.7048,2134,29.97,2062,28.95,20.9042,59.4614,59.4614,72.39,89.8,38.7,2.25,29.2,12.6,0.733,0.967,0.417,0.0242,1.18,0.508,0.0295,,,,,767,17.2,749232,2.8090684861298,"Surface","Beef and Grain","Corn-Soybean","Cultivated Crops","Cultivated Crops","No",,"Tama silt loam","High-infiltration","Well drained",5,0.305,2010,"Growing season",1,0,0,0,0,0,1,0,0,0,0,0,"Current crop",0,"Current pre-growing season + growing season",,
"USGS-423909090172100","R2",0,0,0,"Non-Frozen","Storm","2010-7",1,2010-08-08 14:22:00,2010-08-08 16:15:00,8546,3.03,81.026,1.983,40.8432,109.4232,96.6216,82.9056,59.8424,52.4764,3384,79.73,3226,76,0,0,9.652,17.4244,65,34.7,2.02,90,48,2.79,1.69,0.902,0.0524,5.33,2.84,0.165,,,,,768,17.2,749232,3.47665449420206,"Surface","Beef and Grain","Corn-Soybean","Cultivated Crops","Cultivated Crops","No",,"Tama silt loam","High-infiltration","Well drained",5,0.305,2010,"Growing season",1,0,0,0,0,0,1,0,0,0,0,0,"Current crop",0,"Current pre-growing season + growing season",,
"USGS-423909090172100","R2",0,0,0,"Non-Frozen","Storm","2010-8",1,2010-08-13 21:23:00,2010-08-13 22:53:00,5768,4.792,32.0548,3.367,9.52246,109.4232,83.5152,84.5312,55.4228,28.6258,1272,27.75,1245,27.17,0.4572,0.4572,95.9866,109.2962,144,51.9,3.01,80,28.8,1.67,1.23,0.444,0.0258,3.93,1.42,0.0823,,,,,769,17.2,749232,2.34651803446729,"Surface","Beef and Grain","Corn-Soybean","Cultivated Crops","Cultivated Crops","No",,"Tama silt loam","High-infiltration","Well drained",5,0.305,2010,"Growing season",1,0,0,0,0,0,1,0,0,0,0,0,"Current crop",0,"Current pre-growing season + growing season",,
"USGS-423846090171600","R3",0,0,0,"Frozen","Storm","2004-1",9,2004-02-20 11:00:00,2004-02-25 23:00:00,96100,1.87,12.3444,61.23,0.2015998,8.2296,6.858,6.4008,5.4864,4.1148,220.6,0.4765,255.4,0.5517,0,0,0,0,6.6,39.6,1,,,,2.04,12.2,0.31,2.34,14.1,0.356,,,,,770,39.5,1720620,17.0236775115947,"Surface","Beef and Grain","Corn-Soybean","Cultivated Crops","Cultivated Crops","No",,"Tama silt loam","High-infiltration","Well drained",5,0.305,2004,"Pre-growing season",1,0,0,0,0,,1,0,0,0,0,0,"Previous crop",0,"Current post-growing season + pre-growing season",0,"No"
"USGS-423846090171600","R3",0,0,0,"Frozen","Storm","2004-5",2,2004-03-05 04:02:00,2004-03-05 08:01:00,10470,2.528,28.1178,9.083,3.09626,10.9728,10.9728,10.0584,9.144,7.5438,607.5,2.187,717.5,2.583,0.2286,0.2286,5.2578,17.6022,114,74.5,1.89,,,,1.5,0.981,0.0248,1.91,1.25,0.0316,,,,,771,39.5,1720620,1.85471283607072,"Surface","Beef and Grain","Corn-Soybean","Cultivated Crops","Cultivated Crops","No",,"Tama silt loam","High-infiltration","Well drained",5,0.305,2004,"Pre-growing season",1,0,0,0,0,,1,0,0,0,0,0,"Previous crop",0,"Current post-growing season + pre-growing season",0,"No"
"USGS-423846090171600","R3",0,0,0,"Non-Frozen","Storm","2004-6",1,2004-05-22 03:44:00,2004-05-22 04:09:00,179.8,0.296,26.416,0.5333,49.53,226.7712,196.9008,171.9072,104.7496,52.832,2232,92.05,2159,89.05,8.5598,8.5598,18.2372,46.3804,3280,36.8,0.933,,,,1.16,0.013,0.000329,6.5,0.0729,0.00185,,,,,772,39.5,1720620,0.0318507514733061,"Surface","Beef and Grain","Corn-Soybean","Cultivated Crops","Cultivated Crops","No",,"Tama silt loam","High-infiltration","Well drained",5,0.305,2004,"Pre-growing season",1,0,0,0,0,,1,0,0,0,0,0,"Previous crop",0,"Current post-growing season + pre-growing season",0,"No"
"USGS-423846090171600","R3",0,0,0,"Non-Frozen","Storm","2004-7",1,2004-05-22 08:56:00,2004-05-22 09:18:00,88.9,0.1564,48.9966,5.7,8.59536,226.7712,196.9008,171.9072,104.7496,55.3466,2937,121.1,2882,118.8,8.5598,8.5598,18.2372,46.3804,2450,13.6,0.344,,,,1.04,0.00575,0.000146,5.68,0.0315,0.000798,,,,,773,39.5,1720620,0.0157482302890818,"Surface","Beef and Grain","Corn-Soybean","Cultivated Crops","Cultivated Crops","No",,"Tama silt loam","High-infiltration","Well drained",5,0.305,2004,"Pre-growing season",1,0,0,0,0,,1,0,0,0,0,0,"Previous crop",0,"Current post-growing season + pre-growing season",0,"No"
"USGS-423846090171600","R3",0,0,0,"Non-Frozen","Storm","2004-9",2,2004-05-30 12:52:00,2004-05-30 16:00:00,2741,1.258,26.2636,2.467,10.64768,52.7304,40.8432,40.7416,31.3436,21.3614,940.7,11.61,921.7,11.37,19.8628,25.1206,27.6352,157.4038,358,61.2,1.55,,,,1.23,0.211,0.00534,2.04,0.348,0.00882,,,,,774,39.5,1720620,0.485555671792726,"Surface","Beef and Grain","Corn-Soybean","Cultivated Crops","Cultivated Crops","No",,"Tama silt loam","High-infiltration","Well drained",5,0.305,2004,"Pre-growing season",1,0,0,0,0,,1,0,0,0,0,0,"Previous crop",0,"Current post-growing season + pre-growing season",0,"No"
"USGS-423846090171600","R3",0,0,0,"Non-Frozen","Storm","2004-10",1,2004-05-31 12:20:00,2004-05-31 14:40:00,320.7,0.08449,12.192,2.533,4.8133,19.812,12.8016,10.3632,7.112,6.8072,303.9,0.8508,340.7,0.954,26.4922,49.0982,54.1274,183.896,67,1.34,0.034,,,,0.77,0.0154,0.00039,0.997,0.02,0.000505,,,,,775,39.5,1720620,0.0568105450360916,"Surface","Beef and Grain","Corn-Soybean","Cultivated Crops","Cultivated Crops","No",,"Tama silt loam","High-infiltration","Well drained",5,0.305,2004,"Pre-growing season",1,0,0,0,0,,1,0,0,0,0,0,"Previous crop",0,"Current post-growing season + pre-growing season",0,"No"
"USGS-423846090171600","R3",0,0,0,"Non-Frozen","Storm","2004-12",3,2004-06-10 19:00:00,2004-06-11 07:00:00,1972,0.3216,31.242,13.62,2.294382,31.6992,20.1168,19.1008,14.1224,10.1346,877.1,4.877,897.1,4.988,0.4572,0.4572,5.842,71.501,53.5,6.59,0.167,,,,0.649,0.0798,0.00202,0.8,0.0985,0.00249,,,,,776,39.5,1720620,0.349330822610454,"Surface","Beef and Grain","Corn-Soybean","Cultivated Crops","Cultivated Crops","No",,"Tama silt loam","High-infiltration","Well drained",5,0.305,2004,"Growing season",1,0,0,0,0,,1,0,0,0,0,0,"Current crop",0,"Current pre-growing season + growing season",,
"USGS-423846090171600","R3",0,0,0,"Non-Frozen","Storm","2004-13",1,2004-06-12 05:49:00,2004-06-12 13:00:00,2301,0.8576,16.9926,1.067,15.93088,61.8744,46.7868,39.7256,27.432,16.2814,644.6,6.962,616.8,6.662,0.2286,31.9278,37.3126,102.9716,137,19.7,0.498,,,,0.621,0.0892,0.00226,0.952,0.137,0.00346,,,,,777,39.5,1720620,0.407611674861387,"Surface","Beef and Grain","Corn-Soybean","Cultivated Crops","Cultivated Crops","No",,"Tama silt loam","High-infiltration","Well drained",5,0.305,2004,"Growing season",1,0,0,0,0,,1,0,0,0,0,0,"Current crop",0,"Current pre-growing season + growing season",,
"USGS-423846090171600","R3",1,0,0,"Non-Frozen","Storm","2004-15",2,2004-06-17 00:57:00,2004-06-17 13:00:00,15210,6.514,38.2524,5.7,6.71068,90.2208,82.296,70.4088,59.5376,34.29,1511,35.43,1464,34.31,0,0,54.0512,59.436,255,242,6.12,,,,0.953,0.905,0.0229,1.42,1.35,0.0343,,,,,778,39.5,1720620,2.69438225755832,"Surface","Beef and Grain","Corn-Soybean","Cultivated Crops","Cultivated Crops","No",,"Tama silt loam","High-infiltration","Well drained",5,0.305,2004,"Growing season",1,0,0,0,0,,1,0,0,0,0,0,"Current crop",0,"Current pre-growing season + growing season",,
"USGS-423846090171600","R3",1,0,0,"Frozen","Storm","2005-2",2,2005-01-12 21:34:00,2005-01-14 11:00:00,48270,1.226,17.78,4.45,3.99542,11.2776,8.5344,8.4328,7.0104,6.7564,418,1.154,478,1.319,0.9144,0.9144,0.9144,13.589,7.7,23.1,0.585,101,305,7.73,2.6,7.82,0.198,2.76,8.3,0.21,,,,,779,39.5,1720620,8.550810754263,"Surface","Beef and Grain","Corn-Soybean","Cultivated Crops","Cultivated Crops","No",,"Tama silt loam","High-infiltration","Well drained",5,0.305,2005,"Pre-growing season",1,0,0,0,0,0,1,0,0,0,0,0,"Previous crop",0,"Current post-growing season + pre-growing season",0,"No"
"USGS-423846090171600","R3",0,0,0,"Frozen","Storm","2005-3",1,2005-02-03 17:00:00,2005-02-08 14:48:00,149500,2.06,5.9436,16.73,0.355092,2.7432,2.7432,1.8288,1.8288,1.6002,87.59,0.06306,89.74,0.06461,0,0,0,0,4,37.3,0.945,318,2970,75.1,4.66,43.5,1.1,4.66,43.5,1.1,,,,,780,39.5,1720620,26.483244411898,"Surface","Beef and Grain","Corn-Soybean","Cultivated Crops","Cultivated Crops","No",,"Tama silt loam","High-infiltration","Well drained",5,0.305,2005,"Pre-growing season",1,0,0,0,0,0,1,0,0,0,0,0,"Previous crop",0,"Current post-growing season + pre-growing season",0,"No"
"USGS-423846090171600","R3",0,0,0,"Frozen","Storm","2005-4",3,2005-02-12 20:45:00,2005-02-16 13:19:00,140000,2.988,10.7442,44.98,0.2388362,2.7432,2.7432,2.7432,2.286,1.6002,153,0.1377,151.7,0.1365,0,0,5.9436,5.9436,112,976,24.7,227,1980,50.2,6.13,53.6,1.36,7.46,65.2,1.65,,,,,781,39.5,1720620,24.8003626599714,"Surface","Beef and Grain","Corn-Soybean","Cultivated Crops","Cultivated Crops","No",,"Tama silt loam","High-infiltration","Well drained",5,0.305,2005,"Pre-growing season",1,0,0,0,0,0,1,0,0,0,0,0,"Previous crop",0,"Current post-growing season + pre-growing season",0,"No"
"USGS-423846090171600","R3",0,0,0,"Frozen","Storm","2005-9",1,2005-02-24 19:30:00,2005-02-25 08:45:00,4673,0.2605,0,,,,,,,,,,,,0,0,1.8288,12.573,24,7,0.177,578,169,4.27,10.2,2.96,0.075,11.2,3.26,0.0825,,,,,782,39.5,1720620,0.827800676500331,"Surface","Beef and Grain","Corn-Soybean","Cultivated Crops","Cultivated Crops","No",,"Tama silt loam","High-infiltration","Well drained",5,0.305,2005,"Pre-growing season",1,0,0,0,0,0,1,0,0,0,0,0,"Previous crop",0,"Current post-growing season + pre-growing season",0,"No"
"USGS-423846090171600","R3",0,0,0,"Frozen","Storm","2005-10",1,2005-02-25 18:00:00,2005-02-26 13:00:00,7365,0.4906,0,,,,,,,,,,,,0,0,1.8288,12.573,25,11.5,0.291,384,177,4.47,8.32,3.83,0.0968,9,4.14,0.105,,,,,783,39.5,1720620,1.30467622136207,"Surface","Beef and Grain","Corn-Soybean","Cultivated Crops","Cultivated Crops","No",,"Tama silt loam","High-infiltration","Well drained",5,0.305,2005,"Pre-growing season",1,0,0,0,0,0,1,0,0,0,0,0,"Previous crop",0,"Current post-growing season + pre-growing season",0,"No"
"USGS-423846090171600","R3",0,0,0,"Frozen","Storm","2005-15",1,2005-03-04 18:00:00,2005-03-05 10:42:00,7504,0.4123,0,,,,,,,,,,,,0,0,0.9144,2.7432,24,11.2,0.285,176,82.4,2.09,4.7,2.2,0.0557,4.7,2.2,0.0557,,,,,784,39.5,1720620,1.32929943857447,"Surface","Beef and Grain","Corn-Soybean","Cultivated Crops","Cultivated Crops","No",,"Tama silt loam","High-infiltration","Well drained",5,0.305,2005,"Pre-growing season",1,0,0,0,0,0,1,0,0,0,0,0,"Previous crop",0,"Current post-growing season + pre-growing season",0,"No"
"USGS-423846090171600","R3",0,0,0,"Frozen","Storm","2005-16",1,2005-03-05 16:08:00,2005-03-06 05:00:00,6401,0.4009,0,,,,,,,,,,,,0,0,0.9144,2.7432,21,8.39,0.212,132,52.7,1.34,3.12,1.25,0.0316,3.38,1.35,0.0342,,,,,785,39.5,1720620,1.13390800990341,"Surface","Beef and Grain","Corn-Soybean","Cultivated Crops","Cultivated Crops","No",,"Tama silt loam","High-infiltration","Well drained",5,0.305,2005,"Pre-growing season",1,0,0,0,0,0,1,0,0,0,0,0,"Previous crop",0,"Current post-growing season + pre-growing season",0,"No"
"USGS-423846090171600","R3",0,0,0,"Non-Frozen","Storm","2005-18",1,2005-06-12 01:29:00,2005-06-12 01:49:00,120.3,0.2025,33.0708,1.1,30.0736,96.012,74.0664,58.8264,53.7464,32.1564,1340,28.36,1291,27.32,3.8862,3.8862,32.1818,34.4678,1340,10.1,0.256,90,0.676,0.0171,1.43,0.0108,0.000273,3.44,0.0258,0.000654,,,,,786,39.5,1720620,0.0213105973428183,"Surface","Beef and Grain","Corn-Soybean","Cultivated Crops","Cultivated Crops","No",,"Tama silt loam","High-infiltration","Well drained",5,0.305,2005,"Growing season",1,0,0,0,0,0,1,0,0,0,0,0,"Current crop",0,"Current pre-growing season + growing season",,
"USGS-423846090171600","R3",0,0,0,"Non-Frozen","Storm","2005-19",1,2005-09-19 11:02:00,2005-09-19 11:22:00,117.5,0.1872,41.402,1.667,24.8412,113.0808,78.0288,69.2912,40.2336,28.4988,1666,26.39,1613,25.55,0,0,0,0.4572,2300,16.9,0.428,168,1.23,0.0312,1.83,0.0134,0.00034,5.64,0.0414,0.00105,,,,,787,39.5,1720620,0.0208145900896189,"Surface","Beef and Grain","Corn-Soybean","Cultivated Crops","Cultivated Crops","No",,"Tama silt loam","High-infiltration","Well drained",5,0.305,2005,"Growing season",1,0,0,0,0,0,1,0,0,0,0,0,"Current crop",0,"Current pre-growing season + growing season",,
"USGS-423846090171600","R3",0,0,0,"Frozen","Storm","2006-1",1,2006-03-09 00:06:00,2006-03-09 06:20:00,20740,3.723,22.4028,5.517,4.06146,19.2024,17.8308,15.5448,10.9728,8.6868,575.4,2.486,629,2.717,3.6576,3.6576,6.1722,6.1722,205,265,6.72,96,124,3.15,3.17,4.1,0.104,5.57,7.21,0.183,,,,,788,39.5,1720620,3.67399658262719,"Surface","Beef and Grain","Corn-Soybean","Cultivated Crops","Cultivated Crops","No",,"Tama silt loam","High-infiltration","Well drained",5,0.305,2006,"Pre-growing season",1,0,0,0,0,0,1,0,0,0,0,0,"Previous crop",0,"Current post-growing season + pre-growing season",0,"No"
"USGS-423846090171600","R3",0,0,0,"Non-Frozen","Storm","2006-2",1,2006-04-16 22:27:00,2006-04-16 22:40:00,19,0.04473,36.8808,6.317,5.83946,42.672,33.8328,28.956,17.2212,13.1826,1191,8.075,1185,8.033,16.7894,16.7894,29.1338,47.1932,4750,5.63,0.143,160,0.19,0.00481,1.21,0.00144,3.65e-05,2.46,0.00292,7.39e-05,,,,,789,39.5,1720620,0.00336576350385326,"Surface","Beef and Grain","Corn-Soybean","Cultivated Crops","Cultivated Crops","No",,"Tama silt loam","High-infiltration","Well drained",5,0.305,2006,"Pre-growing season",1,0,0,0,0,0,1,0,0,0,0,0,"Previous crop",0,"Current post-growing season + pre-growing season",0,"No"
"USGS-423846090171600","R3",0,0,0,"Frozen","Storm","2007-3",1,2007-03-01 18:15:00,2007-03-02 19:45:00,5922,0.09465,4.572,7.433,0.615188,5.4864,4.1148,3.6576,2.7432,2.0574,78.61,0.0849,88.53,0.09561,0,0,0,0,2,0.739,0.0187,132,48.8,1.24,2.84,1.05,0.0266,4.77,1.76,0.0446,,,,,790,39.5,1720620,1.04905534051679,"Surface","Beef and Grain","Corn-Soybean","Cultivated Crops","Cultivated Crops","No",,"Tama silt loam","High-infiltration","Well drained",5,0.305,2007,"Pre-growing season",1,0,0,0,0,0,1,0,0,0,0,0,"Previous crop",0,"Current post-growing season + pre-growing season",0,"No"
"USGS-423846090171600","R3",0,0,0,"Frozen","Storm","2007-4",3,2007-03-09 18:15:00,2007-03-12 09:30:00,131300,5.382,3.429,10.1,0.339598,2.7432,2.7432,1.8288,1.3716,1.3716,53.16,0.02871,57.62,0.03112,0,0,0,4.572,262,2150,54.3,119,972,24.6,3.14,25.8,0.653,3.6,29.5,0.747,,,,,791,39.5,1720620,23.2591972661018,"Surface","Beef and Grain","Corn-Soybean","Cultivated Crops","Cultivated Crops","No",,"Tama silt loam","High-infiltration","Well drained",5,0.305,2007,"Pre-growing season",1,0,0,0,0,0,1,0,0,0,0,0,"Previous crop",0,"Current post-growing season + pre-growing season",0,"No"
"USGS-423846090171600","R3",0,0,0,"Frozen","Storm","2007-5",1,2007-03-12 12:30:00,2007-03-12 21:30:00,12730,1.482,0,,,,,,,,,,,,0,0,3.429,8.001,266,211,5.35,138,110,2.78,2.42,1.92,0.0487,2.74,2.18,0.0551,,,,,792,39.5,1720620,2.25506154758169,"Surface","Beef and Grain","Corn-Soybean","Cultivated Crops","Cultivated Crops","No",,"Tama silt loam","High-infiltration","Well drained",5,0.305,2007,"Pre-growing season",1,0,0,0,0,0,1,0,0,0,0,0,"Previous crop",0,"Current post-growing season + pre-growing season",0,"No"
"USGS-423846090171600","R3",0,0,0,"Non-Frozen","Storm","2007-7",1,2007-07-04 02:58:00,2007-07-04 04:30:00,29390,46.39,66.8274,1.917,34.8742,161.544,125.5776,103.0224,98.5012,64.5414,2795,108.4,2711,105.1,0,0,0,38.3794,3170,5810,147,76,139,3.53,0.97,1.78,0.0451,3.68,6.75,0.171,,,,,793,39.5,1720620,5.20630470411828,"Surface","Beef and Grain","Corn-Soybean","Cultivated Crops","Cultivated Crops","No",,"Tama silt loam","High-infiltration","Well drained",5,0.305,2007,"Growing season",1,0,0,0,0,0,1,0,0,0,0,0,"Current crop",0,"Current pre-growing season + growing season",,
"USGS-423846090171600","R3",0,0,0,"Non-Frozen","Storm","2007-8",1,2007-07-18 03:37:00,2007-07-18 05:30:00,10500,6.813,37.2618,2.2,16.93672,77.4192,66.1416,61.3664,55.1688,34.0106,1505,32.68,1438,31.24,29.4894,30.1752,30.1752,57.785,1760,1150,29.2,32,21,0.531,0.842,0.552,0.014,2.7,1.77,0.0448,,,,,794,39.5,1720620,1.86002719949786,"Surface","Beef and Grain","Corn-Soybean","Cultivated Crops","Cultivated Crops","No",,"Tama silt loam","High-infiltration","Well drained",5,0.305,2007,"Growing season",1,0,0,0,0,0,1,0,0,0,0,0,"Current crop",0,"Current pre-growing season + growing season",,
"USGS-423846090171600","R3",0,0,0,"Non-Frozen","Storm","2007-9",1,2007-08-22 22:55:00,2007-08-23 00:35:00,2963,1.163,23.3172,3.35,6.9596,89.916,72.39,56.5912,30.5816,18.7198,838.9,10.1,833.5,10.04,13.9954,13.9954,72.9742,106.045,167,30.9,0.782,116,21.5,0.543,1.32,0.244,0.00618,1.78,0.329,0.00834,,,,,795,39.5,1720620,0.524881961153538,"Surface","Beef and Grain","Corn-Soybean","Cultivated Crops","Cultivated Crops","No",,"Tama silt loam","High-infiltration","Well drained",5,0.305,2007,"Growing season",1,0,0,0,0,0,1,0,0,0,0,0,"Current crop",0,"Current pre-growing season + growing season",,
"USGS-423846090171600","R3",0,0,0,"Non-Frozen","Storm","2007-10",1,2007-08-27 14:54:00,2007-08-27 16:09:00,685.4,0.399,29.845,1.367,21.83892,77.1144,67.5132,64.3128,44.958,29.1592,1172,20.74,1136,20.1,0,0,52.7558,132.334,339,14.5,0.367,108,4.62,0.117,1.12,0.0479,0.00121,1.84,0.0789,0.002,,,,,796,39.5,1720620,0.121415489765317,"Surface","Beef and Grain","Corn-Soybean","Cultivated Crops","Cultivated Crops","No",,"Tama silt loam","High-infiltration","Well drained",5,0.305,2007,"Growing season",1,0,0,0,0,0,1,0,0,0,0,0,"Current crop",0,"Current pre-growing season + growing season",,
"USGS-423846090171600","R3",0,0,0,"Frozen","Storm","2008-3",1,2008-01-07 20:30:00,2008-01-08 22:43:00,3672,0.1157,15.367,33.65,0.456692,40.2336,35.6616,26.5176,14.6304,7.5438,438,2.523,426.5,2.457,0,0,0,0,2,0.229,0.0058,64,14.7,0.371,1.01,0.232,0.00586,1.1,0.252,0.00638,"<",,,,797,39.5,1720620,0.650478083481536,"Surface","Beef and Grain","Corn-Soybean","Cultivated Crops","Cultivated Crops","No",,"Tama silt loam","High-infiltration","Well drained",5,0.305,2008,"Pre-growing season",1,0,0,0,0,0,1,0,0,0,0,0,"Previous crop",0,"Current post-growing season + pre-growing season",0,"No"
"USGS-423846090171600","R3",0,0,0,"Frozen","Storm","2008-4",1,2008-03-03 03:25:00,2008-03-04 07:45:00,19150,0.8547,16.0274,8.183,1.958594,19.5072,13.8684,11.0744,7.8232,5.0546,344.8,1.062,396.9,1.222,0,0,0,0,46,55,1.39,346,414,10.5,9.95,11.9,0.301,11.4,13.6,0.345,,,,,798,39.5,1720620,3.39233532098895,"Surface","Beef and Grain","Corn-Soybean","Cultivated Crops","Cultivated Crops","No",,"Tama silt loam","High-infiltration","Well drained",5,0.305,2008,"Pre-growing season",1,0,0,0,0,0,1,0,0,0,0,0,"Previous crop",0,"Current post-growing season + pre-growing season",0,"No"
"USGS-423846090171600","R3",0,0,0,"Frozen","Storm","2008-5",3,2008-03-12 20:14:00,2008-03-15 13:45:00,86850,4.021,0,,,,,,,,,,,,0,0,0,16.0274,48.3,262,6.63,90.6,491,12.4,2.5,13.6,0.344,3.15,17.1,0.432,,,,,799,39.5,1720620,15.3850821215608,"Surface","Beef and Grain","Corn-Soybean","Cultivated Crops","Cultivated Crops","No",,"Tama silt loam","High-infiltration","Well drained",5,0.305,2008,"Pre-growing season",1,0,0,0,0,0,1,0,0,0,0,0,"Previous crop",0,"Current post-growing season + pre-growing season",0,"No"
"USGS-423846090171600","R3",0,0,0,"Frozen","Storm","2008-6",1,2008-03-15 18:45:00,2008-03-16 10:00:00,3007,0.209,0,,,,,,,,,,,,0,0,0,16.0274,18,3.38,0.0855,46,8.63,0.219,1.18,0.221,0.00561,1.32,0.248,0.00627,,,,,800,39.5,1720620,0.532676360846671,"Surface","Beef and Grain","Corn-Soybean","Cultivated Crops","Cultivated Crops","No",,"Tama silt loam","High-infiltration","Well drained",5,0.305,2008,"Pre-growing season",1,0,0,0,0,0,1,0,0,0,0,0,"Previous crop",0,"Current post-growing season + pre-growing season",0,"No"
"USGS-423846090171600","R3",0,0,0,"Frozen","Storm","2008-7",1,2008-03-16 19:15:00,2008-03-17 02:15:00,1192,0.111,0,,,,,,,,,,,,0,0,0,16.0274,20,1.49,0.0377,78,5.81,0.147,0.933,0.0694,0.00176,0.999,0.0744,0.00188,,,,,801,39.5,1720620,0.211157373504899,"Surface","Beef and Grain","Corn-Soybean","Cultivated Crops","Cultivated Crops","No",,"Tama silt loam","High-infiltration","Well drained",5,0.305,2008,"Pre-growing season",1,0,0,0,0,0,1,0,0,0,0,0,"Previous crop",0,"Current post-growing season + pre-growing season",0,"No"
"USGS-423846090171600","R3",0,0,0,"Frozen","Storm","2008-8",1,2008-03-18 17:45:00,2008-03-19 02:00:00,1356,0.1054,0.2286,,,,,,,,,,,,1.143,1.143,1.143,1.143,23,1.95,0.0493,108,9.15,0.232,0.781,0.0661,0.00167,0.836,0.0708,0.00179,,,,,802,39.5,1720620,0.24020922690658,"Surface","Beef and Grain","Corn-Soybean","Cultivated Crops","Cultivated Crops","No",,"Tama silt loam","High-infiltration","Well drained",5,0.305,2008,"Pre-growing season",1,0,0,0,0,0,1,0,0,0,0,0,"Previous crop",0,"Current post-growing season + pre-growing season",0,"No"
"USGS-423846090171600","R3",0,0,0,"Frozen","Storm","2008-9",1,2008-03-19 16:45:00,2008-03-20 01:45:00,1797,0.11,0,,,,,,,,,,,,0.2286,1.3716,1.3716,1.3716,21,2.36,0.0596,72,8.08,0.204,0.614,0.0689,0.00174,0.664,0.0745,0.00189,,,,,803,39.5,1720620,0.31833036928549,"Surface","Beef and Grain","Corn-Soybean","Cultivated Crops","Cultivated Crops","No",,"Tama silt loam","High-infiltration","Well drained",5,0.305,2008,"Pre-growing season",1,0,0,0,0,0,1,0,0,0,0,0,"Previous crop",0,"Current post-growing season + pre-growing season",0,"No"
"USGS-423846090171600","R3",0,0,0,"Non-Frozen","Storm","2008-12",1,2008-04-25 14:30:00,2008-04-25 17:15:00,2125,0.8264,17.7546,2.15,8.25754,84.1248,54.4068,38.1,22.7076,14.3256,585.1,5.231,601.8,5.38,29.4386,32.639,41.783,69.469,564,74.8,1.89,110,14.6,0.37,1.02,0.136,0.00344,2.38,0.316,0.00799,,,,,804,39.5,1720620,0.376434076088852,"Surface","Beef and Grain","Corn-Soybean","Cultivated Crops","Cultivated Crops","No",,"Tama silt loam","High-infiltration","Well drained",5,0.305,2008,"Pre-growing season",1,0,0,0,0,0,1,0,0,0,0,0,"Previous crop",0,"Current post-growing season + pre-growing season",0,"No"
"USGS-423846090171600","R3",0,0,0,"Non-Frozen","Storm","2008-13",1,2008-05-02 06:53:00,2008-05-02 08:45:00,138.2,0.0497,20.2438,0.8667,23.35784,67.6656,49.0728,44.9072,33.6296,20.2438,804.4,10.65,760.3,10.07,0,0,25.7556,65.024,709,6.12,0.155,236,2.04,0.0516,1.39,0.012,0.000304,3.27,0.0282,0.000714,,,,,805,39.5,1720620,0.0244815008543432,"Surface","Beef and Grain","Corn-Soybean","Cultivated Crops","Cultivated Crops","No",,"Tama silt loam","High-infiltration","Well drained",5,0.305,2008,"Pre-growing season",1,0,0,0,0,0,1,0,0,0,0,0,"Previous crop",0,"Current post-growing season + pre-growing season",0,"No"
"USGS-423846090171600","R3",0,0,0,"Non-Frozen","Storm","2008-15",1,2008-05-30 09:06:00,2008-05-30 10:19:00,138.2,0.0733,29.7942,12.73,2.339848,28.0416,16.764,13.8176,11.0236,8.4836,751,3.26,810.8,3.519,3.2004,3.2004,34.2646,34.2646,626,5.4,0.137,134,1.16,0.0293,1.01,0.00876,0.000222,2.35,0.0203,0.000513,,,,,806,39.5,1720620,0.0244815008543432,"Surface","Beef and Grain","Corn-Soybean","Cultivated Crops","Cultivated Crops","No",,"Tama silt loam","High-infiltration","Well drained",5,0.305,2008,"Pre-growing season",1,0,0,0,0,0,1,0,0,0,0,0,"Previous crop",0,"Current post-growing season + pre-growing season",0,"No"
"USGS-423846090171600","R3",0,0,0,"Non-Frozen","Storm","2008-16",1,2008-06-05 09:58:00,2008-06-05 12:24:00,6610,3.192,25.3492,3.65,6.94436,84.1248,62.6364,55.2704,36.8808,18.8976,937.3,13.61,914.4,13.28,0,4.1148,46.736,77.8002,2270,935,23.7,172,71,1.8,0.736,0.304,0.00769,3.93,1.62,0.0411,,,,,807,39.5,1720620,1.17093140844579,"Surface","Beef and Grain","Corn-Soybean","Cultivated Crops","Cultivated Crops","No",,"Tama silt loam","High-infiltration","Well drained",5,0.305,2008,"Growing season",1,0,0,0,0,0,1,0,0,0,0,0,"Current crop",0,"Current pre-growing season + growing season",,
"USGS-423846090171600","R3",0,0,0,"Non-Frozen","Storm","2008-20",1,2008-07-10 15:45:00,2008-07-10 18:00:00,6342,3.632,18.7706,1.967,9.54532,70.4088,49.53,43.5864,30.6832,17.1704,710.1,8.578,690,8.335,1.8288,1.8288,35.8902,74.549,622,246,6.23,62,24.5,0.621,0.831,0.329,0.00833,1.68,0.665,0.0168,,,,,808,39.5,1720620,1.1234564284967,"Surface","Beef and Grain","Corn-Soybean","Cultivated Crops","Cultivated Crops","No",,"Tama silt loam","High-infiltration","Well drained",5,0.305,2008,"Growing season",1,0,0,0,0,0,1,0,0,0,0,0,"Current crop",0,"Current pre-growing season + growing season",,
"USGS-423846090171600","R3",0,0,0,"Non-Frozen","Storm","2008-21",1,2008-07-10 23:15:00,2008-07-11 01:45:00,35440,18.92,31.877,1.317,24.21128,64.008,61.1124,55.9816,44.8564,30.2768,1277,22.54,1212,21.4,21.0566,21.0566,55.118,93.7768,763,1690,42.7,32,70.8,1.79,0.402,0.889,0.0225,1.3,2.88,0.0728,,,,,809,39.5,1720620,6.27803466192419,"Surface","Beef and Grain","Corn-Soybean","Cultivated Crops","Cultivated Crops","No",,"Tama silt loam","High-infiltration","Well drained",5,0.305,2008,"Growing season",1,0,0,0,0,0,1,0,0,0,0,0,"Current crop",0,"Current pre-growing season + growing season",,
"USGS-423846090171600","R3",0,0,0,"Non-Frozen","Storm","2008-22",1,2008-07-12 07:42:00,2008-07-12 10:15:00,7439,2.065,26.0858,2.6,10.033,51.816,39.7764,37.7952,26.2636,19.4818,897.1,9.276,881.4,9.113,0,51.1048,86.995,124.0536,189,87.8,2.22,60,27.9,0.705,0.598,0.278,0.00703,0.979,0.455,0.0115,,,,,810,39.5,1720620,1.31778498448234,"Surface","Beef and Grain","Corn-Soybean","Cultivated Crops","Cultivated Crops","No",,"Tama silt loam","High-infiltration","Well drained",5,0.305,2008,"Growing season",1,0,0,0,0,0,1,0,0,0,0,0,"Current crop",0,"Current pre-growing season + growing season",,
"USGS-423846090171600","R3",0,0,0,"Non-Frozen","Storm","2008-23",1,2008-07-20 04:39:00,2008-07-20 06:15:00,2100,1.462,28.956,1.083,26.7208,115.824,97.536,75.184,47.752,28.702,1147,21.57,1113,20.92,0.254,0.508,2.032,115.3668,190,24.9,0.63,66,8.65,0.219,0.716,0.0938,0.00238,1,0.132,0.00333,,,,,811,39.5,1720620,0.372005439899571,"Surface","Beef and Grain","Corn-Soybean","Cultivated Crops","Cultivated Crops","No",,"Tama silt loam","High-infiltration","Well drained",5,0.305,2008,"Growing season",1,0,0,0,0,0,1,0,0,0,0,0,"Current crop",0,"Current pre-growing season + growing season",,
"USGS-423846090171600","R3",0,0,0,"Frozen","Storm","2009-1",1,2008-12-27 08:00:00,2008-12-28 12:00:00,85080,3.812,9.8298,11.87,0.828294,10.9728,9.6012,7.3152,4.572,3.6576,206,0.3708,225.9,0.4066,0,0,0,3.429,27,143,3.63,90,478,12.1,0.871,4.63,0.117,0.96,5.1,0.129,,,,,812,39.5,1720620,15.0715346793598,"Surface","Beef and Grain","Corn-Soybean","Cultivated Crops","Cultivated Crops","No",,"Tama silt loam","High-infiltration","Well drained",5,0.305,2009,"Post-growing season",1,0,0,0,0,0,1,0,0,0,0,0,"Previous crop",0,"Previous growing season + current post-growing season",0,"No"
"USGS-423846090171600","R3",0,0,0,"Frozen","Storm","2009-2",3,2009-02-07 11:00:00,2009-02-10 12:01:00,135500,4.534,1.6002,2.033,0.786892,5.4864,4.1148,3.6576,2.286,1.3716,32.43,0.02919,35.66,0.03209,0,0,0,0,70.7,598,15.1,433,3670,92.8,9.47,80.1,2.03,13.6,115,2.9,,,,,813,39.5,1720620,24.0032081459009,"Surface","Beef and Grain","Corn-Soybean","Cultivated Crops","Cultivated Crops","No",,"Tama silt loam","High-infiltration","Well drained",5,0.305,2009,"Pre-growing season",1,0,0,0,0,0,1,0,0,0,0,0,"Previous crop",0,"Current post-growing season + pre-growing season",0,"No"
"USGS-423846090171600","R3",0,0,0,"Frozen","Storm","2009-3",2,2009-02-25 19:00:00,2009-02-27 10:08:00,109300,10.69,14.6304,10.67,1.3716,19.2024,13.716,10.9728,8.2296,6.6294,336.4,1.09,367.9,1.192,0,0,0,0.9144,302,2060,52.1,147,1000,25.4,2.97,20.3,0.513,3.91,26.7,0.676,,,,,814,39.5,1720620,19.3619974195348,"Surface","Beef and Grain","Corn-Soybean","Cultivated Crops","Cultivated Crops","No",,"Tama silt loam","High-infiltration","Well drained",5,0.305,2009,"Pre-growing season",1,0,0,0,0,0,1,0,0,0,0,0,"Previous crop",0,"Current post-growing season + pre-growing season",0,"No"
"USGS-423846090171600","R3",0,0,0,"Frozen","Storm","2009-5",1,2009-03-07 13:00:00,2009-03-08 00:30:00,47970,3.548,21.0312,11.32,1.858518,8.2296,8.2296,6.4008,5.0292,3.8862,400.1,0.7922,487.3,0.9648,0,0,0,14.6304,129,386,9.78,380,1140,28.8,4.97,14.9,0.377,6.51,19.5,0.494,,,,,815,39.5,1720620,8.49766711999163,"Surface","Beef and Grain","Corn-Soybean","Cultivated Crops","Cultivated Crops","No",,"Tama silt loam","High-infiltration","Well drained",5,0.305,2009,"Pre-growing season",1,0,0,0,0,0,1,0,0,0,0,0,"Previous crop",0,"Current post-growing season + pre-growing season",0,"No"
"USGS-423846090171600","R3",0,0,0,"Frozen","Storm","2009-6",1,2009-03-08 13:33:00,2009-03-09 01:16:00,104500,6.66,25.6032,8.933,2.86512,8.2296,6.858,6.4008,5.9436,5.4864,515.9,1.207,629.3,1.473,18.288,24.2316,24.2316,38.862,124,809,20.5,158,1030,26.1,2.99,19.5,0.494,3.75,24.5,0.619,,,,,816,39.5,1720620,18.5116992711929,"Surface","Beef and Grain","Corn-Soybean","Cultivated Crops","Cultivated Crops","No",,"Tama silt loam","High-infiltration","Well drained",5,0.305,2009,"Pre-growing season",1,0,0,0,0,0,1,0,0,0,0,0,"Previous crop",0,"Current post-growing season + pre-growing season",0,"No"
"USGS-423846090171600","R3",0,0,0,"Frozen","Storm","2009-7",1,2009-03-10 05:53:00,2009-03-10 14:37:00,58610,5.552,19.2024,10.5,1.8288,8.2296,6.858,6.4008,4.572,3.8862,357.2,0.6429,439.6,0.7914,0,28.575,49.8348,64.4652,83,304,7.69,128,468,11.9,2.06,7.54,0.191,2.61,9.55,0.242,,,,,817,39.5,1720620,10.3824946821495,"Surface","Beef and Grain","Corn-Soybean","Cultivated Crops","Cultivated Crops","No",,"Tama silt loam","High-infiltration","Well drained",5,0.305,2009,"Pre-growing season",1,0,0,0,0,0,1,0,0,0,0,0,"Previous crop",0,"Current post-growing season + pre-growing season",0,"No"
"USGS-423846090171600","R3",0,0,0,"Non-Frozen","Storm","2009-8",1,2009-06-08 05:40:00,2009-06-08 06:00:00,52.8,0.08532,30.226,0.95,31.8262,102.7176,86.4108,73.9648,44.8564,30.226,1234,21.8,1195,21.11,0.4572,1.6002,7.4168,25.019,370,1.22,0.0309,4,0.0132,0.000334,0.829,0.00273,6.92e-05,1.57,0.00517,0.000131,,,,,818,39.5,1720620,0.00935327963176064,"Surface","Beef and Grain","Corn-Soybean","Cultivated Crops","Cultivated Crops","No",,"Tama silt loam","High-infiltration","Well drained",5,0.305,2009,"Growing season",1,0,0,0,0,0,1,0,0,0,0,0,"Current crop",0,"Current pre-growing season + growing season",,
"USGS-423846090171600","R3",0,0,0,"Non-Frozen","Storm","2009-9",1,2009-06-19 14:18:00,2009-06-19 15:25:00,5668,4.86,22.3266,0.3333,66.9798,105.7656,89.7636,77.1144,44.6532,22.3266,955.1,16.79,918.6,16.15,2.7432,9.2202,19.05,51.3334,605,214,5.42,2,0.708,0.0179,0.687,0.243,0.00615,1.58,0.559,0.0141,,,,,819,39.5,1720620,1.0040603968337,"Surface","Beef and Grain","Corn-Soybean","Cultivated Crops","Cultivated Crops","No",,"Tama silt loam","High-infiltration","Well drained",5,0.305,2009,"Growing season",1,0,0,0,0,0,1,0,0,0,0,0,"Current crop",0,"Current pre-growing season + growing season",,
"USGS-423846090171600","R3",0,0,0,"Non-Frozen","Storm","2009-10",1,2009-07-24 22:14:00,2009-07-25 01:51:00,37340,13.66,40.6908,2.25,18.0848,185.6232,114.4524,80.8736,48.9204,25.146,1607,30.94,1553,29.92,0,0,58.7248,71.5264,622,1450,36.7,106,247,6.26,0.716,1.67,0.0423,2.29,5.34,0.135,,,,,820,39.5,1720620,6.61461101230952,"Surface","Beef and Grain","Corn-Soybean","Cultivated Crops","Cultivated Crops","No",,"Tama silt loam","High-infiltration","Well drained",5,0.305,2009,"Growing season",1,0,0,0,0,0,1,0,0,0,0,0,"Current crop",0,"Current pre-growing season + growing season",,
"USGS-423846090171600","R3",0,0,0,"Non-Frozen","Storm","2009-11",1,2009-07-28 01:00:00,2009-07-28 03:12:00,14550,7.29,39.9288,1.167,34.2138,136.8552,99.3648,74.5744,58.3184,37.3634,1661,38.14,1584,36.37,0,0,99.4156,112.2172,138,125,3.17,120,109,2.76,1.88,1.71,0.0432,2.75,2.5,0.0632,,,,,821,39.5,1720620,2.57746626216131,"Surface","Beef and Grain","Corn-Soybean","Cultivated Crops","Cultivated Crops","No",,"Tama silt loam","High-infiltration","Well drained",5,0.305,2009,"Growing season",1,0,0,0,0,0,1,0,0,0,0,0,"Current crop",0,"Current pre-growing season + growing season",,
"USGS-423846090171600","R3",0,0,0,"Non-Frozen","Storm","2009-12",1,2009-08-27 16:31:00,2009-08-27 18:01:00,1624,0.553,34.5186,9.933,3.47472,21.9456,16.4592,15.5448,14.1732,10.9728,829,4.626,927.1,5.173,2.286,10.541,17.399,35.9664,303,30.7,0.778,166,16.8,0.426,1.24,0.126,0.00318,2.36,0.239,0.00606,,,,,822,39.5,1720620,0.287684206855668,"Surface","Beef and Grain","Corn-Soybean","Cultivated Crops","Cultivated Crops","No",,"Tama silt loam","High-infiltration","Well drained",5,0.305,2009,"Growing season",1,0,0,0,0,0,1,0,0,0,0,0,"Current crop",0,"Current pre-growing season + growing season",,
"USGS-423846090171600","R3",0,0,0,"Frozen","Storm","2010-1",1,2010-01-24 19:00:00,2010-01-25 17:00:00,10240,0.3936,0,,,,,,,,,,,,19.2024,19.6596,19.6596,19.6596,2,0.639,0.0162,36,23,0.582,0.829,0.53,0.0134,0.893,0.571,0.0144,"<",,,,823,39.5,1720620,1.81396938312934,"Surface","Beef and Grain","Corn-Soybean","Cultivated Crops","Cultivated Crops","No",,"Tama silt loam","High-infiltration","Well drained",5,0.305,2010,"Pre-growing season",1,1.56,0,0,1.56,0,1,0,0,0,0,0,"Previous crop",0,"Current post-growing season + pre-growing season",0,"No"
"USGS-423846090171600","R3",0,0,0,"Frozen","Storm","2010-2",5,2010-03-09,2010-03-12 01:00:00,251500,3.688,16.4592,60.77,0.270764,13.716,8.2296,7.3152,5.4864,3.429,307.4,0.664,339.2,0.7328,0,2.9718,2.9718,2.9718,50.5,793,20.1,90.3,1420,35.9,0.995,15.6,0.395,1.21,19,0.48,,,,,824,39.5,1720620,44.5520800641629,"Surface","Beef and Grain","Corn-Soybean","Cultivated Crops","Cultivated Crops","No",,"Tama silt loam","High-infiltration","Well drained",5,0.305,2010,"Pre-growing season",1,1.56,0,0,1.56,0,1,0,0,0,0,0,"Previous crop",0,"Current post-growing season + pre-growing season",0,"No"
"USGS-423846090171600","R3",0,0,0,"Non-Frozen","Storm","2010-3",1,2010-06-06,2010-06-06 01:00:00,235.1,0.1798,19.0754,3.517,5.42544,27.7368,24.9936,23.0632,19.812,15.1892,624.3,4.869,613.3,4.784,14.2494,30.9372,44.0182,57.2008,228,3.35,0.0847,82,1.2,0.0305,0.933,0.0137,0.000347,1.59,0.0233,0.000589,,,,,825,39.5,1720620,0.0416468947239948,"Surface","Beef and Grain","Corn-Soybean","Cultivated Crops","Cultivated Crops","No",,"Tama silt loam","High-infiltration","Well drained",5,0.305,2010,"Growing season",1,1.56,0,0,1.56,0,1,0,0,0,0,0,"Current crop",1.56,"Current pre-growing season + growing season",,
"USGS-423846090171600","R3",0,0,0,"Non-Frozen","Storm","2010-5",1,2010-06-23 09:30:00,2010-06-23 11:00:00,2738,1.273,18.542,3.15,5.88518,71.0184,50.9016,45.212,30.1244,15.2908,719.5,8.533,684.7,8.121,0,22.3774,46.9392,83.9978,789,135,3.41,116,19.8,0.502,0.877,0.15,0.00379,2.13,0.364,0.00922,,,,,826,39.5,1720620,0.485024235450012,"Surface","Beef and Grain","Corn-Soybean","Cultivated Crops","Cultivated Crops","No",,"Tama silt loam","High-infiltration","Well drained",5,0.305,2010,"Growing season",1,1.56,0,0,1.56,0,1,0,0,0,0,0,"Current crop",1.56,"Current pre-growing season + growing season",,
"USGS-423846090171600","R3",0,0,0,"Non-Frozen","Storm","2010-6",1,2010-06-26 06:30:00,2010-06-26 08:00:00,1545,0.8096,26.1112,1.917,13.62202,64.008,47.3964,38.1,36.2204,23.1394,965.9,13.77,943.8,13.46,0,0,41.6052,103.2256,313,30.2,0.764,90,8.68,0.22,1.09,0.105,0.00266,1.44,0.139,0.00352,,,,,827,39.5,1720620,0.273689716497542,"Surface","Beef and Grain","Corn-Soybean","Cultivated Crops","Cultivated Crops","No",,"Tama silt loam","High-infiltration","Well drained",5,0.305,2010,"Growing season",1,1.56,0,0,1.56,0,1,0,0,0,0,0,"Current crop",1.56,"Current pre-growing season + growing season",,
"USGS-423846090171600","R3",0,0,0,"Non-Frozen","Storm","2010-8",1,2010-08-08 13:53:00,2010-08-08 17:00:00,31750,9.904,81.026,1.983,40.8432,109.4232,96.6216,82.9056,59.8424,52.4764,3384,79.73,3226,76,0,0,9.652,17.4244,124,246,6.22,90,178,4.52,1.46,2.89,0.0731,4.5,8.92,0.226,,,,,828,39.5,1720620,5.62436796038637,"Surface","Beef and Grain","Corn-Soybean","Cultivated Crops","Cultivated Crops","No",,"Tama silt loam","High-infiltration","Well drained",5,0.305,2010,"Growing season",1,1.56,0,0,1.56,0,1,0,0,0,0,0,"Current crop",1.56,"Current pre-growing season + growing season",,
"USGS-423846090171600","R3",0,0,0,"Non-Frozen","Storm","2010-10",1,2010-08-13 21:29:00,2010-08-13 23:35:00,12070,7.351,33.1978,4.317,7.69112,109.4232,83.5152,84.5312,55.4228,28.6258,1289,28.13,1267,27.64,0.4572,0.4572,95.9866,109.2962,173,130,3.3,72,54.2,1.37,1.15,0.868,0.022,1.58,1.19,0.0301,,,,,829,39.5,1720620,2.13814555218468,"Surface","Beef and Grain","Corn-Soybean","Cultivated Crops","Cultivated Crops","No",,"Tama silt loam","High-infiltration","Well drained",5,0.305,2010,"Growing season",1,1.56,0,0,1.56,0,1,0,0,0,0,0,"Current crop",1.56,"Current pre-growing season + growing season",,
"USGS-423954089071501","RE1",0,0,0,"Frozen","Storm","2015-1",1,2015-03-09 20:00:00,2015-03-10 08:00:00,5296,0.382,0,,,,,,,,,,,,0,0,0,0,15,4.96,0.528,152,50.3,5.35,0.863,0.285,0.0304,1.04,0.344,0.0366,,,,,830,9.4,409464,3.9422777093957,"Surface","Grain","Corn-Soybean","Cultivated Crops","Cultivated Crops","No",,"Winnebago silt loam","High-infiltration","Well drained",3,0.225,2015,"Pre-growing season",,,,,,,1,0,0,0,0,0,"Previous crop",,"Current post-growing season + pre-growing season",0,"No"
"USGS-423954089071501","RE1",0,0,0,"Frozen","Storm","2015-2",1,2015-03-10 17:45:00,2015-03-11 04:30:00,6390,0.497,0,,,,,,,,,,,,0,0,0,0,15,5.98,0.637,112,44.7,4.75,0.663,0.264,0.0281,0.805,0.321,0.0342,,,,,831,9.4,409464,4.75663794619307,"Surface","Grain","Corn-Soybean","Cultivated Crops","Cultivated Crops","No",,"Winnebago silt loam","High-infiltration","Well drained",3,0.225,2015,"Pre-growing season",,,,,,,1,0,0,0,0,0,"Previous crop",,"Current post-growing season + pre-growing season",0,"No"
"USGS-423954089071501","RE1",0,0,0,"Frozen","Storm","2015-3",1,2015-03-11 17:00:00,2015-03-11 21:15:00,987,0.171,0,,,,,,,,,,,,0,0,0,0,25,1.54,0.164,114,7.02,0.747,0.717,0.0442,0.0047,0.869,0.0535,0.0057,,,,,832,9.4,409464,0.734710743801653,"Surface","Grain","Corn-Soybean","Cultivated Crops","Cultivated Crops","No",,"Winnebago silt loam","High-infiltration","Well drained",3,0.225,2015,"Pre-growing season",,,,,,,1,0,0,0,0,0,"Previous crop",,"Current post-growing season + pre-growing season",0,"No"
"USGS-423954089071501","RE1",1,0,0,"Non-Frozen","Storm","2015-4",1,2015-09-18 03:44:00,2015-09-18 04:02:00,29,0.069,24.384,1.817,13.42136,112.776,91.44,68.072,38.1,21.082,915.4,13.73,907.3,13.61,29.21,29.21,29.464,76.962,524,0.949,0.101,86,0.156,0.0166,1.02,0.00185,0.000196,2.23,0.00404,0.000429,,,,,833,9.4,409464,0.0215872457651955,"Surface","Grain","Corn-Soybean","Cultivated Crops","Cultivated Crops","No",,"Winnebago silt loam","High-infiltration","Well drained",3,0.225,2015,"Growing season",,,,,,,1,0,0,0,0,0,"Current crop",,"Current pre-growing season + growing season",,
"USGS-423954089071501","RE1",0,0,0,"Frozen","Storm","2016-2",1,2016-02-19 04:30:00,2016-02-20 06:15:00,8243,0.648,0,,,,,,,,,,,,0,0,0,0,15,7.72,0.821,50,25.7,2.74,0.497,0.256,0.0272,0.721,0.371,0.0395,,,,,834,9.4,409464,6.13598851181056,"Surface","Grain","Corn-Soybean","Cultivated Crops","Cultivated Crops","No",,"Winnebago silt loam","High-infiltration","Well drained",3,0.225,2016,"Pre-growing season",1,2,1,1,0,,1,0,0,1,1,0,"Previous crop",2,"Current post-growing season + pre-growing season",1,"Yes"
"USGS-423954089071501","RE1",1,0,0,"Frozen","Storm","2016-3",1,2016-02-20 16:00:00,2016-02-20 20:45:00,223.9,0.02721,0,,,,,,,,,,,,0,0,0,0,11,0.154,0.0164,44,0.615,0.0654,0.816,0.0114,0.00121,1.04,0.0145,0.00155,,,,,835,9.4,409464,0.166668425063009,"Surface","Grain","Corn-Soybean","Cultivated Crops","Cultivated Crops","No",,"Winnebago silt loam","High-infiltration","Well drained",3,0.225,2016,"Pre-growing season",1,2,1,1,0,,1,0,0,1,1,0,"Previous crop",2,"Current post-growing season + pre-growing season",1,"Yes"
"USGS-423954089071501","RE1",0,0,0,"Non-Frozen","Storm","2016-4",1,2016-08-20 11:23:00,2016-08-20 11:45:00,64,0.111,27.686,0.55,50.3428,134.112,111.252,94.488,54.864,27.686,1168,25.22,1134,24.5,20.828,52.832,58.674,75.438,95,0.38,0.0404,62,0.248,0.0264,1.48,0.00591,0.000629,2.1,0.00839,0.000893,,,,,836,9.4,409464,0.0476408182404314,"Surface","Grain","Corn-Soybean","Cultivated Crops","Cultivated Crops","No",,"Winnebago silt loam","High-infiltration","Well drained",3,0.225,2016,"Growing season",1,2,1,1,0,,1,0,0,1,1,0,"Current crop",1,"Current pre-growing season + growing season",,
"USGS-423954089071501","RE1",0,0,0,"Frozen","Storm","2017-2",2,2017-01-16 19:15:00,2017-01-19 10:45:00,18750,0.975,1.778,24.52,0.072517,9.144,4.572,3.048,1.524,0.762,34.75,0.02085,25.18,0.01511,0.508,0.508,12.446,12.7,33.7,39.4,4.19,118,139,14.7,2.93,3.43,0.365,3.28,3.84,0.408,,,,,837,9.4,409464,13.9572709688764,"Surface","Grain","Corn-Soybean","Cultivated Crops","Cultivated Crops","No",,"Winnebago silt loam","High-infiltration","Well drained",3,0.225,2017,"Pre-growing season",1,0,0,0,0,0,1,0,0,1,1,0,"Previous crop",0,"Current post-growing season + pre-growing season",1,"Yes"
"USGS-423954089071501","RE1",0,0,0,"Frozen","Storm","2017-3",1,2017-01-19 19:15:00,2017-01-21 17:15:00,9469,0.5504,6.604,31.13,0.2121154,6.096,4.572,4.064,3.556,3.048,112.7,0.1578,123.6,0.173,0,0.254,2.286,14.224,42,24.8,2.64,174,103,10.9,3.43,2.03,0.216,3.78,2.23,0.238,,,,,838,9.4,409464,7.04860793622883,"Surface","Grain","Corn-Soybean","Cultivated Crops","Cultivated Crops","No",,"Winnebago silt loam","High-infiltration","Well drained",3,0.225,2017,"Pre-growing season",1,0,0,0,0,0,1,0,0,1,1,0,"Previous crop",0,"Current post-growing season + pre-growing season",1,"Yes"
"USGS-423954089071501","RE1",0,0,0,"Non-Frozen","Storm","2017-4",2,2017-06-29 05:01:00,2017-06-29 06:11:00,254.8,0.292,74.422,5.85,12.72286,115.824,86.868,75.184,56.896,48.514,2944,65.95,2852,63.88,6.604,6.604,43.942,87.122,756,12,1.28,63.8,1.01,0.108,0.505,0.00803,0.000854,1.7,0.027,0.00288,,,,,839,9.4,409464,0.189670007619717,"Surface","Grain","Corn-Soybean","Cultivated Crops","Cultivated Crops","No",,"Winnebago silt loam","High-infiltration","Well drained",3,0.225,2017,"Growing season",1,0,0,0,0,0,1,0,0,1,1,0,"Current crop",0,"Current pre-growing season + growing season",,
"USGS-423954089071501","RE1",0,0,0,"Non-Frozen","Storm","2017-5",1,2017-07-10 08:10:00,2017-07-10 08:29:00,54.5,0.1019,44.45,2.483,17.89938,100.584,88.392,73.152,51.816,31.496,1742,35.54,1674,34.16,0,0,16.764,98.806,1020,3.49,0.371,48,0.163,0.0174,0.681,0.00232,0.000247,2.24,0.00763,0.000811,,,,,840,9.4,409464,0.0405691342828674,"Surface","Grain","Corn-Soybean","Cultivated Crops","Cultivated Crops","No",,"Winnebago silt loam","High-infiltration","Well drained",3,0.225,2017,"Growing season",1,0,0,0,0,0,1,0,0,1,1,0,"Current crop",0,"Current pre-growing season + growing season",,
"USGS-423954089071501","RE1",1,0,0,"Non-Frozen","Storm","2017-11",1,2017-07-27 01:31:00,2017-07-27 02:30:00,97.3,0.1257,43.434,1.45,29.9466,88.392,60.96,49.784,38.608,35.814,1768,26.88,1668,25.35,0,0,122.174,144.78,256,1.55,0.165,60,0.364,0.0388,0.45,0.00273,0.000291,0.919,0.00558,0.000594,,,,,841,9.4,409464,0.0724289314811559,"Surface","Grain","Corn-Soybean","Cultivated Crops","Cultivated Crops","No",,"Winnebago silt loam","High-infiltration","Well drained",3,0.225,2017,"Growing season",1,0,0,0,0,0,1,0,0,1,1,0,"Current crop",0,"Current pre-growing season + growing season",,
"USGS-423954089071501","RE1",0,0,0,"Frozen","Storm","2018-2",2,2018-01-22 03:15:00,2018-01-24 11:15:00,19300,1.376,35.306,27.17,1.299718,15.24,9.144,9.144,7.62,6.35,781.5,2.344,873.9,2.622,0,0,0,6.858,44.7,53.8,5.73,,,,7.23,8.71,0.927,7.38,8.9,0.946,,,,,842,9.4,409464,14.3666842506301,"Surface","Grain","Corn-Soybean","Cultivated Crops","Cultivated Crops","No",,"Winnebago silt loam","High-infiltration","Well drained",3,0.225,2018,"Pre-growing season",1,1,0,1,0,0,1,0,0,0,0,0,"Previous crop",1,"Current post-growing season + pre-growing season",0,"No"
"USGS-423954089071501","RE1",1,0,0,"Frozen","Storm","2018-3",1,2018-01-25 19:30:00,2018-01-26 04:00:00,589.2,0.05702,0,,,,,,,,,,,,0,0,35.306,40.386,6,0.221,0.0235,,,,4.93,0.181,0.0193,4.99,0.184,0.0195,,,,,843,9.4,409464,0.438593282925972,"Surface","Grain","Corn-Soybean","Cultivated Crops","Cultivated Crops","No",,"Winnebago silt loam","High-infiltration","Well drained",3,0.225,2018,"Pre-growing season",1,1,0,1,0,0,1,0,0,0,0,0,"Previous crop",1,"Current post-growing season + pre-growing season",0,"No"
"USGS-423954089071501","RE1",0,0,0,"Frozen","Storm","2018-6",1,2018-02-15 07:15:00,2018-02-17 13:15:00,4647,0.05466,0,,,,,,,,,,,,0,0,0,0,4,0.58,0.0617,,,,2.47,0.717,0.0762,2.53,0.734,0.0781,"<",,,,844,9.4,409464,3.45917003692632,"Surface","Grain","Corn-Soybean","Cultivated Crops","Cultivated Crops","No",,"Winnebago silt loam","High-infiltration","Well drained",3,0.225,2018,"Pre-growing season",1,1,0,1,0,0,1,0,0,0,0,0,"Previous crop",1,"Current post-growing season + pre-growing season",0,"No"
"USGS-423954089071501","RE1",0,0,0,"Frozen","Storm","2018-7",3,2018-02-19 19:18:00,2018-02-22 11:30:00,85820,3.128,66.04,28.4,2.32537,36.576,22.86,20.32,14.224,12.7,1786,10,1876,10.51,0,0,0,0,11.2,60.3,6.41,,,,0.54,2.89,0.308,0.6,3.21,0.342,,,,,845,9.4,409464,63.8833597092785,"Surface","Grain","Corn-Soybean","Cultivated Crops","Cultivated Crops","No",,"Winnebago silt loam","High-infiltration","Well drained",3,0.225,2018,"Pre-growing season",1,1,0,1,0,0,1,0,0,0,0,0,"Previous crop",1,"Current post-growing season + pre-growing season",0,"No"
"USGS-423954089071501","RE1",0,0,0,"Frozen","Storm","2018-8",1,2018-02-22 20:00:00,2018-02-24 15:45:00,5923,0.1658,1.524,8.233,0.1850898,3.048,3.048,2.032,1.016,0.762,26.03,0.01041,22.67,0.009069,0,0,66.04,66.04,12,4.44,0.472,,,,2.38,0.88,0.0936,2.56,0.947,0.101,,,,,846,9.4,409464,4.40900885059492,"Surface","Grain","Corn-Soybean","Cultivated Crops","Cultivated Crops","No",,"Winnebago silt loam","High-infiltration","Well drained",3,0.225,2018,"Pre-growing season",1,1,0,1,0,0,1,0,0,0,0,0,"Previous crop",1,"Current post-growing season + pre-growing season",0,"No"
"USGS-423954089071501","RE1",0,0,0,"Frozen","Storm","2018-9",1,2018-02-24 18:15:00,2018-02-26 03:30:00,15320,1.586,12.192,5.833,2.090166,18.288,15.24,13.208,8.636,5.842,287.4,0.9773,314.1,1.068,0,1.524,67.564,67.564,24,23,2.44,,,,3.1,2.96,0.315,3.37,3.22,0.343,,,,,847,9.4,409464,11.4040208663033,"Surface","Grain","Corn-Soybean","Cultivated Crops","Cultivated Crops","No",,"Winnebago silt loam","High-infiltration","Well drained",3,0.225,2018,"Pre-growing season",1,1,0,1,0,0,1,0,0,0,0,0,"Previous crop",1,"Current post-growing season + pre-growing season",0,"No"
"USGS-423954089071501","RE1",0,0,0,"Non-Frozen","Storm","2018-12",1,2018-06-19 12:42:00,2018-06-19 13:05:00,50,0.09156,28.956,1.233,23.47722,100.584,74.676,69.088,42.164,23.114,1175,19.5,1133,18.8,18.796,18.796,26.67,86.36,795,2.48,0.264,,,,0.391,0.00122,0.00013,1.55,0.00484,0.000515,,,,,848,9.4,409464,0.037219389250337,"Surface","Grain","Corn-Soybean","Cultivated Crops","Cultivated Crops","No",,"Winnebago silt loam","High-infiltration","Well drained",3,0.225,2018,"Growing season",1,1,0,1,0,0,1,0,0,0,0,0,"Current crop",1,"Current pre-growing season + growing season",,
"USGS-423954089071501","RE1",0,0,0,"Non-Frozen","Storm","2018-15",2,2018-09-03 15:29:00,2018-09-03 18:30:00,241.3,0.2126,39.624,4.15,9.54786,76.2,62.484,54.864,41.148,23.622,1470,23.82,1440,23.33,23.876,39.624,85.852,134.112,579,8.72,0.928,,,,0.623,0.00938,0.000998,1.51,0.0228,0.00242,,,,,849,9.4,409464,0.179620772522126,"Surface","Grain","Corn-Soybean","Cultivated Crops","Cultivated Crops","No",,"Winnebago silt loam","High-infiltration","Well drained",3,0.225,2018,"Growing season",1,1,0,1,0,0,1,0,0,0,0,0,"Current crop",1,"Current pre-growing season + growing season",,
"USGS-423954089071501","RE1",0,0,0,"Non-Frozen","Storm","2018-16",1,2018-09-20 08:15:00,2018-09-20 11:28:00,1237,0.999,72.39,7.4,9.78154,64.008,59.436,50.8,33.528,21.59,2673,35.28,2577,34.02,2.286,13.716,13.716,14.478,1110,85.9,9.14,,,,0.712,0.055,0.00585,2.46,0.19,0.0202,,,,,850,9.4,409464,0.920807690053338,"Surface","Grain","Corn-Soybean","Cultivated Crops","Cultivated Crops","No",,"Winnebago silt loam","High-infiltration","Well drained",3,0.225,2018,"Growing season",1,1,0,1,0,0,1,0,0,0,0,0,"Current crop",1,"Current pre-growing season + growing season",,
"USGS-423954089071501","RE1",1,0,0,"Non-Frozen","Storm","2019-1",2,2018-10-02 00:27:00,2018-10-02 03:00:00,240.6,0.2018,24.384,2.883,8.45566,73.152,50.292,37.592,21.844,12.954,827.7,7.118,824.6,7.092,29.718,39.116,46.99,134.62,1260,18.9,2.02,,,,0.902,0.0135,0.00144,3.15,0.0474,0.00504,,,,,851,9.4,409464,0.179099701072622,"Surface","Grain","Corn-Soybean","Cultivated Crops","Cultivated Crops","No",,"Winnebago silt loam","High-infiltration","Well drained",3,0.225,2019,"Post-growing season",1,1,0,1,0,0,1,0,0,1,1,0,"Previous crop",0,"Previous growing season + current post-growing season",1,"Yes"
"USGS-423954089071501","RE1",1,0,0,"Frozen","Storm","2019-3",1,2018-12-27 15:33:00,2018-12-27 18:15:00,106.5,0.02409,16.51,10.22,1.615948,6.096,6.096,5.08,4.572,4.064,298.8,0.5378,365.2,0.6574,0.254,0.254,7.112,7.366,59,0.392,0.0417,,,,13.6,0.0904,0.00962,13.5,0.0897,0.00955,,,,,852,9.4,409464,0.0792772991032178,"Surface","Grain","Corn-Soybean","Cultivated Crops","Cultivated Crops","No",,"Winnebago silt loam","High-infiltration","Well drained",3,0.225,2019,"Post-growing season",1,1,0,1,0,0,1,0,0,1,1,0,"Previous crop",0,"Previous growing season + current post-growing season",1,"Yes"
"USGS-423954089071501","RE1",0,0,0,"Frozen","Storm","2019-4",1,2019-02-03 17:30:00,2019-02-05 04:15:00,8247,0.3647,3.048,2.383,1.27889,12.192,6.096,5.08,2.54,2.286,65.01,0.06501,70.82,0.07082,0,0,0,0,10,5.15,0.548,,,,3.3,1.7,0.181,3.39,1.75,0.186,,,,,853,9.4,409464,6.13896606295059,"Surface","Grain","Corn-Soybean","Cultivated Crops","Cultivated Crops","No",,"Winnebago silt loam","High-infiltration","Well drained",3,0.225,2019,"Pre-growing season",1,1,0,1,0,0,1,0,0,1,1,0,"Previous crop",1,"Current post-growing season + pre-growing season",1,"Yes"
"USGS-423954089071501","RE1",0,0,0,"Frozen","Storm","2019-6",1,2019-02-23 15:24:00,2019-02-25 02:45:00,62840,1.156,31.496,22.42,1.405128,21.336,16.764,15.24,11.684,9.906,723.3,3.327,808.4,3.718,0,0,2.794,13.97,4,7.85,0.835,,,,0.466,1.83,0.194,0.529,2.08,0.221,"<",,,,854,9.4,409464,46.7773284098236,"Surface","Grain","Corn-Soybean","Cultivated Crops","Cultivated Crops","No",,"Winnebago silt loam","High-infiltration","Well drained",3,0.225,2019,"Pre-growing season",1,1,0,1,0,0,1,0,0,1,1,0,"Previous crop",1,"Current post-growing season + pre-growing season",1,"Yes"
"USGS-423954089071501","RE1",1,0,0,"Non-Frozen","Storm","2020-3",1,2020-05-23 22:53:00,2020-05-23 23:15:00,50.6,0.0854,32.258,2.283,14.12748,64.008,64.008,52.832,38.1,24.13,1225,18.37,1176,17.64,0,0,38.354,81.28,1040,3.3,0.351,,,,0.891,0.00281,0.000299,1.92,0.00606,0.000645,,,,,855,9.4,409464,0.0376660219213411,"Surface","Grain","Corn-Soybean","Cultivated Crops","Cultivated Crops","No",,"Winnebago silt loam","High-infiltration","Well drained",3,0.225,2020,"Pre-growing season",1,0,0,0,0,0,1,0,0,1,1,0,"Previous crop",0,"Current post-growing season + pre-growing season",1,"Yes"
"USGS-424008089050201","RE5",0,0,0,"Non-Frozen","Storm","2015-5",1,2015-06-15 10:52:00,2015-06-15 12:15:00,459,0.276,28.194,2.667,10.57402,97.536,85.344,75.184,47.244,24.892,1085,20.19,1065,19.8,7.366,26.162,92.964,97.282,238,6.82,0.703,80,2.29,0.236,0.65,0.0186,0.00192,1.24,0.0355,0.00366,,,,,856,9.7,422532,0.331106756411349,"Surface","Grain","Corn-Soybean","Cultivated Crops","Cultivated Crops","No",,"Kidder silt loam","High-infiltration","Well drained",3,0.25,2015,"Growing season",,,,,,,1,0,0,1,1,0,"Current crop",,"Current pre-growing season + growing season",,
"USGS-424008089050201","RE5",0,0,0,"Non-Frozen","Storm","2015-6",1,2015-09-18 03:48:00,2015-09-18 04:37:00,187,0.1898,30.48,1.883,16.18488,112.776,85.344,65.024,42.164,24.638,1143,18.97,1120,18.59,36.322,36.322,36.576,79.248,201,2.35,0.242,92,1.07,0.111,0.444,0.00518,0.000534,0.91,0.0106,0.0011,,,,,857,9.7,422532,0.134895345204624,"Surface","Grain","Corn-Soybean","Cultivated Crops","Cultivated Crops","No",,"Kidder silt loam","High-infiltration","Well drained",3,0.25,2015,"Growing season",,,,,,,1,0,0,1,1,0,"Current crop",,"Current pre-growing season + growing season",,
"USGS-424008089050201","RE5",0,0,0,"Frozen","Storm","2016-6",2,2016-02-19 03:30:00,2016-02-21 18:30:00,15930,0.7973,0,,,,,,,,,,,,0,0,0,0,9.8,9.74,1,40.6,40.3,4.16,0.827,0.822,0.0847,1,0.999,0.103,,,,,858,9.7,422532,11.4913521342762,"Surface","Grain","Corn-Soybean","Cultivated Crops","Cultivated Crops","No",,"Kidder silt loam","High-infiltration","Well drained",3,0.25,2016,"Pre-growing season",1,1,0,1,0,,1,0,0,0,0,0,"Previous crop",1,"Current post-growing season + pre-growing season",0,"No"
"USGS-424008089050201","RE5",1,0,0,"Non-Frozen","Storm","2016-7",1,2016-07-23 20:18:00,2016-07-23 20:45:00,55.6,0.0987,37.592,0.6833,55.0164,131.064,123.444,113.792,72.644,37.592,1587,45.39,1543,44.12,0,44.45,57.404,58.42,61,0.212,0.0218,56,0.195,0.0201,0.521,0.00181,0.000187,0.71,0.00247,0.000254,,,,,859,9.7,422532,0.0401079208201982,"Surface","Grain","Corn-Soybean","Cultivated Crops","Cultivated Crops","No",,"Kidder silt loam","High-infiltration","Well drained",3,0.25,2016,"Growing season",1,1,0,1,0,,1,0,0,0,0,0,"Current crop",1,"Current pre-growing season + growing season",,
"USGS-424008089050201","RE5",1,0,0,"Non-Frozen","Storm","2016-9",1,2016-07-28 18:04:00,2016-07-28 18:31:00,40.2,0.05643,36.83,1.317,27.9654,103.632,91.44,89.408,62.484,34.036,1505,37.03,1464,36.02,0.254,0.254,103.886,116.84,88,0.221,0.0228,62,0.156,0.016,0.54,0.00135,0.00014,0.759,0.0019,0.000196,,,,,860,9.7,422532,0.0289988923915822,"Surface","Grain","Corn-Soybean","Cultivated Crops","Cultivated Crops","No",,"Kidder silt loam","High-infiltration","Well drained",3,0.25,2016,"Growing season",1,1,0,1,0,,1,0,0,0,0,0,"Current crop",1,"Current pre-growing season + growing season",,
"USGS-424008089050201","RE5",0,0,0,"Non-Frozen","Storm","2016-10",1,2016-08-19 13:09:00,2016-08-19 13:45:00,66.1,0.05118,21.336,0.6167,34.5948,85.344,71.628,56.896,41.656,21.336,883.6,14.49,842.6,13.82,31.75,31.75,46.736,55.372,185,0.763,0.0787,72,0.297,0.0306,0.621,0.00256,0.000264,1.18,0.00487,0.000502,,,,,861,9.7,422532,0.0476822583851637,"Surface","Grain","Corn-Soybean","Cultivated Crops","Cultivated Crops","No",,"Kidder silt loam","High-infiltration","Well drained",3,0.25,2016,"Growing season",1,1,0,1,0,,1,0,0,0,0,0,"Current crop",1,"Current pre-growing season + growing season",,
"USGS-424008089050201","RE5",0,0,0,"Non-Frozen","Storm","2016-11",1,2016-08-20 11:31:00,2016-08-20 12:45:00,657.1,0.3836,25.146,2.567,9.79678,97.536,91.44,87.376,48.768,24.892,1044,20.04,1020,19.58,21.59,53.34,60.198,76.962,249,10.2,1.05,74,3.04,0.313,0.448,0.0184,0.00189,1.01,0.0414,0.00427,,,,,862,9.7,422532,0.474009258470364,"Surface","Grain","Corn-Soybean","Cultivated Crops","Cultivated Crops","No",,"Kidder silt loam","High-infiltration","Well drained",3,0.25,2016,"Growing season",1,1,0,1,0,,1,0,0,0,0,0,"Current crop",1,"Current pre-growing season + growing season",,
"USGS-424008089050201","RE5",0,0,0,"Frozen","Storm","2017-2",3,2017-01-16 19:30:00,2017-01-22 06:30:00,42050,1.163,10.16,107.8,0.0942848,9.144,6.096,5.08,4.064,3.048,176.2,0.2819,172.2,0.2755,0.254,0.254,12.7,12.954,44,116,11.9,164,430,44.3,3.67,9.63,0.993,3.97,10.4,1.08,,,,,863,9.7,422532,30.3334185339809,"Surface","Grain","Corn-Soybean","Cultivated Crops","Cultivated Crops","No",,"Kidder silt loam","High-infiltration","Well drained",3,0.25,2017,"Pre-growing season",1,0,0,0,0,0,1,0,0,1,1,0,"Previous crop",0,"Current post-growing season + pre-growing season",1,"Yes"
"USGS-424008089050201","RE5",0,0,0,"Non-Frozen","Storm","2017-5",1,2017-05-21 07:23:00,2017-05-21 08:30:00,307,0.218,14.224,0.5833,24.384,70.104,56.388,46.736,27.432,14.224,574.9,6.209,550.2,5.942,14.986,20.32,51.562,67.31,949,18.2,1.88,202,3.87,0.399,0.936,0.0179,0.00185,2.65,0.0508,0.00524,,,,,864,9.7,422532,0.221459203089943,"Surface","Grain","Corn-Soybean","Cultivated Crops","Cultivated Crops","No",,"Kidder silt loam","High-infiltration","Well drained",3,0.25,2017,"Pre-growing season",1,0,0,0,0,0,1,0,0,1,1,0,"Previous crop",0,"Current post-growing season + pre-growing season",1,"Yes"
"USGS-424008089050201","RE5",0,0,0,"Non-Frozen","Storm","2017-8",1,2017-06-29 05:01:00,2017-06-29 15:30:00,24800,8.45,74.93,6.1,12.28344,115.824,86.868,75.184,56.896,48.514,2953,66.15,2863,64.13,6.604,6.604,40.64,83.566,431,667,68.8,64,99.1,10.2,0.636,0.984,0.101,1.21,1.87,0.193,,,,,865,9.7,422532,17.8898639629661,"Surface","Grain","Corn-Soybean","Cultivated Crops","Cultivated Crops","No",,"Kidder silt loam","High-infiltration","Well drained",3,0.25,2017,"Growing season",1,0,0,0,0,0,1,0,0,1,1,0,"Current crop",0,"Current pre-growing season + growing season",,
"USGS-424008089050201","RE5",0,0,0,"Non-Frozen","Storm","2017-9",1,2017-07-10 08:02:00,2017-07-10 11:15:00,581.3,0.3124,50.292,4.517,11.13536,64.008,60.96,51.816,38.1,32.004,1812,27.17,1774,26.62,0,0,10.414,92.456,66,2.4,0.247,60,2.18,0.224,0.959,0.0348,0.00359,1.14,0.0414,0.00427,,,,,866,9.7,422532,0.419329754906137,"Surface","Grain","Corn-Soybean","Cultivated Crops","Cultivated Crops","No",,"Kidder silt loam","High-infiltration","Well drained",3,0.25,2017,"Growing season",1,0,0,0,0,0,1,0,0,1,1,0,"Current crop",0,"Current pre-growing season + growing season",,
"USGS-424008089050201","RE5",0,0,0,"Non-Frozen","Storm","2017-10",2,2017-07-12 10:47:00,2017-07-12 22:00:00,21540,5.564,60.198,11.05,5.4483,164.592,132.588,93.472,57.912,37.846,2245,51.19,2207,50.32,2.286,50.038,52.578,145.034,214,287,29.6,64.1,86.2,8.88,0.612,0.823,0.0848,0.967,1.3,0.134,,,,,867,9.7,422532,15.5382124904149,"Surface","Grain","Corn-Soybean","Cultivated Crops","Cultivated Crops","No",,"Kidder silt loam","High-infiltration","Well drained",3,0.25,2017,"Growing season",1,0,0,0,0,0,1,0,0,1,1,0,"Current crop",0,"Current pre-growing season + growing season",,
"USGS-424008089050201","RE5",0,0,0,"Non-Frozen","Storm","2017-11",1,2017-07-16 06:36:00,2017-07-16 10:00:00,1838,1.062,26.162,0.7167,36.4998,85.344,74.676,67.056,50.8,26.162,1090,21.81,1045,20.9,0,0,112.776,123.19,171,19.6,2.02,76,8.72,0.899,0.9,0.103,0.0106,1.39,0.16,0.0164,,,,,868,9.7,422532,1.32586975661015,"Surface","Grain","Corn-Soybean","Cultivated Crops","Cultivated Crops","No",,"Kidder silt loam","High-infiltration","Well drained",3,0.25,2017,"Growing season",1,0,0,0,0,0,1,0,0,1,1,0,"Current crop",0,"Current pre-growing season + growing season",,
"USGS-424008089050201","RE5",0,0,0,"Non-Frozen","Storm","2017-13",2,2017-07-20 07:20:00,2017-07-20 18:00:00,28830,5.978,72.39,13.33,5.43052,201.168,128.016,93.472,52.832,30.48,3321,69.07,3287,68.36,0,0,26.162,138.938,179,322,33.2,65.8,118,12.2,0.442,0.795,0.082,0.763,1.37,0.142,,,,,869,9.7,422532,20.7969668569481,"Surface","Grain","Corn-Soybean","Cultivated Crops","Cultivated Crops","No",,"Kidder silt loam","High-infiltration","Well drained",3,0.25,2017,"Growing season",1,0,0,0,0,0,1,0,0,1,1,0,"Current crop",0,"Current pre-growing season + growing season",,
"USGS-424008089050201","RE5",0,0,0,"Non-Frozen","Storm","2017-16",1,2017-07-27 01:05:00,2017-07-27 08:15:00,3132,0.717,27.178,2.733,9.9441,73.152,48.768,36.576,28.956,22.606,1010,11.51,969.2,11.05,0,0,127,153.162,95,18.6,1.92,118,23.1,2.38,0.52,0.102,0.0105,0.814,0.159,0.0164,,,,,870,9.7,422532,2.25931669080685,"Surface","Grain","Corn-Soybean","Cultivated Crops","Cultivated Crops","No",,"Kidder silt loam","High-infiltration","Well drained",3,0.25,2017,"Growing season",1,0,0,0,0,0,1,0,0,1,1,0,"Current crop",0,"Current pre-growing season + growing season",,
"USGS-424008089050201","RE5",0,0,0,"Frozen","Storm","2018-1",2,2018-01-22 02:22:00,2018-01-23 18:45:00,27160,1.812,36.322,28.4,1.27889,12.192,10.668,9.144,9.144,7.112,829,2.984,916,3.298,0,0,0,6.35,39.5,66.9,6.9,,,,8.73,14.8,1.53,8.94,15.2,1.56,,,,,871,9.7,422532,19.5922865013774,"Surface","Grain","Corn-Soybean","Cultivated Crops","Cultivated Crops","No",,"Kidder silt loam","High-infiltration","Well drained",3,0.25,2018,"Pre-growing season",1,1,0,1,0,0,1,0,0,0,0,0,"Previous crop",1,"Current post-growing season + pre-growing season",0,"No"
"USGS-424008089050201","RE5",0,0,0,"Frozen","Storm","2018-2",1,2018-01-26 17:15:00,2018-01-28 02:53:00,5920,0.2267,0,,,,,,,,,,,,0,0,36.322,36.322,11,4.07,0.419,,,,7.86,2.9,0.299,7.91,2.92,0.301,,,,,872,9.7,422532,4.27048365567578,"Surface","Grain","Corn-Soybean","Cultivated Crops","Cultivated Crops","No",,"Kidder silt loam","High-infiltration","Well drained",3,0.25,2018,"Pre-growing season",1,1,0,1,0,0,1,0,0,0,0,0,"Previous crop",1,"Current post-growing season + pre-growing season",0,"No"
"USGS-424008089050201","RE5",0,0,0,"Frozen","Storm","2018-3",1,2018-02-15 02:45:00,2018-02-17 09:00:00,9289,0.1257,0,,,,,,,,,,,,0,0.254,0.254,0.254,29,16.8,1.73,,,,4.57,2.65,0.273,4.54,2.63,0.271,,,,,873,9.7,422532,6.70076396580614,"Surface","Grain","Corn-Soybean","Cultivated Crops","Cultivated Crops","No",,"Kidder silt loam","High-infiltration","Well drained",3,0.25,2018,"Pre-growing season",1,1,0,1,0,0,1,0,0,0,0,0,"Previous crop",1,"Current post-growing season + pre-growing season",0,"No"
"USGS-424008089050201","RE5",0,0,0,"Frozen","Storm","2018-4",3,2018-02-19 17:15:00,2018-02-21 17:45:00,105800,3.947,71.628,28.72,2.49428,33.528,21.336,17.272,15.24,12.446,2003,12.02,2066,12.39,0,0,0.254,0.254,36.4,240,24.8,,,,1.43,9.43,0.972,1.57,10.3,1.07,,,,,874,9.7,422532,76.3204680355571,"Surface","Grain","Corn-Soybean","Cultivated Crops","Cultivated Crops","No",,"Kidder silt loam","High-infiltration","Well drained",3,0.25,2018,"Pre-growing season",1,1,0,1,0,0,1,0,0,0,0,0,"Previous crop",1,"Current post-growing season + pre-growing season",0,"No"
"USGS-424008089050201","RE5",1,0,0,"Non-Frozen","Storm","2018-8",1,2018-06-19 12:59:00,2018-06-19 13:24:00,24.2,0.03617,29.464,1.467,20.08886,82.296,54.864,57.912,43.688,23.368,1187,20.42,1137,19.55,23.876,23.876,36.83,90.678,127,0.192,0.0198,,,,0.49,0.00074,7.63e-05,0.722,0.00109,0.000112,,,,,875,9.7,422532,0.0174570446735395,"Surface","Grain","Corn-Soybean","Cultivated Crops","Cultivated Crops","No",,"Kidder silt loam","High-infiltration","Well drained",3,0.25,2018,"Growing season",1,1,0,1,0,0,1,0,0,0,0,0,"Current crop",1,"Current pre-growing season + growing season",,
"USGS-424008089050201","RE5",1,0,0,"Non-Frozen","Storm","2018-10",2,2018-09-03 15:57:00,2018-09-03 19:00:00,149.6,0.08339,36.83,4.1,8.98398,45.72,32.004,28.448,21.844,16.002,1300,11.18,1256,10.81,20.32,37.592,87.122,139.954,186,1.74,0.179,,,,0.508,0.00474,0.000489,0.932,0.0087,0.000897,,,,,876,9.7,422532,0.107916276163699,"Surface","Grain","Corn-Soybean","Cultivated Crops","Cultivated Crops","No",,"Kidder silt loam","High-infiltration","Well drained",3,0.25,2018,"Growing season",1,1,0,1,0,0,1,0,0,0,0,0,"Current crop",1,"Current pre-growing season + growing season",,
"USGS-424008089050201","RE5",0,0,0,"Non-Frozen","Storm","2018-11",1,2018-09-20 08:42:00,2018-09-20 15:00:00,7252,2.185,84.836,7.7,11.01852,76.2,60.96,52.832,33.528,24.384,3215,42.43,3105,40.99,2.794,15.24,15.24,16.002,719,326,33.6,,,,0.755,0.342,0.0352,1.97,0.892,0.0919,,,,,877,9.7,422532,5.23134247820284,"Surface","Grain","Corn-Soybean","Cultivated Crops","Cultivated Crops","No",,"Kidder silt loam","High-infiltration","Well drained",3,0.25,2018,"Growing season",1,1,0,1,0,0,1,0,0,0,0,0,"Current crop",1,"Current pre-growing season + growing season",,
"USGS-424008089050201","RE5",0,0,0,"Non-Frozen","Storm","2019-1",2,2018-10-02 00:27:00,2018-10-02 10:45:00,1932,0.1779,24.384,6.067,4.01828,73.152,44.196,33.528,20.32,11.938,800.3,6.402,803.2,6.426,36.576,47.752,55.372,157.226,92.3,11.1,1.15,,,,1.07,0.129,0.0133,1.38,0.167,0.0172,,,,,878,9.7,422532,1.39367811195365,"Surface","Grain","Corn-Soybean","Cultivated Crops","Cultivated Crops","No",,"Kidder silt loam","High-infiltration","Well drained",3,0.25,2019,"Post-growing season",1,1,0,1,0,0,1,0,0,1,1,0,"Previous crop",0,"Previous growing season + current post-growing season",1,"Yes"
"USGS-424008089050201","RE5",0,0,0,"Non-Frozen","Storm","2019-3",1,2018-10-06 06:06:00,2018-10-06 15:00:00,1189,0.151,23.876,8.417,2.83718,36.576,27.432,21.336,15.24,10.414,619.3,3.716,671.1,4.026,5.588,10.922,84.836,90.932,70,5.2,0.536,,,,1.11,0.0824,0.00849,1.45,0.108,0.0111,,,,,879,9.7,422532,0.857703558547045,"Surface","Grain","Corn-Soybean","Cultivated Crops","Cultivated Crops","No",,"Kidder silt loam","High-infiltration","Well drained",3,0.25,2019,"Post-growing season",1,1,0,1,0,0,1,0,0,1,1,0,"Previous crop",0,"Previous growing season + current post-growing season",1,"Yes"
"USGS-424008089050201","RE5",0,0,0,"Non-Frozen","Storm","2019-5",1,2018-10-09 22:13:00,2018-10-10 10:15:00,533.8,0.08925,10.16,4.017,2.529586,57.912,41.148,28.448,14.224,7.112,367,2.055,350.1,1.961,0,3.302,43.18,122.936,76,2.53,0.261,,,,1.19,0.0397,0.00409,1.53,0.051,0.00526,,,,,880,9.7,422532,0.385064894493198,"Surface","Grain","Corn-Soybean","Cultivated Crops","Cultivated Crops","No",,"Kidder silt loam","High-infiltration","Well drained",3,0.25,2019,"Post-growing season",1,1,0,1,0,0,1,0,0,1,1,0,"Previous crop",0,"Previous growing season + current post-growing season",1,"Yes"
"USGS-424008089050201","RE5",1,0,0,"Frozen","Storm","2019-7",1,2018-12-27 16:45:00,2018-12-27 20:15:00,293.6,0.0678,17.272,10.35,1.66878,6.096,6.096,6.096,5.588,4.572,320.7,0.7054,388.6,0.8549,0.254,0.254,7.366,7.366,75,1.37,0.142,,,,5.53,0.101,0.0104,5.54,0.102,0.0105,,,,,881,9.7,422532,0.211792905626083,"Surface","Grain","Corn-Soybean","Cultivated Crops","Cultivated Crops","No",,"Kidder silt loam","High-infiltration","Well drained",3,0.25,2019,"Post-growing season",1,1,0,1,0,0,1,0,0,1,1,0,"Previous crop",0,"Previous growing season + current post-growing season",1,"Yes"
"USGS-424008089050201","RE5",0,0,0,"Frozen","Storm","2019-8",1,2019-02-03 13:45:00,2019-02-05 04:29:00,11240,0.3188,3.556,2.583,1.376426,18.288,10.668,8.128,4.572,2.794,92.15,0.1659,92.87,0.1672,0,0,0,0,10,7.02,0.723,,,,2.3,1.61,0.166,2.94,2.06,0.213,,,,,882,9.7,422532,8.10814802192497,"Surface","Grain","Corn-Soybean","Cultivated Crops","Cultivated Crops","No",,"Kidder silt loam","High-infiltration","Well drained",3,0.25,2019,"Pre-growing season",1,1,0,1,0,0,1,0,0,1,1,0,"Previous crop",1,"Current post-growing season + pre-growing season",1,"Yes"
"USGS-424008089050201","RE5",0,0,0,"Frozen","Storm","2019-11",1,2019-02-23 13:15:00,2019-02-25 02:42:00,46320,0.984,32.004,22.05,1.451356,24.384,22.86,20.32,16.764,11.176,782.3,5.163,850,5.61,0,0,2.286,5.588,4,5.78,0.596,,,,0.355,1.03,0.106,0.403,1.17,0.12,"<",,,,883,9.7,422532,33.4136491437335,"Surface","Grain","Corn-Soybean","Cultivated Crops","Cultivated Crops","No",,"Kidder silt loam","High-infiltration","Well drained",3,0.25,2019,"Pre-growing season",1,1,0,1,0,0,1,0,0,1,1,0,"Previous crop",1,"Current post-growing season + pre-growing season",1,"Yes"
"USGS-424008089050201","RE5",0,0,0,"Non-Frozen","Storm","2019-15",1,2019-09-13 03:00:00,2019-09-13 07:55:00,1373,0.477,62.23,5.067,12.28344,140.208,108.204,85.344,49.784,35.052,2399,47.01,2334,45.75,10.414,33.782,101.346,108.204,114,9.77,1.01,,,,0.567,0.0486,0.00501,0.827,0.0709,0.00731,,,,,884,9.7,422532,0.990434807304536,"Surface","Grain","Corn-Soybean","Cultivated Crops","Cultivated Crops","No",,"Kidder silt loam","High-infiltration","Well drained",3,0.25,2019,"Growing season",1,1,0,1,0,0,1,0,0,1,1,0,"Current crop",1,"Current pre-growing season + growing season",,
"USGS-424008089050201","RE5",0,0,0,"Non-Frozen","Storm","2020-1",3,2019-10-02 03:29:00,2019-10-03 13:30:00,1095,0.1636,53.848,32.25,1.669796,67.056,41.148,31.496,20.32,14.732,1377,11.01,1474,11.79,8.382,8.382,67.564,99.568,75.3,5.15,0.531,,,,1.07,0.0728,0.00751,1.38,0.0945,0.00974,,,,,885,9.7,422532,0.789895203203544,"Surface","Grain","Corn-Soybean","Cultivated Crops","Cultivated Crops","No",,"Kidder silt loam","High-infiltration","Well drained",3,0.25,2020,"Post-growing season",1,0,0,0,0,0,1,0,0,1,1,0,"Previous crop",0,"Previous growing season + current post-growing season",1,"Yes"
"USGS-424008089050201","RE5",1,0,0,"Non-Frozen","Storm","2020-2",1,2019-10-05 20:01:00,2019-10-06 06:45:00,265.2,0.04617,14.732,3.6,4.09194,12.192,12.192,10.16,9.144,8.382,393.1,1.415,424,1.526,0,0,104.14,143.256,140,2.32,0.239,,,,1.13,0.0187,0.00193,1.58,0.0262,0.0027,,,,,886,9.7,422532,0.191306125926557,"Surface","Grain","Corn-Soybean","Cultivated Crops","Cultivated Crops","No",,"Kidder silt loam","High-infiltration","Well drained",3,0.25,2020,"Post-growing season",1,0,0,0,0,0,1,0,0,1,1,0,"Previous crop",0,"Previous growing season + current post-growing season",1,"Yes"
"USGS-424008089050201","RE5",0,0,0,"Non-Frozen","Storm","2020-5",1,2020-04-29 11:54:00,2020-04-29 19:30:00,125.2,0.02222,39.116,6.733,5.80898,64.008,54.864,49.784,30.988,16.256,1243,15.17,1264,15.42,19.558,24.638,32.512,33.782,44,0.344,0.0355,,,,0.748,0.00585,0.000603,0.958,0.00749,0.000772,,,,,887,9.7,422532,0.0903149583936838,"Surface","Grain","Corn-Soybean","Cultivated Crops","Cultivated Crops","No",,"Kidder silt loam","High-infiltration","Well drained",3,0.25,2020,"Pre-growing season",1,0,0,0,0,0,1,0,0,1,1,0,"Previous crop",0,"Current post-growing season + pre-growing season",1,"Yes"
"USGS-424008089050201","RE5",0,0,0,"Non-Frozen","Storm","2020-7",1,2020-05-23 21:23:00,2020-05-24 18:15:00,4907,1.039,50.292,2.517,19.98472,121.92,83.82,66.04,46.736,29.464,2007,36.93,1917,35.27,0,0,42.164,90.17,231,70.8,7.3,,,,0.726,0.222,0.0229,1.08,0.331,0.0341,,,,,888,9.7,422532,3.53974042202721,"Surface","Grain","Corn-Soybean","Cultivated Crops","Cultivated Crops","No",,"Kidder silt loam","High-infiltration","Well drained",3,0.25,2020,"Pre-growing season",1,0,0,0,0,0,1,0,0,1,1,0,"Previous crop",0,"Current post-growing season + pre-growing season",1,"Yes"
"USGS-433939090050501","RS1",0,0,0,"Frozen","Storm","2019-3",1,2019-02-24 01:15:00,2019-02-24 08:11:00,818.1,0.0618,9.652,0.75,12.87018,88.392,45.72,31.496,17.272,9.652,359.9,2.448,362.5,2.465,0.254,0.254,0.254,0.254,23,1.17,0.559,,,,0.338,0.0173,0.00822,0.941,0.0481,0.0229,,,,,889,2.1,91476,2.72592680047225,"Surface","Beef","Corn-Alfalfa","Cultivated Crops","Cultivated Crops","No",,"Norden silt loam","Moderate-infiltration","Well drained",11,0.205,2019,"Pre-growing season",1,1,0,1,0,,1,0,0,1,1,0,"Previous crop",1,"Current post-growing season + pre-growing season",1,"Yes"
"USGS-433939090050501","RS1",0,0,0,"Frozen","Storm","2019-5",2,2019-03-12 20:39:00,2019-03-16 05:30:00,24040,0.3828,9.652,47.5,0.2032,9.144,7.62,6.096,4.572,2.794,193.1,0.3475,211.5,0.3808,0,0,4.064,4.064,62.7,94.1,44.8,,,,0.99,1.49,0.707,1.46,2.19,1.04,,,,,890,2.1,91476,80.1017971927063,"Surface","Beef","Corn-Alfalfa","Cultivated Crops","Cultivated Crops","No",,"Norden silt loam","Moderate-infiltration","Well drained",11,0.205,2019,"Pre-growing season",1,1,0,1,0,,1,0,0,1,1,0,"Previous crop",1,"Current post-growing season + pre-growing season",1,"Yes"
"USGS-433939090050501","RS1",0,0,0,"Non-Frozen","Storm","2019-6",1,2019-07-06 11:07:00,2019-07-06 13:43:00,595.6,0.2119,90.932,4.033,22.54504,118.872,105.156,95.504,71.628,45.466,3626,102.2,3480,98.15,0,0.508,29.21,79.248,40,1.49,0.708,,,,1.01,0.0376,0.0179,1.28,0.0476,0.0227,,,,,891,2.1,91476,1.98455201364292,"Surface","Beef","Corn-Alfalfa","Cultivated Crops","Cultivated Crops","No",,"Norden silt loam","Moderate-infiltration","Well drained",11,0.205,2019,"Growing season",1,1,0,1,0,,1,0,0,1,1,0,"Current crop",1,"Current pre-growing season + growing season",,
"USGS-433939090050501","RS1",0,0,0,"Non-Frozen","Storm","2019-7",1,2019-08-04 23:30:00,2019-08-05 00:17:00,332.7,0.451,13.462,0.35,38.4556,76.2,56.388,48.768,26.924,13.462,553.9,5.871,529,5.608,6.35,6.35,16.256,20.828,88,1.83,0.87,,,,3.19,0.0663,0.0315,3.85,0.08,0.0381,,,,,892,2.1,91476,1.10856355765447,"Surface","Beef","Corn-Alfalfa","Cultivated Crops","Cultivated Crops","No",,"Norden silt loam","Moderate-infiltration","Well drained",11,0.205,2019,"Growing season",1,1,0,1,0,,1,0,0,1,1,0,"Current crop",1,"Current pre-growing season + growing season",,
"USGS-433939090050501","RS1",0,0,0,"Non-Frozen","Storm","2019-8",1,2019-08-06 01:12:00,2019-08-06 01:58:00,3426,4.891,36.576,1.483,24.65832,143.256,123.444,122.936,72.136,36.068,1513,42.96,1488,42.25,0,19.812,19.812,34.29,137,29.3,14,,,,1.28,0.274,0.13,1.63,0.349,0.166,,,,,893,2.1,91476,11.4155057064148,"Surface","Beef","Corn-Alfalfa","Cultivated Crops","Cultivated Crops","No",,"Norden silt loam","Moderate-infiltration","Well drained",11,0.205,2019,"Growing season",1,1,0,1,0,,1,0,0,1,1,0,"Current crop",1,"Current pre-growing season + growing season",,
"USGS-433939090050501","RS1",0,0,0,"Non-Frozen","Storm","2019-9",1,2019-08-11 06:22:00,2019-08-11 09:00:00,259.2,0.1545,34.544,3,11.51382,36.576,27.432,26.416,24.892,19.304,1242,12.17,1187,11.63,5.588,5.588,55.88,71.882,23,0.372,0.177,,,,1.18,0.0191,0.00909,1.34,0.0217,0.0103,,,,,894,2.1,91476,0.863659976387249,"Surface","Beef","Corn-Alfalfa","Cultivated Crops","Cultivated Crops","No",,"Norden silt loam","Moderate-infiltration","Well drained",11,0.205,2019,"Growing season",1,1,0,1,0,,1,0,0,1,1,0,"Current crop",1,"Current pre-growing season + growing season",,
"USGS-433939090050501","RS1",0,0,0,"Frozen","Storm","2020-3",1,2019-12-29 04:12:00,2019-12-29 09:53:00,2714,0.3684,19.304,6.067,3.18262,18.288,12.192,11.176,9.144,6.604,469.6,1.691,519.9,1.872,8.128,8.128,8.128,8.128,549,93,44.3,,,,0.812,0.138,0.0655,13.3,2.25,1.07,,,,,895,2.1,91476,9.04310638856093,"Surface","Beef","Corn-Alfalfa","Cultivated Crops","Cultivated Crops","No",,"Norden silt loam","Moderate-infiltration","Well drained",11,0.205,2020,"Post-growing season",1,0,0,0,0,0,1,0,1,1,1,0,"Previous crop",0,"Previous growing season + current post-growing season",1,"Yes"
"USGS-433939090050501","RS1",0,0,0,"Frozen","Storm","2020-4",1,2020-02-02 18:00:00,2020-02-03 13:10:00,580.2,0.04545,0,,,,,,,,,,,,0,0,0,0,10,0.362,0.172,,,,0.275,0.00996,0.00474,0.446,0.0162,0.00769,,,,,896,2.1,91476,1.93323888232979,"Surface","Beef","Corn-Alfalfa","Cultivated Crops","Cultivated Crops","No",,"Norden silt loam","Moderate-infiltration","Well drained",11,0.205,2020,"Pre-growing season",1,0,0,0,0,0,1,0,1,1,1,0,"Previous crop",0,"Current post-growing season + pre-growing season",1,"Yes"
"USGS-433939090050501","RS1",0,0,0,"Non-Frozen","Storm","2020-6",1,2020-03-09 12:00:00,2020-03-09 23:08:00,802.3,0.04414,9.144,6.55,1.395984,3.048,3.048,3.048,2.54,2.032,150.2,0.1502,186.2,0.1862,0,0,0.254,0.254,6,0.3,0.143,,,,0.197,0.00987,0.0047,0.274,0.0137,0.00653,,,,,897,2.1,91476,2.67328086055359,"Surface","Beef","Corn-Alfalfa","Cultivated Crops","Cultivated Crops","No",,"Norden silt loam","Moderate-infiltration","Well drained",11,0.205,2020,"Pre-growing season",1,0,0,0,0,0,1,0,1,1,1,0,"Previous crop",0,"Current post-growing season + pre-growing season",1,"Yes"
"USGS-433939090050501","RS1",0,0,0,"Non-Frozen","Storm","2020-11",1,2020-08-28 02:44:00,2020-08-28 16:15:00,2456,1.474,55.88,13.07,4.27736,97.536,92.964,81.28,53.848,27.686,2145,45.48,2074,43.96,12.7,12.7,12.7,15.494,65,9.97,4.75,,,,1.71,0.262,0.125,1.96,0.3,0.143,,,,,898,2.1,91476,8.18344483799029,"Surface","Beef","Corn-Alfalfa","Cultivated Crops","Cultivated Crops","No",,"Norden silt loam","Moderate-infiltration","Well drained",11,0.205,2020,"Growing season",1,0,0,0,0,0,1,0,1,1,1,1,"Current crop",0,"Current pre-growing season + growing season",,
"USGS-433939090050501","RS1",0,0,0,"Non-Frozen","Storm","2021-1",1,2020-10-22 23:44:00,2020-10-23 07:13:00,387.2,0.1296,70.358,18.97,3.7084,51.816,33.528,27.432,21.844,15.24,1962,16.87,2066,17.76,0,1.27,1.524,11.938,252,6.09,2.9,,,,0.52,0.0126,0.00599,1.11,0.0268,0.0128,,,,,899,2.1,91476,1.29015873015873,"Surface","Beef","Corn-Alfalfa","Cultivated Crops","Cultivated Crops","No",,"Norden silt loam","Moderate-infiltration","Well drained",11,0.205,2021,"Post-growing season",1,0,0,0,0,0,1,1,1,1,1,1,"Previous crop",0,"Previous growing season + current post-growing season",1,"Yes"
"USGS-433939090050501","RS1",0,0,0,"Frozen","Storm","2021-2",1,2021-03-03 20:45:00,2021-03-08 05:30:00,3140,0.1196,0,,,,,,,,,,,,0,0,0,0,4,0.784,0.373,,,,0.144,0.0282,0.0134,0.174,0.0341,0.0162,,,,,900,2.1,91476,10.4625475534566,"Surface","Beef","Corn-Alfalfa","Cultivated Crops","Cultivated Crops","No",,"Norden silt loam","Moderate-infiltration","Well drained",11,0.205,2021,"Pre-growing season",1,0,0,0,0,0,1,1,1,1,1,1,"Previous crop",0,"Current post-growing season + pre-growing season",1,"Yes"
"USGS-433939090050501","RS1",0,0,0,"Frozen","Storm","2021-3",1,2021-03-08 16:00:00,2021-03-10,3742,0.139,0,,,,,,,,,,,,0,0,0,0,6,1.4,0.667,,,,0.173,0.0404,0.0192,0.222,0.0519,0.0247,,,,,901,2.1,91476,12.4684245047881,"Surface","Beef","Corn-Alfalfa","Cultivated Crops","Cultivated Crops","No",,"Norden silt loam","Moderate-infiltration","Well drained",11,0.205,2021,"Pre-growing season",1,0,0,0,0,0,1,1,1,1,1,1,"Previous crop",0,"Current post-growing season + pre-growing season",1,"Yes"
"USGS-433939090050501","RS1",0,0,0,"Non-Frozen","Storm","2021-4",1,2021-07-15 02:39:00,2021-07-15 03:30:00,688.9,0.9069,66.04,9.083,7.26948,100.584,71.628,59.944,40.132,29.21,2388,37.74,2331,36.82,0,0,0.254,16.51,534,23,10.9,,,,0.579,0.0249,0.0119,1.51,0.0649,0.0309,,,,,902,2.1,91476,2.29542962088417,"Surface","Beef","Corn-Alfalfa","Cultivated Crops","Cultivated Crops","No",,"Norden silt loam","Moderate-infiltration","Well drained",11,0.205,2021,"Growing season",1,0,0,0,0,0,1,1,1,1,1,1,"Current crop",0,"Current pre-growing season + growing season",,
"USGS-433939090050501","RS1",0,0,0,"Non-Frozen","Storm","2021-5",1,2021-08-07 21:37:00,2021-08-07 22:04:00,906.9,1.632,41.91,7.167,5.84708,85.344,70.104,51.816,30.988,15.494,1637,19.97,1566,19.11,0.254,1.778,9.398,24.13,99,5.61,2.67,,,,0.323,0.0183,0.00871,0.576,0.0326,0.0155,,,,,903,2.1,91476,3.02181031090122,"Surface","Beef","Corn-Alfalfa","Cultivated Crops","Cultivated Crops","No",,"Norden silt loam","Moderate-infiltration","Well drained",11,0.205,2021,"Growing season",1,0,0,0,0,0,1,1,1,1,1,1,"Current crop",0,"Current pre-growing season + growing season",,
"USGS-433939090050501","RS1",0,0,0,"Non-Frozen","Storm","2022-1",1,2021-12-15 14:45:00,2021-12-15 19:30:00,399,0.0406,0,,,,,,,,,,,,0,0,0,0.508,18,0.448,0.213,,,,0.135,0.00336,0.0016,0.297,0.0074,0.00352,,,,,904,2.1,91476,1.32947658402204,"Surface","Beef","Corn-Alfalfa","Cultivated Crops","Cultivated Crops","No",,"Norden silt loam","Moderate-infiltration","Well drained",11,0.205,2022,"Post-growing season",1,0,0,0,0,0,1,1,1,1,1,1,"Previous crop",0,"Previous growing season + current post-growing season",1,"Yes"
"USGS-433939090050501","RS1",0,0,0,"Frozen","Storm","2022-2",1,2022-02-20 20:15:00,2022-02-21 02:00:00,1383,0.153,0,,,,,,,,,,,,0,0,0,0.762,13,1.12,0.535,,,,0.104,0.00898,0.00428,0.412,0.0356,0.0169,,,,,905,2.1,91476,4.6081857536403,"Surface","Beef","Corn-Alfalfa","Cultivated Crops","Cultivated Crops","No",,"Norden silt loam","Moderate-infiltration","Well drained",11,0.205,2022,"Pre-growing season",1,0,0,0,0,0,1,1,1,1,1,1,"Previous crop",0,"Current post-growing season + pre-growing season",1,"Yes"
"USGS-433939090050501","RS1",0,0,0,"Frozen","Storm","2022-3",1,2022-02-28 22:15:00,2022-03-01 05:00:00,455,0.0535,0,,,,,,,,,,,,0,0,0,0,7,0.199,0.0947,,,,0.076,0.00216,0.00103,0.387,0.011,0.00523,,,,,906,2.1,91476,1.51606978879706,"Surface","Beef","Corn-Alfalfa","Cultivated Crops","Cultivated Crops","No",,"Norden silt loam","Moderate-infiltration","Well drained",11,0.205,2022,"Pre-growing season",1,0,0,0,0,0,1,1,1,1,1,1,"Previous crop",0,"Current post-growing season + pre-growing season",1,"Yes"
"USGS-433939090050501","RS1",0,0,0,"Frozen","Storm","2022-6",1,2022-03-05 12:30:00,2022-03-07 00:15:00,10730,1.304,29.718,15.45,1.923542,70.104,39.624,26.416,14.224,7.62,941.5,5.273,939.6,5.262,0.254,0.254,0.254,0.254,670,449,214,,,,0.035,0.0234,0.0112,1.09,0.73,0.348,,,,,907,2.1,91476,35.7525908434999,"Surface","Beef","Corn-Alfalfa","Cultivated Crops","Cultivated Crops","No",,"Norden silt loam","Moderate-infiltration","Well drained",11,0.205,2022,"Pre-growing season",1,0,0,0,0,0,1,1,1,1,1,1,"Previous crop",0,"Current post-growing season + pre-growing season",1,"Yes"
"USGS-433939090050501","RS1",0,0,0,"Frozen","Storm","2022-10",1,2022-03-19 17:00:00,2022-03-19 22:00:00,3274,0.4675,0,,,,,,,,,,,,2.286,8.128,8.128,34.036,405,82.8,39.4,,,,0.057,0.0117,0.00555,0.586,0.12,0.057,,,,,908,2.1,91476,10.9090384363112,"Surface","Beef","Corn-Alfalfa","Cultivated Crops","Cultivated Crops","No",,"Norden silt loam","Moderate-infiltration","Well drained",11,0.205,2022,"Pre-growing season",1,0,0,0,0,0,1,1,1,1,1,1,"Previous crop",0,"Current post-growing season + pre-growing season",1,"Yes"
"USGS-433939090050501","RS1",0,0,0,"Non-Frozen","Storm","2022-12",1,2022-07-23 21:40:00,2022-07-23 22:24:00,696.3,1.184,40.894,1.083,37.7444,155.448,138.684,116.84,73.66,40.64,1698,49.25,1648,47.8,0,0,0,15.748,95,4.13,1.97,,,,0.557,0.0242,0.0115,0.856,0.0372,0.0177,,,,,909,2.1,91476,2.32008658008658,"Surface","Beef","Corn-Alfalfa","Cultivated Crops","Cultivated Crops","No",,"Norden silt loam","Moderate-infiltration","Well drained",11,0.205,2022,"Growing season",1,0,0,0,0,0,1,1,1,1,1,1,"Current crop",0,"Current pre-growing season + growing season",,
"USGS-433821090063801","RS2",0,0,0,"Frozen","Storm","2019-2",1,2019-02-03 13:15:00,2019-02-04 23:00:00,5310,0.1411,1.524,11.48,0.132715,6.096,4.572,3.048,1.524,0.762,19.39,0.01163,14.54,0.008722,0,0,0,0,108,35.8,18.8,,,,0.248,0.0822,0.0433,0.356,0.118,0.0621,,,,,910,1.9,82764,19.5554588951718,"Surface","Beef","Corn-Alfalfa","Cultivated Crops","Cultivated Crops","No",,"La Farge silt loam","Moderate-infiltration","Well drained",7,0.225,2019,"Pre-growing season",1,1,0,1,0,,1,0,0,1,1,0,"Previous crop",1,"Current post-growing season + pre-growing season",1,"Yes"
"USGS-433821090063801","RS2",0,0,0,"Frozen","Storm","2019-4",2,2019-03-13 05:30:00,2019-03-18 01:57:00,30480,0.5356,2.54,33.9,0.07493,6.096,4.572,4.064,2.032,1.016,55.9,0.04472,53.59,0.04287,7.112,7.112,11.176,11.176,10.2,17.9,9.4,,,,0.09,0.172,0.0905,0.222,0.423,0.222,"<",,,,911,1.9,82764,112.250543714659,"Surface","Beef","Corn-Alfalfa","Cultivated Crops","Cultivated Crops","No",,"La Farge silt loam","Moderate-infiltration","Well drained",7,0.225,2019,"Pre-growing season",1,1,0,1,0,,1,0,0,1,1,0,"Previous crop",1,"Current post-growing season + pre-growing season",1,"Yes"
"USGS-433821090063801","RS2",0,0,0,"Non-Frozen","Storm","2019-7",1,2019-07-06 11:08:00,2019-07-06 14:15:00,10600,3.135,90.932,4.033,22.54504,118.872,105.156,95.504,71.628,45.466,3626,102.2,3480,98.15,0,0.508,29.21,79.248,956,633,333,,,,0.123,0.0814,0.0429,1.1,0.728,0.383,,,,,912,1.9,82764,39.0372625779324,"Surface","Beef","Corn-Alfalfa","Cultivated Crops","Cultivated Crops","No",,"La Farge silt loam","Moderate-infiltration","Well drained",7,0.225,2019,"Growing season",1,1,0,1,0,,1,0,0,1,1,0,"Current crop",1,"Current pre-growing season + growing season",,
"USGS-433821090063801","RS2",0,0,0,"Non-Frozen","Storm","2019-9",1,2019-08-06 01:22:00,2019-08-06 02:15:00,1325,1.333,36.576,1.483,24.65832,143.256,123.444,122.936,72.136,36.068,1513,42.96,1488,42.25,0,19.812,19.812,34.29,341,28.2,14.8,,,,0.109,0.00902,0.00475,0.445,0.0368,0.0194,,,,,913,1.9,82764,4.87965782224155,"Surface","Beef","Corn-Alfalfa","Cultivated Crops","Cultivated Crops","No",,"La Farge silt loam","Moderate-infiltration","Well drained",7,0.225,2019,"Growing season",1,1,0,1,0,,1,0,0,1,1,0,"Current crop",1,"Current pre-growing season + growing season",,
"USGS-433821090063801","RS2",0,0,0,"Non-Frozen","Storm","2019-10",1,2019-08-11 07:25:00,2019-08-11 08:30:00,552.6,0.3192,33.528,2.533,13.23594,36.576,27.432,26.416,24.892,19.304,1209,11.85,1156,11.33,5.588,5.588,55.88,71.882,104,3.59,1.89,,,,0.14,0.00483,0.00254,0.363,0.0125,0.00659,,,,,914,1.9,82764,2.03509351892127,"Surface","Beef","Corn-Alfalfa","Cultivated Crops","Cultivated Crops","No",,"La Farge silt loam","Moderate-infiltration","Well drained",7,0.225,2019,"Growing season",1,1,0,1,0,,1,0,0,1,1,0,"Current crop",1,"Current pre-growing season + growing season",,
"USGS-433821090063801","RS2",0,0,0,"Non-Frozen","Storm","2019-12",1,2019-09-13 01:03:00,2019-09-13 05:15:00,646.1,0.2752,20.32,3.883,5.2324,70.104,44.196,33.528,22.86,12.7,756.5,6.809,731.9,6.587,4.064,8.128,32.258,42.164,304,12.3,6.45,,,,0.156,0.00629,0.00331,0.819,0.033,0.0174,,,,,915,1.9,82764,2.3794316369436,"Surface","Beef","Corn-Alfalfa","Cultivated Crops","Cultivated Crops","No",,"La Farge silt loam","Moderate-infiltration","Well drained",7,0.225,2019,"Growing season",1,1,0,1,0,,1,0,0,1,1,0,"Current crop",1,"Current pre-growing season + growing season",,
"USGS-433821090063801","RS2",0,0,0,"Non-Frozen","Storm","2020-1",1,2019-10-01 14:07:00,2019-10-02 07:00:00,1194,0.6745,30.988,21.02,1.47447,73.152,56.388,45.72,24.892,12.954,1041,10.21,1014,9.935,1.016,1.524,6.096,20.32,304,22.7,11.9,,,,0.154,0.0115,0.00604,1.48,0.11,0.0581,,,,,916,1.9,82764,4.39721618094824,"Surface","Beef","Corn-Alfalfa","Cultivated Crops","Cultivated Crops","No",,"La Farge silt loam","Moderate-infiltration","Well drained",7,0.225,2020,"Post-growing season",1,1,0,1,0,0,1,0,1,1,1,0,"Previous crop",0,"Previous growing season + current post-growing season",1,"Yes"
"USGS-433821090063801","RS2",0,0,0,"Non-Frozen","Storm","2020-2",1,2019-10-05 17:04:00,2019-10-05 19:45:00,862,0.2298,10.16,1.467,6.92658,12.192,10.668,10.16,8.636,7.366,272.7,0.9272,296.7,1.009,1.016,1.016,35.56,47.244,304,16.4,8.61,,,,0.172,0.00926,0.00487,1.14,0.0613,0.0323,,,,,917,1.9,82764,3.17453965492243,"Surface","Beef","Corn-Alfalfa","Cultivated Crops","Cultivated Crops","No",,"La Farge silt loam","Moderate-infiltration","Well drained",7,0.225,2020,"Post-growing season",1,1,0,1,0,0,1,0,1,1,1,0,"Previous crop",0,"Previous growing season + current post-growing season",1,"Yes"
"USGS-433821090063801","RS2",0,0,0,"Frozen","Storm","2020-3",1,2019-12-29 04:42:00,2019-12-29 10:45:00,2790,0.3558,19.558,7.15,2.73558,18.288,12.192,11.176,9.144,6.604,472.9,1.702,522.3,1.88,8.128,8.128,8.128,8.128,85,14.8,7.79,,,,0.241,0.042,0.0221,0.487,0.0848,0.0446,,,,,918,1.9,82764,10.2749021313615,"Surface","Beef","Corn-Alfalfa","Cultivated Crops","Cultivated Crops","No",,"La Farge silt loam","Moderate-infiltration","Well drained",7,0.225,2020,"Post-growing season",1,1,0,1,0,0,1,0,1,1,1,0,"Previous crop",0,"Previous growing season + current post-growing season",1,"Yes"
"USGS-433821090063801","RS2",0,0,0,"Frozen","Storm","2020-6",1,2020-03-01 20:15:00,2020-03-06 23:15:00,10690,0.256,0.254,,,,,,,,,,,,0,0,0,0,11,7.34,3.86,,,,0.191,0.128,0.0671,0.353,0.236,0.124,,,,,919,1.9,82764,39.3687110337828,"Surface","Beef","Corn-Alfalfa","Cultivated Crops","Cultivated Crops","No",,"La Farge silt loam","Moderate-infiltration","Well drained",7,0.225,2020,"Pre-growing season",1,1,0,1,0,0,1,0,1,1,1,0,"Previous crop",1,"Current post-growing season + pre-growing season",1,"Yes"
"USGS-433821090063801","RS2",0,0,0,"Non-Frozen","Storm","2020-10",1,2020-07-09 22:11:00,2020-07-09 23:30:00,810.8,0.5266,55.88,5.4,10.34796,73.152,56.388,38.608,27.432,20.574,2066,22.31,1999,21.59,0,6.096,20.828,30.48,163,8.25,4.34,,,,0.303,0.0153,0.00807,0.676,0.0342,0.018,,,,,920,1.9,82764,2.98598231114977,"Surface","Beef","Corn-Alfalfa","Cultivated Crops","Cultivated Crops","No",,"La Farge silt loam","Moderate-infiltration","Well drained",7,0.225,2020,"Growing season",1,1,0,1,0,0,1,0,1,1,1,1,"Current crop",1,"Current pre-growing season + growing season",,
"USGS-433821090063801","RS2",0,0,0,"Frozen","Storm","2021-3",1,2021-03-03 17:30:00,2021-03-04 22:00:00,5597,0.3738,0,,,,,,,,,,,,0,0,0,0,6,2.1,1.1,,,,0.131,0.0458,0.0241,0.233,0.0814,0.0429,,,,,921,1.9,82764,20.6124111932724,"Surface","Beef","Corn-Alfalfa","Cultivated Crops","Cultivated Crops","No",,"La Farge silt loam","Moderate-infiltration","Well drained",7,0.225,2021,"Pre-growing season",1,0,0,0,0,0,1,1,1,1,1,1,"Previous crop",0,"Current post-growing season + pre-growing season",1,"Yes"
"USGS-433821090063801","RS2",0,0,0,"Non-Frozen","Storm","2021-4",1,2021-07-15 01:55:00,2021-07-15 03:30:00,402.7,0.2724,66.04,9.083,7.26948,100.584,71.628,59.944,40.132,29.21,2388,37.74,2331,36.82,0,0,0.254,16.51,11,0.277,0.146,,,,0.308,0.00774,0.00408,0.417,0.0105,0.00552,,,,,922,1.9,82764,1.48304770189938,"Surface","Beef","Corn-Alfalfa","Cultivated Crops","Cultivated Crops","No",,"La Farge silt loam","Moderate-infiltration","Well drained",7,0.225,2021,"Growing season",1,0,0,0,0,0,1,1,1,1,1,1,"Current crop",0,"Current pre-growing season + growing season",,
"USGS-433821090063801","RS2",0,0,0,"Non-Frozen","Storm","2021-5",1,2021-08-07 21:42:00,2021-08-08 10:09:00,533.8,0.2292,61.214,19.03,3.21564,85.344,70.104,51.816,30.988,18.288,2358,28.77,2249,27.44,0.254,1.778,9.398,24.13,33,1.1,0.579,,,,0.452,0.0151,0.00793,0.678,0.0226,0.0119,,,,,923,1.9,82764,1.96585761925475,"Surface","Beef","Corn-Alfalfa","Cultivated Crops","Cultivated Crops","No",,"La Farge silt loam","Moderate-infiltration","Well drained",7,0.225,2021,"Growing season",1,0,0,0,0,0,1,1,1,1,1,1,"Current crop",0,"Current pre-growing season + growing season",,
"USGS-433821090063801","RS2",0,0,0,"Frozen","Storm","2022-2",1,2022-02-20 19:00:00,2022-02-21 02:30:00,2788,0.2976,0,,,,,,,,,,,,0,0,0,0.762,7,1.22,0.641,,,,0.24,0.0418,0.022,0.351,0.0611,0.0322,,,,,924,1.9,82764,10.2675366101203,"Surface","Beef","Corn-Alfalfa","Cultivated Crops","Cultivated Crops","No",,"La Farge silt loam","Moderate-infiltration","Well drained",7,0.225,2022,"Pre-growing season",1,0,0,0,0,0,1,1,0,1,1,1,"Previous crop",0,"Current post-growing season + pre-growing season",1,"Yes"
"USGS-433821090063801","RS2",0,0,0,"Frozen","Storm","2022-4",1,2022-02-28 18:15:00,2022-03-01 03:45:00,2196,0.1999,0,,,,,,,,,,,,0,0,0,0,4,0.274,0.144,,,,0.216,0.0296,0.0156,0.352,0.0483,0.0254,"<",,,,925,1.9,82764,8.08734232274902,"Surface","Beef","Corn-Alfalfa","Cultivated Crops","Cultivated Crops","No",,"La Farge silt loam","Moderate-infiltration","Well drained",7,0.225,2022,"Pre-growing season",1,0,0,0,0,0,1,1,0,1,1,1,"Previous crop",0,"Current post-growing season + pre-growing season",1,"Yes"
"USGS-433821090063801","RS2",0,0,0,"Frozen","Storm","2022-7",1,2022-03-05 09:45:00,2022-03-06 12:45:00,13380,1.238,29.972,17.95,1.669796,70.104,39.624,26.416,14.224,7.62,944.7,5.29,940.8,5.269,0,0,0,0,118,98.6,51.9,,,,0.321,0.268,0.141,0.655,0.547,0.288,,,,,926,1.9,82764,49.2753371030883,"Surface","Beef","Corn-Alfalfa","Cultivated Crops","Cultivated Crops","No",,"La Farge silt loam","Moderate-infiltration","Well drained",7,0.225,2022,"Pre-growing season",1,0,0,0,0,0,1,1,0,1,1,1,"Previous crop",0,"Current post-growing season + pre-growing season",1,"Yes"
"USGS-433821090063801","RS2",0,0,0,"Frozen","Storm","2022-9",1,2022-03-19 16:15:00,2022-03-19 22:15:00,3535,0.4047,0,,,,,,,,,,,,3.302,8.128,8.128,34.036,4,0.883,0.465,,,,0.096,0.0212,0.0112,0.191,0.0422,0.0222,,,,,927,1.9,82764,13.0185587936784,"Surface","Beef","Corn-Alfalfa","Cultivated Crops","Cultivated Crops","No",,"La Farge silt loam","Moderate-infiltration","Well drained",7,0.225,2022,"Pre-growing season",1,0,0,0,0,0,1,1,0,1,1,1,"Previous crop",0,"Current post-growing season + pre-growing season",1,"Yes"
"USGS-433821090063801","RS2",0,0,0,"Non-Frozen","Storm","2022-11",1,2022-06-15 21:59:00,2022-06-15 23:00:00,1120,0.9137,30.734,0.6667,46.101,134.112,105.156,94.488,60.96,30.734,1297,31.13,1260,30.23,0,0,20.574,75.438,117,8.18,4.31,,,,0.528,0.0369,0.0194,0.822,0.0575,0.0303,,,,,928,1.9,82764,4.12469189502682,"Surface","Beef","Corn-Alfalfa","Cultivated Crops","Cultivated Crops","No",,"La Farge silt loam","Moderate-infiltration","Well drained",7,0.225,2022,"Growing season",1,0,0,0,0,0,1,1,0,1,1,0,"Current crop",0,"Current pre-growing season + growing season",,
"USGS-433821090063801","RS2",0,0,0,"Frozen","Storm","2023-5",1,2023-03-07 19:45:00,2023-03-07 22:30:00,504.9,0.1186,0,,,,,,,,,,,,0,0,0.254,20.32,24,0.756,0.398,,,,0.048,0.00151,0.000796,0.161,0.00507,0.00267,,,,,929,1.9,82764,1.85942583732057,"Surface","Beef","Corn-Alfalfa","Cultivated Crops","Cultivated Crops","No",,"La Farge silt loam","Moderate-infiltration","Well drained",7,0.225,2023,"Pre-growing season",1,0,0,0,0,0,1,0,0,0,0,0,"Previous crop",0,"Current post-growing season + pre-growing season",0,"No"
"USGS-450456092225801","WF1",0,0,0,"Frozen","Storm","2011-1",1,2010-12-30 18:00:00,2010-12-31 07:30:00,306.2,0.0158,5.334,9.917,0.537972,6.096,3.048,3.048,2.54,1.778,77.69,0.07769,89.79,0.08979,0.508,0.508,0.508,0.508,36,0.688,0.0163,204,3.9,0.0926,2.49,0.0476,0.00113,2.83,0.0541,0.00128,,,,,930,42.1,1833876,0.0508920777631639,"Surface","Dairy and Grain","Corn-Soybean","Cultivated Crops","Cultivated Crops","No",,"Santiago silt loam","High-infiltration","Well drained",4.4,0.12,2011,"Post-growing season",0.7,1.4,0.7,0.7,0,,0.7,0,0,0.7,0.7,0,"Previous crop",,"Previous growing season + current post-growing season",0.7,"Partial"
"USGS-450456092225801","WF1",0,0,0,"Frozen","Storm","2011-2",1,2011-02-16 23:15:00,2011-02-19 11:00:00,98840,2.14,0,,,,,,,,,,,,0,0,0,0,23,142,3.37,58,358,8.5,0.283,1.75,0.0415,0.461,2.84,0.0676,,,,,931,42.1,1833876,16.4277366626751,"Surface","Dairy and Grain","Corn-Soybean","Cultivated Crops","Cultivated Crops","No",,"Santiago silt loam","High-infiltration","Well drained",4.4,0.12,2011,"Pre-growing season",0.7,1.4,0.7,0.7,0,,0.7,0,0,0.7,0.7,0,"Previous crop",1.4,"Current post-growing season + pre-growing season",0.7,"Partial"
"USGS-450456092225801","WF1",0,0,0,"Non-Frozen","Storm","2011-8",1,2011-04-10 11:15:00,2011-04-10 16:30:00,582.7,0.0696,7.112,2.583,2.75336,9.144,9.144,8.128,5.08,4.318,157.5,0.3149,181.3,0.3627,0.762,0.762,1.778,6.35,19,0.691,0.0164,154,5.6,0.133,0.455,0.0166,0.000393,0.534,0.0194,0.000461,,,,,932,42.1,1833876,0.0968478566707891,"Surface","Dairy and Grain","Corn-Soybean","Cultivated Crops","Cultivated Crops","No",,"Santiago silt loam","High-infiltration","Well drained",4.4,0.12,2011,"Pre-growing season",0.7,1.4,0.7,0.7,0,,0.7,0,0,0.7,0.7,0,"Previous crop",1.4,"Current post-growing season + pre-growing season",0.7,"Partial"
"USGS-450456092225801","WF1",0,0,0,"Non-Frozen","Storm","2011-9",1,2011-04-26 15:10:00,2011-04-26 20:45:00,1271,0.1176,31.242,12.75,2.450338,6.096,6.096,5.08,4.572,4.572,637.2,1.147,771.6,1.389,0,0,7.62,7.62,83,6.59,0.156,152,12.1,0.287,0.901,0.0715,0.0017,1.35,0.107,0.00255,,,,,933,42.1,1833876,0.211246998161272,"Surface","Dairy and Grain","Corn-Soybean","Cultivated Crops","Cultivated Crops","No",,"Santiago silt loam","High-infiltration","Well drained",4.4,0.12,2011,"Pre-growing season",0.7,1.4,0.7,0.7,0,,0.7,0,0,0.7,0.7,0,"Previous crop",1.4,"Current post-growing season + pre-growing season",0.7,"Partial"
"USGS-450456092225801","WF1",0,0,0,"Non-Frozen","Storm","2011-10",1,2011-06-18 13:35:00,2011-06-18 14:45:00,253.1,0.2025,26.67,3,8.89,76.2,64.008,49.784,32.004,20.32,964.4,12.15,942.2,11.87,0.508,0.508,28.194,37.084,704,11.1,0.264,108,1.71,0.0405,1.54,0.0244,0.000579,3.27,0.0517,0.00123,,,,,934,42.1,1833876,0.0420665737487158,"Surface","Dairy and Grain","Corn-Soybean","Cultivated Crops","Cultivated Crops","No",,"Santiago silt loam","High-infiltration","Well drained",4.4,0.12,2011,"Growing season",0.7,1.4,0.7,0.7,0,,0.7,0,0,0.7,0.7,0,"Current crop",0.7,"Current pre-growing season + growing season",,
"USGS-450456092225801","WF1",0,0,0,"Non-Frozen","Storm","2011-12",1,2011-07-11 04:35:00,2011-07-11 08:15:00,3959,1.089,27.432,2,13.716,112.776,94.488,78.232,45.72,25.4,1058,19.05,1044,18.79,20.32,20.32,21.082,24.13,122,30.2,0.716,178,44,1.05,1.48,0.367,0.00872,1.95,0.482,0.0114,,,,,935,42.1,1833876,0.65800697538983,"Surface","Dairy and Grain","Corn-Soybean","Cultivated Crops","Cultivated Crops","No",,"Santiago silt loam","High-infiltration","Well drained",4.4,0.12,2011,"Growing season",0.7,1.4,0.7,0.7,0,,0.7,0,0,0.7,0.7,0,"Current crop",0.7,"Current pre-growing season + growing season",,
"USGS-450456092225801","WF1",0,0,0,"Non-Frozen","Storm","2011-13",1,2011-07-16 11:30:00,2011-07-16 16:45:00,33640,12.66,42.164,1.833,22.9997,70.104,53.34,46.736,38.608,32.258,1669,25.37,1580,24.02,18.796,19.812,67.564,68.326,176,370,8.78,176,370,8.78,0.983,2.06,0.049,1.51,3.17,0.0753,,,,,936,42.1,1833876,5.59114792930383,"Surface","Dairy and Grain","Corn-Soybean","Cultivated Crops","Cultivated Crops","No",,"Santiago silt loam","High-infiltration","Well drained",4.4,0.12,2011,"Growing season",0.7,1.4,0.7,0.7,0,,0.7,0,0,0.7,0.7,0,"Current crop",0.7,"Current pre-growing season + growing season",,
"USGS-450456092225801","WF1",0,0,0,"Non-Frozen","Storm","2011-14",1,2011-08-17 00:30:00,2011-08-17 05:30:00,8034,1.646,43.434,2.75,15.79372,67.056,65.532,51.816,39.624,32.258,1643,25.63,1593,24.84,0,0,17.78,37.846,157,78.7,1.87,120,60.2,1.43,1.01,0.508,0.0121,1.51,0.757,0.018,,,,,937,42.1,1833876,1.33529377122554,"Surface","Dairy and Grain","Corn-Soybean","Cultivated Crops","Cultivated Crops","No",,"Santiago silt loam","High-infiltration","Well drained",4.4,0.12,2011,"Growing season",0.7,1.4,0.7,0.7,0,,0.7,0,0,0.7,0.7,0,"Current crop",0.7,"Current pre-growing season + growing season",,
"USGS-450456092225801","WF1",0,0,0,"Frozen","Storm","2012-6",1,2012-03-12 06:35:00,2012-03-12 21:15:00,20680,1.059,13.462,9.25,1.45542,9.144,7.62,6.096,5.588,4.826,290.9,0.6401,336.7,0.7406,0,0,1.016,1.016,30,38.7,0.92,470,607,14.4,2.58,3.33,0.0791,3.26,4.21,0.0999,,,,,938,42.1,1833876,3.43712661052328,"Surface","Dairy and Grain","Corn-Soybean","Cultivated Crops","Cultivated Crops","No",,"Santiago silt loam","High-infiltration","Well drained",4.4,0.12,2012,"Pre-growing season",0.7,1.4,0.7,0.7,0,0,0.7,0,0,0.7,0.7,0,"Previous crop",1.4,"Current post-growing season + pre-growing season",0.7,"Partial"
"USGS-450456092225801","WF1",0,0,0,"Non-Frozen","Storm","2012-7",1,2012-05-24 20:20:00,2012-05-25 01:45:00,15070,6.73,24.384,2.25,10.83818,88.392,53.34,46.736,30.988,17.018,906,11.05,874.7,10.67,19.812,19.812,24.384,24.892,2710,2550,60.6,170,160,3.8,1.32,1.24,0.0295,5.62,5.29,0.126,,,,,939,42.1,1833876,2.50471460447707,"Surface","Dairy and Grain","Corn-Soybean","Cultivated Crops","Cultivated Crops","No",,"Santiago silt loam","High-infiltration","Well drained",4.4,0.12,2012,"Pre-growing season",0.7,1.4,0.7,0.7,0,0,0.7,0,0,0.7,0.7,0,"Previous crop",1.4,"Current post-growing season + pre-growing season",0.7,"Partial"
"USGS-450456092225801","WF1",0,0,0,"Non-Frozen","Storm","2012-8",1,2012-06-19 10:00:00,2012-06-19 13:45:00,10760,6.29,25.908,3.5,7.40156,67.056,56.388,49.784,30.48,15.748,978.7,11.74,946.9,11.36,0,10.16,40.132,42.418,3030,2040,48.4,116,77.9,1.85,0.704,0.473,0.0112,5.2,3.49,0.0829,,,,,940,42.1,1833876,1.7883695517036,"Surface","Dairy and Grain","Corn-Soybean","Cultivated Crops","Cultivated Crops","No",,"Santiago silt loam","High-infiltration","Well drained",4.4,0.12,2012,"Growing season",0.7,1.4,0.7,0.7,0,0,0.7,0,0,0.7,0.7,0,"Current crop",0.7,"Current pre-growing season + growing season",,
"USGS-450456092225801","WF1",0,0,0,"Non-Frozen","Storm","2012-9",1,2012-06-20 20:50:00,2012-06-21 01:15:00,28110,10.24,31.496,4.25,7.41172,51.816,44.196,39.624,31.496,26.416,1146,14.22,1090,13.51,0.254,26.162,66.294,68.58,1610,2820,67,118,207,4.92,0.78,1.37,0.0325,2.7,4.74,0.113,,,,,941,42.1,1833876,4.67203235115133,"Surface","Dairy and Grain","Corn-Soybean","Cultivated Crops","Cultivated Crops","No",,"Santiago silt loam","High-infiltration","Well drained",4.4,0.12,2012,"Growing season",0.7,1.4,0.7,0.7,0,0,0.7,0,0,0.7,0.7,0,"Current crop",0.7,"Current pre-growing season + growing season",,
"USGS-450456092225801","WF1",0,0,0,"Non-Frozen","Storm","2012-11",1,2012-07-21 13:15:00,2012-07-21 16:15:00,2246,0.6815,30.226,4.75,6.3627,39.624,28.956,24.384,19.304,14.224,998.6,7.589,976,7.418,0,0,31.496,52.832,88,12.3,0.293,116,16.3,0.386,1.28,0.18,0.00428,1.58,0.222,0.00526,,,,,942,42.1,1833876,0.373297213115827,"Surface","Dairy and Grain","Corn-Soybean","Cultivated Crops","Cultivated Crops","No",,"Santiago silt loam","High-infiltration","Well drained",4.4,0.12,2012,"Growing season",0.7,1.4,0.7,0.7,0,0,0.7,0,0,0.7,0.7,0,"Current crop",0.7,"Current pre-growing season + growing season",,
"USGS-450456092225801","WF1",0,0,0,"Non-Frozen","Storm","2012-13",1,2012-08-24 04:30:00,2012-08-24 07:00:00,2696,1.422,24.13,2.067,11.67638,67.056,47.244,40.64,27.94,14.986,953.3,10.49,906.6,9.973,0,0,8.636,8.636,259,43.6,1.04,118,19.9,0.472,1.16,0.195,0.00464,2.12,0.357,0.00847,,,,,943,42.1,1833876,0.448089620017929,"Surface","Dairy and Grain","Corn-Soybean","Cultivated Crops","Cultivated Crops","No",,"Santiago silt loam","High-infiltration","Well drained",4.4,0.12,2012,"Growing season",0.7,1.4,0.7,0.7,0,0,0.7,0,0,0.7,0.7,0,"Current crop",0.7,"Current pre-growing season + growing season",,
"USGS-450456092225801","WF1",0,0,0,"Frozen","Storm","2013-2",4,2013-04-14 19:00:00,2013-04-20 11:27:00,113500,5.069,28.194,87.5,0.322326,134.112,67.056,44.704,22.352,11.176,785.7,6.914,815.2,7.173,0,0,18.542,28.702,8.5,58.5,1.39,217,1540,36.5,0.873,6.18,0.147,0.991,7.02,0.167,"<",,,,944,42.1,1833876,18.8643070741969,"Surface","Dairy and Grain","Corn-Soybean","Cultivated Crops","Cultivated Crops","No",,"Santiago silt loam","High-infiltration","Well drained",4.4,0.12,2013,"Pre-growing season",0.7,1.4,0.7,0.7,0,0,0.7,0,0,0.7,0.7,0,"Previous crop",1.4,"Current post-growing season + pre-growing season",0.7,"Partial"
"USGS-450456092225801","WF1",0,0,0,"Non-Frozen","Storm","2013-10",1,2013-06-15 21:19:00,2013-06-16 01:45:00,36290,29.67,35.052,1.6,21.9075,149.352,105.156,88.392,53.34,34.036,1405,29.51,1360,28.57,4.064,4.064,32.512,38.608,6770,15300,364,166,376,8.93,0.438,0.992,0.0236,9.85,22.3,0.53,,,,,945,42.1,1833876,6.03159210328288,"Surface","Dairy and Grain","Corn-Soybean","Cultivated Crops","Cultivated Crops","No",,"Santiago silt loam","High-infiltration","Well drained",4.4,0.12,2013,"Growing season",0.7,1.4,0.7,0.7,0,0,0.7,0,0,0.7,0.7,0,"Current crop",0.7,"Current pre-growing season + growing season",,
"USGS-450456092225801","WF1",0,0,0,"Non-Frozen","Storm","2013-11",1,2013-06-21 09:15:00,2013-06-21 14:00:00,35850,23.36,37.084,4.233,8.76046,173.736,108.204,76.2,39.624,30.988,1386,21.63,1371,21.39,1.524,1.524,42.164,70.612,8940,20000,475,98,219,5.21,0.421,0.942,0.0224,9.92,22.2,0.527,,,,,946,42.1,1833876,5.95846174986749,"Surface","Dairy and Grain","Corn-Soybean","Cultivated Crops","Cultivated Crops","No",,"Santiago silt loam","High-infiltration","Well drained",4.4,0.12,2013,"Growing season",0.7,1.4,0.7,0.7,0,0,0.7,0,0,0.7,0.7,0,"Current crop",0.7,"Current pre-growing season + growing season",,
"USGS-450456092225801","WF1",0,0,0,"Non-Frozen","Storm","2013-12",1,2013-06-22 02:10:00,2013-06-22 07:00:00,6274,3.048,10.16,0.65,15.63116,33.528,24.384,23.368,19.304,10.16,368.2,2.798,351.1,2.668,38.608,38.608,79.248,107.696,2380,933,22.2,128,50.1,1.19,0.533,0.209,0.00496,4.77,1.87,0.0444,,,,,947,42.1,1833876,1.04277235756398,"Surface","Dairy and Grain","Corn-Soybean","Cultivated Crops","Cultivated Crops","No",,"Santiago silt loam","High-infiltration","Well drained",4.4,0.12,2013,"Growing season",0.7,1.4,0.7,0.7,0,0,0.7,0,0,0.7,0.7,0,"Current crop",0.7,"Current pre-growing season + growing season",,
"USGS-450456092225801","WF1",0,0,0,"Non-Frozen","Storm","2014-6",1,2014-04-27 17:45:00,2014-04-28 03:45:00,1770,0.1834,13.208,9.817,1.345438,12.192,10.668,10.16,8.128,5.08,290.9,0.931,326.6,1.045,12.192,12.192,31.242,61.468,45,4.97,0.118,138,15.2,0.362,0.465,0.0514,0.00122,0.649,0.0717,0.0017,,,,,948,42.1,1833876,0.29418346714827,"Surface","Dairy and Grain","Corn-Soybean","Cultivated Crops","Cultivated Crops","No",,"Santiago silt loam","High-infiltration","Well drained",4.4,0.12,2014,"Pre-growing season",0.7,0.7,0,0.7,0,0,0.7,0,0,0.7,0.7,0,"Previous crop",0.7,"Current post-growing season + pre-growing season",0.7,"Partial"
"USGS-450456092225801","WF1",0,0,0,"Non-Frozen","Storm","2014-7",1,2014-04-28 15:52:00,2014-04-29 05:45:00,4368,0.39,17.272,10.77,1.604264,9.144,7.62,8.128,7.112,6.35,340.7,0.954,401.8,1.125,13.462,25.4,44.45,73.406,31,8.45,0.201,130,35.5,0.842,0.349,0.0952,0.00226,0.496,0.135,0.00321,,,,,949,42.1,1833876,0.725984962996407,"Surface","Dairy and Grain","Corn-Soybean","Cultivated Crops","Cultivated Crops","No",,"Santiago silt loam","High-infiltration","Well drained",4.4,0.12,2014,"Pre-growing season",0.7,0.7,0,0.7,0,0,0.7,0,0,0.7,0.7,0,"Previous crop",0.7,"Current post-growing season + pre-growing season",0.7,"Partial"
"USGS-450456092225801","WF1",0,0,0,"Non-Frozen","Storm","2014-8",1,2014-04-29 10:21:00,2014-04-30 10:15:00,3583,0.09378,13.716,25.22,0.543814,6.096,4.572,4.064,3.048,2.032,210.8,0.253,237.4,0.2849,17.272,41.148,61.722,90.678,10,2.24,0.0531,142,31.8,0.755,0.292,0.0653,0.00155,0.382,0.0855,0.00203,,,,,950,42.1,1833876,0.595513764289407,"Surface","Dairy and Grain","Corn-Soybean","Cultivated Crops","Cultivated Crops","No",,"Santiago silt loam","High-infiltration","Well drained",4.4,0.12,2014,"Pre-growing season",0.7,0.7,0,0.7,0,0,0.7,0,0,0.7,0.7,0,"Previous crop",0.7,"Current post-growing season + pre-growing season",0.7,"Partial"
"USGS-450456092225801","WF1",0,0,0,"Non-Frozen","Storm","2014-11",1,2014-05-09 00:19:00,2014-05-09 09:30:00,4569,0.8376,27.178,3.933,6.9088,54.864,47.244,36.576,20.828,14.478,1006,8.25,971.9,7.97,11.43,11.43,11.938,81.026,100,28.5,0.678,120,34.2,0.813,0.509,0.145,0.00345,0.895,0.255,0.00606,,,,,951,42.1,1833876,0.759392238079347,"Surface","Dairy and Grain","Corn-Soybean","Cultivated Crops","Cultivated Crops","No",,"Santiago silt loam","High-infiltration","Well drained",4.4,0.12,2014,"Pre-growing season",0.7,0.7,0,0.7,0,0,0.7,0,0,0.7,0.7,0,"Previous crop",0.7,"Current post-growing season + pre-growing season",0.7,"Partial"
"USGS-450456092225801","WF1",0,0,0,"Non-Frozen","Storm","2014-12",1,2014-05-12 06:52:00,2014-05-12 18:30:00,20980,4.384,38.862,5.433,7.15264,76.2,59.436,47.752,33.02,19.05,1223,15.9,1258,16.36,0,2.286,40.894,84.836,184,241,5.73,102,134,3.17,0.398,0.521,0.0124,1,1.32,0.0312,,,,,952,42.1,1833876,3.48698821512469,"Surface","Dairy and Grain","Corn-Soybean","Cultivated Crops","Cultivated Crops","No",,"Santiago silt loam","High-infiltration","Well drained",4.4,0.12,2014,"Pre-growing season",0.7,0.7,0,0.7,0,0,0.7,0,0,0.7,0.7,0,"Previous crop",0.7,"Current post-growing season + pre-growing season",0.7,"Partial"
"USGS-450456092225801","WF1",0,0,0,"Non-Frozen","Storm","2014-14",1,2014-05-19 19:45:00,2014-05-20 09:00:00,23550,2.175,53.594,7.417,7.2263,33.528,24.384,22.352,17.272,16.764,1682,11.44,1693,11.51,0,0,5.588,85.344,94,138,3.28,82,121,2.86,0.419,0.616,0.0146,0.797,1.17,0.0278,,,,,953,42.1,1833876,3.91413596121003,"Surface","Dairy and Grain","Corn-Soybean","Cultivated Crops","Cultivated Crops","No",,"Santiago silt loam","High-infiltration","Well drained",4.4,0.12,2014,"Pre-growing season",0.7,0.7,0,0.7,0,0,0.7,0,0,0.7,0.7,0,"Previous crop",0.7,"Current post-growing season + pre-growing season",0.7,"Partial"
"USGS-450456092225801","WF1",0,0,0,"Non-Frozen","Storm","2014-18",1,2014-06-07 15:18:00,2014-06-07 22:00:00,2138,0.2116,27.94,8.067,3.46456,15.24,13.716,12.192,11.176,9.144,669.2,2.944,752.8,3.312,0,6.858,97.79,113.538,143,19.1,0.453,250,33.4,0.793,0.447,0.0597,0.00142,0.83,0.111,0.00263,,,,,954,42.1,1833876,0.355347035459322,"Surface","Dairy and Grain","Corn-Soybean","Cultivated Crops","Cultivated Crops","No",,"Santiago silt loam","High-infiltration","Well drained",4.4,0.12,2014,"Growing season",0.7,0.7,0,0.7,0,0,0.7,0,0,0.7,0.7,0,"Current crop",0.7,"Current pre-growing season + growing season",,
"USGS-450456092225801","WF1",0,0,0,"Non-Frozen","Storm","2014-19",1,2014-06-15 03:21:00,2014-06-15 20:30:00,69200,13,63.754,14.12,4.51612,64.008,57.912,43.688,36.576,26.162,2021,29.1,2059,29.65,3.81,3.81,5.334,116.586,945,4080,97,106,458,10.9,0.342,1.48,0.0351,1.85,7.99,0.19,,,,,955,42.1,1833876,11.5014101280566,"Surface","Dairy and Grain","Corn-Soybean","Cultivated Crops","Cultivated Crops","No",,"Santiago silt loam","High-infiltration","Well drained",4.4,0.12,2014,"Growing season",0.7,0.7,0,0.7,0,0,0.7,0,0,0.7,0.7,0,"Current crop",0.7,"Current pre-growing season + growing season",,
"USGS-450456092225801","WF1",0,0,0,"Non-Frozen","Storm","2014-21",1,2014-06-19 10:45:00,2014-06-20 02:30:00,123100,34.69,56.388,14.48,3.89382,94.488,82.296,74.168,48.768,30.226,1844,35.41,1883,36.16,3.556,10.414,92.71,129.032,1530,11800,279,102,784,18.6,0.211,1.62,0.0385,2.25,17.3,0.411,,,,,956,42.1,1833876,20.4598784214418,"Surface","Dairy and Grain","Corn-Soybean","Cultivated Crops","Cultivated Crops","No",,"Santiago silt loam","High-infiltration","Well drained",4.4,0.12,2014,"Growing season",0.7,0.7,0,0.7,0,0,0.7,0,0,0.7,0.7,0,"Current crop",0.7,"Current pre-growing season + growing season",,
"USGS-450456092225801","WF1",0,0,0,"Non-Frozen","Storm","2014-22",1,2014-06-28 23:32:00,2014-06-29 13:00:00,109900,46.44,48.26,10.37,4.65582,97.536,64.008,57.912,41.656,35.814,1861,30.52,1796,29.46,0,6.35,27.94,173.228,1600,11000,260,58,398,9.45,0.272,1.87,0.0443,0.498,3.42,0.0811,,,,,957,42.1,1833876,18.2659678189801,"Surface","Dairy and Grain","Corn-Soybean","Cultivated Crops","Cultivated Crops","No",,"Santiago silt loam","High-infiltration","Well drained",4.4,0.12,2014,"Growing season",0.7,0.7,0,0.7,0,0,0.7,0,0,0.7,0.7,0,"Current crop",0.7,"Current pre-growing season + growing season",,
"USGS-450456092225801","WF1",0,0,0,"Non-Frozen","Storm","2014-24",1,2014-08-29 23:52:00,2014-08-30 13:30:00,16800,1.89,31.242,12,2.6035,36.576,32.004,30.48,20.32,10.922,822.8,6.582,871.9,6.975,22.098,22.606,33.02,86.868,61,64,1.52,120,126,2.99,0.688,0.722,0.0171,0.971,1.02,0.0242,,,,,958,42.1,1833876,2.79224985767849,"Surface","Dairy and Grain","Corn-Soybean","Cultivated Crops","Cultivated Crops","No",,"Santiago silt loam","High-infiltration","Well drained",4.4,0.12,2014,"Growing season",0.7,0.7,0,0.7,0,0,0.7,0,0,0.7,0.7,0,"Current crop",0.7,"Current pre-growing season + growing season",,
"USGS-450456092225801","WF1",0,0,0,"Non-Frozen","Storm","2014-25",1,2014-09-01 07:00:00,2014-09-01 13:45:00,5606,0.9898,26.162,7.433,3.52044,30.48,21.336,19.304,11.176,5.842,683.5,3.007,738.5,3.249,0,15.24,62.992,103.632,57,19.9,0.474,116,40.6,0.964,0.606,0.212,0.00504,0.882,0.309,0.00733,,,,,959,42.1,1833876,0.931747184651525,"Surface","Dairy and Grain","Corn-Soybean","Cultivated Crops","Cultivated Crops","No",,"Santiago silt loam","High-infiltration","Well drained",4.4,0.12,2014,"Growing season",0.7,0.7,0,0.7,0,0,0.7,0,0,0.7,0.7,0,"Current crop",0.7,"Current pre-growing season + growing season",,
"USGS-450456092225801","WF1",0,0,0,"Non-Frozen","Storm","2014-26",1,2014-09-04 01:55:00,2014-09-04 06:00:00,68670,43.79,32.512,3.583,9.07288,112.776,103.632,90.424,52.324,28.956,1282,26.42,1255,25.85,5.842,5.842,85.852,110.998,585,2510,59.6,44,189,4.48,0.221,0.947,0.0225,0.976,4.18,0.0994,,,,,960,42.1,1833876,11.4133212932608,"Surface","Dairy and Grain","Corn-Soybean","Cultivated Crops","Cultivated Crops","No",,"Santiago silt loam","High-infiltration","Well drained",4.4,0.12,2014,"Growing season",0.7,0.7,0,0.7,0,0,0.7,0,0,0.7,0.7,0,"Current crop",0.7,"Current pre-growing season + growing season",,
"USGS-450456092225801","WF1",0,0,0,"Non-Frozen","Storm","2014-27",1,2014-09-10 04:20:00,2014-09-10 06:39:00,4689,2.505,20.066,2.067,9.71042,128.016,112.776,91.44,76.2,38.608,1623,48.7,1531,45.92,0,0.254,39.37,120.396,162,47.4,1.13,68,19.9,0.473,0.784,0.229,0.00545,1.06,0.31,0.00737,,,,,961,42.1,1833876,0.779336879919907,"Surface","Dairy and Grain","Corn-Soybean","Cultivated Crops","Cultivated Crops","No",,"Santiago silt loam","High-infiltration","Well drained",4.4,0.12,2014,"Growing season",0.7,0.7,0,0.7,0,0,0.7,0,0,0.7,0.7,0,"Current crop",0.7,"Current pre-growing season + growing season",,
"USGS-450456092225801","WF1",0,0,0,"Non-Frozen","Storm","2014-28",1,2014-09-10 12:04:00,2014-09-10 18:15:00,5111,0.6446,36.83,11.35,3.24612,128.016,112.776,91.44,76.2,38.608,1960,58.8,1931,57.92,0,0.254,39.37,120.396,52,16.6,0.394,106,33.8,0.803,0.459,0.146,0.00348,0.703,0.224,0.00533,,,,,962,42.1,1833876,0.849475537059212,"Surface","Dairy and Grain","Corn-Soybean","Cultivated Crops","Cultivated Crops","No",,"Santiago silt loam","High-infiltration","Well drained",4.4,0.12,2014,"Growing season",0.7,0.7,0,0.7,0,0,0.7,0,0,0.7,0.7,0,"Current crop",0.7,"Current pre-growing season + growing season",,
"USGS-450456092225801","WF1",0,0,0,"Non-Frozen","Storm","2015-3",1,2015-05-08,2015-05-08 02:15:00,2650,1.526,14.224,0.5667,25.10028,67.056,65.532,52.832,26.416,14.224,587.9,6.114,566.7,5.894,3.048,4.318,16.002,16.002,5840,966,22.9,184,30.4,0.723,0.308,0.0509,0.00121,11.3,1.87,0.0444,,,,,963,42.1,1833876,0.440444173979048,"Surface","Dairy and Grain","Corn-Soybean","Cultivated Crops","Cultivated Crops","No",,"Santiago silt loam","High-infiltration","Well drained",4.4,0.12,2015,"Pre-growing season",0.7,0.7,0,0.7,0,0,0.7,0,0,0,0,0,"Previous crop",0.7,"Current post-growing season + pre-growing season",0,"No"
"USGS-450456092225801","WF1",0,0,0,"Non-Frozen","Storm","2015-4",1,2015-05-17 15:15:00,2015-05-17 18:00:00,6118,3.288,10.16,0.4833,21.02104,54.864,32.004,29.464,20.32,10.16,389.3,3.114,374.9,2.999,1.016,1.016,22.098,52.832,4260,1630,38.6,110,42,0.998,0.298,0.114,0.0027,7.89,3.01,0.0716,,,,,964,42.1,1833876,1.01684432317125,"Surface","Dairy and Grain","Corn-Soybean","Cultivated Crops","Cultivated Crops","No",,"Santiago silt loam","High-infiltration","Well drained",4.4,0.12,2015,"Pre-growing season",0.7,0.7,0,0.7,0,0,0.7,0,0,0,0,0,"Previous crop",0.7,"Current post-growing season + pre-growing season",0,"No"
"USGS-450456092225801","WF1",0,0,0,"Non-Frozen","Storm","2015-5",1,2015-05-17 22:57:00,2015-05-18 03:00:00,34000,26.79,14.986,3.967,3.77698,88.392,53.34,50.8,29.464,14.732,603.6,7.002,582.8,6.76,11.176,11.176,32.258,62.992,5790,12300,292,128,272,6.45,0.202,0.429,0.0102,8.6,18.3,0.434,,,,,965,42.1,1833876,5.65098185482552,"Surface","Dairy and Grain","Corn-Soybean","Cultivated Crops","Cultivated Crops","No",,"Santiago silt loam","High-infiltration","Well drained",4.4,0.12,2015,"Pre-growing season",0.7,0.7,0,0.7,0,0,0.7,0,0,0,0,0,"Previous crop",0.7,"Current post-growing season + pre-growing season",0,"No"
"USGS-450456092225801","WF1",0,0,0,"Non-Frozen","Storm","2015-6",1,2015-06-07 06:52:00,2015-06-07 10:15:00,3856,2.1,19.304,3.783,5.10286,48.768,28.956,26.416,17.272,14.478,654.7,4.452,645,4.386,0,0,11.684,44.704,1850,445,10.6,314,75.6,1.8,0.306,0.0737,0.00175,3.51,0.845,0.0201,,,,,966,42.1,1833876,0.640887824476682,"Surface","Dairy and Grain","Corn-Soybean","Cultivated Crops","Cultivated Crops","No",,"Santiago silt loam","High-infiltration","Well drained",4.4,0.12,2015,"Growing season",0.7,0.7,0,0.7,0,0,0.7,0,0,0,0,0,"Current crop",0.7,"Current pre-growing season + growing season",,
"USGS-450456092225801","WF1",0,0,0,"Non-Frozen","Storm","2015-7",1,2015-06-17 21:45:00,2015-06-18 00:15:00,29380,15.04,17.526,1.067,16.43126,54.864,45.72,34.544,20.828,17.018,659.9,5.411,641.5,5.26,0.508,0.508,27.94,48.006,3800,6960,165,90,165,3.92,0.223,0.409,0.00972,6.16,11.3,0.268,,,,,967,42.1,1833876,4.88311314396393,"Surface","Dairy and Grain","Corn-Soybean","Cultivated Crops","Cultivated Crops","No",,"Santiago silt loam","High-infiltration","Well drained",4.4,0.12,2015,"Growing season",0.7,0.7,0,0.7,0,0,0.7,0,0,0,0,0,"Current crop",0.7,"Current pre-growing season + growing season",,
"USGS-450456092225801","WF1",0,0,0,"Non-Frozen","Storm","2015-8",2,2015-07-06 10:35:00,2015-07-06 21:15:00,76050,43.89,76.2,14.17,5.37972,88.392,80.772,71.12,45.212,25.146,2573,45.8,2555,45.48,0,0,5.08,25.908,1840,8750,208,171,813,19.3,0.591,2.81,0.0666,2.87,13.6,0.323,,,,,968,42.1,1833876,12.6399167664553,"Surface","Dairy and Grain","Corn-Soybean","Cultivated Crops","Cultivated Crops","No",,"Santiago silt loam","High-infiltration","Well drained",4.4,0.12,2015,"Growing season",0.7,0.7,0,0.7,0,0,0.7,0,0,0,0,0,"Current crop",0.7,"Current pre-growing season + growing season",,
"USGS-450456092225801","WF1",0,0,0,"Non-Frozen","Storm","2015-9",1,2015-07-13 03:55:00,2015-07-13 08:28:00,13520,3.084,37.846,2.7,14.01826,70.104,57.912,57.912,46.736,29.21,1437,26.45,1386,25.51,0,0,76.2,81.28,99,83.6,1.99,94,79.4,1.89,0.615,0.519,0.0123,0.863,0.729,0.0173,,,,,969,42.1,1833876,2.2470963140365,"Surface","Dairy and Grain","Corn-Soybean","Cultivated Crops","Cultivated Crops","No",,"Santiago silt loam","High-infiltration","Well drained",4.4,0.12,2015,"Growing season",0.7,0.7,0,0.7,0,0,0.7,0,0,0,0,0,"Current crop",0.7,"Current pre-growing season + growing season",,
"USGS-450456092225801","WF1",0,0,0,"Non-Frozen","Storm","2015-10",1,2015-07-13 22:11:00,2015-07-14 02:30:00,26460,13.74,16.764,0.5167,32.4358,79.248,67.056,57.912,33.02,16.764,690,8.97,663.1,8.62,38.354,38.354,38.354,119.634,534,882,21,90,149,3.53,0.486,0.803,0.0191,1.43,2.36,0.0561,,,,,970,42.1,1833876,4.39779352584362,"Surface","Dairy and Grain","Corn-Soybean","Cultivated Crops","Cultivated Crops","No",,"Santiago silt loam","High-infiltration","Well drained",4.4,0.12,2015,"Growing season",0.7,0.7,0,0.7,0,0,0.7,0,0,0,0,0,"Current crop",0.7,"Current pre-growing season + growing season",,
"USGS-450456092225801","WF1",0,0,0,"Non-Frozen","Storm","2015-11",1,2015-07-18 06:43:00,2015-07-18 11:30:00,27630,13.78,28.956,2.55,11.35634,109.728,96.012,77.216,42.164,23.876,1063,17.65,1069,17.74,0.254,7.366,62.992,139.192,371,640,15.2,58,100,2.38,0.514,0.887,0.0211,1.18,2.04,0.0483,,,,,971,42.1,1833876,4.59225378378909,"Surface","Dairy and Grain","Corn-Soybean","Cultivated Crops","Cultivated Crops","No",,"Santiago silt loam","High-infiltration","Well drained",4.4,0.12,2015,"Growing season",0.7,0.7,0,0.7,0,0,0.7,0,0,0,0,0,"Current crop",0.7,"Current pre-growing season + growing season",,
"USGS-450456092225801","WF1",0,0,0,"Non-Frozen","Storm","2015-12",1,2015-08-07 10:30:00,2015-08-07 14:15:00,10450,3.264,20.066,3.833,5.23494,39.624,30.48,22.352,17.78,11.684,678.5,4.749,660.4,4.623,8.128,8.382,9.144,33.782,2,0.653,0.0155,82,53.5,1.27,0.793,0.518,0.0123,1.02,0.666,0.0158,"<",,,,972,42.1,1833876,1.73684589361549,"Surface","Dairy and Grain","Corn-Soybean","Cultivated Crops","Cultivated Crops","No",,"Santiago silt loam","High-infiltration","Well drained",4.4,0.12,2015,"Growing season",0.7,0.7,0,0.7,0,0,0.7,0,0,0,0,0,"Current crop",0.7,"Current pre-growing season + growing season",,
"USGS-450456092225801","WF1",0,0,0,"Non-Frozen","Storm","2015-13",1,2015-08-18 20:46:00,2015-08-19 05:45:00,129300,33.58,73.66,9.95,7.4041,94.488,79.248,61.976,39.624,23.876,2395,37.36,2421,37.77,0.254,2.032,2.032,31.496,202,1630,38.7,88,710,16.9,0.437,3.53,0.0838,0.861,6.95,0.165,,,,,973,42.1,1833876,21.4903515832041,"Surface","Dairy and Grain","Corn-Soybean","Cultivated Crops","Cultivated Crops","No",,"Santiago silt loam","High-infiltration","Well drained",4.4,0.12,2015,"Growing season",0.7,0.7,0,0.7,0,0,0.7,0,0,0,0,0,"Current crop",0.7,"Current pre-growing season + growing season",,
"USGS-450456092225801","WF1",0,0,0,"Non-Frozen","Storm","2015-15",1,2015-08-23 01:00:00,2015-08-23 08:00:00,18490,5.105,29.21,5.95,4.90982,54.864,48.768,48.768,30.48,19.558,1071,12.85,1034,12.41,0,0,81.534,82.55,175,202,4.8,80,92.3,2.19,0.645,0.744,0.0177,1.11,1.28,0.0304,,,,,974,42.1,1833876,3.07313689693305,"Surface","Dairy and Grain","Corn-Soybean","Cultivated Crops","Cultivated Crops","No",,"Santiago silt loam","High-infiltration","Well drained",4.4,0.12,2015,"Growing season",0.7,0.7,0,0.7,0,0,0.7,0,0,0,0,0,"Current crop",0.7,"Current pre-growing season + growing season",,
"USGS-450456092225801","WF1",0,0,0,"Non-Frozen","Storm","2015-18",1,2015-09-17 13:30:00,2015-09-17 19:24:00,6440,1.037,20.066,8.05,2.492756,36.576,25.908,19.304,13.716,8.382,608.2,3.284,607.9,3.283,8.636,8.636,8.89,33.782,126,50.7,1.2,126,50.7,1.2,0.833,0.335,0.00795,1.32,0.531,0.0126,,,,,975,42.1,1833876,1.07036244544342,"Surface","Dairy and Grain","Corn-Soybean","Cultivated Crops","Cultivated Crops","No",,"Santiago silt loam","High-infiltration","Well drained",4.4,0.12,2015,"Growing season",0.7,0.7,0,0.7,0,0,0.7,0,0,0,0,0,"Current crop",0.7,"Current pre-growing season + growing season",,
"USGS-450456092225801","WF1",0,0,0,"Non-Frozen","Storm","2016-5",1,2015-10-31 13:52:00,2015-10-31 22:00:00,1600,0.1186,10.16,10.4,0.976884,3.048,3.048,2.032,2.032,1.778,155,0.124,185.5,0.1484,0,2.032,32.512,37.338,16,1.6,0.038,180,18,0.427,0.969,0.0968,0.0023,1.21,0.121,0.00287,,,,,976,42.1,1833876,0.265928557874142,"Surface","Dairy and Grain","Corn-Soybean","Cultivated Crops","Cultivated Crops","No",,"Santiago silt loam","High-infiltration","Well drained",4.4,0.12,2016,"Post-growing season",0.7,1.4,0.7,0.7,0,0,0.7,0,0,0.7,0.7,0,"Previous crop",0.7,"Previous growing season + current post-growing season",0.7,"Partial"
"USGS-450456092225801","WF1",0,0,0,"Non-Frozen","Storm","2016-6",1,2015-11-12 00:45:00,2015-11-12 14:15:00,4881,0.2635,58.928,15,3.92938,60.96,38.1,26.416,15.24,10.922,1611,9.666,1728,10.37,0,0,1.27,16.002,49,14.9,0.355,217,66.1,1.57,7.51,2.29,0.0544,8.6,2.62,0.0622,,,,,977,42.1,1833876,0.811248306864804,"Surface","Dairy and Grain","Corn-Soybean","Cultivated Crops","Cultivated Crops","No",,"Santiago silt loam","High-infiltration","Well drained",4.4,0.12,2016,"Post-growing season",0.7,1.4,0.7,0.7,0,0,0.7,0,0,0.7,0.7,0,"Previous crop",0.7,"Previous growing season + current post-growing season",0.7,"Partial"
"USGS-450456092225801","WF1",0,0,0,"Non-Frozen","Storm","2016-10",1,2015-12-14 13:22:00,2015-12-15 06:45:00,6696,0.441,36.576,11.78,3.10388,9.144,9.144,9.144,8.128,7.62,837.2,2.679,964.2,3.086,5.588,6.096,11.938,17.018,94,39.3,0.933,137,57.3,1.36,1.01,0.422,0.01,1.64,0.686,0.0163,,,,,978,42.1,1833876,1.11291101470328,"Surface","Dairy and Grain","Corn-Soybean","Cultivated Crops","Cultivated Crops","No",,"Santiago silt loam","High-infiltration","Well drained",4.4,0.12,2016,"Post-growing season",0.7,1.4,0.7,0.7,0,0,0.7,0,0,0.7,0.7,0,"Previous crop",0.7,"Previous growing season + current post-growing season",0.7,"Partial"
"USGS-450456092225801","WF1",0,0,0,"Frozen","Storm","2016-12",2,2016-03-06 22:00:00,2016-03-08 15:15:00,7102,0.111,0,,,,,,,,,,,,0,0.508,0.508,1.524,8.5,3.77,0.0895,48.5,21.5,0.511,0.836,0.371,0.0088,0.854,0.379,0.009,,,,,979,42.1,1833876,1.18039038626385,"Surface","Dairy and Grain","Corn-Soybean","Cultivated Crops","Cultivated Crops","No",,"Santiago silt loam","High-infiltration","Well drained",4.4,0.12,2016,"Pre-growing season",0.7,1.4,0.7,0.7,0,0,0.7,0,0,0.7,0.7,0,"Previous crop",1.4,"Current post-growing season + pre-growing season",0.7,"Partial"
"USGS-450456092225801","WF1",0,0,0,"Non-Frozen","Storm","2016-13",1,2016-03-08 20:30:00,2016-03-09 07:45:00,3337,0.1542,0,,,,,,,,,,,,0,0,0.508,1.016,11,2.29,0.0544,132,27.5,0.653,0.527,0.11,0.00261,0.624,0.13,0.00309,,,,,980,42.1,1833876,0.554627248516257,"Surface","Dairy and Grain","Corn-Soybean","Cultivated Crops","Cultivated Crops","No",,"Santiago silt loam","High-infiltration","Well drained",4.4,0.12,2016,"Pre-growing season",0.7,1.4,0.7,0.7,0,0,0.7,0,0,0.7,0.7,0,"Previous crop",1.4,"Current post-growing season + pre-growing season",0.7,"Partial"
"USGS-450456092225801","WF1",0,0,0,"Non-Frozen","Storm","2016-14",1,2016-03-16 06:30:00,2016-03-16 20:45:00,2279,0.1017,22.606,12.6,1.794002,6.096,6.096,6.096,5.08,3.81,403.3,0.8066,501,1.002,13.208,13.462,13.462,13.97,20,2.85,0.0676,137,19.5,0.463,0.492,0.07,0.00166,0.647,0.0921,0.00219,,,,,981,42.1,1833876,0.378781989621981,"Surface","Dairy and Grain","Corn-Soybean","Cultivated Crops","Cultivated Crops","No",,"Santiago silt loam","High-infiltration","Well drained",4.4,0.12,2016,"Pre-growing season",0.7,1.4,0.7,0.7,0,0,0.7,0,0,0.7,0.7,0,"Previous crop",1.4,"Current post-growing season + pre-growing season",0.7,"Partial"
"USGS-450456092225801","WF1",0,0,0,"Non-Frozen","Storm","2016-16",1,2016-08-11 09:18:00,2016-08-11 15:15:00,10850,1.446,65.532,9.55,6.86308,76.2,59.436,61.976,40.64,22.098,2126,34.01,2156,34.5,0,0,14.986,14.986,37,25.1,0.595,138,93.5,2.22,1.81,1.23,0.0291,2.04,1.38,0.0328,,,,,982,42.1,1833876,1.80332803308402,"Surface","Dairy and Grain","Corn-Soybean","Cultivated Crops","Cultivated Crops","No",,"Santiago silt loam","High-infiltration","Well drained",4.4,0.12,2016,"Growing season",0.7,1.4,0.7,0.7,0,0,0.7,0,0,0.7,0.7,0,"Current crop",0.7,"Current pre-growing season + growing season",,
"USGS-450456092225801","WF1",0,0,0,"Non-Frozen","Storm","2016-17",1,2016-09-06 11:32:00,2016-09-06 17:30:00,36420,11.97,69.342,8.95,7.747,109.728,79.248,62.992,37.592,32.512,2529,37.43,2489,36.84,7.874,9.398,9.398,34.29,271,616,14.6,86,196,4.64,0.711,1.62,0.0384,1.4,3.18,0.0756,,,,,983,42.1,1833876,6.05319879861016,"Surface","Dairy and Grain","Corn-Soybean","Cultivated Crops","Cultivated Crops","No",,"Santiago silt loam","High-infiltration","Well drained",4.4,0.12,2016,"Growing season",0.7,1.4,0.7,0.7,0,0,0.7,0,0,0.7,0.7,0,"Current crop",0.7,"Current pre-growing season + growing season",,
"USGS-450456092225801","WF1",0,0,0,"Non-Frozen","Storm","2016-18",1,2016-09-21 23:45:00,2016-09-22 12:15:00,30970,5.677,53.594,12.87,4.1656,85.344,51.816,35.56,21.844,17.018,1695,14.58,1712,14.72,2.794,2.794,32.766,35.052,253,489,11.6,102,197,4.68,0.805,1.56,0.037,1.72,3.33,0.079,,,,,984,42.1,1833876,5.14737964835136,"Surface","Dairy and Grain","Corn-Soybean","Cultivated Crops","Cultivated Crops","No",,"Santiago silt loam","High-infiltration","Well drained",4.4,0.12,2016,"Growing season",0.7,1.4,0.7,0.7,0,0,0.7,0,0,0.7,0.7,0,"Current crop",0.7,"Current pre-growing season + growing season",,
"USGS-450456092225801","WF1",0,0,0,"Frozen","Storm","2017-1",3,2017-01-20 04:00:00,2017-01-26 16:30:00,130800,0.9867,4.572,76.08,0.0600964,6.096,4.572,4.064,3.048,1.524,71.82,0.08618,57.89,0.06946,0,0,7.366,7.366,6.9,56.5,1.34,176,1440,34.1,0.594,4.85,0.115,0.718,5.86,0.139,,,,,985,42.1,1833876,21.7396596062111,"Surface","Dairy and Grain","Corn-Soybean","Cultivated Crops","Cultivated Crops","No",,"Santiago silt loam","High-infiltration","Well drained",4.4,0.12,2017,"Pre-growing season",0.7,0,0,0,0,0,0.7,0,0,0.7,0.7,0,"Previous crop",0,"Current post-growing season + pre-growing season",0.7,"Partial"
"USGS-450456092225801","WF1",0,0,0,"Frozen","Storm","2017-6",1,2017-02-20 19:53:00,2017-02-21 06:45:00,14100,0.9967,17.78,8.633,2.059432,6.096,6.096,6.096,5.08,5.08,362.8,0.7255,435.3,0.8705,0,0,0,0.254,12,10.6,0.251,148,130,3.09,0.403,0.355,0.00842,0.573,0.504,0.012,,,,,986,42.1,1833876,2.34349541626588,"Surface","Dairy and Grain","Corn-Soybean","Cultivated Crops","Cultivated Crops","No",,"Santiago silt loam","High-infiltration","Well drained",4.4,0.12,2017,"Pre-growing season",0.7,0,0,0,0,0,0.7,0,0,0.7,0.7,0,"Previous crop",0,"Current post-growing season + pre-growing season",0.7,"Partial"
"USGS-450456092225801","WF1",0,0,0,"Non-Frozen","Storm","2017-7",1,2017-03-07 01:23:00,2017-03-07 06:30:00,1642,0.2605,14.478,3.967,3.64998,82.296,53.34,41.656,24.892,13.97,529.2,5.187,520.5,5.101,0.254,0.254,0.254,0.508,32,3.28,0.0779,114,11.7,0.278,0.713,0.0731,0.00174,0.964,0.0988,0.00235,,,,,987,42.1,1833876,0.272909182518338,"Surface","Dairy and Grain","Corn-Soybean","Cultivated Crops","Cultivated Crops","No",,"Santiago silt loam","High-infiltration","Well drained",4.4,0.12,2017,"Pre-growing season",0.7,0,0,0,0,0,0.7,0,0,0.7,0.7,0,"Previous crop",0,"Current post-growing season + pre-growing season",0.7,"Partial"
"USGS-450456092225801","WF1",0,0,0,"Non-Frozen","Storm","2017-8",1,2017-05-17 07:04:00,2017-05-17 18:45:00,22740,2.626,33.528,6.883,4.87172,48.768,38.1,32.512,20.828,12.446,1023,8.389,1045,8.573,28.956,34.036,34.29,47.752,86,122,2.9,108,153,3.64,0.608,0.863,0.0205,0.967,1.37,0.0326,,,,,988,42.1,1833876,3.77950962878624,"Surface","Dairy and Grain","Corn-Soybean","Cultivated Crops","Cultivated Crops","No",,"Santiago silt loam","High-infiltration","Well drained",4.4,0.12,2017,"Pre-growing season",0.7,0,0,0,0,0,0.7,0,0,0.7,0.7,0,"Previous crop",0,"Current post-growing season + pre-growing season",0.7,"Partial"
"USGS-450456092225801","WF1",0,0,0,"Non-Frozen","Storm","2017-10",1,2017-05-20 19:40:00,2017-05-21 04:30:00,12480,1.55,24.13,8,3.01752,9.144,7.62,7.112,6.096,4.826,501.1,1.203,603.6,1.449,0,0,118.364,132.08,100,77.9,1.85,88,68.5,1.63,0.338,0.263,0.00625,0.688,0.536,0.0127,,,,,989,42.1,1833876,2.07424275141831,"Surface","Dairy and Grain","Corn-Soybean","Cultivated Crops","Cultivated Crops","No",,"Santiago silt loam","High-infiltration","Well drained",4.4,0.12,2017,"Pre-growing season",0.7,0,0,0,0,0,0.7,0,0,0.7,0.7,0,"Previous crop",0,"Current post-growing season + pre-growing season",0.7,"Partial"
"USGS-450456092225801","WF1",0,0,0,"Non-Frozen","Storm","2017-11",1,2017-06-14 07:33:00,2017-06-14 09:30:00,2931,1.586,24.638,1.517,16.24584,115.824,86.868,66.04,44.704,23.622,979.2,17.23,945.3,16.64,0,17.018,26.924,32.512,236,43.2,1.03,156,28.5,0.678,0.656,0.12,0.00285,0.864,0.158,0.00375,,,,,990,42.1,1833876,0.487147876955694,"Surface","Dairy and Grain","Corn-Soybean","Cultivated Crops","Cultivated Crops","No",,"Santiago silt loam","High-infiltration","Well drained",4.4,0.12,2017,"Growing season",0.7,0,0,0,0,0,0.7,0,0,0.7,0.7,0,"Current crop",0,"Current pre-growing season + growing season",,
"USGS-450456092225801","WF1",0,0,0,"Non-Frozen","Storm","2017-12",1,2017-07-01 06:13:00,2017-07-01 09:15:00,6580,2.12,29.21,1.217,24.00808,106.68,76.2,68.072,44.704,28.448,1151,20.26,1111,19.55,9.144,9.144,17.018,48.768,88,36.1,0.859,132,54.2,1.29,0.613,0.252,0.00598,0.876,0.36,0.00855,,,,,991,42.1,1833876,1.09363119425741,"Surface","Dairy and Grain","Corn-Soybean","Cultivated Crops","Cultivated Crops","No",,"Santiago silt loam","High-infiltration","Well drained",4.4,0.12,2017,"Growing season",0.7,0,0,0,0,0,0.7,0,0,0.7,0.7,0,"Current crop",0,"Current pre-growing season + growing season",,
"USGS-450456092225801","WF1",0,0,0,"Non-Frozen","Storm","2017-13",1,2017-07-12 08:00:00,2017-07-12 11:15:00,44070,27.36,47.498,0.5,94.996,170.688,135.636,134.112,94.488,47.498,2036,75.74,1987,73.91,0,0,9.906,52.578,284,781,18.6,58,160,3.79,0.328,0.902,0.0214,0.685,1.88,0.0448,,,,,992,42.1,1833876,7.3246697159459,"Surface","Dairy and Grain","Corn-Soybean","Cultivated Crops","Cultivated Crops","No",,"Santiago silt loam","High-infiltration","Well drained",4.4,0.12,2017,"Growing season",0.7,0,0,0,0,0,0.7,0,0,0.7,0.7,0,"Current crop",0,"Current pre-growing season + growing season",,
"USGS-450115092180101","WF2",0,0,0,"Frozen","Storm","2011-2",1,2010-12-30 18:30:00,2010-12-31 06:55:00,1406,0.04776,6.858,10.2,0.672338,9.144,4.572,3.048,2.54,1.778,118.9,0.1189,132.1,0.1321,0,0,0,0,11,0.965,0.144,114,10,1.49,0.305,0.0268,0.00399,0.407,0.0357,0.00533,,,,,993,6.7,291852,1.46837712265121,"Surface","Dairy","Corn-Alfalfa","Cultivated Crops","Cultivated Crops","No",,"Freeon silt loam heavy substratum","Slow-infiltration","Moderately well drained",5.3,0.12,2011,"Post-growing season",1,2,1,1,0,,1,0,0,0,0,0,"Previous crop",,"Previous growing season + current post-growing season",0,"No"
"USGS-450115092180101","WF2",0,0,0,"Frozen","Storm","2011-3",1,2011-02-16 21:00:00,2011-02-19 03:00:00,11520,0.1327,0,,,,,,,,,,,,0,0,0,0,25,18,2.68,94,67.6,10.1,0.312,0.224,0.0335,0.387,0.278,0.0416,,,,,994,6.7,291852,12.0310842481806,"Surface","Dairy","Corn-Alfalfa","Cultivated Crops","Cultivated Crops","No",,"Freeon silt loam heavy substratum","Slow-infiltration","Moderately well drained",5.3,0.12,2011,"Pre-growing season",1,2,1,1,0,,1,0,0,0,0,0,"Previous crop",2,"Current post-growing season + pre-growing season",0,"No"
"USGS-450115092180101","WF2",0,0,0,"Frozen","Storm","2011-4",5,2011-03-16 23:00:00,2011-03-25 05:00:00,191300,3.126,33.274,71.5,0.465328,12.192,10.668,9.144,8.128,7.62,723.7,2.316,811.3,2.596,0,0,0,0,302,3610,539,189,2260,337,0.129,1.54,0.23,0.537,6.41,0.957,,,,,995,6.7,291852,199.78701533654,"Surface","Dairy","Corn-Alfalfa","Cultivated Crops","Cultivated Crops","No",,"Freeon silt loam heavy substratum","Slow-infiltration","Moderately well drained",5.3,0.12,2011,"Pre-growing season",1,2,1,1,0,,1,0,0,0,0,0,"Previous crop",2,"Current post-growing season + pre-growing season",0,"No"
"USGS-450115092180101","WF2",0,0,0,"Non-Frozen","Storm","2011-8",1,2011-04-10 07:45:00,2011-04-10 18:45:00,17580,4.868,0,,,,,,,,,,,,0.762,0.762,1.778,6.35,6450,7080,1060,248,272,40.6,0.093,0.102,0.0152,6.54,7.18,1.07,,,,,996,6.7,291852,18.3599358579006,"Surface","Dairy","Corn-Alfalfa","Cultivated Crops","Cultivated Crops","No",,"Freeon silt loam heavy substratum","Slow-infiltration","Moderately well drained",5.3,0.12,2011,"Pre-growing season",1,2,1,1,0,,1,0,0,0,0,0,"Previous crop",2,"Current post-growing season + pre-growing season",0,"No"
"USGS-450115092180101","WF2",0,0,0,"Non-Frozen","Storm","2011-9",1,2011-04-26 10:30:00,2011-04-27 12:00:00,15950,0.9743,33.528,13.73,2.441448,6.096,6.096,5.08,4.572,4.318,664.4,1.196,815.1,1.467,0,0,7.874,7.874,837,833,124,216,215,32.1,0.078,0.0777,0.0116,1.46,1.45,0.217,,,,,997,6.7,291852,16.6576209859792,"Surface","Dairy","Corn-Alfalfa","Cultivated Crops","Cultivated Crops","No",,"Freeon silt loam heavy substratum","Slow-infiltration","Moderately well drained",5.3,0.12,2011,"Pre-growing season",1,2,1,1,0,,1,0,0,0,0,0,"Previous crop",2,"Current post-growing season + pre-growing season",0,"No"
"USGS-450115092180101","WF2",0,0,0,"Non-Frozen","Storm","2011-12",1,2011-06-18 12:45:00,2011-06-18 16:00:00,14060,5.82,33.782,2.1,16.08582,67.056,54.864,50.8,39.116,30.988,1320,20.33,1251,19.27,0.508,0.508,30.48,40.894,8000,7020,1050,170,149,22.3,0.183,0.161,0.024,6.96,6.11,0.912,,,,,998,6.7,291852,14.6837712265121,"Surface","Dairy","Corn-Alfalfa","Cultivated Crops","Cultivated Crops","No",,"Freeon silt loam heavy substratum","Slow-infiltration","Moderately well drained",5.3,0.12,2011,"Growing season",1,2,1,1,0,,1,0,0,0,0,0,"Current crop",1,"Current pre-growing season + growing season",,
"USGS-450115092180101","WF2",0,0,0,"Non-Frozen","Storm","2011-19",1,2011-07-10 11:30:00,2011-07-10 12:30:00,4227,4.94,25.908,0.85,30.48,161.544,126.492,95.504,49.276,25.908,1074,20.83,1054,20.45,0,0,0.508,4.318,4040,1070,159,118,31.1,4.65,0.115,0.0303,0.00453,2.22,0.586,0.0874,,,,,999,6.7,291852,4.41453065252251,"Surface","Dairy","Corn-Alfalfa","Cultivated Crops","Cultivated Crops","No",,"Freeon silt loam heavy substratum","Slow-infiltration","Moderately well drained",5.3,0.12,2011,"Growing season",1,2,1,1,0,,1,0,0,0,0,0,"Current crop",1,"Current pre-growing season + growing season",,
"USGS-450115092180101","WF2",0,0,0,"Non-Frozen","Storm","2011-20",1,2011-07-11 04:45:00,2011-07-11 06:45:00,11820,9.82,29.464,1.967,14.98092,121.92,96.012,82.296,51.308,27.178,1147,23.16,1124,22.71,25.908,25.908,26.416,30.226,3960,2920,436,112,82.6,12.3,0.088,0.0649,0.00969,2.56,1.89,0.282,,,,,1000,6.7,291852,12.3443937338103,"Surface","Dairy","Corn-Alfalfa","Cultivated Crops","Cultivated Crops","No",,"Freeon silt loam heavy substratum","Slow-infiltration","Moderately well drained",5.3,0.12,2011,"Growing season",1,2,1,1,0,,1,0,0,0,0,0,"Current crop",1,"Current pre-growing season + growing season",,
"USGS-450115092180101","WF2",0,0,0,"Non-Frozen","Storm","2011-21",1,2011-07-16 11:30:00,2011-07-16 20:15:00,47310,12.28,59.182,1.9,31.1404,85.344,79.248,66.04,56.896,42.926,2418,54.16,2338,52.36,20.32,21.336,76.708,77.216,1960,5780,863,98,289,43.2,0.081,0.239,0.0357,1.44,4.25,0.635,,,,,1001,6.7,291852,49.4089058838041,"Surface","Dairy","Corn-Alfalfa","Cultivated Crops","Cultivated Crops","No",,"Freeon silt loam heavy substratum","Slow-infiltration","Moderately well drained",5.3,0.12,2011,"Growing season",1,2,1,1,0,,1,0,0,0,0,0,"Current crop",1,"Current pre-growing season + growing season",,
"USGS-450115092180101","WF2",0,0,0,"Non-Frozen","Storm","2011-23",1,2011-08-17 01:00:00,2011-08-17 07:15:00,3815,1.55,42.672,2.717,15.70736,64.008,48.768,40.64,34.036,27.94,1595,21.37,1532,20.53,0,0,6.096,32.004,1980,472,70.5,68,16.2,2.42,0.278,0.0662,0.00988,0.986,0.235,0.0351,,,,,1002,6.7,291852,3.98425229225772,"Surface","Dairy","Corn-Alfalfa","Cultivated Crops","Cultivated Crops","No",,"Freeon silt loam heavy substratum","Slow-infiltration","Moderately well drained",5.3,0.12,2011,"Growing season",1,2,1,1,0,,1,0,0,0,0,0,"Current crop",1,"Current pre-growing season + growing season",,
"USGS-450115092180101","WF2",0,0,0,"Frozen","Storm","2012-2",1,2012-03-06 20:15:00,2012-03-08 22:45:00,31070,0.6494,0.508,1.65,0.307848,3.048,1.524,1.016,0.508,0.254,11.89,0.002379,10.25,0.002049,0,0,0,0,13,25.2,3.76,122,237,35.3,0.577,1.12,0.167,0.721,1.4,0.209,,,,,1003,6.7,291852,32.4484190617162,"Surface","Dairy","Corn-Alfalfa","Cultivated Crops","Cultivated Crops","No",,"Freeon silt loam heavy substratum","Slow-infiltration","Moderately well drained",5.3,0.12,2012,"Pre-growing season",1,2,0,2,0,0,1,0,1,1,1,0,"Previous crop",2,"Current post-growing season + pre-growing season",1,"Yes"
"USGS-450115092180101","WF2",0,0,0,"Non-Frozen","Storm","2012-4",1,2012-04-16 02:00:00,2012-04-16 09:15:00,8389,6.56,14.986,1.5,9.98982,76.2,53.34,44.704,26.924,13.97,566.9,6.009,550.5,5.835,18.542,22.352,22.606,28.956,25300,13200,1980,124,64.9,9.69,0.179,0.0937,0.014,23.2,12.2,1.81,,,,,1004,6.7,291852,8.76117758315859,"Surface","Dairy","Corn-Alfalfa","Cultivated Crops","Cultivated Crops","No",,"Freeon silt loam heavy substratum","Slow-infiltration","Moderately well drained",5.3,0.12,2012,"Pre-growing season",1,2,0,2,0,0,1,0,1,1,1,0,"Previous crop",2,"Current post-growing season + pre-growing season",1,"Yes"
"USGS-450115092180101","WF2",0,0,0,"Non-Frozen","Storm","2012-5",1,2012-04-18 09:00:00,2012-04-18 19:20:00,4692,4.702,17.526,9.033,1.940052,39.624,28.956,24.384,12.7,7.112,484.8,2.424,494.3,2.472,0,2.794,40.386,41.402,28200,8270,1230,190,55.6,8.31,0.105,0.0308,0.00459,21,6.15,0.918,,,,,1005,6.7,291852,4.90016035524855,"Surface","Dairy","Corn-Alfalfa","Cultivated Crops","Cultivated Crops","No",,"Freeon silt loam heavy substratum","Slow-infiltration","Moderately well drained",5.3,0.12,2012,"Pre-growing season",1,2,0,2,0,0,1,0,1,1,1,0,"Previous crop",2,"Current post-growing season + pre-growing season",1,"Yes"
"USGS-450115092180101","WF2",0,0,0,"Non-Frozen","Storm","2012-6",1,2012-05-02 04:45:00,2012-05-02 08:15:00,5365,2.78,21.082,2.633,8.00608,18.288,18.288,17.272,13.716,11.684,619.3,3.344,644.5,3.48,0.254,4.064,7.62,30.48,4670,1570,234,112,37.5,5.6,0.043,0.0144,0.00215,4.71,1.58,0.235,,,,,1006,6.7,291852,5.60301796801118,"Surface","Dairy","Corn-Alfalfa","Cultivated Crops","Cultivated Crops","No",,"Freeon silt loam heavy substratum","Slow-infiltration","Moderately well drained",5.3,0.12,2012,"Pre-growing season",1,2,0,2,0,0,1,0,1,1,1,0,"Previous crop",2,"Current post-growing season + pre-growing season",1,"Yes"
"USGS-450115092180101","WF2",0,0,0,"Non-Frozen","Storm","2012-7",1,2012-05-03 16:00:00,2012-05-03 22:00:00,4285,4.391,8.89,2.567,3.46456,67.056,36.576,26.416,14.224,8.636,319.9,1.791,318.2,1.782,0.508,21.59,27.432,34.544,18000,4800,717,90,24.1,3.59,0.036,0.00963,0.00144,9.68,2.59,0.387,,,,,1007,6.7,291852,4.47510381974425,"Surface","Dairy","Corn-Alfalfa","Cultivated Crops","Cultivated Crops","No",,"Freeon silt loam heavy substratum","Slow-infiltration","Moderately well drained",5.3,0.12,2012,"Pre-growing season",1,2,0,2,0,0,1,0,1,1,1,0,"Previous crop",2,"Current post-growing season + pre-growing season",1,"Yes"
"USGS-450115092180101","WF2",0,0,0,"Non-Frozen","Storm","2012-8",2,2012-05-05 20:15:00,2012-05-06 22:55:00,25990,5.462,46.736,15.4,3.0353,45.72,39.624,35.56,25.4,16.002,1544,15.44,1523,15.23,1.524,1.524,37.592,41.148,6690,10900,1620,71,115,17.2,0.036,0.058,0.00865,5.64,9.15,1.37,,,,,1008,6.7,291852,27.1430451050532,"Surface","Dairy","Corn-Alfalfa","Cultivated Crops","Cultivated Crops","No",,"Freeon silt loam heavy substratum","Slow-infiltration","Moderately well drained",5.3,0.12,2012,"Pre-growing season",1,2,0,2,0,0,1,0,1,1,1,0,"Previous crop",2,"Current post-growing season + pre-growing season",1,"Yes"
"USGS-450115092180101","WF2",0,0,0,"Non-Frozen","Storm","2012-9",2,2012-05-24 13:00:00,2012-05-25 02:30:00,13320,6.243,44.958,10.2,4.4069,88.392,56.388,41.656,27.432,19.304,1605,17.33,1564,16.89,2.794,2.794,5.842,7.112,2780,2310,345,30.9,25.7,3.83,0.081,0.0677,0.0101,2.08,1.73,0.258,,,,,1009,6.7,291852,13.9109411619588,"Surface","Dairy","Corn-Alfalfa","Cultivated Crops","Cultivated Crops","No",,"Freeon silt loam heavy substratum","Slow-infiltration","Moderately well drained",5.3,0.12,2012,"Pre-growing season",1,2,0,2,0,0,1,0,1,1,1,0,"Previous crop",2,"Current post-growing season + pre-growing season",1,"Yes"
"USGS-450115092180101","WF2",0,0,0,"Non-Frozen","Storm","2012-10",1,2012-05-26 15:45:00,2012-05-26 20:15:00,2557,1.985,14.478,1.4,10.34034,36.576,28.956,23.368,17.78,12.192,474.3,3.32,472.3,3.306,0,27.432,50.8,50.8,1470,235,35.1,28,4.47,0.667,0.074,0.0118,0.00176,1.41,0.225,0.0336,,,,,1010,6.7,291852,2.67044118251717,"Surface","Dairy","Corn-Alfalfa","Cultivated Crops","Cultivated Crops","No",,"Freeon silt loam heavy substratum","Slow-infiltration","Moderately well drained",5.3,0.12,2012,"Pre-growing season",1,2,0,2,0,0,1,0,1,1,1,0,"Previous crop",2,"Current post-growing season + pre-growing season",1,"Yes"
"USGS-450115092180101","WF2",0,0,0,"Non-Frozen","Storm","2012-14",1,2012-06-16 23:30:00,2012-06-17 02:00:00,3499,3.03,0,,,,,,,,,,,,3.048,12.446,36.322,45.974,1120,245,36.5,44,9.61,1.43,0.073,0.0159,0.00238,0.93,0.203,0.0303,,,,,1011,6.7,291852,3.65423296739443,"Surface","Dairy","Corn-Alfalfa","Cultivated Crops","Cultivated Crops","No",,"Freeon silt loam heavy substratum","Slow-infiltration","Moderately well drained",5.3,0.12,2012,"Growing season",1,2,0,2,0,0,1,0,1,1,1,1,"Current crop",2,"Current pre-growing season + growing season",,
"USGS-450115092180101","WF2",0,0,0,"Non-Frozen","Storm","2012-16",1,2012-06-19 10:00:00,2012-06-19 13:45:00,4804,4.086,17.272,2.133,8.09752,73.152,60.96,44.704,24.384,12.192,648.6,6.226,630.9,6.056,0,1.016,30.988,46.99,512,154,22.9,44,13.2,1.97,0.077,0.0231,0.00345,0.64,0.192,0.0286,,,,,1012,6.7,291852,5.01712922988364,"Surface","Dairy","Corn-Alfalfa","Cultivated Crops","Cultivated Crops","No",,"Freeon silt loam heavy substratum","Slow-infiltration","Moderately well drained",5.3,0.12,2012,"Growing season",1,2,0,2,0,0,1,0,1,1,1,1,"Current crop",2,"Current pre-growing season + growing season",,
"USGS-450115092180101","WF2",0,0,0,"Non-Frozen","Storm","2012-17",1,2012-06-20 20:45:00,2012-06-21 01:30:00,9219,5.847,33.274,5.85,5.68706,88.392,77.724,61.976,43.688,26.162,1167,20.08,1158,19.92,0,17.526,48.514,55.626,162,93.2,13.9,60,34.5,5.15,0.098,0.0564,0.00842,0.32,0.184,0.0275,,,,,1013,6.7,291852,9.62800049340076,"Surface","Dairy","Corn-Alfalfa","Cultivated Crops","Cultivated Crops","No",,"Freeon silt loam heavy substratum","Slow-infiltration","Moderately well drained",5.3,0.12,2012,"Growing season",1,2,0,2,0,0,1,0,1,1,1,1,"Current crop",2,"Current pre-growing season + growing season",,
"USGS-450115092180101","WF2",0,0,0,"Non-Frozen","Storm","2012-22",1,2012-07-21 10:30:00,2012-07-21 17:45:00,7664,4.956,38.608,4.55,8.48614,57.912,53.34,48.768,45.72,25.654,1408,25.34,1370,24.67,0,0,18.542,55.626,301,144,21.5,62,29.7,4.43,0.462,0.221,0.033,0.853,0.408,0.0609,,,,,1014,6.7,291852,8.00401299288681,"Surface","Dairy","Corn-Alfalfa","Cultivated Crops","Cultivated Crops","No",,"Freeon silt loam heavy substratum","Slow-infiltration","Moderately well drained",5.3,0.12,2012,"Growing season",1,2,0,2,0,0,1,0,1,1,1,1,"Current crop",2,"Current pre-growing season + growing season",,
"USGS-450115092180101","WF2",0,0,0,"Non-Frozen","Storm","2013-8",1,2013-06-21 09:15:00,2013-06-21 19:00:00,15430,7.616,30.226,2.583,11.69924,140.208,103.632,74.168,38.608,23.876,1120,17.02,1112,16.9,0,0,21.844,44.196,216,208,31.1,494,476,71,9.79,9.43,1.41,10.9,10.5,1.57,,,,,1015,6.7,291852,16.1145512108877,"Surface","Dairy","Corn-Alfalfa","Cultivated Crops","Cultivated Crops","No",,"Freeon silt loam heavy substratum","Slow-infiltration","Moderately well drained",5.3,0.12,2013,"Growing season",1,0,0,0,0,0,1,1,1,1,1,1,"Current crop",0,"Current pre-growing season + growing season",,
"USGS-450115092180101","WF2",0,0,0,"Non-Frozen","Storm","2013-9",2,2013-06-22 01:45:00,2013-06-22 22:15:00,7747,1.115,20.066,9.867,2.033778,51.816,39.624,30.48,19.812,10.922,577.8,4.507,600.2,4.681,30.226,30.226,52.07,74.422,36.7,17.8,2.65,245,119,17.7,1.76,0.849,0.127,1.99,0.961,0.143,,,,,1016,6.7,291852,8.09069528391102,"Surface","Dairy","Corn-Alfalfa","Cultivated Crops","Cultivated Crops","No",,"Freeon silt loam heavy substratum","Slow-infiltration","Moderately well drained",5.3,0.12,2013,"Growing season",1,0,0,0,0,0,1,1,1,1,1,1,"Current crop",0,"Current pre-growing season + growing season",,
"USGS-450115092180101","WF2",0,0,0,"Frozen","Storm","2014-1",4,2014-03-29 18:00:00,2014-04-04 17:30:00,88310,0.928,1.778,9.3,0.1911858,6.096,4.572,3.048,2.54,1.524,34.04,0.03404,35.66,0.03566,0,0,5.334,5.334,6,32.5,4.85,69.7,384,57.4,0.43,2.37,0.354,0.525,2.89,0.432,"<",,,,1017,6.7,291852,92.2278689198635,"Surface","Dairy","Corn-Alfalfa","Cultivated Crops","Cultivated Crops","No",,"Freeon silt loam heavy substratum","Slow-infiltration","Moderately well drained",5.3,0.12,2014,"Pre-growing season",1,0,0,0,0,0,1,1,1,1,1,1,"Previous crop",0,"Current post-growing season + pre-growing season",1,"Yes"
"USGS-450115092180101","WF2",0,0,0,"Non-Frozen","Storm","2014-7",1,2014-05-08 21:30:00,2014-05-09 18:45:00,13350,3.036,26.67,3.817,6.98754,64.008,56.388,40.64,27.432,17.272,997.4,10.77,963.3,10.4,14.478,14.478,14.732,83.82,104,86.7,12.9,60,50,7.47,0.249,0.208,0.031,0.483,0.403,0.0601,,,,,1018,6.7,291852,13.9422721105218,"Surface","Dairy","Corn-Alfalfa","Cultivated Crops","Cultivated Crops","No",,"Freeon silt loam heavy substratum","Slow-infiltration","Moderately well drained",5.3,0.12,2014,"Pre-growing season",1,0,0,0,0,0,1,1,1,1,1,1,"Previous crop",0,"Current post-growing season + pre-growing season",1,"Yes"
"USGS-450115092180101","WF2",0,0,0,"Non-Frozen","Storm","2014-8",1,2014-05-12 05:30:00,2014-05-13 18:45:00,10900,1.198,29.972,30.47,0.983742,21.336,16.764,14.224,11.176,7.874,760.5,3.346,816,3.59,0.254,0.254,41.402,87.376,19,12.9,1.93,80,54.4,8.12,0.253,0.172,0.0257,0.37,0.252,0.0376,,,,,1019,6.7,291852,11.3835779778792,"Surface","Dairy","Corn-Alfalfa","Cultivated Crops","Cultivated Crops","No",,"Freeon silt loam heavy substratum","Slow-infiltration","Moderately well drained",5.3,0.12,2014,"Pre-growing season",1,0,0,0,0,0,1,1,1,1,1,1,"Previous crop",0,"Current post-growing season + pre-growing season",1,"Yes"
"USGS-450115092180101","WF2",0,0,0,"Non-Frozen","Storm","2014-9",1,2014-05-19 18:30:00,2014-05-20 18:00:00,39460,3.779,61.468,8.167,7.52602,36.576,25.908,22.352,21.336,19.05,1996,16.77,1984,16.67,0,0,4.572,71.374,19,46.8,6.99,26,64,9.56,0.2,0.493,0.0735,0.277,0.682,0.102,,,,,1020,6.7,291852,41.2106410098269,"Surface","Dairy","Corn-Alfalfa","Cultivated Crops","Cultivated Crops","No",,"Freeon silt loam heavy substratum","Slow-infiltration","Moderately well drained",5.3,0.12,2014,"Pre-growing season",1,0,0,0,0,0,1,1,1,1,1,1,"Previous crop",0,"Current post-growing season + pre-growing season",1,"Yes"
"USGS-450115092180101","WF2",0,0,0,"Non-Frozen","Storm","2014-10",1,2014-06-01 08:30:00,2014-06-02 07:00:00,53220,18.74,93.726,23.68,3.95732,121.92,115.824,111.76,80.264,44.704,3626,114.6,3509,110.9,7.112,7.112,18.288,79.756,13,43.2,6.45,64,213,31.7,0.131,0.435,0.065,0.187,0.621,0.0927,,,,,1021,6.7,291852,55.5811027507093,"Surface","Dairy","Corn-Alfalfa","Cultivated Crops","Cultivated Crops","No",,"Freeon silt loam heavy substratum","Slow-infiltration","Moderately well drained",5.3,0.12,2014,"Growing season",1,0,0,0,0,0,1,1,1,1,1,1,"Current crop",0,"Current pre-growing season + growing season",,
"USGS-450115092180101","WF2",0,0,0,"Non-Frozen","Storm","2014-11",1,2014-06-07 11:45:00,2014-06-08 11:45:00,15430,1.558,32.766,8.6,3.81,54.864,42.672,38.608,24.384,15.24,1012,9.718,1023,9.82,0,10.668,113.284,124.46,41,39.5,5.89,202,195,29,0.578,0.557,0.0831,0.863,0.831,0.124,,,,,1022,6.7,291852,16.1145512108877,"Surface","Dairy","Corn-Alfalfa","Cultivated Crops","Cultivated Crops","No",,"Freeon silt loam heavy substratum","Slow-infiltration","Moderately well drained",5.3,0.12,2014,"Growing season",1,0,0,0,0,0,1,1,1,1,1,1,"Current crop",0,"Current pre-growing season + growing season",,
"USGS-450115092180101","WF2",0,0,0,"Non-Frozen","Storm","2014-12",1,2014-06-15 02:45:00,2014-06-15 22:30:00,55080,3.737,69.85,10.72,6.51764,42.672,32.004,31.496,24.384,16.51,2173,20.87,2208,21.19,2.54,2.54,5.08,144.78,5,17.2,2.57,138,475,70.8,2.55,8.77,1.31,2.8,9.63,1.44,,,,,1023,6.7,291852,57.5236215616134,"Surface","Dairy","Corn-Alfalfa","Cultivated Crops","Cultivated Crops","No",,"Freeon silt loam heavy substratum","Slow-infiltration","Moderately well drained",5.3,0.12,2014,"Growing season",1,0,0,0,0,0,1,1,1,1,1,1,"Current crop",0,"Current pre-growing season + growing season",,
"USGS-450115092180101","WF2",0,0,0,"Non-Frozen","Storm","2014-15",1,2014-06-19 11:00:00,2014-06-20 10:00:00,32760,2.265,32.766,6.35,5.15874,24.384,21.336,18.288,11.684,10.414,889.4,4.091,953.2,4.385,5.588,17.78,103.886,149.86,3,6.13,0.916,102,209,31.1,0.498,1.02,0.152,0.614,1.26,0.187,,,,,1024,6.7,291852,34.2133958307635,"Surface","Dairy","Corn-Alfalfa","Cultivated Crops","Cultivated Crops","No",,"Freeon silt loam heavy substratum","Slow-infiltration","Moderately well drained",5.3,0.12,2014,"Growing season",1,0,0,0,0,0,1,1,1,1,1,1,"Current crop",0,"Current pre-growing season + growing season",,
"USGS-450115092180101","WF2",0,0,0,"Non-Frozen","Storm","2014-17",1,2014-06-29,2014-06-29 17:30:00,19910,6.478,27.432,8.267,3.31724,79.248,64.008,61.976,41.148,21.59,989.2,16.03,967.6,15.68,0,4.064,35.56,169.672,7,8.7,1.3,84,104,15.6,0.365,0.454,0.0677,0.473,0.588,0.0878,,,,,1025,6.7,291852,20.7933061962913,"Surface","Dairy","Corn-Alfalfa","Cultivated Crops","Cultivated Crops","No",,"Freeon silt loam heavy substratum","Slow-infiltration","Moderately well drained",5.3,0.12,2014,"Growing season",1,0,0,0,0,0,1,1,1,1,1,1,"Current crop",0,"Current pre-growing season + growing season",,
"USGS-450115092180101","WF2",0,0,0,"Non-Frozen","Storm","2014-19",1,2014-07-12 19:30:00,2014-07-13 00:30:00,18940,11.76,32.004,3.767,8.4963,152.4,121.92,95.504,52.324,28.702,1247,25.68,1221,25.16,0,3.302,24.384,55.372,10,11.8,1.76,44,52,7.76,0.165,0.195,0.0291,0.261,0.309,0.0461,,,,,1026,6.7,291852,19.7802721927552,"Surface","Dairy","Corn-Alfalfa","Cultivated Crops","Cultivated Crops","No",,"Freeon silt loam heavy substratum","Slow-infiltration","Moderately well drained",5.3,0.12,2014,"Growing season",1,0,0,0,0,0,1,1,1,1,1,1,"Current crop",0,"Current pre-growing season + growing season",,
"USGS-450115092180101","WF2",0,0,0,"Non-Frozen","Storm","2014-20",1,2014-08-30,2014-08-30 11:45:00,12020,2.928,73.66,12.53,5.87756,70.104,53.34,45.72,32.512,25.146,2478,31.72,2466,31.56,10.922,11.176,17.018,48.006,3,2.25,0.336,82,61.5,9.19,0.759,0.57,0.085,0.84,0.63,0.0941,,,,,1027,6.7,291852,12.5532667242301,"Surface","Dairy","Corn-Alfalfa","Cultivated Crops","Cultivated Crops","No",,"Freeon silt loam heavy substratum","Slow-infiltration","Moderately well drained",5.3,0.12,2014,"Growing season",1,0,0,0,0,0,1,1,1,1,1,1,"Current crop",0,"Current pre-growing season + growing season",,
"USGS-450115092180101","WF2",0,0,0,"Non-Frozen","Storm","2014-21",1,2014-09-04 02:00:00,2014-09-04 09:15:00,14240,7.12,30.734,1.717,17.90446,103.632,86.868,74.168,55.372,28.956,1241,27.05,1212,26.43,4.318,4.318,108.204,118.364,100,88.9,13.3,66,58.7,8.76,0.858,0.763,0.114,1.27,1.13,0.168,,,,,1028,6.7,291852,14.8717569178899,"Surface","Dairy","Corn-Alfalfa","Cultivated Crops","Cultivated Crops","No",,"Freeon silt loam heavy substratum","Slow-infiltration","Moderately well drained",5.3,0.12,2014,"Growing season",1,0,0,0,0,0,1,1,1,1,1,1,"Current crop",0,"Current pre-growing season + growing season",,
"USGS-450115092180101","WF2",1,0,0,"Non-Frozen","Storm","2015-3",1,2015-06-07 06:15:00,2015-06-07 10:00:00,364.3,0.1245,17.272,2.433,7.0993,45.72,32.004,28.448,21.336,14.224,581.8,4.887,573.7,4.819,0,0,17.526,55.626,806,18.3,2.74,176,4,0.597,0.452,0.0103,0.00153,1.8,0.0409,0.00611,,,,,1029,6.7,291852,0.380462152049669,"Surface","Dairy","Corn-Alfalfa","Cultivated Crops","Cultivated Crops","No",,"Freeon silt loam heavy substratum","Slow-infiltration","Moderately well drained",5.3,0.12,2015,"Growing season",1,2,0,2,0,0,1,1,0,1,1,0,"Current crop",2,"Current pre-growing season + growing season",,
"USGS-450115092180101","WF2",0,0,0,"Non-Frozen","Storm","2015-5",2,2015-07-06 08:45:00,2015-07-07 07:00:00,22560,4.583,86.106,11.82,7.28726,88.392,68.58,65.024,47.244,37.338,3083,57.34,3015,56.08,0,0,5.842,51.054,174,245,36.6,646,909,136,0.251,0.354,0.0528,0.537,0.755,0.113,,,,,1030,6.7,291852,23.5608733193536,"Surface","Dairy","Corn-Alfalfa","Cultivated Crops","Cultivated Crops","No",,"Freeon silt loam heavy substratum","Slow-infiltration","Moderately well drained",5.3,0.12,2015,"Growing season",1,2,0,2,0,0,1,1,0,1,1,0,"Current crop",2,"Current pre-growing season + growing season",,
"USGS-450115092180101","WF2",0,0,0,"Non-Frozen","Storm","2015-6",1,2015-07-13 04:15:00,2015-07-13 17:30:00,4934,0.684,45.212,5.883,7.6835,57.912,51.816,48.768,46.736,32.512,1737,31.96,1643,30.24,0,0,86.106,91.948,32,9.86,1.47,290,89.3,13.3,0.475,0.146,0.0218,0.632,0.195,0.0291,,,,,1031,6.7,291852,5.15289667365651,"Surface","Dairy","Corn-Alfalfa","Cultivated Crops","Cultivated Crops","No",,"Freeon silt loam heavy substratum","Slow-infiltration","Moderately well drained",5.3,0.12,2015,"Growing season",1,2,0,2,0,0,1,1,0,1,1,0,"Current crop",2,"Current pre-growing season + growing season",,
"USGS-450115092180101","WF2",0,0,0,"Non-Frozen","Storm","2015-9",1,2015-08-18 20:45:00,2015-08-19 16:30:00,9947,4.512,90.932,18.77,4.84632,64.008,54.864,50.8,39.116,28.702,3123,48.09,3063,47.17,0.254,3.302,3.302,32.258,358,222,33.2,112,69.6,10.4,0.2,0.124,0.0185,0.591,0.367,0.0548,,,,,1032,6.7,291852,10.3882981785288,"Surface","Dairy","Corn-Alfalfa","Cultivated Crops","Cultivated Crops","No",,"Freeon silt loam heavy substratum","Slow-infiltration","Moderately well drained",5.3,0.12,2015,"Growing season",1,2,0,2,0,0,1,1,0,1,1,0,"Current crop",2,"Current pre-growing season + growing season",,
"USGS-450115092180101","WF2",0,0,0,"Non-Frozen","Storm","2016-1",1,2015-10-31 07:45:00,2015-11-03 16:15:00,8417,0.1749,12.192,10.95,1.113536,3.048,3.048,3.048,2.032,1.778,191.3,0.153,233.2,0.1865,0,6.858,32.766,37.338,11,5.78,0.863,348,183,27.3,0.419,0.22,0.0329,0.506,0.266,0.0397,,,,,1033,6.7,291852,8.79041980181736,"Surface","Dairy","Corn-Alfalfa","Cultivated Crops","Cultivated Crops","No",,"Freeon silt loam heavy substratum","Slow-infiltration","Moderately well drained",5.3,0.12,2016,"Post-growing season",1,2,0,2,0,0,1,0,0,1,1,0,"Previous crop",0,"Previous growing season + current post-growing season",1,"Yes"
"USGS-450115092180101","WF2",0,0,0,"Non-Frozen","Storm","2016-2",1,2015-11-12 01:00:00,2015-11-13 12:15:00,59270,2.485,52.324,26.68,1.96088,24.384,15.24,11.176,9.144,7.62,1249,4.496,1408,5.07,0,0,4.572,23.876,47,174,26,215,795,119,0.223,0.825,0.123,0.529,1.96,0.292,,,,,1034,6.7,291852,61.8995107109083,"Surface","Dairy","Corn-Alfalfa","Cultivated Crops","Cultivated Crops","No",,"Freeon silt loam heavy substratum","Slow-infiltration","Moderately well drained",5.3,0.12,2016,"Post-growing season",1,2,0,2,0,0,1,0,0,1,1,0,"Previous crop",0,"Previous growing season + current post-growing season",1,"Yes"
"USGS-450115092180101","WF2",0,0,0,"Non-Frozen","Storm","2016-3",1,2015-11-16 17:00:00,2015-11-19 18:30:00,25730,0.5574,26.67,65.47,0.407416,12.192,9.144,8.128,5.588,3.302,514.5,1.132,563.6,1.24,0,0,52.324,56.896,7,11.2,1.68,350,562,83.9,0.107,0.172,0.0256,0.197,0.316,0.0472,,,,,1035,6.7,291852,26.8715102175075,"Surface","Dairy","Corn-Alfalfa","Cultivated Crops","Cultivated Crops","No",,"Freeon silt loam heavy substratum","Slow-infiltration","Moderately well drained",5.3,0.12,2016,"Post-growing season",1,2,0,2,0,0,1,0,0,1,1,0,"Previous crop",0,"Previous growing season + current post-growing season",1,"Yes"
"USGS-450115092180101","WF2",0,0,0,"Frozen","Storm","2016-7",3,2016-03-06 19:00:00,2016-03-11 02:15:00,59880,1.021,0,,,,,,,,,,,,0,0.508,0.762,1.27,19,69.7,10.4,134,500,74.7,0.137,0.511,0.0763,0.223,0.832,0.124,"<",,,,1036,6.7,291852,62.5365733316887,"Surface","Dairy","Corn-Alfalfa","Cultivated Crops","Cultivated Crops","No",,"Freeon silt loam heavy substratum","Slow-infiltration","Moderately well drained",5.3,0.12,2016,"Pre-growing season",1,2,0,2,0,0,1,0,0,1,1,0,"Previous crop",2,"Current post-growing season + pre-growing season",1,"Yes"
"USGS-450115092180101","WF2",0,0,0,"Non-Frozen","Storm","2016-8",2,2016-03-15 13:00:00,2016-03-19 04:45:00,42860,0.8432,38.608,28.57,1.351534,21.336,12.192,8.128,6.096,4.318,762.2,1.829,896.9,2.153,0.254,0.254,0.254,0.762,8.5,22.6,3.37,176,472,70.5,0.079,0.211,0.0314,0.157,0.42,0.0627,,,,,1037,6.7,291852,44.7614818469635,"Surface","Dairy","Corn-Alfalfa","Cultivated Crops","Cultivated Crops","No",,"Freeon silt loam heavy substratum","Slow-infiltration","Moderately well drained",5.3,0.12,2016,"Pre-growing season",1,2,0,2,0,0,1,0,0,1,1,0,"Previous crop",2,"Current post-growing season + pre-growing season",1,"Yes"
"USGS-450115092180101","WF2",0,0,0,"Non-Frozen","Storm","2016-10",2,2016-03-30 12:15:00,2016-04-01 20:45:00,10920,0.564,17.272,53.37,0.323596,9.144,7.62,6.096,5.08,3.302,310.6,0.6211,352.3,0.7047,0,0,6.35,19.05,18.6,12.6,1.89,159,108,16.2,0.074,0.0507,0.00756,0.169,0.115,0.0172,,,,,1038,6.7,291852,11.4044652769212,"Surface","Dairy","Corn-Alfalfa","Cultivated Crops","Cultivated Crops","No",,"Freeon silt loam heavy substratum","Slow-infiltration","Moderately well drained",5.3,0.12,2016,"Pre-growing season",1,2,0,2,0,0,1,0,0,1,1,0,"Previous crop",2,"Current post-growing season + pre-growing season",1,"Yes"
"USGS-450115092180101","WF2",0,0,0,"Non-Frozen","Storm","2016-12",1,2016-08-11 10:00:00,2016-08-11 14:45:00,6106,1.675,65.532,9.55,6.86308,76.2,59.436,61.976,40.64,22.098,2126,34.01,2156,34.5,0,0,20.574,20.574,15,5.72,0.853,248,94.5,14.1,0.537,0.205,0.0306,0.66,0.252,0.0375,,,,,1039,6.7,291852,6.37689239751655,"Surface","Dairy","Corn-Alfalfa","Cultivated Crops","Cultivated Crops","No",,"Freeon silt loam heavy substratum","Slow-infiltration","Moderately well drained",5.3,0.12,2016,"Growing season",1,2,0,2,0,0,1,0,0,1,1,0,"Current crop",2,"Current pre-growing season + growing season",,
"USGS-450115092180101","WF2",0,0,0,"Non-Frozen","Storm","2016-13",1,2016-09-06 11:45:00,2016-09-07 10:15:00,19330,8.53,62.23,16.93,3.67538,134.112,111.252,89.408,52.832,29.718,2219,46.15,2199,45.74,7.62,8.382,8.382,24.638,81,97.7,14.6,176,212,31.7,0.369,0.445,0.0664,0.563,0.679,0.101,,,,,1040,6.7,291852,20.1875745240738,"Surface","Dairy","Corn-Alfalfa","Cultivated Crops","Cultivated Crops","No",,"Freeon silt loam heavy substratum","Slow-infiltration","Moderately well drained",5.3,0.12,2016,"Growing season",1,2,0,2,0,0,1,0,0,1,1,0,"Current crop",2,"Current pre-growing season + growing season",,
"USGS-450115092180101","WF2",0,0,0,"Non-Frozen","Storm","2016-15",1,2016-09-21 23:15:00,2016-09-23 02:45:00,53270,9.184,50.292,10.4,4.83616,94.488,80.772,58.928,38.608,23.876,1626,24.72,1644,24.99,13.208,13.208,43.688,44.704,184,612,91.3,174,579,86.4,0.218,0.725,0.108,0.607,2.02,0.301,,,,,1041,6.7,291852,55.6333209983142,"Surface","Dairy","Corn-Alfalfa","Cultivated Crops","Cultivated Crops","No",,"Freeon silt loam heavy substratum","Slow-infiltration","Moderately well drained",5.3,0.12,2016,"Growing season",1,2,0,2,0,0,1,0,0,1,1,0,"Current crop",2,"Current pre-growing season + growing season",,
"USGS-450115092180101","WF2",0,0,0,"Non-Frozen","Storm","2017-6",1,2017-04-15 10:45:00,2017-04-15 20:15:00,3209,0.1798,9.398,6.683,1.406144,15.24,9.144,6.096,3.556,2.54,176.4,0.2469,206.5,0.289,5.08,5.08,26.416,33.274,13,2.6,0.389,224,44.9,6.7,0.27,0.0541,0.00807,0.365,0.0731,0.0109,,,,,1042,6.7,291852,3.35136713128572,"Surface","Dairy","Corn-Alfalfa","Cultivated Crops","Cultivated Crops","No",,"Freeon silt loam heavy substratum","Slow-infiltration","Moderately well drained",5.3,0.12,2017,"Pre-growing season",1,1,0,1,0,0,1,0,0,1,1,0,"Previous crop",1,"Current post-growing season + pre-growing season",1,"Yes"
"USGS-450115092180101","WF2",0,0,0,"Non-Frozen","Storm","2017-7",1,2017-04-16 01:15:00,2017-04-16 09:30:00,5489,0.669,6.858,1.933,3.54838,64.008,33.528,23.368,12.7,6.35,256.2,1.281,250.4,1.252,13.716,14.478,35.814,42.672,68,23.3,3.48,172,58.9,8.8,0.251,0.086,0.0128,0.504,0.173,0.0258,,,,,1043,6.7,291852,5.73251922207146,"Surface","Dairy","Corn-Alfalfa","Cultivated Crops","Cultivated Crops","No",,"Freeon silt loam heavy substratum","Slow-infiltration","Moderately well drained",5.3,0.12,2017,"Pre-growing season",1,1,0,1,0,0,1,0,0,1,1,0,"Previous crop",1,"Current post-growing season + pre-growing season",1,"Yes"
"USGS-450115092180101","WF2",0,0,0,"Non-Frozen","Storm","2017-8",1,2017-04-20 00:30:00,2017-04-20 19:00:00,9345,0.457,19.05,19.45,0.979424,15.24,12.192,9.144,6.604,5.334,421.3,1.095,459.7,1.195,0,2.794,26.67,45.466,20,11.7,1.74,164,95.7,14.3,0.165,0.0963,0.0144,0.296,0.173,0.0258,,,,,1044,6.7,291852,9.75959047736524,"Surface","Dairy","Corn-Alfalfa","Cultivated Crops","Cultivated Crops","No",,"Freeon silt loam heavy substratum","Slow-infiltration","Moderately well drained",5.3,0.12,2017,"Pre-growing season",1,1,0,1,0,0,1,0,0,1,1,0,"Previous crop",1,"Current post-growing season + pre-growing season",1,"Yes"
"USGS-450115092180101","WF2",0,0,0,"Non-Frozen","Storm","2017-9",1,2017-05-01 05:30:00,2017-05-02 05:30:00,10650,0.3828,24.892,24.28,1.025144,21.336,18.288,18.288,16.256,12.192,639.3,4.091,657.6,4.209,0.508,0.508,17.78,39.878,23,15.3,2.28,132,87.7,13.1,0.148,0.0984,0.0147,0.27,0.179,0.0268,,,,,1045,6.7,291852,11.1224867398544,"Surface","Dairy","Corn-Alfalfa","Cultivated Crops","Cultivated Crops","No",,"Freeon silt loam heavy substratum","Slow-infiltration","Moderately well drained",5.3,0.12,2017,"Pre-growing season",1,1,0,1,0,0,1,0,0,1,1,0,"Previous crop",1,"Current post-growing season + pre-growing season",1,"Yes"
"USGS-450115092180101","WF2",0,0,0,"Non-Frozen","Storm","2017-10",1,2017-05-17 06:15:00,2017-05-17 18:15:00,11660,0.8404,21.844,12.37,1.766316,60.96,41.148,31.496,17.78,11.684,619.4,4.336,646.7,4.527,16.002,22.86,22.86,34.29,99,72.1,10.8,174,127,18.9,0.227,0.165,0.0247,0.522,0.38,0.0567,,,,,1046,6.7,291852,12.1772953414744,"Surface","Dairy","Corn-Alfalfa","Cultivated Crops","Cultivated Crops","No",,"Freeon silt loam heavy substratum","Slow-infiltration","Moderately well drained",5.3,0.12,2017,"Pre-growing season",1,1,0,1,0,0,1,0,0,1,1,0,"Previous crop",1,"Current post-growing season + pre-growing season",1,"Yes"
"USGS-450115092180101","WF2",0,0,0,"Non-Frozen","Storm","2017-11",1,2017-05-17 21:45:00,2017-05-18 15:45:00,51770,15.92,43.688,14.32,3.05054,134.112,97.536,74.168,37.592,19.812,1392,20.61,1425,21.1,23.114,37.846,44.704,56.134,4260,13800,2060,112,362,54,0.072,0.233,0.0347,3.52,11.4,1.7,,,,,1047,6.7,291852,54.0667735701657,"Surface","Dairy","Corn-Alfalfa","Cultivated Crops","Cultivated Crops","No",,"Freeon silt loam heavy substratum","Slow-infiltration","Moderately well drained",5.3,0.12,2017,"Pre-growing season",1,1,0,1,0,0,1,0,0,1,1,0,"Previous crop",1,"Current post-growing season + pre-growing season",1,"Yes"
"USGS-450115092180101","WF2",0,0,0,"Non-Frozen","Storm","2017-12",1,2017-05-20 18:15:00,2017-05-21 03:45:00,9706,1.085,18.034,13.07,1.380236,9.144,6.096,5.08,4.064,3.556,335.2,0.5363,411.9,0.659,0,0,88.392,99.822,483,293,43.7,96,58.2,8.68,0.054,0.0327,0.00488,0.686,0.416,0.062,,,,,1048,6.7,291852,10.136606225073,"Surface","Dairy","Corn-Alfalfa","Cultivated Crops","Cultivated Crops","No",,"Freeon silt loam heavy substratum","Slow-infiltration","Moderately well drained",5.3,0.12,2017,"Pre-growing season",1,1,0,1,0,0,1,0,0,1,1,0,"Previous crop",1,"Current post-growing season + pre-growing season",1,"Yes"
"USGS-450115092180101","WF2",0,0,0,"Non-Frozen","Storm","2017-16",1,2017-07-01 05:30:00,2017-07-01 08:00:00,7091,4.206,31.496,1.35,23.3299,88.392,76.2,70.104,45.212,29.21,1245,22.16,1208,21.49,9.398,9.398,17.526,54.102,2030,900,134,72,31.9,4.76,0.06,0.0266,0.00396,2.04,0.903,0.135,,,,,1049,6.7,291852,7.40559187533407,"Surface","Dairy","Corn-Alfalfa","Cultivated Crops","Cultivated Crops","No",,"Freeon silt loam heavy substratum","Slow-infiltration","Moderately well drained",5.3,0.12,2017,"Growing season",1,1,0,1,0,0,1,0,0,1,1,0,"Current crop",1,"Current pre-growing season + growing season",,
"USGS-450115092180101","WF2",0,0,0,"Non-Frozen","Storm","2017-17",1,2017-07-12 07:45:00,2017-07-12 09:30:00,31380,17.94,57.658,0.65,88.6968,140.208,112.776,110.744,103.632,57.658,2482,101.2,2410,98.33,0,0,10.922,57.404,1900,3710,554,64,125,18.7,0.097,0.19,0.0284,1.49,2.92,0.436,,,,,1050,6.7,291852,32.7721721968669,"Surface","Dairy","Corn-Alfalfa","Cultivated Crops","Cultivated Crops","No",,"Freeon silt loam heavy substratum","Slow-infiltration","Moderately well drained",5.3,0.12,2017,"Growing season",1,1,0,1,0,0,1,0,0,1,1,0,"Current crop",1,"Current pre-growing season + growing season",,
